Date,Time_series_momentum_1M,Time_series_momentum_1M_w_asset_stop,Time_series_momentum_2M,Time_series_momentum_2M_w_asset_stop,Time_series_momentum_3M,Time_series_momentum_3M_w_asset_stop,Vol_adj_time_series_momentum_1M,Vol_adj_time_series_momentum_1M_w_asset_stop,Vol_adj_time_series_momentum_2M,Vol_adj_time_series_momentum_2M_w_asset_stop,Vol_adj_time_series_momentum_3M,Vol_adj_time_series_momentum_3M_w_asset_stop,Wei_adj_time_series_momentum_1M,Wei_adj_time_series_momentum_1M_w_asset_stop,Wei_adj_time_series_momentum_2M,Wei_adj_time_series_momentum_2M_w_asset_stop,Wei_adj_time_series_momentum_3M,Wei_adj_time_series_momentum_3M_w_asset_stop,Benchmark(0050.TW),Benchmark(SPY)
2022-01-03,-0.0018466635078420693,-0.0018466635078420693,-0.0024774466178814833,-0.0024774466178814833,-0.0012356367121356582,-0.0012356367121356582,-0.0015839990867376986,-0.0015839990867376986,-0.0016759641485590878,-0.0016759641485590878,-0.0014780965608239222,-0.0014780965608239222,-0.0015839990867376986,-0.0015839990867376986,-0.0016759641485590878,-0.0016759641485590878,-0.0013726920734299277,-0.0013726920734299277,0.006185525061748187,0.005789961364061735
2022-01-04,0.011683449680436268,0.011683449680436268,0.008081147230425773,0.008081147230425773,0.00957689446493764,0.00957689446493764,0.00981519886788776,0.00981519886788776,0.006669386715147197,0.006669386715147197,0.005517133501604073,0.005517133501604073,0.00981519886788776,0.00981519886788776,0.006669386715147197,0.006669386715147197,0.005464373601141918,0.005464373601141918,0.021858007789903988,-0.00033493890638969237
2022-01-05,-0.0031889060006067864,-0.0031889060006067864,-0.0038045692578747917,-0.0038045692578747917,-0.0024728414942535052,-0.0024728414942535052,-0.0028611285447447486,-0.0028611285447447486,-0.0037887789941287806,-0.0037887789941287806,-0.0020724002837370793,-0.0020724002837370793,-0.0028611285447447486,-0.0028611285447447486,-0.0037887789941287806,-0.0037887789941287806,-0.00195638511751046,-0.00195638511751046,-0.002005367911216749,-0.019202142486770768
2022-01-06,-0.010265878685184651,-0.010265878685184651,-0.008914807191442317,-0.008914807191442317,-0.009146606292847113,-0.009146606292847113,-0.007977622672120837,-0.007977622672120837,-0.00804822862986383,-0.00804822862986383,-0.005374053533880883,-0.005374053533880883,-0.007977622672120837,-0.007977622672120837,-0.00804822862986383,-0.00804822862986383,-0.005300131316069682,-0.005300131316069682,-0.009377154230787887,-0.0009394133755055156
2022-01-07,-0.002597840159052751,-0.002597840159052751,-0.0010748249486645656,-0.0010748249486645656,-0.002903409777282797,-0.002903409777282797,-0.0038092483352527057,-0.0038092483352527057,-0.0020945155087627623,-0.0020945155087627623,-0.002751323016749025,-0.002751323016749025,-0.0038092483352527057,-0.0038092483352527057,-0.0020945155087627623,-0.0020945155087627623,-0.0027301885087030976,-0.0027301885087030976,-0.008789640612687388,-0.003953511334494841
2022-01-10,0.0008203851327763274,0.0008203851327763274,0.0003576195118187575,0.0003576195118187575,0.0007424438121185261,0.0007424438121185261,0.0013506814284133513,0.0013506814284133513,0.0005953511909643616,0.0005953511909643616,0.000630224132890363,0.000630224132890363,0.0013506814284133513,0.0013506814284133513,0.0005953511909643616,0.0005953511909643616,0.0006830848888464191,0.0006830848888464191,0.006480197194339787,-0.001244366059822366
2022-01-11,0.0025937073653768557,0.0025937073653768557,0.002868603601288211,0.002868603601288211,0.002524171686006358,0.002524171686006358,0.003473538519906007,0.003473538519906007,0.0034718162379941114,0.0034718162379941114,0.0023687013138131343,0.0023687013138131343,0.003473538519906007,0.003473538519906007,0.0034718162379941114,0.0034718162379941114,0.002336969482955768,0.002336969482955768,0.005083022599036591,0.009108268663244656
2022-01-12,0.007538282714062329,0.007538282714062329,0.007697226064477501,0.007697226064477501,0.006699336219625515,0.006699336219625515,0.0056416507289302085,0.0056416507289302085,0.006211283970351355,0.006211283970351355,0.0033736493594701137,0.0033736493594701137,0.0056416507289302085,0.0056416507289302085,0.006211283970351355,0.006211283970351355,0.003405370026773734,0.003405370026773734,0.008428860244620084,0.002703542338843734
2022-01-13,0.0056250818802010254,0.0056250818802010254,0.005753074975611998,0.005753074975611998,0.005205210919899647,0.005205210919899647,0.004464659256238239,0.004464659256238239,0.004528594394907319,0.004528594394907319,0.0032558034292584893,0.0032558034292584893,0.004464659256238239,0.004464659256238239,0.004528594394907319,0.004528594394907319,0.003213491631398566,0.003213491631398566,0.005015045033067933,-0.013778587715492119
2022-01-14,-0.007413637197681253,-0.007413637197681253,-0.00814635850040727,-0.00814635850040727,-0.006548543946582937,-0.006548543946582937,-0.005517469130677754,-0.005517469130677754,-0.00701146583138319,-0.00701146583138319,-0.004226933706124792,-0.004226933706124792,-0.005517469130677754,-0.005517469130677754,-0.00701146583138319,-0.00701146583138319,-0.004110632856513539,-0.004110632856513539,0.0,0.0004090208208415991
2022-01-17,0.00776263591167267,0.00776263591167267,0.005579173143799472,0.005579173143799472,0.0065746806675596545,0.0065746806675596545,0.005673458484315851,0.005673458484315851,0.002948950159584563,0.002948950159584563,0.003072803170375014,0.003072803170375014,0.005673458484315851,0.005673458484315851,0.002948950159584563,0.002948950159584563,0.003072803170375014,0.003072803170375014,0.01131069137541374,
2022-01-18,-0.005866191742988477,-0.005866191742988477,-0.005110570242992595,-0.005110570242992595,-0.004820929270273877,-0.004820929270273877,-0.005613602782231976,-0.005613602782231976,-0.0047975895946692155,-0.0047975895946692155,-0.0035381281130917796,-0.0035381281130917796,-0.005613602782231976,-0.005613602782231976,-0.0047975895946692155,-0.0047975895946692155,-0.0034005078078825626,-0.0034005078078825626,-0.011184190448961795,-0.017709612163689825
2022-01-19,-0.008663475861952409,-0.008663475861952409,-0.007447792162662142,-0.007447792162662142,-0.007918980259874375,-0.007918980259874375,-0.007715367319718641,-0.007715367319718641,-0.007613164744461027,-0.007613164744461027,-0.005033338007843996,-0.005033338007843996,-0.007715367319718641,-0.007715367319718641,-0.007613164744461027,-0.007613164744461027,-0.0050757493145274675,-0.0050757493145274675,-0.011976067965467463,-0.010383557878106742
2022-01-20,0.0018402907507655913,0.0018402907507655913,0.0027847278914122364,0.0027847278914122364,0.0024276332569203737,0.0024276332569203737,0.000876794545371911,0.000876794545371911,0.0018076187516029045,0.0018076187516029045,0.0012308526603898265,0.0012308526603898265,0.000876794545371911,0.000876794545371911,0.0018076187516029045,0.0018076187516029045,0.0012520523864191372,0.0012520523864191372,0.004040445141519466,-0.011068068622025473
2022-01-21,-0.016512376348964568,-0.016512376348964568,-0.014657178742673655,-0.014657178742673655,-0.01483847238065178,-0.01483847238065178,-0.012530571382351991,-0.012530571382351991,-0.012169429652111858,-0.012169429652111858,-0.008644154940232122,-0.008644154940232122,-0.012530571382351991,-0.012530571382351991,-0.012169429652111858,-0.012169429652111858,-0.008718355256889082,-0.008718355256889082,-0.02179753235405548,-0.01963064132886827
2022-01-24,0.0030263305391678343,0.0030263305391678343,0.0013818511351863585,0.0013818511351863585,0.0023624823060490537,0.0023624823060490537,0.0027038624836865197,0.0027038624836865197,0.0001264369331091082,0.0001264369331091082,0.0013793506998339249,0.0013793506998339249,0.0027038624836865197,0.0027038624836865197,0.0001264369331091082,0.0001264369331091082,0.0013263905909493214,0.0013263905909493214,0.009463765589049267,0.004246735706896265
2022-01-25,-0.015413833609490715,-0.015413833609490715,-0.014340157745562077,-0.014340157745562077,-0.013730466155559697,-0.013730466155559697,-0.012424593738991432,-0.012424593738991432,-0.011921635042750966,-0.011921635042750966,-0.008393514153601931,-0.008393514153601931,-0.012424593738991432,-0.012424593738991432,-0.011921635042750966,-0.011921635042750966,-0.008351172552917849,-0.008351172552917849,-0.016319486829969643,-0.012208974085799573
2022-01-26,-0.0009693005739879774,-0.00042243540198990456,-0.000747158403521686,-9.775601177397492e-05,-0.0006839027571622811,-0.00021161010861849117,-0.0012206687084294838,-0.0009069281111835788,-0.001022423492620996,-0.00043081029419937537,-0.001166241537813804,-0.0009434547772007855,-0.0012206687084294838,-0.0009069281111835788,-0.001022423492620996,-0.00043081029419937537,-0.0010073879558426184,-0.0007846011952296002,-0.0007059008050479543,-0.0025087953939929575
2022-01-27,0.001077970385974832,0.001077970385974832,0.0012800898333451133,0.0012800898333451133,0.0008935370270258258,0.0008935370270258258,0.00039607928879175107,0.00039607928879175107,0.0005250642117648836,0.0005250642117648836,0.00012089792926803206,0.00012089792926803206,0.00039607928879175107,0.00039607928879175107,0.0005250642117648836,0.0005250642117648836,0.00019515935899302398,0.00019515935899302398,,-0.004937963506221665
2022-01-28,0.0003475928218691418,0.0003475928218691418,0.0004127664759696059,0.0004127664759696059,0.0003162510417147324,0.0003162510417147324,0.0006466634696337461,0.0006466634696337461,0.0005584918050016018,0.0005584918050016018,0.0004768048102760938,0.0004768048102760938,0.0006466634696337461,0.0006466634696337461,0.0005584918050016018,0.0005584918050016018,0.00044495340598008494,0.00044495340598008494,,0.024835410015744186
2022-01-31,-0.00023495409354834518,-0.00023495409354834518,-0.0002790079860886599,-0.0002790079860886599,-0.00020291489897357083,-0.00020291489897357083,-8.855416328410928e-05,-8.855416328410928e-05,-9.101310000392408e-05,-9.101310000392408e-05,-5.880974490129037e-05,-5.880974490129037e-05,-8.855416328410928e-05,-8.855416328410928e-05,-9.101310000392408e-05,-9.101310000392408e-05,-5.880974490129037e-05,-5.880974490129037e-05,,0.018011067394991365
2022-02-01,-0.00010252670972599686,-9.463197288389161e-05,-0.0007025267097259969,-0.0006650267097259969,-0.0002252539824532698,-0.00021161761881690613,8.547226825490349e-05,8.784019080226006e-05,-0.0004174457161039499,-0.00033907934278195717,-0.0005103600794017872,-0.0004815474635275907,8.547226825490349e-05,8.784019080226006e-05,-0.0004174457161039499,-0.00033907934278195717,-0.000375113516480268,-0.0003463009006060714,,0.006756925874457753
2022-02-02,0.0003523681561142134,0.0003523681561142134,0.0003523681561142134,0.0003523681561142134,0.0003523681561142134,0.0003523681561142134,0.000551249846926561,0.000551249846926561,0.000551249846926561,0.000551249846926561,0.000551249846926561,0.000551249846926561,0.000551249846926561,0.000551249846926561,0.000551249846926561,0.000551249846926561,0.000551249846926561,0.000551249846926561,,0.00971408274181318
2022-02-03,-0.0014545144088504436,-0.0014545144088504436,-0.0014545144088504436,-0.0014545144088504436,-0.0014545144088504436,-0.0014545144088504436,-0.0027728981133544,-0.0027728981133544,-0.0027728981133544,-0.0027728981133544,-0.0027728981133544,-0.0027728981133544,-0.0027728981133544,-0.0027728981133544,-0.0027728981133544,-0.0027728981133544,-0.0027728981133544,-0.0027728981133544,,-0.02350497399483331
2022-02-04,-0.001814237377351913,-0.001814237377351913,-0.001814237377351913,-0.001814237377351913,-0.001814237377351913,-0.001814237377351913,-0.002722777942076194,-0.002722777942076194,-0.002722777942076194,-0.002722777942076194,-0.002722777942076194,-0.002722777942076194,-0.002722777942076194,-0.002722777942076194,-0.002722777942076194,-0.002722777942076194,-0.002722777942076194,-0.002722777942076194,,0.004702207959730531
2022-02-07,0.01616327164002637,0.01224022083174644,0.01616327164002637,0.01224022083174644,0.01616327164002637,0.01224022083174644,0.01052090484500691,0.008102503774785028,0.01052090484500691,0.008102503774785028,0.01052090484500691,0.008102503774785028,0.01052090484500691,0.008102503774785028,0.01052090484500691,0.008102503774785028,0.01052090484500691,0.008102503774785028,0.0052984809878511285,-0.0032092765817484104
2022-02-08,0.0016628254091313251,0.0030804205744594196,0.0016628254091313251,0.0030804205744594196,0.0016628254091313251,0.0030804205744594196,0.0016048166377003231,0.002450285525494907,0.0016048166377003231,0.002450285525494907,0.0016048166377003231,0.002450285525494907,0.0016048166377003231,0.002450285525494907,0.0016048166377003231,0.002450285525494907,0.0016048166377003231,0.002450285525494907,0.004216379703859463,0.00822785984758534
2022-02-09,0.006907872704243495,0.004907467580732822,0.006907872704243495,0.004907467580732822,0.006907872704243495,0.004907467580732822,0.005857422278184912,0.004638378744955843,0.005857422278184912,0.004638378744955843,0.005857422278184912,0.004638378744955843,0.005857422278184912,0.004638378744955843,0.005857422278184912,0.004638378744955843,0.005857422278184912,0.004638378744955843,0.003498950464351891,0.014636106949445393
2022-02-10,0.004652836748843985,0.003217785903868257,0.004652836748843985,0.003217785903868257,0.004652836748843985,0.003217785903868257,0.00021717542663560966,-0.0006652084733843641,0.00021717542663560966,-0.0006652084733843641,0.00021717542663560966,-0.0006652084733843641,0.00021717542663560966,-0.0006652084733843641,0.00021717542663560966,-0.0006652084733843641,0.00021717542663560966,-0.0006652084733843641,0.011506340484676247,-0.017965644680657644
2022-02-11,-0.0030326441700550422,-0.000289699255123649,-0.0030326441700550422,-0.000289699255123649,-0.0030326441700550422,-0.000289699255123649,-0.0016040718801814107,0.00010964634072523798,-0.0016040718801814107,0.00010964634072523798,-0.0016040718801814107,0.00010964634072523798,-0.0016040718801814107,0.00010964634072523798,-0.0016040718801814107,0.00010964634072523798,-0.0016040718801814107,0.00010964634072523798,-0.0006894595064568243,-0.019718721011119933
2022-02-14,-0.011602165942892049,-0.009604117441153246,-0.011602165942892049,-0.009604117441153246,-0.011602165942892049,-0.009604117441153246,-0.009983677534655736,-0.008766040002621916,-0.009983677534655736,-0.008766040002621916,-0.009983677534655736,-0.008766040002621916,-0.009983677534655736,-0.008766040002621916,-0.009983677534655736,-0.008766040002621916,-0.009983677534655736,-0.008766040002621916,-0.015522594324740902,-0.003269314964678527
2022-02-15,-0.002355919047707583,-0.002423682741253452,-0.002355919047707583,-0.002423682741253452,-0.002355919047707583,-0.002423682741253452,-0.0021068803401788085,-0.0021217892639641377,-0.0021068803401788085,-0.0021217892639641377,-0.0021068803401788085,-0.0021217892639641377,-0.0021068803401788085,-0.0021217892639641377,-0.0021068803401788085,-0.0021217892639641377,-0.0021068803401788085,-0.0021217892639641377,-0.004554967837316237,0.01612686726577106
2022-02-16,0.01135316880907274,0.00879898019140139,0.01135316880907274,0.00879898019140139,0.01135316880907274,0.00879898019140139,0.00919804935998371,0.0076325876144577205,0.00919804935998371,0.0076325876144577205,0.00919804935998371,0.0076325876144577205,0.00919804935998371,0.0076325876144577205,0.00919804935998371,0.0076325876144577205,0.00919804935998371,0.0076325876144577205,0.016543405802464495,0.0011208249118113134
2022-02-17,0.0011485367983908147,0.0017143017513309043,0.0011485367983908147,0.0017143017513309043,0.0011485367983908147,0.0017143017513309043,0.0006662728615985155,0.0010082453203645527,0.0006662728615985155,0.0010082453203645527,0.0006662728615985155,0.0010082453203645527,0.0006662728615985155,0.0010082453203645527,0.0006662728615985155,0.0010082453203645527,0.0006662728615985155,0.0010082453203645527,0.0006925630730103549,-0.02136141606480546
2022-02-18,-0.0015042234776993179,-0.000217625247224429,-0.0015042234776993179,-0.000217625247224429,-0.0015042234776993179,-0.000217625247224429,-0.0002739336192255892,0.0005443556911044416,-0.0002739336192255892,0.0005443556911044416,-0.0002739336192255892,0.0005443556911044416,-0.0002739336192255892,0.0005443556911044416,-0.0002739336192255892,0.0005443556911044416,-0.0002739336192255892,0.0005443556911044416,-0.0027681238511029216,-0.006475052825868022
2022-02-21,-0.002905198932608377,-0.0010103169242429543,-0.002905198932608377,-0.0010103169242429543,-0.002905198932608377,-0.0010103169242429543,-0.001816096028271247,-0.0006808816344774563,-0.001816096028271247,-0.0006808816344774563,-0.001816096028271247,-0.0006808816344774563,-0.001816096028271247,-0.0006808816344774563,-0.001816096028271247,-0.0006808816344774563,-0.001816096028271247,-0.0006808816344774563,-0.0020819086679448873,
2022-02-22,-0.011116531743409165,-0.008490481183127853,-0.011116531743409165,-0.008490481183127853,-0.011116531743409165,-0.008490481183127853,-0.008481235630406751,-0.0068687974333406605,-0.008481235630406751,-0.0068687974333406605,-0.008481235630406751,-0.0068687974333406605,-0.008481235630406751,-0.0068687974333406605,-0.008481235630406751,-0.0068687974333406605,-0.008481235630406751,-0.0068687974333406605,-0.013560479185388608,-0.010731648076383382
2022-02-23,0.0036539103319929104,0.00254902962878752,0.0036539103319929104,0.00254902962878752,0.0036539103319929104,0.00254902962878752,0.0017847357057424059,0.0010441283883917264,0.0017847357057424059,0.0010441283883917264,0.0017847357057424059,0.0010441283883917264,0.0017847357057424059,0.0010441283883917264,0.0017847357057424059,0.0010441283883917264,0.0017847357057424059,0.0010441283883917264,0.002819837005805015,-0.01773865723226875
2022-02-24,-0.021157020634564788,-0.01575218536343275,-0.021157020634564788,-0.01575218536343275,-0.021157020634564788,-0.01575218536343275,-0.014349238588851157,-0.011047899632635942,-0.014349238588851157,-0.011047899632635942,-0.014349238588851157,-0.011047899632635942,-0.014349238588851157,-0.011047899632635942,-0.014349238588851157,-0.011047899632635942,-0.014349238588851157,-0.011047899632635942,-0.024253054117695516,0.01504911814725074
2022-02-25,0.006071754052769163,0.0014180977942129913,0.006071754052769163,0.0014180977942129913,0.006071754052769163,0.0014180977942129913,0.005187722598410555,0.002304724505160487,0.005187722598410555,0.002304724505160487,0.005187722598410555,0.002304724505160487,0.005187722598410555,0.002304724505160487,0.005187722598410555,0.002304724505160487,0.005187722598410555,0.002304724505160487,-0.0021614052245081394,0.0220640029800776
2022-02-28,0.0022345945581886627,0.0022345945581886627,0.0022345945581886627,0.0022345945581886627,0.0022345945581886627,0.0022345945581886627,0.002886912021316757,0.002886912021316757,0.002886912021316757,0.002886912021316757,0.002886912021316757,0.002886912021316757,0.002886912021316757,0.002886912021316757,0.002886912021316757,0.002886912021316757,0.002886912021316757,0.002886912021316757,,-0.0025585268239577408
2022-03-01,0.015996502987197764,0.01614650298719776,0.016917699927631404,0.014069801865263734,0.016917699927631404,0.014069801865263734,0.013160478714263296,0.013252907794833919,0.012303415708819354,0.010567245578928507,0.012303415708819354,0.010567245578928507,0.013160478714263296,0.013252907794833919,0.012303415708819354,0.010567245578928507,0.012303415708819354,0.010567245578928507,0.014079400348319115,-0.015230272363598085
2022-03-02,0.005906686498433796,0.005906686498433796,0.00032922752834279543,0.00039473007216607117,0.00032922752834279543,0.00039473007216607117,0.0018732272359646496,0.0018732272359646496,-0.0027136843089307938,-0.002627361311927455,-0.0027136843089307938,-0.002627361311927455,0.0018732272359646496,0.0018732272359646496,-0.0027136843089307938,-0.002627361311927455,-0.0027136843089307938,-0.002627361311927455,-0.005695999068284996,0.018396212521518462
2022-03-03,0.006455250775136233,0.006455250775136233,0.0062180549366924855,0.005917160355893803,0.0062180549366924855,0.005917160355893803,0.0038583417602625135,0.0038583417602625135,0.003982969992711624,0.0037614970590797905,0.003982969992711624,0.0037614970590797905,0.0038583417602625135,0.0038583417602625135,0.003982969992711624,0.0037614970590797905,0.003982969992711624,0.0037614970590797905,0.002148249658930901,-0.004978472037343917
2022-03-04,-0.011821951022583398,-0.011821951022583398,-0.010287352080665047,-0.007926150827230648,-0.010287352080665047,-0.007926150827230648,-0.009876734078427917,-0.009876734078427917,-0.006806363033217817,-0.005396928432127508,-0.006806363033217817,-0.005396928432127508,-0.009876734078427917,-0.009876734078427917,-0.006806363033217817,-0.005396928432127508,-0.006806363033217817,-0.005396928432127508,-0.010718113845724075,-0.008124619808514866
2022-03-07,-0.015141853652115941,-0.015141853652115941,-0.016542010368069834,-0.014462313158855773,-0.016542010368069834,-0.014462313158855773,-0.01873170422006114,-0.01873170422006114,-0.01562576559033731,-0.014384191019544863,-0.01562576559033731,-0.014384191019544863,-0.01873170422006114,-0.01873170422006114,-0.01562576559033731,-0.014384191019544863,-0.01562576559033731,-0.014384191019544863,-0.03214154601899888,-0.029479187255280204
2022-03-08,-0.02360596728651951,-0.02360596728651951,-0.021439360625712972,-0.01857588421511343,-0.021439360625712972,-0.01857588421511343,-0.020981501601576018,-0.020981501601576018,-0.015882166472306062,-0.014133272259503808,-0.015882166472306062,-0.014133272259503808,-0.020981501601576018,-0.020981501601576018,-0.015882166472306062,-0.014133272259503808,-0.015882166472306062,-0.014133272259503808,-0.02126870226504196,-0.007581700715998618
2022-03-09,0.014925988148956846,0.014925988148956846,0.009894554519012683,0.008904782424774445,0.009894554519012683,0.008904782424774445,0.012711967299530447,0.012711967299530447,0.007468225815371439,0.006881308143596195,0.007468225815371439,0.006881308143596195,0.012711967299530447,0.012711967299530447,0.007468225815371439,0.006881308143596195,0.007468225815371439,0.006881308143596195,0.010293604013288604,0.026810819608671155
2022-03-10,0.013188764479693502,0.013188764479693502,0.013201616381082523,0.010147287476103169,0.013201616381082523,0.010147287476103169,0.016553784635790682,0.016553784635790682,0.009236294896907738,0.007380012554707136,0.009236294896907738,0.007380012554707136,0.016553784635790682,0.016553784635790682,0.009236294896907738,0.007380012554707136,0.009236294896907738,0.007380012554707136,0.02905664983785372,-0.004515553354495161
2022-03-11,-0.01286145674309775,-0.01286145674309775,-0.011229905119252604,-0.009369249165162147,-0.011229905119252604,-0.009369249165162147,-0.010576164670181331,-0.010576164670181331,-0.007901335493482597,-0.006793752034742708,-0.007901335493482597,-0.006793752034742708,-0.010576164670181331,-0.010576164670181331,-0.007901335493482597,-0.006793752034742708,-0.007901335493482597,-0.006793752034742708,-0.014301519030008869,-0.012715059514942118
2022-03-14,0.00019423070484246392,0.00019423070484246392,-0.003761290641719189,-0.002377058544937921,-0.003761290641719189,-0.002377058544937921,-0.00023469500366453164,-0.00023469500366453164,-0.00528744769112212,-0.004506030727773978,-0.00528744769112212,-0.004506030727773978,-0.00023469500366453164,-0.00023469500366453164,-0.00528744769112212,-0.004506030727773978,-0.00528744769112212,-0.004506030727773978,0.0,-0.007308323066848366
2022-03-15,-0.024391507717902078,-0.024391507717902078,-0.01846105601524614,-0.0158050041748621,-0.01846105601524614,-0.0158050041748621,-0.01951047889014792,-0.01951047889014792,-0.010102006689463332,-0.008537579703846575,-0.010102006689463332,-0.008537579703846575,-0.01951047889014792,-0.01951047889014792,-0.010102006689463332,-0.008537579703846575,-0.010102006689463332,-0.008537579703846575,-0.020461310453020243,0.02199043987466287
2022-03-16,0.0036145736844849776,0.0036145736844849776,0.00746535578162249,0.00438608585103189,0.00746535578162249,0.00438608585103189,0.004000549893209782,0.004000549893209782,0.007731613421186712,0.0058463036144813015,0.007731613421186712,0.0058463036144813015,0.004000549893209782,0.004000549893209782,0.007731613421186712,0.0058463036144813015,0.007731613421186712,0.0058463036144813015,0.004177767392760101,0.02217420604853415
2022-03-17,0.029143427530256515,0.029143427530256515,0.026410898531611972,0.020796378327386754,0.026410898531611972,0.020796378327386754,0.026547178504508197,0.026547178504508197,0.018838821576014346,0.015588103395183576,0.018838821576014346,0.015588103395183576,0.026547178504508197,0.026547178504508197,0.018838821576014346,0.015588103395183576,0.018838821576014346,0.015588103395183576,0.03177002303477017,0.01251093216133281
2022-03-18,0.004919684047996134,0.004919684047996134,0.0037304706810602044,0.004361124401527584,0.0037304706810602044,0.004361124401527584,0.0026061114907150133,0.0026061114907150133,0.0026491624566551,0.003005305313319775,0.0026491624566551,0.003005305313319775,0.0026061114907150133,0.0026061114907150133,0.0026491624566551,0.003005305313319775,0.0026491624566551,0.003005305313319775,-0.0021993240937856484,0.010918860066386215
2022-03-21,0.008149213411269103,0.008149213411269103,0.006205018208529846,0.0027782331203896503,0.006205018208529846,0.0027782331203896503,0.006127604003299049,0.006127604003299049,0.0008294477556113266,-0.0012529811648001711,0.0008294477556113266,-0.0012529811648001711,0.006127604003299049,0.006127604003299049,0.0008294477556113266,-0.0012529811648001711,0.0008294477556113266,-0.0012529811648001711,0.006612739574749504,-0.0002923926222593298
2022-03-22,0.005197656588794301,0.005197656588794301,0.0028151690376566232,0.0024494152007497774,0.0028151690376566232,0.0024494152007497774,0.002993265325833478,0.002993265325833478,0.0013914243808644308,0.0011791515995031431,0.0013914243808644308,0.0011791515995031431,0.002993265325833478,0.002993265325833478,0.0013914243808644308,0.0011791515995031431,0.0013914243808644308,0.0011791515995031431,-0.0014598317389941107,0.011701391836103525
2022-03-23,0.0072597565853353245,0.0072597565853353245,0.010229657082002392,0.007076972111898632,0.010229657082002392,0.007076972111898632,0.007632563399789305,0.007632563399789305,0.0076036401027331025,0.005740454432619078,0.0076036401027331025,0.005740454432619078,0.007632563399789305,0.007632563399789305,0.0076036401027331025,0.005740454432619078,0.0076036401027331025,0.005740454432619078,0.009502946072786012,-0.012878419431224142
2022-03-24,0.002699073240126201,0.002699073240126201,0.0005555555416447143,0.0008343652454689207,0.0005555555416447143,0.0008343652454689207,0.001628560509637386,0.001628560509637386,-0.00010482302710902518,8.77771491382038e-05,-0.00010482302710902518,8.77771491382038e-05,0.001628560509637386,0.001628560509637386,-0.00010482302710902518,8.77771491382038e-05,-0.00010482302710902518,8.77771491382038e-05,-0.0007241571259646307,0.015074363734608909
2022-03-25,-0.00021695941825715175,-0.00021695941825715175,-0.001752857771497307,-0.0028200292192771207,-0.001752857771497307,-0.0028200292192771207,0.0003323147765167352,0.0003323147765167352,-0.0028514433999669584,-0.0035549127675562706,-0.0028514433999669584,-0.0035549127675562706,0.0003323147765167352,0.0003323147765167352,-0.0028514433999669584,-0.0035549127675562706,-0.0028514433999669584,-0.0035549127675562706,0.001449253248131832,0.004883598425542424
2022-03-28,-0.008918241097879205,-0.008918241097879205,-0.004740985428751438,-0.004733362343234854,-0.004740985428751438,-0.004733362343234854,-0.0076875526878728475,-0.0076875526878728475,-0.0015091745177586288,-0.0015119024648279165,-0.0015091745177586288,-0.0015119024648279165,-0.0076875526878728475,-0.0076875526878728475,-0.0015091745177586288,-0.0015119024648279165,-0.0015091745177586288,-0.0015119024648279165,-0.01085383526138406,0.007113038068738753
2022-03-29,-0.0034991073593591865,-0.0034991073593591865,0.0014847541911746367,-0.00046805687554333825,0.0014847541911746367,-0.00046805687554333825,-0.0025665799303324827,-0.0025665799303324827,0.0033377790006376288,0.0021568431794590772,0.0033377790006376288,0.0021568431794590772,-0.0025665799303324827,-0.0025665799303324827,0.0033377790006376288,0.0021568431794590772,0.0033377790006376288,0.0021568431794590772,0.0010973603410557864,0.012370827763277914
2022-03-30,0.010449896543127684,0.010449896543127684,0.0088178027764208,0.00793600165116901,0.0088178027764208,0.00793600165116901,0.009989232803957608,0.009989232803957608,0.006182495436616572,0.0056375279988310255,0.006182495436616572,0.0056375279988310255,0.009989232803957608,0.009989232803957608,0.006182495436616572,0.0056375279988310255,0.006182495436616572,0.0056375279988310255,0.012422337394389915,-0.006174792896356585
2022-03-31,-0.004753899484404284,-0.004753899484404284,-0.003937686219904374,-0.0033769387387181274,-0.003937686219904374,-0.0033769387387181274,-0.0027898142897478046,-0.0027898142897478046,-0.0024509662350173777,-0.002127233479909863,-0.0024509662350173777,-0.002127233479909863,-0.0027898142897478046,-0.0027898142897478046,-0.0024509662350173777,-0.002127233479909863,-0.0024509662350173777,-0.002127233479909863,-0.0032479028389056364,-0.015391317572948426
2022-04-01,-0.006785850980618552,-0.006785850980618552,-0.007621565266332837,-0.007471565266332837,-0.007116785703097226,-0.005512757524201732,-0.0052628638219432925,-0.0052628638219432925,-0.006135341484477944,-0.00604291240390732,-0.004759692941034407,-0.0037972089428719388,-0.0052628638219432925,-0.0052628638219432925,-0.006135341484477944,-0.00604291240390732,-0.004759692941034407,-0.0037972089428719388,-0.008327364985135643,0.0028341128726010467
2022-04-04,0.0,0.0,0.0,0.0,0.00017140695933801078,0.00017140695933801078,0.0,0.0,0.0,0.0,0.0011725775362535023,0.0011725775362535023,0.0,0.0,0.0,0.0,0.0011725775362535023,0.0011725775362535023,,0.008566577431344813
2022-04-05,0.0,0.0,0.0,0.0,-0.003249828132105509,-0.003249828132105509,0.0,0.0,0.0,0.0,-0.005464365992514569,-0.005464365992514569,0.0,0.0,0.0,0.0,-0.005464365992514569,-0.005464365992514569,,-0.01263132479829876
2022-04-06,-0.002262011358167203,-0.002262011358167203,-0.002262011358167203,-0.002262011358167203,-0.0021475081832270375,-0.0024979444827653748,-0.0022159871484612854,-0.0022159871484612854,-0.0022159871484612854,-0.0022159871484612854,-0.002915131274301916,-0.0030981434869314633,-0.0022159871484612854,-0.0022159871484612854,-0.0022159871484612854,-0.0022159871484612854,-0.002915131274301916,-0.0030981434869314633,-0.005111332339107211,-0.00999935653466788
2022-04-07,-0.020229271762311818,-0.020229271762311818,-0.020229271762311818,-0.020229271762311818,-0.018386712628235158,-0.015587196287360073,-0.016818200937782607,-0.016818200937782607,-0.016818200937782607,-0.016818200937782607,-0.012985850859628513,-0.011286374130088978,-0.016818200937782607,-0.016818200937782607,-0.016818200937782607,-0.016818200937782607,-0.012985850859628513,-0.011286374130088978,-0.017981628977924324,0.005038968143330047
2022-04-08,0.0050467582572233695,0.0050467582572233695,0.0050467582572233695,0.0050467582572233695,0.002999817787925074,0.002330510581057143,0.005692396676898573,0.005692396676898573,0.005692396676898573,0.005692396676898573,0.0011190836907662132,0.0006730829974998246,0.005692396676898573,0.005692396676898573,0.005692396676898573,0.005692396676898573,0.0011190836907662132,0.0006730829974998246,0.0056053810380698454,-0.002673934796955768
2022-04-11,-0.013074922105451161,-0.013074922105451161,-0.013074922105451161,-0.013074922105451161,-0.014273274466101632,-0.011722693526236118,-0.011258326568476053,-0.011258326568476053,-0.011258326568476053,-0.011258326568476053,-0.011210168283655403,-0.009663623297330497,-0.011258326568476053,-0.011258326568476053,-0.011258326568476053,-0.011258326568476053,-0.011210168283655403,-0.009663623297330497,-0.015607625833407135,-0.017092284494708676
2022-04-12,0.00039798214426373904,0.00039798214426373904,0.00039798214426373904,0.00039798214426373904,-0.0017539053635683651,-7.259902424329432e-05,-0.0009330422019664433,-0.0009330422019664433,-0.0009330422019664433,-0.0009330422019664433,-0.0004254256417238491,0.000589724304644431,-0.0009330422019664433,-0.0009330422019664433,-0.0009330422019664433,-0.0009330422019664433,-0.0004254256417238491,0.000589724304644431,0.000755047986559898,-0.003705230116974989
2022-04-13,0.019034704615525335,0.019034704615525335,0.019034704615525335,0.019034704615525335,0.014376155481579169,0.013818931282834358,0.015436563515840974,0.015436563515840974,0.015436563515840974,0.015436563515840974,0.010821695825610485,0.010474315149343069,0.015436563515840974,0.015436563515840974,0.015436563515840974,0.015436563515840974,0.010821695825610485,0.010474315149343069,0.01886080680830915,0.01145357848867623
2022-04-14,-0.0007598808474207437,-0.0007598808474207437,-0.0007598808474207437,-0.0007598808474207437,-0.0011464868165394658,-0.0015049167794057292,-0.0030101479488346423,-0.0030101479488346423,-0.0030101479488346423,-0.0030101479488346423,-0.003784121056477337,-0.003938274090718168,-0.0030101479488346423,-0.0030101479488346423,-0.0030101479488346423,-0.0030101479488346423,-0.003784121056477337,-0.003938274090718168,-0.0037023323857932056,-0.01245175846263713
2022-04-15,-0.012306154395583564,-0.012306154395583564,-0.012306154395583564,-0.012306154395583564,-0.011049710047222496,-0.009234984144099416,-0.011038243075878078,-0.011038243075878078,-0.011038243075878078,-0.011038243075878078,-0.007600711948193764,-0.006499011237788621,-0.011038243075878078,-0.011038243075878078,-0.011038243075878078,-0.011038243075878078,-0.007600711948193764,-0.006499011237788621,-0.017094039387520965,
2022-04-18,-0.005216642290268588,-0.005216642290268588,-0.005216642290268588,-0.005216642290268588,-0.0062641340142725,-0.004601304716577237,-0.0066429193262053056,-0.0066429193262053056,-0.0066429193262053056,-0.0066429193262053056,-0.005819751896207162,-0.004792278054076381,-0.0066429193262053056,-0.0066429193262053056,-0.0066429193262053056,-0.0066429193262053056,-0.005819751896207162,-0.004792278054076381,-0.0052929825954041165,0.0004111392957082405
2022-04-19,0.005325559802116233,0.005325559802116233,0.005325559802116233,0.005325559802116233,0.005121899999661683,0.003750853227345747,0.004478678778122646,0.004478678778122646,0.004478678778122646,0.004478678778122646,0.0023340544532232926,0.0015392842915362415,0.004478678778122646,0.004478678778122646,0.004478678778122646,0.004478678778122646,0.0023340544532232926,0.0015392842915362415,0.0034207292877457274,0.01614267485104759
2022-04-20,0.0003501778227154108,0.0003501778227154108,0.0003501778227154108,0.0003501778227154108,0.0029395851258923636,0.0025045915608385427,0.0017308975322946518,0.0017308975322946518,0.0017308975322946518,0.0017308975322946518,0.004160844971023435,0.0036716697128670703,0.0017308975322946518,0.0017308975322946518,0.0017308975322946518,0.0017308975322946518,0.004160844971023435,0.0036716697128670703,0.004924196185487784,-0.0007415447679024467
2022-04-21,0.0018698406045175508,0.0018698406045175508,0.0018698406045175508,0.0018698406045175508,-0.0009951779074456103,0.0004242726844335243,0.0013465206092850997,0.0013465206092850997,0.0013465206092850997,0.0013465206092850997,-0.0023590461813009136,-0.0015352825135699355,0.0013465206092850997,0.0013465206092850997,0.0013465206092850997,0.0013465206092850997,-0.0023590461813009136,-0.0015352825135699355,0.0007539095975659382,-0.014953551807383003
2022-04-22,-0.0067790023204991525,-0.0067790023204991525,-0.0067790023204991525,-0.0067790023204991525,-0.009554181986546213,-0.006024216381183745,-0.0048642372381728465,-0.0048642372381728465,-0.0048642372381728465,-0.0048642372381728465,-0.006844486989122179,-0.004677181651563033,-0.0048642372381728465,-0.0048642372381728465,-0.0048642372381728465,-0.0048642372381728465,-0.006844486989122179,-0.004677181651563033,-0.008662854210805038,-0.027439138658316153
2022-04-25,-0.024540880080117625,-0.024540880080117625,-0.024540880080117625,-0.024540880080117625,-0.01839939370602351,-0.016352701551644623,-0.02135017739478639,-0.02135017739478639,-0.02135017739478639,-0.02135017739478639,-0.010819240693976984,-0.009578963465851974,-0.02135017739478639,-0.02135017739478639,-0.02135017739478639,-0.02135017739478639,-0.010819240693976984,-0.009578963465851974,-0.017857188408237024,0.005797580441186945
2022-04-26,0.0005276142425719721,0.00012650167523310082,0.0005276142425719721,0.00012650167523310082,0.003472026728323985,0.0009020259481479417,0.0007575591652249517,0.0005659975189852334,0.0007575591652249517,0.0005659975189852334,0.0023459867743372406,0.0007760878759457488,0.0007575591652249517,0.0005659975189852334,0.0007575591652249517,0.0005659975189852334,0.0023459867743372406,0.0007760878759457488,0.0,-0.028960825603343676
2022-04-27,-0.0167802561736676,-0.011494554384724368,-0.0167802561736676,-0.011494554384724368,-0.01828098494642499,-0.009223759551371565,-0.01680412017227999,-0.014279811420463927,-0.01680412017227999,-0.014279811420463927,-0.014895900683325265,-0.009995683317378766,-0.01680412017227999,-0.014279811420463927,-0.01680412017227999,-0.014279811420463927,-0.014895900683325265,-0.009995683317378766,-0.020889724938043974,0.002811782968023202
2022-04-28,0.004380493922449364,0.0021815854352549534,0.004380493922449364,0.0021815854352549534,0.006739344079163008,0.0019242780770622886,0.004480957922928437,0.0034308257986929605,0.004480957922928437,0.0034308257986929605,0.005383709415485941,0.0025985905697224016,0.004480957922928437,0.0034308257986929605,0.004480957922928437,0.0034308257986929605,0.005383709415485941,0.0025985905697224016,0.004346071980245947,0.02525944549675363
2022-04-29,0.01603400716031795,0.013254188540288338,0.01603400716031795,0.013254188540288338,0.010714108881541914,0.006334304082282211,0.012318461109980874,0.010990854108499553,0.012318461109980874,0.010990854108499553,0.004572880539180269,0.0021541869278758315,0.012318461109980874,0.010990854108499553,0.012318461109980874,0.010990854108499553,0.004572880539180269,0.0021541869278758315,0.012981916173782304,-0.03695565238965315
2022-05-02,-0.0010714285714285717,-0.000985714285714286,0.0,0.0,-0.0016500000000000002,-0.0011250000000000001,-0.0011125099024545209,-0.0010641285445185825,0.0,0.0,-0.0018678176827469652,-0.0015069708913151014,-0.0011125099024545209,-0.0010641285445185825,0.0,0.0,-0.0018678176827469652,-0.0015069708913151014,,0.0060194441415730715
2022-05-03,-0.010225963724201382,-0.00800968823184356,-0.009042496819368522,-0.007459442896255792,-0.010225963724201382,-0.00800968823184356,-0.00939343370568741,-0.008279245925084664,-0.0068795144110974475,-0.006123474270345568,-0.00939343370568741,-0.008279245925084664,-0.00939343370568741,-0.008279245925084664,-0.0068795144110974475,-0.006123474270345568,-0.00939343370568741,-0.008279245925084664,-0.0073786170737257795,0.00458404228460374
2022-05-04,0.0015120614450096384,0.00012347913987509362,0.002534316484579199,0.0015424719809116671,0.0015120614450096384,0.00012347913987509362,0.0014511864618122162,0.0007567520607441319,0.002962969184464664,0.002489321459139478,0.0014511864618122162,0.0007567520607441319,0.0014511864618122162,0.0007567520607441319,0.002962969184464664,0.002489321459139478,0.0014511864618122162,0.0007567520607441319,0.0,0.030452933683378758
2022-05-05,0.01624481134122875,0.011388336235798248,0.013429149745956022,0.009960238956362806,0.01624481134122875,0.011388336235798248,0.01147511649723857,0.009041596301969927,0.009308561275587504,0.007651956263060988,0.01147511649723857,0.009041596301969927,0.01147511649723857,0.009041596301969927,0.009308561275587504,0.007651956263060988,0.01147511649723857,0.009041596301969927,0.011345828745050524,-0.03554281472701826
2022-05-06,-0.01831902355619946,-0.009736638855401693,-0.017539510639018055,-0.01140923585273394,-0.01831902355619946,-0.009736638855401693,-0.015463953769320561,-0.011158193054897937,-0.015335681553462864,-0.012408063370338424,-0.015463953769320561,-0.011158193054897937,-0.015463953769320561,-0.011158193054897937,-0.015335681553462864,-0.012408063370338424,-0.015463953769320561,-0.011158193054897937,-0.020116042352967822,-0.0059689259207744705
2022-05-09,-0.018920065616713277,-0.01057833871521906,-0.01800304226550977,-0.012044665907299617,-0.018920065616713277,-0.01057833871521906,-0.01848998387756941,-0.014298440456135231,-0.018960578797974078,-0.016114980979276425,-0.01848998387756941,-0.014298440456135231,-0.01848998387756941,-0.014298440456135231,-0.018960578797974078,-0.016114980979276425,-0.01848998387756941,-0.014298440456135231,-0.016581116848166766,-0.03201726802014637
2022-05-10,-0.008220360888054746,-0.008496059575580495,-0.0066684603385183516,-0.0068653879724653154,-0.008220360888054746,-0.008496059575580495,-0.004658397021848745,-0.0047974579742543445,-0.0024824651133535606,-0.0025765195826260813,-0.004658397021848745,-0.0047974579742543445,-0.004658397021848745,-0.0047974579742543445,-0.0024824651133535606,-0.0025765195826260813,-0.004658397021848745,-0.0047974579742543445,-0.004415921624098651,0.0023105278627999493
2022-05-11,-0.005413583604756212,-0.004765402382938233,-0.002270259682412734,-0.0018072730953998925,-0.005413583604756212,-0.004765402382938233,-0.006097560720166495,-0.005771486824451982,-0.00401031311714204,-0.003789196063811341,-0.006097560720166495,-0.005771486824451982,-0.006097560720166495,-0.005771486824451982,-0.00401031311714204,-0.003789196063811341,-0.006097560720166495,-0.005771486824451982,0.0016128786148563723,-0.015886131940332726
2022-05-12,-0.02044161962641311,-0.010869970395600927,-0.020690650207395824,-0.013853757899672834,-0.02044161962641311,-0.010869970395600927,-0.01941963533109283,-0.014611676157573488,-0.020744334411974086,-0.017479193247184402,-0.01941963533109283,-0.014611676157573488,-0.01941963533109283,-0.014611676157573488,-0.020744334411974086,-0.017479193247184402,-0.01941963533109283,-0.014611676157573488,-0.02375198889474639,-0.0010439303936584654
2022-05-13,0.012439120400355797,0.006886581685958593,0.011276733321946102,0.004694806013279694,0.012439120400355797,0.006886581685958593,0.008345388021759867,0.005557937552623668,0.008176867274218413,0.0042343723193850845,0.008345388021759867,0.005557937552623668,0.008345388021759867,0.005557937552623668,0.008176867274218413,0.0042343723193850845,0.008345388021759867,0.005557937552623668,0.009072152363885255,0.02390784770955201
2022-05-16,0.002050707748839298,0.0003390053145879591,0.003480279531288194,0.00047247823828128205,0.002050707748839298,0.0003390053145879591,0.0006934762923597373,-0.000167251529988955,0.0020445389616656254,0.00016373492685994845,0.0006934762923597373,-0.000167251529988955,0.0006934762923597373,-0.000167251529988955,0.0020445389616656254,0.00016373492685994845,0.0006934762923597373,-0.000167251529988955,0.005312640245078493,-0.004057564666582247
2022-05-17,0.010820042534568175,0.0067132481737185775,0.011698434850086852,0.006380497727970835,0.010820042534568175,0.0067132481737185775,0.00665129864415399,0.004587088480251205,0.0069636865612876025,0.003669047989076152,0.00665129864415399,0.004587088480251205,0.00665129864415399,0.004587088480251205,0.0069636865612876025,0.003669047989076152,0.00665129864415399,0.004587088480251205,0.01097559735057807,0.020570399314302268
2022-05-18,0.010940496176970606,0.006571513420079811,0.011016026362519183,0.005189330065752704,0.010940496176970606,0.006571513420079811,0.010732466891036484,0.00853953945243721,0.011385944369452096,0.007791613027479597,0.010732466891036484,0.00853953945243721,0.010732466891036484,0.00853953945243721,0.011385944369452096,0.007791613027479597,0.010732466891036484,0.00853953945243721,0.010856441420882268,-0.04031157346543268
2022-05-19,-0.01926618156837384,-0.012865915814132578,-0.01766632435899434,-0.008737513293690744,-0.01926618156837384,-0.012865915814132578,-0.01596266593892165,-0.012748248601143937,-0.015111814409829219,-0.009523904551868675,-0.01596266593892165,-0.012748248601143937,-0.01596266593892165,-0.012748248601143937,-0.015111814409829219,-0.009523904551868675,-0.01596266593892165,-0.012748248601143937,-0.019093030666282318,-0.006124621002910446
2022-05-20,0.009140140690305498,0.005357501203144255,0.010632748616843124,0.0054333335421393415,0.009140140690305498,0.005357501203144255,0.008136509568288465,0.006234429149056873,0.008595356593415695,0.005341645165502873,0.008136509568288465,0.006234429149056873,0.008136509568288465,0.006234429149056873,0.008595356593415695,0.005341645165502873,0.008136509568288465,0.006234429149056873,0.010948892463160886,0.0004365363104414932
2022-05-23,0.003289352085306863,0.0025391429893707133,0.002376863681172855,0.0013113149397489213,0.003289352085306863,0.0025391429893707133,0.001983858863606389,0.0016090906183761277,0.0013744587950044026,0.0007107796667257179,0.001983858863606389,0.0016090906183761277,0.001983858863606389,0.0016090906183761277,0.0013744587950044026,0.0007107796667257179,0.001983858863606389,0.0016090906183761277,0.0020056156994758823,0.01871007995678986
2022-05-24,-0.00956717857247127,-0.0045793500303174094,-0.011351115387365964,-0.004794026542225588,-0.00956717857247127,-0.0045793500303174094,-0.006842146024795465,-0.004335644738888297,-0.008807551888702136,-0.004790526992983489,-0.006842146024795465,-0.004335644738888297,-0.006842146024795465,-0.004335644738888297,-0.008807551888702136,-0.004790526992983489,-0.006842146024795465,-0.004335644738888297,-0.011208979253605755,-0.007633776773134482
2022-05-25,0.010050223942825598,0.0060643532124355914,0.009657427947134723,0.005035897817609871,0.010050223942825598,0.0060643532124355914,0.008170194696303834,0.006166689962916086,0.008090836701588838,0.005346217378979312,0.008170194696303834,0.006166689962916086,0.008170194696303834,0.006166689962916086,0.008090836701588838,0.005346217378979312,0.008170194696303834,0.006166689962916086,0.0076922829817180904,0.008834904007038569
2022-05-26,-0.007841343151883296,-0.00378859927325107,-0.010213267763112781,-0.004507642221489393,-0.007841343151883296,-0.00378859927325107,-0.006198994844267132,-0.004162925127010572,-0.008171943567604147,-0.004577378161564353,-0.006198994844267132,-0.004162925127010572,-0.006198994844267132,-0.004162925127010572,-0.008171943567604147,-0.004577378161564353,-0.006198994844267132,-0.004162925127010572,-0.012454764647426342,0.01998138394687965
2022-05-27,0.017670988832362247,0.010434365882131936,0.01892407757589336,0.00910524304418054,0.017670988832362247,0.010434365882131936,0.014071935484657521,0.010435986683216953,0.015523687382249334,0.009344229806928235,0.014071935484657521,0.010435986683216953,0.014071935484657521,0.010435986683216953,0.015523687382249334,0.009344229806928235,0.014071935484657521,0.010435986683216953,0.021155398224902422,0.02454914082298898
2022-05-30,0.020567757340073926,0.011916603392811578,0.02110562319974902,0.009901829148940111,0.020567757340073926,0.011916603392811578,0.017304148245611745,0.012955915316513071,0.018293783413824292,0.011321453605877833,0.017304148245611745,0.012955915316513071,0.017304148245611745,0.012955915316513071,0.018293783413824292,0.011321453605877833,0.017304148245611745,0.012955915316513071,0.024302813161416914,
2022-05-31,0.006743958011209106,0.004079438029134463,0.008364542167748448,0.004772435970261445,0.006743958011209106,0.004079438029134463,0.00490805090460422,0.0035711676352447926,0.0062413626737683825,0.003956101091051654,0.00490805090460422,0.0035711676352447926,0.00490805090460422,0.0035711676352447926,0.0062413626737683825,0.003956101091051654,0.00490805090460422,0.0035711676352447926,0.00972384263185666,-0.005610983564631744
2022-06-01,-0.007374151123371097,-0.007074151123371097,-0.008274151123371097,-0.0077384368376568115,-0.0065293570027624825,-0.005419320898696878,-0.00647289904780704,-0.006322179516328212,-0.007125837913088694,-0.006766542801527606,-0.005515010859902257,-0.004956508306276976,-0.00647289904780704,-0.006322179516328212,-0.007125837913088694,-0.006766542801527606,-0.005515010859902257,-0.004956508306276976,-0.005007774576201274,-0.008088529283735268
2022-06-02,-0.0059830560360580876,-0.0059830560360580876,-0.0059830560360580876,-0.0059830560360580876,-0.0070150365361385525,-0.0047864448288464706,-0.004148490093497526,-0.004148490093497526,-0.004148490093497526,-0.004148490093497526,-0.005570120772782512,-0.004448224740718472,-0.004148490093497526,-0.004148490093497526,-0.004148490093497526,-0.004148490093497526,-0.005570120772782512,-0.004448224740718472,-0.010452891277785148,0.019043478552421167
2022-06-03,0.0,0.0,0.0,0.0,0.0,0.0,0.0,0.0,0.0,0.0,0.0,0.0,0.0,0.0,0.0,0.0,0.0,0.0,,-0.016411523666384986
2022-06-06,0.01245515244844822,0.01245515244844822,0.01245515244844822,0.01245515244844822,0.011655803007994469,0.009964121958758575,0.009353243816778687,0.009353243816778687,0.009353243816778687,0.009353243816778687,0.008425365622705325,0.007573887855793309,0.009353243816778687,0.009353243816778687,0.009353243816778687,0.009353243816778687,0.008425365622705325,0.007573887855793309,0.007042205594626427,0.003044770239154948
2022-06-07,-0.0055752157461413515,-0.0055752157461413515,-0.0055752157461413515,-0.0055752157461413515,-0.008147911801645868,-0.0044601725969130816,-0.005377587900533554,-0.005377587900533554,-0.005377587900533554,-0.005377587900533554,-0.007106376210447661,-0.005255106159313148,-0.005377587900533554,-0.005377587900533554,-0.005377587900533554,-0.005377587900533554,-0.007106376210447661,-0.005255106159313148,-0.010100974772253357,0.009592223238758413
2022-06-08,0.007370180126605286,0.007370180126605286,0.007370180126605286,0.007370180126605286,0.01030980597303961,0.005896144101284229,0.006404969190412151,0.006404969190412151,0.006404969190412151,0.006404969190412151,0.008385308008742072,0.006168693663707891,0.006404969190412151,0.006404969190412151,0.006404969190412151,0.006404969190412151,0.008385308008742072,0.006168693663707891,0.010989022834466233,-0.010872153557139663
2022-06-09,-0.0013583338925039629,-0.0013583338925039629,-0.0013583338925039629,-0.0013583338925039629,-0.002131821303599634,-0.0010866671140031697,-0.0023090221754782396,-0.0023090221754782396,-0.0023090221754782396,-0.0023090221754782396,-0.0034020174776638254,-0.0028784461495661535,-0.0023090221754782396,-0.0023090221754782396,-0.0023090221754782396,-0.0023090221754782396,-0.0034020174776638254,-0.0028784461495661535,-0.003105661069842447,-0.023782886898168987
2022-06-10,-0.007973304233054146,-0.007973304233054146,-0.007973304233054146,-0.007973304233054146,-0.009536339080299617,-0.006378643386443317,-0.0070206984621779085,-0.0070206984621779085,-0.0070206984621779085,-0.0070206984621779085,-0.007617793982143708,-0.006030310423301776,-0.0070206984621779085,-0.0070206984621779085,-0.0070206984621779085,-0.0070206984621779085,-0.007617793982143708,-0.006030310423301776,-0.010124575421797344,-0.028995652096570734
2022-06-13,-0.017161781929164427,-0.017161781929164427,-0.017161781929164427,-0.017161781929164427,-0.02420800909686159,-0.013729425543331541,-0.013942593532520975,-0.013942593532520975,-0.013942593532520975,-0.013942593532520975,-0.019012430936350536,-0.013747101010041066,-0.013942593532520975,-0.013942593532520975,-0.013942593532520975,-0.013942593532520975,-0.019012430936350536,-0.013747101010041066,-0.027930727497892938,-0.03796815868765324
2022-06-14,-0.0022768287761273376,-0.0022768287761273376,-0.0022768287761273376,-0.0022768287761273376,-0.002384679311140181,-0.0018214630209018702,-0.004146351416454765,-0.004146351416454765,-0.004146351416454765,-0.004146351416454765,-0.002875555583138954,-0.002593410277044634,-0.004146351416454765,-0.004146351416454765,-0.004146351416454765,-0.004146351416454765,-0.002875555583138954,-0.002593410277044634,-0.0016188148336421238,-0.003013346354166613
2022-06-15,-0.005707288290589196,-0.005707288290589196,-0.005707288290589196,-0.005707288290589196,-0.006190139706866105,-0.004565830632471357,-0.0046683303880262275,-0.0046683303880262275,-0.0046683303880262275,-0.0046683303880262275,-0.004574226909035027,-0.003757093348434851,-0.0046683303880262275,-0.0046683303880262275,-0.0046683303880262275,-0.0046683303880262275,-0.004574226909035027,-0.003757093348434851,-0.004864195229373869,0.014256338190961504
2022-06-16,-0.004539991282959108,-0.004539991282959108,-0.004539991282959108,-0.004539991282959108,-0.006830644576588174,-0.003631993026367287,-0.0034462085324254935,-0.0034462085324254935,-0.0034462085324254935,-0.0034462085324254935,-0.004867191312916256,-0.0032605432191251263,-0.0034462085324254935,-0.0034462085324254935,-0.0034462085324254935,-0.0034462085324254935,-0.004867191312916256,-0.0032605432191251263,-0.0020366598778004397,-0.03309603878307621
2022-06-17,-0.0072439134123868515,-0.0072439134123868515,-0.0072439134123868515,-0.0072439134123868515,-0.010394725587504152,-0.005795130729909483,-0.0068699933800976795,-0.0068699933800976795,-0.0068699933800976795,-0.0068699933800976795,-0.009239046031770129,-0.006930309526247278,-0.0068699933800976795,-0.0068699933800976795,-0.0068699933800976795,-0.0068699933800976795,-0.009239046031770129,-0.006930309526247278,-0.013469400211256422,0.0021464379331213434
2022-06-20,-0.017998159933618876,-0.017998159933618876,-0.017998159933618876,-0.017998159933618876,-0.02074497744732251,-0.013841820437355552,-0.015611733133749427,-0.015611733133749427,-0.015611733133749427,-0.015611733133749427,-0.01657902548180504,-0.012958581690073703,-0.015611733133749427,-0.015611733133749427,-0.015611733133749427,-0.015611733133749427,-0.01657902548180504,-0.012958581690073703,-0.009102180289697337,
2022-06-21,0.015504438517956243,0.015504438517956243,0.015504438517956243,0.015504438517956243,0.02218268531087979,0.010861438006123448,0.013821582183930403,0.013821582183930403,0.013821582183930403,0.013821582183930403,0.018571106829719564,0.012462582141526703,0.013821582183930403,0.013821582183930403,0.013821582183930403,0.013821582183930403,0.018571106829719564,0.012462582141526703,0.020459264703483804,0.025173624723693555
2022-06-22,-0.01707497864445076,-0.01707497864445076,-0.01707497864445076,-0.01707497864445076,-0.02235312092284529,-0.013543157817527685,-0.01567621075914719,-0.01567621075914719,-0.01567621075914719,-0.01567621075914719,-0.018354436162248997,-0.013893879981155781,-0.01567621075914719,-0.01567621075914719,-0.01567621075914719,-0.01567621075914719,-0.018354436162248997,-0.013893879981155781,-0.02209490192856367,-0.0018129753446093355
2022-06-23,-0.005763789109319559,-0.005763789109319559,-0.005763789109319559,-0.005763789109319559,-0.008299664934769635,-0.005605183758224974,-0.0049308633789744965,-0.0049308633789744965,-0.0049308633789744965,-0.0049308633789744965,-0.006471948333671205,-0.0053901065834196064,-0.0049308633789744965,-0.0049308633789744965,-0.0049308633789744965,-0.0049308633789744965,-0.006471948333671205,-0.0053901065834196064,-0.013389108570051045,0.0098025662185528
2022-06-24,0.00521729943056308,0.00521729943056308,0.00521729943056308,0.00521729943056308,0.007868633826921701,0.00219532270010962,0.004036404945018348,0.004036404945018348,0.004036404945018348,0.004036404945018348,0.006106391505155399,0.002595249002777127,0.004036404945018348,0.004036404945018348,0.004036404945018348,0.004036404945018348,0.006106391505155399,0.002595249002777127,0.0021204410242956495,0.03179386629448655
2022-06-27,0.016188106532996183,0.016188106532996183,0.016188106532996183,0.016188106532996183,0.020763440356675548,0.008423017389138377,0.014849828216368549,0.014849828216368549,0.014849828216368549,0.014849828216368549,0.016857429443726396,0.008403601533797048,0.014849828216368549,0.014849828216368549,0.014849828216368549,0.014849828216368549,0.016857429443726396,0.008403601533797048,0.023698649057994237,-0.0038197043828572808
2022-06-28,-0.0026284632908299133,-0.0026284632908299133,-0.0026284632908299133,-0.0026284632908299133,-0.0057375652746581626,-0.0006516257627846682,-0.004745454686810032,-0.004745454686810032,-0.004745454686810032,-0.004745454686810032,-0.006625950641427027,-0.003242940400557966,-0.004745454686810032,-0.004745454686810032,-0.004745454686810032,-0.004745454686810032,-0.006625950641427027,-0.003242940400557966,-0.009508010959078272,-0.02043285343481205
2022-06-29,-0.007391060363925311,-0.007391060363925311,-0.007391060363925311,-0.007391060363925311,-0.009614736853718065,-0.0028342998671275653,-0.00748662656357016,-0.00748662656357016,-0.00748662656357016,-0.00748662656357016,-0.008561455667498788,-0.0038007831935219917,-0.00748662656357016,-0.00748662656357016,-0.00748662656357016,-0.00748662656357016,-0.008561455667498788,-0.0038007831935219917,-0.008347245196379194,-0.000814390026440015
2022-06-30,-0.016603191517188864,-0.016603191517188864,-0.016603191517188864,-0.016603191517188864,-0.024032356341377552,-0.010536309523966116,-0.016132585971746032,-0.016132585971746032,-0.016132585971746032,-0.016132585971746032,-0.021265826298768515,-0.01295612617481326,-0.016132585971746032,-0.016132585971746032,-0.016132585971746032,-0.016132585971746032,-0.021265826298768515,-0.01295612617481326,-0.025252524603833426,-0.008124300277758567
2022-07-01,-0.011414253899216338,-0.011414253899216338,-0.023011157362594487,-0.019796988211045606,-0.031242866936219107,-0.014595319634328887,-0.011083883386927862,-0.011083883386927862,-0.02099955905865486,-0.016726485483942382,-0.025742291068023677,-0.015314716170085865,-0.006677150466649144,-0.006677150466649144,-0.02099955905865486,-0.016726485483942382,-0.025742291068023677,-0.015314716170085865,-0.03670120801378929,0.010576514869118592
2022-07-04,0.006615752404965564,0.006615752404965564,0.003905529629066512,0.005036235847479281,0.0008316088729945494,0.0026631031133588895,0.002835703373869183,0.002835703373869183,0.002396988173734035,0.003543068622343892,-0.00019823571821919533,0.0009844059324237856,0.0035624716568365966,0.0035624716568365966,0.002396988173734035,0.003543068622343892,-0.00019823571821919533,0.0009844059324237856,-0.009861103302751473,
2022-07-05,0.003457249956441394,0.003457249956441394,0.0073141077465789656,0.004101670893125894,0.009691875633941128,0.0022205599927276444,0.002364167544646755,0.002364167544646755,0.0059758518005705846,0.0028890085406903616,0.0072067367370348655,0.0016946574956695575,0.0017020398784624042,0.0017020398784624042,0.0059758518005705846,0.0028890085406903616,0.0072067367370348655,0.0016946574956695575,0.0049796565591173625,0.00188857737683934
2022-07-06,-0.027410956785024393,-0.027410956785024393,-0.028959780997828394,-0.02037848092171833,-0.032344468977220354,-0.015990726268292222,-0.02216812567638781,-0.02216812567638781,-0.026580252049250058,-0.01869757647548087,-0.02732497748771004,-0.0150355502648482,-0.016348776780996777,-0.016348776780996777,-0.026580252049250058,-0.01869757647548087,-0.02732497748771004,-0.0150355502648482,-0.019369383116026206,0.0033773394433473936
2022-07-07,-0.004595501028994753,-0.004595501028994753,0.008787650306888897,0.00215812184719736,0.017116621065415415,-0.0016209527141843039,-6.337575461506668e-05,-6.337575461506668e-05,0.008010110908385756,0.0018375703399326783,0.014482217795126573,-0.00044659716392617636,-0.00265689407400992,-0.00265689407400992,0.008010110908385756,0.0018375703399326783,0.014482217795126573,-0.00044659716392617636,0.0298576026234183,0.014977143468688947
2022-07-08,0.010887063957727622,0.010887063957727622,0.011845782282070103,0.0015586450666851687,0.013185034888025417,0.0043483923393655595,0.006945246128086919,0.006945246128086919,0.009588944118478694,0.0016446423934508335,0.009808915758404731,0.0020701947747991762,0.005860314365134428,0.005860314365134428,0.009588944118478694,0.0016446423934508335,0.009808915758404731,0.0020701947747991762,0.010258711342840732,-0.0008225836516971841
2022-07-11,0.0007114293474389244,0.0007114293474389244,-0.002780858344256801,-0.001606401527800963,-0.005143941386483886,-0.0004736287039753263,-0.000918142637522153,-0.000918142637522153,-0.0022974737158434643,-0.001388058654269328,-0.004566599508607703,-0.0013330121025982842,0.0001972722445304242,0.0001972722445304242,-0.0022974737158434643,-0.001388058654269328,-0.004566599508607703,-0.0013330121025982842,-0.008830022075055233,-0.0114235785834087
2022-07-12,-0.004473288004427534,-0.004473288004427534,-0.016771697665248456,-0.005741058157262127,-0.023780105936847443,-0.004032139191014439,-0.006199710440456866,-0.006199710440456866,-0.01595877043389096,-0.006637852801468043,-0.020416153507565017,-0.004406796764833494,-0.0027159741067186906,-0.0027159741067186906,-0.01595877043389096,-0.006637852801468043,-0.020416153507565017,-0.004406796764833494,-0.024053424928660916,-0.008848929851508869
2022-07-13,-0.011545415095034595,-0.011545415095034595,0.0068163391093196135,0.004720593014550467,0.017386068128131905,-0.006080456331714352,-0.0006604749608280849,-0.0006604749608280849,0.009319560159189746,0.005614216857331747,0.017707510460618043,-0.0031933122309838803,-0.005550813818334149,-0.005550813818334149,0.009319560159189746,0.005614216857331747,0.017707510460618043,-0.0031933122309838803,0.03560012585889005,-0.005251687289652196
2022-07-14,0.0003666363092199587,0.0003666363092199587,0.0023705045450755635,-0.0006446331580241826,0.004377382932379415,0.0009586085206335416,-0.00015414902043651914,-0.00015414902043651914,0.0020663269243980363,-0.0002094259578992172,0.003144820856239846,0.0005873716979133074,-0.0002040258211890478,-0.0002040258211890478,0.0020663269243980363,-0.0002094259578992172,0.003144820856239846,0.0005873716979133074,0.0048479776690406595,-0.0024284849213771498
2022-07-15,-0.0047657789581062315,-0.0047657789581062315,-0.0009314520128792941,-0.0015176798646102801,0.0025612532660141407,-0.0017795785823071176,-0.003804006581972751,-0.003804006581972751,-0.0018180390126743278,-0.002096747425439038,0.0008564702274436083,-0.0015962972068213378,-0.0033520486592228775,-0.0033520486592228775,-0.0018180390126743278,-0.002096747425439038,0.0008564702274436083,-0.0015962972068213378,0.013157894736842035,0.019105080973613298
2022-07-18,0.007236848230811582,0.007236848230811582,0.012320604896828069,0.005892749085143673,0.013114459439338845,0.0021203647813378803,0.007205157869615946,0.007205157869615946,0.01153503878737908,0.006192976312043087,0.011869853204654678,0.0013063212638069143,0.004695909815686781,0.004695909815686781,0.01153503878737908,0.006192976312043087,0.011869853204654678,0.0013063212638069143,0.004328977906858817,-0.008256933075751594
2022-07-19,0.007957406127184735,0.007957406127184735,0.003609445063039368,-0.0024230664847351008,0.003894980898340017,0.0035997224849597556,0.00303694707319217,0.00303694707319217,0.001388842548358196,-0.002789024790227171,0.0011868139782022077,0.0014692708987466595,0.0038248434883154684,0.0038248434883154684,0.001388842548358196,-0.002789024790227171,0.0011868139782022077,0.0014692708987466595,0.0008757102118046589,0.027019181769385003
2022-07-20,0.003308270682794656,0.003308270682794656,0.0071601648163851506,0.004396845553704204,0.007839069672421295,0.0006455663157078684,0.0036005687965437127,0.0036005687965437127,0.007084960924133172,0.0043722337545319696,0.006876968536155644,0.0002822537893122912,0.0022080606596789035,0.0022080606596789035,0.007084960924133172,0.0043722337545319696,0.006876968536155644,0.0002822537893122912,0.00656167961483245,0.006373161521445958
2022-07-21,-0.0002860855599093326,-0.0002860855599093326,0.006343102092721667,0.0014282914445809952,0.00943853975558805,-0.0019032789370415526,0.002708970656380811,0.002708970656380811,0.006061885790707851,0.0013929131564985367,0.009058274651522818,-0.0016335559258258392,0.0003311285997083021,0.0003311285997083021,0.006061885790707851,0.0013929131564985367,0.009058274651522818,-0.0016335559258258392,0.011299394940289087,0.010183194374258298
2022-07-22,-0.0018350791900168528,-0.0018350791900168528,0.0016275266414202821,0.0031457720162727104,0.0016058766329343332,-3.561916678956889e-05,9.693007660301002e-05,9.693007660301002e-05,0.002887415467565275,0.003687604175044594,0.0026536988977652835,0.000918880975845012,-0.000589212986100808,-0.000589212986100808,0.002887415467565275,0.003687604175044594,0.0026536988977652835,0.000918880975845012,0.0038676801335482125,-0.009278096561475047
2022-07-25,-0.006714805587428291,-0.006714805587428291,-0.0026092256684926984,0.0016973637399859964,-0.001362547658425295,-0.0030351913305721513,-0.0013371419427510084,-0.0013371419427510084,5.2232830525393396e-05,0.0026891748324916654,0.0012790877050457955,-0.0010411309653854395,-0.003048436863027584,-0.003048436863027584,5.2232830525393396e-05,0.0026891748324916654,0.0012790877050457955,-0.0010411309653854395,-0.0008562166173172736,0.0012149408761987779
2022-07-26,0.011501808567836502,0.011501808567836502,0.001534628846281208,-0.0010022441186674225,-0.002050390309732619,0.004101706759305679,0.005595169959658755,0.005595169959658755,-0.0010714959676648792,-0.001568285718589819,-0.0033667564817431907,0.0018058994272651219,0.006426496795324601,0.006426496795324601,-0.0010714959676648792,-0.001568285718589819,-0.0033667564817431907,0.0018058994272651219,-0.008997390315519604,-0.01183100990754693
2022-07-27,-0.006816596667642949,-0.006816596667642949,-0.0005355765424373965,0.0005016897935246484,0.002482607035055173,-0.0028488912174275847,-0.003345382368824457,-0.003345382368824457,0.0003375611487633058,0.0002939693139958644,0.002606623846567283,-0.0015966051461117744,-0.003838965117994356,-0.003838965117994356,0.0003375611487633058,0.0002939693139958644,0.002606623846567283,-0.0015966051461117744,0.00907907832693211,0.025966367817333857
2022-07-28,0.010435090130251234,0.010435090130251234,0.008585483114777706,0.004481060867983111,0.007332834422287793,0.004196946313382033,0.008038143124914576,0.008038143124914576,0.00739127050125067,0.005176662304177613,0.006389507115290322,0.002928231079878593,0.006496823801555593,0.006496823801555593,0.00739127050125067,0.005176662304177613,0.006389507115290322,0.002928231079878593,0.0017138353287655672,0.012542386475471679
2022-07-29,-0.003276134275351339,-0.003276134275351339,0.006309648603156803,0.005678162574563578,0.00757802628630555,-9.035768905745205e-05,-0.0003507181277787599,-0.0003507181277787599,0.00809341536659046,0.0063930701992102,0.007853450162221045,0.0009285448310627383,-0.0016741437899668514,-0.0016741437899668514,0.00809341536659046,0.0063930701992102,0.007853450162221045,0.0009285448310627383,0.009409738749041718,0.014578724858715253
2022-08-01,0.0007781217178401429,0.0007781217178401429,2.812171784014267e-05,-0.0009450068020784883,-0.00012187828215985729,0.0010781217178401426,-0.0006076813750905477,-0.0006076813750905477,-0.0008404736470301365,-0.0009225018463128023,-0.0010961611475640595,0.00015408465333562917,-1.2064122046355659e-06,-1.2064122046355659e-06,-0.0006014060931606069,-0.0006834342924432728,-0.0008570935936945295,0.0003931522072051591,-0.0029660887637380506,-0.002961239956361772
2022-08-02,-0.005410051952478789,-0.005410051952478789,-0.005410051952478789,0.007455452280050363,-0.005410051952478789,-0.005410051952478789,0.005890115608844228,0.005890115608844228,0.005890115608844228,0.010522420721277287,0.005890115608844228,0.005890115608844228,-0.00015903374440284128,-0.00015903374440284128,-0.00015903374440284128,0.004473271368030218,-0.00015903374440284128,-0.00015903374440284128,-0.015894589459140497,-0.006597345296781021
2022-08-03,0.0015335755187865967,0.0015335755187865967,0.0015335755187865967,-0.00142089221824937,0.0015335755187865967,0.0015335755187865967,-0.0007418266977546368,-0.0007418266977546368,-0.0007418266977546368,-0.001805601249877247,-0.0007418266977546368,-0.0007418266977546368,0.00021123922117298802,0.00021123922117298802,0.00021123922117298802,-0.000852535330949622,0.00021123922117298802,0.00021123922117298802,0.00605795698619449,0.015659497835290637
2022-08-04,-0.009763200212384858,-0.009763200212384858,-0.009763200212384858,0.0005727234679114475,-0.009763200212384858,-0.009763200212384858,-0.003102291029391186,-0.003102291029391186,-0.003102291029391186,0.0006192228141857193,-0.003102291029391186,-0.003102291029391186,-0.003377879762830037,-0.003377879762830037,-0.003377879762830037,0.00034363408074686855,-0.003377879762830037,-0.003377879762830037,0.002580671412970359,-0.0006755911956808358
2022-08-05,-0.012580400541742549,-0.012580400541742549,-0.012580400541742549,-0.004758168825162705,-0.012580400541742549,-0.012580400541742549,-0.012008082441273708,-0.012008082441273708,-0.012008082441273708,-0.009191639081072378,-0.012008082441273708,-0.012008082441273708,-0.005671344655298954,-0.005671344655298954,-0.005671344655298954,-0.002854901295097623,-0.005671344655298954,-0.005671344655298954,0.025310998464171064,-0.00169015666112049
2022-08-08,-0.001059617512739937,-0.001059617512739937,-0.001059617512739937,-0.002516015219629704,-0.001059617512739937,-0.001059617512739937,-0.0016422082187353651,-0.0016422082187353651,-0.0016422082187353651,-0.0021665933047317187,-0.0016422082187353651,-0.0016422082187353651,-0.0009852240457814691,-0.0009852240457814691,-0.0009852240457814691,-0.001509609131777823,-0.0009852240457814691,-0.0009852240457814691,-0.0020920502092049986,-0.0011609330420851993
2022-08-09,0.006707927252579514,0.006707927252579514,0.006707927252579514,0.0019952167666077067,0.006707927252579514,0.006707927252579514,0.003578166747695918,0.003578166747695918,0.003578166747695918,0.001881325917906495,0.003578166747695918,0.003578166747695918,0.002893970889754047,0.002893970889754047,0.002893970889754047,0.001197130059964624,0.002893970889754047,0.002893970889754047,-0.0008385616278497876,-0.003971002129927292
2022-08-10,0.0007743362028133824,0.0007743362028133824,0.0007743362028133824,0.0027403541697992306,0.0007743362028133824,0.0007743362028133824,0.003360437283248992,0.003360437283248992,0.003360437283248992,0.004068314325221211,0.003360437283248992,0.003360437283248992,0.0009363354599073199,0.0009363354599073199,0.0009363354599073199,0.0016442125018795385,0.0009363354599073199,0.0009363354599073199,-0.010490977624775799,0.021003972292843898
2022-08-11,-0.0017018300618676738,-0.0017018300618676738,-0.0017018300618676738,-0.00745515043263815,-0.0017018300618676738,-0.0017018300618676738,-0.00900800062490757,-0.00900800062490757,-0.00900800062490757,-0.011079519539774551,-0.00900800062490757,-0.00900800062490757,-0.0024015713447159094,-0.0024015713447159094,-0.0024015713447159094,-0.004473090259582891,-0.0024015713447159094,-0.0024015713447159094,0.018235805751088074,0.0
2022-08-12,0.005898104318103299,0.005898104318103299,0.005898104318103299,-0.0013482695621300775,0.005898104318103299,0.005898104318103299,3.229575395396122e-05,3.229575395396122e-05,3.229575395396122e-05,-0.0025768063974513904,3.229575395396122e-05,3.229575395396122e-05,0.0018001404141273045,0.0018001404141273045,0.0018001404141273045,-0.0008089617372780467,0.0018001404141273045,0.0018001404141273045,0.006247396759137436,0.016929012677594724
2022-08-15,-0.01085902240047032,-0.01085902240047032,-0.01085902240047032,-0.0023829843537985043,-0.01085902240047032,-0.01085902240047032,-0.007037057704386497,-0.007037057704386497,-0.007037057704386497,-0.003985207293619008,-0.007037057704386497,-0.007037057704386497,-0.004481641023046592,-0.004481641023046592,-0.004481641023046592,-0.0014297906122791026,-0.004481641023046592,-0.004481641023046592,0.009105947403410086,0.004120766150540245
2022-08-16,-0.009087198291453472,-0.009087198291453472,-0.009087198291453472,-0.001809955969453954,-0.009087198291453472,-0.009087198291453472,-0.004292851791051821,-0.004292851791051821,-0.004292851791051821,-0.0016726352644908804,-0.004292851791051821,-0.004292851791051821,-0.0037061901082333128,-0.0037061901082333128,-0.0037061901082333128,-0.0010859735816723727,-0.0037061901082333128,-0.0037061901082333128,0.0016406640339519107,0.0019587438421893033
2022-08-17,-0.007152243003146541,-0.007152243003146541,-0.007152243003146541,-0.0011642207090073833,-0.007152243003146541,-0.007152243003146541,-0.0036985325185069184,-0.0036985325185069184,-0.0036985325185069184,-0.0015425077109933272,-0.0036985325185069184,-0.0036985325185069184,-0.0028545572329180214,-0.0028545572329180214,-0.0028545572329180214,-0.0006985324254044301,-0.0028545572329180214,-0.0028545572329180214,0.00040952540853966823,-0.0070980177423810575
2022-08-18,0.0017631447888786234,0.0017631447888786234,0.0017631447888786234,-0.0021171041729697304,0.0017631447888786234,0.0017631447888786234,-0.000607612930642262,-0.000607612930642262,-0.000607612930642262,-0.0020047207919910983,-0.000607612930642262,-0.000607612930642262,0.0001268453575669977,0.0001268453575669977,0.0001268453575669977,-0.0012702625037818384,0.0001268453575669977,0.0001268453575669977,-0.006549349502777746,0.002906412210693654
2022-08-19,0.00470432365369422,0.00470432365369422,0.00470432365369422,-0.001871029960032966,0.00470432365369422,0.00470432365369422,0.00034455846858234915,0.00034455846858234915,0.00034455846858234915,-0.0020229386469921003,0.00034455846858234915,0.00034455846858234915,0.0012448791395546696,0.0012448791395546696,0.0012448791395546696,-0.0011226179760197798,0.0012448791395546696,0.0012448791395546696,0.001648163000837366,-0.013438032679318979
2022-08-22,0.0003919551976723592,0.0003919551976723592,0.0003919551976723592,0.0009293129920763623,0.0003919551976723592,0.0003919551976723592,0.0019463139839703504,0.0019463139839703504,0.0019463139839703504,0.0021397930123266354,0.0019463139839703504,0.0019463139839703504,0.00036410876688953205,0.00036410876688953205,0.00036410876688953205,0.0005575877952458175,0.00036410876688953205,0.00036410876688953205,-0.012340600266059099,-0.020822495475209313
2022-08-23,0.008212052022273153,0.008212052022273153,0.008212052022273153,0.0028299343636363217,0.008212052022273153,0.008212052022273153,0.0072515486757955775,0.0072515486757955775,0.0072515486757955775,0.005313683614682579,0.0072515486757955775,0.0072515486757955775,0.0036358256792947915,0.0036358256792947915,0.0036358256792947915,0.0016979606181817932,0.0036358256792947915,0.0036358256792947915,-0.015410296180650818,-0.0024192572522898637
2022-08-24,0.01251555213102636,0.01251555213102636,0.01251555213102636,0.002628521795864073,0.01251555213102636,0.01251555213102636,0.006679626266628447,0.006679626266628447,0.006679626266628447,0.003119739274204714,0.006679626266628447,0.006679626266628447,0.005137000069942177,0.005137000069942177,0.005137000069942177,0.001577113077518444,0.005137000069942177,0.005137000069942177,-0.002538032403627266,0.003201181774415529
2022-08-25,0.004920416612985516,0.004920416612985516,0.004920416612985516,-0.001595343852158944,0.004920416612985516,0.004920416612985516,-0.0010428139624657183,-0.0010428139624657183,-0.0010428139624657183,-0.0033888541928799444,-0.0010428139624657183,-0.0010428139624657183,0.0013888339191188595,0.0013888339191188595,0.0013888339191188595,-0.0009572063112953666,0.0013888339191188595,0.0013888339191188595,0.009329927564756257,0.014117523988503633
2022-08-26,-0.009136796544959802,-0.009136796544959802,-0.009136796544959802,-0.0019050388625404904,-0.009136796544959802,-0.009136796544959802,-0.005504322474105464,-0.005504322474105464,-0.005504322474105464,-0.0029004829759653643,-0.005504322474105464,-0.005504322474105464,-0.0037468628156643938,-0.0037468628156643938,-0.0037468628156643938,-0.0011430233175242944,-0.0037468628156643938,-0.0037468628156643938,0.005042003984210952,-0.033849042636585946
2022-08-29,0.005810380933527037,0.005810380933527037,0.005810380933527037,0.0022002554662479135,0.005810380933527037,0.005810380933527037,0.007904974926870914,0.007904974926870914,0.007904974926870914,0.006605126716000258,0.007904974926870914,0.007904974926870914,0.0026200014906194048,0.0026200014906194048,0.0026200014906194048,0.0013201532797487486,0.0026200014906194048,0.0026200014906194048,-0.02550163429160268,-0.006612204712255654
2022-08-30,0.010794665869392223,0.010794665869392223,0.010794665869392223,0.0009307217806564145,0.010794665869392223,0.010794665869392223,0.003734469656070622,0.003734469656070622,0.003734469656070622,0.00018289501078971393,0.003734469656070622,0.003734469656070622,0.004110007713674757,0.004110007713674757,0.004110007713674757,0.0005584330683938489,0.004110007713674757,0.004110007713674757,0.001715975486962229,-0.010977854044983193
2022-08-31,-0.01883109381422691,-0.01883109381422691,-0.01883109381422691,-0.0047907837941502844,-0.01883109381422691,-0.01883109381422691,-0.011614498897955928,-0.011614498897955928,-0.011614498897955928,-0.006559197627936412,-0.011614498897955928,-0.011614498897955928,-0.007929771546509687,-0.007929771546509687,-0.007929771546509687,-0.002874470276490171,-0.007929771546509687,-0.007929771546509687,0.007280500849002891,-0.00760904759879355
2022-09-01,-0.008875669224125304,-0.008875669224125304,-0.009076792481436632,0.0031666820361520016,-0.009076792481436632,-0.009076792481436632,0.0006816275329336512,0.0006816275329336512,0.0023550637854030596,0.006763403215922244,0.0023550637854030596,0.0023550637854030596,-0.003570239568376774,-0.003570239568376774,-0.002508330208827983,0.0019000092216912012,-0.002508330208827983,-0.002508330208827983,-0.02083330765332736,0.0031378631887633013
2022-09-02,-0.0002841884203506617,-0.0002841884203506617,-0.0012315863360981743,0.0018117374847354721,-0.0012315863360981743,-0.0012315863360981743,0.0026706092751398996,0.0026706092751398996,0.002225967634164946,0.0033217353739471633,0.002225967634164946,0.002225967634164946,-0.00011367536814026451,-0.00011367536814026451,-8.725248940933631e-06,0.0010870424908412837,-8.725248940933631e-06,-8.725248940933631e-06,-0.010855405848336663,-0.010544430280438832
2022-09-05,0.001897010621398687,0.001897010621398687,0.0036541577619323045,0.00238948401433318,0.0036541577619323045,0.0036541577619323045,0.0012633434168424923,0.0012633434168424923,0.003038839598314063,0.002583485920706074,0.003038839598314063,0.003038839598314063,0.0007588042485594748,0.0007588042485594748,0.0018890440862078975,0.001433690408599908,0.0018890440862078975,0.0018890440862078975,0.0021949077844674036,
2022-09-06,0.0005399691487396607,0.0005399691487396607,0.0013979345963370062,0.001037955163843899,0.0013979345963370062,0.0013979345963370062,0.00035960076430954617,0.00035960076430954617,0.0012518394548124087,0.0011222266129548486,0.0012518394548124087,0.0012518394548124087,0.0002159876594958643,0.0002159876594958643,0.0007523859401638998,0.0006227730983063396,0.0007523859401638998,0.0007523859401638998,0.006570302146075457,-0.003773150381391921
2022-09-07,-0.010968346685392594,-0.010968346685392594,-0.011303340651310704,0.0011022778309720902,-0.011303340651310704,-0.011303340651310704,-0.0022004362778183274,-0.0022004362778183274,-0.0008425302605356375,0.0036241901166629504,-0.0008425302605356375,-0.0008425302605356375,-0.004387338674157038,-0.004387338674157038,-0.0038053536786153332,0.0006613666985832546,-0.0038053536786153332,-0.0038053536786153332,-0.023498734045086955,0.017964962734754897
2022-09-08,-0.01874645678284531,-0.01874645678284531,-0.0090565915484081,0.0006539676794316365,-0.0090565915484081,-0.0090565915484081,-0.015277433561469503,-0.015277433561469503,-0.004120292678791625,-0.0006239452101885041,-0.004120292678791625,-0.004120292678791625,-0.007498582713138125,-0.007498582713138125,-0.0031039668609441386,0.00039238060765898206,-0.0031039668609441386,-0.0031039668609441386,0.007130152170385928,0.006536291697658347
2022-09-09,0.0,0.0,0.0,0.0,0.0,-0.0005,0.0,0.0,0.0,0.0,0.0,-0.000180028121273348,0.0,0.0,0.0,0.0,0.0,-0.000180028121273348,,0.01553524437995768
2022-09-12,0.005173387582505851,0.005173387582505851,0.0034489250550038993,-0.006745356325623009,0.0034489250550038993,-0.006745356325623009,-0.003314250349325861,-0.003314250349325861,-0.006843835717553799,-0.010514350366926068,-0.006843835717553799,-0.010514350366926068,0.0020693550330023406,0.0020693550330023406,-0.00037669914600153625,-0.004047213795373805,-0.00037669914600153625,-0.004047213795373805,0.02123895155645039,0.010747651381183054
2022-09-13,0.010876783082267971,0.010876783082267971,0.008583931971515931,0.00018529740241438985,0.008583931971515931,0.00018529740241438985,0.006093701197634193,0.006093701197634193,0.00267634364137349,-0.0003476371640999999,0.00267634364137349,-0.0003476371640999999,0.004350713232907188,0.004350713232907188,0.0031351592469221236,0.0001111784414486338,0.0031351592469221236,0.0001111784414486338,0.005199293467830213,-0.043482480629019826
2022-09-14,0.005085620526420476,0.005085620526420476,-1.909890264236054e-06,0.0023647233622090535,-1.909890264236054e-06,0.0023647233622090535,0.00915600605153194,0.00915600605153194,0.004453952294145732,0.00530607337051733,0.004453952294145732,0.00530607337051733,0.0020342482105681903,0.0020342482105681903,0.0005667129409538335,0.0014188340173254322,0.0005667129409538335,0.0014188340173254322,-0.020258607535526663,0.003815822886568565
2022-09-15,0.008502063728089537,0.008502063728089537,0.002836861932128917,-0.0033970974899563498,0.002836861932128917,-0.0033970974899563498,0.005094972648849299,0.005094972648849299,-0.0016985929630386242,-0.003943168968743217,-0.0016985929630386242,-0.003943168968743217,0.003400825491235815,0.003400825491235815,0.00020631751173078293,-0.0020382584939738105,0.00020631751173078293,-0.0020382584939738105,0.0017597619494678085,-0.011353296799374357
2022-09-16,-0.012217022307416003,-0.012217022307416003,-0.013104103226969383,-0.0021249708426277856,-0.013104103226969383,-0.0021249708426277856,-0.00529569996073739,-0.00529569996073739,-0.004896970400735787,-0.0009438652480070042,-0.004896970400735787,-0.0009438652480070042,-0.0048868089229664015,-0.0048868089229664015,-0.005228087658305455,-0.0012749825055766717,-0.005228087658305455,-0.0012749825055766717,-0.011418493103087513,-0.007597656094770049
2022-09-19,0.0022446991577338427,0.0022446991577338427,0.0024117897496239342,0.0020395496987385777,0.0024117897496239342,0.0020395496987385777,0.0026214831856581074,0.0026214831856581074,0.0028760577378240384,0.0027420303837768665,0.0028760577378240384,0.0027420303837768665,0.0008978796630935372,0.0008978796630935372,0.0013577571732903194,0.0012237298192431469,0.0013577571732903194,0.0012237298192431469,-0.004442469892871226,0.007754928554071894
2022-09-20,-0.002249629613806259,-0.002249629613806259,-0.0013476120603302573,-0.002648963494291889,-0.0013476120603302573,-0.002648963494291889,-0.004305173025420565,-0.004305173025420565,-0.0037331794992917435,-0.0042017392068367234,-0.0037331794992917435,-0.0042017392068367234,-0.0008998518455225036,-0.0008998518455225036,-0.0011208183890301538,-0.0015893780965751338,-0.0011208183890301538,-0.0015893780965751338,0.008924586994773165,-0.011478552554876287
2022-09-21,-0.0027212648167375675,-0.0027212648167375675,-0.003182791998789753,0.0008912693596267638,-0.003182791998789753,0.0008912693596267638,0.00045237104979041227,0.00045237104979041227,0.0005759798341670873,0.0020428710587832265,0.0005759798341670873,0.0020428710587832265,-0.001088505926695027,-0.001088505926695027,-0.0009321296088400813,0.0005347616157760582,-0.0009321296088400813,0.0005347616157760582,-0.00840340160983255,-0.017443780763191308
2022-09-22,0.00223456714154624,0.00223456714154624,0.0010316157375103163,0.004031237807871735,0.0010316157375103163,0.004031237807871735,0.005986922679166433,0.005986922679166433,0.005422444950277253,0.006502477601991726,0.005422444950277253,0.006502477601991726,0.0008938268566184959,0.0008938268566184959,0.0013387100330085676,0.002418742684723041,0.0013387100330085676,0.002418742684723041,-0.012042805463844397,-0.008399833871300055
2022-09-23,0.003585289922435342,0.003585289922435342,0.0043779772673255835,0.004756343835828384,0.0043779772673255835,0.004756343835828384,0.0051620634345149715,0.0051620634345149715,0.006328442089931422,0.006464675334891827,0.006328442089931422,0.006464675334891827,0.0014341159689741367,0.0014341159689741367,0.0027175730565366252,0.002853806301497031,0.0027175730565366252,0.002853806301497031,-0.009480840196458784,-0.016754820675589754
2022-09-26,-0.016876976411432765,-0.016876976411432765,-0.018091274389462342,0.0008481191394312804,-0.018091274389462342,0.0008481191394312804,-0.0035352318208427824,-0.0035352318208427824,-0.002230720684654937,0.004588526185471709,-0.002230720684654937,0.004588526185471709,-0.006750790564573106,-0.006750790564573106,-0.006310375386467878,0.0005088714836587686,-0.006310375386467878,0.0005088714836587686,-0.018687287870486347,-0.009892687940418976
2022-09-27,-0.006730788520584785,-0.0023603044125327923,-0.005263096104444604,-0.0018494400324099434,-0.005263096104444604,-0.0018494400324099434,-0.00555826701223942,-0.002647675862121763,-0.0037413863020080034,-0.00251227812336449,-0.0037413863020080034,-0.00251227812336449,-0.0026923154082339144,-0.0009441217650131171,-0.00233877219808948,-0.0011096640194459663,-0.00233877219808948,-0.0011096640194459663,-0.001393418706481353,-0.0025527509044867003
2022-09-28,0.012116324231084663,0.012116324231084663,0.006366542973389306,0.006366542973389306,0.006366542973389306,0.006366542973389306,0.01616359587964667,0.01616359587964667,0.01074098871364175,0.01074098871364175,0.01074098871364175,0.01074098871364175,0.004846529692433866,0.004846529692433866,0.0038199257840335846,0.0038199257840335846,0.0038199257840335846,0.0038199257840335846,-0.020930232558139528,0.019676354781243965
2022-09-29,0.02489864009142767,-0.0015772855240666073,0.0220712695431227,0.004420652466126514,0.0220712695431227,0.004420652466126514,0.01552789662741717,-0.002104153480180272,0.010632609681157338,0.004277394817783547,0.010632609681157338,0.004277394817783547,0.00995945603657107,-0.000630914209626643,0.009007606343049701,0.0026523914796759084,0.009007606343049701,0.0026523914796759084,-0.0033254011792978044,-0.020888970555351105
2022-09-30,0.00012255753664558444,0.004746830787171308,0.0028505145082336663,0.005933363341917482,0.0028505145082336663,0.005933363341917482,0.003252830626415885,0.006332436561581973,0.006816370425206576,0.007926369392602235,0.006816370425206576,0.007926369392602235,4.9023014658233647e-05,0.0018987323148685232,0.002450019037754831,0.0035600180051504893,0.002450019037754831,0.0035600180051504893,-0.013822731711581548,-0.015463534653672784
2022-10-03,0.009861643358183292,0.0054858694019280785,0.008861643358183291,0.004735869401928079,0.00642187011510853,0.0035046874776050543,0.010173239243858453,0.008037571398716987,0.009319852868502855,0.007275827445226231,0.006586151622367607,0.005535801803085646,0.003944657343273317,0.0021943477607712313,0.0035246854645466646,0.0018943477607712314,0.0031531623058449944,0.0021028124865630324,-0.012083132304251287,0.02640123430525132
2022-10-04,0.0006101793899274677,-0.012403089313450577,0.0006101793899274677,-0.012403089313450577,0.00742752925840732,-0.001247983210511375,-0.011739720722545482,-0.01842979518554186,-0.011739720722545482,-0.01842979518554186,-0.002174480427752718,-0.005298152849478593,0.00024407175597098742,-0.004961235725380231,0.00024407175597098742,-0.004961235725380231,0.0023748824954190496,-0.0007487899263068252,0.025440373592499732,0.030986651545366062
2022-10-05,0.004734105407322664,-0.007949118063516503,0.004734105407322664,-0.007949118063516503,0.006743539429662954,-0.001711942884229822,-0.005291223826197218,-0.011811623226596225,-0.005291223826197218,-0.011811623226596225,-0.00133729458191681,-0.004381743772777086,0.0018936421629290661,-0.0031796472254066012,0.0018936421629290661,-0.0031796472254066012,0.0020172834603223826,-0.0010271657305378937,0.023377832794834852,-0.0023282400189708063
2022-10-06,0.005822987703455518,-0.0024232802529101094,0.005822987703455518,-0.0024232802529101094,0.004325629455045296,-0.0011718825158651227,0.0006386157119009405,-0.003600760875749647,0.0006386157119009405,-0.003600760875749647,-5.912829486268622e-05,-0.0020385417984641724,0.0023291950813822074,-0.0009693121011640438,0.0023291950813822074,-0.0009693121011640438,0.0012762839940824128,-0.0007031295095190737,0.006993006993007089,-0.010315797736977772
2022-10-07,0.010008943125928926,0.0064935004616650804,0.010008943125928926,0.0064935004616650804,0.004752688379560961,0.002409059936718398,0.011455992160362761,0.009648715777280435,0.011455992160362761,0.009648715777280435,0.005515864003553148,0.00467202595249769,0.00400357725037157,0.002597400184666032,0.00400357725037157,0.002597400184666032,0.0022892740130864963,0.0014454359620310385,-0.016666694923683445,-0.027893899575583303
2022-10-10,0.0,0.0,0.0,0.0,0.0,0.0,0.0,0.0,0.0,0.0,0.0,0.0,0.0,0.0,0.0,0.0,0.0,0.0,,-0.00763532474987394
2022-10-11,0.03559380306807447,0.02243591507040832,0.03559380306807447,0.02243591507040832,0.014667992956940618,0.005896067625163185,0.04010202991604846,0.03333760719592878,0.04010202991604846,0.03333760719592878,0.01667621212219917,0.013517825647339207,0.01423752122722979,0.008974366028163329,0.01423752122722979,0.008974366028163329,0.006696027049957874,0.003537640575097912,-0.051789078701014346,-0.006332978303630554
2022-10-12,-0.010222123914037429,0.0007668887201756069,-0.010222123914037429,0.0007668887201756069,-0.006356653585837775,0.0009693548369709148,-0.00450988900757852,0.0011395227177483532,-0.00450988900757852,0.0011395227177483532,-0.0013455594635355646,0.0012922156020463787,-0.004088849565614972,0.0003067554880702428,-0.004088849565614972,0.0003067554880702428,-0.0020561621633993945,0.000581612902182549,-0.004965243447395462,-0.0032984645496528797
2022-10-13,0.0021958464102651565,0.009954030124569857,0.0021958464102651565,0.009954030124569857,0.0017688465220105547,0.006940968998213688,0.010802275054999682,0.014790729295772492,0.010802275054999682,0.014790729295772492,0.008811374768657017,0.01067362975343003,0.0008783385641060624,0.003981612049827943,0.0008783385641060624,0.003981612049827943,0.0023023264141552,0.004164581398928213,-0.011976017812276418,0.026391080677980572
2022-10-14,-0.0023077323874553524,-0.014264268886904519,-0.0023077323874553524,-0.014264268886904519,-0.0018431584469401638,-0.009814182779906273,-0.015048516380805258,-0.021195328632525285,-0.015048516380805258,-0.021195328632525285,-0.012282378932428428,-0.01515239600300449,-0.0009230929549821406,-0.005705707554761808,-0.0009230929549821406,-0.005705707554761808,-0.0030184925973677033,-0.005888509667943765,0.02878786337496053,-0.022788743093893893
2022-10-17,-0.007641392845389283,0.0069551897609276825,-0.007641392845389283,0.0069551897609276825,-0.0081439837230202,0.001587071347857775,0.002830691148942058,0.01033474157373573,0.002830691148942058,0.01033474157373573,0.0004265638838994003,0.003930291008734697,-0.003056557138155714,0.002782075904371073,-0.003056557138155714,0.002782075904371073,-0.002551484316120631,0.000952242808714665,-0.01865489989537583,0.0256969558368505
2022-10-18,-0.005940064767480213,-0.004573166410281881,-0.005940064767480213,-0.004573166410281881,-0.002574999269087848,-0.0016637336976222936,-0.007498001988980518,-0.006795284477996483,-0.007498001988980518,-0.006795284477996483,-0.0035829053417852697,-0.0032547984841612143,-0.002376025906992085,-0.0018292665641127526,-0.002376025906992085,-0.0018292665641127526,-0.0013263470761974315,-0.0009982402185733763,0.011505768494164403,0.011749625081884707
2022-10-19,-0.00881663122442522,0.004615380213810805,-0.00881663122442522,0.004615380213810805,-0.008329859090798569,0.000624815201358782,-4.7338470290997185e-05,0.006858010121050352,-4.7338470290997185e-05,0.006858010121050352,-0.0010792161907440855,0.0021449701881195837,-0.003526652489770088,0.001846152085524322,-0.003526652489770088,0.001846152085524322,-0.0028492972580484,0.00037488912081526946,-0.013353100835769571,-0.007086478722309053
2022-10-20,0.019950196803184994,0.0030487776068546246,0.019950196803184994,0.0030487776068546246,0.010366666130102582,-0.0009009466674509969,0.013219148247343923,0.004530189651997711,0.013219148247343923,0.004530189651997711,0.004053537550396398,-3.4367759618094545e-06,0.007980078721273999,0.00121951104274185,0.007980078721273999,0.00121951104274185,0.0035164063258876096,-0.0005405680004705981,-0.005513815055216198,-0.008385336059404724
2022-10-21,-2.6855865451147487e-05,0.0037878932922231767,-2.6855865451147487e-05,0.0037878932922231767,-0.0026658802237636095,-0.00012271411864739346,0.003667295546207175,0.0056284443170666505,0.003667295546207175,0.0056284443170666505,0.0001576142435164348,0.0010732970754966952,-1.0742346180459082e-05,0.0015151573168892707,-1.0742346180459082e-05,0.0015151573168892707,-0.0009893113031686966,-7.36284711884362e-05,-0.0030241474958896397,0.02430148270112431
2022-10-24,-0.005275937886402682,-0.0022556548404599752,-0.005275937886402682,-0.0022556548404599752,0.003862221827299228,0.005875743857927699,-0.0049044022810795776,-0.003351685670268562,-0.0049044022810795776,-0.003351685670268562,0.004909667206279311,0.005634648382912392,-0.002110375154561073,-0.0009022619361839902,-0.002110375154561073,-0.0009022619361839902,0.0028004651381235393,0.00352544631475662,-0.003033397847615915,0.012236464954195947
2022-10-25,0.00873128791028166,0.006797594723847222,0.00873128791028166,0.006797594723847222,0.004438367832298043,0.003149239041341752,0.011094675225812036,0.010100570539225721,0.011094675225812036,0.010100570539225721,0.00603327529077171,0.005569116422141222,0.0034925151641126643,0.0027190378895388893,0.0034925151641126643,0.0027190378895388893,0.002353702293435539,0.0018895434248050516,-0.01926979264992168,0.015968586556123432
2022-10-26,-0.0020747381113486174,-0.0037257966058574787,-0.0020747381113486174,-0.0037257966058574787,0.00031356653900423614,-0.0007871391240016714,-0.004687371414861182,-0.005536174626629159,-0.004687371414861182,-0.005536174626629159,-0.0016409351482281087,-0.0020372510933998854,-0.0008298952445394469,-0.0014903186423429915,-0.0008298952445394469,-0.0014903186423429915,-7.59675292292259e-05,-0.00047228347440100285,0.009307151543765046,-0.007534096209333541
2022-10-27,0.010522507254155544,-0.006756732568522772,0.010522507254155544,-0.006756732568522772,0.008396222691123795,-0.003123270523995081,-0.0011566584996848261,-0.010039853315118277,-0.0011566584996848261,-0.010039853315118277,-0.0013803645512481168,-0.005528029994325978,0.004209002901662218,-0.0027026930274091088,0.004209002901662218,-0.0027026930274091088,0.0022737031286808127,-0.0018739623143970486,0.014344278153345602,-0.00533997718970336
2022-10-28,0.006849290213030046,0.006849290213030046,0.006849290213030046,0.006849290213030046,0.003954868255146127,0.003954868255146127,0.01017738505322125,0.01017738505322125,0.01017738505322125,0.01017738505322125,0.006456613173794903,0.006456613173794903,0.0027397160852120185,0.0027397160852120185,0.0027397160852120185,0.0027397160852120185,0.002372920953087676,0.002372920953087676,-0.012626262626262652,0.023790667313994707
2022-10-31,-0.008877621251372148,-0.006756732568522772,-0.008877621251372148,-0.006756732568522772,-0.009899431215732408,-0.008485505427166157,-0.011130194530642814,-0.010039853315118277,-0.011130194530642814,-0.010039853315118277,-0.011834716881042422,-0.011325624074371383,-0.003551048500548859,-0.0027026930274091088,-0.003551048500548859,-0.0027026930274091088,-0.005600396062970733,-0.005091303256299695,0.013299263956601637,-0.007223272936998093
2022-11-01,-0.009110378908440629,-0.00836037890844063,-0.0059351127976987605,-0.0038051894542203146,-0.00961037890844063,-0.009110378908440629,-0.00838152349349708,-0.007995951200968854,-0.006749130648555848,-0.005654144746616691,-0.00905162502512299,-0.008871596903849642,-0.001822075781688126,-0.001522075781688126,-0.0023740451190795045,-0.001522075781688126,-0.002002103902961474,-0.001822075781688126,0.0055527047492960335,-0.004375864112264538
2022-11-02,-0.0030674817461688875,-0.0030674817461688875,0.012369963116211524,-0.0015337408730844437,-0.0030674817461688875,-0.0030674817461688875,-0.0030674817461688875,-0.0030674817461688875,0.004868852928985902,-0.0022789911000630062,-0.0030674817461688875,-0.0030674817461688875,-0.0006134963492337776,-0.0006134963492337776,0.004947985246484611,-0.0006134963492337776,-0.0006134963492337776,-0.0006134963492337776,0.004016079638624159,-0.025096208707478307
2022-11-03,0.00923076042762161,0.00923076042762161,0.004095126542387861,0.004615380213810805,0.00923076042762161,0.00923076042762161,0.00923076042762161,0.00923076042762161,0.006590549586667991,0.006858010121050352,0.00923076042762161,0.00923076042762161,0.001846152085524322,0.001846152085524322,0.0016380506169551446,0.001846152085524322,0.001846152085524322,0.001846152085524322,-0.013000030517578143,-0.010296863984421645
2022-11-04,-0.006097555213709138,-0.006097555213709138,-0.0004446507800964228,-0.003048777606854569,-0.006097555213709138,-0.006097555213709138,-0.006097555213709138,-0.006097555213709138,-0.003191417451161105,-0.004530189651997627,-0.006097555213709138,-0.006097555213709138,-0.0012195110427418278,-0.0012195110427418278,-0.0001778603120385692,-0.0012195110427418278,-0.0012195110427418278,-0.0012195110427418278,0.0015197723456623624,0.014393132792465568
2022-11-07,-0.013803704425026875,-0.013803704425026875,0.00035205187334369503,-0.006901852212513437,-0.013803704425026875,-0.013803704425026875,-0.013803704425026875,-0.013803704425026875,-0.006526281213782065,-0.01025548711800046,-0.013803704425026875,-0.013803704425026875,-0.002760740885005375,-0.002760740885005375,0.00014082074933747775,-0.002760740885005375,-0.002760740885005375,-0.002760740885005375,0.017197820980055845,0.009565580032235843
2022-11-08,-0.007776005479400494,-0.007776005479400494,-0.0033772658183109927,-0.003888002739700247,-0.007776005479400494,-0.007776005479400494,-0.007776005479400494,-0.007776005479400494,-0.005514629298919016,-0.005777197306464167,-0.007776005479400494,-0.007776005479400494,-0.001555201095880099,-0.001555201095880099,-0.0013509063273243972,-0.001555201095880099,-0.001555201095880099,-0.001555201095880099,0.010442520044706471,0.005395414467974202
2022-11-09,-0.023510986312980098,-0.023510986312980098,-0.027826948662961648,-0.011755493156490049,-0.023510986312980098,-0.023510986312980098,-0.023510986312980098,-0.023510986312980098,-0.02572980697664396,-0.017467529718116454,-0.023510986312980098,-0.023510986312980098,-0.0047021972625960196,-0.0047021972625960196,-0.011130779465184659,-0.0047021972625960196,-0.0047021972625960196,-0.0047021972625960196,0.028543322533785,-0.02060208145860598
2022-11-10,0.011235982575773296,0.011235982575773296,-0.009142142771479234,0.005617991287886648,0.011235982575773296,0.011235982575773296,0.011235982575773296,0.011235982575773296,0.0007596618990163631,0.008347793535407893,0.011235982575773296,0.011235982575773296,0.0022471965151546593,0.0022471965151546593,-0.0036568571085916933,0.0022471965151546593,0.0022471965151546593,0.0022471965151546593,-0.009569377990430672,0.054954153075837064
2022-11-11,-0.03809527629987697,-0.03809527629987697,-0.014702177836569685,-0.019047638149938484,-0.03809527629987697,-0.03809527629987697,-0.03809527629987697,-0.03809527629987697,-0.02606896882809577,-0.028302954288250477,-0.03809527629987697,-0.03809527629987697,-0.007619055259975394,-0.007619055259975394,-0.005880871134627874,-0.007619055259975394,-0.007619055259975394,-0.007619055259975394,0.0531400966183575,0.009678500343534457
2022-11-14,-0.011551183551541389,-0.011551183551541389,0.004994457365419147,-0.005775591775770694,-0.011551183551541389,-0.011551183551541389,-0.011551183551541389,-0.011551183551541389,-0.00304512928527301,-0.008581972669286628,-0.011551183551541389,-0.011551183551541389,-0.0023102367103082777,-0.0023102367103082777,0.001997782946167659,-0.0023102367103082777,-0.0023102367103082777,-0.0023102367103082777,0.00917431192660545,-0.00850672396016161
2022-11-15,-0.028380568606441336,-0.028380568606441336,-0.032904019415821106,-0.014190284303220668,-0.028380568606441336,-0.028380568606441336,-0.028380568606441336,-0.028380568606441336,-0.030706058338056293,-0.02108539467254789,-0.028380568606441336,-0.028380568606441336,-0.005676113721288268,-0.005676113721288268,-0.013161607766328444,-0.005676113721288268,-0.005676113721288268,-0.005676113721288268,0.04272724498401992,0.008529042212070292
2022-11-16,-0.001718252334515169,-0.001718252334515169,0.005164951340871915,-0.0008591261672575845,-0.001718252334515169,-0.001718252334515169,-0.001718252334515169,-0.001718252334515169,0.0018203778268951053,-0.0012765786733411764,-0.001718252334515169,-0.001718252334515169,-0.00034365046690303385,-0.00034365046690303385,0.002065980536348766,-0.00034365046690303385,-0.00034365046690303385,-0.00034365046690303385,-0.001743652602993806,-0.007628743762310708
2022-11-17,-0.003442337542768681,-0.003442337542768681,-0.012543669540826141,-0.0017211687713843404,-0.003442337542768681,-0.003442337542768681,-0.003442337542768681,-0.003442337542768681,-0.008121299467504029,-0.002557490890754482,-0.003442337542768681,-0.003442337542768681,-0.0006884675085537362,-0.0006884675085537362,-0.005017467816330457,-0.0006884675085537362,-0.0006884675085537362,-0.0006884675085537362,0.00043670787561400637,-0.0030598607543417256
2022-11-18,0.0034542281620522086,0.0034542281620522086,-0.008228655052566036,0.0017271140810261043,0.0034542281620522086,0.0034542281620522086,0.0034542281620522086,0.0034542281620522086,-0.0025518999238143005,0.002566325047813523,0.0034542281620522086,0.0034542281620522086,0.0006908456324104418,0.0006908456324104418,-0.003291462021026415,0.0006908456324104418,0.0006908456324104418,0.0006908456324104418,-0.0026189702642108736,0.004540403280391958
2022-11-21,0.00516354735005331,0.00516354735005331,-0.01434820649909535,0.002581773675026655,0.00516354735005331,0.00516354735005331,0.00516354735005331,0.00516354735005331,-0.004867374867096926,0.0038362668238279118,0.00516354735005331,0.00516354735005331,0.001032709470010662,0.001032709470010662,-0.00573928259963814,0.001032709470010662,0.001032709470010662,0.001032709470010662,-0.0035011074475177484,-0.0036360943510462818
2022-11-22,-0.005137022093236632,-0.005137022093236632,0.0029805139941272984,-0.002568511046618316,-0.005137022093236632,-0.005137022093236632,-0.005137022093236632,-0.005137022093236632,-0.0009638260947226153,-0.003816559836398371,-0.005137022093236632,-0.005137022093236632,-0.0010274044186473264,-0.0010274044186473264,0.0011922055976509192,-0.0010274044186473264,-0.0010274044186473264,-0.0010274044186473264,0.008344353011587202,0.01345699994392846
2022-11-23,-0.006884675085537251,-0.006884675085537251,0.0006016053028832791,-0.0034423375427686254,-0.006884675085537251,-0.006884675085537251,-0.006884675085537251,-0.006884675085537251,-0.00303600536304072,-0.005114981781508881,-0.006884675085537251,-0.006884675085537251,-0.0013769350171074501,-0.0013769350171074501,0.00024064212115331167,-0.0013769350171074501,-0.0013769350171074501,-0.0013769350171074501,0.006968601054850199,0.006301624330362854
2022-11-24,-0.013864804847574463,-0.0015,-0.0264166510038783,-0.006932402423787232,-0.013864804847574463,-0.0015,-0.013864804847574463,-0.0015,-0.020317663644838023,-0.010300881787217305,-0.013864804847574463,-0.0015,-0.002772960969514893,-0.00030000000000000003,-0.01056666040155132,-0.002772960969514893,-0.002772960969514893,-0.00030000000000000003,0.00951555786021352,
2022-11-25,0.007029870202245103,0.0,0.007390878965704228,0.0035149351011225516,0.007029870202245103,0.0,0.007029870202245103,0.0,0.0072154635043113905,0.005222854755541434,0.007029870202245103,0.0,0.0014059740404490208,0.0,0.002956351586281692,0.0014059740404490208,0.0014059740404490208,0.0,0.0,-0.0002237136634978265
2022-11-28,0.012216434804252607,0.0,-0.02199828646499491,0.006108217402126304,0.012216434804252607,0.0,0.012216434804252607,0.0,-0.005373229886411398,0.00907622228825442,0.012216434804252607,0.0,0.002443286960850522,0.0,-0.008799314585997964,0.002443286960850522,0.002443286960850522,0.0,-0.02013709113602935,-0.015957008238070003
2022-11-29,-0.008620722256998503,0.0,0.030799353572202204,-0.004310361128499252,-0.008620722256998503,0.0,-0.008620722256998503,0.0,0.011644996421803375,-0.006404781161078496,-0.008620722256998503,0.0,-0.0017241444513997008,0.0,0.012319741428880883,-0.0017241444513997008,-0.0017241444513997008,0.0,0.009182361746995937,-0.0017175435565947028
2022-11-30,-0.01217394289763074,0.0,-0.008137343331523827,-0.00608697144881537,-0.01217394289763074,0.0,-0.01217394289763074,0.0,-0.010098741632667697,-0.009044652849532613,-0.01217394289763074,0.0,-0.0024347885795261482,0.0,-0.0032549373326095313,-0.0024347885795261482,-0.0024347885795261482,0.0,0.008232209148014258,0.03150059798946736
2022-12-01,-1.6992844740713973e-05,0.0,0.001483007155259286,-0.005281685263456293,-0.010563370526912585,0.0,-0.006449468192074549,0.0,-0.006050380932942721,-0.008596119429634902,-0.010563370526912585,0.0,0.0002335207617437491,0.0,0.000518636683837889,-0.002112674105382517,-0.002112674105382517,0.0,0.017189514621651192,-0.0007358413421266752
2022-12-02,0.006731776981878768,0.0,0.006731776981878768,0.002669057866481195,0.00533811573296239,0.0,0.005881751324126774,0.0,0.005881751324126774,0.004296976896516548,0.00533811573296239,0.0,0.0026523975742027044,0.0,0.0026523975742027044,0.001067623146592478,0.001067623146592478,0.0,-0.00887195129616225,-0.0011537169597666264
2022-12-05,-0.004051372222496463,0.0,-0.004051372222496463,-0.0008849759923044154,-0.0017699519846088307,0.0,-0.0026598821887260666,0.0,-0.0026598821887260666,-0.0014247429554299143,-0.0017699519846088307,0.0,-0.0015891296302179185,0.0,-0.0015891296302179185,-0.00035399039692176617,-0.00035399039692176617,0.0,0.0012787203118673762,-0.017989253786685366
2022-12-06,-0.01114060930656846,0.0,-0.01114060930656846,0.007978737120429402,0.015957474240858804,0.0,0.005387127479634172,0.0,0.005387127479634172,0.012845150155947609,0.015957474240858804,0.0,-0.004266527828141676,0.0,-0.004266527828141676,0.003191494848171761,0.003191494848171761,0.0,-0.01830561049253865,-0.014414799715742554
2022-12-07,-0.016056904297857666,0.0,-0.016056904297857666,0.002617819346290351,0.005235638692580702,0.0,-0.0030700985911389393,0.0,-0.0030700985911389393,0.004214486838793664,0.005235638692580702,0.0,-0.006237457691416462,0.0,-0.006237457691416462,0.0010471277385161405,0.0010471277385161405,0.0,-0.006071158361743434,-0.0017011983165312605
2022-12-08,-0.006853185894180713,0.0,-0.006853185894180713,0.0034722187728795095,0.006944437545759019,0.0,0.0015622981045803142,0.0,0.0015622981045803142,0.0055900038864217004,0.006944437545759019,0.0,-0.002638818272689582,0.0,-0.002638818272689582,0.001388887509151804,0.001388887509151804,0.0,-0.011780091554067118,0.007833926502128774
2022-12-09,-0.012424267778381792,0.0,-0.012424267778381792,-0.006034497358568869,-0.012068994717137738,0.0,-0.012207578667021088,0.0,-0.012207578667021088,-0.009715074392915288,-0.012068994717137738,0.0,-0.004906303217533347,0.0,-0.004906303217533347,-0.002413798943427548,-0.002413798943427548,0.0,0.015452538631346657,-0.007470198687737906
2022-12-12,0.0014503920409082993,0.0,0.0014503920409082993,0.004363018374208272,0.008726036748416544,0.0,0.0058879730405078535,0.0,0.0058879730405078535,0.007024122402324178,0.008726036748416544,0.0,0.0006090579878669838,0.0,0.0006090579878669838,0.0017452073496833087,0.0017452073496833087,0.0,-0.00956520412279216,0.014417243300787197
2022-12-13,0.01995928282699011,0.0,0.01995928282699011,0.001730102093471797,0.003460204186943594,0.0,0.009896119928393291,0.0,0.009896119928393291,0.0027853306657844258,0.003460204186943594,0.0,0.007802830099997585,0.0,0.007802830099997585,0.0006920408373887188,0.0006920408373887188,0.0,-0.004389815568934807,0.007569843141412624
2022-12-14,-0.0030475903156666484,0.0,-0.0030475903156666484,-0.007758633588638542,-0.015517267177277083,0.0,-0.010653129527212315,0.0,-0.010653129527212315,-0.012490800479672545,-0.015517267177277083,0.0,-0.0012657824829951873,0.0,-0.0012657824829951873,-0.003103453435455417,-0.003103453435455417,0.0,0.01234569230194782,-0.006393530155021865
2022-12-15,0.009898687950112395,0.0,0.009898687950112395,0.0008756350243320776,0.0017512700486641553,0.0,0.004929392674058948,0.0,0.004929392674058948,0.0014097047188774963,0.0017512700486641553,0.0,0.003869941964914283,0.0,0.003869941964914283,0.00035025400973283106,0.00035025400973283106,0.0,0.0008710668245888176,-0.024461665405543398
2022-12-16,0.0038513217028979807,0.0,0.0038513217028979807,0.008741292407143275,0.01748258481428655,0.0,0.012165338757801245,0.0,0.012165338757801245,0.01407280523621979,0.01748258481428655,0.0,0.0015890504844387658,0.0,0.0015890504844387658,0.0034965169628573102,0.0034965169628573102,0.0,-0.01653613142425392,-0.011752215721984368
2022-12-19,-0.001368220012363086,0.0,-0.001368220012363086,0.0017182113691247558,0.0034364227382495116,0.0,0.0015622407560111015,0.0,0.0015622407560111015,0.0027661875185174675,0.0034364227382495116,0.0,-0.0005166622148564637,0.0,-0.0005166622148564637,0.0006872845476499023,0.0006872845476499023,0.0,-0.00575222589273372,-0.008479662100243535
2022-12-20,0.009493274533422302,0.0,0.009493274533422302,0.008561635446897697,0.017123270893795395,0.0,0.014146982656478973,0.0,0.014146982656478973,0.013783571414365115,0.017123270893795395,0.0,0.003788065420872937,0.0,0.003788065420872937,0.0034246541787590792,0.0034246541787590792,0.0,-0.01824651046021586,0.001368400469142994
2022-12-21,0.003188021433970456,0.0,0.003188021433970456,-0.000841770099789807,-0.001683540199579614,0.0,0.0002167453185891086,0.0,0.0002167453185891086,-0.001355184807493088,-0.001683540199579614,0.0,0.0012352220861662738,0.0,0.0012352220861662738,-0.0003367080399159228,-0.0003367080399159228,0.0,0.004079754630931687,0.014952442091866303
2022-12-22,0.008788460129859954,0.0,0.008788460129859954,-0.00843169540702876,-0.01686339081405752,0.0,-0.006857186535076382,0.0,-0.006857186535076382,-0.013574377992123816,-0.01686339081405752,0.0,0.0033445132942359294,0.0,0.0033445132942359294,-0.0033726781628115043,-0.0033726781628115043,0.0,0.01670427516136419,-0.014266135745262032
2022-12-23,0.0024704017293964986,0.0,0.0024704017293964986,0.0051457927585528696,0.010291585517105739,0.0,0.007240719407896918,0.0,0.007240719407896918,0.008284328667221732,0.010291585517105739,0.0,0.0010147078440963346,0.0,0.0010147078440963346,0.002058317103421148,0.002058317103421148,0.0,-0.016873903655652223,0.005752265272075174
2022-12-26,0.004482953455903771,0.0,0.004482953455903771,0.0,0.0,0.0,0.0017486982967041642,0.0,0.0017486982967041642,0.0,0.0,0.0,0.0017486982967041642,0.0,0.0017486982967041642,0.0,0.0,0.0,0.0036133833505518353,
2022-12-27,0.004009631061083818,0.0,0.004009631061083818,-0.0033955825772279957,-0.0067911651544559914,0.0,-0.0025780199297850094,0.0,-0.0025780199297850094,-0.005466625533974955,-0.0067911651544559914,0.0,0.001530372573298747,0.0,0.001530372573298747,-0.0013582330308911984,-0.0013582330308911984,0.0,0.0045004501068148794,-0.0039435108803203
2022-12-28,0.003897832618442121,0.0,0.003897832618442121,0.007692320859408963,0.015384641718817926,0.0,0.010903898453027427,0.0,0.010903898453027427,0.012384042110353218,0.015384641718817926,0.0,0.0015967846864377952,0.0,0.0015967846864377952,0.0030769283437635853,0.0030769283437635853,0.0,-0.014336904085998858,-0.01242787181496774
2022-12-29,-0.004198875318800033,0.0,-0.004198875318800033,0.0016835000617720919,0.0033670001235441838,0.0,0.00041572399961308697,0.0,0.00041572399961308697,0.002710304996217971,0.0033670001235441838,0.0,-0.0016211809718960474,0.0,-0.0016211809718960474,0.0006734000247088368,0.0006734000247088368,0.0,-0.004545454545454519,0.01800031517383771
2022-12-30,-0.003897020973787746,0.0,-0.003897020973787746,-0.004194646846882311,-0.008389293693764621,0.0,-0.006636960163866208,0.0,-0.006636960163866208,-0.0067530572553160745,-0.008389293693764621,0.0,-0.0015617616473030578,0.0,-0.0015617616473030578,-0.0016778587387529242,-0.0016778587387529242,0.0,0.006392666193992591,-0.002634075107433076
2023-01-03,-0.002534330747684052,-0.00045739690955204284,0.00430316076647802,-0.002538048540248916,-0.005076097080497832,0.0,-0.002317817998154321,-0.0004199926536073719,-0.0014174616780365159,-0.004086062005866212,-0.005076097080497832,0.0,-0.0012131564096575015,-0.0002744381457312257,0.0016533809117301294,-0.0010152194160995664,-0.0010152194160995664,0.0,0.004990953420952682,-0.004209882546862387
2023-01-04,0.0011928492069297096,0.0026551938185019144,-0.01707870115433563,0.001700678617113871,0.003401357234227742,0.0,0.0028105497429493417,0.0038189110323975334,-0.004587448264816314,0.002737961142735496,0.003401357234227742,0.0,0.0007157095241578262,0.001593116291101149,-0.006645137960706262,0.0006802714468455485,0.0006802714468455485,0.0,-0.0022573363431150906,0.007720189025949065
2023-01-05,0.0011950931309662922,0.0008858714510173356,-0.02022531553517376,-0.0025423906206293867,-0.005084781241258773,0.0,0.0009037630313084794,0.0006905388914913717,-0.01099075969751345,-0.004093052419716736,-0.005084781241258773,0.0,0.0007170558785797754,0.0005315228706104015,-0.00791466352604847,-0.0010169562482517547,-0.0010169562482517547,0.0,0.0072398466222427516,-0.011413395797773451
2023-01-06,-0.0010577897941092358,0.0026493429208530594,-0.0014144139854923576,-0.0042589194951017095,-0.008517838990203419,0.0,0.001527059292717529,0.004083316617450305,-0.005746954275764697,-0.006856531251869322,-0.008517838990203419,0.0,-0.0006346738764655413,0.0015896057525118356,-0.0005939908219360589,-0.001703567798040684,-0.001703567798040684,0.0,0.004492362859751964,0.022932103899730993
2023-01-09,0.014030248523825726,0.0061421017391382424,-0.011545867195083714,-0.013745731918388737,-0.027491463836777474,0.0,0.011972740051041032,0.006533460007048929,-0.021271448848546898,-0.02212956609925289,-0.027491463836777474,0.0,0.008418149114295437,0.003685261043482946,-0.0046401755166495025,-0.005498292767355495,-0.005498292767355495,0.0,0.03577817433643715,-0.0005668965891446609
2023-01-10,-0.004575571535150794,-0.0027445051483857563,-0.004895676139771432,-0.0017667828149905418,-0.0035335656299810836,0.0,-0.004141125993958859,-0.0028785122104413416,-0.00406489399460115,-0.0028443837926922363,-0.0035335656299810836,0.0,-0.002745342921090477,-0.0016467030890314539,-0.0019272233279051302,-0.0007067131259962168,-0.0007067131259962168,0.0,0.003885983906589896,0.007012843096556365
2023-01-11,0.008283072351174795,0.004293809223955947,0.0008865451346249387,0.0008865451346249387,0.0017730902692498773,0.0,0.007727405611478035,0.0049766049595129005,0.0014272691533004477,0.0014272691533004477,0.0017730902692498773,0.0,0.004969843410704878,0.002576285534373568,0.0003546180538499755,0.0003546180538499755,0.0003546180538499755,0.0,0.0008602019279233541,0.01264786371867066
2023-01-12,0.011664016938404945,0.006129944298196133,0.020721209294980003,0.0008849337943265256,0.0017698675886530513,0.0,0.010543354067235744,0.006727328364934736,0.009162355440265469,0.0014246750199466305,0.0017698675886530513,0.0,0.006998410163042968,0.00367796657891768,0.008091653938049448,0.0003539735177306103,0.0003539735177306103,0.0,-0.004297378655412798,0.003640782972808232
2023-01-13,-0.00013338272466904372,-0.00035708726445171646,0.000983975555798211,-0.0026501531607733275,-0.005300306321546655,0.0,-0.00020486715366931164,-0.00035912285810832796,-0.002848950731305233,-0.004266541781308932,-0.005300306321546655,0.0,-8.002963480142623e-05,-0.0002142523586710299,0.0003575297856943684,-0.001060061264309331,-0.001060061264309331,0.0,0.01165298655073066,0.0038795056884117773
2023-01-16,0.003218656404426386,0.0009830260286106303,0.003062194641553717,-0.003552394408521231,-0.007104788817042462,0.0,0.002530211131679033,0.0009886298172285086,-0.0031388795495142143,-0.005719080463719817,-0.007104788817042462,0.0,0.0019311938426558317,0.0005898156171663783,0.0011592431507971106,-0.0014209577634084925,-0.0014209577634084925,0.0,0.007679194106774201,
2023-01-17,-0.0032199785400166916,-0.0016654660656258977,-0.0005977321407740765,-0.00075,-0.0017889496616929623,0.0,-0.003085050352706488,-0.0020131346149689045,-0.0013242827695815293,-0.0014400353513991365,-0.0017889496616929623,0.0,-0.0019319871240100152,-0.000999279639375539,-0.00024203735052098538,-0.00035778993233859246,-0.00035778993233859246,0.0,0.0,-0.0018318970798698597
2023-01-18,0.0003927903051481607,0.0003927903051481607,0.0,0.0,0.0,0.0,0.0005124925150683115,0.0005124925150683115,0.0,0.0,0.0,0.0,0.00023567418308889643,0.00023567418308889643,0.0,0.0,0.0,0.0,,-0.015788015568668268
2023-01-19,-0.0019615734730535905,-0.0019615734730535905,0.0,0.0,0.0,0.0,-0.002559359814945842,-0.002559359814945842,0.0,0.0,0.0,0.0,-0.0011769440838321544,-0.0011769440838321544,0.0,0.0,0.0,0.0,,-0.007279817254666643
2023-01-20,0.0006577283719317872,0.0006577283719317872,0.0,0.0,0.0,0.0,0.0008581700290081253,0.0008581700290081253,0.0,0.0,0.0,0.0,0.00039463702315907235,0.00039463702315907235,0.0,0.0,0.0,0.0,,0.018629039629190602
2023-01-23,-4.373772297139311e-05,-4.373772297139311e-05,0.0,0.0,0.0,0.0,-5.706672327494252e-05,-5.706672327494252e-05,0.0,0.0,0.0,0.0,-2.6242633782835868e-05,-2.6242633782835868e-05,0.0,0.0,0.0,0.0,,0.011998585281936869
2023-01-24,0.0002188174893175502,0.0002188174893175502,0.0,0.0,0.0,0.0,0.0002855017651186288,0.0002855017651186288,0.0,0.0,0.0,0.0,0.00013129049359053013,0.00013129049359053013,0.0,0.0,0.0,0.0,,-0.0010732912426442143
2023-01-25,-4.374813607410655e-05,-4.374813607410655e-05,0.0,0.0,0.0,0.0,-5.708030975385844e-05,-5.708030975385844e-05,0.0,0.0,0.0,0.0,-2.624888164446393e-05,-2.624888164446393e-05,0.0,0.0,0.0,0.0,,0.00037479733110745705
2023-01-26,0.000831156819841287,0.000831156819841287,0.0,0.0,0.0,0.0,0.0010844505157935802,0.0010844505157935802,0.0,0.0,0.0,0.0,0.0004986940919047723,0.0004986940919047723,0.0,0.0,0.0,0.0,,0.010990368001509987
2023-01-27,-0.0010036031303255846,-0.0010036031303255846,0.0,0.0,0.0,0.0,-0.0013094495603626988,-0.0013094495603626988,0.0,0.0,0.0,0.0,-0.0006021618781953509,-0.0006021618781953509,0.0,0.0,0.0,0.0,,0.0022976965430050456
2023-01-30,0.017676858226460403,0.0023563064838053593,-0.018798060671178785,0.0,-0.03225803419349749,0.0,0.012384313707388165,0.0018200108829861039,-0.02700760431424801,-0.02596647105280663,-0.03225803419349749,0.0,0.010606114935876243,0.0014137838902832155,-0.007492740100140879,-0.006451606838699497,-0.006451606838699497,0.0,0.04403047029048492,-0.012546826143231882
2023-01-31,-0.008866483707167694,-0.001898341500768434,-0.0064334538385870665,0.0,0.007407400212333881,0.0,-0.005937539428679297,-0.0011326495246854287,0.002008397491950532,0.0059626709438138584,0.007407400212333881,0.0,-0.005319890224300617,-0.0011390049004610604,-0.0024727934093965506,0.0014814800424667763,0.0014814800424667763,0.0,-0.019883959877095347,0.014703349315466685
2023-02-01,-0.006676467043408959,-0.001,-0.005176467043408959,0.0,-0.0036764670434089597,0.0,-0.00667646704340896,-0.001155224465742013,-0.004261582965503099,-0.0039690250044560295,-0.0036764670434089597,0.0,-0.0019352934086817922,-0.0006000000000000001,-0.0010278513697288619,-0.000735293408681792,-0.000735293408681792,0.0,0.005917133813901243,0.010627771821197785
2023-02-02,-0.01291516064133369,0.0,-0.01291516064133369,0.0,-0.01291516064133369,0.0,-0.01291516064133369,0.0,-0.01291516064133369,-0.01291516064133369,-0.01291516064133369,0.0,-0.0025830321282667382,0.0,-0.0025830321282667382,-0.0025830321282667382,-0.0025830321282667382,0.0,0.01680672268907557,0.01455698920162063
2023-02-03,-0.001869112565033637,0.0,-0.001869112565033637,0.0,-0.001869112565033637,0.0,-0.001869112565033637,0.0,-0.001869112565033637,-0.001869112565033637,-0.001869112565033637,0.0,-0.00037382251300672743,0.0,-0.00037382251300672743,-0.00037382251300672743,-0.00037382251300672743,0.0,0.0,-0.010629091340170427
2023-02-06,0.011235944019676314,0.0,0.011235944019676314,0.0,0.011235944019676314,0.0,0.011235944019676314,0.0,0.011235944019676314,0.011235944019676314,0.011235944019676314,0.0,0.0022471888039352628,0.0,0.0022471888039352628,0.0022471888039352628,0.0022471888039352628,0.0,-0.01446280991735538,-0.006111360480051453
2023-02-07,0.0018518059014955845,0.0,0.0018518059014955845,0.0,0.0018518059014955845,0.0,0.0018518059014955845,0.0,0.0018518059014955845,0.0018518059014955845,0.0018518059014955845,0.0,0.00037036118029911693,0.0,0.00037036118029911693,0.00037036118029911693,0.00037036118029911693,0.0,-0.002096436058700246,0.013078632712971272
2023-02-08,-0.012938945803797619,0.0,-0.012938945803797619,0.0,-0.012938945803797619,0.0,-0.012938945803797619,0.0,-0.012938945803797619,-0.012938945803797619,-0.012938945803797619,0.0,-0.002587789160759524,0.0,-0.002587789160759524,-0.002587789160759524,-0.002587789160759524,0.0,0.015546205664883184,-0.010934773280246723
2023-02-09,0.0,0.0,0.0,0.0,0.0,0.0,0.0,0.0,0.0,0.0,0.0,0.0,0.0,0.0,0.0,0.0,0.0,0.0,0.0004137612940766644,-0.00866917718618343
2023-02-10,0.001872612688940123,0.0,0.001872612688940123,0.0,0.001872612688940123,0.0,0.001872612688940123,0.0,0.001872612688940123,0.001872612688940123,0.001872612688940123,0.0,0.0003745225377880246,0.0,0.0003745225377880246,0.0003745225377880246,0.0003745225377880246,0.0,0.0008271172279488148,0.0023336663037101246
2023-02-13,0.0037383142585096785,0.0,0.0037383142585096785,0.0,0.0037383142585096785,0.0,0.0037383142585096785,0.0,0.0037383142585096785,0.0037383142585096785,0.0037383142585096785,0.0,0.0007476628517019357,0.0,0.0007476628517019357,0.0007476628517019357,0.0007476628517019357,0.0,-0.0020661157024793875,0.011738991096546858
2023-02-14,-0.009310933885150252,0.0,-0.009310933885150252,0.0,-0.009310933885150252,0.0,-0.009310933885150252,0.0,-0.009310933885150252,-0.009310933885150252,-0.009310933885150252,0.0,-0.0018621867770300506,0.0,-0.0018621867770300506,-0.0018621867770300506,-0.0018621867770300506,0.0,0.007453428785746619,-0.00046016987623753725
2023-02-15,0.016917231738101002,0.0,0.016917231738101002,0.0,0.016917231738101002,0.0,0.016917231738101002,0.0,0.016917231738101002,0.016917231738101002,0.016917231738101002,0.0,0.0033834463476202004,0.0,0.0033834463476202004,0.0033834463476202004,0.0033834463476202004,0.0,-0.02301687642118244,0.0032473737163669636
2023-02-16,-0.012938945803797619,0.0,-0.012938945803797619,0.0,-0.012938945803797619,0.0,-0.012938945803797619,0.0,-0.012938945803797619,-0.012938945803797619,-0.012938945803797619,0.0,-0.002587789160759524,0.0,-0.002587789160759524,-0.002587789160759524,-0.002587789160759524,0.0,0.012200291091736482,-0.013768810222142602
2023-02-17,0.00936324203539085,0.0,0.00936324203539085,0.0,0.00936324203539085,0.0,0.00936324203539085,0.0,0.00936324203539085,0.00936324203539085,0.00936324203539085,0.0,0.0018726484070781702,0.0,0.0018726484070781702,0.0018726484070781702,0.0018726484070781702,0.0,-0.012884480568890244,-0.002498258589011204
2023-02-20,-0.005565813305066336,0.0,-0.005565813305066336,0.0,-0.005565813305066336,0.0,-0.005565813305066336,0.0,-0.005565813305066336,-0.005565813305066336,-0.005565813305066336,0.0,-0.0011131626610132673,0.0,-0.0011131626610132673,-0.0011131626610132673,-0.0011131626610132673,0.0,0.002105263157894832,
2023-02-21,-0.001865714297152321,0.0,-0.001865714297152321,0.0,-0.001865714297152321,0.0,-0.001865714297152321,0.0,-0.001865714297152321,-0.001865714297152321,-0.001865714297152321,0.0,-0.0003731428594304642,0.0,-0.0003731428594304642,-0.0003731428594304642,-0.0003731428594304642,0.0,-0.00042019371225054947,-0.0200609272499801
2023-02-22,0.011214942775529257,0.0,0.011214942775529257,0.0,0.011214942775529257,0.0,0.011214942775529257,0.0,0.011214942775529257,0.011214942775529257,0.011214942775529257,0.0,0.0022429885551058515,0.0,0.0022429885551058515,0.0022429885551058515,0.0022429885551058515,0.0,-0.010928923545319158,-0.0013781046831931043
2023-02-23,-0.014787416998601755,0.0,-0.014787416998601755,0.0,-0.014787416998601755,0.0,-0.014787416998601755,0.0,-0.014787416998601755,-0.014787416998601755,-0.014787416998601755,0.0,-0.002957483399720351,0.0,-0.002957483399720351,-0.002957483399720351,-0.002957483399720351,0.0,0.01487462794137806,0.005319403502116682
2023-02-24,0.0037523416909557294,0.0,0.0037523416909557294,0.0,0.0037523416909557294,0.0,0.0037523416909557294,0.0,0.0037523416909557294,0.0037523416909557294,0.0037523416909557294,0.0,0.0007504683381911459,0.0,0.0007504683381911459,0.0007504683381911459,0.0007504683381911459,0.0,-0.005025112784366681,-0.01068237093839386
2023-02-27,0.0,0.0,0.0,0.0,0.0,0.0,0.0,0.0,0.0,0.0,0.0,0.0,0.0,0.0,0.0,0.0,0.0,0.0,,0.0034058380515806785
2023-02-28,0.0,0.0,0.0,0.0,0.0,0.0,0.0,0.0,0.0,0.0,0.0,0.0,0.0,0.0,0.0,0.0,0.0,0.0,,-0.0036959776232566854
2023-03-01,-0.0009275260973288036,0.0008363260883036791,-0.001869112565033637,0.0,-0.001869112565033637,0.0,-0.0016132636391399985,0.00018112377845744764,-0.001869112565033637,-0.001869112565033637,-0.001869112565033637,0.0,-0.0004132636391399975,0.00018112377845744764,-0.00037382251300672743,-0.00037382251300672743,-0.00037382251300672743,0.0,0.0046295909784082045,-0.003835914535380569
2023-03-02,-0.002254740236790424,-0.00048784412997420325,0.001872612688940123,0.0,0.001872612688940123,0.0,-0.001734855797367076,-0.00034491253974465523,0.001872612688940123,0.001872612688940123,0.001872612688940123,0.0,-0.001734855797367076,-0.00034491253974465523,0.0003745225377880246,0.0003745225377880246,0.0003745225377880246,0.0,-0.0008378590314165324,0.007777289862108905
2023-03-03,0.004574222384469454,0.0027369688377288206,-0.0037383142585097895,0.0,-0.0037383142585097895,0.0,0.005200589236272606,0.0036927437486884373,-0.0037383142585097895,-0.0037383142585097895,-0.0037383142585097895,0.0,0.005200589236272606,0.0036927437486884373,-0.0007476628517019579,-0.0007476628517019579,-0.0007476628517019579,0.0,0.0008385616278498986,0.016037819365946948
2023-03-06,0.01298062469539244,0.006400286754688686,-0.013133151186904057,0.0,-0.013133151186904057,0.0,0.011703182953548842,0.007274574765804871,-0.013133151186904057,-0.013133151186904057,-0.013133151186904057,0.0,0.011703182953548842,0.007274574765804871,-0.0026266302373808116,-0.0026266302373808116,-0.0026266302373808116,0.0,0.009635538672656763,0.0006927404874084164
2023-03-07,0.003168632096021336,0.001463046032688673,-0.005703461692572409,0.0,-0.005703461692572409,0.0,0.0024072926534109743,0.0014414712053387223,-0.005703461692572409,-0.005703461692572409,-0.005703461692572409,0.0,0.0024072926534109743,0.0014414712053387223,-0.0011406923385144819,-0.0011406923385144819,-0.0011406923385144819,0.0,0.00663902947516859,-0.015328731891906533
2023-03-08,-0.006958819042441351,-0.004517281888508718,0.0057361777627038535,0.0,0.0057361777627038535,0.0,-0.006639316629256731,-0.005171946075259498,0.0057361777627038535,0.0057361777627038535,0.0057361777627038535,0.0,-0.006639316629256731,-0.005171946075259498,0.0011472355525407707,0.0011472355525407707,0.0011472355525407707,0.0,-0.00824402287585524,0.0016321199989792756
2023-03-09,-6.0523723950528855e-05,-3.740253743822475e-05,0.0038022775772321715,0.0,0.0038022775772321715,0.0,4.617583868592748e-05,-1.9918823157854442e-05,0.0038022775772321715,0.0038022775772321715,0.0038022775772321715,0.0,4.617583868592748e-05,-1.9918823157854442e-05,0.0007604555154464344,0.0007604555154464344,0.0007604555154464344,0.0,-0.0008313059100472087,-0.01844985365837981
2023-03-10,-0.015120901908212777,-0.007476118537749165,0.017045392457285313,0.0,0.017045392457285313,0.0,-0.012126176816715089,-0.007271426785773288,0.017045392457285313,0.017045392457285313,0.017045392457285313,0.0,-0.012126176816715089,-0.007271426785773288,0.003409078491457063,0.003409078491457063,0.003409078491457063,0.0,-0.01580693797606758,-0.01442944614289643
2023-03-13,0.003157920594091518,0.0019343517903433242,-0.003724391313358777,0.0,-0.003724391313358777,0.0,0.003294148664217962,0.0025455724073294586,-0.003724391313358777,-0.003724391313358777,-0.003724391313358777,0.0,0.003294148664217962,0.0025455724073294586,-0.0007448782626717555,-0.0007448782626717555,-0.0007448782626717555,0.0,0.0042265425790499744,-0.001425250201672501
2023-03-14,-0.00892635135058199,-0.004449949681067299,0.011214942775529257,0.0,0.011214942775529257,0.0,-0.007469160439201782,-0.004754950265874802,0.011214942775529257,0.011214942775529257,0.011214942775529257,0.0,-0.007469160439201782,-0.004754950265874802,0.0022429885551058515,0.0022429885551058515,0.0022429885551058515,0.0,-0.01094278634985757,0.016530065073970368
2023-03-15,0.005059146100328401,0.0014575006357701625,-0.003696854249650383,0.0,-0.003696854249650383,0.0,0.004617562348209164,0.0020332910549329085,-0.003696854249650383,-0.003696854249650383,-0.003696854249650383,0.0,0.004617562348209164,0.0020332910549329085,-0.0007393708499300767,-0.0007393708499300767,-0.0007393708499300767,0.0,0.0008510508435837227,-0.006254338800497861
2023-03-16,-0.003149230484078911,-0.001968085000969788,0.01113171507714017,0.0,0.01113171507714017,0.0,-0.0020486687348777394,-0.0018938154259564416,0.01113171507714017,0.01113171507714017,0.01113171507714017,0.0,-0.0020486687348777394,-0.0018938154259564416,0.002226343015428034,0.002226343015428034,0.002226343015428034,0.0,-0.004676831883499655,0.01754517723408111
2023-03-17,0.014420000609834784,0.007176270719674794,-0.014678885597399938,0.0,-0.014678885597399938,0.0,0.011865561134950353,0.007278473406418166,-0.014678885597399938,-0.014678885597399938,-0.014678885597399938,0.0,0.011865561134950353,0.007278473406418166,-0.0029357771194799876,-0.0029357771194799876,-0.0029357771194799876,0.0,0.016232326757345206,-0.011648267622166614
2023-03-20,-0.0017320217471112243,-0.0008829794646703212,0.0018622400549259677,0.0,0.0018622400549259677,0.0,-0.00027738567436938564,0.00023203667158561825,0.0018622400549259677,0.0018622400549259677,0.0018622400549259677,0.0,-0.00027738567436938564,0.00023203667158561825,0.00037244801098519354,0.00037244801098519354,0.00037244801098519354,0.0,-0.007145846960306734,0.009615631410812231
2023-03-21,0.0049720479334548155,0.003735692948652881,-0.005576247057657802,0.0,-0.005576247057657802,0.0,0.004968464546207292,0.004241651220279772,-0.005576247057657802,-0.005576247057657802,-0.005576247057657802,0.0,0.004968464546207292,0.004241651220279772,-0.0011152494115315604,-0.0011152494115315604,-0.0011152494115315604,0.0,0.004657096180050502,0.013130526631691453
2023-03-22,0.013960795448244873,0.0077673627728640955,-0.016822369599072684,0.0,-0.016822369599072684,0.0,0.010244717526152297,0.006658019510500272,-0.016822369599072684,-0.016822369599072684,-0.016822369599072684,0.0,0.010244717526152297,0.006658019510500272,-0.003364473919814537,-0.003364473919814537,-0.003364473919814537,0.0,0.01896333730353339,-0.017046497325513887
2023-03-23,0.0038564424303980855,0.003417273571421722,-0.005703461692572409,0.0,-0.005703461692572409,0.0,0.003156395390312549,0.0035524202848461785,-0.005703461692572409,-0.005703461692572409,-0.005703461692572409,0.0,0.003156395390312549,0.0035524202848461785,-0.0011406923385144819,-0.0011406923385144819,-0.0011406923385144819,0.0,0.007857708323013135,0.0027033947508923184
2023-03-24,0.005627227675175513,0.0025447113343161332,-0.0057361777627037425,0.0,-0.0057361777627037425,0.0,0.0048606099276364,0.0027612835418892524,-0.0057361777627037425,-0.0057361777627037425,-0.0057361777627037425,0.0,0.0048606099276364,0.0027612835418892524,-0.0011472355525407485,-0.0011472355525407485,-0.0011472355525407485,0.0,0.0028723715921541437,0.006562012575101583
2023-03-27,-0.003101055853207785,-0.0025947530746667025,0.0076923006385032355,0.0,0.0076923006385032355,0.0,-0.0017717979929964473,-0.0019306674496401036,0.0076923006385032355,0.0076923006385032355,0.0076923006385032355,0.0,-0.0017717979929964473,-0.0019306674496401036,0.001538460127700647,0.001538460127700647,0.001538460127700647,0.0,-0.006137479695008996,0.0018698426642451693
2023-03-28,-0.009511654418436882,-0.0051528124934951515,0.007633671839197387,0.0,0.007633671839197387,0.0,-0.00795238647957425,-0.00518197384719357,0.007633671839197387,0.007633671839197387,0.007633671839197387,0.0,-0.00795238647957425,-0.00518197384719357,0.0015267343678394775,0.0015267343678394775,0.0015267343678394775,0.0,-0.008645495666918412,-0.002244657249312332
2023-03-29,0.0027573824954155073,0.002275680087490207,-0.0018939826675118399,0.0,-0.0018939826675118399,0.0,0.002611719373346271,0.0023020994268876595,-0.0018939826675118399,-0.0018939826675118399,-0.0018939826675118399,0.0,0.002611719373346271,0.0023020994268876595,-0.00037879653350236797,-0.00037879653350236797,-0.00037879653350236797,0.0,0.0016611042002288023,0.014534883496678752
2023-03-30,0.00803747810323021,0.004246598273379065,-0.007590125616280363,0.0,-0.007590125616280363,0.0,0.007168012912545438,0.004622413890224597,-0.007590125616280363,-0.007590125616280363,-0.007590125616280363,0.0,0.007168012912545438,0.004622413890224597,-0.0015180251232560728,-0.0015180251232560728,-0.0015180251232560728,0.0,0.004975111788660946,0.005855253688247242
2023-03-31,0.005877386357824069,0.0033773890854667957,-0.001912089645385362,0.0,-0.001912089645385362,0.0,0.005653221633261462,0.0038169661396226665,-0.001912089645385362,-0.001912089645385362,-0.001912089645385362,0.0,0.005653221633261462,0.0038169661396226665,-0.0003824179290770724,-0.0003824179290770724,-0.0003824179290770724,0.0,0.003300342705864212,0.014094630342711634
2023-04-03,-0.0008823529411764705,-0.0005955882352941176,-0.003,-0.0005,0.0,0.0,-0.0010014353073408155,-0.0007476879015383417,-0.003000000000000001,-0.002071574941990574,0.0,0.0,-0.0010014353073408155,-0.0007476879015383417,-0.0018000000000000004,-0.0008715749419905738,0.0,0.0,,0.003810541299922532
2023-04-04,0.0,0.0,0.0,0.0,0.0,0.0,0.0,0.0,0.0,0.0,0.0,0.0,0.0,0.0,0.0,0.0,0.0,0.0,,-0.0055481170740256935
2023-04-05,0.0,0.0,0.0,0.0,0.0,0.0,0.0,0.0,0.0,0.0,0.0,0.0,0.0,0.0,0.0,0.0,0.0,0.0,,-0.0026182672793729767
2023-04-06,-0.003760031131292298,-0.0018503042770768956,-0.003760031131292298,0.0003624485433230591,0.0057471668609487825,0.0,-0.0027671111906773915,-0.001961585213749204,-0.0027671111906773915,0.00024444809437713694,0.0057471668609487825,0.0,-0.0027671111906773915,-0.001961585213749204,-0.0027671111906773915,0.00024444809437713694,0.0011494333721897565,0.0,-0.004934198039885596,0.003900874175862601
2023-04-07,0.00010819810889241732,-0.0007903772115879411,0.00010819810889241732,-0.0003321608365415933,-0.0038095201764788422,0.0,-0.00019888506603520627,-0.0005237335118605685,-0.00019888506603520627,-0.00016237130146256042,-0.0038095201764788422,0.0,-0.00019888506603520627,-0.0005237335118605685,-0.00019888506603520627,-0.00016237130146256042,-0.0007619040352957685,0.0,0.0,
2023-04-10,0.002611363778802833,0.001444416471901059,0.002611363778802833,3.210186824102268e-05,-0.001912089645385362,0.0,0.0026589634962088083,0.0019329927408655826,0.0026589634962088083,0.0006587473762668237,-0.001912089645385362,0.0,0.0026589634962088083,0.0019329927408655826,0.0026589634962088083,0.0006587473762668237,-0.0003824179290770724,0.0,0.0,0.0010263762742257487
2023-04-11,0.0024534580530123358,0.0010159849665824874,0.0024534580530123358,0.0008538164856374264,-0.003831414124593202,0.0,0.0025378509246231718,0.0013658461690059338,0.0025378509246231718,0.0012064192700406158,-0.003831414124593202,0.0,0.0025378509246231718,0.0013658461690059338,0.0025378509246231718,0.0012064192700406158,-0.0007662828249186404,0.0,-0.0012396820320570434,0.0002685868828276039
2023-04-12,0.0006024034953071392,1.368061205838289e-05,0.0006024034953071392,0.0008056622698049039,-0.001923029309897406,0.0,0.0010338762050904383,0.0003899237662566964,0.0010338762050904383,0.0010943837245664609,-0.001923029309897406,0.0,0.0010338762050904383,0.0003899237662566964,0.0010338762050904383,0.0010943837245664609,-0.0003846058619794812,0.0,-0.0024823783711301894,-0.004075987071070042
2023-04-13,-0.007701904497691221,-0.004869801331741233,-0.007701904497691221,-0.0017651639792647387,0.00963385613611778,0.0,-0.006917047636103418,-0.0052376212971948525,-0.006917047636103418,-0.0019973143476635243,0.00963385613611778,0.0,-0.006917047636103418,-0.0052376212971948525,-0.006917047636103418,-0.0019973143476635243,0.001926771227223556,0.0,-0.008710103900262833,0.013282719249790409
2023-04-14,0.009256898096190402,0.005962578252950046,0.009256898096190402,0.0022768382320945504,-0.009541930549938904,0.0,0.00746879915563494,0.005837704916291514,0.00746879915563494,0.002047126359029573,-0.009541930549938904,0.0,0.00746879915563494,0.005837704916291514,0.00746879915563494,0.002047126359029573,-0.0019083861099877808,0.0,0.009623443731204162,-0.0024427643181926806
2023-04-17,-0.0038875860671697677,-0.003402417423458231,-0.0038875860671697677,-0.0018270180748279257,0.00192673447676861,0.0,-0.0026180067888890764,-0.0025353741715004726,-0.0026180067888890764,-0.0010846397890921433,0.00192673447676861,0.0,-0.0026180067888890764,-0.0025353741715004726,-0.0026180067888890764,-0.0010846397890921433,0.00038534689535372205,0.0,-0.0024865565517084853,0.003588253447581513
2023-04-18,-0.0035963377745058434,-0.0021993522146659577,-0.0035963377745058434,-0.0010620490914426683,0.0019231210093542117,0.0,-0.0034956923650478504,-0.0025161478915712507,-0.0034956923650478504,-0.0012557730051036544,0.0019231210093542117,0.0,-0.0034956923650478504,-0.0025161478915712507,-0.0034956923650478504,-0.0012557730051036544,0.0003846242018708424,0.0,-0.003323652105944319,0.0006522418999843627
2023-04-19,-0.006064155155389161,-0.004084749084962804,-0.006064155155389161,-0.0009613146191882562,0.0038387679040452483,0.0,-0.005414130116291194,-0.004185298000101144,-0.005414130116291194,-0.000980528795308055,0.0038387679040452483,0.0,-0.005414130116291194,-0.004185298000101144,-0.005414130116291194,-0.000980528795308055,0.0007677535808090497,0.0,-0.007503075609686882,-0.0001689404120717164
2023-04-20,-0.0029485741195676243,-0.00114862175462573,-0.0029485741195676243,-0.0009116966738083783,0.0038240881173183805,0.0,-0.0026394275687170836,-0.0014915988023230867,-0.0026394275687170836,-0.0011648766584213238,0.0038240881173183805,0.0,-0.0026394275687170836,-0.0014915988023230867,-0.0026394275687170836,-0.0011648766584213238,0.0007648176234636762,0.0,-0.0012599875853316345,-0.005457115192173623
2023-04-21,-0.0063826155304313546,-0.0035628565688646066,-0.0063826155304313546,-0.001015190410109464,0.0076190403529576844,0.0,-0.00569464659005498,-0.003770398109183137,-0.00569464659005498,-0.0013428781992369104,0.0076190403529576844,0.0,-0.00569464659005498,-0.003770398109183137,-0.00569464659005498,-0.0013428781992369104,0.001523808070591537,0.0,-0.0025231543137744783,0.0007769430912525355
2023-04-24,-0.0011309325869233073,-0.0016789992271329843,-0.0011309325869233073,-0.0009714364815734584,0.0,0.0,-0.0006765010148637957,-0.0011333786604303545,-0.0006765010148637957,-0.00040009940064369455,0.0,0.0,-0.0006765010148637957,-0.0011333786604303545,-0.0006765010148637957,-0.00040009940064369455,0.0,0.0,-0.003794240759120937,0.0010431651214151128
2023-04-25,-0.016305649144329182,-0.009552345273251502,-0.016305649144329182,-0.0038773225539011635,0.013232546723281446,0.0,-0.014992016834560182,-0.010631138012289643,-0.014992016834560182,-0.004822121080435573,0.013232546723281446,0.0,-0.014992016834560182,-0.010631138012289643,-0.014992016834560182,-0.004822121080435573,0.0026465093446562896,0.0,-0.013118942291493019,-0.015873829418699414
2023-04-26,-0.0015741487418090094,-0.0014957357377652079,-0.0015741487418090094,0.0006477437703428419,0.0,0.0,-0.0008882972470947233,-0.0009527168453457852,-0.0008882972470947233,0.0011594884019006336,0.0,0.0,-0.0008882972470947233,-0.0009527168453457852,-0.0008882972470947233,0.0011594884019006336,0.0,0.0,-0.004288164721639953,-0.004235621743444495
2023-04-27,0.0031596233665632614,0.0021005575492315893,0.0031596233665632614,0.0010874133839996099,0.0,0.0,0.0031973676264769823,0.002244571548020633,0.0031973676264769823,0.0013842992646929187,0.0,0.0,0.0031973676264769823,0.002244571548020633,0.0031973676264769823,0.0013842992646929187,0.0,0.0,-0.0008613133112433946,0.01990804877378749
2023-04-28,0.010041532714120624,0.006266113084152138,0.010041532714120624,0.0018369400385524204,-0.009328393561453097,0.0,0.00925834429670193,0.0069392654142472095,0.00925834429670193,0.0023041844629282404,-0.009328393561453097,0.0,0.00925834429670193,0.0069392654142472095,0.00925834429670193,0.0023041844629282404,-0.0018656787122906195,0.0,0.012068978671369912,0.008535168842693341
2023-05-01,-0.0022681037077712917,-0.001976437041104625,0.0,0.0,-0.004268103707771292,-0.0018514370411046252,-0.0037062517498730823,-0.0034294119340565537,0.0,0.0,-0.0051978840822534626,-0.003040461225965031,-0.0037062517498730823,-0.0034294119340565537,0.0,0.0,-0.003997884082253463,-0.003040461225965031,,-0.0010097442299229487
2023-05-02,0.005656651003619284,0.0030640405325762453,0.005157425919082655,0.000963747173981048,0.005656651003619284,0.0009366127010447811,0.004796849708227752,0.0032950285492797525,0.005108269585814438,0.0017366245182815578,0.004796849708227752,0.001530834241473109,0.004796849708227752,0.0032950285492797525,0.005108269585814438,0.0017366245182815578,0.004796849708227752,0.001530834241473109,0.0025553272441580788,-0.011239232071373118
2023-05-03,-0.0026630670904177972,-0.0005720659710007407,-0.0018729505317027864,0.001015599979429599,-0.0026630670904177972,0.0005904760229498769,-0.0011576151224142624,7.688603901466175e-05,-0.0016448046177441028,0.0005468415760825331,-0.0011576151224142624,0.0010076174007498976,-0.0011576151224142624,7.688603901466175e-05,-0.0016448046177441028,0.0005468415760825331,-0.0011576151224142624,0.0010076174007498976,-0.004248088470383493,-0.006864003868551016
2023-05-04,0.001653033511458525,0.00103317736445664,0.0035726998640465313,0.0016185962087963965,0.001653033511458525,0.00075888625283737,0.0011645006550757907,0.0009269349941383887,0.002974358162340113,0.0015192210272167686,0.0011645006550757907,0.00071696333135603,0.0011645006550757907,0.0009269349941383887,0.002974358162340113,0.0015192210272167686,0.0011645006550757907,0.00071696333135603,0.002559753067999715,-0.007082947425800068
2023-05-05,0.0008682405914510131,0.0004485253358612174,0.0017441071938107957,0.0003488888282226118,0.0008682405914510131,0.0005298619656022049,0.0004669694468625213,0.0002492138578664907,0.0014189222116234798,0.00019447522350534357,0.0004669694468625213,0.0003615383273909832,0.0004669694468625213,0.0002492138578664907,0.0014189222116234798,0.00019447522350534357,0.0004669694468625213,0.0003615383273909832,0.00255321746176862,0.018512575986983304
2023-05-08,0.005583722310886571,0.0023349644774440853,0.005704117673579015,0.0006342700388013433,0.005583722310886571,-0.0002456622697954312,0.003028108913866493,0.0010061776594091233,0.005602292101834915,0.0012430641000090985,0.003028108913866493,-0.0010283190862403371,0.003028108913866493,0.0010061776594091233,0.005602292101834915,0.0012430641000090985,0.003028108913866493,-0.0010283190862403371,0.006366723094824334,0.0002665471494098792
2023-05-09,0.0017674421704987216,0.000862471080332161,0.0015938157955997046,0.0005175430086750328,0.0017674421704987216,0.00040439377890688015,0.0010975128866364454,0.0004829520016332215,0.0014929883047813174,0.0005519515291873957,0.0010975128866364454,0.00012375481483328652,0.0010975128866364454,0.0004829520016332215,0.0014929883047813174,0.0005519515291873957,0.0010975128866364454,0.00012375481483328652,0.0029523278372949324,-0.004385321513347806
2023-05-10,-0.004678205783515761,-0.002854265500679693,-0.00813911453674788,-0.001999688750435306,-0.004678205783515761,-0.000442894525814826,-0.0019986979984135947,-0.0011717678177262305,-0.007536102334225939,-0.002547928800768933,-0.0019986979984135947,0.0006810266992928,-0.0019986979984135947,-0.0011717678177262305,-0.007536102334225939,-0.002547928800768933,-0.0019986979984135947,0.0006810266992928,-0.009251458873040241,0.0046723613801760155
2023-05-11,-0.0007105545311985288,-0.000892926250457905,-0.004465635360837364,-0.0007679224256205615,-0.0007105545311985288,-0.00028345670031050383,1.8690693318616954e-05,-0.0005801812127614243,-0.0036780682307534646,-0.0008537159712004691,1.8690693318616954e-05,-0.00011053628602155553,1.8690693318616954e-05,-0.0005801812127614243,-0.0036780682307534646,-0.0008537159712004691,1.8690693318616954e-05,-0.00011053628602155553,-0.002122241031608074,-0.001743977740241598
2023-05-12,-0.0008173021472903725,-0.0021260670299207913,-0.001807677020414335,-0.0012817023286851026,-0.0008173021472903725,-0.002088383178062098,-0.001541800040183125,-0.0024490383933306464,-0.001380447597292217,-0.0006916281131278535,-0.001541800040183125,-0.00246306172319385,-0.001541800040183125,-0.0024490383933306464,-0.001380447597292217,-0.0006916281131278535,-0.001541800040183125,-0.00246306172319385,-0.0029775082469502,-0.001310286896183177
2023-05-15,-0.0024340824859924843,-0.0008642136527830277,-0.001922171373806819,-0.0001471496941633695,-0.0024340824859924843,-9.742659545404944e-05,-0.0017365396597594455,-0.0008159694053558179,-0.0013731961906542952,-0.00024402165852272956,-0.0017365396597594455,-0.0002588583047608234,-0.0017365396597594455,-0.0008159694053558179,-0.0013731961906542952,-0.00024402165852272956,-0.0017365396597594455,-0.0002588583047608234,0.0,0.0034500678839837207
2023-05-16,0.00869883489674579,0.004629690868375336,0.013454166794706344,0.002771705941353397,0.00869883489674579,0.0015424454413001908,0.004710387615660804,0.0027490253312023906,0.011673604237146135,0.0031892160924301386,0.004710387615660804,0.0003470046235176555,0.004710387615660804,0.0027490253312023906,0.011673604237146135,0.0031892160924301386,0.004710387615660804,0.0003470046235176555,0.011945405821957245,-0.006682670396272572
2023-05-17,0.010277416158562949,0.005468263503970031,0.013668336209730951,0.0018479606236894062,0.010277416158562949,0.0019987027008062093,0.006580785702151541,0.0041738345645697264,0.012202314960153773,0.0028762511345388504,0.006580785702151541,0.0014474276604406445,0.006580785702151541,0.0041738345645697264,0.012202314960153773,0.0028762511345388504,0.006580785702151541,0.0014474276604406445,0.01644186005670334,0.01213896645052559
2023-05-18,0.009776937716250758,0.005240579061712138,0.012468817339963734,0.002213349456097496,0.009776937716250758,0.0016987392759063393,0.006153095005101244,0.0036337937604323275,0.011424165764315796,0.0028710160647590346,0.006153095005101244,0.0008985975663034825,0.006153095005101244,0.0036337937604323275,0.011424165764315796,0.0028710160647590346,0.006153095005101244,0.0008985975663034825,0.013272488043273967,0.009633215071565893
2023-05-19,0.005915085489218103,0.001787001223889972,0.0037279386656034743,0.0005339236337781235,0.005915085489218103,-0.00014481346363073543,0.004135884048646773,0.0013462305289649102,0.0042420030150431415,0.0013767774691981786,0.004135884048646773,-0.00029392217621479163,0.004135884048646773,0.0013462305289649102,0.0042420030150431415,0.0013767774691981786,0.004135884048646773,-0.00029392217621479163,0.002865316985255495,-0.0014550863563069782
2023-05-22,-0.0013689339310715512,-0.00024949991486887687,-8.72559426003118e-05,0.0001211727782083708,-0.0013689339310715512,0.00022320630212600986,-0.000604210782029585,0.00020626047374143442,-7.426827553724798e-05,7.782917170290007e-05,-0.000604210782029585,0.0005650464779738728,-0.000604210782029585,0.00020626047374143442,-7.426827553724798e-05,7.782917170290007e-05,-0.000604210782029585,0.0005650464779738728,-0.001632628148915849,0.0004061283018428341
2023-05-23,0.0008283820802024169,-0.00023987366788500187,-0.00021488948116787926,-6.651835128818984e-05,0.0008283820802024169,-0.0005132303104094453,0.00016573234121174205,-0.0005587553431942234,9.378238882664944e-05,0.00030683901850649397,0.00016573234121174205,-0.0008470290444554319,0.00016573234121174205,-0.0005587553431942234,9.378238882664944e-05,0.00030683901850649397,0.00016573234121174205,-0.0008470290444554319,-0.0008177113738362385,-0.011222837486886017
2023-05-24,-0.004345391060980746,-0.0021866774254416395,-0.003091498576285859,0.00022221426735659822,-0.004345391060980746,-0.0011734570709049867,-0.0035853432030861377,-0.0023805667027323708,-0.0020878899673685515,0.0002613695153854552,-0.0035853432030861377,-0.0016102308601799208,-0.0035853432030861377,-0.0023805667027323708,-0.0020878899673685515,0.0002613695153854552,-0.0035853432030861377,-0.0016102308601799208,-0.004909971269272839,-0.007244801918740551
2023-05-25,0.009596132364915841,0.004864534150610377,0.012393824332630903,0.0024536852701642076,0.009596132364915841,0.0011149174182705777,0.005787357419078299,0.0029908708406829417,0.011724947113536142,0.0033679884466495972,0.005787357419078299,0.0002459116924409154,0.005787357419078299,0.0029908708406829417,0.011724947113536142,0.0033679884466495972,0.005787357419078299,0.0002459116924409154,0.011924379899933113,0.008659898295524604
2023-05-26,0.01370639932567029,0.00932484826890715,0.019099073323313183,0.004713654733428523,0.01370639932567029,0.004174680604553874,0.009879941556047246,0.007749822379986807,0.017837283411691614,0.005556710208876586,0.009879941556047246,0.0038009884005167187,0.009879941556047246,0.007749822379986807,0.017837283411691614,0.005556710208876586,0.009879941556047246,0.0038009884005167187,0.02356760523821011,0.012950669712364915
2023-05-29,0.010643422633726122,0.0042296010789684025,0.00964727156948338,0.0025236678529437784,0.010643422633726122,0.0005979695880971765,0.007649470404983797,0.0035007177698804675,0.01005965367727924,0.003860579424501081,0.007649470404983797,0.000496868820216919,0.007649470404983797,0.0035007177698804675,0.01005965367727924,0.003860579424501081,0.007649470404983797,0.000496868820216919,0.006351751259561889,
2023-05-30,0.0008007754444385974,0.0012351380147046075,-3.201307365136946e-05,-8.934333549907392e-05,0.0008007754444385974,0.0006773034879727234,0.0013776995938918075,0.0016570102087733302,-2.6227107615769545e-05,-7.306595721528499e-05,0.0013776995938918075,0.0012719633729133992,0.0013776995938918075,0.0016570102087733302,-2.6227107615769545e-05,-7.306595721528499e-05,0.0013776995938918075,0.0012719633729133992,0.0,0.00038094297008361977
2023-05-31,-0.0011074980794569557,-0.0014278449033809616,-0.0027035989807355867,-0.00012013879739907374,-0.0011074980794569557,-0.00038596237062250063,-0.0004562992895838923,-0.000839146083434029,-0.0028503670932770804,-0.0005236478747433621,-0.0004562992895838923,-5.099859613536304e-05,-0.0004562992895838923,-0.000839146083434029,-0.0028503670932770804,-0.0005236478747433621,-0.0004562992895838923,-5.099859613536304e-05,-0.004733715772158531,-0.005545210654671728
2023-06-01,-0.0020381386338711063,-0.0006346912039242045,-0.0028563204520529245,0.0003252949023691185,-0.0030272221513817465,-0.0001981854140957112,-0.00048623725635720677,0.00016915939874086172,-0.0016257386613228236,0.00048576240748116105,-0.0012824079886040911,0.00056841856244075,-0.0004864980928890812,0.00016889856220898716,-0.0016259994978546986,0.0004855015709492867,-0.0012824079886040911,0.00056841856244075,-0.007927070851401097,0.009501019894013307
2023-06-02,0.0100226573547447,0.005368284557244994,0.0100226573547447,0.0021998283669988905,0.012530178478026795,0.0024542167283591533,0.005429484062159686,0.0032223437096933183,0.005429484062159686,0.0011536050876378686,0.008739853353751851,0.001924664359871527,0.005442885993504087,0.00323574564103772,0.005442885993504087,0.00116700701898227,0.008739853353751851,0.001924664359871527,0.012784646061632321,0.014461158782416605
2023-06-05,-0.0010452938597123043,-0.0015279565494945027,-0.0010452938597123043,-0.000676315621920271,-0.0010613780843214897,-0.0017102576643871427,-0.00046623348525382457,-0.0007507332312251297,-0.00046623348525382457,-0.0003558624218989977,-0.001020799834229522,-0.0017032302408281296,-0.0004674023968994715,-0.0007519021428707767,-0.0004674023968994715,-0.00035703133354464465,-0.001020799834229522,-0.0017032302408281296,-0.003155830578926322,-0.0019162630830240612
2023-06-06,0.002853883247346271,0.0017149486546552833,0.002853883247346271,0.001116084229172158,0.0030827062420742336,0.0012663039233663023,0.0018103886993357696,0.0013122703775310844,0.0018103886993357696,0.0009702559442133204,0.002323921881597335,0.0012418512280219821,0.001812725502401,0.0013146071805963148,0.001812725502401,0.000972592747278551,0.002323921881597335,0.0012418512280219821,0.0027700710593421274,0.0021774588210983215
2023-06-07,0.004280104285028957,0.0017830588671241647,0.004280104285028957,-0.0006593398581993966,0.006755872731100934,0.0008990120194626429,0.0014420763060943595,0.00025442487411882274,0.0014420763060943595,-0.0014056042480153714,0.00370931452182621,-5.841773197243466e-05,0.0014455830110783603,0.0002579315791028233,0.0014455830110783603,-0.0014020975430313707,0.00370931452182621,-5.841773197243466e-05,0.01104979628251579,-0.003457727240027575
2023-06-08,-0.007157565405821011,-0.002275535929819237,-0.007157565405821011,-0.0005041852226634535,-0.009618971721610598,-0.0012686353974954555,-0.0029582146530495847,-0.0007823008076090082,-0.0029582146530495847,0.0005450482498636818,-0.005700371608980075,-0.00020993382292644946,-0.0029658182696464964,-0.0007899044242059201,-0.0029658182696464964,0.00053744463326677,-0.005700371608980075,-0.00020993382292644946,-0.009758060654457834,0.0060485691329945634
2023-06-09,0.0087087438508615,0.004020491694334897,0.0087087438508615,0.0024243166914413054,0.010110901435431535,0.0017207206678184885,0.005174244072903605,0.002926379850078534,0.005174244072903605,0.0017159377559913427,0.006844938404852296,0.001135634790571617,0.005183003744724461,0.0029351395218993907,0.005183003744724461,0.0017246974278121996,0.006844938404852296,0.001135634790571617,0.0074891966027932355,0.0017943024372815142
2023-06-12,0.004551217633384872,0.003088714709410432,0.004551217633384872,0.0016572089910550267,0.004884641711776962,0.0012794694346205638,0.003109028552088901,0.002489336663821269,0.003109028552088901,0.0016045979632229397,0.0034605980087393973,0.001133770646238745,0.003104933220667962,0.0024852413324003304,0.003104933220667962,0.0016005026318020009,0.0034605980087393973,0.001133770646238745,0.009389647258116307,0.009071863112013467
2023-06-13,0.01271253792456957,0.007207702758033851,0.01271253792456957,0.002441562555255819,0.016364928068654708,0.0031537715396861184,0.006859589956485972,0.004314955410817082,0.006859589956485972,0.0012588443629677007,0.010914119766055526,0.0022126595427992574,0.006868358242809573,0.0043237236971406835,0.006868358242809573,0.001267612649291302,0.010914119766055526,0.0022126595427992574,0.019767465517502414,0.006592936721117493
2023-06-14,0.0008085147277694584,0.0007000616807255257,0.0008085147277694584,0.0010967655160046275,-0.00025934901903151223,-0.0003093436081546984,0.0011071549356187174,0.0010004525621017952,0.0011071549356187174,0.0011883668194268373,-3.4081457329918335e-05,-0.00028515251062438435,0.0011100827991078503,0.0010033804255909283,0.0011100827991078503,0.0011912946829159702,-3.4081457329918335e-05,-0.00028515251062438435,-0.0003801068080412362,0.0011908327057914558
2023-06-15,0.007247045228339305,0.004370709141439156,0.007247045228339305,0.002881069089020522,0.0074514350891154175,0.0011758149248350886,0.005699028322474029,0.004318399163191638,0.005699028322474029,0.0033933580673084192,0.006073922657251545,0.0017462706605767611,0.005689066648901529,0.004308437489619137,0.005689066648901529,0.0033833963937359183,0.006073922657251545,0.0017462706605767611,0.003041778680489493,0.012397670338390565
2023-06-16,0.0007837781758653685,0.00028171464716264343,0.0007837781758653685,0.0007001365379580325,0.0004645777116723454,-0.00033254581925444104,0.00046956630831928166,0.00018335191620822062,0.00046956630831928166,0.000398212310517253,0.00029441659505230515,-0.0005183339540324214,0.000475998727255991,0.00018978433514493006,0.000475998727255991,0.00040464472945396236,0.00029441659505230515,-0.0005183339540324214,-0.0026534561100983733,-0.003393616420525326
2023-06-19,-0.0020713960098105344,-0.0011032483768787767,-0.0020713960098105344,-0.0007832196030672694,-0.002051807233028934,-0.00024914999726240633,-0.0013971643132228717,-0.0009774190451505042,-0.0013971643132228717,-0.0007929523764109208,-0.0014360977168906745,-0.00017899936683928272,-0.0013971643132228717,-0.0009774190451505042,-0.0013971643132228717,-0.0007929523764109208,-0.0014360977168906745,-0.00017899936683928272,-0.0022805248559346625,
2023-06-20,-0.002266526706380385,-0.0013259464147395731,-0.002266526706380385,-0.0004731354596621198,-0.0031618205115070104,-0.0007574663486852132,-0.0012109741274415043,-0.0007107926059221779,-0.0012109741274415043,-0.00010621312011753036,-0.002379162396346721,-0.0007364306715633738,-0.001212730718519296,-0.00071254919699997,-0.001212730718519296,-0.00010796971119532238,-0.002379162396346721,-0.0007364306715633738,-0.005333310081845233,-0.0051881828235322835
2023-06-21,0.0009262685064674768,-0.0005950154411780908,0.0009262685064674768,-0.0005845315801851011,0.0010513317754552937,-0.0008361063863008646,0.000585862106405007,-0.0002103538919571529,0.000585862106405007,-0.00021962294389258152,0.0003858339014714995,-0.0009371536062224951,0.000585862106405007,-0.0002103538919571529,0.000585862106405007,-0.00021962294389258152,0.0003858339014714995,-0.0009371536062224951,0.0,-0.005123725403500368
2023-06-22,-0.0012260079660734017,-0.0012260079660734017,-0.0012260079660734017,-0.0012260079660734017,-0.0005136843991167106,-0.0005136843991167106,-0.0016701650357308078,-0.0016701650357308078,-0.0016701650357308078,-0.0016701650357308078,-0.0009515675731268792,-0.0009515675731268792,-0.0016648972084202314,-0.0016648972084202314,-0.0016648972084202314,-0.0016648972084202314,-0.0009515675731268792,-0.0009515675731268792,,0.0036097101103738094
2023-06-23,0.0007278616607045935,0.0007278616607045935,0.0007278616607045935,0.0007278616607045935,0.00010592744680192825,0.00010592744680192825,0.0009911740982433757,0.0009911740982433757,0.0009911740982433757,0.0009911740982433757,0.00016980560089964523,0.00016980560089964523,0.0009870722063563056,0.0009870722063563056,0.0009870722063563056,0.0009870722063563056,0.00016980560089964523,0.00016980560089964523,,-0.007560006040454259
2023-06-26,-0.006123180359906817,-0.0033024492640964316,-0.006123180359906817,-0.0018217917256346705,-0.006536553036575386,-0.0010351821888564844,-0.0033893865587713372,-0.002179078764194651,-0.0033893865587713372,-0.001236641610132696,-0.004208104368301183,-0.0007572435935393113,-0.0033928993082831646,-0.002182591513706478,-0.0033928993082831646,-0.0012401543596445232,-0.004208104368301183,-0.0007572435935393113,-0.006127943569948724,-0.004085752980273583
2023-06-27,-0.007537988100926391,-0.0031395306816247837,-0.007537988100926391,-0.0016264690843054408,-0.008627736424879682,-0.0008131659668933292,-0.005147109583311692,-0.0030094054737212564,-0.005147109583311692,-0.0019204151127912474,-0.0060714058318729934,-0.0006108291284844311,-0.005140089270223024,-0.0030023851606325886,-0.005140089270223024,-0.0019133947997025792,-0.0060714058318729934,-0.0006108291284844311,-0.00655110677083337,0.010963311143060928
2023-06-28,0.0032349752783409954,0.0015098514558822627,0.0032349752783409954,0.0013133302130403143,0.0034085426363365603,0.00018154644582695097,0.002836400995548519,0.002002624234978867,0.002836400995548519,0.0018373030089040168,0.0033305663196348087,0.0007979507678375776,0.0028311279760789834,0.0019973512155093314,0.0028311279760789834,0.001832029989434481,0.0033305663196348087,0.0007979507678375776,0.0015516851551744537,0.0005043932731050305
2023-06-29,0.0001428158366978505,-0.0014864697235587537,0.0001428158366978505,-0.001567841922638803,0.0018219485586292098,-0.0008517804133292407,-0.0015392437535468777,-0.0023387599034328478,-0.0015392437535468777,-0.0024170596503382625,0.00040444249494653723,-0.0015889480292046775,-0.0015275386140339168,-0.0023270547639198873,-0.0015275386140339168,-0.0024053545108253015,0.00040444249494653723,-0.0015889480292046775,-0.00038732028964982845,0.003941361271775801
2023-06-30,0.0031724026559725223,0.0026658292613894593,0.0031724026559725223,0.0021892104808749935,0.00243460003908731,0.000841738137211661,0.0029869802805788607,0.002709618655072947,0.0029869802805788607,0.0024115701648618954,0.002335964102363139,0.0013680545134939696,0.002985220221918181,0.0027078585964122677,0.002985220221918181,0.0024098101062012163,0.002335964102363139,0.0013680545134939696,0.0003874703647837041,0.011800720368392525
2023-07-03,0.009754764072021187,0.0048242041695,0.009768680694647789,0.0025673779433605056,0.011493903580189178,0.0018045423703165018,0.007233117621593052,0.00508473029285382,0.005912327760069751,0.0019536075928912105,0.00769691612998734,0.001177143304031123,0.0072402505498236095,0.005091863221084378,0.0059178409734104796,0.001959120806231939,0.00769691612998734,0.001177143304031123,0.01239342191388948,0.0011505363811348257
2023-07-04,0.005218758490962637,0.0032915632819918504,0.005077073616944509,0.0016376647883390538,0.005648684295190942,0.0009917473998527864,0.004405503374234155,0.0034712285035333936,0.0035047303872713102,0.0014649041629219615,0.0038284439039713205,0.0007655790183943716,0.004405503374234155,0.0034712285035333936,0.0035047303872713102,0.0014649041629219615,0.0038284439039713205,0.0007655790183943716,0.002295356226187373,
2023-07-05,-0.0049558088929826,-0.003455744865088329,-0.0048640097974355445,-0.00218983248917545,-0.004616577816444354,-0.0010825108967634962,-0.00400288538985429,-0.0032829657939214604,-0.004059406754078607,-0.0025929528119245635,-0.003609414354551965,-0.0013559838502910447,-0.00400288538985429,-0.0032829657939214604,-0.0040582296093893255,-0.0025917756672352824,-0.003609414354551965,-0.0013559838502910447,-0.0015266942613907375,-0.00148719811037068
2023-07-06,-0.012288255450791171,-0.008664907061612798,-0.012093029800302158,-0.005039963225442177,-0.012283980315071866,-0.0044360710599010275,-0.011341284173352473,-0.009497401193887317,-0.00940093373554412,-0.005375768497087044,-0.009266273364918122,-0.004547736794046401,-0.011341284173352473,-0.009497401193887317,-0.009397989471303879,-0.005372824232846802,-0.009266273364918122,-0.004547736794046401,-0.02217126497108235,-0.007830661842952336
2023-07-07,-0.003931145212011628,-0.0023119930992915056,-0.00369462525896627,-0.0013848607669812237,-0.003914016972201242,-0.0005090894543178606,-0.002925736820053608,-0.0021776912827226225,-0.002543552033263253,-0.0012043555477558156,-0.002606706257397892,-0.000287519313590105,-0.002925736820053608,-0.0021776912827226225,-0.0025488549023533523,-0.0012096584168459152,-0.002606706257397892,-0.000287519313590105,-0.0015637574296373247,-0.00252471423348688
2023-07-10,2.8439937700456105e-05,0.00014519081289225214,0.00014265963941044834,0.0006485320951814937,-0.00019309895136228783,0.0006466113666184954,0.000152412083969693,0.00018855970691523998,0.000845510802982741,0.001080938212923318,0.0006991710365345878,0.001305043316114263,0.000152412083969693,0.00018855970691523998,0.000838448785436632,0.0010738761953772089,0.0006991710365345878,0.001305043316114263,-0.0019577134375448058,0.0025311045491687167
2023-07-11,0.010620059438472043,0.007262326864410946,0.010598211613138783,0.0042483358392080535,0.011066933871783535,0.0028718985290935735,0.009607205959289615,0.007882085026364002,0.0080702673313283,0.004370157047591839,0.00815539516305407,0.0028844181316999744,0.009607205959289615,0.007882085026364002,0.008070854661214393,0.004370744377477929,0.00815539516305407,0.0028844181316999744,0.013730875181665825,0.006368529703967729
2023-07-12,0.006541794666070802,0.005056556780886234,0.006339492333296145,0.003882953917578142,0.00572038406472201,0.0018347397192192015,0.005846337854692427,0.005093622838283681,0.006495323171568441,0.00494667774122847,0.00548938160868743,0.00279448544991431,0.005846337854692427,0.005093622838283681,0.006481217890307182,0.0049325724599672115,0.00548938160868743,0.00279448544991431,0.0019349845658289677,0.008045919692956538
2023-07-13,0.011197103680996587,0.007383587962052856,0.011010651788814703,0.004473446318677198,0.011516008515156205,0.0031684439764619998,0.009627882965632694,0.007909676066947133,0.008557006923660626,0.0049297458083536,0.009113524552670296,0.0036553228953915733,0.009627882965632694,0.007909676066947133,0.008543529470491402,0.004916268355184378,0.009113524552670296,0.0036553228953915733,0.011201212687721673,0.007936883171425269
2023-07-14,0.007482017924107381,0.0030565233898680595,0.0070289030528836016,0.0009017416280930337,0.008402251314749346,0.0006542034892049063,0.005595810702823101,0.0036649495816204374,0.0037941159655778735,0.00026663711312184866,0.004559399662668061,-0.0006053628625401708,0.005595810702823101,0.0036649495816204374,0.0038063868630021447,0.00027890801054612026,0.004559399662668061,-0.0006053628625401708,0.010313263303764586,-0.0006228285007950918
2023-07-17,0.002376876577928712,0.00159229898126527,0.0018911525960627817,0.0006830878059723307,0.002334841348283243,3.9729539750800314e-05,0.00198280687177751,0.0015799819268626448,0.0017749671233823112,0.0010220967539604463,0.002081385637774174,0.00022500877997246453,0.00198280687177751,0.0015799819268626448,0.0017732096666490686,0.0010203392972272037,0.002081385637774174,0.00022500877997246453,-0.001890359168241984,0.003472216797614669
2023-07-18,0.0011489707950280794,0.000877244184392049,0.0010205729449342124,0.0012978131404770843,0.0006237292998986953,0.00034073188506790074,0.0007622921850396891,0.0007314616994428274,0.0014136893559210772,0.0015655138070875543,0.0010651565992241983,0.0005731238132154236,0.0007622921850396891,0.0007314616994428274,0.0014136893559210772,0.0015655138070875543,0.0010651565992241983,0.0005731238132154236,-0.0018938931551846332,0.007430587638025177
2023-07-19,-0.0030517795977757526,-0.00217578027751199,-0.003237329075178606,-0.0007678736514391856,-0.0036014170866617906,-0.0003199469378890474,-0.003487756079256023,-0.002809289631923308,-0.0024131310197823396,-0.0007307991405616315,-0.001954872064066948,0.00016300794471096663,-0.003487756079256023,-0.002809289631923308,-0.0024148882740327227,-0.0007325563948120147,-0.001954872064066948,0.00016300794471096663,-0.008471359659688482,0.002223760453105239
2023-07-20,-0.0002127383679784153,-0.00012796228506689331,0.00012352818696025446,-0.00036641222121412556,0.0004626516606154006,-0.00015526059876701397,0.0004920518440092342,0.0003325497185557347,-0.0002895400404132537,-0.0007597740612459779,-0.00039985727161928294,-0.000747558294187181,0.0004920518440092342,0.0003325497185557347,-0.00028368558327906566,-0.0007539196041117899,-0.00039985727161928294,-0.000747558294187181,0.004660241580703994,-0.006634489126235876
2023-07-21,-0.006249373994470289,-0.0030858613123235625,-0.005946236598517748,-0.0003701211038795575,-0.007839117758960876,-0.002536307647699046,-0.0051013177421526945,-0.003980366458619932,-0.0020815776365483768,0.0005271964696210118,-0.005059672143304376,-0.0018875049702278947,-0.0051013177421526945,-0.003980366458619932,-0.002082163893356787,0.0005266102128126011,-0.005059672143304376,-0.0018875049702278947,-0.016621639380154596,0.0
2023-07-24,0.003045173036733646,0.0015974375120977851,0.002658889494026787,0.0006784593643599717,0.0033011449884130274,-0.0003834018567878436,0.002319141229374977,0.001515750467277364,0.0018442417817452284,0.0005587233808725195,0.0018718998288548715,-0.0007106651808453929,0.002319141229374977,0.001515750467277364,0.001850102285766562,0.0005645838848938534,0.0018718998288548715,-0.0007106651808453929,0.00039310576224438343,0.004467290822171233
2023-07-25,0.006541236224822044,0.004076291884238927,0.007624224870990522,0.0026653893280038747,0.007383806820605587,0.0020804390200650385,0.0060735827609138815,0.004935414408017624,0.0050371892662685715,0.002379731408987563,0.004641905966753994,0.0015037103046290478,0.0060735827609138815,0.004935414408017624,0.005037776174125418,0.0023803183168444085,0.004641905966753994,0.0015037103046290478,0.012573721835093421,0.00273005328280318
2023-07-26,6.0838226017682884e-05,0.0002890763806229054,-0.00012798821331203277,0.00075041201522431,-0.000626851762752154,0.00015703551880160335,0.0001403195940894536,0.0003324709803607279,0.0010677381589072233,0.0015716579803465287,0.0005349536951095412,0.000723031708806055,0.0001403195940894536,0.0003324709803607279,0.0010630432119507623,0.001566963033390068,0.0005349536951095412,0.000723031708806055,-0.002716384066248634,0.00015371360408278356
2023-07-27,0.001252008761909393,-0.0006336683217404195,0.0016061131987571069,-0.0014385443128900788,0.0031875239244237726,-3.5876115870550466e-05,0.001117943247094844,0.00027031919863147497,-0.0008264154135444378,-0.0024598372092792926,0.0007576851872266333,-0.0011093806094134556,0.001117943247094844,0.00027031919863147497,-0.0008193799393127498,-0.0024528017350476045,0.0007576851872266333,-0.0011093806094134556,0.0077821011673151474,-0.006629974021435614
2023-07-28,0.001718500846922155,0.001220340394439121,0.0024920831656127444,0.0016822170734766802,0.0015184948419175418,0.00020719068867299417,0.0013516094613214454,0.0010161569044518789,0.002762107890997137,0.0021550082446266483,0.0017356107026427223,0.000818338868600628,0.0013516094613214454,0.0010161569044518789,0.00275564926252736,0.002148549616156871,0.0017356107026427223,0.000818338868600628,0.0,0.009790323076682261
2023-07-31,-0.0033617920376654217,-0.0022011000042165083,-0.002663748249404216,-0.000387240095930027,-0.0031264183371598623,-0.0006336113196211165,-0.0035870961204000134,-0.002706592452488648,-0.002276140073077441,-0.0006189028063385675,-0.0013764379957595112,-0.0001479189798961869,-0.0035870961204000134,-0.002706592452488648,-0.0022773130204054564,-0.0006200757536665824,-0.0013764379957595112,-0.0001479189798961869,-0.005405381839707957,0.0019040424836307412
2023-08-01,0.0028895213451683405,0.0007954699145064736,0.0027661447217917174,0.00011919575804754937,0.003017340894040521,0.00014120864384493153,0.0006216512857282492,-0.00021984223637954353,0.0005790985944732275,-0.00076282997395627,0.000748896645908599,-0.0006964663861070792,0.0008199155467664434,-2.1577975341349135e-05,0.0007702299272808637,-0.0005716986411486337,0.0009471609069467933,-0.0004982021250688848,0.005046536343816577,-0.002861568697747563
2023-08-02,-0.017514376861598378,-0.010423931115023745,-0.017514376861598378,-0.005756654917298761,-0.017514376861598378,-0.0030045226255846513,-0.011102714947174838,-0.008390841922779575,-0.011102714947174838,-0.004966521212418378,-0.011102714947174838,-0.0021449751225164106,-0.011144669569412121,-0.008432796545016857,-0.011144669569412121,-0.0050084758346556615,-0.011144669569412121,-0.0021869297447536943,-0.012359973054003381,-0.013910808689727716
2023-08-03,-0.0006229082923361153,-0.0006229082923361153,-0.0006229082923361153,-0.0006229082923361153,-0.0006229082923361153,-0.0006229082923361153,-0.000541282597769128,-0.000541282597769128,-0.000541282597769128,-0.000541282597769128,-0.000541282597769128,-0.000541282597769128,-0.0005727390008381926,-0.0005727390008381926,-0.0005727390008381926,-0.0005727390008381926,-0.0005727390008381926,-0.0005727390008381926,,-0.0028658577098359395
2023-08-04,-0.0006288703639432942,-6.134115344564629e-05,-0.0006288703639432942,0.0005711681781477179,-0.0006288703639432942,-0.00014754044456222193,0.0004902206970976957,0.0008635122329700574,0.0004902206970976957,0.001350006179458017,0.0004902206970976957,0.0006156309015659981,0.00032255540808127204,0.0006958469439536338,0.00032255540808127204,0.0011823408904415931,0.00032255540808127204,0.00044796561254957447,-0.004692987730011922,-0.004522767123829707
2023-08-07,0.009455214526285873,0.005838929344695823,0.009455214526285873,0.0029663694071979953,0.009455214526285873,0.0014156991867428678,0.006091869504857749,0.004829555260579873,0.006091869504857749,0.0027356553395907045,0.006091869504857749,0.0010418194811265054,0.006060494804973069,0.0047981805606951925,0.006060494804973069,0.002704280639706024,0.006060494804973069,0.0010104447812418246,0.00982318271119853,0.008728528720920004
2023-08-08,-0.004746298615167645,-0.0027741327555282098,-0.004746298615167645,-0.00042316587951839993,-0.004746298615167645,-0.0013345026563336723,-0.002398094626511375,-0.001718247679013347,-0.002398094626511375,-3.9841829401859814e-05,-0.002398094626511375,-0.0006513602092278319,-0.002439914744536432,-0.0017600677970384048,-0.002439914744536432,-8.166194742691718e-05,-0.002439914744536432,-0.0006931803272528892,-0.011673151750972721,-0.004348675405997704
2023-08-09,-0.0017513585451586326,-0.0006053306534535491,-0.0017513585451586326,-0.0006849173849759558,-0.0017513585451586326,5.0402077508691525e-05,-0.0010269720452589957,-0.0005882491826052036,-0.0010269720452589957,-0.0006227766191734218,-0.0010269720452589957,-0.00011488430294065479,-0.0009747206755541157,-0.0005359978129003236,-0.0009747206755541157,-0.0005705252494685417,-0.0009747206755541157,-6.263293323577473e-05,0.0015747791200171335,-0.006685236768802283
2023-08-10,-0.012934279062185186,-0.007007090270298696,-0.012934279062185186,-0.004345783656215262,-0.012934279062185186,-0.002272578357262052,-0.008277379799414931,-0.005927777934941982,-0.008277379799414931,-0.003909619580370077,-0.008277379799414931,-0.0018353617801985867,-0.008235562500396466,-0.005885960635923515,-0.008235562500396466,-0.003867802281351611,-0.008235562500396466,-0.00179354448118012,-0.00628927233928156,0.0003589538129207259
2023-08-11,-4.239624772619136e-06,-0.00016990211021771754,-4.239624772619136e-06,0.00026324790607061484,-4.239624772619136e-06,-0.00024533800645192515,-0.0002144130061045933,-0.00026944873058399395,-0.0002144130061045933,-4.329745410484143e-06,-0.0002144130061045933,-0.0005397891528442627,-0.00013072117685558534,-0.00018575690133498595,-0.00013072117685558534,7.93620838385238e-05,-0.00013072117685558534,-0.0004560973235952547,-0.0007911271591292124,-0.0005830991982453959
2023-08-14,-0.009443815680831557,-0.004836869255532527,-0.009443815680831557,-0.0014214633764225014,-0.009443815680831557,-0.002350585031620491,-0.005416329755879427,-0.0037040114074158737,-0.005416329755879427,-0.0011461340685598742,-0.005416329755879427,-0.0017556320161230064,-0.005343029047856481,-0.003630710699392928,-0.005343029047856481,-0.0010728333605369283,-0.005343029047856481,-0.0016823313081000605,-0.014251805291090713,0.005520007828496709
2023-08-15,0.006783530603455133,0.002407445538606045,0.006783530603455133,0.0014620551036266367,0.006783530603455133,-0.00019743916049918514,0.004441625138184779,0.002527863888689693,0.004441625138184779,0.0017614485663715884,0.004441625138184779,-0.0002647084380369821,0.004410184509481418,0.0024964232599863317,0.004410184509481418,0.0017300079376682271,0.004410184509481418,-0.0002961490667403434,0.001606401190700213,-0.011648860489082202
2023-08-16,-0.003366042530559756,-0.0012676674426738322,-0.003366042530559756,-0.0008513154405206092,-0.003366042530559756,-0.001288204473165893,-0.0022669464356234767,-0.0012677987886846721,-0.0022669464356234767,-0.0009362699906651324,-0.0022669464356234767,-0.0011396625379677585,-0.0022250384720101076,-0.001225890825071303,-0.0022250384720101076,-0.0008943620270517633,-0.0022250384720101076,-0.0010977545743543894,-0.005212461206026808,-0.007338164990194795
2023-08-17,0.0016421620442230841,0.0012684908476680724,0.0016421620442230841,9.677174993604737e-05,0.0016421620442230841,-0.0001102421090758362,0.001031418274345627,0.0010984773972693884,0.001031418274345627,0.00031348134281757175,0.001031418274345627,-5.9971678901768054e-05,0.0009370767281524902,0.0010041358510762513,0.0009370767281524902,0.00021913979662443496,0.0009370767281524902,-0.0001543132250949049,0.004433659079668084,-0.007619884432481627
2023-08-18,-0.008131842499974833,-0.004014082416380097,-0.008131842499974833,-0.002362670198853453,-0.008131842499974833,-0.00071209237105422,-0.005060770159333984,-0.0033356607323973262,-0.005060770159333984,-0.002157517491496013,-0.005060770159333984,-0.00030574009674403865,-0.005092179727185764,-0.003367070300249106,-0.005092179727185764,-0.002188927059347793,-0.005092179727185764,-0.0003371496645958187,-0.0060192617109523505,0.00048131162979969666
2023-08-21,-0.001389634447379431,-0.0016179508647054617,-0.001389634447379431,-0.0005066498157897626,-0.001389634447379431,-0.0010410262412822169,-0.0011090980561869644,-0.0012542492813607678,-0.0011090980561869644,-0.0005333610056487842,-0.0011090980561869644,-0.0010501205197379379,-0.0010148962611894897,-0.001160047486363293,-0.0010148962611894897,-0.00043915921065130933,-0.0010148962611894897,-0.0009559187247404632,-0.006863128660423046,0.0065062917248353
2023-08-22,0.00659178215613375,0.003281594137104136,0.00659178215613375,0.0016176984590910175,0.00659178215613375,0.0013348989119682285,0.0038722835638721957,0.002466075764853433,0.0038722835638721957,0.0012873345385912495,0.0038722835638721957,0.0008236653879972736,0.00391419670752969,0.002507988908510928,0.00391419670752969,0.0013292476822487445,0.00391419670752969,0.0008655785316547687,0.008130081300812941,-0.002708613946659777
2023-08-23,0.007674118905828369,0.0050740718491525914,0.007674118905828369,0.0028927069063015534,0.007674118905828369,0.0026207477953164265,0.005791010497224453,0.004772071520419981,0.005791010497224453,0.0032150177790416373,0.005791010497224453,0.0026890171495600737,0.005633760474152789,0.004614821497348317,0.005633760474152789,0.0030577677559699735,0.005633760474152789,0.00253176712648841,0.006854826404202319,0.011137749516813678
2023-08-24,0.012837441817736097,0.006733824120134966,0.012837441817736097,0.0026033272172760564,0.012837441817736097,0.0024577156818160984,0.007390641226915316,0.0048502059327782485,0.007390641226915316,0.0018605265012234312,0.007390641226915316,0.0013647586591776575,0.0074429555461313045,0.004902520251994237,0.0074429555461313045,0.001912840820439419,0.0074429555461313045,0.0014170729783936455,0.0172206772299206,-0.013859070825400499
2023-08-25,-0.019117960764361685,-0.009354187271021984,-0.019117960764361685,-0.004555764761308783,-0.019117960764361685,-0.0027452933058776823,-0.0115356758400345,-0.007333928265925079,-0.0115356758400345,-0.0038128705985423436,-0.0115356758400345,-0.0018755838300867187,-0.011483321234820728,-0.0072815736607113055,-0.011483321234820728,-0.0037605159933285703,-0.011483321234820728,-0.0018232292248729453,-0.01929131455308808,0.007049798505337934
2023-08-28,0.0035321362600618327,0.0017582426516984677,0.0035321362600618327,0.000931990969689638,0.0035321362600618327,0.001046646125755002,0.0023267889120862826,0.0014790034988075972,0.0023267889120862826,0.0008841599584914106,0.0023267889120862826,0.0010068982348906113,0.0022744019592878736,0.0014266165460091883,0.0022744019592878736,0.0008317730056930016,0.0022744019592878736,0.0009545112820922025,0.006423086332891126,0.006341360859106304
2023-08-29,0.006384325731700937,0.003480098110976323,0.006384325731700937,0.0023521432925805528,0.006384325731700937,0.001679908874292526,0.005193573441324758,0.003945941878748702,0.005193573441324758,0.003080771339460141,0.005193573441324758,0.002031210975549853,0.0050051080460228724,0.003757476483446817,0.0050051080460228724,0.0028923059441582554,0.0050051080460228724,0.0018427455802479675,0.005584400368231712,0.014454769525983568
2023-08-30,0.007828346225058761,0.0037490099775207004,0.007828346225058761,0.001989631816322104,0.007828346225058761,0.001127008729339813,0.004786397666474889,0.0029586107005562293,0.004786397666474889,0.0016890379898045163,0.004786397666474889,0.0007943355450557792,0.004786397666474889,0.0029586107005562293,0.004786397666474889,0.0016890379898045163,0.004786397666474889,0.0007943355450557792,0.004363311456148544,0.004118813092065299
2023-08-31,-0.0028317552061069475,-0.001911178053541561,-0.0028317552061069475,-0.0003072344031638311,-0.0028317552061069475,-0.0008791098821549406,-0.0013552413211239448,-0.0011052915392596803,-0.0013552413211239448,5.360907866794273e-05,-0.0013552413211239448,-0.00025219136502973314,-0.0014388117477656954,-0.001188861965901431,-0.0014388117477656954,-2.996134797380783e-05,-0.0014388117477656954,-0.0003357617916714837,-0.0071090168777757645,-0.0014633902747576144
2023-09-01,0.001069915893395188,-0.0007125837431755659,-0.0004726068819282943,-0.0007980623735805636,-0.0004726068819282943,-0.00010579967580398834,-0.00014443965788169867,-0.0010150843740465198,-0.0007583665712924,-0.0008496890714731595,-0.0007583665712924,-0.0003039200852074149,-2.175149819223538e-05,-0.0008923962143570566,-0.0007124447671532309,-0.0008037672673339904,-0.0007124447671532309,-0.0002579982810682457,0.0015911263523664676,0.0018652077861802674
2023-09-04,0.0051454914591476135,0.002767839078618305,0.003968704840555273,0.0011510601348930724,0.003968704840555273,0.0009994016472012245,0.003357219778367828,0.002012199600201415,0.0026578922725059412,0.0010386908624645701,0.0026578922725059412,0.0007031745770859794,0.003357219778367828,0.002012199600201415,0.0026578922725059412,0.0010386908624645701,0.0026578922725059412,0.0007031745770859794,0.006751377790463087,
2023-09-05,4.193451562228834e-05,-0.0003752079320754609,-0.0005353301216893812,-0.0007579461849296773,-0.0005353301216893812,-0.0011982551042985365,-0.0005818943476867971,-0.0009021287932000036,-0.0007532410557895021,-0.0008179939718365759,-0.0007532410557895021,-0.001447301043334134,-0.0004307800575273967,-0.0007510145030406031,-0.000648552754124959,-0.0007133056701720327,-0.000648552754124959,-0.001342612741669591,-0.0023668879823101063,-0.0043219313293283435
2023-09-06,0.00047554612005495933,-0.0004860920980780158,-0.00011958286783220781,-0.00035025007557460146,-0.00011958286783220781,-0.0008231776661874643,-0.0004127419884734772,-0.0010169336686695041,-0.0005854672631751476,-0.0006434581989734139,-0.0005854672631751476,-0.0009889969439892746,-0.0002765744598587541,-0.0008807661400547811,-0.0004911337140614493,-0.0005491246498597155,-0.0004911337140614493,-0.0008946633948755762,-0.003558694812988983,-0.006722440297659893
2023-09-07,-0.00730141774312379,-0.004208360089796415,-0.007352756182185337,-0.0015838145594953468,-0.007352756182185337,-0.001287387934232022,-0.0033060556965518574,-0.0023908710067293898,-0.003863801206468232,-0.0007554497895531474,-0.003863801206468232,-0.00030624051404100567,-0.003533254353534576,-0.0026180696637121085,-0.0040211989053549274,-0.0009128474884398421,-0.0040211989053549274,-0.0004636382129277005,-0.0091269962371342,-0.003070223462506516
2023-09-08,-0.002130612482425275,-0.0012688154124337442,-0.0015824001356615244,-0.0003180357100800681,-0.0015824001356615244,-0.0003880237921237122,-0.0011424571753781913,-0.0006359553672306796,-0.0009260571968335912,-0.00018073717701018943,-0.0009260571968335912,-0.0003180130708285028,-0.0010819908184389487,-0.000575489010291437,-0.0008841675766716981,-0.00013884755684829628,-0.0008841675766716981,-0.0002761234506666097,-0.004405249732360117,0.0015060872225780564
2023-09-11,-0.005268871525946344,-0.0036718934020818724,-0.005967805289650778,-0.0018023518955855708,-0.005967805289650778,-0.0007589851546399018,-0.0031353114668984145,-0.0024593717280679906,-0.0036793575240031662,-0.001439980672518766,-0.0036793575240031662,-0.0003930750691604016,-0.0031655595894305986,-0.0024896198506001747,-0.0037003126869668748,-0.0014609358354824744,-0.0037003126869668748,-0.0004140302321241102,-0.004022526047660735,0.006576636886363119
2023-09-12,0.006613513502941545,0.0035401492271063435,0.0063448287672387815,0.0015227445280068077,0.0063448287672387815,0.0010488883706759016,0.003077179718148798,0.002043866334043463,0.00374353442830928,0.0011576375993941868,0.00374353442830928,0.00045203707715833655,0.003137672553286701,0.002104359169181366,0.0037854423919226493,0.001199545563007556,0.0037854423919226493,0.0004939450407717055,0.01009693028422154,-0.005485610225651083
2023-09-13,0.00010458617600794229,-0.00017628671397863563,-0.0006488079274550597,-0.0003163623085262453,-0.0006488079274550597,0.00011454748583799258,0.0005108457786412777,-1.1151228164144197e-05,-0.00020221738914186105,8.037901465712046e-07,-0.00020221738914186105,0.00031737404080450847,0.00040493385298511815,-0.0001170631538203037,-0.00027559059303455043,-7.25694137461181e-05,-0.00027559059303455043,0.00024400083691181922,0.0011994713540495194,0.001165989243338661
2023-09-14,0.010020917299393643,0.0056158583431759,0.009953008647377143,0.0020871051703967563,0.009953008647377143,0.0013744628168085187,0.005478117722563563,0.0038114160895162557,0.006082364918865068,0.0018866936795734087,0.006082364918865068,0.0008456512224675892,0.005508347165900119,0.0038416455328528125,0.006103307141336751,0.001907635902045092,0.006103307141336751,0.0008665934449392724,0.013977636123453374,0.008622372403159329
2023-09-15,0.006379559216696148,0.0034057143854675036,0.0051398355783384315,0.0019580105880541965,0.0051398355783384315,0.0012393220796713153,0.0036758401470807418,0.002074208562423047,0.003275086499325863,0.0014570370317288266,0.003275086499325863,0.0005768224417984234,0.0037363255068349143,0.00213469392217722,0.003316989284175356,0.00149893981657832,0.003316989284175356,0.0006187252266479169,0.0031508588853450537,-0.012005929501383555
2023-09-18,-0.009382218156311477,-0.005017609814982842,-0.009443388906786098,-0.002360214348047972,-0.009443388906786098,-0.0015142651153872203,-0.004484690187206365,-0.003031271357749871,-0.005638918258588765,-0.0018340460715339775,-0.005638918258588765,-0.0008778762253881912,-0.004469558485011417,-0.0030161396555549217,-0.005628435383657401,-0.0018235631966026136,-0.005628435383657401,-0.000867393350456827,-0.010600694859022153,0.0005864396970667318
2023-09-19,-0.0021501569839052696,-0.001015147398915412,-0.002703221069150704,-0.0004065728283031831,-0.002703221069150704,-0.0004963787118402321,-0.0010343553052452568,-0.0007360833160275555,-0.0015787368475664101,-0.0005189824546605185,-0.0015787368475664101,-0.0006124426320557881,-0.0009435769528354414,-0.00064530496361774,-0.0015158478148239447,-0.00045609342191805304,-0.0015158478148239447,-0.0005495535993133224,-0.004365103585379448,-0.0020738304839804655
2023-09-20,-0.005408901941757284,-0.003028684979686324,-0.004479877304578222,-0.0013202496182270352,-0.004479877304578222,-0.0009566872248675661,-0.003577756313861469,-0.0023947537505055795,-0.003284732808596791,-0.0014353395617554,-0.003284732808596791,-0.0008220369901842888,-0.003502043833863961,-0.0023190412705080717,-0.003232281045514762,-0.001382887798673371,-0.003232281045514762,-0.00076958522710226,-0.0055798881249155,-0.009193324942280201
2023-09-21,-0.013622015634147801,-0.0076487834436271525,-0.01379846848409013,-0.004211472584910199,-0.01379846848409013,-0.0034358090260664153,-0.0077764355895588565,-0.005567586132736188,-0.009068625092838387,-0.0038687549056358266,-0.009068625092838387,-0.0025029078724544116,-0.007837040754700625,-0.005628191297877957,-0.009110610875943998,-0.003910740688741437,-0.009110610875943998,-0.002544893655560023,-0.01603206412825653,-0.016528359834683037
2023-09-22,-0.001000118777526552,-0.0008807310788669918,-0.001472985334273033,-0.0002741526475518175,-0.001472985334273033,-0.00014366872908546773,0.00020221347636014086,-0.00026446764894275446,-0.0007422244997875239,9.516639776214531e-06,-0.0007422244997875239,0.00026032510650578666,8.106313771480612e-05,-0.0003856179875880892,-0.0008261545052521685,-7.441336568843012e-05,-0.0008261545052521685,0.00017639510104114201,-0.0008146515203347748,-0.0022485481530990503
2023-09-25,0.006468735240187697,0.003966003084460442,0.005902862159636406,0.0012300671844735868,0.005902862159636406,0.0008786055646753448,0.003522733020838119,0.002584579880599222,0.003502603443536596,0.0009315739341168338,0.003502603443536596,0.00030191812095231113,0.00356811658531601,0.002629963445077113,0.0035340440722399567,0.0009630145628201951,0.0035340440722399567,0.0003333587496556724,0.007337965875923835,0.004205189122549191
2023-09-26,-0.008741293971106316,-0.0053469915365451,-0.00824294782285412,-0.0025951508460660615,-0.00824294782285412,-0.0024041389213313477,-0.00554320330473474,-0.003983128928092395,-0.005328942230190276,-0.0022252424871506927,-0.005328942230190276,-0.001794900825643608,-0.005558329073655803,-0.003998254697013458,-0.005339420994693925,-0.0022357212516543414,-0.005339420994693925,-0.001805379590147257,-0.011736175975886276,-0.014691266090073651
2023-09-27,-0.0014362418486289113,-0.0017261291962074802,-0.00291041140762566,-0.0014398222234712063,-0.00291041140762566,-0.0010235746394829995,-0.0012336867536728317,-0.0019304050749228581,-0.0024575659278338615,-0.001599765619204192,-0.0024575659278338615,-0.0011167203413717495,-0.001142897175033061,-0.0018396154962830875,-0.0023946691178325617,-0.0015368688092028922,-0.0023946691178325617,-0.00105382353137045,0.00040952540853966823,0.00039913334321250993
2023-09-28,0.005474915567811182,0.0020318959142173972,0.0037280332892833416,0.0007811714231306052,0.0037280332892833416,0.0005411987035877672,0.0034418117293267187,0.001466952929135359,0.0026061775827823158,0.0010266515360564444,0.0026061775827823158,0.0007846564076073907,0.003229804413463491,0.001254945613272131,0.002459304075222124,0.0008797780284962529,0.002459304075222124,0.000637782900047199,0.004093327824429505,0.005797444646104211
2023-09-29,-7.191438456906414e-05,-7.191438456906414e-05,-0.00018516763044043737,-0.00018516763044043737,-0.00018516763044043737,-0.00018516763044043737,-7.609032270757102e-05,-7.609032270757102e-05,-0.00016683123702817046,-0.00016683123702817046,-0.00016683123702817046,-0.00016683123702817046,-9.121081115252142e-05,-9.121081115252142e-05,-0.00017730634334651052,-0.00017730634334651052,-0.00017730634334651052,-0.00017730634334651052,,-0.0024269066881511536
2023-10-02,0.008933669314683703,0.005633622680482305,0.008775774577841598,0.0019063971418472525,0.010437042409127503,0.00040650855297802305,0.004497801656047122,0.002612947044229931,0.0043343132137474046,0.0001996494342836777,0.005498865200902493,-0.0005766337757746392,0.004658890033228198,0.0027740354214110066,0.004551803062181962,0.00041713928271823523,0.005583685920100929,-0.0004918130565762032,0.013045238110196866,-0.00039771082475204
2023-10-03,-0.007044614787932016,-0.004001309879421477,-0.007044614787932016,-0.0026494767720070564,-0.005991166615820664,-0.002623254782829017,-0.004735863640268358,-0.003823805967415274,-0.004735863640268358,-0.002953443675888124,-0.004762899518512064,-0.0026034562061784746,-0.004633353264016546,-0.0037212955911634627,-0.004633353264016546,-0.0028509332996363127,-0.004699846794157679,-0.002540403481824089,-0.006036217303822977,-0.013386069255070021
2023-10-04,-0.008477991671010796,-0.004689288868919956,-0.008477991671010796,-0.0016009064621795384,-0.008736637069970953,-0.0004505232071294199,-0.004427702371948533,-0.002558383036412089,-0.004427702371948533,-0.0005857847253616935,-0.004735212551432137,0.0005525558534901089,-0.0047354754110516635,-0.002866156075515219,-0.0047354754110516635,-0.0008935577644648233,-0.0049245195202272905,0.00036324888469495525,-0.012955453231749736,0.007281973839242228
2023-10-05,0.007158368995453056,0.004951337349786161,0.007158368995453056,0.0017335898347295108,0.00974067359045605,0.0014424120271988698,0.005210422404828366,0.0038818014071018304,0.005210422404828366,0.001816806857876707,0.006139035104507181,0.0012687391695740966,0.005073949237321393,0.003745328239594857,0.005073949237321393,0.0016803336903697336,0.00605509233376318,0.0011847963988300958,0.014356029352702526,-0.0003767806262175988
2023-10-06,0.0007120065808991755,0.0016698463911552469,0.0007120065808991755,0.00040551760127295394,0.0018753668029679418,0.000307571820002137,0.00039236433966884885,0.0007572787854664379,0.00039236433966884885,-3.8978137092496526e-05,0.0007917281312146258,-6.856916714498954e-05,0.0005116683820134451,0.0008765828278110342,0.0005116683820134451,8.032590525209976e-05,0.0008651104089056105,4.8131105459952325e-06,0.0036392797629525298,0.011872811648814707
2023-10-09,0.0005473061652297235,0.0005473061652297235,0.0005473061652297235,0.0005473061652297235,0.0012000671501294882,0.0012000671501294882,0.0015448242141189394,0.0015448242141189394,0.0015448242141189394,0.0015448242141189394,0.0019342396682283968,0.0019342396682283968,0.001135416304941754,0.001135416304941754,0.001135416304941754,0.001135416304941754,0.0016824184869028802,0.0016824184869028802,,0.00640219757250482
2023-10-10,-4.684795888409976e-05,-4.684795888409976e-05,-4.684795888409976e-05,-4.684795888409976e-05,-2.604859790647653e-05,-2.604859790647653e-05,-0.00022834096737001094,-0.00022834096737001094,-0.00022834096737001094,-0.00022834096737001094,-0.0001744354081994298,-0.0001744354081994298,-0.00014329697978391636,-0.00014329697978391636,-0.00014329697978391636,-0.00014329697978391636,-0.00012212601959576594,-0.00012212601959576594,,0.00520483924107662
2023-10-11,0.014436051211776298,0.007261984029123906,0.014436051211776298,0.0036057307957875146,0.012461014424772363,0.0036636833442100485,0.00858908603395346,0.005603625423138885,0.00858908603395346,0.0032773051288057208,0.00845577013451483,0.0027390067649939224,0.00862311683844441,0.005637656227629833,0.00862311683844441,0.003311335933296669,0.00847670201491155,0.0027599386453906432,0.01732475062300054,0.004096282837700693
2023-10-12,0.005091422532973572,0.003599195873048671,0.005091422532973572,0.0019628136035928093,0.006237066176893802,0.0011094032437213882,0.0032572310238946096,0.002268633164617873,0.0032572310238946096,0.0011985685829030194,0.003409377755187661,0.00025791587454641256,0.0034274660243305798,0.0024388681650538433,0.0034274660243305798,0.0013688035833389891,0.0035140869656152076,0.0003626250849739592,0.008316855855507344,-0.006096451268467251
2023-10-13,-0.0026024273636624873,-0.0015467266945290727,-0.0026024273636624873,-0.001176669956956264,-0.0028057883052736133,-0.00010411709618015453,-0.0018257688770934226,-0.0012096001493680372,-0.0018257688770934226,-0.0009371056432650883,-0.0016421692673628608,0.00011271322675115392,-0.0019109916229818546,-0.0012948228952564692,-0.0019109916229818546,-0.0010223283891535205,-0.0016945886077428763,6.029388637113866e-05,-0.0027494587205415533,-0.004980868984616693
2023-10-16,-0.002453178536885028,-0.001718141637209315,-0.002453178536885028,-5.356808213846368e-05,-0.005358616350513507,-0.0001442906027053944,-0.0013311026328275551,-0.0006402213150365163,-0.0013311026328275551,0.00038899584603821995,-0.002936334149469923,2.463669922753659e-05,-0.0012459325422876485,-0.0005550512244966095,-0.0012459325422876485,0.0004741659365781267,-0.002883947196671514,7.702365202594558e-05,-0.00551395797612797,0.010521456651035654
2023-10-17,-0.0002645611710501443,-9.99011624718739e-05,-0.0002645611710501443,-0.0003401253002010814,0.00011634914445062488,-0.0005538426385935525,-0.0009863653054127829,-0.0010129484620774306,-0.0009863653054127829,-0.0011426041979306465,-0.0008451455353315047,-0.0012361098401608768,-0.0006795816246459041,-0.0007061647813105516,-0.0006795816246459041,-0.0008358205171637675,-0.0006564471072591953,-0.0010474114120885675,0.0023762617961013976,-4.591214305493807e-05
2023-10-18,-0.00820288405507264,-0.005779023266783571,-0.00820288405507264,-0.002495464545575634,-0.009855589731103717,-0.0024700453513697308,-0.004788727397878662,-0.0035680092141156714,-0.004788727397878662,-0.0014999213623719655,-0.006187764890289255,-0.0016645599406939575,-0.004788727397878662,-0.0035680092141156714,-0.004788727397878662,-0.0014999213623719655,-0.006187764890289255,-0.0016645599406939575,-0.013828525940724479,-0.013325071567788949
2023-10-19,-0.001485139907673933,-0.0003571049402401465,-0.001485139907673933,-0.0003481059495836009,-0.0019101038055200671,0.00022273920705818165,-0.0009042358212386988,-0.00021986031451095526,-0.0009042358212386988,-0.00022339410348797342,-0.00113948110688577,0.00031777729352451724,-0.0010921336305829872,-0.00040775812385524386,-0.0010921336305829872,-0.000411291912832262,-0.0012550544684572424,0.0002022039319530447,0.00040060433606359247,-0.008786403975676982
2023-10-20,-0.000667397914499627,3.72972377815582e-05,-0.000667397914499627,-0.0002892936522421494,-0.001798255059624416,0.0016730074431324734,-0.00014088539118435722,0.000639159122797147,-0.00014088539118435722,0.0004425860524288704,-0.0005993863428590617,0.0018916081451189842,-0.00036265126226258456,0.00041739325171891964,-0.00036265126226258456,0.00022082018135064312,-0.0007357914839928459,0.0017552030039852003,0.004405310840847276,-0.01228804334679856
2023-10-23,-0.010204433703031479,-0.005257892027285659,-0.010204433703031479,-0.0023005634313289823,-0.008273949562396781,-0.0013991517054899696,-0.0053570689726546656,-0.0033097125319918167,-0.0053570689726546656,-0.0014496288740005103,-0.0047653717956676256,-0.0005826699732619055,-0.005442215544801042,-0.0033948591041381934,-0.005442215544801042,-0.0015347754461468874,-0.0048177442826252215,-0.0006350424602195021,-0.012360470756756281,-0.0017332106225139698
2023-10-24,0.0021664219599224896,0.0005705371847988074,0.0021664219599224896,0.0004592344524221303,0.003094285191218249,0.000391546317432697,0.0015280263757217914,0.0005174834152369356,0.0015280263757217914,0.00044323313893691483,0.0020094817268976545,0.00043146014232920603,0.0015620613829630883,0.0005515184224782325,0.0015620613829630883,0.00047726814617821177,0.0020304161923483856,0.0004523946077799373,0.0008074160303037647,0.0075393937405647815
2023-10-25,0.001543260201105687,0.0016237099003924408,0.001543260201105687,0.00048466960456616207,0.002425950868859702,-0.0002654729245700497,0.0006311502023834322,0.00046626387796053323,0.0006311502023834322,-0.0002201560213995693,0.0008668618726835367,-0.0007773324193133934,0.0007843780310836081,0.000619491706660709,0.0007843780310836081,-6.69281926993934e-05,0.0009611102053861733,-0.0006830840866107569,0.0020169423651086316,-0.014352187096675628
2023-10-26,-0.016137198473626727,-0.008340273134872414,-0.016137198473626727,-0.0032376303519108195,-0.01686730600685919,-0.0017836242868663628,-0.008535693678748077,-0.004672129809685091,-0.008535693678748077,-0.0014787079768442688,-0.00925140420810479,-0.00030929652775509085,-0.008808396063058792,-0.004944832193995805,-0.008808396063058792,-0.0017514103611549832,-0.00941913969886613,-0.00047703201851643064,-0.01972622390049794,-0.011974614168780984
2023-10-27,0.0025873440638051366,0.0013806765287582494,0.0025873440638051366,0.0005567612407052677,0.0029009222964398187,0.000265916864956157,0.001575015006704579,0.0011031532034673356,0.001575015006704579,0.0005897784032727536,0.001618150935964721,0.0002243699399050038,0.0014899735002935597,0.0010181116970563162,0.0014899735002935597,0.0005047368968617341,0.0015658430734977644,0.0001720620774380473,0.0045174788645405695,-0.004532772203415858
2023-10-30,3.31261523935805e-05,-0.00027927005638279424,3.31261523935805e-05,2.182279320272456e-05,7.173275710334764e-05,-6.793046891533604e-05,2.5554541297172317e-05,-0.0002566811672108453,2.5554541297172317e-05,-5.837827330839099e-05,-9.509055446501257e-05,-4.8841314898123414e-05,7.655058002442011e-05,-0.0002056851284835975,7.655058002442011e-05,-7.382234581143201e-06,-6.37235915232694e-05,-1.7474351956380228e-05,-0.0024530093562700195,0.011955789786880722
2023-10-31,-0.00666829994969025,-0.0027499048402442995,-0.00666829994969025,-0.0010374509697141227,-0.005781446164471286,-0.001093856188144346,-0.0034121396492401983,-0.0017658268621380808,-0.0034121396492401983,-0.0007020081637709121,-0.0034502315067382345,-0.000809999711073752,-0.003361124737838919,-0.0017148119507368012,-0.003361124737838919,-0.0006509932523696328,-0.003418852935473929,-0.0007786211398094463,-0.0069672006075499615,0.006280266349381947
2023-11-01,0.004127421696882962,0.00272043323155971,0.0036088275770804375,0.0014893291707402158,0.003969526960040857,0.0009980947167337693,0.003802175757169922,0.0032350169635980367,0.003404284555131154,0.0020402782819217303,0.0036025870555883204,0.0017212089255600326,0.0034986428973018237,0.002931484103729939,0.0030980615194483954,0.0017340552462389715,0.003376474870580368,0.0014950967405520804,0.0049525255184823536,0.010664732962442303
2023-11-02,0.018741012676539125,0.010859146953018288,0.017971235281194754,0.004631868772921152,0.018741012676539125,0.0038413314658051687,0.01181806492881866,0.008835801126152383,0.01109243479491229,0.0039204165101521735,0.01181806492881866,0.0035600685625571736,0.01180114103622864,0.008818877233562361,0.011075421684554419,0.003903403399794302,0.01180114103622864,0.003543144669967152,0.022587268993839782,0.019164354406221662
2023-11-03,0.008761615643241613,0.0050935776004576005,0.008235769652169631,0.0030227959992864427,0.008761615643241613,0.0022166148450292805,0.006672834224312106,0.005281513573312794,0.0060028990669899465,0.0034669690121471564,0.006672834224312106,0.002920229970757075,0.006300347855359605,0.004909027204360292,0.005628449059813214,0.003092519004970425,0.006300347855359605,0.002547743601804574,0.0076304975762424565,0.009123392577504053
2023-11-06,0.008332022340698696,0.005395905832886225,0.00780710538371394,0.0023415156760687845,0.008332022340698696,0.00148439309360765,0.004543612728334027,0.003394003670489193,0.0040914291904492195,0.0009442650181548521,0.004543612728334027,0.0003401846681069513,0.0047968938686152995,0.0036472848107704653,0.004346045554164122,0.001198881381869755,0.0047968938686152995,0.0005934658083882243,0.008768482505180586,0.002300489991450494
2023-11-07,-0.0003096545356814362,-0.0003685336212737342,-0.0006178417945291081,-0.0005589635876856663,-0.0003096545356814362,-0.0001468588137241896,-4.933472371552477e-05,-0.0001431007935089186,-0.00026110391943455144,-0.00036245973135519774,-4.933472371552477e-05,0.0001221238078306396,-0.00015084240228025763,-0.0002446084720736515,-0.00036314671652789833,-0.0004645025284485446,-0.00015084240228025763,2.0616129265906722e-05,-0.00039512485619908055,0.0028460378421049093
2023-11-08,0.003910535498328322,0.003038018026212076,0.0035958824746730772,0.0011990416497311696,0.003910535498328322,0.0008164516022893932,0.0026732890459434926,0.0022382232087973393,0.0026982577665730528,0.0007786079134433808,0.0026732890459434926,0.0005696480479521499,0.0027071042089893216,0.0022720383718431683,0.0027322511931803166,0.0008126013400506446,0.0027071042089893216,0.0006034632109979789,0.005533572713376955,0.0007323995367289893
2023-11-09,-0.0006749203096630161,-6.238390648562035e-05,-0.001119253622494449,-0.0005301098284437559,-0.0006749203096630161,-0.0002841300090123955,-0.0009651683679807784,-0.0007590307716087568,-0.0013256800460085248,-0.0012630302493199152,-0.0009651683679807784,-0.0009603088723146636,-0.0007622789437981513,-0.0005561413474261295,-0.001121721048650005,-0.0010590712519613955,-0.0007622789437981513,-0.0007574194481320365,0.00039310576224438343,-0.007798750513686392
2023-11-10,-0.0027377122970834535,-0.001682505883042936,-0.0023514847506333333,-0.00034435237809487813,-0.0027377122970834535,-0.00029528486984771294,-0.0013867661476749766,-0.0009712897884758959,-0.0010916239357311858,0.0001071038175760752,-0.0013867661476749766,9.098902500949559e-05,-0.001420626851857014,-0.0010051504926579333,-0.00112566314355409,7.30646097531712e-05,-0.001420626851857014,5.712832082745828e-05,-0.003929273084479323,0.01560480608246917
2023-11-13,0.011018284822429116,0.005863608708488707,0.009781025652161737,0.0012066440911351164,0.011018284822429116,0.0022001898152556594,0.006246823037135479,0.004334173403982408,0.005207182647803848,0.0006557967321304296,0.006246823037135479,0.0017386417711781213,0.006196038061852681,0.00428338842869961,0.005156129949116937,0.0006047440334435181,0.006196038061852681,0.0016878567958953236,0.015384591307630702,-0.0009531851844464256
2023-11-14,0.005770730773461401,0.0026174215542599864,0.005688895880450908,0.0019185918320104914,0.005770730773461401,0.001591134319365454,0.004855132022585339,0.0036800893980816676,0.004691765248663476,0.0029948913538955374,0.004855132022585339,0.002855677108549623,0.004313604650746683,0.003138562026243012,0.0041473831043138155,0.002450509209545877,0.004313604650746683,0.002314149736710967,0.0023310260984579223,0.019400732632628648
2023-11-15,0.00968485573500543,0.005441063713091431,0.009793803162255806,0.0030329895659679156,0.00968485573500543,0.0015153226349676812,0.005197930725109257,0.003674795673371512,0.005645568971484789,0.002102848332210508,0.005197930725109257,0.00043346840642876895,0.005450775980870381,0.003927640929132636,0.005899747152824973,0.002357026513550692,0.005450775980870381,0.0006863136621898928,0.012015527533006276,0.0021170451411640645
2023-11-16,-0.0019270541687107852,0.00023495786490550005,-0.002022180060166088,-0.00016587846316263924,-0.0019270541687107852,0.0003543314093308428,-0.00010215587768945569,0.0007335377873272761,-0.0004245228940346226,0.00031345831620996334,-0.00010215587768945569,0.0008548408470149739,-0.00033857729188009036,0.0004971163731366414,-0.0006621906521578876,7.579055808669839e-05,-0.00033857729188009036,0.0006184194328243393,0.0003830183882722604,0.001223132715498565
2023-11-17,0.00024458937821097976,0.0017880486029511198,0.0008235759062343276,0.0012849933182065812,0.00024458937821097976,0.00045524894589401806,0.0006075234065166665,0.0011835727759200439,0.0012499407158284709,0.0010729611079629883,0.0006075234065166665,0.0002391159452537863,0.0007086688007411407,0.001284718170144518,0.0013516193187254196,0.001174639710859937,0.0007086688007411407,0.0003402613394782605,0.0030627402587357633,0.0012438032670611943
2023-11-20,0.0007874125180752549,-0.0005800631588695665,0.000637582640909728,-0.0002528025349794957,0.0007874125180752549,-0.00011687599367892087,0.00012683359360776068,-0.0003483827053401946,-0.0003486176809715811,-0.0002953480307787336,0.00012683359360776068,1.1420857643286328e-06,0.00010995929390087702,-0.0003652570050470783,-0.0003655809370072688,-0.0003123112868144213,0.00010995929390087702,-1.5732213942555055e-05,-0.0003817026851741234,0.00769760011297449
2023-11-21,0.011214658914397508,0.006006339196702928,0.01077646465901778,0.002581700105059577,0.011214658914397508,0.0021152303182573086,0.006763491147249673,0.004835195432131791,0.006360878556177414,0.0021371453462273524,0.006763491147249673,0.0018405243652015234,0.006679155769478426,0.004750860054360544,0.006276098587180152,0.0020523653772300896,0.006679155769478426,0.0017561889874302763,0.012218450865241426,-0.0021794142796411897
2023-11-22,-0.005659799272259705,-0.003146416006661724,-0.0051669829895447245,-0.0004494644402424146,-0.005659799272259705,-0.0011511541130623617,-0.003026632299345313,-0.0020659820467640944,-0.0026220102132279515,-3.371663051773317e-05,-0.003026632299345313,-0.0007408846630198783,-0.0030434941523244854,-0.002082843899743267,-0.0026389609569204523,-5.066737421023377e-05,-0.0030434941523244854,-0.0007577465159990506,-0.00905316424454261,0.0038608335923762116
2023-11-23,0.00015853199967003697,0.0003346120888512222,4.229403807293467e-05,9.930228051037803e-05,0.00015853199967003697,-9.522214204839746e-05,0.00021677522297651334,0.00023168766079649142,0.00036601851715134726,0.00015258459328708573,0.00021677522297651334,-8.030117088940417e-05,0.00021677522297651334,0.00023168766079649142,0.00036601851715134726,0.00015258459328708573,0.00021677522297651334,-8.030117088940417e-05,-0.0003806855685899446,
2023-11-24,0.0001941072829988763,-0.00013574515475610495,0.00014064313711278776,7.146573507901967e-05,0.0001941072829988763,-0.00017957426720343554,-0.00016904190095632315,-0.0002889222730390526,-0.00019077300788526903,-0.00019092015028135647,-0.00016904190095632315,-0.0004096891273576002,-6.790894274944623e-05,-0.0001877893148321757,-8.910690656493262e-05,-8.925404896102006e-05,-6.790894274944623e-05,-0.0003085561691507233,-0.0007616610905653021,0.0006153548988119262
2023-11-27,-0.00692810388476071,-0.002732929553198032,-0.0060657185151281245,-0.0004551288790758916,-0.00692810388476071,-0.0009980378934513693,-0.0031269731408082673,-0.0015825753348068965,-0.0022818062926563605,0.0004004952176326404,-0.0031269731408082673,-0.0003332914616108153,-0.003295656766086428,-0.0017512589600850574,-0.0024513791682320004,0.0002309223420570002,-0.003295656766086428,-0.0005019750868889761,-0.006478588906232097,-0.0018009594303206589
2023-11-28,0.0067805730880564005,0.003995500039852791,0.006423700820263959,0.0015015843023412456,0.0067805730880564005,0.0014361441172744157,0.004697082468302337,0.0037807434816013,0.004063709907803255,0.0017345492900998618,0.004697082468302337,0.0018741946345163696,0.0044443614789350236,0.0035280224922339862,0.0038096566479526406,0.0014804960302492478,0.0044443614789350236,0.0016214736451490555,0.006904440769796905,0.000990102267592663
2023-11-29,0.00185107388428462,0.0009098268692793053,0.0025254371765562537,0.0012665865658607201,0.00185107388428462,0.0006374736674546095,0.001716267672517258,0.001344708198234555,0.0023850016331718074,0.001859994035524253,0.001716267672517258,0.0013072684220913253,0.001447203927082202,0.001075644452799499,0.002114519463065865,0.0015895118654183108,0.001447203927082202,0.0010382046766562688,-0.000761951264880989,-0.0007034210304239785
2023-11-30,0.0016037908070876065,0.00014548674363306583,0.0013503513657289188,9.139160261948271e-05,0.0016037908070876065,1.6118380049692492e-05,0.000499442727071488,8.893559161657241e-06,0.0001302117795708965,-0.00021921990559826623,0.000499442727071488,-0.00024841327951849516,0.0005833548836481884,9.280571573835769e-05,0.0002145662962763582,-0.00013486538889280453,0.0005833548836481884,-0.00016450112294179471,0.0015250645546283081,0.003937459806426347
2023-12-01,0.00037249735328876864,0.0015764895293822658,0.00021460261644666337,0.0007019214306141181,0.00037249735328876864,0.0009271078980197003,0.001155477673516202,0.0016807442813615797,0.0010255320788125366,0.001046997921660175,0.0019356241281343087,0.001969384826697894,0.0012992671756992652,0.001824533783544643,0.001170405904903513,0.001191871747751151,0.001537604109542011,0.001571364808105596,0.0034259377794587653,0.005915890103284305
2023-12-04,-0.002509379209541338,-0.0003717033058386456,-0.002509379209541338,0.00031206952062400804,-0.002509379209541338,-0.0005423598099408597,-0.0009887505522697948,-0.0002214644289468957,-0.0009887505522697948,0.00027268186766939476,-0.0013365111996042542,-0.0009727961138170575,-0.0009680846194480392,-0.0002007984961251401,-0.0009680846194480392,0.00029334780049115037,-0.0011349509559066516,-0.0007712358701194549,-0.0037936266192926116,-0.005249408908885922
2023-12-05,-0.005832208588021698,-0.0030127797461292783,-0.005832208588021698,-0.0010214528410532671,-0.005832208588021698,-0.0011315490306338877,-0.0035403118112750207,-0.002181852766460033,-0.0035403118112750207,-0.0007294810829464438,-0.0027896260186245046,-0.00043140668531979734,-0.0035575594311971688,-0.0021991003863821813,-0.0035575594311971688,-0.0007467287028685917,-0.002957846563261716,-0.0005996272299570088,-0.007235315507705731,-0.00019706220282800224
2023-12-06,0.005162536270619497,0.002692413851128549,0.005162536270619497,0.0013099888068878616,0.005162536270619497,0.0005979242896755764,0.004164595756684919,0.0024134882836175185,0.004164595756684919,0.0014436389844833966,0.0030067979632360164,0.0003725436186176688,0.0041680415797681536,0.002416934106700753,0.0041680415797681536,0.0014470848075666316,0.0030404059763069033,0.00040615163168855573,0.0034522203848983413,-0.004029777295871284
2023-12-07,-0.006532214428953699,-0.0026382606675593692,-0.006532214428953699,-0.0012393991741758825,-0.006532214428953699,-0.0008071325537995068,-0.004028328750344164,-0.0022930026679207917,-0.004028328750344164,-0.001228945814562441,-0.0032521215949585023,-0.0003000203800613793,-0.004038667439309992,-0.00230334135688662,-0.004038667439309992,-0.0012392845035282699,-0.0033529575303812864,-0.00040085631548416364,-0.00611623113985138,0.007630400972353568
2023-12-08,0.00484054137424508,0.0025879394925741373,0.00484054137424508,0.0007626885208590954,0.00484054137424508,0.000904618235988715,0.0029759105966722737,0.001715960642677133,0.0029759105966722737,0.00036082857216598657,0.002026564612889557,-7.781483443358158e-05,0.0030069012453201056,0.0017469512913249649,0.0030069012453201056,0.00039181922081381836,0.0023288245083261613,0.00022444506100302244,0.00807694655198321,0.004299153642212783
2023-12-11,0.003143348239154748,0.0007977511762303336,0.003143348239154748,0.0006633561333256999,0.003143348239154748,0.0002394475344062205,0.001947316735402838,0.0007726406328693486,0.001947316735402838,0.0006713144447623304,0.0016070086758580885,0.0002235076004978809,0.001943866308141946,0.0007691902056084569,0.001943866308141946,0.0006678640175014387,0.001573355757039246,0.00018985468167903854,0.0011445546966155629,0.003889565362589442
2023-12-12,0.0034316320066409343,0.0016650829564714726,0.0034316320066409343,0.0010881459920874957,0.0034316320066409343,0.0005439962893618218,0.0027985266159184937,0.0017332397075322185,0.0027985266159184937,0.0013166565490093313,0.002248671677096463,0.000553276323275211,0.0027968011675165425,0.0017315142591302673,0.0027968011675165425,0.0013149311006073802,0.0022318429278991945,0.0005364475740779426,0.002286608679390234,0.004567232870283933
2023-12-13,0.002451388635633557,0.002799986412842798,0.002451388635633557,0.002302464984204216,0.002451388635633557,0.0013530811683681002,0.004961605854311145,0.003963945757906973,0.004961605854311145,0.003620161670817179,0.0044785106053343215,0.003276271790016677,0.0048908869424299775,0.0038932268460258055,0.0048908869424299775,0.003549442758936011,0.003788770575898452,0.0025865317605808075,0.0003802513441659716,0.013790118104538118
2023-12-14,0.011717662853870228,0.006152063732939331,0.011717662853870228,0.003056252205319132,0.011717662853870228,0.0019163884513212495,0.008852539788230654,0.0060023327218299205,0.008852539788230654,0.003704857042640809,0.0076734209804782995,0.002179665917014154,0.00882851165294808,0.005978304586547347,0.00882851165294808,0.0036808289073582356,0.007439068297493867,0.001945313234029722,0.012162605911130608,0.003209372509298536
2023-12-15,0.001889505359877234,0.0008147820169535327,0.001889505359877234,2.0421057550537266e-05,0.001889505359877234,0.0007024507324148165,1.365654083639953e-05,0.0002463625624658818,1.365654083639953e-05,-0.00035034976923356364,0.00029238873427437024,6.546890154138918e-05,2.9126000814226784e-05,0.00026183202244370904,2.9126000814226784e-05,-0.0003348803092557364,0.0004432664202658165,0.0002163465875328355,0.004130702793613272,-0.0016398448705435987
2023-12-18,0.0006372897021676688,0.00011829896997715385,0.0006372897021676688,0.0002178083807861062,0.0006372897021676688,0.0001489353602152632,0.000816046977551628,0.0002302327764194263,0.000816046977551628,0.00024297311275401674,0.00044696577387878377,0.00010941656085140984,0.00081776799145855,0.00023195379032634822,0.00081776799145855,0.0002446941266609386,0.00046375127228710946,0.00012620205925973553,0.001495863521370211,0.0056250713228847005
2023-12-19,-0.0020977677640551372,-0.0019376949440731857,-0.0020977677640551372,-0.000899053912307213,-0.0020977677640551372,-0.00043647135248692237,-0.0016752136585025867,-0.0017553304639592179,-0.0016752136585025867,-0.001003973873722978,-0.001336807020991438,-5.434872094015232e-05,-0.001680377332309625,-0.0017604941377662561,-0.001680377332309625,-0.0010091375475300163,-0.0013871696811190218,-0.00010471138106773635,-0.003734130117933665,0.0060808846108111325
2023-12-20,0.006334393108624985,0.002715162189073121,0.006334393108624985,0.0016225304316644805,0.006334393108624985,0.0006806521068777451,0.004720218738623825,0.002799326170799198,0.004720218738623825,0.002009253684789243,0.003971754070051357,0.0008951465337047319,0.004701297468955887,0.00278040490113126,0.004701297468955887,0.0019903324151213046,0.003787209982047608,0.000710602445700982,0.0026237340294574807,-0.013857271129248727
2023-12-21,-0.007562040993099817,-0.003988799492755959,-0.007562040993099817,-0.0019698794556337607,-0.007562040993099817,-0.0009506398642179995,-0.0053970989289300175,-0.0034153735159148766,-0.0053970989289300175,-0.0019099971580923995,-0.004079999123365509,-0.000201837920323363,-0.005410842549152001,-0.0034291171361368585,-0.005410842549152001,-0.0019237407783143814,-0.00421404424318288,-0.0003358830401407346,-0.008598085207359829,0.00948191677446153
2023-12-22,0.002315419528552063,0.0010055985641650197,0.002315419528552063,0.00011074450116758483,0.002315419528552063,0.00021289303481498216,0.0011603047037172616,0.0005854175716509939,0.0011603047037172616,-3.458032548067233e-05,0.001128574223233622,0.00021642552827395238,0.00115515620665932,0.0005802690745930524,0.00115515620665932,-3.972882253861378e-05,0.001078359585906309,0.00016621089094663957,0.0026394481796128133,0.0020096925426713597
2023-12-25,0.0024725507014801513,0.0020348890209764513,0.0024725507014801513,0.0008325644738498097,0.0024725507014801513,0.0007442621026777754,0.002179320004829835,0.0016341368203560622,0.002179320004829835,0.0007576764465523707,0.001714400215415342,0.000561017610844616,0.002179320004829835,0.0016341368203560622,0.002179320004829835,0.0007576764465523707,0.001714400215415342,0.000561017610844616,0.004136916618147302,
2023-12-26,0.004826901545685256,0.002608469044434902,0.004826901545685256,0.0012324639997499168,0.004826901545685256,0.0009411752452457412,0.0033744179602799877,0.0024364809780180827,0.0033744179602799877,0.0013740182572364664,0.0028184732745572217,0.0006638123482025347,0.0033812792375287936,0.0024433422552668886,0.0033812792375287936,0.0013808795344852718,0.002885393104708328,0.0007307321783536404,0.00561797752808979,0.004222527236930729
2023-12-27,0.008085209032325139,0.004626229684200531,0.008085209032325139,0.0019432648809956593,0.008085209032325139,0.0019366796804938002,0.005697378335218848,0.004209356953135958,0.005697378335218848,0.0022342205182577053,0.0052279463473895536,0.002020387231295024,0.005680214147810965,0.004192192765728075,0.005680214147810965,0.0022170563308498217,0.00506053954186843,0.0018529804257739002,0.011173184357541999,0.0018080855254416495
2023-12-28,-0.001973793413128323,8.782374728572007e-05,-0.001973793413128323,-0.00032678975855626735,-0.001973793413128323,-7.079802009652477e-05,-0.001055002626681217,-7.867716539471781e-05,-0.001055002626681217,-0.0003563713525284388,-0.0009803671943097799,-0.00024599114334491795,-0.0010532879084627562,-7.696244717625701e-05,-0.0010532879084627562,-0.000354656634309978,-0.0009636430993963465,-0.00022926704843148472,0.0,0.00037773115379002853
2023-12-29,-0.001108610491700554,-3.717071306901738e-05,-0.001108610491700554,0.0003294327630827327,-0.001108610491700554,-0.00017783575097971322,-0.0002532292552018473,1.9606846045873037e-05,-0.0002532292552018473,0.00027174799323062787,-0.0003915813124797269,-0.00019779279544348898,-0.0002600876565959719,1.2748444651748453e-05,-0.0002600876565959719,0.00026488959183650334,-0.0004584730936685469,-0.000264684576632309,-0.0022099672321017616,-0.002894973411954771
2024-01-02,-0.004436276243069363,-0.0029190992291318256,-0.00413954067359633,-0.001176490127074486,-0.00413954067359633,-0.0009117327288605505,-0.004035211397654259,-0.003067203073329404,-0.003306584632184669,-0.001276924752035496,-0.002905867134271921,-0.0012080105529105915,-0.0036732048843931006,-0.0027051965600682452,-0.003289447642451035,-0.0012597877623018623,-0.0027387255947756606,-0.0010408690134143309,-0.004060561566258114,-0.005596355380219964
2024-01-03,-0.013996772827216359,-0.007216809815262847,-0.014648005305187803,-0.0032210330576358556,-0.014648005305187803,-0.0030141491614400617,-0.008347866361601059,-0.005313474829332948,-0.009946891167453292,-0.003382018602955328,-0.00834187664021821,-0.0023287610608948802,-0.00838225185257423,-0.005347860320306119,-0.009950322224524608,-0.003385449660026643,-0.00837534063651586,-0.0023622250571925293,-0.01742024426279687,-0.008166688673242328
2024-01-04,-0.0004664083264930632,-0.0014137894189003048,-0.0001832835909988643,-0.0005933932788758213,-0.0001832835909988643,-0.000308258261692408,-0.0015139017789638713,-0.0013002743843281085,-0.001411775700993512,-0.000835584222453718,-0.000962072757961461,-0.0006137282358114535,-0.001427952466993176,-0.0012143250723574133,-0.0014031994967205574,-0.0008270080181807636,-0.0008784267963604763,-0.0005300822742104686,-0.00037723915961196397,-0.0032210792425203527
2024-01-05,-0.002476862662444787,-0.001318494978535353,-0.0024157808419777624,-0.0007047119501464429,-0.0024157808419777624,-0.00034968980841154623,-0.00160003849103879,-0.0009975951423838298,-0.0018158781768084268,-0.0007200571730644864,-0.001492233439656856,-0.00030031149326593357,-0.001565627282667736,-0.0009631839340127756,-0.001812444553600716,-0.0007166235498567756,-0.0014587444151603008,-0.0002668224687693784,-0.002641555498231085,0.00136965984015891
2024-01-08,0.004220751623193037,0.0029958751959679192,0.0040308793905861565,0.0011271998721964986,0.0040308793905861565,0.0013605201773895974,0.0031947074848529887,0.0026234192690266604,0.0032752192471865306,0.0015440475147195276,0.0029976298971385934,0.0015730261304858562,0.0030742650888628486,0.0025029768730365203,0.0032632012499803666,0.001532029517513364,0.0028804152295731703,0.0014558114629204333,0.004540341515154589,0.014275928543528549
2024-01-09,0.0013821179587200723,0.0007065778106118327,0.0013624944772184294,0.000724591699151474,0.0013624944772184294,0.0002961438687714516,0.001768727394197455,0.0005218653916487705,0.0020030978831919216,0.0007441841756382675,0.0010766157288929798,0.0003532393251059624,0.0017343371765891498,0.0004874751740404655,0.001999666354486948,0.000740752646933294,0.001043147132629003,0.0003197707288419856,0.0018832391713747842,-0.0015170695563498926
2024-01-10,-0.0018720780638796781,-0.002001094032580933,-0.0019051693459869337,-0.0007890745535621289,-0.0019051693459869337,-0.0007522425714977583,-0.0014939240375563129,-0.0015031819062746366,-0.0017272564208696203,-0.0008285257021505823,-0.0013758343109389981,-0.0004601250750269995,-0.0014939240375563129,-0.0015031819062746366,-0.0017272564208696203,-0.0008285257021505823,-0.0013758343109389981,-0.0004601250750269995,-0.005263134949189396,0.0056554246817059894
2024-01-11,0.005205303548053685,0.0029282407824042784,0.005159755966984949,0.0016570976760899763,0.005159755966984949,0.0010966626058423652,0.004349195606903872,0.0029759591153947764,0.004457689237619401,0.002147030636449679,0.003914994559872961,0.001671069378824564,0.004022646937686188,0.002649410446177093,0.004425105520215971,0.00211444691904625,0.0035971970485264124,0.0013532718674780153,0.00415724141399032,-0.00044064012118916196
2024-01-12,-0.0003000616930176088,-0.0006844753675950949,-0.0004377266952262492,-0.0005315328902284725,-0.0004377266952262492,-0.00018575617508558167,8.470040888165512e-05,0.000138301855480601,-0.0006089931630032174,-0.0003310430532157828,2.4392498735026672e-05,0.0005189723183572086,-0.0002068039639811488,-0.00015320251738220293,-0.0006380800863398841,-0.00036012997655244947,-0.0002592998662174093,0.00023527995340477252,-0.0015055490993007847,0.00069273972507089
2024-01-15,0.0002063438653658527,0.0,0.0002178074134417334,0.0,0.0002178074134417334,0.0,0.0001206880659748549,0.0,7.916462611501934e-05,0.0,5.055954562812586e-05,0.0,0.0001206880659748549,0.0,7.916462611501934e-05,0.0,5.055954562812586e-05,0.0,0.0,
2024-01-16,-0.0048232728224331806,-0.0033507705870403984,-0.0045278281006568884,-0.001030479073196681,-0.0045278281006568884,-0.0016511682739204225,-0.003620929783469298,-0.0032931967975746504,-0.0032636676962982773,-0.001623931825150699,-0.0033694246854560983,-0.0020205137162407315,-0.0033984772065803032,-0.0030707442206856558,-0.0032414709073222865,-0.0016017350361747084,-0.0031529336016084325,-0.001804022632393066,-0.00753863585384229,-0.0036712260361014826
2024-01-17,-0.008556225184023726,-0.005599648129881313,-0.008914685148420708,-0.002810818266884283,-0.008914685148420708,-0.0017812106274166432,-0.005917110514969074,-0.004793910072004345,-0.0069237601278562795,-0.0034677535772913138,-0.006252392385533751,-0.002108774272759478,-0.005642890797981042,-0.004519690355016311,-0.006896397904068346,-0.00344039135350338,-0.005985521466017437,-0.001841903353243164,-0.009115055099704273,-0.0055586805878179435
2024-01-18,0.0019732419859562816,0.0015058614812175164,0.0021898114137326396,0.00010413168965531549,0.0021898114137326396,0.0008706391260047007,0.0010583057553822605,0.00116254108890336,0.001139521111004398,0.00015540048968468292,0.0014184609129502574,0.0009039727599456939,0.000989626971482289,0.0010938623050033883,0.001132668196577985,0.00014854757525826996,0.0013516226475915067,0.0008371344945869435,0.006669330120586903,0.00889280233217904
2024-01-19,0.020490410234173088,0.01224160975812055,0.02157263901467066,0.004291145844285002,0.02157263901467066,0.005504563762120088,0.01244648575643968,0.008612115831191492,0.014272772959109455,0.0038376664306620538,0.012248633247956135,0.004021662571287119,0.012549466838293766,0.008715096913045579,0.014283048629431652,0.00384794210098425,0.012348854546078121,0.004121883869409105,0.03585339622221895,0.01246616416534696
2024-01-22,0.00798968747278757,0.004257732251158366,0.00828063821241769,0.0022812263731067798,0.00828063821241769,0.0013408916478142203,0.005692261808823793,0.0032886977627316323,0.006543200432605191,0.0022973427668359124,0.005019064938132545,0.0011612555172871137,0.005623553171717172,0.0032199891256250116,0.0065363445393626304,0.0022904868735933513,0.00495219761960141,0.0010943881987559784,0.006772078228795442,0.002114336891851476
2024-01-23,0.0026718636018577993,0.0010042432805105253,0.003023633864245898,0.0006066324893246322,0.003023633864245898,0.0002964509755296175,0.0010433910300408757,0.0006686243790472273,0.0015267910863734457,0.0006320439996642471,0.0015125894587331096,0.0001390478746426629,0.0010605630917818946,0.0006857964407882462,0.0015285045510411905,0.0006337574643319919,0.0015293013274388038,0.00015575974334835707,0.0018684603460232818,0.0029164817642561847
2024-01-24,0.0023053602768913564,0.0005294781155481777,0.0025405771451888493,0.00029531449111727974,0.0025405771451888493,-8.394123352067288e-05,0.0014376595924819888,0.00021310336078740212,0.0018279861534752965,0.00029445757557404115,0.0010984821408452493,-0.00022419659588418511,0.001506343111683387,0.00028178687998880016,0.0018348395404001088,0.0003013109624988534,0.0011653250146043722,-0.0001573537221250623,-0.0003730179083882845,0.0010931594952936496
2024-01-25,0.006560206036343394,0.004536170875556303,0.006556608304648128,0.0018819575420187216,0.006556608304648128,0.0024937034580325085,0.00481663529389943,0.00408576145175315,0.005045567797598203,0.0023819962974697185,0.0048570726483142595,0.002801186270052802,0.004558949760674393,0.0038280759185281127,0.005019855389663203,0.0023562838895347187,0.004606292813978648,0.0025504064357171905,0.012313387287196775,0.0054388925424671
2024-01-26,-0.0005223050003487303,-0.0002701993062940517,-0.0003938949776865978,-8.532357258734314e-06,-0.0003938949776865978,-3.430002441086167e-05,-0.0009993783346486486,-0.0003946806201463338,-0.0007783977367771478,8.260825103110082e-06,-0.00040759989315412946,-0.0002481367754889489,-0.0009136486804268625,-0.0003089509659245477,-0.0007698434504193178,1.6815111460939945e-05,-0.00032416770270743704,-0.00016470458504225656,0.0,-0.0012704037021049608
2024-01-29,0.005877877517148628,0.002853649438353867,0.00597525535278004,0.0012059831278917064,0.00597525535278004,0.0010021990873559927,0.0037153869616773734,0.002541559888682348,0.004073425310255514,0.001533149035728123,0.0037367963019812826,0.0011707895032646294,0.003578133388009702,0.0024043063150146764,0.004059729858157325,0.0015194535836299343,0.0036032209784636446,0.0010372141797469917,0.006266171336242632,0.007919380649885843
2024-01-30,0.0007037376080463935,0.00046318378214102885,0.0005653249259158469,0.00044621632102901125,0.0005653249259158469,-0.00026778154961642423,0.000760509646694944,9.030405060787104e-05,0.0007062940794961203,0.00010502884197610671,8.567757655561368e-05,-0.00045964817267496634,0.0008462080139937183,0.00017600241790664513,0.0007148452439785486,0.000113580006458535,0.00016907931853563576,-0.00037624643069494423,-0.0025641472785027375,-0.0007734532410523798
2024-01-31,-0.008312079696171646,-0.0045113150383050875,-0.008915416982278128,-0.0016988298267565953,-0.008915416982278128,-0.0021650350303358576,-0.004966313168372987,-0.0028132348997890622,-0.006037020720851081,-0.0014009371036796086,-0.004618519844231073,-0.0012326009781477442,-0.005223590906382855,-0.00307051263779893,-0.006062692438116352,-0.0014266088209448796,-0.004868902811830616,-0.0014829839457472876,-0.013220623383481733,-0.016317320635176435
2024-02-01,-0.0006315698395483568,0.00043270928500165474,-0.0007744269824054997,0.0007339716146641264,-0.0007744269824054997,0.0008202549770084892,0.0006180798916813728,0.0009684536493459379,0.0007056932367750893,0.0013816421338756551,0.0005906155277630403,0.0011305974203222695,0.0008294314074034207,0.0011798051650679859,0.0007267823383707928,0.0014027312354713587,0.0007963030471049518,0.001336284939664181,0.0,0.013088152875065706
2024-02-02,0.004722751005563804,0.0019992733556710713,0.004722751005563804,0.00011494119465055576,0.004722751005563804,-0.00021782632603954734,0.002027439525110008,0.0006787800282115669,0.002027439525110008,-0.0006663391705656716,0.002027439525110008,-0.0011087010702301942,0.002027439525110008,0.0006787800282115669,0.002027439525110008,-0.0006663391705656716,0.002027439525110008,-0.0011087010702301942,0.005582433687588706,0.010527378920638375
2024-02-05,0.0013020345340947574,0.00035180175121535034,0.0013020345340947574,-0.0010271951090838629,0.0013020345340947574,-0.0009313717175039038,-0.0006300782514427369,-0.001101486523134106,-0.0006300782514427369,-0.0020301406799085016,-0.0006300782514427369,-0.0021022624593467747,-0.0006300782514427369,-0.001101486523134106,-0.0006300782514427369,-0.0020301406799085016,-0.0006300782514427369,-0.0021022624593467747,0.006291567774432849,-0.003641181932482751
2024-02-06,0.0007734435445574501,0.0007734435445574501,0.0007734435445574501,0.0007734435445574501,0.0007734435445574501,0.0007734435445574501,0.0011081240890807216,0.0011081240890807216,0.0011081240890807216,0.0011081240890807216,0.0011081240890807216,0.0011081240890807216,0.0011081240890807216,0.0011081240890807216,0.0011081240890807216,0.0011081240890807216,0.0011081240890807216,0.0011081240890807216,,0.0029033057127196837
2024-02-07,-0.0001618200338514141,-0.0001618200338514141,-0.0001618200338514141,-0.0001618200338514141,-0.0001618200338514141,-0.0001618200338514141,-0.0002152123031292417,-0.0002152123031292417,-0.0002152123031292417,-0.0002152123031292417,-0.0002152123031292417,-0.0002152123031292417,-0.0002152123031292417,-0.0002152123031292417,-0.0002152123031292417,-0.0002152123031292417,-0.0002152123031292417,-0.0002152123031292417,,0.008340408570300495
2024-02-08,-0.0004366958305200947,-0.0004366958305200947,-0.0004366958305200947,-0.0004366958305200947,-0.0004366958305200947,-0.0004366958305200947,-0.0005222965813100903,-0.0005222965813100903,-0.0005222965813100903,-0.0005222965813100903,-0.0005222965813100903,-0.0005222965813100903,-0.0005222965813100903,-0.0005222965813100903,-0.0005222965813100903,-0.0005222965813100903,-0.0005222965813100903,-0.0005222965813100903,,0.000441680823142665
2024-02-09,-6.5839510347665e-05,-6.5839510347665e-05,-6.5839510347665e-05,-6.5839510347665e-05,-6.5839510347665e-05,-6.5839510347665e-05,-0.00010128290362169286,-0.00010128290362169286,-0.00010128290362169286,-0.00010128290362169286,-0.00010128290362169286,-0.00010128290362169286,-0.00010128290362169286,-0.00010128290362169286,-0.00010128290362169286,-0.00010128290362169286,-0.00010128290362169286,-0.00010128290362169286,,0.0057794285609300555
2024-02-12,-4.906215554648494e-05,-4.906215554648494e-05,-4.906215554648494e-05,-4.906215554648494e-05,-4.906215554648494e-05,-4.906215554648494e-05,-6.129415362872552e-05,-6.129415362872552e-05,-6.129415362872552e-05,-6.129415362872552e-05,-6.129415362872552e-05,-6.129415362872552e-05,-6.129415362872552e-05,-6.129415362872552e-05,-6.129415362872552e-05,-6.129415362872552e-05,-6.129415362872552e-05,-6.129415362872552e-05,,-0.0004389489532020674
2024-02-13,-0.0015812877555229454,-0.0015812877555229454,-0.0015812877555229454,-0.0015812877555229454,-0.0015812877555229454,-0.0015812877555229454,-0.002259533768286931,-0.002259533768286931,-0.002259533768286931,-0.002259533768286931,-0.002259533768286931,-0.002259533768286931,-0.002259533768286931,-0.002259533768286931,-0.002259533768286931,-0.002259533768286931,-0.002259533768286931,-0.002259533768286931,,-0.01377305334094614
2024-02-14,0.0006573731275137357,0.0006573731275137357,0.0006573731275137357,0.0006573731275137357,0.0006573731275137357,0.0006573731275137357,0.0009697832327204142,0.0009697832327204142,0.0009697832327204142,0.0009697832327204142,0.0009697832327204142,0.0009697832327204142,0.0009697832327204142,0.0009697832327204142,0.0009697832327204142,0.0009697832327204142,0.0009697832327204142,0.0009697832327204142,,0.009087639398436487
2024-02-15,0.024423942008042553,0.013454924222464994,0.024423942008042553,0.0042711723758707175,0.024423942008042553,0.0058729858574080515,0.013482044412255688,0.008819430424158059,0.013482044412255688,0.002560598715495105,0.013482044412255688,0.00299285496580881,0.013482044412255688,0.008819430424158059,0.013482044412255688,0.002560598715495105,0.013482044412255688,0.00299285496580881,0.0470761993301847,0.00689973803251509
2024-02-16,-3.575286407245105e-05,-0.001359019418231466,-3.575286407245105e-05,-0.0001669851530205675,-3.575286407245105e-05,-0.001199196302288681,-3.6342274627025384e-05,-0.0007485142415010569,-3.6342274627025384e-05,5.4135934595622026e-05,-3.6342274627025384e-05,-0.0009852768695953807,-3.6342274627025384e-05,-0.0007485142415010569,-3.6342274627025384e-05,5.4135934595622026e-05,-3.6342274627025384e-05,-0.0009852768695953807,-0.007376206580519962,-0.004979980381600746
2024-02-19,0.0001266913316884851,0.0004944165127839769,0.0001266913316884851,0.0008281799256666283,0.0001266913316884851,0.0002012841022011946,0.0010612282369674645,0.0012160254794649989,0.0010612282369674645,0.001442831571095633,0.0010612282369674645,0.000572640183227496,0.0010612282369674645,0.0012160254794649989,0.0010612282369674645,0.001442831571095633,0.0010612282369674645,0.000572640183227496,-0.0014154065387311787,
2024-02-20,0.00327805806713671,0.0021626887652557735,0.00327805806713671,0.0009709017762100805,0.00327805806713671,0.0008090690516603964,0.002343420855044463,0.0017130003885053949,0.002343420855044463,0.0008640650301963722,0.002343420855044463,0.0007186421140517878,0.002343420855044463,0.0017130003885053949,0.002343420855044463,0.0008640650301963722,0.002343420855044463,0.0007186421140517878,0.003897858038115709,-0.0055053951797489065
2024-02-21,-0.0037223317044815254,-0.0015185457311500884,-0.0037223317044815254,-0.0007749720465484272,-0.0037223317044815254,-0.0005716000577224724,-0.0019991859075076993,-0.0010899958577119256,-0.0019991859075076993,-0.0005778555021066983,-0.0019991859075076993,-0.00038786399475998544,-0.0019991859075076993,-0.0010899958577119256,-0.0019991859075076993,-0.0005778555021066983,-0.0019991859075076993,-0.00038786399475998544,-0.0031768229271583737,0.0009058331600915182
2024-02-22,0.009317746814285304,0.004677034009832003,0.009317746814285304,0.0022499385036085237,0.009317746814285304,0.0016874566437566057,0.0059923899842279065,0.0038005991012123037,0.0059923899842279065,0.0021328533796269797,0.0059923899842279065,0.0011877646848410914,0.0059923899842279065,0.0038005991012123037,0.0059923899842279065,0.0021328533796269797,0.0059923899842279065,0.0011877646848410914,0.011331488230145847,0.020695498324175388
2024-02-23,0.005562752155593357,0.0032935781355135276,0.005562752155593357,0.0015922229585283868,0.005562752155593357,0.001464399748786887,0.003226467484295078,0.0023234318608116727,0.003226467484295078,0.0011371813051757576,0.003226467484295078,0.0010242969470168584,0.003226467484295078,0.0023234318608116727,0.003226467484295078,0.0011371813051757576,0.003226467484295078,0.0010242969470168584,0.0066526395514001635,0.0006896671990455072
2024-02-26,-0.000627927308423796,0.0003625804720258852,-0.000627927308423796,0.00014045754950011072,-0.000627927308423796,-2.473413397488392e-05,4.066697968023783e-05,0.00022843073191392555,4.066697968023783e-05,9.858114355113909e-05,4.066697968023783e-05,-0.00015597881169700107,4.066697968023783e-05,0.00022843073191392555,4.066697968023783e-05,9.858114355113909e-05,4.066697968023783e-05,-0.00015597881169700107,0.0013912831182065766,-0.003662529972996542
2024-02-27,-0.0017512654441868385,-0.0019069402628419372,-0.0017512654441868385,-0.0009197712797673843,-0.0017512654441868385,-0.0006463054169774372,-0.001646712562265513,-0.0015033187024632625,-0.001646712562265513,-0.0008129670684062697,-0.001646712562265513,-0.0003907552390227255,-0.001646712562265513,-0.0015033187024632625,-0.001646712562265513,-0.0008129670684062697,-0.001646712562265513,-0.0003907552390227255,-0.004168050416439306,0.0018577490850577583
2024-02-28,0.00020889520868557404,0.00020889520868557404,0.00020889520868557404,0.00020889520868557404,0.00020889520868557404,0.00020889520868557404,0.00035419426914176124,0.00035419426914176124,0.00035419426914176124,0.00035419426914176124,0.00035419426914176124,0.00035419426914176124,0.00035419426914176124,0.00035419426914176124,0.00035419426914176124,0.00035419426914176124,0.00035419426914176124,0.00035419426914176124,,-0.0013216478011486288
2024-02-29,0.0010817809540966381,0.0010728833661517866,0.0010817809540966381,0.0007461440006144728,0.0010817809540966381,0.0001581620859084854,0.001475217791272741,0.001273492250381288,0.001475217791272741,0.0010260507823515762,0.001475217791272741,0.0003155958913363415,0.001475217791272741,0.001273492250381288,0.001475217791272741,0.0010260507823515762,0.001475217791272741,0.0003155958913363415,-0.00034881792555840896,0.003594944833748892
2024-03-01,0.0017865240118855115,0.000744618953836714,0.0017865240118855115,0.0010141790405288932,0.0017865240118855115,0.000732935194989961,0.0015153905495244202,0.0012537774017779436,0.0020008765775075634,0.001633706277426088,0.0020008765775075634,0.001373198670174847,0.0014863732059553774,0.0012247600582089002,0.0020008765775075634,0.001633706277426088,0.0020008765775075634,0.001373198670174847,-0.0034891834567470914,0.00938826393429193
2024-03-04,0.015753279445610835,0.00956546353377974,0.015753279445610835,0.0037541560312447956,0.015753279445610835,0.004489099531282619,0.009335675484032257,0.0066393553569625155,0.010259417791135195,0.003532285954546413,0.010259417791135195,0.003469446883153214,0.009397813868741414,0.006701493741671672,0.010259417791135195,0.003532285954546413,0.010259417791135195,0.003469446883153214,0.029061581287083138,-0.0010724145835053767
2024-03-05,0.0035039680983066073,0.004161459763312805,0.0035039680983066073,0.002324951312793633,0.0035039680983066073,0.0025534299227363117,0.004148325332355062,0.004018346967822915,0.004001718853319789,0.0028555190951768976,0.004001718853319789,0.0027955345731066673,0.004101678807415046,0.003971700442882899,0.004001718853319789,0.0028555190951768976,0.004001718853319789,0.0027955345731066673,0.008166022273990547,-0.00999413476319777
2024-03-06,0.003087433547565365,0.003150328166809068,0.003087433547565365,0.0016601452368223309,0.003087433547565365,0.0012834031746041226,0.003112038472491045,0.0027866906416566424,0.0032218218368625312,0.0018881616384916465,0.0032218218368625312,0.0013020459742453183,0.0030964971062199336,0.002771149275385531,0.0032218218368625312,0.0018881616384916465,0.0032218218368625312,0.0013020459742453183,0.0047250235293316845,0.005067249026642129
2024-03-07,0.009566118367205645,0.007005622394850993,0.009566118367205645,0.0029715093699147588,0.009566118367205645,0.003923757844986823,0.007197430977657238,0.005790210394569215,0.0071692153858811435,0.0032486162549551804,0.0071692153858811435,0.0035276138355074616,0.0071197609596920595,0.0057125403766040365,0.0071692153858811435,0.0032486162549551804,0.0071692153858811435,0.0035276138355074616,0.02317767421415451,0.00992642973731006
2024-03-08,0.0053755433229740815,0.003591735136167613,0.0053755433229740815,0.0013336696419856738,0.0053755433229740815,0.002065089861178847,0.002889987443422901,0.002509806843237112,0.002960085052899413,0.0009193022785668467,0.002960085052899413,0.0012891170610376652,0.002858956250967381,0.002478775650781592,0.002960085052899413,0.0009193022785668467,0.002960085052899413,0.0012891170610376652,0.01411683423114396,-0.00600220732414769
2024-03-11,-0.005173519529467392,-0.0021070357391206013,-0.005173519529467392,-0.00030183764553126126,-0.005173519529467392,-0.0011010454533843452,-0.0019402414230695194,-0.0011195950935385447,-0.0020610673659954572,0.00035319278759987296,-0.0020610673659954572,-0.00020253595079182117,-0.0018859648706144527,-0.001065318541083478,-0.0020610673659954572,0.00035319278759987296,-0.0020610673659954572,-0.00020253595079182117,-0.010035630187012812,-0.0008598499967885642
2024-03-12,0.008282885688129913,0.004778805111442204,0.008282885688129913,0.0021296354322422892,0.008282885688129913,0.0011448686315848214,0.004649159073042565,0.002863942600587237,0.005609334406165381,0.0018567625069688322,0.005609334406165381,0.00037165315753163395,0.004711244237786132,0.0029260277653308034,0.005609334406165381,0.0018567625069688322,0.005609334406165381,0.00037165315753163395,0.010464396124167719,0.010757374688447952
2024-03-13,0.0031111725654826435,0.0018116387177443888,0.0031111725654826435,0.0008423363393079114,0.0031111725654826435,0.0001943380281014314,0.001304276244931738,0.0008198200057075071,0.0020326893928802937,0.0007302314335226802,0.0020326893928802937,-0.0004949289067842725,0.0013353492432665796,0.0008508930040423488,0.0020326893928802937,0.0007302314335226802,0.0020326893928802937,-0.0004949289067842725,0.004854368932038833,-0.0015675114126452172
2024-03-14,-0.0018926161308413408,-0.0018187970884720591,-0.0018926161308413408,-0.0011020054276026,-0.0018926161308413408,-0.0010606395997583547,-0.002184292748225971,-0.001871091692837135,-0.001935867613366623,-0.0009805715953518856,-0.001935867613366623,-0.0010775789802835408,-0.00212988983040636,-0.0018166887750175236,-0.001935867613366623,-0.0009805715953518856,-0.001935867613366623,-0.0010775789802835408,-0.0009661442607689086,-0.001976778793354672
2024-03-15,-0.0026836767645317663,-0.0020200670469269744,-0.0026836767645317663,-0.00021475660889588985,-0.0026836767645317663,-0.0016222461409788813,-0.0021576443212053186,-0.0017113356488339202,-0.0015036084553545963,-0.00017339805286076715,-0.0015036084553545963,-0.0013213302159176732,-0.002118749191302351,-0.0016724405189309528,-0.0015036084553545963,-0.00017339805286076715,-0.0015036084553545963,-0.0013213302159176732,-0.013539690656840131,-0.006845374407620052
2024-03-18,0.003531125799052842,0.001847485883697201,0.003531125799052842,0.00044688318578580885,0.003531125799052842,0.00038729323041097885,0.0020159610114559127,0.0010415619165001218,0.001944648366047156,5.7866877531482624e-05,0.001944648366047156,-8.207902886558745e-05,0.0020081760245486318,0.0010337769295928408,0.001944648366047156,5.7866877531482624e-05,0.001944648366047156,-8.207902886558745e-05,0.009150286905126537,0.005943155285291102
2024-03-19,0.0028911853685290325,0.001337383465687749,0.0028911853685290325,0.0011273066948131803,0.0028911853685290325,0.0006538039910242208,0.00218534957745215,0.0015978573551395886,0.00261620601790277,0.001542882992425928,0.00261620601790277,0.0010640444709463246,0.0021308732319740785,0.0015433810096615167,0.00261620601790277,0.001542882992425928,0.00261620601790277,0.0010640444709463246,-0.0022667801720329672,0.005557143669806974
2024-03-20,-0.00043272294906853456,-0.0008703660440031509,-0.00043272294906853456,0.0004361749104566079,-0.00043272294906853456,-0.00036175763007024954,-1.2478097462722664e-05,-2.2843943930698157e-05,0.0003789070377013355,0.0011639733403235126,0.0003789070377013355,0.00024117737060713035,-0.00011355993854805267,-0.00012392578501602816,0.0003789070377013355,0.0011639733403235126,0.0003789070377013355,0.00024117737060713035,-0.005517728573040226,0.009249303470675319
2024-03-21,0.01650138521803965,0.010685473715832856,0.01650138521803965,0.004933100297011154,0.01650138521803965,0.00446764723771484,0.01073128691116342,0.008003226980498053,0.011913827152061173,0.005165333803583368,0.011913827152061173,0.00381229061874546,0.01073128691116342,0.008003226980498053,0.011913827152061173,0.005165333803583368,0.011913827152061173,0.00381229061874546,0.027415124229154708,0.003304702971922424
2024-03-22,-0.0009763205610568081,-7.381943234663331e-05,-0.0009763205610568081,-0.00018743241605739548,-0.0009763205610568081,-0.00011938973567286275,-0.0005829718183790124,-0.00028185242604521904,-0.0011606160471840906,-0.0008744521173897476,-0.0011606160471840906,-0.0004334016784104811,-0.000629555755178333,-0.00032843636284453966,-0.0011606160471840906,-0.0008744521173897476,-0.0011606160471840906,-0.0004334016784104811,-0.0012706286912165243,-0.001895806609024997
2024-03-25,-0.0005491979595828431,-0.0006263555712860809,-0.0005491979595828431,-0.0009282167855868497,-0.0005491979595828431,-0.0002511114168498744,-0.000893358141116839,-0.0007589982401881632,-0.0011230090657329969,-0.0011150626724692404,-0.0011230090657329969,-0.0005480169277906034,-0.0008623269486613122,-0.0007279670477326365,-0.0011230090657329969,-0.0011150626724692404,-0.0011230090657329969,-0.0005480169277906034,0.0019084163968310364,-0.0027628065092766274
2024-03-26,-0.0011212291792260477,-0.0010562537829611896,-0.0011212291792260477,-0.0005146412018154566,-0.0011212291792260477,8.76380733179876e-05,-0.00093313122594821,-0.0006205688933815325,-0.0012617626296586924,-0.00045147618709264376,-0.0012617626296586924,0.00013628036875146037,-0.0009486514561197735,-0.000636089123553096,-0.0012617626296586924,-0.00045147618709264376,-0.0012617626296586924,0.00013628036875146037,0.0006349593874008796,-0.0018470129799368351
2024-03-27,0.00295238967161714,0.002568093599154585,0.00295238967161714,0.0020223925570021107,0.00295238967161714,0.000980367155310199,0.0032298748335041275,0.0028013676723218288,0.0033746229641300673,0.0024932154771014864,0.0033746229641300673,0.0013167241905739158,0.0031600360833384526,0.002731528922156154,0.0033746229641300673,0.0024932154771014864,0.0033746229641300673,0.0013167241905739158,0.0003171814151829988,0.008403819070718743
2024-03-28,0.0004611632891892835,9.591460708084183e-05,0.0004611632891892835,0.0007607861707842439,0.0004611632891892835,-0.0003726846687148309,4.290298503720961e-05,-8.513929741338027e-05,0.0007108225852066039,0.0008484437475984899,0.0007108225852066039,1.8058357583112692e-05,8.166027279147008e-05,-4.638200965911981e-05,0.0007108225852066039,0.0008484437475984899,0.0007108225852066039,1.8058357583112692e-05,-0.0047573741137755254,-0.00019109579907738983
2024-03-29,0.0025975188864477534,0.002488800641844514,0.0025975188864477534,0.0014114315597434052,0.0025975188864477534,0.0014451397685361976,0.0022571326894156173,0.002237731043937893,0.0026614192958702336,0.001964630825490742,0.0026614192958702336,0.0017926585599908917,0.0022571326894156173,0.002237731043937893,0.0026614192958702336,0.001964630825490742,0.0026614192958702336,0.0017926585599908917,0.0057361962414557155,
2024-04-01,-0.0025482045909084846,-0.0031589277814744656,-0.0025482045909084846,-0.00226195477430184,-0.00084245365943727,-0.0009745407559653602,-0.004089644525939531,-0.004261321366832207,-0.004322011455617747,-0.003998220357141354,-0.0011431186867017758,-0.0008485398167697334,-0.003604712129105346,-0.0037763889699980223,-0.003741939597798503,-0.003418148499322109,-0.0011431186867017758,-0.0008485398167697334,-0.0025349122150665204,-0.0017397942282005863
2024-04-02,0.007057422202425364,0.004333178048648574,0.007057422202425364,0.0007875478892150955,0.007309306188140344,0.0015067595592114288,0.002699688167983267,0.0017654852228475072,0.002699688167983267,8.669519105917016e-05,0.004237124854239693,0.0007639468394306016,0.0026199781602645974,0.0016857752151288373,0.0026199781602645974,6.985183340500295e-06,0.004237124854239693,0.0007639468394306016,0.014294790897385612,-0.006358101845817976
2024-04-03,-0.004003368738808456,-0.0012753418236479467,-0.004003368738808456,6.762108274959161e-05,-0.0036328338240543103,5.7746789158480756e-05,-0.001409506394766446,-0.0003404426833738093,-0.001409506394766446,0.0003142973960642534,-0.0016882955362619038,0.0009293307862635077,-0.0015290202340807549,-0.00045995652268811824,-0.0015290202340807549,0.00019478355674994448,-0.0016882955362619038,0.0009293307862635077,-0.006890014950077572,0.0010985010013910834
2024-04-04,0.0005958575933067424,0.0005958575933067424,0.0005958575933067424,0.0005958575933067424,0.00022594085578450792,0.00022594085578450792,0.0009435310626259554,0.0009435310626259554,0.0009435310626259554,0.0009435310626259554,0.00037104349461667655,0.00037104349461667655,0.0007843219950833118,0.0007843219950833118,0.0007843219950833118,0.0007843219950833118,0.00037104349461667655,0.00037104349461667655,,-0.012206091812080655
2024-04-05,-0.0013704343251630781,-0.0013704343251630781,-0.0013704343251630781,-0.0013704343251630781,-0.0006423721940535981,-0.0006423721940535981,-0.0020793112850357163,-0.0020793112850357163,-0.0020793112850357163,-0.0020793112850357163,-0.0009298849862711671,-0.0009298849862711671,-0.0018208371493317922,-0.0018208371493317922,-0.0018208371493317922,-0.0018208371493317922,-0.0009298849862711671,-0.0009298849862711671,,0.010446888874904303
2024-04-08,0.005179511140157995,0.0030370530151370427,0.005179511140157995,0.0019351939828896885,0.005624802447195986,0.0018806234010273319,0.0019316507169924925,0.0010842284615431726,0.0019316507169924925,0.0005435406385167864,0.004825244805052719,0.0023742463933144366,0.0020909727905777404,0.0012435505351284205,0.0020909727905777404,0.0007028627121020342,0.004825244805052719,0.0023742463933144366,0.005676404157435311,0.0005593388334788063
2024-04-09,0.012334494620056497,0.008183540620891204,0.012334494620056497,0.003027199766980082,0.012161771572243048,0.003939911830014911,0.0062170523301506055,0.00498946838928192,0.0062170523301506055,0.0025548301356848515,0.007806112998691245,0.002917285237025556,0.0060575734977657445,0.004829989556897059,0.0060575734977657445,0.00239535130329999,0.007806112998691245,0.002917285237025556,0.023831941828078573,0.0011567640634317922
2024-04-10,-0.0033187342785142293,-0.0033866510437252978,-0.0033187342785142293,-0.0030800705894120208,-0.002962154982084815,-0.0017459320653152905,-0.0052525855173751745,-0.005405769793061519,-0.0052525855173751745,-0.0052586358660518685,-0.002906216239801549,-0.0023837156234971036,-0.004595393359177925,-0.004748577634864271,-0.004595393359177925,-0.004601443707854619,-0.002906216239801549,-0.0023837156234971036,-0.0015313935681470214,-0.010013117410638928
2024-04-11,-0.004416005855227328,-0.002759802188407912,-0.004416005855227328,-0.0016017994544299864,-0.0034276392395079466,-0.0011052567671950525,-0.0018048685205695864,-0.0012115572072237957,-0.0018048685205695864,-0.0006641301071214084,-0.0027375597928412754,-0.0009020375021064467,-0.002004839506743811,-0.00141152819339802,-0.002004839506743811,-0.0008641010932956327,-0.0027375597928412754,-0.0009020375021064467,-0.0030674846625766694,0.007546885784763369
2024-04-12,0.004825216025200156,0.002128273851622997,0.004825216025200156,0.002286432099960006,0.003888322961685037,0.0010474986229174407,0.002843011967270749,0.001677791882022682,0.002843011967270749,0.001761898193498253,0.003441515481251762,0.001859508546548955,0.0027431649140746885,0.001577944828826621,0.0027431649140746885,0.0016620511403021925,0.003441515481251762,0.001859508546548955,-0.0024615009014422595,-0.013803077020240084
2024-04-15,-0.011780115444833997,-0.008045052057714315,-0.011780115444833997,-0.004974967476202252,-0.010537070048012959,-0.0034410681604684712,-0.006905199440264145,-0.005459177657598232,-0.006905199440264145,-0.00400977116192947,-0.00791338663219749,-0.0034048516761031843,-0.006845325044239743,-0.00539930326157383,-0.006845325044239743,-0.003949896765905068,-0.00791338663219749,-0.0034048516761031843,-0.012955003235314955,-0.012528127278102708
2024-04-16,-0.021349382878903735,-0.011958387891559374,-0.021349382878903735,-0.004698804424786529,-0.020582501251467322,-0.0037926636721943565,-0.010410302799794607,-0.006777163692507771,-0.010410302799794607,-0.0033157489852683473,-0.013874837339777499,-0.0019069600027406717,-0.010310465108305704,-0.006677326001018867,-0.010310465108305704,-0.0032159112937794436,-0.013874837339777499,-0.0019069600027406717,-0.027187538146972612,-0.0018237950351298604
2024-04-17,0.009295142784632698,0.006130363289141644,0.009295142784632698,0.002787483083461301,0.007843256395608534,0.002284505731750848,0.005241791889782344,0.004074845372362458,0.005241791889782344,0.0025091494335210767,0.005782200898402814,0.0016178027350385142,0.005121909771645918,0.003954963254226032,0.005121909771645918,0.002389267315384651,0.005782200898402814,0.0016178027350385142,0.011243174228222852,-0.00591823921822443
2024-04-18,0.0015194748821490062,0.001865043575317754,0.0015194748821490062,0.0001395860582679541,0.0009857623820769621,0.0006882164401105545,-3.571835325704181e-05,0.0003393118090604512,-3.571835325704181e-05,-0.0004899938880492269,0.0013447042776920045,0.000106893338266427,4.413891415232993e-05,0.00041916907646982293,4.413891415232993e-05,-0.0004101366206398551,0.0013447042776920045,0.000106893338266427,0.009847542006749865,-0.00205773410131993
2024-04-19,-0.027257014392393482,-0.016482755432442004,-0.027257014392393482,-0.005592170728273506,-0.025763136853421683,-0.006692649994663551,-0.01146776133146695,-0.007564341760790599,-0.01146776133146695,-0.00240436501754956,-0.016601799830279724,-0.0036644709487308395,-0.011507702027656387,-0.0076042824569800375,-0.011507702027656387,-0.0024443057137389966,-0.016601799830279724,-0.0036644709487308395,-0.050644877045068926,-0.00872835011101658
2024-04-22,-0.003262019021645302,-0.0018559453119914638,-0.003262019021645302,-0.00037463203072014,-0.0035077845692483888,-0.0004852706411566018,-0.0007752966640051519,-8.292825083645622e-05,-0.0007752966640051519,0.0005986216986984952,-0.0011936307793658338,-0.00043861447491631584,-0.000855173612165686,-0.00016280519899699046,-0.000855173612165686,0.000518744750537961,-0.0011936307793658338,-0.00043861447491631584,-0.002982087252772714,0.00920913952029423
2024-04-23,0.005347316199563347,0.0030138463899951665,0.005347316199563347,0.0006558460984369407,0.00568900582718294,0.0006979164499000215,0.0031239682677356036,0.0022751467960059916,0.0031239682677356036,0.0011481380707824961,0.0025515068068729355,-0.00047931265779155915,0.0029842562678567,0.002135434796127088,0.0029842562678567,0.0010084260709035924,0.0025515068068729355,-0.00047931265779155915,0.009637733317741537,0.011866630635747333
2024-04-24,0.020543234629990265,0.011682968572309046,0.020543234629990265,0.004158369987895567,0.02036603460173784,0.0038917299030526687,0.008279363788107926,0.004840447885528744,0.008279363788107926,0.0012836839360662402,0.01271141226486024,0.0024096073338237913,0.008339186619300713,0.004900270716721533,0.008339186619300713,0.0013435067672590288,0.01271141226486024,0.0024096073338237913,0.029295670742842894,-0.00047461729906428385
2024-04-25,-0.013323001778141677,-0.007434254674175089,-0.013323001778141677,-0.0033851177118723705,-0.013136033518753403,-0.003093570001321102,-0.00674380797591988,-0.0044579378504472,-0.00674380797591988,-0.002516279699334069,-0.0086222126504066,-0.0025516286292072933,-0.006624118138471887,-0.004338248012999207,-0.006624118138471887,-0.002396589861886076,-0.0086222126504066,-0.0025516286292072933,-0.018228372192251152,-0.003798922486342393
2024-04-26,0.014207395736960261,0.007692755224485781,0.014207395736960261,0.0038842432729361163,0.014062848252336634,0.003238859770262212,0.0070053734913147975,0.004474286856117214,0.0070053734913147975,0.0026414551276768695,0.009174120790873479,0.0028176853254931146,0.006965452473218286,0.004434365838020702,0.006965452473218286,0.002601534109580358,0.009174120790873479,0.0028176853254931146,0.016286644951140072,0.009473911346339792
2024-04-29,0.012078829433665011,0.006957049818936418,0.012078829433665011,0.0032823741728049416,0.011925613369285581,0.0027012173206324586,0.006241631304911885,0.0042900985680857425,0.006241631304911885,0.0025473186135597653,0.009045502186265476,0.0019618925840295238,0.006161793701057366,0.004210260964231223,0.006161793701057366,0.0024674810097052467,0.009045502186265476,0.0019618925840295238,0.01794873751126813,0.0035414704253415863
2024-04-30,-0.0014923656172019131,-0.001243224654373365,-0.0014923656172019131,-0.0013004553703875655,-0.0015642373054013448,-0.0009545029568780397,-0.0021837485496745686,-0.0021002959379787804,-0.0021837485496745686,-0.002138563049542279,-0.0017921461722773483,-0.0014937194331959781,-0.001984260413938202,-0.0019008078022424144,-0.001984260413938202,-0.0019390749138059131,-0.0017921461722773483,-0.0014937194331959781,-0.003463495221587287,-0.015841247325688257
2024-05-01,0.0009369682287208285,0.0009548253715779714,0.0011338166401568704,0.0011338166401568704,0.0009369682287208287,0.000730052439770973,0.0018154941465892275,0.0018593103730860803,0.002102223782941543,0.002102223782941543,0.0011995973264500922,0.0012525167914255728,0.001479909941037463,0.0015237261675343158,0.0017786467852490418,0.0017786467852490418,0.0011071429961944995,0.0011600624611699797,,-0.0032471509764099293
2024-05-02,-0.007599020971687491,-0.004243380658787153,-0.008127836778752354,-0.0010208791725687001,-0.007599020971687491,-0.0015215024362376147,-0.0012668101111664607,-0.00029400609743948343,-0.002070290871292241,0.0009218802962754528,-0.0012668101111664607,0.0007765933602237557,-0.001542597466309823,-0.0005697934525828456,-0.0023102612334509757,0.0006819099341167181,-0.001542597466309823,0.0005008060050803935,-0.013270180748913951,0.009353437830903255
2024-05-03,0.004682772819528743,0.003004292483525416,0.004954018060129428,0.001717241036002737,0.004682772819528743,0.0012481024797527263,0.0035143081863877827,0.0029793648883693832,0.0038701359352447486,0.002464311896220873,0.0035143081863877827,0.0019954055663323447,0.0032159568831816726,0.002681013585163273,0.0036105320449805146,0.002204708005956639,0.0032159568831816726,0.0016970542631262343,0.0051232986425100435,0.012395322615995186
2024-05-06,0.011087181172613954,0.00739313974364391,0.010657509831521604,0.0031957267138929884,0.011087181172613954,0.002423198235633496,0.0048397111350006235,0.003703940719926579,0.005133349208154691,0.001845863130413574,0.0048397111350006235,0.0012460826707657608,0.00486262857034252,0.0037268581552684756,0.005153290315519405,0.001865804237778288,0.00486262857034252,0.0012690001061076573,0.01433577600349989,0.010326817835387025
2024-05-07,0.00506064666360411,0.00296298547983177,0.005350092964522481,0.0019271996193462647,0.00506064666360411,0.0012000003428768856,0.0025159856333875556,0.001859985578743223,0.0028789502001433545,0.0013498432159380384,0.0025159856333875556,0.000789117797654928,0.0024930653782239253,0.0018370653235795927,0.002859006639172157,0.0013298996549668408,0.0024930653782239253,0.0007661975424912976,0.005653323948027644,0.0011034464179817682
2024-05-08,0.0014205869986164685,0.0010608060548244558,0.0014551758419404873,6.953266157316288e-05,0.0014205869986164685,9.557711195377962e-05,-9.94741743684668e-05,-0.00019856856689866718,-4.4779017400112925e-06,-0.0005737742703570741,-9.94741743684668e-05,-0.0004916011823769134,-5.363930368469446e-05,-0.00015273369621489482,3.540431298939867e-05,-0.0005338920556276642,-5.363930368469446e-05,-0.000445766311693141,0.003747600386339922,9.666200942248793e-05
2024-05-09,-0.0008499149133687263,-0.0002489025773449053,-0.0006374955200785461,0.000263700978219511,-0.0008499149133687263,0.0001397507183123349,0.0002781350508397424,0.0004400578920262976,0.00038377257806593084,0.0007428537354624918,0.0002781350508397424,0.0006641578837242053,0.00011770849145157919,0.00027963133263813434,0.0002441809004988244,0.0006032620578953855,0.00011770849145157919,0.0005037313243360421,-0.0012445361047928039,0.005761867891264316
2024-05-10,0.0037047063037658158,0.002663061031884824,0.00286505239458037,0.000774193722784583,0.0037047063037658158,0.0012337426793611287,0.0009314281486928594,0.0006311321427942558,0.000499188142777725,-0.00039640494925294485,0.0009314281486928594,-0.0001446701149495547,0.001091716664929101,0.0007914206590304974,0.0006386597051019011,-0.0002569333869287688,0.001091716664929101,1.561840128668689e-05,0.007165071006133283,0.0012881249732326072
2024-05-13,0.004279053744883497,0.002983636415690396,0.004654409315822706,0.0010090273263623994,0.004279053744883497,0.0012982626040727095,0.0018162513688560927,0.0014293804719842248,0.0022405943418572984,0.0007107322401461094,0.0018162513688560927,0.0007060650413104095,0.0017704052174974127,0.0013835343206255448,0.00220070231149424,0.000670840209783051,0.0017704052174974127,0.0006602188899517296,0.010207294881372286,0.0001342951490974631
2024-05-14,0.0038868893443048005,0.0023189063443551376,0.004405091852624326,0.0014210227396979915,0.0038868893443048005,0.0012478302699540987,0.0021852393166284455,0.0018173750830277383,0.0026812875762764745,0.001471116984717722,0.0021852393166284455,0.0012739305564474774,0.0020019522765371564,0.0016340880429364494,0.0025218043491834654,0.0013116337576247134,0.0020019522765371564,0.0010906435163561886,0.006736012395406554,0.004588152985457228
2024-05-15,0.009618981719975548,0.0069631938888653185,0.00953854098509515,0.0031659386653004225,0.009618981719975548,0.0035597317798300807,0.005755037018416629,0.00507441531913703,0.006201767114948014,0.0035714639445504617,0.005755037018416629,0.0034383194936599367,0.005411683250798578,0.004731061551518979,0.005903005310147215,0.003272702139749663,0.005411683250798578,0.0030949657260418858,0.013686131894972808,0.012383033929039389
2024-05-16,0.0060292932724360215,0.0035536025200633304,0.006026316539515191,0.001980552993579271,0.0060292932724360215,0.0011166561158780254,0.0022115281252152574,0.0013881806573838957,0.0022001805008542976,0.0003886199942067578,0.0022115281252152574,-1.3431832561443561e-05,0.00234860997429339,0.0015252625064620282,0.002319459287046538,0.0005078987803989979,0.00234860997429339,0.000123650016516689,0.004800498536200015,-0.002057508390634233
2024-05-17,-0.0024768855861556117,-0.0020465688846595057,-0.0027965301676243577,-0.0014745909965597382,-0.0024768855861556117,-0.0010043451826489346,-0.0017800791916570506,-0.001667189594137161,-0.0018727421052090246,-0.0012762624799670457,-0.0017800791916570506,-0.00101646611741902,-0.0016657485609843316,-0.001552858963464442,-0.0017732597963333804,-0.0011767801710914016,-0.0016657485609843316,-0.0009021354867463009,-0.0011943681808725959,0.0014375338328991294
2024-05-20,0.00041647459534100936,5.510292854179635e-05,0.00041957080513872487,0.0005361309458689958,0.00041647459534100936,0.0007853251657358438,4.7034676077327494e-05,-0.00010803511818026636,-2.3642223566194523e-05,-2.3912788390323258e-05,4.7034676077327494e-05,0.00031053656173034717,9.278454115393904e-05,-6.228525310365482e-05,1.616602538503358e-05,1.5895460560904846e-05,9.278454115393904e-05,0.00035628642680695874,-0.0002989719088658527,0.0011521113183465825
2024-05-21,-0.00011418770035325524,-0.0003053084607707088,0.0003054835933017475,0.0001195868877996886,-0.00011418770035325524,-0.00014999380390296174,0.00034830098048339517,0.00027992356068033794,0.0006108941381617146,0.0005234371692878585,0.00034830098048339517,0.0002930598528833993,0.00025676131319153525,0.00018838389338847808,0.000531242889827654,0.00044378592095379796,0.00025676131319153525,0.00020152018559153938,-0.0011961540184961539,0.0024525295229904653
2024-05-22,0.010114669326696352,0.006192717816358094,0.010441639146401439,0.002006533670313548,0.010114669326696352,0.0022089411968678804,0.003307760970996123,0.0021898789869348036,0.004050384099191416,0.00045753916065496445,0.003307760970996123,0.0003661838776963022,0.00344501175499194,0.002327129770930621,0.004169809880423936,0.0005769649418874846,0.00344501175499194,0.0005034346616921194,0.017964071856287456,-0.0028793441431358424
2024-05-23,0.001612678819261072,0.0007253599687741293,0.0019070621959016987,-0.0008574304911280528,0.001612678819261072,-0.00027636649446792847,-0.0006790271428040803,-0.0009510463229765085,-4.3866797145063815e-05,-0.001274597593999293,-0.0006790271428040803,-0.0010576444261488733,-0.0005874649738593868,-0.0008594841540318151,3.5804030512265144e-05,-0.001194926766341964,-0.0005874649738593868,-0.0009660822572041799,0.007647076775046058,-0.007304220207159928
2024-05-24,-0.0031812353094010804,-0.0014253283767102724,-0.003018292959911584,-0.0008228088527241443,-0.0031812353094010804,-0.0006893630973999066,-0.0008603708551929191,-0.0003389769411557299,-0.0008058314968486767,0.00016335863066207956,-0.0008603708551929191,0.00013045444720462008,-0.0009290893570537148,-0.0004076954430165256,-0.0008656254049847791,0.00010356472252597723,-0.0009290893570537148,6.173594534382437e-05,-0.004086380243850218,0.006616435324681147
2024-05-27,0.009507507870492767,0.005532482783690249,0.009730813787350736,0.002616928193611645,0.009507507870492767,0.0018099196765264708,0.003678389449492445,0.0024639650547228996,0.004327687763568475,0.0012189933934289021,0.003678389449492445,0.0007691385181030943,0.003678389449492445,0.0024639650547228996,0.004327687763568475,0.0012189933934289021,0.003678389449492445,0.0007691385181030943,0.01377485791706623,
2024-05-28,0.0010200921421410225,-0.0003823588231688962,0.0009994362050953778,-0.0012301940759078703,0.0010200921421410225,-0.00040405433569247674,-0.0013897593818865653,-0.0017815631921511213,-0.001146261367821678,-0.0020316741992447533,-0.0013897593818865653,-0.0013273645148429432,-0.0012295102715129676,-0.0016213140817775236,-0.0010068240936508689,-0.0018922369250739441,-0.0012295102715129676,-0.0011671154044693454,0.0014455045065702166,0.0006988423909817243
2024-05-29,-0.007557345503804669,-0.00539904003676847,-0.007183870981446822,-0.002377624071845286,-0.007557345503804669,-0.0022132832923188405,-0.004056373937577394,-0.0035000534567229827,-0.004142370491072975,-0.002175350229797075,-0.004056373937577394,-0.0017781409624364202,-0.003987621631551725,-0.003431301150697314,-0.0040825471689788515,-0.002115526907702951,-0.003987621631551725,-0.0017093886564107513,-0.013568076709775112,-0.007002551838871107
2024-05-30,-0.010160298929994004,-0.0061253506612209754,-0.010177938920029125,-0.001710760889191703,-0.010160298929994004,-0.0022265706778354455,-0.002485582866323289,-0.0012857641423272652,-0.003043079942812127,0.000554570670647342,-0.002485582866323289,0.00024241973035441677,-0.00269188096365604,-0.0014920622396600162,-0.003222585740327259,0.00037506487313221024,-0.00269188096365604,3.612163302166592e-05,-0.017266678967771787,-0.0066337015706721125
2024-05-31,-0.003154653177493776,-0.001269248030364381,-0.003917668156499227,0.0005025194806676569,-0.003154653177493776,-0.0003163597878169507,0.0006135911526707014,0.001141817244202938,-0.00035065287524179377,0.0015601286306086651,0.0006135911526707014,0.0011054845919759716,0.00036173766871353235,0.0008899637602457691,-0.0005697977005174989,0.00134098380533296,0.00036173766871353235,0.0008536311080188028,-0.011316223737660058,0.009108149287317735
2024-06-03,0.010377832015034635,0.007094976762812117,0.010241468378670997,0.0029010666294569036,0.011242171050249935,0.002802853450108686,0.0057205367602259465,0.004563726077945925,0.005733412558779328,0.0023855978297065428,0.0060031575144768624,0.002435413673199858,0.0057002869725069835,0.004543476290226961,0.005676874202090851,0.002329059473018066,0.005792797806463968,0.002225053965186963,0.021385560552757976,0.0008153529396106585
2024-06-04,-0.005569891774490087,-0.002978671265302713,-0.005569891774490087,0.00014245314942886526,-0.006177706915026827,-0.0008734956288650201,-0.0016463391570617862,-0.000783872346632441,-0.0016463391570617862,0.0008932694225795859,-0.0007752859221027834,0.0006466666741067854,-0.00175848238557112,-0.0008960155751417748,-0.00175848238557112,0.0007811261940702522,-0.0009585729621940722,0.00046337963401549666,-0.015924487759625516,0.0011178985773303562
2024-06-05,0.004243809739244991,0.003128901009579027,0.004243809739244991,0.0012433284134151033,0.0045592728720900986,0.0015034123133624842,0.002714866427071607,0.002317455989760364,0.002714866427071607,0.0013256541310922325,0.002716745810327071,0.0015115415692482492,0.0026028227470638898,0.002205412309752647,0.0026028227470638898,0.0012136104510845154,0.002533621472437684,0.0013284172313588621,0.00958939638116596,0.011885100186643571
2024-06-06,0.01585432014644307,0.010463033944363454,0.01585432014644307,0.004140098746861851,0.01645017948226066,0.005007323963221407,0.008065965382267047,0.005874700625979614,0.008065965382267047,0.0024659481911713673,0.006125328040046478,0.0020693829611488617,0.008051971008377604,0.005860706252090168,0.008051971008377604,0.0024519538172819225,0.006102455616965545,0.0020465105380679293,0.03413475870686278,-1.8721390661391446e-05
2024-06-07,-0.004689672411139121,-0.004332726336564987,-0.004689672411139121,-0.0027825500106989872,-0.0040974389635619985,-0.0019868432432911414,-0.004118951841628498,-0.003999819561562025,-0.004118951841628498,-0.0031772445909520825,-0.004146985122739984,-0.0030299400850433357,-0.0038251701096709426,-0.00370603782960447,-0.0038251701096709426,-0.0028834628589945272,-0.0036668278738436664,-0.0025497828361470184,-0.0077496605532528795,-0.0012156574487586225
2024-06-10,-0.00044735493021161565,-0.00044735493021161565,-0.00044735493021161565,-0.00044735493021161565,-0.00046865754593597826,-0.000151196910832382,-0.0003194709348212734,-0.0003194709348212734,-0.0003194709348212734,-0.0003194709348212734,-0.0005305619866534556,-0.00023141437462294396,-0.0003334890507827596,-0.0003334890507827596,-0.0003334890507827596,-0.0003334890507827596,-0.000553473213808142,-0.0002543256017776304,,0.003089761144422054
2024-06-11,0.00031743942396087187,0.00032347641605820243,0.00031743942396087187,-0.00037163591532444893,0.0007474366696259138,-0.0005150554952267535,0.0008229303169483127,0.0007524268856316382,0.0008229303169483127,0.0003863721689828275,0.0014252480515146654,0.0005878616466515538,0.000696707891954681,0.0006262044606380066,0.000696707891954681,0.0002601497439891959,0.0012189499541819145,0.0003815635493188029,0.002603395616733062,0.0024083170801936227
2024-06-12,0.009236249880290669,0.0062219133716941745,0.009236249880290669,0.0028844720744319423,0.009769074951489305,0.003294764284743718,0.0055579449131812515,0.0042853886398683105,0.0055579449131812515,0.002516248823889816,0.005166847553804067,0.00276570755713,0.005403849660247856,0.004131293386934914,0.005403849660247856,0.0023621535709564202,0.004914994069846898,0.0025138540731728313,0.017888002251221558,0.008213005017738695
2024-06-13,0.01174501461793465,0.006912795846509787,0.01174501461793465,0.003619678973310205,0.012304301028312491,0.002553763821583412,0.007031904220500176,0.0048202886455326254,0.007031904220500176,0.0030369888670728146,0.006292308388694778,0.0023196472180925408,0.006850042388317636,0.004638426813350085,0.006850042388317636,0.002855127034890274,0.005995073171112807,0.0020224120005105702,0.014455800113316375,0.002013497275312748
2024-06-14,0.005039744988759904,0.003227939829573867,0.005039744988759904,0.0015967354058974976,0.005139952153039883,0.0008269760884642126,0.0025537139530213337,0.0018425525145751125,0.0025537139530213337,0.0009633660545664595,0.002196871324294834,0.0004083732856330407,0.0025397435889828583,0.001828582150536637,0.0025397435889828583,0.0009493956905279843,0.002174038142945888,0.0003855401042840948,0.005867577924918876,0.0006083824913212244
2024-06-17,-0.00024682498729587036,-0.0009946587575990053,-0.00024682498729587036,-0.0006962170173862933,-0.00032826656426468296,-0.0002251426446618909,-0.000651243877303844,-0.0010947493241808797,-0.000651243877303844,-0.0009571324897867148,-0.0012232288776228635,-0.0009394961686418428,-0.000539515972597353,-0.0009830214194743888,-0.000539515972597353,-0.0008454045850802239,-0.0010406206433008964,-0.0007568879343198756,0.0,0.007958926371441244
2024-06-18,0.011056462831899675,0.0070036867848021055,0.011056462831899675,0.003449597854258595,0.011559765671858693,0.0030693789586324787,0.006599974193614448,0.004871079773894246,0.006599974193614448,0.0029452232385810758,0.005757018950920972,0.002443384282583541,0.006446200244633403,0.004717305824913201,0.006446200244633403,0.0027914492896000307,0.005505690606565889,0.002192055938228458,0.016666666666666607,0.0025406958699802917
2024-06-19,0.013349735440404046,0.009231752052217556,0.013349735440404046,0.0030436676800942664,0.01419408957988154,0.003830111188087372,0.006352054494619915,0.004912372155063811,0.006352054494619915,0.0015956708230282848,0.005269482810007184,0.0015949592700583869,0.006352054494619915,0.004912372155063811,0.006352054494619915,0.0015956708230282848,0.005269482810007184,0.0015949592700583869,0.027049163651596597,
2024-06-20,0.005635848531115487,0.0029323417971741043,0.005635848531115487,0.0011672399824331971,0.005834368322205531,0.001044217879709917,0.0024024424663141152,0.0012922027398230226,0.0024024424663141152,0.0003248043805848534,0.0014665208205063322,-4.082077276053044e-05,0.0024443223723281215,0.0013340826458370287,0.0024443223723281215,0.0003666842865988594,0.0015349693939480148,2.762780068115229e-05,0.009577031556182947,-0.002716531314889248
2024-06-21,-0.005090756522599039,-0.0021965888731062936,-0.005090756522599039,-0.0006155061870508779,-0.004705382242893344,-0.00015299763632094958,-0.0027389301853689837,-0.0012756731397315208,-0.0027389301853689837,-0.00045538129730731444,-0.0013538185848190685,0.0002327389725597642,-0.0027808254858940635,-0.0013175684402566004,-0.0027808254858940635,-0.0004972765978323939,-0.001422292319069886,0.00016426523830894655,-0.006060573894515864,-0.0013363624028793677
2024-06-24,-0.0115788427519655,-0.006861856600962548,-0.0115788427519655,-0.0023224386286863677,-0.012601460466008173,-0.0039048153217242014,-0.005216968217523107,-0.0034952143588870004,-0.005216968217523107,-0.0010156757905884976,-0.004384665666522158,-0.001622882589884202,-0.005230931736542529,-0.003509177877906421,-0.005230931736542529,-0.0010296393096079187,-0.004407487660362964,-0.0016457045837250078,-0.02439027547534034,-0.003250664817000981
2024-06-25,-0.001411527403514589,-0.0005897178939571859,-0.001411527403514589,-0.00018352508020389154,-0.0015254065295707455,-0.00014846411877419052,-0.0008211218974108408,-0.00028727004254093524,-0.0008211218974108408,-5.613124073302754e-05,-0.000486737897281968,7.42219862309686e-05,-0.0008350837058972933,-0.0003012318510273878,-0.0008350837058972933,-7.009304921948008e-05,-0.0005095570954254415,5.140278808749502e-05,-0.0005435114321501455,0.0038508805193555595
2024-06-26,0.00274347742085794,0.0006550409613419767,0.00274347742085794,-0.001347982117031052,0.0032470531352140858,0.00032302391645201906,0.00044851421962873,-0.0005767555386594595,0.00044851421962873,-0.0016371958884498882,-0.0005109578198520385,-0.0010502780928526541,0.0005601737097387122,-0.0004650960485494774,0.0005601737097387122,-0.001525536398339906,-0.0003284614024365387,-0.0008677816754371543,0.007884786596825233,0.0012480822540090752
2024-06-27,-0.0006711695802579497,-0.00047194535290285736,-0.0006711695802579497,9.248375943016223e-06,-0.0008440830389917656,-9.534981543224936e-05,0.00010517451192829565,0.00018808947905872813,0.00010517451192829565,0.000438582968338051,0.00015289046596421316,0.0004827693750588853,2.135309921240943e-05,0.00010426806634284193,2.135309921240943e-05,0.00035476155562216475,1.589263883561035e-05,0.00034577154793028245,-0.00026977636963165796,0.0015764795075565718
2024-06-28,0.005734427334608691,0.0022647056424817073,0.005734427334608691,0.000511967238506434,0.005820111132201552,0.0009078392222477867,0.002352669209955195,0.0008744570508379983,0.002352669209955195,-8.735896914842799e-05,0.0007949074974761242,-0.0003102920320316687,0.0023387056909357743,0.0008604935318185773,0.0023387056909357743,-0.00010132248816784904,0.0007720855036353184,-0.0003331140258724746,0.006206119144872124,-0.003935107039692687
2024-07-01,-0.0019058386616714852,-0.0010791865220964028,-0.0019058386616714852,-0.0013501153492165012,-0.0017866114243787758,-0.0006752076312218914,-0.0013969735595196014,-0.0012119985671148392,-0.0016278088557919784,-0.0014383415990599732,-0.001990935546464109,-0.001427625967831041,-0.0012253360610633597,-0.0010403610686585975,-0.0015300915320116916,-0.0013406242752796863,-0.0018312262240252587,-0.0012679166453921907,0.0008045543455550419,0.00205809454382333
2024-07-02,-0.0010412830631577154,-0.00028150452766470313,-0.0010412830631577154,0.0014200610019487723,-0.0017236024615033183,-0.00019459571826452838,0.0013019487012929294,0.001465405786020146,0.000955124644336824,0.002007002143291763,0.0009231802292392512,0.0009759382036633759,0.0011768334577613115,0.0013402905424885285,0.0008570046968934956,0.0019088821958484345,0.0007628128581562643,0.000815570832580389,-0.006698820788390347,0.006729714910746587
2024-07-03,0.011633457936816088,0.006528985329300897,0.011633457936816088,0.004029922891238814,0.012094925341327651,0.002642534427348673,0.006343569404799376,0.004992178773688907,0.0074091129437249634,0.0037409748377952405,0.00658659268959777,0.0026522382460307196,0.006129264780577481,0.004777874149467012,0.007241047423713401,0.003572909317783678,0.006311906182763711,0.0023775517391966595,0.012139195715717532,0.004462600250361826
2024-07-04,0.011905681894808435,0.007373513888988059,0.011905681894808435,0.002619636802085147,0.01265727837808607,0.0037757703291072214,0.004236910588682059,0.003140091122126043,0.005532576850757563,0.0013033279027493787,0.004520167865775071,0.0016213244690351683,0.004236910588682059,0.003140091122126043,0.005532576850757563,0.0013033279027493787,0.004520167865775071,0.0016213244690351683,0.026119369600556386,
2024-07-05,0.00013517077417577676,0.00028011292387618167,0.00013517077417577676,0.0003959427188289485,0.0010684980660074902,0.0006014667940567835,0.0015293908879398265,0.0015561167637331767,0.0008674726853436426,0.0009879021572062482,0.0021983056121650554,0.0017297591260976746,0.0012619079435658305,0.0012886338193591807,0.0006577027827871182,0.0007781322546497238,0.0018554574076778505,0.0013869109216104695,-0.0036363477830763102,0.005766497205737409
2024-07-08,0.013062938909709597,0.009350609110773248,0.013062938909709597,0.0033723887758753983,0.01361408515056316,0.004699304095631747,0.004154460854558665,0.0032863326536734937,0.006140554998466815,0.0015323216870663185,0.004808131871849937,0.001977464620449455,0.004172263912086118,0.0033041357112009477,0.006154516806953268,0.001546283495552771,0.004830951069993411,0.0020002838185929285,0.031543289653260365,0.0011539280101222626
2024-07-09,-0.0004615877861944134,-0.0007528048115895237,-0.0004615877861944134,-0.0006624437513243334,-0.0006959428589969316,-0.0007082303251071186,-0.0008426331033893546,-0.0010149415908667745,-0.0002133847541896975,-0.0005234587784685303,-0.0007942701055097345,-0.0006970811026495573,-0.0008070362074639086,-0.0009793446949413285,-0.00018546836719511247,-0.0004955423914739453,-0.0007486435259088576,-0.0006514545230486804,-0.0010109284855245315,0.000972442729531453
2024-07-10,0.003141537416286765,0.001978177705125953,0.003141537416286765,0.0012214740792174561,0.002891763861592643,0.0010300992501923946,0.0015130765957781815,0.0011785186105124973,0.001913221054703116,0.0010074123814092927,0.001479565778622135,0.0008778109389182679,0.001459661377826717,0.001125103392561033,0.0018713308882443251,0.000965522214950502,0.0014111004354960084,0.0008093455957921414,0.003541675834292546,0.009895289711641775
2024-07-11,0.012602492764165555,0.008757822544790487,0.012602492764165555,0.00439754254154307,0.012946347605211742,0.004189441341469474,0.006727432893062189,0.0057966253146876645,0.007908652113366096,0.0040771160396231776,0.007040147117337096,0.0035000914678590626,0.006389256278564698,0.0054584487001901735,0.007643441650560488,0.0038119055768175707,0.006606686788300513,0.003066631138822479,0.022182978377061957,-0.008622580332635743
2024-07-12,-0.01549292955590329,-0.008076293423286954,-0.01549292955590329,-0.0018811163272304502,-0.016531930309733593,-0.003226809185619625,-0.004207606622645048,-0.002333626549478108,-0.0068785062608259975,-0.0003161876526552344,-0.004634900796851211,-0.00026919273162785413,-0.004420706702202346,-0.0025467266290354054,-0.007045627132880626,-0.00048330852470986253,-0.004908043369822689,-0.0005423353045993318,-0.031565937837160885,0.006307522083127459
2024-07-15,0.0020914068508808537,0.0007266266664815243,0.0020914068508808537,0.0001982364468120652,0.0018916535461650453,-0.00019184622389074272,0.000789984465281167,0.0003522425801299819,0.0014075001341088357,0.0003009500294213753,0.000199349652393881,-0.00055798237473897,0.000789984465281167,0.0003522425801299819,0.0014075001341088357,0.0003009500294213753,0.000199349652393881,-0.00055798237473897,0.0017824845115719246,0.002750118911688748
2024-07-16,0.0041184354362801285,0.003027419752707323,0.0041184354362801285,0.0021083228019406104,0.004383196932574806,0.0017992937934715259,0.0025329581389099266,0.0023072041505691012,0.002772098579016782,0.001894070473922098,0.0030203918932598488,0.0017135280708996475,0.002479764504397869,0.0022540105160570438,0.002730382186390941,0.0018523540812962571,0.0029522105663147254,0.0016453467439545245,0.005846513335615646,0.005930147776526118
2024-07-17,-0.005751351969233502,-0.0029918523979789494,-0.005751351969233502,-0.00020184434504349,-0.006231468481297836,-0.001080115516518971,-0.002061469736272935,-0.001299296938972531,-0.002745074780997706,1.2515732253526218e-05,-0.0020519246582477242,-0.00024734691814996585,-0.002079198968034819,-0.0013170261707344147,-0.0027589786926201696,-1.3881793689374218e-06,-0.0020746492296805875,-0.00027007148958282885,-0.01397002750690235,-0.014021143496696697
2024-07-18,-0.012730954721096373,-0.006885819026952432,-0.012730954721096373,-0.0026587946890620604,-0.013839162742492006,-0.003295647244175679,-0.004704530501494465,-0.003054962966635642,-0.0066485910629549335,-0.0016831559117552151,-0.005835950162859875,-0.0020706174879552763,-0.004633635746492135,-0.002984068211633312,-0.006592992804593406,-0.0016275576533936879,-0.005745080296308219,-0.00197974762140362,-0.018031941730766388,-0.007684901925006371
2024-07-19,-0.01282555969959115,-0.008809090412758186,-0.01282555969959115,-0.004541411660284559,-0.013458880124242551,-0.0042829498233504125,-0.006233031299463413,-0.005237959654836887,-0.006930792846289612,-0.0032490136943842014,-0.00619919208573279,-0.0025298448266794296,-0.006162101943983567,-0.005167030299357041,-0.006875167452968831,-0.0031933883010634195,-0.006108277869768058,-0.0024389306107146973,-0.0228226965593753,-0.0066405802636198
2024-07-22,-0.017047614814952393,-0.011181744693086425,-0.017047614814952393,-0.004487755624913457,-0.01770142880510542,-0.004500266442982524,-0.006393207654059966,-0.004882910243819123,-0.008426602072761982,-0.0025224469039313996,-0.006660558543162263,-0.0018042271302989015,-0.006410952035246171,-0.004900654625005328,-0.00844051786511677,-0.0025363626962861883,-0.006683302532479655,-0.0018269711196162938,-0.02979867410339765,0.01030990415193389
2024-07-23,0.015260515589122193,0.009608086632395678,0.015260515589122193,0.003382028713213807,0.016213641556660347,0.00392334952863829,0.00644753412354207,0.005068925783902401,0.00781715287239176,0.002256001855331714,0.006274982860751939,0.0017842447432377864,0.006376578797183737,0.004997970457544068,0.00776150711175873,0.002200356094698682,0.006184035356425292,0.0016932972389111396,0.03099062644212247,-0.0015685478750434578
2024-07-24,-0.0009923850221625543,-0.0009923850221625543,-0.0009923850221625543,-0.0009923850221625543,-0.0010396414517893425,-0.0005249522024721678,-0.0009111746452430422,-0.0009111746452430422,-0.0008334799506408277,-0.0008334799506408277,-0.001143225722229662,-0.0006582268189144042,-0.0009820953457873526,-0.0009820953457873526,-0.0008890985564447899,-0.0008890985564447899,-0.0012341288446679815,-0.0007491299413527238,,-0.022662516096977336
2024-07-25,0.0006667162131364697,0.0006667162131364697,0.0006667162131364697,0.0006667162131364697,0.0006984646042382061,0.00030822982468971976,0.000586854740842047,0.000586854740842047,0.0006205141759059865,0.0006205141759059865,0.0009100434511399973,0.0005423197414111107,0.0005691433538220564,0.0005691433538220564,0.0006066242587824125,0.0006066242587824125,0.000887341752334516,0.0005196180426056293,,-0.005210367913795921
2024-07-26,-0.023840590273613915,-0.01322188912343157,-0.023840590273613915,-0.005371690384379932,-0.02390652966472851,-0.00512559976553974,-0.008035136774999443,-0.005230105631043136,-0.011883689984757714,-0.002912872277863859,-0.007492415970251871,-0.0009509524316710504,-0.008230046439844482,-0.005425015295888174,-0.012036545268662102,-0.003065727561768246,-0.007742242847198053,-0.001200779308617231,-0.03918412738688859,0.011199698366761712
2024-07-29,0.0031445020951012034,0.0019225820080784274,0.0031445020951012034,0.002211797445804692,0.0032244160384001267,0.0020509681657770846,0.0013352981991533715,0.0011489828824531236,0.002078814308614629,0.001582285162994455,0.0018078546188472475,0.0011637541105185365,0.0013175991887686995,0.0011312838720684516,0.002064934097700888,0.001568404952080714,0.001785168783883876,0.001141068275555165,0.008938581583886274,0.0005877733502015481
2024-07-30,0.0005453837097247693,0.0008449748260222841,0.0005453837097247693,-0.0007861077358708143,0.0012453161358336267,0.0002194609460716251,-0.00041761935202405676,-0.00025792884611483373,-0.000315149413561087,-0.0007693868021413984,0.0004289481994788779,0.0004176279563869111,-0.0004706964188405365,-0.0003110059129313134,-0.0003567743895390376,-0.0008110117781193491,0.00036091628402323735,0.00034959604093127056,0.0,-0.005066469116946526
2024-07-31,0.002834096165404168,0.003461019964223771,0.002834096165404168,0.003422115587044018,0.0018139381972993533,0.0014758023963622258,0.0033333712536235153,0.0035255183602237177,0.0032145855469220028,0.0035572162337965322,0.0029622557009618164,0.0024273717807479305,0.0030327020181525363,0.0032248491247527386,0.002978789741794684,0.0033214204286692145,0.002576870727101078,0.002041986806887192,0.001384274593305923,0.01625460804168588
2024-08-01,0.014056284896455499,0.00643397998753362,0.014056284896455499,0.0023492808693674184,0.013925850113846802,0.0020876916277851945,0.005969618137935077,0.0032175355770769996,0.0057578141303488845,0.0018245274309121665,0.005925723134792446,0.0015067006697871365,0.005713814268166421,0.0029617317073083434,0.005549045911190089,0.0016157592117533712,0.005662314332676643,0.0012432918676713338,0.017417715179292692,-0.014160940846283387
2024-08-02,-0.02997734958999808,-0.01582700733428714,-0.02997734958999808,-0.0055769558496039815,-0.02997734958999808,-0.005240614510624515,-0.006943584034955506,-0.0026730144130518657,-0.006943584034955506,0.0006454371103510454,-0.006943584034955506,0.0017463775944078486,-0.007885515791965728,-0.003614946170062088,-0.007885515791965728,-0.000296494646659177,-0.007885515791965728,0.0008044458373976263,-0.050543494846509884,-0.01861841433811906
2024-08-05,-0.0626112939543157,-0.0343083525269704,-0.0626112939543157,-0.015256780452567842,-0.0626112939543157,-0.012028912332431987,-0.023611771684205904,-0.014898757828329372,-0.023611771684205904,-0.00863058389995199,-0.023611771684205904,-0.004604094148292392,-0.023571052761259415,-0.01485803890538288,-0.023571052761259415,-0.008589864977005498,-0.023571052761259415,-0.0045633752253459005,-0.09129935447547632,-0.0291236982927795
2024-08-06,0.027290992994526777,0.00925529230393485,0.027290992994526777,0.0016261157854918654,0.027290992994526777,0.0012955684357190175,0.007677895149798538,0.002539977235415755,0.007677895149798538,-3.65061136839626e-05,0.007677895149798538,-0.0010464257084383671,0.007881570101760745,0.0027436521873779617,0.007881570101760745,0.00016716883827824417,0.007881570101760745,-0.0008427507564761602,0.055118110236220375,0.00921956682947278
2024-08-07,0.020713618920839647,0.008998249005481407,0.020713618920839647,0.0028139148976628493,0.020713618920839647,0.0028388670760834665,0.006467733378502932,0.0030608714318665943,0.006467733378502932,0.0010157446033972307,0.006467733378502932,0.0002875244188123443,0.006569701996308832,0.003162840049672495,0.006569701996308832,0.0011177132212031315,0.006569701996308832,0.00038949303661824504,0.039701456098414134,-0.0066840009697359815
2024-08-08,-0.011985167806626021,-0.004581853382428229,-0.011985167806626021,-0.001688548217424185,-0.011985167806626021,-0.0010789798404958607,-0.0038102315444043626,-0.00200495647158643,-0.0038102315444043626,-0.0010436634329403208,-0.0038102315444043626,-0.00031873297137861433,-0.003728610321343559,-0.001923335248525627,-0.003728610321343559,-0.0009620422098795176,-0.003728610321343559,-0.00023711174831781117,-0.02067178277862247,0.023117363765007726
2024-08-09,0.018767747932673235,0.008264681838699687,0.018767747932673235,0.003741456142062386,0.018767747932673235,0.0027731399158284703,0.007557198859268638,0.004472069698609221,0.007557198859268638,0.0029375028481818323,0.007557198859268638,0.0016971816927869446,0.007516360663119252,0.004431231502459833,0.007516360663119252,0.0028966646520324443,0.007516360663119252,0.0016563434966375568,0.03107594814964254,0.004409621620005133
2024-08-12,0.010564928489347878,0.0043817673226918185,0.010564928489347878,0.001772443423744342,0.010564928489347878,0.001357057092319292,0.004581942332921056,0.002521230823416197,0.004581942332921056,0.0016302522377697618,0.004581942332921056,0.0010953382646440558,0.00447990274712015,0.0024191912376152905,0.00447990274712015,0.0015282126519688558,0.00447990274712015,0.0009932986788431498,0.012510644707894647,0.000525393163109511
2024-08-13,0.003711221227897191,0.0015079914532130283,0.003711221227897191,0.0011667486060730832,0.003711221227897191,0.0012263316796715662,0.003318636746672458,0.0023675989131424946,0.003318636746672458,0.0022894806566200496,0.003318636746672458,0.0022730105176364504,0.003053460303684517,0.0021024224701545534,0.003053460303684517,0.0020243042136321083,0.003053460303684517,0.002007834074648509,0.0025273627662414366,0.016445624495827982
2024-08-14,0.008764974428596377,0.0039262391552244156,0.008764974428596377,0.001908953522290441,0.008764974428596377,0.0010115602506276472,0.003734295938394843,0.0023280381338737816,0.003734295938394843,0.0016256940188164246,0.003734295938394843,0.0007645057092062292,0.0037546656303129302,0.0023484078257918688,0.0037546656303129302,0.0016460637107345117,0.0037546656303129302,0.0007848754011243164,0.012605042016806678,0.0031547893918812964
2024-08-15,-0.003363798436631743,-0.0013234880005133,-0.003363798436631743,-0.00044944112531749517,-0.003363798436631743,-0.00043174163599801274,-0.0028010255833776014,-0.001960292658216536,-0.0028010255833776014,-0.0016805748846626567,-0.0028010255833776014,-0.0015385443799455513,-0.0023936601400504254,-0.0015529272148893602,-0.0023936601400504254,-0.0012732094413354803,-0.0023936601400504254,-0.001131178936618375,-0.007745471073219212,0.017140243354885065
2024-08-16,0.015583002924978037,0.0066968896426584,0.015583002924978037,0.0032517448698997616,0.015583002924978037,0.002554292715286703,0.006638366350712869,0.003846608984382862,0.006638366350712869,0.002703364692184302,0.006638366350712869,0.0018356044630638748,0.006454603328585775,0.0036628459622557673,0.006454603328585775,0.002519601670057207,0.006454603328585775,0.00165184144093678,0.022581475635028436,0.0022420131591913695
2024-08-19,-0.0012046414722331888,0.00043816943324489913,-0.0012046414722331888,0.0001849663960697773,-0.0012046414722331888,0.0010886705216065445,-0.00029482215426499263,0.00046025024456914883,-0.00029482215426499263,0.0003916972613048649,-0.00029482215426499263,0.0010056420039248441,-0.00025402354050516334,0.0005010488583289781,-0.00025402354050516334,0.0004324958750646942,-0.00025402354050516334,0.0010464406176846734,0.0013631407214829139,0.009561414761256382
2024-08-20,0.0005651468513013305,-2.598846127637068e-05,0.0005651468513013305,2.4609869997039722e-05,0.0005651468513013305,-0.0003441457527152365,0.0008611346742378309,0.0009733057903465662,0.0008611346742378309,0.0009722157679830719,0.0008611346742378309,0.0007113547579378726,0.0006163303415991705,0.0007285014577079059,0.0006163303415991705,0.0007274114353444116,0.0006163303415991705,0.00046655042529921217,0.00054454727383213,-0.0016260845380726696
2024-08-21,-0.0039600063662911435,-0.0014627039401685586,-0.0039600063662911435,1.6963003320373253e-05,-0.0039600063662911435,-0.0004272109233541629,-0.0002983814549750883,0.0004758132749220201,-0.0002983814549750883,0.0009692644815447171,-0.0002983814549750883,0.0008493514818745558,-0.00048172197682263217,0.0002924727530744762,-0.00048172197682263217,0.0007859239596971733,-0.00048172197682263217,0.000666010960027012,-0.01061222828975339,0.003436518468241667
2024-08-22,-0.0037724592776261358,-0.0015567769827552482,-0.0037724592776261358,-0.0007426962385752722,-0.0037724592776261358,-0.0008321377295759584,-0.0025996647382863247,-0.001821595633532082,-0.0025996647382863247,-0.0015440261674563064,-0.0025996647382863247,-0.001521474668265184,-0.002375834288055197,-0.0015977651833009548,-0.002375834288055197,-0.0013201957172251791,-0.002375834288055197,-0.0012976442180340567,-0.005225505678191467,-0.007848497114596786
2024-08-23,0.00110824930467035,0.0010800282824608891,0.00110824930467035,0.0010301923367820368,0.00110824930467035,0.0009742799608803349,0.002534787004535042,0.002369695475045175,0.002534787004535042,0.002347537694772861,0.002534787004535042,0.002264667317300357,0.0021476687485543792,0.001982577219064512,0.0021476687485543792,0.001960419438792198,0.0021476687485543792,0.0018775490613196942,0.000552893786850861,0.010625354160183287
2024-08-26,0.0035668721851236426,0.0013822820127761017,0.0035668721851236426,0.0004804596328983962,0.0035668721851236426,-0.00019527705001665124,0.0014241210303370172,0.00029526584520164875,0.0014241210303370172,-2.3288709537212267e-05,0.0014241210303370172,-0.0005100243152624609,0.0015054367059926322,0.00037658152085726397,0.0015054367059926322,5.802696611840289e-05,0.0015054367059926322,-0.00042870863960684576,0.0016579334446942262,-0.002383837980234005
2024-08-27,-0.0015282931942266484,-0.0013105963594412056,-0.0015282931942266484,-0.00016033814211586397,-0.0015282931942266484,-0.00045076678867406655,-2.886292129882409e-05,-0.00019224201117496874,-2.886292129882409e-05,0.00019825961790281155,-2.886292129882409e-05,4.3152984316685197e-05,-0.00013056051767980812,-0.00029393960755595276,-0.00013056051767980812,9.656202152182752e-05,-0.00013056051767980812,-5.854461206429882e-05,-0.004413809940732705,0.0013730978823098816
2024-08-28,0.00378996297758055,0.0016307271419924213,0.00378996297758055,-0.0004391347955843911,0.00378996297758055,0.00014524768152485395,0.0005073307118973717,0.00021759304935338813,0.0005073307118973717,-0.00045653751261588835,0.0005073307118973717,-0.0002592839317771174,0.0005276610525729151,0.00023792339002893145,0.0005276610525729151,-0.000436207171940345,0.0005276610525729151,-0.00023895359110157407,0.014131355471783236,-0.005805274200081922
2024-08-29,-0.007139705749192479,-0.0023966452394678286,-0.007139705749192479,-0.0009422196935508134,-0.007139705749192479,-0.0007632528125289323,-0.002576783009568182,-0.0011737199191408875,-0.002576783009568182,-0.0006873122230933715,-0.002576783009568182,-0.00038228710029574294,-0.002556465722688758,-0.0011534026322614637,-0.002556465722688758,-0.0006669949362139478,-0.002556465722688758,-0.0003619698134163191,-0.013661202185792365,8.953572284031708e-05
2024-08-30,0.005988320946730853,0.0028469918273579197,0.005988320946730853,0.0022981936286001125,0.005988320946730853,0.0018061771647417833,0.00195599802560604,0.000860715871278618,0.00195599802560604,0.0006836773950136439,0.00195599802560604,0.0003351869538829577,0.00195599802560604,0.000860715871278618,0.00195599802560604,0.0006836773950136439,0.00195599802560604,0.0003351869538829577,0.004709175088729145,0.009546014727143781
2024-09-02,-0.0034663840911637227,-0.0017581257414797267,-0.003486661660344754,-0.0013112571871578644,-0.003486661660344754,-0.0020889707165712965,-0.0019635819209075033,-0.001360609654582341,-0.001411260716882187,-0.00041711281743500773,-0.001411260716882187,-0.0009470858136371629,-0.0017110720415556158,-0.0011080997752304534,-0.001411260716882187,-0.00041711281743500773,-0.001411260716882187,-0.0009470858136371629,-0.00275709943850011,
2024-09-03,-0.0012227122951400716,-0.0004148494021851698,-0.0019846663072313653,-0.00030829903537728015,-0.0019846663072313653,-0.0004247794612632141,1.127180639663261e-05,0.0004644007535052129,0.00016023591126015327,0.0005254317840618797,0.00016023591126015327,0.0004931377373337206,1.127180639663261e-05,0.0004644007535052129,-1.866676720617866e-05,0.00034652910559554776,-1.866676720617866e-05,0.00031423505886738867,-0.004423572157912448,-0.020579008899841544
2024-09-04,-0.0298261951159559,-0.011249269366241894,-0.03168342305271345,-0.004258668896525355,-0.03168342305271345,-0.0035461249023944663,-0.016951774857786567,-0.008031006655871994,-0.00960898052153109,-0.000636522414650251,-0.00960898052153109,0.0007172069364266812,-0.016951774857786567,-0.008031006655871994,-0.00997582358999659,-0.0010033654831157505,-0.00997582358999659,0.0003503638679611817,-0.04887532853430798,-0.0020468135919301522
2024-09-05,0.0028922095714221745,0.002063287686813635,0.0027720460934929424,0.000855431258649851,0.0027720460934929424,0.001096824418030476,0.0023077881280907328,0.0019137368837379369,0.0015667101755458329,0.0011344958277763161,0.0015667101755458329,0.001230304496571498,0.0023077881280907328,0.0019137368837379369,0.001505705196463428,0.0010734908486939112,0.001505705196463428,0.001169299517489093,0.006131404681797514,-0.0024322113182296823
2024-09-06,0.0057027709973094245,0.0025698618197451633,0.005955085097707759,0.00076539105059119,0.005955085097707759,0.0012091851370092074,0.004141553472630053,0.0024799129667394076,0.002586344598211985,0.0011245311610800417,0.002586344598211985,0.0011729092628962729,0.004141553472630053,0.0024799129667394076,0.0022814146918482673,0.0008196012547163237,0.0022814146918482673,0.0008679793565325554,0.014219366830227065,-0.01683011634892906
2024-09-09,-0.010992184175391457,-0.005322259421333015,-0.01165788813028088,-0.002790952538028828,-0.01165788813028088,-0.0029525722005314956,-0.005932058196720614,-0.00328196914492217,-0.003617777841772336,-0.0008600912342603241,-0.003617777841772336,-0.0007130037763671379,-0.005932058196720614,-0.00328196914492217,-0.0036380738739218645,-0.0008803872664098526,-0.0036380738739218645,-0.0007332998085166664,-0.015450626313259996,0.011196217256969065
2024-09-10,0.0007408773818852836,0.001431216258312144,0.00046870918107511084,0.001049996524135964,0.00046870918107511084,0.0005734124390460774,0.0008926703525946099,0.001511480093076598,0.0010009844894285057,0.0013420252746625574,0.0010009844894285057,0.0010063013816709158,0.0008926703525946099,0.001511480093076598,0.0007575233820560268,0.0010985641672900785,0.0007575233820560268,0.0007628402742984368,0.0017436968697266408,0.0043557127427886755
2024-09-11,-0.0021831283316134146,-0.0006712215870399951,-0.002243501911561882,-0.0004745850504103772,-0.002243501911561882,-0.00017543409649385975,-0.0009401639127243597,-0.00048501787708079354,-0.0013048000455530124,-0.00037721355948895803,-0.0013048000455530124,-0.00011147439170699884,-0.0009401639127243597,-0.00048501787708079354,-0.0011629810117842671,-0.00023539452572021285,-0.0011629810117842671,3.03446420617464e-05,-0.002901073294419798,0.010258942597767273
2024-09-12,0.021238397016378648,0.00791976518561819,0.022364914970627172,0.0029565681570646336,0.022364914970627172,0.0031839560406119504,0.012153772870222318,0.005837723069857773,0.0075177945451673734,0.0014744630092300367,0.0075177945451673734,0.0010279201058259013,0.012153772870222318,0.005837723069857773,0.007497513180717495,0.0014541816447801576,0.007497513180717495,0.0010076387413760221,0.03753271294245386,0.008423296578884854
2024-09-13,0.004218933845039131,0.0019011700223540893,0.0042851367093489304,0.00126260465587199,0.0042851367093489304,0.0008796861478463345,0.003645471031321238,0.0028449438173804003,0.003177422870467522,0.002059294404484123,0.003177422870467522,0.0017068279121408572,0.003645471031321238,0.0028449438173804003,0.0029341222200454115,0.0018159937540620126,0.0029341222200454115,0.0014635272617187468,0.0005608011386153411,0.005222741901835137
2024-09-16,0.001959321336769644,0.001903913427575704,0.0016461433318218871,0.0007882869216928794,0.0016461433318218871,0.0007038872141719311,0.0024854582705691342,0.0022146180418851436,0.001550953784666553,0.0013649462583567157,0.001550953784666553,0.001232602775720907,0.0024854582705691342,0.0022146180418851436,0.0014497364037290594,0.0012637288774192221,0.0014497364037290594,0.0011313853947834134,0.0019619176877254674,0.0014768724318450221
2024-09-17,-0.00029308455349322715,-0.00029308455349322715,-9.557781635623991e-05,-9.557781635623991e-05,-9.557781635623991e-05,-9.557781635623991e-05,-0.00039567829772848455,-0.00039567829772848455,-0.0003918988365789736,-0.0003918988365789736,-0.0003918988365789736,-0.0003918988365789736,-0.00039567829772848455,-0.00039567829772848455,-0.00027050479140579634,-0.00027050479140579634,-0.00027050479140579634,-0.00027050479140579634,,0.00040860716682655784
2024-09-18,-0.004690671288659153,-0.0030535545010091122,-0.004355662427162395,-0.0009087584607874113,-0.004355662427162395,-0.0014996215039696887,-0.003842258941110812,-0.002578805866735922,-0.0017317439206719018,-0.0009768271149386187,-0.0017317439206719018,-0.0012432753295384326,-0.003842258941110812,-0.002578805866735922,-0.001671003096387017,-0.0009160862906537338,-0.001671003096387017,-0.0011825345052535478,-0.005034930889423084,-0.0029658530705484187
2024-09-19,0.010336155210937694,0.004775407394048733,0.010929619681026771,0.0029547211722852356,0.010929619681026771,0.0028128437411658216,0.0059036466640781235,0.0032835928410162867,0.00431825492234123,0.0019659245218564096,0.00431825492234123,0.0016273582877497134,0.0059036466640781235,0.0032835928410162867,0.004176470023893991,0.0018241396234091715,0.004176470023893991,0.0014855733893024753,0.012932177194472816,0.01706440263283948
2024-09-20,0.006334398456603559,0.0028479996526950273,0.006776258335111771,0.0010456955340254145,0.006776258335111771,0.0012045045117879765,0.004137053420260746,0.0025443981947080134,0.002811535144617675,0.0008886719070254873,0.002811535144617675,0.0007964178149942775,0.004137053420260746,0.0025443981947080134,0.0027508235303420696,0.0008279602927498819,0.0027508235303420696,0.0007357062007186721,0.01276715586834487,-0.001723318684382284
2024-09-23,0.005920008972992782,0.0033085210931730704,0.006269738806939642,0.002941463798401627,0.006269738806939642,0.002307623727436691,0.0036332763146719998,0.002491379581670573,0.0025044993708414794,0.0013742933111725519,0.0025044993708414794,0.0008472082771655608,0.0036332763146719998,0.002491379581670573,0.0025044993708414794,0.0013742933111725519,0.0025044993708414794,0.0008472082771655608,0.00438477974863849,0.0024988700574681832
2024-09-24,0.0067123169468244525,0.0053271682323980515,0.007012968198286577,0.004218688600134717,0.007012968198286577,0.004164105936833082,0.004353453778153804,0.003561278926795317,0.0030656717313072837,0.0023953767378403065,0.0030656717313072837,0.0021677416182924424,0.004353453778153804,0.003561278926795317,0.0029038221705188065,0.002233527177051829,0.0029038221705188065,0.0020058920575039647,0.009549795361528002,0.0028613143253319873
2024-09-25,0.009666840562762609,0.005372615158604681,0.010448538486320788,0.0032459578644007535,0.010448538486320788,0.0037353533511273675,0.005169624372046426,0.0028259046349817115,0.0026972528974309115,0.00045408462457250846,0.0026972528974309115,0.0005083056917447456,0.005169624372046426,0.0028259046349817115,0.0028387313806457113,0.0005955631077873081,0.0028387313806457113,0.0006497841749595452,0.014864864864864824,-0.0022055133774685487
2024-09-26,0.005061788378668155,0.003646723513134974,0.005179649901474266,0.0023952323376334878,0.005179649901474266,0.0022554108861701965,0.0032009858397734664,0.002259020392737742,0.0012816692334755844,0.0008347177707261168,0.0012816692334755844,0.0006211787189305751,0.0032009858397734664,0.002259020392737742,0.00144349934171262,0.0009965478789631524,0.00144349934171262,0.0007830088271676108,0.00825567537554095,0.003964651345061521
2024-09-27,0.003456155070091846,0.004903010139755861,0.0033802957546971834,0.004819978649919141,0.0033802957546971834,0.005016336879549562,0.0026923699067347186,0.002945995484234799,0.0025282430291469144,0.003122872075114549,0.0025282430291469144,0.0032937686496690654,0.0026923699067347186,0.002945995484234799,0.002265027641306088,0.002859656687273723,0.002265027641306088,0.0030305532618282393,-0.0021130964016100595,-0.0014503182029491635
2024-09-30,-0.008834933410038964,-0.0014364572367905376,-0.009011748017212544,0.0034971558438421806,-0.009011748017212544,0.0029141330515378414,-0.006883572986800767,-0.0030753566233633514,-0.0030672714646593022,0.00033725500274695426,-0.0030672714646593022,0.0003513533075458556,-0.006883572986800767,-0.0030753566233633514,-0.0028246874705410594,0.000579838996865197,-0.0028246874705410594,0.0005939373016640983,-0.026204325612391166,0.0040072780371684935
2024-10-01,0.0023579595183027676,0.0015168197881486412,0.0022329595183027675,0.000870384717945034,0.0021475781098534152,0.0005756888862663431,0.00110671722654573,0.0007389782243551772,0.0010235260888953636,0.0004511137490320655,0.0011918800684699634,0.0007913647846036809,0.0011101355142909034,0.0007423965121003506,0.0012675661088390887,0.0006951537689757904,0.0010845822923988718,0.0006840670085325894,-0.0019026412097470358,-0.0089584749040581
2024-10-02,-0.0005668760177728327,-0.0005668760177728327,-0.0005668760177728327,-0.0005668760177728327,-0.00022512311384873576,-0.00022512311384873576,-0.0008451574163049974,-0.0008451574163049974,-0.0008451574163049974,-0.0008451574163049974,-0.00046816723669907746,-0.00046816723669907746,-0.0008442018994656095,-0.0008442018994656095,-0.0008442018994656095,-0.0008442018994656095,-0.000427575975719465,-0.000427575975719465,,0.00042205732551758857
2024-10-03,-0.0010291957612623785,-0.0010291957612623785,-0.0010291957612623785,-0.0010291957612623785,-0.0006643565650287424,-0.0006643565650287424,-0.0019572296992081918,-0.0019572296992081918,-0.0019572296992081918,-0.0019572296992081918,-0.001626666187162677,-0.001626666187162677,-0.0019519721774574773,-0.0019519721774574773,-0.0019519721774574773,-0.0019519721774574773,-0.0014033216800936562,-0.0014033216800936562,,-0.0018281792604923908
2024-10-04,0.0110537273550742,0.008295127109384546,0.0110537273550742,0.00864780685622309,0.012069148529993651,0.010219158045747422,-0.00048160565236997127,-0.0011347162989925484,-0.00048160565236997127,-0.0009999976000738084,0.003057198820820904,0.0019865660046647932,-0.0004682048582165385,-0.0011213155048391157,-0.0004682048582165385,-0.0009865968059203757,0.0036264772577812333,0.002555844441625123,0.0,0.009087339434985742
2024-10-07,0.014232889845624843,0.007149744316678599,0.014232889845624843,0.004142025992933501,0.015179334376126315,0.004544901325789484,0.003784162420810702,0.0013524215562772258,0.003784162420810702,0.0002074698866432014,0.003791118687805798,0.00012024442563324667,0.003789444424351844,0.0013577035598183688,0.003789444424351844,0.00021275189018434373,0.004015503204536119,0.0003446289423635682,0.024782067765310556,-0.009040442689714157
2024-10-08,-0.011178779856020272,-0.009106986378535652,-0.011178779856020272,-0.008752566871219482,-0.011738169758945836,-0.008431878204933085,-0.003346060891179031,-0.0025129148895245896,-0.003346060891179031,-0.002355261884299019,-0.0037902736102749823,-0.0026694022465598745,-0.0033494268525744086,-0.0025162808509199674,-0.0033494268525744086,-0.0023586278456943967,-0.003933262840621356,-0.002812391476906249,-0.004783385201593604,0.009457547081078044
2024-10-09,0.0002443794182154888,-0.0016527995588905416,0.0002443794182154888,-0.0026453944012259224,0.0005021706404529391,-0.002143209567640817,-0.0003846202223169257,-0.001200252551048191,-0.0003846202223169257,-0.001596532382231403,-0.0012613104643417262,-0.0018164504726085047,-0.00038077656930445453,-0.00119640889803572,-0.00038077656930445453,-0.0015926887292189319,-0.0010980284413433425,-0.001653168449610121,0.009345794392523255,0.006926447400689373
2024-10-10,-0.00019822715069435964,-0.00019822715069435964,-0.00019822715069435964,-0.00019822715069435964,-3.652550282027556e-05,-3.652550282027556e-05,-0.00017413116020512966,-0.00017413116020512966,-0.00017413116020512966,-0.00017413116020512966,0.00017678696318270835,0.00017678696318270835,-0.00017749753017822406,-0.00017749753017822406,-0.00017749753017822406,-0.00017749753017822406,3.378037606768632e-05,3.378037606768632e-05,,-0.0017500255397128184
2024-10-11,0.006355898062825316,0.0009409462957300683,0.006355898062825316,-0.0016273933600478847,0.0068078574337433004,-0.0010475592565233629,0.00333408035708945,0.0014471011016844908,0.00333408035708945,0.0005116320552723793,0.0027985459796501027,0.00019524653110398793,0.003330716844456811,0.0014437375890518514,0.003330716844456811,0.0005082685426397399,0.0026556607750658078,5.236132651969291e-05,0.016666634372933142,0.005988252959907792
2024-10-14,0.0025681516125571065,0.002147203129422903,0.0025681516125571065,0.0017463135972236171,0.002647329427504221,0.0014346454149794013,0.001129817783165273,0.0009650342403585781,0.001129817783165273,0.00083053079743342,0.0008153908247516019,0.0004282298367820933,0.0011317382127137047,0.0009669546699070097,0.0011317382127137047,0.0008324512269818515,0.0008969724921592396,0.000509811504189731,0.0007806877961924474,0.008178318945803564
2024-10-15,0.005906147526517362,0.003033624611146789,0.005906147526517362,0.0003670593400872621,0.0056343503881476735,-0.00036705769905016737,0.004578365942569716,0.0034397558183766374,0.004578365942569716,0.0024262138430726963,0.0020881702950790414,0.00033790298111736574,0.004576444581882616,0.003437834457689537,0.004576444581882616,0.002424292482385596,0.0020065490720182384,0.0002562817580565625,0.021320804886430622,-0.0077696775233381254
2024-10-16,-0.009239449234775793,-0.004797658567628445,-0.009239449234775793,-0.002660838068983091,-0.009824401573111496,-0.0028150698800534905,-0.0028288039923535443,-0.001312069651096078,-0.0028288039923535443,-0.0005257344987349721,-0.0025290291427772765,-0.0001843602882041518,-0.002831204254575721,-0.0013144699133182548,-0.002831204254575721,-0.0005281347609571488,-0.0026309945569527983,-0.0002863257023796739,-0.01731157842233133,0.00434640444437151
2024-10-17,0.0009081328275671482,0.00031016051219876395,0.0009081328275671482,9.260346574889452e-05,0.0016364421364632982,9.775997751285734e-05,-0.0005203807628096763,-0.0006572656057955144,-0.0005203807628096763,-0.0007557113237701734,-0.00029770806656692476,-0.0010789904285104404,-0.0005170221370290818,-0.0006539069800149199,-0.0005170221370290818,-0.000752352697989579,-0.00015503046008927482,-0.0009363128220327905,0.0015544199572943285,8.584543021927793e-05
2024-10-18,0.011287493118210565,0.006243891784243773,0.011287493118210565,0.002584043162725258,0.011745807367743034,0.0031436760208902355,0.004909924531949252,0.0035371979071892284,0.004909924531949252,0.0021913621520109794,0.004411850357791217,0.0018390840402491013,0.004906563057128555,0.0035338364323685314,0.004906563057128555,0.0021880006771902824,0.004269051721389681,0.0016962854038475653,0.02483188295901151,0.0038465722734466468
2024-10-21,-0.0004354879932066449,4.845739935786328e-05,-0.0004354879932066449,-0.00022572846123566922,0.00030518485395047447,0.0012158997733284097,-0.0029499033848700935,-0.002801608740085406,-0.0029499033848700935,-0.0029020206918726156,-0.0018421893527330955,-0.0011093120334885976,-0.002944145949853506,-0.0027958513050688177,-0.002944145949853506,-0.0028962632568560274,-0.0015976080563101583,-0.0008647307370656605,-0.00025241317626045756,-0.0016422140791901851
2024-10-22,-0.0011323347789328289,-0.0016102553556009238,-0.0011323347789328289,-0.0009928092359686724,-0.0012239920116902353,-0.0013037115184109682,-0.0007923037735837542,-0.0011063374401013332,-0.0007923037735837542,-0.0008775790439802488,-0.0007617753957285367,-0.0009620598301245625,-0.0007918231670375538,-0.0011058568335551328,-0.0007918231670375538,-0.0008770984374340484,-0.000741358774125271,-0.0009416432085212971,-0.0037869224359667886,-0.0005311542518380286
2024-10-23,-0.0009074823074306936,-0.0005469258907810128,-0.0009074823074306936,0.00015193437721148603,-0.0008292001347400488,0.00043932904816852036,-0.0017568635847569382,-0.001708214974662823,-0.0017568635847569382,-0.0014414785162988187,-0.0007693684337621871,-0.0005422236433203477,-0.0017544609938253885,-0.0017058123837312734,-0.0017544609938253885,-0.001439075925367269,-0.0006673040938053427,-0.00044015930336350334,-0.006588966201976132,-0.009137380893711078
2024-10-24,-0.005585110126309473,-0.0026892993788070994,-0.005585110126309473,-0.0014103534432194592,-0.006106558862653795,-0.0017306477805277064,-0.0013403102952249737,-0.00016366158725786148,-0.0013403102952249737,0.00032695334757312235,-0.001524810797789771,-4.6826751045856666e-05,-0.001342233387283238,-0.00016558467931612552,-0.001342233387283238,0.0003250302555148582,-0.0016065055711386314,-0.00012852152439471698,-0.006122433409398886,0.0021626672107126765
2024-10-25,0.003289675879136453,0.0013948503361740409,0.003289675879136453,0.00025249911519816903,0.0036767035440310697,0.0008663035869420099,0.0003835873524209131,-0.00033064624916896105,0.0003835873524209131,-0.0007870160149983588,0.00046090496692398954,-0.00017569791490896738,0.0003850291551939139,-0.00032920444639596017,0.0003850291551939139,-0.000785574212225358,0.0005221541152670906,-0.00011444876656586623,0.00821350523439901,-0.00034530110213959464
2024-10-28,-0.0018254183682218004,-0.000724159362241882,-0.0018254183682218004,-0.0004888545989601654,-0.0017868164518525292,-0.000770352748437798,5.059578670490777e-06,7.012867479622896e-05,5.059578670490777e-06,0.00015035446543239754,-0.0007581411716262845,-0.000366916575117876,6.982804346385987e-06,7.205190047212412e-05,6.982804346385987e-06,0.00015227769110829275,-0.0006764407220738141,-0.0002852161255654055,-0.0017820308330103174,0.003091391148152267
2024-10-29,-0.010858122072250405,-0.004653956924133326,-0.010858122072250405,-0.0012938316547047297,-0.011396455820918435,-0.0014985947688029855,-0.004231566579124679,-0.0021154045183301834,-0.004231566579124679,-0.0008359100448397069,-0.003642308553518892,-0.00012276297134200344,-0.004233009974018099,-0.002116847913223603,-0.004233009974018099,-0.0008373534397331264,-0.003703625336646399,-0.0001840797544695104,-0.023208380417911068,0.0016183778622804734
2024-10-30,0.00014329238164729097,-0.0010792418353707395,0.00014329238164729097,-0.0010377966536337935,2.196281607116555e-05,-0.0015795256217723164,0.00038285084811209494,-0.0002578834085613886,0.00038285084811209494,-0.0002509193979268957,-0.0004333345431807496,-0.0010670019872467103,0.0003862171763697507,-0.00025451708030373285,0.0003862171763697507,-0.00024755306966923985,-0.0002903297281770975,-0.0009239971722430583,0.001566595570536844,-0.0030252672130528513
2024-10-31,-0.00014364150917124674,-0.00014364150917124674,-0.00014364150917124674,-0.00014364150917124674,-0.00022054197684356658,-0.00022054197684356658,-0.000444641710609244,-0.000444641710609244,-0.000444641710609244,-0.000444641710609244,-0.0004035984125643767,-0.0004035984125643767,-0.0004456044413407152,-0.0004456044413407152,-0.0004456044413407152,-0.0004456044413407152,-0.0004444961265170402,-0.0004444961265170402,,-0.01960310154264744
2024-11-01,-0.007739426484286404,-0.003336627449846466,-0.005676498159213326,-0.001986869429020857,-0.007744861266895099,-0.00033799504994163585,-0.005462652050255265,-0.003836933130202985,-0.005319079745904536,-0.003473453608756725,-0.0053716307686859956,-0.0013907289880411356,-0.005264707039551453,-0.0036389881194991724,-0.0053177807700790355,-0.003472154632931224,-0.0052498786233066376,-0.001268976842661778,-0.006777909442509222,0.004220532001058652
2024-11-04,0.0067683706610023025,0.003617819792670942,0.006511516824091433,0.0013472748189581466,0.0067683706610023025,0.001166786312772397,0.0043103914137076,0.003245406427910028,0.004148607352992662,0.002417914222507897,0.0043103914137076,0.0017554583698361458,0.0042288232993888284,0.003163838313591256,0.0041457096898649985,0.002415016559380234,0.0042288232993888284,0.0016738902555173741,0.01286087636872546,-0.0021539305759273875
2024-11-05,0.005099551752979585,0.0045084571642768495,0.005389989275802127,0.003626356943497107,0.005099551752979585,0.0032829477201174106,0.0028041147417545583,0.0025153420214039154,0.0027433438268424913,0.0020951433699006226,0.0028041147417545583,0.0016540616215994781,0.00283129115583631,0.002542518435485667,0.002744309254248586,0.0020961087973067173,0.00283129115583631,0.0016812380356812297,0.0036278671122755846,0.012091775640930225
2024-11-06,0.005540610111905054,0.0004975788534619296,0.005061290865441363,-0.0010093083859759734,0.005540610111905054,-0.00040459830265441357,0.00024540014164635643,-0.0015384030491954939,0.0004918083860435715,-0.001998246962105845,0.00024540014164635643,-0.0016995053789971805,0.00038128422288908205,-0.0014025189679527685,0.0004966355945078338,-0.001993419753641582,0.00038128422288908205,-0.001563621297754455,0.008004147175890708,0.024865554910313614
2024-11-07,0.009367550796142451,0.004196942620147195,0.009602111201771641,0.002512071572855749,0.009367550796142451,0.0014723505685410418,0.006236123804389254,0.00428278028189772,0.00621200308876128,0.003381804420702325,0.006236123804389254,0.0023878954817269705,0.006045651992689099,0.004092308470197566,0.006205236680707934,0.003375038012648978,0.006045651992689099,0.002197423670026816,0.01152663952446975,0.0077321458684938005
2024-11-08,0.006384854970179758,0.004091174762643023,0.005995692778171935,0.0028168164535062414,0.006384854970179758,0.002873911731423113,0.0030459583739622016,0.002303620379549664,0.0030100400967300305,0.0018198063215967804,0.0030459583739622016,0.0015687257763010878,0.0031274470413504593,0.0023851090469379217,0.0030129349375484734,0.0018227011624152233,0.0031274470413504593,0.0016502144436893451,0.007850104207214104,0.004331722357409529
2024-11-11,-0.0021266129674181464,-0.0025391383435030557,-0.002902458658234889,-0.0017307156569791038,-0.0021266129674181464,-0.0020398757516458805,-0.0014767666427291674,-0.0016707207097798845,-0.0013519854618657709,-0.0011416344341727397,-0.0014767666427291674,-0.0015383597426819827,-0.0013952184027673181,-0.0015891724698180352,-0.001349088504763884,-0.0011387374770708523,-0.0013952184027673181,-0.0014568115027201334,0.0005025432337468771,0.0009528867448342915
2024-11-12,-0.01468709454741291,-0.007371613947828873,-0.01521012206089864,-0.004001300867309636,-0.01468709454741291,-0.00405424056971922,-0.008136786536476998,-0.005594039889630668,-0.0082675385671961,-0.0045597497440815786,-0.008136786536476998,-0.0035538018767955213,-0.008027969085273944,-0.005485222438427615,-0.008263672886119238,-0.0045558840630047165,-0.008027969085273944,-0.0034449844255924683,-0.02561529857946887,-0.003106395419244068
2024-11-13,-0.0020930151575612034,-0.0014836362530579524,-0.0017465228920800213,-0.0008747655205828493,-0.0020930151575612034,-0.0009131320539686387,-0.0007711203556024895,-0.0005504616614107537,-0.0006777127155031824,-0.000410921608879197,-0.0007711203556024895,-0.00020087865998189564,-0.0009345059171620202,-0.0007138472229702844,-0.0006835168991756584,-0.00041672579255167306,-0.0009345059171620202,-0.00036426422154142637,-0.006443298969072142,0.000485806693723001
2024-11-14,-0.0057999004157169316,-0.003036776788870101,-0.005712843818976951,-0.001317031525500954,-0.0057999004157169316,-0.0014414010732805114,-0.0033947651076816536,-0.002333136411422828,-0.0035036844824420173,-0.0019727202421309497,-0.0033947651076816536,-0.0014318949339774548,-0.003231618506699945,-0.0021699898104411194,-0.0034978887877147756,-0.0019669245474037084,-0.003231618506699945,-0.0012687483329957463,-0.009079118028534339,-0.006430159312396544
2024-11-15,0.0002023049967905109,-0.0007160122219777358,0.00024559957613840466,-0.0008826355905107487,0.0002023049967905109,-0.0005840587046324499,0.00034566549604751827,0.0001238977335790301,0.0002546323354185637,0.0001464008774977307,0.00034566549604751827,0.00023167559208750588,0.00022313411553025487,1.366353061766758e-06,0.0002502794744229174,0.0001420480165020844,0.00022313411553025487,0.00010914421157024252,0.007068094782804346,-0.012808588351979733
2024-11-18,-0.007137731315532529,-0.0025290015579564917,-0.0073311286707436136,-0.0007168178334506781,-0.007137731315532529,-0.0006199387601249142,-0.0022871001525940015,-0.000711968330421818,-0.0022168571234974766,0.00012058241421076458,-0.0022871001525940015,0.0003609977736205687,-0.0023687084841424568,-0.0007935766619702733,-0.0022197562153204644,0.00011768332238777646,-0.0023687084841424568,0.0002793894420721133,-0.014036974896575849,0.004097352819568911
2024-11-19,0.005641851569317065,0.00217154811662671,0.006530784432540779,0.00018494542758655514,0.005641851569317065,0.00017478936378582157,0.00298240275729851,0.0017940396717629388,0.003424346238444025,0.0013678885955264856,0.00298240275729851,0.0007085694261941047,0.00298240275729851,0.0017940396717629388,0.003424346238444025,0.0013678885955264856,0.00298240275729851,0.0007085694261941047,0.013709497427849993,0.003655467635231613
2024-11-20,0.0007631284993931035,0.0007097286192686808,0.0007567802696169847,0.001093812154250612,0.0007631284993931035,0.0006971736981110691,1.7311503767706123e-05,2.1191674583581724e-05,0.0003867090709829223,0.0003195315801123406,1.7311503767706123e-05,-0.00018829864700334965,7.16738283689593e-05,7.55539991848349e-05,0.00038864026315092465,0.000321462772280343,7.16738283689593e-05,-0.00013393632240209647,-0.00416126424841512,0.000338831460557909
2024-11-21,-0.004374022194876206,-0.0019260498360631722,-0.004293518854104935,-0.0002330331388438143,-0.004374022194876206,-0.00047133054116095345,-0.0019868385176354266,-0.0012049075644212902,-0.0017030323320925572,-0.0003562462228039068,-0.0019868385176354266,-0.0004109111973939187,-0.0019596389155884077,-0.001177707962374271,-0.0017020660809465426,-0.00035527997165789207,-0.0019596389155884077,-0.00038371159534689945,-0.010968873743540941,0.005368302980789608
2024-11-22,0.007807358736353272,0.0029680830983362895,0.008119547016426235,0.00022613200826082194,0.007807358736353272,0.0005163390826405693,0.0034820802473936557,0.0018302882173227221,0.0034901159648610745,0.000902636930738832,0.0034820802473936557,0.0005693863651102983,0.003495672989202743,0.0018438809591318096,0.003490598839659309,0.0009031198055370665,0.003495672989202743,0.0005829791069193859,0.019540516656859408,0.003099410292649374
2024-11-25,0.0027287698493613805,0.0015837535783041407,0.0029666870096986216,0.0013219502641192331,0.0027287698493613805,-0.0007767100290561722,0.004528601258372087,0.004076136317249697,0.005397311179620417,0.004732170044491031,0.004528601258372087,0.0019891285660430177,0.0043109767333692805,0.0038585117922468907,0.005389580186118329,0.004724439050988943,0.0043109767333692805,0.001771504041040211,-0.0036259877605623325,0.003392083253218603
2024-11-26,-0.009606000678995965,-0.004773914894929838,-0.010077439211788303,-0.002219387891863743,-0.009606000678995965,-0.002349730831409754,-0.004573994306982593,-0.0029962000433054383,-0.004826580680811689,-0.0022372166864691647,-0.004573994306982593,-0.0016505976899032376,-0.004573994306982593,-0.0029962000433054383,-0.004826580680811689,-0.0022372166864691647,-0.004573994306982593,-0.0016505976899032376,-0.012997140216645442,0.005221486727384761
2024-11-27,-0.005247861970789057,-0.0009729637370849103,-0.005232701075193172,0.0012829259823911633,-0.005247861970789057,0.0002990910987613471,-0.001033902449940179,0.0005687417488107631,-0.0004175858320249293,0.0018154882457548922,-0.001033902449940179,0.0008845728772110656,-0.0011017835198625964,0.0005008606788883454,-0.00041999727030596936,0.0018130768074738522,-0.0011017835198625964,0.000816691807288648,-0.01448511936576169,-0.0030300628489846604
2024-11-28,-0.0027302331093579037,-0.0015078698769897944,-0.002769846271597654,-0.0005747433866621401,-0.0027302331093579037,-0.0003696254040455665,-0.001447032273771194,-0.0009287358539194515,-0.0016034221130378599,-0.0007046123568024395,-0.001447032273771194,-0.000260790081753824,-0.001447032273771194,-0.0009287358539194515,-0.0016034221130378599,-0.0007046123568024395,-0.001447032273771194,-0.000260790081753824,-0.0016034368892100526,
2024-11-29,0.004492433965505655,0.0031619701815480245,0.004664443058336464,0.002713815913257811,0.004492433965505655,0.0025691591238845082,0.0030929569926543042,0.0026102060078090385,0.002911754120793115,0.0022155687642413466,0.0030929569926543042,0.0022637975749849586,0.002957287769034978,0.002474536784189712,0.0029069345450296723,0.002210749188477904,0.002957287769034978,0.002128128351365632,0.0024089771996282927,0.006212064520751737
2024-12-02,0.01147551397296956,0.005426130140623453,0.01135051397296956,0.001275958741933681,0.01147551397296956,0.00136736778051723,0.005145883517634638,0.002899133299528679,0.00506269458706456,0.0008756182928607904,0.005267166062043877,0.0007578454199609127,0.005209113717375558,0.002962363499269599,0.005169623295438039,0.0009825470012342695,0.0052739368375148725,0.0007646161954319074,0.023765003728930312,0.0017924107737512518
2024-12-03,0.0074027009256382136,0.0030384691780123052,0.0074027009256382136,0.0009451347497321678,0.0074027009256382136,0.0014019072456000034,0.003971530714123011,0.001669010198935368,0.003971530714123011,0.0006576800663983487,0.0025409089721985675,0.0003705645797601908,0.003962721175212118,0.0016602006600244755,0.003962721175212118,0.0006488705274874562,0.0025273212013748694,0.00035697680893649315,0.013562890688086915,0.000463807728996235
2024-12-04,0.004058757891109268,0.0016321091840193094,0.004058757891109268,0.0006394554361226635,0.004058757891109268,0.0008845640943818967,0.0020240366905223493,0.0011964009041796188,0.0020240366905223493,0.0007143957733589709,0.0025724127274414136,0.0014486175790222183,0.0019447134288148413,0.0011170776424721106,0.0019447134288148413,0.0006350725116514627,0.0024500650867791845,0.0013262699383599892,0.0059186509440147805,0.006209534809425099
2024-12-05,0.00280432646160554,0.0011259562160036234,0.00280432646160554,0.0003040176362611181,0.00280432646160554,5.9857062428908844e-05,0.002094876558398353,0.0007478948338005433,0.002094876558398353,0.00035462968351168163,0.0013910395206807062,7.125562110501976e-05,0.002094876558398353,0.0007478948338005433,0.002094876558398353,0.00035462968351168163,0.0013910395206807062,7.125562110501976e-05,0.005372233656447012,-0.00164565718361398
2024-12-06,-0.0004195490313703239,0.00037365866281743735,-0.0004195490313703239,0.0010833650693599243,-0.0004195490313703239,0.0008746025814249103,0.0002993058984525711,0.000636002634560991,0.0002993058984525711,0.0009650011604502713,0.0005865986393033084,0.0009773166080241666,0.00022887507572565976,0.0005655718118340796,0.00022887507572565976,0.0008945703377233599,0.00047796663394892344,0.0008686846026697816,-0.003816793893129722,0.0018956655539701384
2024-12-09,0.0011336417312288064,-2.1938904770742836e-05,0.0011336417312288064,-0.0005062818940156584,0.0011336417312288064,-0.0002802517624751477,0.0009011655396977363,-0.0001925818243695087,0.0009011655396977363,-0.00041081929406640673,-0.0002264910301342066,-0.0006567967380116721,0.0009275564349199944,-0.00016619092914725055,0.0009275564349199944,-0.0003844283988441486,-0.00018578589905533975,-0.0006160916069328053,0.0012771392081736277,-0.005149643631043976
2024-12-10,-0.00229004148140044,0.0004958403620292578,-0.00229004148140044,0.001320849941405674,-0.00229004148140044,0.001841963383383035,-0.0020378100454896647,-0.0004313415737704316,-0.0020378100454896647,-3.0522752652930476e-05,-0.001492650569729531,0.0004924567691680138,-0.0020290165817261688,-0.0004225481100069354,-0.0020290165817261688,-2.1729288889434328e-05,-0.0014790875931000574,0.0005060197457974877,-0.007142826002471292,-0.003109090602606557
2024-12-11,-0.00518741152564401,-0.0028996573610361545,-0.00518741152564401,-0.001288773286851392,-0.00518741152564401,-0.0012766023298020177,-0.0022311407431058958,-0.001559991698602468,-0.0022311407431058958,-0.0007816721942280997,-0.002636085429109374,-0.00092437133379976,-0.002213538250197135,-0.001542389205693707,-0.002213538250197135,-0.0007640697013193388,-0.00260893546791512,-0.0008972213726055057,-0.008735930902936118,0.007730647435394422
2024-12-12,0.006838236871431181,0.0024159277277113174,0.006838236871431181,0.0006306010375507393,0.006838236871431181,0.0013169276711326053,0.0034179965901472873,0.0007617159611156305,0.0034179965901472873,-9.164573068238762e-05,0.001667147077952175,-0.0002206600311646208,0.0034532034315943854,0.0007969228025627283,0.0034532034315943854,-5.643888923528964e-05,0.0017214498624506837,-0.0001663572466661122,0.011664075019138798,-0.005152610492206833
2024-12-13,-0.0040060977212848636,-0.003734013468278121,-0.0040060977212848636,-0.003762352395205977,-0.0040060977212848636,-0.0027682421461844246,-0.0028012843385677665,-0.0026773900949362732,-0.0028012843385677665,-0.0026929214298795482,-0.00318969243327684,-0.0021718084512857357,-0.002766060349842718,-0.0026421661062112248,-0.002766060349842718,-0.0026576974411544997,-0.003135363200937485,-0.0021174792189463812,0.0007686864461446952,-0.00019855892276432474
2024-12-16,-0.001372602559783592,-0.0007270946516144925,-0.001372602559783592,-0.0008198456917388838,-0.001372602559783592,-0.0009185095760730849,6.997964183800922e-05,3.5069024682408067e-06,6.997964183800922e-05,-3.624949164143633e-05,-0.00031648897071137605,-0.00018593205843093214,6.116767326884445e-05,-5.305066100923906e-06,6.116767326884445e-05,-4.506146021060104e-05,-0.00033008048902289527,-0.0001995235767424513,0.004096277722769992,0.004269965675617771
2024-12-17,0.0041191419130870086,0.0008790269184804401,0.0041191419130870086,0.00039976615196819933,0.0041191419130870086,0.0008209905604667765,0.002093673082993214,-1.0760392273344028e-05,0.002093673082993214,-0.00023340878493978442,0.0011936639639305176,0.0002888951620529319,0.0020848621879747315,-1.957128729182674e-05,0.0020848621879747315,-0.00024221967995826713,0.001180074101456016,0.00027530529957843015,0.005099438902985698,-0.004120041679210651
2024-12-18,-0.0017674799757724162,-0.0015286708711048716,-0.0017674799757724162,-0.001791086012575264,-0.0017674799757724162,-0.0011623089585365855,-0.0030374544881943927,-0.0026745877524762744,-0.0030374544881943927,-0.0028172963861261674,-0.0031976930093369307,-0.0028530035885765644,-0.0029053351171425207,-0.002542468381424402,-0.0029053351171425207,-0.002685177015074295,-0.0029939130211466044,-0.0026492236003862377,0.0,-0.029803487374158943
2024-12-19,-0.011836035631759518,-0.005967615255171162,-0.011836035631759518,-0.0041161582745282595,-0.011836035631759518,-0.002280918344367659,-0.008231793412747776,-0.004405363343354029,-0.008231793412747776,-0.003500513147602444,-0.0064286669953672855,-0.0015940665135866488,-0.008311478952227338,-0.00448504888283359,-0.008311478952227338,-0.0035801986870820047,-0.006551573410715791,-0.0017169729289351543,-0.013698691645971928,-0.0003071121340316729
2024-12-20,-0.0056394746348481855,-0.0024749793503433194,-0.0056394746348481855,-0.0008625187682618554,-0.0056394746348481855,-0.0007269901931259571,-0.0025799798137299363,-0.0009835987870290617,-0.0025799798137299363,-0.0002093085205180865,-0.001824796335551329,0.00042594525985978934,-0.0025888262671635866,-0.000992445240462712,-0.0025888262671635866,-0.00021815497395173656,-0.0018384410430751616,0.00041230055233595697,-0.0092591967565967,0.011970737280974777
2024-12-23,0.014700361635659577,0.006270704522211891,0.014700361635659577,0.0027013240687190927,0.014700361635659577,0.0023491574163603925,0.007890251143136963,0.003718327834338663,0.007890251143136963,0.0019946846782505166,0.005758105114572437,0.0004418435841023764,0.007934464506376603,0.0037625411975783004,0.007934464506376603,0.0020388980414901546,0.005826299494905133,0.0005100379644350733,0.024143269725470207,0.005988290418921238
2024-12-24,0.0019111763805314036,0.001234237978633887,0.0019111763805314036,0.0010235534482664584,0.0019111763805314036,0.0007146588840041461,0.0017744682501693938,0.0012839314971489243,0.0017744682501693938,0.0011783425586925547,0.001547154724605774,0.0008112933267797702,0.0017390786232834043,0.0012485418702629348,0.0017390786232834043,0.0011429529318065653,0.0014925700131325744,0.0007567086153065708,0.0027883551419913832,0.011115010046286677
2024-12-25,0.004541912537495889,0.0018669568682531258,0.004541912537495889,0.0013301982253452736,0.004541912537495889,0.0006784422672973207,0.0034561129970944768,0.0015818935263043812,0.0034561129970944768,0.001317172414694462,0.00214961660023343,0.0003131817236408099,0.0034561129970944768,0.0015818935263043812,0.0034561129970944768,0.001317172414694462,0.00214961660023343,0.0003131817236408099,0.0030333207051040922,
2024-12-26,0.0006631265374360442,0.0006409976970493994,0.0006631265374360442,0.00028456947838766784,0.0006631265374360442,0.0005282008445445192,0.0005438220342359007,0.0004985612107487185,0.0005438220342359007,0.00033540591402469956,0.0005291085169615022,0.0005577117512213341,0.0005261291273686007,0.0004808683038814185,0.0005261291273686007,0.00031771300715739947,0.0005018191019138375,0.0005304223361736694,-0.0007560176466669954,6.658749927290764e-05
2024-12-27,-0.0007730022943404708,-0.0006425007991310415,-0.0007730022943404708,-0.0007439922094454177,-0.0007730022943404708,7.147498799363276e-05,-0.001540484643532828,-0.0010480402681765021,-0.001540484643532828,-0.0010948053896576843,-0.0012131712219447801,-0.00044895091639893063,-0.001558166476836505,-0.001065722101480179,-0.001558166476836505,-0.0011124872229613609,-0.0012404435572058365,-0.000476223251659987,0.003278657737626034,-0.010526518786625139
2024-12-30,-0.003595950922928584,-0.00044580615318630216,-0.003595950922928584,0.00018824787659669264,-0.003595950922928584,0.00026077737736106694,-0.0017077349650751385,8.083971814125138e-05,-0.0017077349650751385,0.0003805635978291939,-0.00030464111833615075,0.0012321516981732234,-0.0018138202670030783,-2.5245583786688526e-05,-0.0018138202670030783,0.000274478295901254,-0.0004682663415106933,0.0010685264749986806,-0.005530371435300552,-0.01141163837760406
2024-12-31,-0.005624864825707256,-0.0035211939657490378,-0.005624864825707256,-0.0024057596121581405,-0.005624864825707256,-0.0013800306296873224,-0.003798462181514639,-0.0025116668493188484,-0.003798462181514639,-0.001966871202010204,-0.0032398942821690487,-0.0007963265954080128,-0.0038426013314150974,-0.0025558059992193067,-0.0038426013314150974,-0.002011010351910662,-0.0033079741963696315,-0.0008644065096085956,-0.010364019313090722,-0.0036380159121820466
2025-01-02,-0.008330624842075534,-0.00451599313562605,-0.009037044650406743,-0.00261192043870386,-0.009037044650406743,-0.002858563425792271,-0.005519569457444817,-0.004216492230467099,-0.0039648619267736145,-0.0011907346066291795,-0.0033119790528798533,-0.001048535296263434,-0.005449138058889976,-0.00414606083191226,-0.003947214343510575,-0.0011730870233661401,-0.003284759544640459,-0.0010213157880240402,-0.008684531025502928,-0.0024570065510107764
2025-01-03,0.004064579498856977,0.001766053134384243,0.004598142373468711,0.00017390089922232198,0.004598142373468711,0.0004773442206193347,0.0010646222371058236,0.00035470080399678755,0.0019976005830464848,0.00022186397218127614,0.0017423927596011296,0.00025717971452008515,0.0010646222371058236,0.00035470080399678755,0.0019976005830464848,0.00022186397218127614,0.0017423927596011296,0.00025717971452008515,0.010048940569828746,0.012503416419400448
2025-01-06,0.012496045022371264,0.004927716468076656,0.014194476928597983,0.000576077497192848,0.014194476928597983,0.0006589478142881505,0.004127572898411451,0.001593267614950037,0.007793894692138704,0.001632828268472117,0.006162982542420818,0.00046122820218157936,0.004102533948020511,0.0015682286645590977,0.007776242801566388,0.001615176377899801,0.006135756390617906,0.00043400205037866756,0.03137751988002235,0.005760576187535671
2025-01-07,0.002819572959626254,0.0005320598371967072,0.003292324166223247,-0.0010731313595867637,0.003292324166223247,0.0001373687732665859,9.466974280577048e-05,-0.0007586136639320031,0.000517867708665192,-0.001446969507682117,-3.4581348914417405e-05,-0.0007710923272708056,0.00015724229691267406,-0.0006960411098250996,0.0005619799362418349,-0.0014028572801054742,3.345704048336406e-05,-0.0007030539378730241,0.011130349086986291,-0.011304052395755049
2025-01-08,-0.005924935241008974,-0.0023843847858728328,-0.0066924354710108614,-0.0007905044692863931,-0.0066924354710108614,-0.00114640635784587,-0.0020543800091204338,-0.0009583542946421217,-0.003002660141873659,-0.00015671344214817062,-0.002168887988935373,-0.0001348335867620796,-0.0021169907521526345,-0.0010209650376743226,-0.0030467992917741172,-0.00020085259204862888,-0.0022369679031359556,-0.0002029135009626624,-0.01492166283778551,0.0014609947580461746
2025-01-09,-0.005601203616813525,-0.0019527488559398553,-0.006503789720609066,9.033101227171888e-05,-0.006503789720609066,5.1603289561571823e-05,-0.0018942400055296945,-0.0004981388038718063,-0.002917500939894009,-0.00027523858231299505,-0.002913018704456856,-7.845285167431998e-05,-0.0018942400055296945,-0.0004981388038718063,-0.002917500939894009,-0.00027523858231299505,-0.002913018704456856,-7.845285167431998e-05,-0.011422910265894703,
2025-01-10,-0.0028480473545000424,-0.002385884197129475,-0.003067346726895715,-0.0018445539334626647,-0.003067346726895715,-0.0011431976085351152,-0.0031482085248229616,-0.002957457352625277,-0.003097498056012127,-0.0025449550457388764,-0.0033846654814835976,-0.0020908450036794743,-0.002960500409733561,-0.0027697492375358766,-0.0029651681038631423,-0.0024126250935898918,-0.003180560694490938,-0.0018867402166868148,-0.0002512084953086857,-0.015267434815002923
2025-01-13,-0.013300372183807538,-0.0059490107473290635,-0.014888443644707173,-0.00235917298161872,-0.014888443644707173,-0.0025447758976922213,-0.006276586367951123,-0.00364736057648321,-0.007476241074561662,-0.0017299748544802825,-0.006404635222724623,-0.001448722646582791,-0.006301655531132822,-0.0036724297396649092,-0.007493914264464344,-0.001747648044382964,-0.0064318942264648075,-0.0014759816503229755,-0.023115608560379974,0.0015504563889190415
2025-01-14,0.006316475146335614,0.0036065545293107173,0.006870407388671821,0.002690419371268277,0.006870407388671821,0.0019132415394982625,0.004366421909088455,0.0033185635548397168,0.004109915220098087,0.002186338612584483,0.0034150708542399245,0.0009267972296141208,0.00434134930811869,0.0032934909538699514,0.0040922396066330035,0.0021686629991193996,0.0033878081124141457,0.0008995344877883417,0.006172902493352117,0.0013759916283606621
2025-01-15,-0.0027991271424768122,2.748638196727949e-05,-0.0032394191597348745,0.0014172957589750756,-0.0032394191597348745,0.0007840585999650612,0.0009892322286166955,0.002013096165849138,0.0002468338833051583,0.002412521890870281,0.0015876050955139084,0.002850208156293281,0.0007636817567676728,0.0017875456940001154,8.782593027794553e-05,0.0022535139378430684,0.001342352347698968,0.0026049554084783405,-0.007668711417146756,0.018189984044830076
2025-01-16,0.012652365048809806,0.006383209334809037,0.014021058262791998,0.0028534915827405803,0.014021058262791998,0.002174140215757594,0.005564517658438805,0.003506240357199601,0.00806980658865898,0.00285872770712229,0.006976769090323863,0.0017890928790421897,0.005502008026227771,0.003443730724988566,0.008025738719587911,0.002814659838051221,0.0069087991191729295,0.0017211229078912557,0.020350318516402455,-0.0019231664227786771
2025-01-17,0.0022641097217810857,0.002022811796321491,0.0025711247292859733,0.0008117490972560209,0.0025711247292859733,0.0010810037865866256,0.0017532787481708428,0.001675406034322259,0.0007175632805188704,0.0002553816984391653,0.0010528048420202947,0.000523345167305046,0.001778265468112228,0.0017003927542636442,0.0007351783498121121,0.0002729967677324069,0.0010799742009414723,0.0005505145262262236,0.004796768418891364,0.010039892999691435
2025-01-20,0.005023460790136667,0.0019913157630284065,0.005661030221084918,0.0012319367479433799,0.005661030221084918,0.0016155812646708105,0.0025080913229115175,0.001450201199547414,0.0028343823956988746,0.0006478982776477754,0.002241665358415472,0.0007796581535707642,0.0025080913229115175,0.001450201199547414,0.0028343823956988746,0.0006478982776477754,0.002241665358415472,0.0007796581535707642,0.010188486851284706,
2025-01-21,0.0015297401780397465,0.0010572931144919584,0.001692443663205003,0.0009524244848962874,0.001692443663205003,0.00039006885491388787,0.001340652463773863,0.0011176103426923758,0.0015173402023777513,0.0011851161796409661,0.0019031790134038636,0.0010059136874640583,0.0013031584850218326,0.0010801163639403456,0.0014909078000718194,0.0011586837773350342,0.0018624098620912224,0.0009651445361514173,0.002017114928535735,0.00915353684308795
2025-01-22,0.006622816541830565,0.002052841837625695,0.007450625857917366,0.00013199762533341744,0.007450625857917366,0.0002835806826805672,0.0015362188480864695,7.746365249780691e-05,0.00431144550536844,0.000382761884558667,0.002623872792097746,-0.00017972517098455485,0.0015612120564150822,0.00010245686082641958,0.004329065148827114,0.0004003815280173407,0.002651049206179498,-0.0001525487569028032,0.013085083761691596,0.005621448830210873
2025-01-23,-0.0004378579701948641,-0.0004378579701948641,-0.0004568952732468147,-0.0004568952732468147,-0.0004568952732468147,-0.00011904554249499697,-0.00037166051471800433,-0.00037166051471800433,-0.00022400172010190848,-0.00022400172010190848,-0.000579597101615152,-0.0002671502194034112,-0.00037166051471800433,-0.00037166051471800433,-0.00022400172010190848,-0.00022400172010190848,-0.000579597101615152,-0.0002671502194034112,,0.005458079192118603
2025-01-24,0.0004272352652362199,0.0004272352652362199,0.00044581071155083815,0.00044581071155083815,0.00044581071155083815,0.0002505268828679982,0.000643445870998434,0.000643445870998434,0.0005821635628373417,0.0005821635628373417,0.0007915458927140029,0.0006109454130790291,0.0005809571583102037,0.0005809571583102037,0.0005381104415540834,0.0005381104415540834,0.0007235986684472085,0.0005429981888122347,,-0.0029192772396473554
2025-01-27,0.001142465533826631,0.001142465533826631,0.0011921379483408323,0.0011921379483408323,0.0011921379483408323,0.0006786943001541661,0.0016463428462702278,0.0016463428462702278,0.0013743292128362802,0.0013743292128362802,0.0021183251164081044,0.0016434871856204902,0.0014964669496058828,0.0014964669496058828,0.0012686701142702276,0.0012686701142702276,0.001955357266299756,0.0014805193355121422,,-0.01414539533258774
2025-01-28,-8.732844075530488e-05,-8.732844075530488e-05,-9.11253294837964e-05,-9.11253294837964e-05,-9.11253294837964e-05,-6.156624161890927e-05,-5.274603929182832e-05,-5.274603929182832e-05,-4.5512194363175755e-05,-4.5512194363175755e-05,-7.047638397378504e-05,-4.3139837563477776e-05,-7.768415764566498e-05,-7.768415764566498e-05,-6.3093000642527e-05,-6.3093000642527e-05,-9.759289586344592e-05,-7.025634945313864e-05,,0.008592396109277312
2025-01-29,-0.0002398712159446999,-0.0002398712159446999,-0.0002503003992466434,-0.0002503003992466434,-0.0002503003992466434,-0.00016155904525661923,-0.00043997175165689823,-0.00043997175165689823,-0.0003975984584059047,-0.0003975984584059047,-0.0005244424354239143,-0.00044237352474066295,-0.00037763685144089965,-0.00037763685144089965,-0.0003536537714174592,-0.0003536537714174592,-0.0004566624594503902,-0.0003745935487671388,,-0.0044829317228528565
2025-01-30,0.00044254416494119797,0.00044254416494119797,0.0004617852155908152,0.0004617852155908152,0.0004617852155908152,0.0002987631313166281,0.0006999256389009916,0.0006999256389009916,0.0006660621557003073,0.0006660621557003073,0.0008415388808700825,0.0006907743920253465,0.000637552839383806,0.000637552839383806,0.0006220907505664573,0.0006220907505664573,0.0007737176950171012,0.0006229532061723653,,0.005367110021191612
2025-01-31,-0.0005543035122793221,-0.0005543035122793221,-0.0005784036649871188,-0.0005784036649871188,-0.0005784036649871188,-0.0002929481493884684,-0.000602108981832893,-0.000602108981832893,-0.0005590818532425221,-0.0005590818532425221,-0.0007593724260191335,-0.0004953802491999624,-0.0006145797668448134,-0.0006145797668448134,-0.000567873473056624,-0.000567873473056624,-0.0007729325585540373,-0.0005089403817348662,,-0.00532191395620385
2025-02-03,-0.022817452903840917,-0.009418778535395423,-0.022833757251667003,-0.001836491787278227,-0.022833757251667003,-0.0032994382297123906,-0.00196058799377337,-0.001745918123473019,-0.00201626206784715,-0.0016270057379586653,-0.0018021921795684432,-0.001284861185009274,-0.001230736227807096,-0.001016066357506745,-0.0012410117438613284,-0.0008517554139728444,-0.0010857822690412613,-0.0005684512744820922,-0.0427223346902007,-0.006729566554251942
2025-02-04,0.003434111164130484,0.003138448588914196,0.003434111164130484,0.002224975752220678,0.003434111164130484,0.0022973129420809195,0.0017948357375981087,0.0017948357375981087,0.0017948357375981087,0.0017948357375981087,0.0017948357375981087,0.0017948357375981087,0.0012967038479599013,0.0012967038479599013,0.0012967038479599013,0.0012967038479599013,0.0012967038479599013,0.0012967038479599013,0.005967873240715793,0.006708281838506247
2025-02-05,0.00985631771591052,0.004735717696444809,0.00985631771591052,0.0016112406731048935,0.00985631771591052,0.0021472464971247873,0.002339294446792201,0.002339294446792201,0.002339294446792201,0.002339294446792201,0.002339294446792201,0.002339294446792201,0.001991802300797356,0.001991802300797356,0.001991802300797356,0.001991802300797356,0.001991802300797356,0.001991802300797356,0.015217935802730453,0.004054540342757651
2025-02-06,0.002856709754137437,0.001680298283081613,0.002856709754137437,0.0010218376287328438,0.002856709754137437,0.0005939486083633655,-0.0008934735239002722,-0.0008934735239002722,-0.0008934735239002722,-0.0008934735239002722,-0.0008934735239002722,-0.0008934735239002722,-0.0006893591987024199,-0.0006893591987024199,-0.0006893591987024199,-0.0006893591987024199,-0.0006893591987024199,-0.0006893591987024199,0.00431905910338326,0.003475616038725038
2025-02-07,0.003972062413404066,0.0024116831104801124,0.003972062413404066,0.0014211636619447196,0.003972062413404066,0.0017560971548524458,-0.002188275191054809,-0.002188275191054809,-0.002188275191054809,-0.002188275191054809,-0.002188275191054809,-0.002188275191054809,-0.0016504958950670644,-0.0016504958950670644,-0.0016504958950670644,-0.0016504958950670644,-0.0016504958950670644,-0.0016504958950670644,0.0045535501293503255,-0.009153562023232031
2025-02-10,-0.00437284203306887,-0.0023312649704916623,-0.00437284203306887,-0.0008977027742611352,-0.00437284203306887,-0.0010625689790864897,0.0007778938565938981,0.0007778938565938981,0.0007778938565938981,0.0007778938565938981,0.0007778938565938981,0.0007778938565938981,0.0005049838782863112,0.0005049838782863112,0.0005049838782863112,0.0005049838782863112,0.0005049838782863112,0.0005049838782863112,-0.011332157972384738,0.0067912111491030824
2025-02-11,0.003253791136269815,0.00110542832184776,0.003253791136269815,0.000249638020652668,0.003253791136269815,0.0002927740998010873,-0.0007353063834218588,-0.0007353063834218588,-0.0007353063834218588,-0.0007353063834218588,-0.0007353063834218588,-0.0007353063834218588,-0.0006331456830620539,-0.0006331456830620539,-0.0006331456830620539,-0.0006331456830620539,-0.0006331456830620539,-0.0006331456830620539,0.006113076564373765,0.000760555495121995
2025-02-12,-0.0012139954378375675,-0.0011922575746500647,-0.0012139954378375675,-0.0008552532601007949,-0.0012139954378375675,-0.0010812758612301608,-0.0025659351909069683,-0.0025659351909069683,-0.0025659351909069683,-0.0025659351909069683,-0.0025659351909069683,-0.0025659351909069683,-0.0020005670559879824,-0.0020005670559879824,-0.0020005670559879824,-0.0020005670559879824,-0.0020005670559879824,-0.0020005670559879824,-0.0015190027937104222,-0.0032215099947072723
2025-02-13,0.0023975552490947205,0.002785328260503963,0.0023975552490947205,0.002986762894760928,0.0023975552490947205,0.002411908744254974,0.003479888614983513,0.003479888614983513,0.003479888614983513,0.003479888614983513,0.003479888614983513,0.003479888614983513,0.0027835448441734904,0.0027835448441734904,0.0027835448441734904,0.0027835448441734904,0.0027835448441734904,0.0027835448441734904,-0.004310298467954055,0.010557536581541571
2025-02-14,-0.0018429326286823382,-0.0008804968182429216,-0.0018429326286823382,0.0009866034423073472,-0.0018429326286823382,1.2547531593954695e-05,0.0018605791930895745,0.0018605791930895745,0.0018605791930895745,0.0018605791930895745,0.0018605791930895745,0.0018605791930895745,0.001350031987262185,0.001350031987262185,0.001350031987262185,0.001350031987262185,0.001350031987262185,0.001350031987262185,-0.011968454445968835,-4.9150054415414424e-05
2025-02-17,0.007174599399171049,0.003281447210288068,0.007174599399171049,0.000841234229194995,0.007174599399171049,0.0012188021020168585,0.0,0.0,0.0,0.0,0.0,0.0,0.0,0.0,0.0,0.0,0.0,0.0,0.015206169836299965,
2025-02-18,0.00230376756108236,0.0008940776958297408,0.00230376756108236,7.989945895403583e-05,0.00230376756108236,0.0004340167587915465,-0.0016806809158835014,-0.0016806809158835014,-0.0016806809158835014,-0.0016806809158835014,-0.0016806809158835014,-0.0016806809158835014,-0.001347551603038629,-0.001347551603038629,-0.001347551603038629,-0.001347551603038629,-0.001347551603038629,-0.001347551603038629,0.0035541861339867253,0.0029358340027980656
2025-02-19,-0.001338172359509514,-0.00048486271420322685,-0.001338172359509514,-0.00045087351051302895,-0.001338172359509514,-0.000606897259651346,0.0008175910974269529,0.0008175910974269529,0.0008175910974269529,0.0008175910974269529,0.0008175910974269529,0.0008175910974269529,0.0005318173823176388,0.0005318173823176388,0.0005318173823176388,0.0005318173823176388,0.0005318173823176388,0.0005318173823176388,-0.0017707607160861727,0.0023549076262954216
2025-02-20,-0.0010083714525536036,0.00016835863986684106,-0.0010083714525536036,0.0006076290843790425,-0.0010083714525536036,0.0003380050306246289,0.0006928412491156545,0.0006928412491156545,0.0006928412491156545,0.0006928412491156545,0.0006928412491156545,0.0006928412491156545,0.0006179905791012371,0.0006179905791012371,0.0006179905791012371,0.0006179905791012371,0.0006179905791012371,0.0006179905791012371,-0.0038013177313699353,-0.00416032470826988
2025-02-21,0.004048436186765486,0.002378669343068624,0.004048436186765486,0.0014427716801460955,0.004048436186765486,0.0016307050005805912,0.001440764626233483,0.001440764626233483,0.001440764626233483,0.001440764626233483,0.001440764626233483,0.001440764626233483,0.0009719492621827536,0.0009719492621827536,0.0009719492621827536,0.0009719492621827536,0.0009719492621827536,0.0009719492621827536,0.007122838335015036,-0.017104102948802602
2025-02-24,-0.006369002177234682,-0.0017500047650741367,-0.006369002177234682,-0.0006382382092098547,-0.006369002177234682,-0.00038403291392356706,0.001204813286243968,0.001204813286243968,0.001204813286243968,0.001204813286243968,0.001204813286243968,0.001204813286243968,0.0008923344940600616,0.0008923344940600616,0.0008923344940600616,0.0008923344940600616,0.0008923344940600616,0.0008923344940600616,-0.008840616453545946,-0.004550422471648163
2025-02-25,-0.006385344249431789,-0.0024811336556934682,-0.006385344249431789,-0.0004727351860629249,-0.006385344249431789,-0.0007010635496244238,0.002991059459799935,0.002991059459799935,0.002991059459799935,0.002991059459799935,0.002991059459799935,0.002991059459799935,0.002407349711335411,0.002407349711335411,0.002407349711335411,0.002407349711335411,0.002407349711335411,0.002407349711335411,-0.012996957652504526,-0.004973177992678157
2025-02-26,-1.840187315199651e-05,0.0007043919102918684,-1.840187315199651e-05,0.0003132605315865294,-1.840187315199651e-05,0.0001575042777488847,0.0010594708890266956,0.0010594708890266956,0.0010594708890266956,0.0010594708890266956,0.0010594708890266956,0.0010594708890266956,0.000862862277752041,0.000862862277752041,0.000862862277752041,0.000862862277752041,0.000862862277752041,0.000862862277752041,0.005422169299520219,0.0005048259926943022
2025-02-27,-0.004729053691414561,-0.00241994095312856,-0.004729053691414561,-0.0009576533675319672,-0.004729053691414561,-0.0011959464842758148,-0.000830152651813991,-0.000830152651813991,-0.000830152651813991,-0.000830152651813991,-0.000830152651813991,-0.000830152651813991,-0.0008502179928313147,-0.0008502179928313147,-0.0008502179928313147,-0.0008502179928313147,-0.0008502179928313147,-0.0008502179928313147,-0.01129941953120328,-0.01596190430433686
2025-02-28,0.0006570695386497057,0.0006570695386497057,0.0006570695386497057,0.0006570695386497057,0.0006570695386497057,0.0006570695386497057,0.002720898405092891,0.002720898405092891,0.002720898405092891,0.002720898405092891,0.002720898405092891,0.002720898405092891,0.0019623996349411588,0.0019623996349411588,0.0019623996349411588,0.0019623996349411588,0.0019623996349411588,0.0019623996349411588,,0.015605512474676564
2025-03-03,-0.008067786901272843,-0.0058896495111981795,-0.010561296872071866,-0.0016825762658240703,-0.010561296872071866,-0.003165418985002186,-0.004678614937184071,-0.0038979789366572534,0.0005322459300527384,0.0005322459300527384,0.0005322459300527384,0.0005322459300527384,-0.004340389738189143,-0.0035597537376623255,0.00043001776223095347,0.00043001776223095347,0.00043001776223095347,0.00043001776223095347,-0.02311686726359574,-0.017519898469909534
2025-03-04,-0.005567594375690647,-0.0032085607486131568,-0.006570641309987988,-0.0018432067996585729,-0.006570641309987988,-0.001215568283325757,-0.0031182205908081633,-0.002194645308409741,-0.0006443993294221876,-0.0006443993294221876,-0.0006443993294221876,-0.0006443993294221876,-0.003132130679280598,-0.0022085553968821756,-0.0006782087234270119,-0.0006782087234270119,-0.0006782087234270119,-0.0006782087234270119,-0.006647168198428366,-0.011836911709231068
2025-03-05,0.0017546420853176842,0.0020118084490387267,0.00489090855064055,0.00015357438095748243,0.00489090855064055,0.0013142763990358177,0.0003815931443113617,0.0005700459965257171,-0.001394651284812269,-0.001394651284812269,-0.001394651284812269,-0.001394651284812269,0.0005067475317880494,0.0006952003840024049,-0.00105638748398499,-0.00105638748398499,-0.00105638748398499,-0.00105638748398499,0.013115615140345316,0.010747863198125485
2025-03-06,0.0010990154435950306,0.0010308316844039045,-0.001600465829059347,0.0014808410088446074,-0.001600465829059347,0.0007029910236531515,0.000606028435034315,0.0004739384024752689,-0.0010045524225349848,-0.0010045524225349848,-0.0010045524225349848,-0.0010045524225349848,0.0005364210378145905,0.0004043310052555444,-0.0010032051094011002,-0.0010032051094011002,-0.0010032051094011002,-0.0010032051094011002,-0.006076585978781357,-0.017751133038238276
2025-03-07,-0.005564855296039305,-0.0023298045711935,-0.007271257916315725,-0.0009201151130956334,-0.007271257916315725,-0.0004466899379897063,-0.0028316390202127186,-0.0015868296771425483,5.438987519835927e-05,5.438987519835927e-05,5.438987519835927e-05,5.438987519835927e-05,-0.0028177238669790734,-0.0015729145239089031,6.01404939239397e-06,6.01404939239397e-06,6.01404939239397e-06,6.01404939239397e-06,-0.00930356163325663,0.005604862520902865
2025-03-10,-0.0038903390019448467,-0.002643219840362726,-0.003970230121666807,-0.0012828776213927508,-0.003970230121666807,-0.001564647711146651,-0.0012746940753343944,-0.0008809217654039778,0.0011303550921849938,0.0011303550921849938,0.0011303550921849938,0.0011303550921849938,-0.0014834042546224885,-0.001089631944692072,0.0007258263445617328,0.0007258263445617328,0.0007258263445617328,0.0007258263445617328,-0.005902903501406875,-0.02663558528182819
2025-03-11,-0.01056876439159559,-0.006032003296260573,-0.01393493372338276,-0.002636285043952418,-0.01393493372338276,-0.002462361173610362,-0.006210525281646365,-0.004504417091941174,-0.0022735375003093746,-0.0022735375003093746,-0.0022735375003093746,-0.0022735375003093746,-0.006141088732307338,-0.004434980542602147,-0.001878566099597371,-0.001878566099597371,-0.001878566099597371,-0.001878566099597371,-0.01754385964912286,-0.008312879584754462
2025-03-12,0.0035764325180475676,0.0022251449945839344,0.0049889892856417924,0.000933606789829289,0.0049889892856417924,0.0014227107767314253,0.0013910873343560865,0.0010054476834782282,-0.0007230321554533624,-0.0007230321554533624,-0.0007230321554533624,-0.0007230321554533624,0.0014744765440876354,0.0010888368932097771,-0.0005414388379016931,-0.0005414388379016931,-0.0005414388379016931,-0.0005414388379016931,0.0043956211635045594,0.005306541044969082
2025-03-13,-0.0004691284441777771,-0.0012464951810748914,-0.0024219637060637045,-9.858820726875816e-05,-0.0024219637060637045,-0.00034247747993481676,-0.00039386537373841334,-0.0006567401763815702,-0.0002658347783436154,-0.0002658347783436154,-0.0002658347783436154,-0.0002658347783436154,-0.00047731529428429297,-0.0007401900969274498,-0.00020690228332144586,-0.00020690228332144586,-0.00020690228332144586,-0.00020690228332144586,-0.00929976433184665,-0.01333049237232553
2025-03-14,0.003140885541324294,0.003761916470452757,0.001709950141898983,0.003139579730582598,0.001709950141898983,0.0027920016122768843,0.0020820198196277524,0.0023208706521110254,0.000344741570658134,0.000344741570658134,0.000344741570658134,0.000344741570658134,0.002165409029359301,0.0024042598618425745,0.0003392783011379476,0.0003392783011379476,0.0003392783011379476,0.0003392783011379476,-0.0033131202832354933,0.020655788693630495
2025-03-17,0.00490617615447439,0.0034224412931101247,0.006447495157049899,0.0016845440625762671,0.006447495157049899,0.0016673584637809304,0.002733264513139032,0.002190554879749196,0.000715626104917955,0.000715626104917955,0.000715626104917955,0.000715626104917955,0.00277498416826762,0.0022322745348777842,0.000706648351018772,0.000706648351018772,0.000706648351018772,0.000706648351018772,0.008587274524973987,0.007711353519474162
2025-03-18,0.0024158463086424165,0.0019462373473019892,0.0034482257840959723,0.0009645698474875709,0.0034482257840959723,0.0007400583208224321,0.0013744256435962538,0.0011791476187703427,-8.092470941976589e-05,-8.092470941976589e-05,-8.092470941976589e-05,-8.092470941976589e-05,0.0013744256435962538,0.0011791476187703427,1.5248725345305128e-05,1.5248725345305128e-05,1.5248725345305128e-05,1.5248725345305128e-05,0.004119747253103601,-0.010808436249554187
2025-03-19,-0.0019669373477048738,-0.000524471395339815,-0.005316974467462845,0.0008668844684216926,-0.005316974467462845,0.00047893864567738486,0.0004148178293861746,0.0009303840964823725,0.0033843458273959577,0.0033843458273959577,0.0033843458273959577,0.0033843458273959577,0.0002478678330382765,0.0007634341001344744,0.002538848956953436,0.002538848956953436,0.002538848956953436,0.002538848956953436,-0.012308533711363978,0.010890850841058342
2025-03-20,0.007569676021074341,0.00446444135554426,0.011034096456701123,0.0011957317524632868,0.011034096456701123,0.0014536648859937644,0.0038336428371371837,0.0026905782124808687,-0.0002057566647492773,-0.0002057566647492773,-0.0002057566647492773,-0.0002057566647492773,0.003805863605849618,0.002662798981193303,-0.00021169354240183226,-0.00021169354240183226,-0.00021169354240183226,-0.00021169354240183226,0.021600630465602233,-0.0028917790177164227
2025-03-21,-0.0061604407437339595,-0.004529429767389369,-0.005925285894171567,-0.002564027154019135,-0.005925285894171567,-0.002570118533731887,-0.0032296995912788327,-0.002624219610959868,-0.0002916207844963237,-0.0002916207844963237,-0.0002916207844963237,-0.0002916207844963237,-0.0032991467367645484,-0.0026936667564455836,-0.0004123198221275022,-0.0004123198221275022,-0.0004123198221275022,-0.0004123198221275022,-0.008132285306683418,0.0003289010196235245
2025-03-24,0.000952600108714792,-0.0007794530047818063,-0.0006982344951672302,-0.000351248139843254,-0.0006982344951672302,-0.0012787444442605358,7.08882003886748e-05,-0.0006626124551635388,-0.001047952627872498,-0.001047952627872498,-0.001047952627872498,-0.001047952627872498,0.00022357093653795388,-0.0005099297190142596,-0.0007596756211395018,-0.0007596756211395018,-0.0007596756211395018,-0.0007596756211395018,-0.0010931781993894774,0.017908502022889516
2025-03-25,0.004124742905402212,0.002582310732139076,0.00627751807801389,0.0009153840593312863,0.00627751807801389,0.0014151596340061196,0.002082737654304553,0.0014671456382102824,0.00035587676133058016,0.00035587676133058016,0.00035587676133058016,0.00035587676133058016,0.0020410432945566184,0.0014254512784623481,0.0002614328961136151,0.0002614328961136151,0.0002614328961136151,0.0002614328961136151,0.010396683428095077,0.0024038545877420603
2025-03-26,0.0007698219187714378,-0.0006367752526916376,0.0008387570496408503,-0.00045109746481958313,0.0008387570496408503,-0.0008589035112417275,-0.00031009608851408863,-0.0008401768916050498,-0.001818175731686663,-0.001818175731686663,-0.001818175731686663,-0.001818175731686663,-0.00028231348932765854,-0.0008123942924186197,-0.0015181350956675137,-0.0015181350956675137,-0.0015181350956675137,-0.0015181350956675137,-0.0008123146571478168,-0.011938266525687413
2025-03-27,-0.006794297723636607,-0.0036793019196205007,-0.009969405152655791,-0.0008735340542333291,-0.009969405152655791,-0.0013130419106309188,-0.0033379774106022885,-0.0022009000903269954,-0.0004373685096054147,-0.0004373685096054147,-0.0004373685096054147,-0.0004373685096054147,-0.0033935560803305493,-0.0022564787600552563,-0.0004966964612975961,-0.0004966964612975961,-0.0004966964612975961,-0.0004966964612975961,-0.01897018970189701,-0.0026557092004866334
2025-03-28,-0.0019567500197533033,-0.0015251904236116207,-0.0064295852535678245,0.000162525534495321,-0.0064295852535678245,-7.757683578516679e-05,-0.00021166913282461784,-0.00014708724334013744,0.002017215511383579,0.002017215511383579,0.002017215511383579,0.002017215511383579,-0.0004200252246320519,-0.0003554433351475715,0.0015049548199531076,0.0015049548199531076,0.0015049548199531076,0.0015049548199531076,-0.00994476824175583,-0.020138328985595644
2025-03-31,-0.011924608726751003,-0.00709634819701839,-0.020801861074813754,-0.0018321271754661384,-0.020801861074813754,-0.0017258816012761951,-0.0057127335636057985,-0.00395996749162682,0.0011987038056331405,0.0011987038056331405,0.0011987038056331405,0.0011987038056331405,-0.005795931125610505,-0.004043165053631527,0.0008936546099381096,0.0008936546099381096,0.0008936546099381096,0.0008936546099381096,-0.035993287154492126,0.0067128130226792315
2025-04-01,0.0103866261904313,0.004536141555819723,0.011038800103474779,0.0005666439086354027,0.012519383152332317,-0.00027805577463570327,0.004670484860821859,0.0029457476773480607,0.003908732232921838,0.0003203378636804472,0.0015250294215619076,0.0015250294215619076,0.004668000917294505,0.0029432637338207075,0.004317996430923689,0.0007296020616822998,0.001278307754805066,0.001278307754805066,0.02054994530684695,0.0028244266313557365
2025-04-02,0.0009912040209167146,0.000100541067736676,0.0009912040209167146,-0.00029473769964638585,0.0008650873307205384,-0.0005942066547700828,0.00029150250574895814,0.00011143183755393362,0.00029150250574895814,-5.1459427939694e-05,0.0002535223147164643,0.0002535223147164643,0.00035962726859953417,0.00017955660040450965,0.00035962726859953417,1.6665334910882004e-05,0.00038665492462908147,0.00038665492462908147,-0.0017016622039974783,0.006328411525621025
2025-04-03,6.622225270468563e-05,6.622225270468563e-05,6.622225270468563e-05,6.622225270468563e-05,6.9232355100353e-05,6.9232355100353e-05,0.00020546440686378315,0.00020546440686378315,0.00020546440686378315,0.00020546440686378315,-1.8491101859661584e-05,-1.8491101859661584e-05,-0.00014674522958918446,-0.00014674522958918446,-0.00014674522958918446,-0.00014674522958918446,-0.0006026908242643717,-0.0006026908242643717,,-0.04928081620084812
2025-04-04,-0.0005720393752080482,-0.0005720393752080482,-0.0005720393752080482,-0.0005720393752080482,-0.0005980411649902323,-0.0005980411649902323,-0.0018650401700068258,-0.0018650401700068258,-0.0018650401700068258,-0.0018650401700068258,-0.0037477613678751974,-0.0037477613678751974,-0.0018084425275134693,-0.0018084425275134693,-0.0018084425275134693,-0.0018084425275134693,-0.002771129522787779,-0.002771129522787779,,-0.058542971330535654
2025-04-07,-0.08529920930385423,-0.04601821024338038,-0.08529920930385423,-0.024307680205250412,-0.08674628308325005,-0.010618181782276666,-0.04456663803468018,-0.03212256566608696,-0.04456663803468018,-0.02234210030598208,-0.005391497897582035,-0.005391497897582035,-0.04457796613714363,-0.032133893768550414,-0.04457796613714363,-0.022353428408445532,-0.004964962591242091,-0.004964962591242091,-0.10000003467906604,-0.0017811785518102585
2025-04-08,-0.015385510319031447,-0.007048113140705158,-0.015385510319031447,0.0014396856942356206,-0.014440163980267831,-0.0020183027435246477,-0.0061749367124051425,-0.003835356059259354,-0.0061749367124051425,-4.085561753961408e-06,-0.003316684030457022,-0.003316684030457022,-0.006118311691057638,-0.0037787310379118508,-0.006118311691057638,5.253945959354225e-05,-0.0028644095069933245,-0.0028644095069933245,-0.032512588983115376,-0.0156627816725603
2025-04-09,-0.03122284951132803,-0.010878879238150204,-0.03122284951132803,-0.0017928109622930635,-0.03154160593773934,0.003102821936006866,-0.009737733587010357,-0.0030891700457593902,-0.009737733587010357,0.001051752469114217,0.007812877286438053,0.007812877286438053,-0.009681074303515055,-0.0030325107622640886,-0.009681074303515055,0.001108411752609519,0.006559817577332472,0.006559817577332472,-0.04600328255633157,0.10501930183911301
2025-04-10,0.07321787313312632,0.008972261330418852,0.07321787313312632,0.009233130895636243,0.07108912052616141,0.0015361167729401274,0.030824937943481408,0.006374415017434946,0.030824937943481408,0.004593989359115566,-0.006608491527661392,-0.006608491527661392,0.03083626974072594,0.006385746814679477,0.03083626974072594,0.004605321156360097,-0.005681074317085281,-0.005681074317085281,0.09986324492663523,-0.04381899719533322
2025-04-11,0.007454449660018085,-0.0007701436052371947,0.007454449660018085,-0.0007701436052371947,0.0069846529463793204,0.0014904484251453058,0.0009576839887338298,-0.0018771368162847548,0.0009576839887338298,-0.0025186281145789533,-0.0008507691737977714,-0.0008507691737977714,0.0011277766834147667,-0.0017070441216038177,0.0011277766834147667,-0.002348535419898016,-0.0004059023834028406,-0.0004059023834028406,0.023320895079790294,0.017842817199724692
2025-04-14,0.003557408132353549,0.00018021991797467773,0.003557408132353549,0.00018021991797467773,0.003835381219172097,0.0005511589958572059,0.0030954620147596998,0.001551378827474649,0.0030954620147596998,0.0016316657377644064,0.00393415231368429,0.00393415231368429,0.0028909810842853907,0.00134689789700034,0.0028909810842853907,0.0014271848072900974,0.0029340775140427305,0.0029340775140427305,-0.005165640156495566,0.009701450822369617
2025-04-15,0.006743801414445455,0.0012765487890451653,0.006743801414445455,0.0012765487890451653,0.006266954450536449,0.0005632405682730349,0.003764795421921359,0.001752857879462482,0.003764795421921359,0.001454882835114947,0.0015602508533424154,0.0015602508533424154,0.003764795421921359,0.001752857879462482,0.003764795421921359,0.001454882835114947,0.0014123430501779212,0.0014123430501779212,0.01007946967644191,-0.0028008788011967267
2025-04-16,-0.01044426887056369,0.0006679727214312888,-0.01044426887056369,0.0006679727214312888,-0.011084331116168931,0.0008459642674066747,-0.0032980286611954115,0.0007466637574412978,-0.0032980286611954115,0.0011306792814770568,0.0015828213875148543,0.0015828213875148543,-0.0034227174316077366,0.0006219749870289726,-0.0034227174316077366,0.0010059905110647318,0.0011440341601048336,0.0011440341601048336,-0.018143331655650963,-0.02222803246337901
2025-04-17,-0.001569726142365776,0.0012010536487452365,-0.001569726142365776,0.0012010536487452365,0.0008119675538780282,0.0019332801484603821,3.28964399845292e-05,0.001231973347090476,3.28964399845292e-05,0.0012609200993894904,0.0012184666874046216,0.0012184666874046216,-1.0627969804689495e-06,0.001198014110125478,-1.0627969804689495e-06,0.001226960862424492,0.0007809239478810295,0.0007809239478810295,-0.011087175756618772,0.001426777837987947
2025-04-18,0.0018417283544973722,0.0003083254301099603,0.0018417283544973722,0.0003083254301099603,0.002168553089769376,0.0004926471975903255,0.0006845408605441231,0.00014998352746338554,0.0006845408605441231,0.00011385545084475248,0.0,0.0,0.0006845408605441231,0.00014998352746338554,0.0006845408605441231,0.00011385545084475248,0.0,0.0,0.0021799491627150225,
2025-04-21,-0.01011238353045203,-0.0005302859848358625,-0.01011238353045203,-0.0005302859848358625,-0.0101428266118134,-0.00016176374967657986,-0.0055321628314024375,-0.002052429438172072,-0.0055321628314024375,-0.0017483637257197796,-0.0035020281749484,-0.0035020281749484,-0.005475578865801593,-0.001995845472571228,-0.005475578865801593,-0.0016917797601189353,-0.0029784361594644756,-0.0029784361594644756,-0.014294517589904077,-0.023802680232045126
2025-04-22,-0.008016417416315829,0.0009100697782241797,-0.008016417416315829,0.0009100697782241797,-0.007493726728302979,0.0015971712788669281,-0.0025700339568843103,0.000882296134494428,-0.0025700339568843103,0.0011173967772766073,0.0015095852819612921,0.0015095852819612921,-0.0026040100469580034,0.0008483200444207351,-0.0026040100469580034,0.0010834206872029142,0.001177326349945551,0.001177326349945551,-0.016708758217473307,0.02601773758493775
2025-04-23,0.024669318506844902,-4.983644619225089e-05,0.024669318506844902,-4.983644619225089e-05,0.024951885849558885,-0.0012963518011921869,0.010619621352725515,0.001406705643252218,0.010619621352725515,0.0006608746629214984,0.0014517552345662877,0.0014517552345662877,0.010687540250835107,0.0014746245413618099,0.010687540250835107,0.0007287935610310904,0.0014216403782670614,0.0014216403782670614,0.04424500987687385,0.015495463082325855
2025-04-24,-0.0019649630449433513,0.0007720481997060667,-0.0019649630449433513,0.0007720481997060667,-0.0029186003761107982,0.0012037526961388711,0.0012206240431580353,0.002305188724113922,0.0012206240431580353,0.0023931150333283604,0.0045538093590380265,0.0045538093590380265,0.0011073552383662928,0.0021919199193221797,0.0011073552383662928,0.002279846228536618,0.0036613638181939292,0.0036613638181939292,-0.00583366393260909,0.02104893334386637
2025-04-25,0.01761382217520155,0.0009942030683848004,0.01761382217520155,0.0009942030683848004,0.01802527377027045,0.0005767616435911969,0.007822702589623894,0.0015969721706009345,0.007822702589623894,0.001181265792999974,0.0016299765943334058,0.0016299765943334058,0.007743509355029492,0.0015177789360065327,0.007743509355029492,0.0011020725584055722,0.001298515908880252,0.001298515908880252,0.023780149775529003,0.00722532365580375
2025-04-28,0.002872862721472165,0.0001561316278763151,0.002872862721472165,0.0001561316278763151,0.0026900337760693413,-0.00012065539131490449,0.0019075487424924467,0.0009138939649336015,0.0019075487424924467,0.0008094788121431766,0.0015778844261025839,0.0015778844261025839,0.001771899932596703,0.0007782451550378578,0.001771899932596703,0.0006738300022474329,0.0010653014561136636,0.0010653014561136636,0.008446418681655299,0.00038130345037501456
2025-04-29,0.003551376506969601,0.0002816723515264876,0.003551376506969601,0.0002816723515264876,0.0015843528425787958,-0.0005979808018749483,0.0020211256397866433,0.000888441340188788,0.0020211256397866433,0.0007309411482997437,0.0016137437443319003,0.0016137437443319003,0.0019646849068413307,0.0008320006072434752,0.0019646849068413307,0.0006745004153544309,0.001267209181280746,0.001267209181280746,0.0038887776189568957,0.006299413437552026
2025-04-30,-0.0022436847516085308,-0.0009200412076814682,-0.0022436847516085308,-0.0009200412076814682,-0.003379652117940936,-0.0010818866567890843,-0.0015071891784889976,-0.001097240021335905,-0.0015071891784889976,-0.001036732633574652,-0.0009397934370874554,-0.0009397934370874554,-0.0016312771092778888,-0.0012213279521247965,-0.0016312771092778888,-0.0011608205643635434,-0.0010947551755651041,-0.0010947551755651041,0.0047675985530886145,0.000396829809890642
2025-05-01,-0.0008255100658787224,-0.0003472491963135052,-0.0003745017745977993,-0.0003745017745977993,-0.000588355915681094,-0.00025502258234776076,-0.0017684676046332277,-0.001651783353491897,-0.0009955567442826337,-0.0009955567442826337,-0.002165174658318923,-0.0018009329864564255,-0.0008410547492556078,-0.0007243704981142768,-0.0008029124239859421,-0.0008029124239859421,-0.0014142032142223488,-0.001049961542359851,,0.007086942026725218
2025-05-02,0.006838119433325886,-0.0023249982883592228,0.010926097580781158,-0.0018279323396789234,0.006838119433325886,-0.0024697274217130487,0.0005053389500175291,-0.0024373259416906163,0.0029277359515411014,-0.0022166411602721823,0.0005053389500175291,-0.00155126381186904,0.0010862104469099572,-0.0018564544447981879,0.0031089291080409324,-0.002035448003772351,0.0010862104469099572,-0.0009703923149766122,0.029062833446612757,0.014844198430334021
2025-05-05,-0.018746020221171663,-0.0045632319709284245,-0.01503949463395007,-0.0038816201741639256,-0.018746020221171663,-0.004645717757008135,-0.009132986169005609,-0.004700114201628778,-0.007762788798051105,-0.003370836487701419,-0.009132986169005609,-0.005090694883868008,-0.009096604377971532,-0.0046637324105947,-0.007751440106314897,-0.003359487795965211,-0.009096604377971532,-0.00505431309283393,-0.00893373516863294,-0.005734349537724115
2025-05-06,0.005757291057881976,0.0035507225299161046,0.0035171419907555133,0.003146755375704587,0.005757291057881976,0.0029123867697836148,0.0035101487899330437,0.0028157130697491865,0.002830916918467728,0.0026778326661368408,0.0035101487899330437,0.0018846637809950134,0.003255500893261983,0.002561065173078126,0.00275148376252753,0.002598399510196643,0.003255500893261983,0.001630015884323953,-0.005524844228570358,-0.008358364343191038
2025-05-07,0.003581754810131855,0.0016772577008754195,0.0017322017283071351,0.0016452592255259075,0.003581754810131855,0.0016365456986277005,0.0021182012795688257,0.0015866115929974516,0.0015951315913953447,0.0016057255851412663,0.0021182012795688257,0.0014258552277861155,0.0020091351951965816,0.0014775455086252075,0.001561110248981045,0.0015717042427269667,0.0020091351951965816,0.0013167891434138711,-0.0038011338975694198,0.0042055058561747405
2025-05-08,0.006047570250081766,0.0005498368977888936,0.007353721148632076,-4.191013345983506e-05,0.006047570250081766,0.0004277786886177144,0.001574751092859043,-0.00018615465042831156,0.001896899998933831,-0.0010957246624490283,0.001574751092859043,0.0002039033447016742,0.002192456890114267,0.0004315511468269122,0.0020895829998930707,-0.0009030416614897887,0.002192456890114267,0.0008216091419568979,0.013208100495357478,0.0069677857514378605
2025-05-09,0.0035607646300229957,-0.000808591288753318,0.004401041763041983,-0.00023320434760366938,0.0035607646300229957,-0.0011942500004066823,0.0013853346414330803,-5.611581400067557e-05,0.0020978024037697977,0.00019856546681113816,0.0013853346414330803,-3.994707677233502e-05,0.001239694049334807,-0.00020175640609894875,0.002052372254867729,0.00015313531790906956,0.001239694049334807,-0.00018558766887060823,0.012456511126627268,-0.0012741491279434358
2025-05-12,0.008167241024798797,0.0015155214732947746,0.007618358477295391,0.0008169036226544947,0.008167241024798797,0.0014147289693073142,0.003730392763492173,0.001609056744122941,0.0037770998504895975,0.0009756196602912421,0.003730392763492173,0.0017599076437293916,0.004276273203456703,0.00215493718408747,0.0039473781315170564,0.001145897941318701,0.004276273203456703,0.0023057880836939207,0.011158780819697789,0.03304738719814848
2025-05-13,0.009231388675134223,0.0009607079122081782,0.009453786827051202,0.000756107527776454,0.009231388675134223,0.0010613178830396908,0.003786326967627064,0.0011560095134467293,0.004209871978036124,0.0006477012473827333,0.003786326967627064,0.0018548691988048561,0.003859230639011123,0.0012289131848307881,0.0042326130600296,0.0006704423293762096,0.003859230639011123,0.001927772870188915,0.012167567585771977,0.006603949785734642
2025-05-14,0.0114052839050381,-2.628700159278908e-05,0.012221410133040768,-0.00010674499641296836,0.0114052839050381,-0.00016739266233434862,0.003521721325386557,-6.15348274112873e-05,0.003943777836829811,-0.001039549043025737,0.003521721325386557,0.000563283657334256,0.0037405132893758527,0.00015725713657800862,0.004012026333759175,-0.0009713005460963731,0.0037405132893758527,0.0007820756213235519,0.022644605282398977,0.0012780314322096142
2025-05-15,-0.004058102574451475,-0.0015005915867586004,-0.001701930441983451,-0.000284544509398912,-0.004058102574451475,-0.0017418769104371704,-0.0004620903253866425,0.00030523623079275195,0.0009202255545458394,0.0014646724234794492,-0.0004620903253866425,3.678246550078927e-05,-0.0010459703879249305,-0.00027864383174553613,0.0007380939262689858,0.0012825407952025956,-0.0010459703879249305,-0.0005470975970374988,-0.0021869541270228554,0.004884349607746863
2025-05-16,0.0010609116326263006,0.000496385078660128,0.0023834790668301334,0.0007760651144933612,0.0010609116326263006,0.00029618411475676747,-0.00022725002850531673,-0.00042782482553305195,0.0009526171546319765,0.00036073330617203886,-0.00022725002850531673,-0.0006497792945087389,-0.0001544171218304237,-0.0003549919188581589,0.000975336162756979,0.00038345231429704146,-0.0001544171218304237,-0.0005769463878338458,0.00273972602739736,0.00633402786844095
2025-05-19,-0.006253478176499725,-0.00043246204125409654,-0.008319167174073298,-0.0005234718100979259,-0.006253478176499725,-0.00047235922355954365,-0.002234210660790442,-0.00038211285436275854,-0.0032954796063679186,-0.000241756010824614,-0.002234210660790442,-0.000770775922975741,-0.0023435004306648338,-0.0004914026242371504,-0.0033295707237365997,-0.000275847128193295,-0.0023435004306648338,-0.0008800656928501328,-0.013934442905780386,0.0010938461217664397
2025-05-20,0.00398033234987181,0.0006384864069530205,0.0028606894696294976,0.00029695014674463693,0.00398033234987181,0.0004790160060897632,0.0017907944163439854,0.0007534584619548033,0.00111595696032996,0.00012912205637871584,0.0017907944163439854,0.000570634971057593,0.0017543684893936847,0.0007170325350045025,0.0011045945011322427,0.0001177595971809984,0.0017543684893936847,0.0005342090441072923,0.0019396293124682717,-0.0033621922872737464
2025-05-21,0.006135138000406085,0.002154633269779228,0.0061236121413792526,0.0011091543174302908,0.006135138000406085,0.0018564825752139368,0.002192944964520765,0.0008689696375514872,0.001083678693750958,-0.0009778904242260895,0.002192944964520765,0.0009219417243144754,0.0023750247206966914,0.0010510493937274136,0.0011404754309514158,-0.0009210936870256319,0.0023750247206966914,0.001104021480490402,0.015486742281504595,-0.016850789652983478
2025-05-22,-0.006346474606484583,-0.00019333128612900963,-0.005697875609691204,6.831571536259762e-05,-0.006346474606484583,0.00016254119851353654,-0.0022844141684779814,-0.00029324493615927533,-0.0016987659350628011,0.0006188418342587971,-0.0022844141684779814,-0.00019511101876654125,-0.0024666044300980464,-0.00047543519777934,-0.0017555971425898993,0.0005620106267316992,-0.0024666044300980464,-0.00037730128038660594,-0.010893245825233655,0.00039467712604679406
2025-05-23,-0.0020317059159699357,-0.00026720124470887134,-0.0014204300601229638,-0.00013410423794009717,-0.0020317059159699357,-0.00026720124470887134,-0.00047222985334972406,0.00013335976809118722,-0.000422266892970054,0.00022318634460988094,-0.00047222985334972406,2.6391444989837257e-05,-0.0006542818280553804,-4.8692206614469146e-05,-0.00047905496420511763,0.0001663982733748172,-0.0006542818280553804,-0.00015566052971581913,-0.004129955808330088,-0.006825775301577575
2025-05-26,-0.001297042101784866,-0.0017043885673618069,-0.002141245184666706,-0.001333869313587501,-0.001297042101784866,-0.0016048994776532743,-0.0018238645724372032,-0.001973251003024533,-0.0015452058613684187,-0.0012644210136833363,-0.0018238645724372032,-0.0019139876525515215,-0.0018238645724372032,-0.001973251003024533,-0.0015452058613684187,-0.0012644210136833363,-0.0018238645724372032,-0.0019139876525515215,-0.0011059563189440569,
2025-05-27,-0.007556126157917531,-0.00125242359459701,-0.007139261899152797,-0.0005734963009812078,-0.007556126157917531,-0.0008537456914017305,-0.0027257022568643293,-0.0007092095924064298,-0.0019485784509310374,0.000796280136110974,-0.0027257022568643293,-0.0007103189003795898,-0.002834872791930701,-0.0008183801274728015,-0.0019826323749938925,0.0007622262120481195,-0.002834872791930701,-0.0008194894354459615,-0.00885685523822044,0.02079059136787431
2025-05-28,0.005518785804082308,-0.0004983577872203924,0.004503136271110164,-0.000615484238742769,0.005518785804082308,-0.00041804434021190196,0.001179537138434973,-0.0006407496489037805,0.0011580921800402558,-0.0009077820400713643,0.001179537138434973,-0.0002917053462365462,0.0013977988342846702,-0.00042248795305408317,0.001226175268684794,-0.000839698951426826,0.0013977988342846702,-7.344365038684885e-05,0.001675526649787873,-0.005785407771406903
2025-05-29,0.00497845588874016,-0.0003576467049751415,0.0035260933412877716,-0.0001555616603266844,0.00497845588874016,-5.6042926702008265e-05,0.0022351148567857975,0.000621341578211615,0.0020961051135337657,0.0006556033168188154,0.0022351148567857975,0.0009545221866170532,0.0019074563288001194,0.00029368305022593695,0.001993897511237164,0.0005533957145222132,0.0019074563288001194,0.0006268636586313752,0.002230241889445539,0.003947403401760141
2025-05-30,0.00011621487861343847,0.00011621487861343847,0.00034548645552177844,0.00034548645552177844,0.00011621487861343847,0.00011621487861343847,0.0006805670251832583,0.0006805670251832583,0.0008816773711813958,0.0008816773711813958,0.0006805670251832583,0.0006805670251832583,0.00031692051188086137,0.00031692051188086137,0.0007682439182612203,0.0007682439182612203,0.00031692051188086137,0.00031692051188086137,,-0.0011185037847383228
2025-06-02,-0.0005693059688766378,0.0010033534907208086,-0.0006200306065577972,0.0009381360994164612,-0.011865586982877253,-0.0008140379692776086,-0.0006019563418687207,-0.0008877611601172726,-0.0009164482967287523,0.0002575358923660755,-0.005640669372052988,-0.002622390106254779,-0.0002380888345105232,-0.0005238936527590751,-0.00024274972825163652,0.000931234460843191,-0.005393670749001572,-0.0023753914832033624,-0.02141867095140826,0.005632954820585345
2025-06-03,0.0034493540040035904,0.0019390415767827813,0.0034493540040035904,0.0019390415767827813,0.006846544422064867,0.002241259102651864,0.0007058445284463341,0.0005458530306066398,0.0007058445284463341,0.00025587296999490783,0.0034270096105423475,0.002121521413570838,0.0007909981869661356,0.0006310066891264414,0.0007909981869661356,0.0003410266285147094,0.003499939852467218,0.0021944516554957085,0.007106310650218717,0.005702628195088044
2025-06-04,-0.0024704371434936347,0.0015286579731278447,-0.0024704371434936347,0.0015286579731278447,0.008966000854274497,0.0006220689982291293,0.00048668391711200056,0.0022479086405625386,0.00048668391711200056,0.000384205564831454,0.0043754304576475635,0.0024576463763496727,-0.00015223745478873575,0.0016089872686618025,-0.00015223745478873575,-0.0002547158070692823,0.003828223314306151,0.0019104392330082597,0.023426527226969363,-0.0002684731709600152
2025-06-05,2.81504608234025e-05,-0.0005802665758096366,2.81504608234025e-05,-0.0005802665758096366,0.0010932762181375952,-0.00027333942693457617,-0.001137499153776067,-0.0012309042215293653,-0.001137499153776067,-0.0012907575821747461,-0.0005465893144688842,-0.0007606761333444135,-0.000754830875020373,-0.0008482359427736713,-0.000754830875020373,-0.0009080893034190524,-0.00021885130964626397,-0.00043293812852179326,0.0019304514000844097,-0.004832790626766448
2025-06-06,-0.0013260133143273196,-0.0012249488052405073,-0.0013260133143273196,-0.0012249488052405073,0.000328567428166208,0.00010369016326381797,-0.002070286735676961,-0.0019583603547865826,-0.002070286735676961,-0.0021380935015193944,-0.0004318946309322332,-0.0008295771591074103,-0.0014744032458059281,-0.00136247686491555,-0.0014744032458059281,-0.0015422100116483618,7.845252068456748e-05,-0.00031923000749060963,0.0016515445187890165,0.010268994150278488
2025-06-09,-0.0023798113639954543,-0.002412933441569861,-0.0023798113639954543,-0.002412933441569861,0.004784235499536535,-0.0007121457019072272,-0.00024393123638673844,-8.275250129022515e-05,-0.00024393123638673844,-0.00041311254929680914,0.0022105710829061083,0.0006586483966916312,-0.0004997354776954243,-0.0003385567425989111,-0.0004997354776954243,-0.000668916790605495,0.0019914863656040073,0.0004395636793895301,0.009618027091793824,0.0009012551559597348
2025-06-10,-0.0027604627085982734,0.0005007776535397671,-0.0027604627085982734,0.0005007776535397671,0.008755434155221531,-0.000497930306361311,-0.0008144297976192681,0.0005702532689246055,-0.0008144297976192681,-0.0008480976245645014,0.0027760850871676266,0.00045321163352946074,-0.0008144297976192681,0.0005702532689246055,-0.0008144297976192681,-0.0008480976245645014,0.0027760850871676266,0.00045321163352946074,0.026946091619352908,0.005669731282665458
2025-06-11,0.0004786244982309024,0.0024713504618322593,0.0004786244982309024,0.0024713504618322593,0.0034078325635263237,0.0013713970270838008,0.0011467627099931983,0.0018498907460550338,0.0011467627099931983,0.0012644845449359765,0.002398511578626786,0.002156049668526174,0.0005928810433694499,0.0012960090794312854,0.0005928810433694499,0.0007106028783122281,0.0019241370814320822,0.0016816751713314702,0.0,-0.0028520788113346462
2025-06-12,0.002367943638397152,0.0023713149745186644,0.002367943638397152,0.0023713149745186644,-1.8317748380619094e-05,-0.00012505346781088099,0.0018009833927516332,0.001627925396485689,0.0018009833927516332,0.0019697438566246167,0.00010341492036209635,-0.00013640604617776175,0.0015032224487410678,0.0013301644524751236,0.0015032224487410678,0.0016719829126140512,-0.0001516038076637648,-0.0003914247742036229,0.0,0.003974349319302073
2025-06-13,0.0009877099350702836,0.0011459645759506198,0.0009877099350702836,0.0011459645759506198,-0.001178915958996706,-0.0007109113753173751,-0.00032269638104566066,-0.0007305711480549191,-0.00032269638104566066,0.0001352346200825378,-0.0017153284401700323,-0.002179016391058718,-6.769861055319219e-05,-0.00047557337756245056,-6.769861055319219e-05,0.0003902323905750063,-0.0014969344285023626,-0.0019606223793910485,0.0,-0.011180124223602483
2025-06-16,-0.0001833856292450624,-0.00020585162778043642,-0.0001833856292450624,-0.00020585162778043642,0.0011057170827630306,-3.257089116193772e-05,-0.00031000937359342966,-0.0001593569957145002,-0.00031000937359342966,-0.00046474105329926226,0.0005331118234620374,2.087037777674463e-05,-0.0002674679873389142,-0.0001168156094599848,-0.0002674679873389142,-0.0004221996670447468,0.0005695465890997311,5.7305143414438265e-05,0.0,0.00951422558757331
2025-06-17,-0.0006280839874853913,-0.0008461830402958411,-0.0006280839874853913,-0.0008461830402958411,-7.106234906035936e-05,-0.0006265931305887891,0.00030335108037267346,0.0003369184427796575,0.00030335108037267346,0.0001835504037112076,-5.264971730722942e-06,8.955796484864294e-06,0.00013319733329392048,0.00016676469570090448,0.00013319733329392048,1.3396656632454592e-05,-0.00015099392988219217,-0.00013677316166660493,0.0,-0.008545104270081039
2025-06-18,0.00016148396918970947,0.00048333122162214076,0.00016148396918970947,0.00048333122162214076,0.00470721489460974,0.0007120144266717302,0.0002473859140616618,0.0006097881176056881,0.0002473859140616618,2.568046367743782e-05,0.002312465062766818,0.0012551388516254872,7.731472769939159e-05,0.0004397169312434179,7.731472769939159e-05,-0.00014439072268483235,0.0021668068141201574,0.0011094806029788267,0.008640365415049533,-0.00015066498929716676
2025-06-19,-0.0002701710761434106,-0.0009856685313220925,-0.0002701710761434106,-0.0009856685313220925,-0.004126064311923601,-0.001036180244893492,0.0002472085305018505,-0.0002766435662586615,0.0002472085305018505,0.00046747433170283887,-0.001946847722954325,-0.0011038808071747522,0.0002472085305018505,-0.0002766435662586615,0.0002472085305018505,0.00046747433170283887,-0.001946847722954325,-0.0011038808071747522,-0.009880202306460473,
2025-06-20,0.00018153628341538447,-0.0004210098523647249,0.00018153628341538447,-0.0004210098523647249,-0.0009910451860757708,0.00010367431033680985,0.0008937037378659121,0.0006619308766372335,0.0008937037378659121,0.0008766484715793279,0.0001906251943480526,0.0007214817256224137,0.0006387368902921664,0.00040696402906348795,0.0006387368902921664,0.0006216816240055822,-2.7742333243857076e-05,0.000503114198030504,-0.001486193144203174,-0.0023416127792153635
2025-06-23,0.001201297360210555,0.0011621656989477442,0.001201297360210555,0.0011621656989477442,-0.0024543456012817524,0.00022570760431840485,0.0017456262031020954,0.0015356004860548195,0.0017456262031020954,0.0019331294473170443,-0.00032402523115195936,0.0004791413662216492,0.0012785051607944015,0.0010684794437471256,0.0012785051607944015,0.0014660084050093505,-0.0007240931931852729,7.907340418833561e-05,-0.00829256644208376,0.00987749011881256
2025-06-24,-0.0009910440332453478,0.00027163005316986155,-0.0009910440332453478,0.00027163005316986155,0.004093970206798092,0.0012053363869914153,0.00015483735987223982,0.0011381634689015974,0.00015483735987223982,-0.0002908141215654528,0.003299965351175335,0.0025993018377594877,-0.0001420229158427404,0.0008413031931866172,-0.0001420229158427404,-0.0005876743972804331,0.0030457180046477316,0.0023450544912318842,0.01822474914112049,0.011047245877038092
2025-06-25,-0.0015459418988428468,-0.0004533066458233999,-0.0015459418988428468,-0.0004533066458233999,0.00509499620599831,0.0004921206672493886,-0.0005773914596398407,-5.517794361649766e-05,-0.0005773914596398407,-0.0006450629522030835,0.0023468178699160057,0.0011611467558265685,-0.000619773419810151,-9.755990378680784e-05,-0.000619773419810151,-0.0006874449123733937,0.0023105196454803268,0.0011248485313908893,0.01452934517418325,0.0005602785258216336
2025-06-26,0.0025609692481149966,0.0015946764604131136,0.0025609692481149966,0.0015946764604131136,0.00048749888785272325,0.00019630934580104777,0.0019739037578732116,0.0017135724986323678,0.0019739037578732116,0.001838827665621125,0.000938242681101774,0.0008522433849822265,0.0015502323685286418,0.0012899011092877982,0.0015502323685286418,0.0014151562762765553,0.0005753873739001426,0.0004893880777805951,0.0012453585079070795,0.007823824018649228
2025-06-27,-0.0016934629165203012,-0.0030910825242776436,-0.0016934629165203012,-0.0030910825242776436,-0.0015522256254094028,-0.0026035675294058813,-0.0010501841367428866,-0.0013505233462188754,-0.0010501841367428866,-0.0013192648161636997,-0.001853901332933364,-0.0022898961853041024,-0.0009232393946270715,-0.0012235786041030602,-0.0009232393946270715,-0.0011923200740478845,-0.0017451789255285924,-0.0021811737778993307,0.0010364683938819397,0.004968339764334306
2025-06-30,0.004633781949702413,0.0013350658995877618,0.004633781949702413,0.0013350658995877618,0.004290250230884937,0.001175623078037782,0.002170981721840194,0.001547254091291007,0.002170981721840194,0.001453520972926602,0.002582277036043526,0.001717401850912568,0.0019170002524114128,0.0012932726218622256,0.0019170002524114128,0.0011995395034978206,0.0023647534400894213,0.0014998782549584637,0.0014495691343363593,0.004781191670012452
2025-07-01,-0.001110407257612708,0.0008246734185974933,-0.0007614113478196659,0.0014446567971626246,0.002256206103921447,0.0011380149454243032,-0.0009494637844816346,-0.0004036519032957756,-0.001293807771997175,-0.0012447887007515993,0.0007107521309042491,0.0003631549282224137,-0.0005398629649853754,5.948916200483622e-06,-0.0009300229132093393,-0.0008810038419637637,0.0010223173439694302,0.0006747201412875949,0.005789883700641152,-0.00032362414789344207
2025-07-02,-0.0021617479616948578,0.00042529659296087883,-0.002306757734876097,0.0004915669834126464,-5.294174329637304e-05,0.00017330752919175125,-0.0005288956865683277,0.00019615977235868672,-0.000542296610406125,-3.503732180177351e-05,0.00011455850694719232,0.00015805420399199986,-0.0004984242187251768,0.00022663124020183767,-0.0004998067824306389,7.452506173712397e-06,0.00015094911526001922,0.00019444481230482675,0.000205636027055478,0.004533291803274775
2025-07-03,-0.0012445942284528,0.00035732353637474285,-0.0025493235542622763,-0.0002454824603010386,0.004870122041169884,-0.000492497059291651,-0.000992384963404945,-0.0005632598946755768,-0.0018091248751371406,-0.001792514812356289,0.0009450977407686116,-0.0006749180737618581,-0.0007181782413272586,-0.00028905317259789024,-0.0014267673034318582,-0.0014101572406510067,0.001272569639110921,-0.0003474461754195487,0.013771801601874856,0.00788139987465386
2025-07-04,0.0021815538639575376,-0.0005203440307244659,0.00271354414550364,-0.0005465925634706529,-0.0001525355736258163,0.0012279003600663388,0.0005274679079953267,-0.0002170363536613563,0.0008695867192995967,0.0005538130192050079,0.0008293777973423016,0.001173305212868883,0.0005274679079953267,-0.0002170363536613563,0.0008695867192995967,0.0005538130192050079,0.0008293777973423016,0.001173305212868883,-0.009326826587976011,
2025-07-07,-0.0008724613095454727,-0.0021425115472187345,-0.0014526434751189568,-0.002864622184686064,-0.0033734916502465417,-0.001542178378234566,-0.0015146421410338858,-0.0018662329864004101,-0.0011357939165517231,-0.0012510584493124048,-0.0018482508065102426,-0.0016113582006040174,-0.001453625255580482,-0.0018052161009470063,-0.0010507111440426922,-0.0011659756768033738,-0.0017753812752348552,-0.00153848866932863,-0.005935344083190741,-0.007452000479036269
2025-07-08,0.000642830520001124,0.0002713262352454689,0.0013425051221933233,0.0008835831134626306,0.0005981779472560106,0.0012111879218794947,-0.00012238090676092774,-0.00022336996650975147,0.00020568214442093325,0.00020568214442093325,0.0007593693009435776,0.0006823471587122954,-0.00015289675693033001,-0.00025388581667915375,0.00016313042912786624,0.00016313042912786624,0.0007229256889533783,0.0006459035467220961,-0.004529570147939865,-0.0005477312372305088
2025-07-09,-0.0014723966190442043,-0.0003988479320023628,-0.0022127113485665615,-0.000504126878215938,0.0043055095370635585,0.0004367206199417908,0.0008094034707243482,0.0010963156271127901,0.000493826355196289,0.0006087005404854446,0.0023620820247202703,0.0017270664920815688,0.0005958649966312331,0.000882777153019675,0.0001960654111857235,0.00031093959647487913,0.0021070632966944097,0.0014720477640557078,0.010341261960279402,0.005996663994070728
2025-07-10,0.0035190878412597855,0.0017628928430830143,0.002188606734020641,0.0013221428402987083,0.007632370340605484,0.0014051018523418527,0.0011123793580070018,0.0005972739562556751,0.0001594369570429837,-0.00023575644458744894,0.0033950157482393476,0.001508127054387276,0.0011123793580070018,0.0005972739562556751,0.0001594369570429837,-0.00023575644458744894,0.0033950157482393476,0.001508127054387276,0.01146369274888892,0.002820257303000284
2025-07-11,-0.001647742564371514,4.13648023649157e-05,-0.002586188093722667,-0.00014971470495487666,0.0013443096295646846,0.0013257499029441264,-0.0012742137132177563,-0.0008158487880149665,-0.0014951863391644265,-0.0012510343173415376,0.0013799533475398506,0.0011895266477529255,-0.0012132412180166328,-0.000754876292813843,-0.001410165465025139,-0.00116601344320225,0.0014527698656721902,0.0012623431658852651,0.00425013327506929,-0.0035154072757080934
2025-07-14,0.00044967705041738023,0.0009892234982523302,0.0009966320647465388,0.001125285679352994,-0.0034771535525571274,-0.0004923213412193914,0.00033906363676604963,0.0005052473093880026,0.0006905656183086049,0.0010020659373897159,-0.0014959987872505294,-0.0010741357016842042,0.00030856999249810743,0.00047475366512006044,0.0006480448672256618,0.0009595451863067729,-0.0015324158798007588,-0.0011105527942344335,-0.005844359271917066,0.0019082172648787754
2025-07-15,0.0005803909687196707,-0.0012393895798857362,-0.001026462119780136,-0.0013152033930936926,0.005544592344172569,-0.0005209467613298177,-0.0011203842425740727,-0.0016704819865365219,-0.0020076052610908147,-0.0025536487694087636,0.0008881196373865775,-0.0004722833529788692,-0.0008765111927170467,-0.0014266089366794961,-0.0016675453732764105,-0.0022135888815943594,0.0011793654900997836,-0.00018103750026566304,0.013581961161078349,-0.004273271747553764
2025-07-16,-0.001415189089128534,0.00028230364893063375,-0.001981610917476358,-1.2730216178905907e-05,0.0025012099892854894,-0.0004326583542695636,0.000735689357532342,0.0012024055085482369,0.000510491433359173,0.0006082001164189747,0.0015317506471548687,0.0008662971861364753,0.00040004408869338397,0.000866760239709279,4.246311889913914e-05,0.00014017180195894074,0.0011309056477198506,0.00046545218670145723,0.008000030517578027,0.0033432282214846953
2025-07-17,0.0006234034141330404,0.0006408693836733715,-0.0006035693481421893,9.856329049503138e-05,0.0021871404755396335,0.0008264919983772359,0.0003416614724230814,0.0003287331090454221,-0.0004983319285319907,-0.0006289856912076173,0.0012323403447238414,0.0008938891504879755,0.0004330747958855251,0.0004201464325078659,-0.0003708639506656168,-0.0005015177133412433,0.0013415108797902465,0.0010030596855543806,0.005952365634483314,0.006119649327969823
2025-07-18,0.0010063797523835272,0.0003928304042212968,-0.00020393818640623842,0.0005106646218041577,0.006302701579456972,0.0006125070280717823,0.0011295656134631558,0.0009268620745508553,0.000486343790074829,0.0002911163542573988,0.0029592375036706646,0.0016191792960806846,0.0009161825090917931,0.0007134789701794929,0.0001887994957112002,-6.427940106229989e-06,0.00270440432622993,0.0013643461186399503,0.01479289918567872,-0.0007323752525193461
2025-07-21,0.002157091031588084,0.0015477053638097455,0.0031466489919423175,0.0024230437743149773,0.0011857798803082708,0.0013086288023662505,0.001627910398708412,0.001461216766108781,0.0017494684985523113,0.0017332916153397582,0.0010624616934092948,0.0012299756638890697,0.001475613212270628,0.0013089195796709972,0.0015371032365241988,0.0015209263533116457,0.0008805804894144344,0.0010480944598942092,-0.003692890850205941,0.0018961764380651669
2025-07-22,0.0030377770974311254,0.002064193804433234,0.004134031043671123,0.002293144399977409,-0.001993879578619295,0.0015089694762278553,0.001901883145120897,0.001648387769647059,0.00215091705074014,0.0020700761242743227,0.0005850964340319857,0.001360562134566171,0.0017192557610100523,0.0014657603855362145,0.0018962589497774406,0.0018154180233116233,0.00036699333389308855,0.001142459034427274,-0.006876272658664084,0.00014308223598114012
2025-07-23,-0.0011416700509501167,0.0011449360446012954,-0.0018028112747180598,0.001055009679211294,0.0032539623611734544,0.001642692708538044,-0.0007420432204369233,-0.00011341776376652371,-0.0012919601304005593,-0.0010016242366229096,0.0017510204523844353,0.0010885651025261257,-0.0005291248912856598,9.95005653847397e-05,-0.0009950639249065225,-0.0007047280311288728,0.002005298571136327,0.0013428432212780174,0.002967389280768451,0.008507516372031176
2025-07-24,-0.001497224935357163,-0.0025284672652118186,-0.002211796569701237,-0.0030889346908655004,0.0013545521976597679,-0.0013034308030849507,-0.0014080417542959279,-0.0017048801546076277,-0.001528763037166232,-0.0018378729370062087,-0.0004558243141668177,-0.0009972792813235294,-0.0011949429211102727,-0.0014917813214219726,-0.001231615134398875,-0.0015407250342388517,-0.0002013306281292198,-0.0007427855952859316,0.005917144626156334,0.0003310590028946514
2025-07-25,0.001236907378920978,-0.00019485116852211186,0.0008829169922671687,-0.0003117953144156823,0.0011484544734031525,-0.00043308777710977645,0.0009452874859126107,0.000539814670158615,0.0008333618872823907,0.000672141097251575,0.0004329671865304186,4.6777994668547034e-05,0.0007929349209332107,0.00038746210517921504,0.0006209194046648761,0.0004596986146340605,0.0002510198466071132,-0.00013516934525475836,-0.00196075439453125,0.004224319453948855
2025-07-28,-5.562994389292841e-05,-0.0014426036900378162,-0.0012795348453370676,-0.001654478016936689,0.0018294677349987385,-7.624162415595645e-06,-0.0005343028258649084,-0.0009469465859209954,-0.0009320538516471881,-0.0012208790224623447,0.0007450517223322189,0.0002746371609899668,-0.0005038461234556337,-0.0009164898835117205,-0.0008895846127929289,-0.0011784097836080856,0.0007814246969976114,0.00031101013565535925,0.0029469097580552273,-0.0002510958258695739
2025-07-29,0.0029114757850549067,5.487278894682981e-05,0.003769307355730426,0.00042231321344756334,-0.001806345415210352,0.00033439250240773703,0.0019679203491278466,0.0011799689192734145,0.00231840274364189,0.002032016063428677,-0.00014547089888553607,0.0005635607000126213,0.0017547440661627427,0.0009667926363083104,0.0020211468438517946,0.0017347601636385815,-0.0004000570794692566,0.0003089745194289007,-0.01175315343953065,-0.002637599568784843
2025-07-30,-0.001615491523305263,-8.999652948811948e-05,-0.0024742872375045724,-0.0005591037873639015,0.006664202023800986,0.0011165105279107236,-0.0015357750243415083,-0.0011213081385413103,-0.002044543500172328,-0.002028765396170909,0.002561857835208264,0.0008671180509333647,-0.0012619102116358093,-0.0008474433258356113,-0.0016626626915318824,-0.0016468845875304637,0.0028889214076340624,0.001194181623359163,0.010901867764976814,-0.0012593076546151272
2025-07-31,0.003031397321976646,-0.001555736756004005,0.0019685975202945087,-0.0014535161177892295,0.005614408621192183,-0.0020721733696120676,0.000809718093725648,-0.0005118001043888238,8.065747130054762e-05,-0.0009611193773214157,0.0003600062429682153,-0.0013834038635730894,0.000809718093725648,-0.0005118001043888238,8.065747130054762e-05,-0.0009611193773214157,0.0003600062429682153,-0.0013834038635730894,0.010784298765893041,-0.003751229077306739
2025-08-01,-0.0033115117700041447,0.0026604080031219605,-0.0038569663154586903,0.0021149534576674154,-0.003720602679095054,0.001704127065515597,0.001386259698611615,0.0032715177119139616,0.0010233501081296178,0.002819761104947546,0.0008675200103376985,0.0020999805975421655,0.0007778675232268614,0.002663125536529208,0.0005636714021493755,0.002360082398967304,0.00033237043256573076,0.0015648310197701979,-0.00872940387195853,-0.01639040328219421
2025-08-04,-0.0009169021559206018,0.003396104261243533,-0.0009169021559206018,0.003396104261243533,-0.0009169021559206018,0.0023547993802888797,0.0009731282706319205,0.0023525974194755976,0.0009731282706319205,0.0023525974194755976,0.0009731282706319205,0.0015932543965559384,0.0007716143118644321,0.0021510834607081095,0.0007716143118644321,0.0021510834607081095,0.0007716143118644321,0.0013917404377884498,-0.005870826732264578,0.01519978873502148
2025-08-05,0.008528042745954504,0.0004567860414124563,0.008528042745954504,0.0004567860414124563,0.008528042745954504,0.00014481130014995264,0.0027420784585534697,-3.4528811463363225e-06,0.0027420784585534697,-3.4528811463363225e-06,0.0027420784585534697,0.00026000881799103184,0.002825186269932216,7.965493023240957e-05,0.002825186269932216,7.965493023240957e-05,0.002825186269932216,0.00034311662936977773,0.012795305819703673,-0.0050699689365404366
2025-08-06,-0.00431856626113005,0.0005545931417962184,-0.00431856626113005,0.0005545931417962184,-0.00431856626113005,5.714304645813724e-05,-0.0011113070604514687,0.0005849538997466737,-0.0011113070604514687,0.0005849538997466737,-0.0011113070604514687,4.407761792542866e-06,-0.0012183886618171308,0.00047787229838101164,-0.0012183886618171308,0.00047787229838101164,-0.0012183886618171308,-0.00010267383957311926,-0.008746370384188573,0.007659695237280717
2025-08-07,0.01237307565191684,-0.0001435678187487516,0.01237307565191684,-0.0001435678187487516,0.01237307565191684,0.0001038036244920271,0.0038940164809061436,-0.0005484422631700466,0.0038940164809061436,-0.0005484422631700466,0.0038940164809061436,0.0006418235103516736,0.004020760366286908,-0.00042169837778928225,0.004020760366286908,-0.00042169837778928225,0.004020760366286908,0.000768567395732438,0.028431387508616623,-0.0008376201402309214
2025-08-08,0.001483196520726502,0.0009200085935519829,0.001483196520726502,0.0009200085935519829,0.001483196520726502,0.0007959824372091408,0.0002810784113802833,6.0553724077228895e-05,0.0002810784113802833,6.0553724077228895e-05,0.0002810784113802833,-2.048216711212931e-05,0.0003145591646986377,9.403447739558335e-05,0.0003145591646986377,9.403447739558335e-05,0.0003145591646986377,1.299858620622515e-05,0.0,0.007797536853746623
2025-08-11,0.0025597475042699047,-0.0012212304153722845,0.0025597475042699047,-0.0012212304153722845,0.0025597475042699047,-0.0011902661204938275,0.0009063467200776889,-0.0003596922104288713,0.0009063467200776889,-0.0003596922104288713,0.0009063467200776889,-0.00013314408245236213,0.0009063467200776889,-0.0003596922104288713,0.0009063467200776889,-0.0003596922104288713,0.0009063467200776889,-0.00013314408245236213,0.007626267023131739,-0.0019774785462639555
2025-08-12,-0.0008609115129755453,-0.0002623333391812119,-0.0008609115129755453,-0.0002623333391812119,-0.0008609115129755453,-0.0006030448199718248,0.0005344883724267433,0.0007267642480560248,0.0005344883724267433,0.0007267642480560248,0.0005344883724267433,0.0005791665652371927,0.00030832770552604373,0.0005006035811553253,0.00030832770552604373,0.0005006035811553253,0.00030832770552604373,0.0003530058983364931,0.0009461315648342516,0.010646024206171889
2025-08-13,0.005859195508287709,0.001452785480135479,0.005859195508287709,0.001452785480135479,0.005859195508287709,0.0011133402731674919,0.003448297463429135,0.001970836822600393,0.003448297463429135,0.001970836822600393,0.003448297463429135,0.0020578593513446352,0.0031059098778704413,0.001628449237041699,0.0031059098778704413,0.001628449237041699,0.0031059098778704413,0.0017154717657859408,0.008506558322536995,0.0034231312120525104
2025-08-14,-0.00205031773996262,6.868077887391767e-05,-0.00205031773996262,6.868077887391767e-05,-0.00205031773996262,-0.0006691670816575503,-0.0017576145639100521,-0.001044974735421905,-0.0017576145639100521,-0.001044974735421905,-0.0017576145639100521,-0.0016296175487956956,-0.0014552374302926616,-0.0007425976018045145,-0.0014552374302926616,-0.0007425976018045145,-0.0014552374302926616,-0.0013272404151783053,-0.0037487713957330415,9.303533506632711e-05
2025-08-15,0.0012923419642673778,-0.0007511059653366937,0.0012923419642673778,-0.0007511059653366937,0.0012923419642673778,-0.0006596211681840768,0.00023129014735799792,-0.00038509796523597593,0.00023129014735799792,-0.00038509796523597593,0.00023129014735799792,-0.00033498272768373353,0.00025463178210198496,-0.0003617563304919889,0.00025463178210198496,-0.0003617563304919889,0.00025463178210198496,-0.0003116410929397466,0.0,-0.002341281862229483
2025-08-18,0.001075350202440636,-0.0002667578760760842,0.001075350202440636,-0.0002667578760760842,0.001075350202440636,-0.00014464983631298526,7.293429156047209e-05,-0.0003998360205987059,7.293429156047209e-05,-0.0003998360205987059,7.293429156047209e-05,-0.000216288046188752,0.0001087310020986916,-0.00036403931006048643,0.0001087310020986916,-0.00036403931006048643,0.0001087310020986916,-0.00018049133565053248,0.0028221581726315392,-0.00021760326977848798
2025-08-19,-0.0018266691392319675,-0.00038203830109221037,-0.0018266691392319675,-0.00038203830109221037,-0.0018266691392319675,-5.6664514542216104e-05,-0.00038283496130196514,8.312814748277421e-05,-0.00038283496130196514,8.312814748277421e-05,-0.00038283496130196514,0.00018387715658215576,-0.0004498111709053003,1.6151937879439003e-05,-0.0004498111709053003,1.6151937879439003e-05,-0.0004498111709053003,0.00011690094697882054,-0.0018761440066130675,-0.005425136484688009
2025-08-20,-0.013868429943623382,-0.0006185274939221659,-0.013868429943623382,-0.0006185274939221659,-0.013868429943623382,-0.0002266752258458616,-0.004817066608027028,-0.00017390863316257227,-0.004817066608027028,-0.00017390863316257227,-0.004817066608027028,-0.0009172864518063352,-0.004858308341925406,-0.00021515036706094956,-0.004858308341925406,-0.00021515036706094956,-0.004858308341925406,-0.0009585281857047124,-0.028195488317453887,-0.0026570578976855552
2025-08-21,0.003798483628326304,-0.00024978554140386855,0.003798483628326304,-0.00024978554140386855,0.003798483628326304,-0.0002825817801863236,0.00034818452191688197,-0.0010582227203178494,0.00034818452191688197,-0.0010582227203178494,0.00034818452191688197,-0.0008360094724290775,0.0005757934463850786,-0.0008306137958496528,0.0005757934463850786,-0.0008306137958496528,0.0005757934463850786,-0.0006084005479608808,0.005802693087687549,-0.004011843753210287
2025-08-22,-0.0006633990491107848,0.0015201742206091677,-0.0006633990491107848,0.0015201742206091677,-0.0006633990491107848,0.001880790241389995,0.00276859185019844,0.003523876651338587,0.00276859185019844,0.003523876651338587,0.00276859185019844,0.0035227541349926983,0.0020243859799499307,0.0027796707810900773,0.0020243859799499307,0.0027796707810900773,0.0020243859799499307,0.002778548264744189,-0.004807692307692291,0.015356793254796441
2025-08-25,0.008485752151524422,1.1330407044525705e-05,0.008485752151524422,1.1330407044525705e-05,0.008485752151524422,0.00020882027429445436,0.0020858844907405603,-0.0008201479251969591,0.0020858844907405603,-0.0008201479251969591,0.0020858844907405603,-3.2301156226259564e-05,0.0022596323562677845,-0.000646400059669735,0.0022596323562677845,-0.000646400059669735,0.0022596323562677845,0.00014144670930096458,0.01835750266549674,-0.0044010272058598865
2025-08-26,0.0013721948260125847,7.632831381811686e-06,0.0013721948260125847,7.632831381811686e-06,0.0013721948260125847,0.0009312335198720203,0.0012515426030792736,0.0007294543025606313,0.0012515426030792736,0.0007294543025606313,0.0012515426030792736,0.0012223493047425838,0.0010065806130208034,0.000484492312502161,0.0010065806130208034,0.000484492312502161,0.0010065806130208034,0.0009773873146841138,0.0009487521126509968,0.004186969919329098
2025-08-27,0.004160673982684876,0.000489582922028003,0.004160673982684876,0.000489582922028003,0.004160673982684876,0.0004562577133165779,0.002009306778196312,0.0007824610937213099,0.002009306778196312,0.0007824610937213099,0.002009306778196312,0.0009992246645153348,0.0018318584220148439,0.000605012737539842,0.0018318584220148439,0.000605012737539842,0.0018318584220148439,0.0008217763083338669,0.004739336492890933,0.0022785538462906096
2025-08-28,-0.0022962930100926186,0.0008046365696057312,-0.0022962930100926186,0.0008046365696057312,-0.0022962930100926186,0.0009045755603750528,-0.0006655076391967185,0.0004201403344825335,-0.0006655076391967185,0.0004201403344825335,-0.0006655076391967185,0.0001249126804774535,-0.0006302294557630173,0.0004554185179162347,-0.0006302294557630173,0.0004554185179162347,-0.0006302294557630173,0.0001601908639111547,-0.009433962264150941,0.003541403909580021
2025-08-29,0.0014492386875441772,-0.0002742848245190979,0.0014492386875441772,-0.0002742848245190979,0.0014492386875441772,9.255506552281872e-05,-5.034352200406557e-05,-0.0004836622839135796,-5.034352200406557e-05,-0.0004836622839135796,-5.034352200406557e-05,-0.00032202152918381355,-9.916194048414397e-05,-0.0005324807023936579,-9.916194048414397e-05,-0.0005324807023936579,-9.916194048414397e-05,-0.0003708399476638919,0.0,-0.0059637477949624484
2025-09-01,-0.007448784599139956,0.0011408749636861806,-0.004873656155017244,0.002449577528066667,-0.004873656155017244,0.0021482209104459345,-0.0040836925909662255,0.0010803147199856078,-0.0015820116044564878,0.0009317533370035664,-0.0015820116044564878,0.00046490072078616683,-0.003823222018356892,0.0013407852925949408,-0.0015820116044564878,0.0009317533370035664,-0.0015820116044564878,0.00046490072078616683,-0.00952380952380949,
2025-09-02,0.0007354456532793971,-0.000884695086706773,0.0002866699501881063,0.00021740547996984994,0.0002866699501881063,-0.00021645204642033617,0.0003688832533794969,-0.000521437171744217,-0.000446888244776892,-0.0005120543776582558,-0.000446888244776892,-0.0007629641772102523,0.00038784651567224537,-0.0005024739094514686,-0.00031267601979518113,-0.00037784215267654494,-0.00031267601979518113,-0.0006287519522285416,0.0,-0.007410229210411012
2025-09-03,0.0021303177208352292,0.0016426096429663806,0.002209252416742141,0.0020291374794837247,0.002209252416742141,0.002095568731851632,0.002314134484723345,0.00205886825418307,0.0019708661103473918,0.0019510405774304444,0.0019708661103473918,0.0019476812839660552,0.002286948894669707,0.002031682664129432,0.0017211324051954547,0.0017013068722785073,0.0017211324051954547,0.0016979475788141182,-0.0009615237896258844,0.005419542688669621
2025-09-04,0.0013081598234181366,-0.000840079490469975,0.005044406184705142,0.0014076375517673662,0.005044406184705142,0.0011084846472216052,0.0024878348748597835,0.0009406643722894979,0.0030829882170664486,0.0018796135125470608,0.0030829882170664486,0.0019279978235967284,0.002460665543532488,0.0009134950409622023,0.0028336838472603296,0.0016303091427409418,0.0028336838472603296,0.001678693453790609,0.0067372178822138196,0.008357419089116691
2025-09-05,0.007334146283175907,0.0025596492609117117,0.00728586495713907,0.001966257596912541,0.00728586495713907,0.001966257596912541,0.005520230279835619,0.0025891770626054285,0.003579852018910917,0.0017822453042540764,0.003579852018910917,0.0020853734269072784,0.005465937900340744,0.002534884683110553,0.00331972088181677,0.0015221141671599293,0.00331972088181677,0.0018252422898131313,0.010516237955713104,-0.002896236284437803
2025-09-08,0.004750745453338895,0.001838947375808914,0.004462406823928016,0.0006962323995695277,0.004462406823928016,0.0007956250780137742,0.003298880998874016,0.0014791652236906196,0.0020713048767609897,0.0007150934759909285,0.0020713048767609897,0.0011612384272015849,0.0032762896125859316,0.0014565738374025348,0.0019729480671045146,0.0006167366663344539,0.0019729480671045146,0.0010628816175451102,0.009460738210708364,0.002456626412859597
2025-09-09,0.004156050993452592,-0.00017677079473554238,0.006420692029990456,0.001566711941311638,0.006420692029990456,0.0011687124059681136,0.002896574546787923,0.0003569718378617738,0.0016475011526013977,-6.316789738196994e-05,0.0016475011526013977,-2.3196947016166562e-05,0.0029281813596321654,0.00038857865070601646,0.0018385360662115425,0.00012786701622817518,0.0018385360662115425,0.0001678379665939785,0.0103093358479589,0.002311853583358836
2025-09-10,0.00872780579117348,0.0009346738202116678,0.00788658579025616,0.0006094533764937525,0.00788658579025616,0.0001801724019397125,0.005487741394450558,0.0008908709857176296,0.003397132105961349,0.0007440043816873919,0.003397132105961349,0.0011870981975814654,0.005483221337762487,0.0008863509290295585,0.0033417980904486434,0.0006886703661746866,0.0033417980904486434,0.0011317641820687598,0.01948050477431651,0.0028908474672986184
2025-09-11,0.005025684319956547,0.0023056595496607655,0.0033820345378094367,0.00019086602532841275,0.0033820345378094367,0.0004537987938401403,0.0025723385761471716,0.0011158733506826202,0.0020593471555037293,0.0009421842700145864,0.0020593471555037293,0.0013619528700535431,0.002558783489338279,0.0011023182638737277,0.001881562927788816,0.0007644000422996735,0.001881562927788816,0.0011841686423386302,0.009099180947368168,0.008310180352278485
2025-09-12,0.0011320560800956402,0.0001511146745290237,0.0024813915349212886,0.00045450998003383395,0.0024813915349212886,0.00019081453561642375,0.0008723469049650781,6.508435628918936e-05,0.0005615861680472172,-0.00024060041461552054,0.0005615861680472172,-9.923442759725168e-05,0.0008768647816869044,6.960223301101584e-05,0.0006286461512479798,-0.00017354043141475792,0.0006286461512479798,-3.217444439648906e-05,0.009918831911507331,-0.00033458287585352853
2025-09-15,0.002386476516001901,0.0008237866271964488,0.0006930453409262703,0.0005719729816569088,0.0006930453409262703,0.0004733708426606365,0.0017069185733973031,0.000746193420793733,0.0011510065648456577,0.001162946520026618,0.0011510065648456577,0.0010966140266997508,0.0016933667550827025,0.0007326416024791324,0.0009556247953537232,0.0009675647505346832,0.0009556247953537232,0.0009012322572078163,0.0,0.005323922883704979
2025-09-16,0.004648687418333892,-0.0007133233804804738,0.006729488977913367,0.0006600906207743734,0.006729488977913367,0.000824249468552721,0.0033671751289367233,0.0002383068620054401,0.002354861504598187,0.0001910504000066261,0.002354861504598187,0.0007245816206208732,0.0033491114232973625,0.00022024315636607922,0.002311696359461103,0.00014788525486954203,0.002311696359461103,0.0006814164754837891,0.013392857142857206,-0.0013768488621856978
2025-09-17,-0.002229440998748811,-0.00013679257574139014,-0.003852275444176444,-0.0009673037867738382,-0.003852275444176444,-0.0006055135439375637,-0.002216488241707587,-0.0007683136500503203,-0.0019995766393892883,-0.00095629278306313,-0.0019995766393892883,-0.00100120359555692,-0.002198433241667781,-0.0007502586500105137,-0.001873636752066757,-0.0008303528957405985,-0.001873636752066757,-0.0008752637082343886,-0.007048485037513763,-0.0012424353397253451
2025-09-18,0.003048776421031046,-0.0010190476128029869,0.004164563784332418,-0.0007340830677159406,0.004164563784332418,-0.0009322122637859859,0.0015149909645106254,-0.001085267876358955,0.001629166334345919,-9.518477487054165e-05,0.001629166334345919,0.00010246488958258639,0.0015285378824152558,-0.0010717209584543246,0.0015815330619246475,-0.00014281804729181333,0.0015815330619246475,5.483161716131476e-05,0.010647778262033336,0.004672497836806455
2025-09-19,-0.000480594903218229,-0.0007618479890194596,6.522326727387295e-05,0.00019635669546200977,6.522326727387295e-05,-6.724317031153222e-05,0.0002921968273730953,-0.00011880611971160151,0.00016154460512230137,0.00026652241096260747,0.00016154460512230137,0.00010998999291663583,0.0002786450090584947,-0.00013235793802620217,8.481494787838663e-05,0.00018979275371869273,8.481494787838663e-05,3.3260335672721075e-05,0.0008779497171329531,0.004939151380382794
2025-09-22,0.004087823961874021,0.0009993620189614194,0.0037095152279496097,0.0008783909620288166,0.0037095152279496097,0.0007469752243791749,0.00263229475271196,0.0005267903878216264,0.0011589541487958353,0.0001693390412250227,0.0011589541487958353,0.00034008228616998356,0.002650358458351325,0.0005448540934609914,0.0012021543640311613,0.0002125392564603487,0.0012021543640311613,0.00038328250140530956,0.007017570629454406,0.004731075170536503
2025-09-23,0.005108265662019006,4.1899198889550045e-05,0.007831056373101159,0.0014389123727844946,0.007831056373101159,0.001668562637332838,0.004089099266306746,0.0010237262903155147,0.0029966213545726283,0.0006358152395828594,0.0029966213545726283,0.001388003224894812,0.0040755458133185304,0.0010101728373272984,0.0029730314136417507,0.0006122252986519815,0.0029730314136417507,0.001364413283963934,0.01829266914892247,-0.005443591771073009
2025-09-24,0.0010314663641226571,0.00137957607179095,-0.0017042816043702854,0.00014305850647548682,-0.0017042816043702854,-0.00021873800970862903,-0.00016541343033076272,0.0002519210139536788,-0.001227663573219419,-0.0006229038529966253,-0.001227663573219419,-0.0008092786596360478,-0.00014735099227920117,0.0002699834520052404,-0.0010840403760824751,-0.0004792806558596815,-0.0010840403760824751,-0.0006656554624991039,-0.0008554189291345438,-0.0031815658943793457
2025-09-25,0.0014121077112987767,0.0008437993482157734,-0.002896167947619488,-0.0018356913644288588,-0.002896167947619488,-0.0016063721348654849,-0.0005923191154505862,-0.0008800761525075188,-0.0020894415771699594,-0.0017605766621073935,-0.0020894415771699594,-0.0017766982376523494,-0.0005606859830603499,-0.0008484430201172826,-0.0018156579557593938,-0.0014867930406968278,-0.0018156579557593938,-0.0015029146162417837,-0.0034246705087982443,-0.004613504621998388
2025-09-26,-0.007259371089545991,4.402922366749106e-05,-0.007243227132657126,0.00044643600269197753,-0.007243227132657126,0.0005121232647228605,-0.004228291582722515,0.0003124024906178908,-0.0019997326439617465,0.0008104556496329664,-0.0019997326439617465,0.0002888321083020076,-0.004250904786397724,0.00028978928694268157,-0.0021931057287691014,0.0006170825648256115,-0.0021931057287691014,9.545902349465272e-05,-0.016323036949930647,0.0057290777314567
2025-09-29,0.0008268533532640122,0.0008268533532640122,0.0007568765181449939,0.0007568765181449939,0.0007568765181449939,0.0007568765181449939,0.0010206354554690043,0.0010206354554690043,0.001032156332999998,0.001032156332999998,0.001032156332999998,0.001032156332999998,0.0010070770973408683,0.0010070770973408683,0.0008902369292351046,0.0008902369292351046,0.0008902369292351046,0.0008902369292351046,,0.0028104096748033935
2025-09-30,0.006850262929616737,0.0026527764778267074,0.008798591909431391,0.00355955159486016,0.008798591909431391,0.0027707532893249775,0.0055203717001439155,0.0026131099271177495,0.00330548056360039,0.0014396983911790118,0.00330548056360039,0.0013456404932573804,0.005502299280505761,0.002595037507479595,0.0032445289918040117,0.0013787468193826328,0.0032445289918040117,0.0012846889214610014,0.009606973573109912,0.003766875644270362
2025-10-01,0.0013756243370317272,0.00026873563031840325,0.00041246644229488497,-0.00012707776681078334,0.001851585596084425,0.0009650569367071981,0.0006175672155489483,0.0007031202250764555,0.0006546740472421677,0.0008495025770220628,0.0018593630119013989,0.0015783447072831205,0.0006148685049396738,0.000700421514467181,0.0005566222802210397,0.0007514508100009346,0.001581332688134258,0.0013003143835159795,0.0051902982875506876,0.0034075168215907947
2025-10-02,0.008917981803005775,0.0006064857881994341,0.008917981803005775,0.0006064857881994341,0.008043966114390975,0.00020754266475657296,0.00336079873222057,0.00038515996649154775,0.00336079873222057,0.00038515996649154775,0.0029363735085860113,0.000867510569357325,0.003323106717200734,0.0003474679514717113,0.003323106717200734,0.0003474679514717113,0.002914770602946253,0.0008459076637175669,0.018932914246259758,0.0011518565068935338
2025-10-03,0.006058305209410642,-0.0013718164057445574,0.006058305209410642,-0.0013718164057445574,0.004435517760353255,-0.0008607375583947752,0.001326479423635604,-0.001110845067479115,0.001326479423635604,-0.001110845067479115,0.0010047736218530485,-0.0002924834283198049,0.0013830109838798006,-0.0010543135072349186,0.0013830109838798006,-0.0010543135072349186,0.0011172407093815832,-0.00018001634079127022,0.01435808214808687,-1.4866158967619114e-05
2025-10-06,-0.00032242004618906296,-0.00032242004618906296,-0.00032242004618906296,-0.00032242004618906296,-0.0005569073525083816,-0.0005569073525083816,-0.0005762378312727642,-0.0005762378312727642,-0.0005762378312727642,-0.0005762378312727642,-0.0004908225135686114,-0.0004908225135686114,-0.0005385268800410107,-0.0005385268800410107,-0.0005385268800410107,-0.0005385268800410107,-0.00046329116973514944,-0.00046329116973514944,,0.003586263355458641
2025-10-07,0.013259155662208418,0.0012809627901313751,0.013259155662208418,0.0012809627901313751,0.011801560098126284,0.0028921100863581965,0.004516574955103218,0.0007134253613900008,0.004516574955103218,0.0007134253613900008,0.00443920248548743,0.0019784515324379097,0.004441149210281738,0.0006379996165685216,0.004441149210281738,0.0006379996165685216,0.004413811419742478,0.0019530604666929564,0.02747712817389325,-0.003707494362329311
2025-10-08,-0.003087800367440829,0.0005328457892667116,-0.003087800367440829,0.0005328457892667116,-0.0012716903490421257,0.0013702296898890102,-0.0010201511604724768,-6.344171332156424e-05,-0.0010201511604724768,-6.344171332156424e-05,-0.000890145599634618,-0.0002869527713770572,-0.00100131461704588,-4.460516989496726e-05,-0.00100131461704588,-4.460516989496726e-05,-0.0007991414854455761,-0.00019594865718801537,-0.008914088010691046,0.005963041402874625
2025-10-09,0.005607043795789987,0.001219574748972432,0.005607043795789987,0.001219574748972432,0.0029546251671928748,-0.0004743553125708753,0.0018099778731442723,-1.084777554682606e-05,0.0018099778731442723,-1.084777554682606e-05,0.0001979393739809089,-0.0006141924998783621,0.0018288310710424173,8.005422351318472e-06,0.0018288310710424173,8.005422351318472e-06,0.0003545472654501141,-0.000457584608409157,0.0073589033035714735,-0.0028970186885769467
2025-10-10,0.00025623138867911086,0.00025623138867911086,0.00025623138867911086,0.00025623138867911086,0.0004425814895366461,0.0004425814895366461,0.0006887417772149764,0.0006887417772149764,0.0006887417772149764,0.0006887417772149764,-0.0001560226559245404,-0.0001560226559245404,0.00042482264864793413,0.00042482264864793413,0.00042482264864793413,0.00042482264864793413,-0.0001512769337745157,-0.0001512769337745157,,-0.027027764376787222
2025-10-13,-0.0110978918917047,-0.0027201395763614246,-0.0110978918917047,-0.0027201395763614246,-0.004189924449129841,0.0018300084995065918,-0.003157379716726322,0.00020739629276242183,-0.003157379716726322,0.00020739629276242183,0.0006536493785384342,0.0024089332978703224,-0.003458486237436212,-9.371022794746851e-05,-0.003458486237436212,-9.371022794746851e-05,3.8751523275436716e-05,0.0017940354426073252,-0.009740235210771275,0.015344029580113494
2025-10-14,0.0002304158287830962,0.002961936943897078,0.0002304158287830962,0.002961936943897078,0.0014872063174890386,0.002885553845696806,0.0007115029766309488,0.001517478423609074,0.0007115029766309488,0.001517478423609074,0.0008547407598299215,0.0012309919585859633,0.0008241987043604928,0.0016301741513386181,0.0008241987043604928,0.0016301741513386181,0.0009188091761464922,0.001295060374902534,-0.0049180202796811345,-0.0012216421112398734
2025-10-15,0.007467631496908561,-0.00014812073004398158,0.007467631496908561,-0.00014812073004398158,0.00722918621177267,0.0006102183678327347,0.0021340640120848407,-1.8611014431536886e-05,0.0021340640120848407,-1.8611014431536886e-05,0.0031674112227785657,0.0013539596234548481,0.0022092535669139208,5.657854039754285e-05,0.0022092535669139208,5.657854039754285e-05,0.003091016852718415,0.001277565253394697,0.01812188567207884,0.00443954899070742
2025-10-16,0.012874715151507067,0.0023121688828568613,0.012874715151507067,0.0023121688828568613,0.009051526183093633,0.0010764242605021098,0.004960276928909645,0.0014897171597923493,0.004960276928909645,0.0014897171597923493,0.0033001351144191855,0.0009720848121468756,0.004753409576994534,0.0012828498078772373,0.004753409576994534,0.0012828498078772373,0.003256241580156294,0.0009281912778839837,0.019417488313168585,-0.006810241559458086
2025-10-17,-0.006324254299005055,0.0011424960154342576,-0.006324254299005055,0.0011424960154342576,-0.0033466904441464534,0.0027867424424825194,-0.002442241600323165,0.0003073024882450287,-0.002442241600323165,0.0003073024882450287,-0.0007670665802776691,0.0008692718748098485,-0.002423456463474004,0.0003260876250941889,-0.002423456463474004,0.0003260876250941889,-0.0008726500549522343,0.0007636884001352834,-0.01507937718951513,0.0056763137515907225
2025-10-20,0.007461809198146037,-0.0015573498671148946,0.007461809198146037,-0.0015573498671148946,0.004905085274099314,-0.001786091155166753,0.003632697208420787,5.9252529395710274e-05,0.003632697208420787,5.9252529395710274e-05,0.002322351314213333,0.000541813861697407,0.0036139098102705453,4.046513124546862e-05,0.0036139098102705453,4.046513124546862e-05,0.002207565269898522,0.00042702781738259565,0.016921825140545854,0.010400477117627371
2025-10-21,0.006254094100330275,0.0030098378370578245,0.006254094100330275,0.0030098378370578245,0.004618843452305394,0.0018348378286360367,0.0028409858700687873,0.0011407671180834597,0.0028409858700687873,0.0011407671180834597,0.0013508803785825117,0.0005332049871907481,0.002803415596370467,0.0011031968443851394,0.002803415596370467,0.0011031968443851394,0.0013828385306673193,0.0005651631392755555,0.0015848223650809512,-1.4911017141350236e-05
2025-10-22,-0.004845164072824052,-0.002317570202053517,-0.004845164072824052,-0.002317570202053517,-0.006935693632829097,-0.003968133900795907,-0.0013679238214430957,-0.0006882290794377444,-0.0013679238214430957,-0.0006882290794377444,-0.0026582273634039736,-0.0017414789339544956,-0.0013679238214430957,-0.0006882290794377444,-0.0013679238214430957,-0.0006882290794377444,-0.0026106726936534876,-0.0016939242642040097,-0.007911392309558285,-0.005198930936866852
2025-10-23,-0.004996027939974871,-0.001125424186161677,-0.004996027939974871,-0.001125424186161677,-0.0041820439315248,-0.0013307826433327005,-0.0022605007522639416,-0.0006853852020937899,-0.0022605007522639416,-0.0006853852020937899,-0.0013800120796730298,-0.0006782669345933471,-0.002147831382398443,-0.0005727158322282912,-0.002147831382398443,-0.0005727158322282912,-0.0013693667507836697,-0.0006676216057039869,-0.0055821735974401765,0.005929952148911788
2025-10-24,0.0003123802951825811,0.0003123802951825811,0.0003123802951825811,0.0003123802951825811,0.0005395659644062765,0.0005395659644062765,0.0007590211122171322,0.0007590211122171322,0.0007590211122171322,0.0007590211122171322,0.0010918748934001805,0.0010918748934001805,0.0006650645300047312,0.0006650645300047312,0.0006650645300047312,0.0006650645300047312,0.000863072517252922,0.000863072517252922,,0.008172546972973871
2025-10-27,0.018363288012171415,0.003460866192884893,0.018363288012171415,0.003460866192884893,0.012023449017965968,8.816361854077382e-05,0.007608690606972318,0.0015744219792577885,0.007608690606972318,0.0015744219792577885,0.004585999228096911,0.0013651259927058594,0.007646256359157068,0.0016119877314425385,0.007646256359157068,0.0016119877314425385,0.0045068450521427205,0.0012859718167516692,0.023255826759022158,0.011797696913067535
2025-10-28,-0.004454501365569398,-0.0022099879097990474,-0.004454501365569398,-0.0022099879097990474,-0.004488766849013963,-0.0024831621452912674,-0.0016024322600429457,-0.0009767700109209077,-0.0016024322600429457,-0.0009767700109209077,-0.0019209935355343104,-0.0012097718784821923,-0.0016212196581931874,-0.0009955574090711493,-0.0016212196581931874,-0.0009955574090711493,-0.0018933772119276919,-0.0011821555548755735,-0.00705330357869427,0.002656014462314449
2025-10-29,0.008150808787305114,-0.0010417166717825617,0.008150808787305114,-0.0010417166717825617,0.0062228725870763025,-0.0017268279860012316,0.001512731511996787,-0.0021428413584939415,0.001512731511996787,-0.0021428413584939415,0.00026670492634718514,-0.0018976799946568857,0.001813222057278062,-0.0018423508132126662,0.001813222057278062,-0.0018423508132126662,0.0007285377132487487,-0.0014358472077553221,0.016574634207556338,0.00048033227231458753
2025-10-30,-0.00029917491704825757,-4.9457322391103435e-06,-0.00029917491704825757,-4.9457322391103435e-06,-0.001326798181323449,-0.000923352590182583,-0.0005265146850475385,-0.0006413024953145902,-0.0005265146850475385,-0.0006413024953145902,-0.001232294080635961,-0.0009972867808232836,-0.0005453217030033399,-0.0006601095132703914,-0.0005453217030033399,-0.0006601095132703914,-0.0011629986209234634,-0.0009279913211107862,0.0,-0.010998119550020391
2025-10-31,0.0009473665409936403,-0.0015952372820912928,0.0009473665409936403,-0.0015952372820912928,0.002834251668744181,0.0007260723124032113,-2.375174041129648e-05,-0.00086151491259416,-2.375174041129648e-05,-0.00086151491259416,0.0009220837690975721,0.0004099558927103702,-8.020906051737722e-05,-0.0009179722327002407,-8.020906051737722e-05,-0.0009179722327002407,0.0008630820246569306,0.00035095414826972864,0.005434758786153848,0.0032802030105936186
2025-11-03,-0.0032295673766765324,-0.0002198681424165446,-0.0043542701452208305,-0.0001516297897344241,-0.004273045637546098,-0.0007223792805221072,-0.0017089664753761379,-0.0003135242429936829,-0.00216048515250432,-0.00046912732715158925,-0.0021397174341706866,-0.001364397177400859,-0.001553468390764561,-0.0001580261583821059,-0.0021661236197134002,-0.0004747657943606696,-0.0019016605914603704,-0.0011263403346905424,-0.009266385700711921,0.0018767107020742912
2025-11-04,-0.002516915299187444,-0.0001750638875206386,-0.002604153557891535,-7.446895467530378e-05,-0.002516915299187444,-0.00010894974776814763,-0.0011277157308893114,-0.00012340279827439886,-0.0007207317551351632,0.00034327477204411995,-0.0011277157308893114,9.700131225314801e-05,-0.001146273937642551,-0.0001419610050276386,-0.0007773316551965861,0.000286674871982697,-0.001146273937642551,7.844310549990828e-05,-0.003117704726145143,-0.011853596017736279
2025-11-05,-0.008561015368761093,-0.0009398268368268408,-0.009190829581717287,-0.0005642014330402567,-0.008561015368761093,-0.00045028603570484993,-0.004411045000577553,-0.00120080189280603,-0.004202315204306593,-0.0008647926965649476,-0.004411045000577553,-0.0012793407514432743,-0.00437394204262512,-0.0011636989348535976,-0.004089156441716331,-0.000751633933974685,-0.00437394204262512,-0.0012422377934908418,-0.012509761180865664,0.0034654743340312155
2025-11-06,0.006263042879632674,0.002452112815475913,0.007255530922646208,0.0023414479621893863,0.006263042879632674,0.0017604550197427278,0.004119945565472575,0.002460957903160421,0.004034766992489423,0.002127823696153951,0.004119945565472575,0.0017859264912853778,0.004058060860266633,0.00239907319795448,0.003846027413468652,0.0019390841171331792,0.004058060860266633,0.0017240417860794363,0.0023752606105666985,-0.010729388925125316
2025-11-07,-0.008117380655484787,-0.0005846167520095841,-0.00897030890620275,-0.00034103903992454513,-0.008117380655484787,9.593308095914494e-05,-0.004283989430965545,-0.0010641480081288767,-0.0037113633791031023,-0.00025615394104217123,-0.004283989430965545,-0.0003965607969699629,-0.004308714357060061,-0.0010888729342233936,-0.0037867708990528097,-0.0003315614609918789,-0.004308714357060061,-0.0004212857230644798,-0.011848341375032656,0.0009845789961884233
2025-11-10,0.006512360679468673,0.0006413743244684244,0.007120265022705456,0.000890744687180773,0.006512360679468673,0.0006882101613437314,0.0026298996728579727,0.0003099687203689972,0.0029431618325864908,0.00048604226228756835,0.0026298996728579727,0.0007782631608681586,0.0026422585224874437,0.0003223275699984678,0.0029808545721492765,0.0005237350018503539,0.0026422585224874437,0.0007906220104976292,0.012789756144178321,0.01560432239211762
2025-11-11,4.5845441713415315e-05,0.0011239802704821394,-0.00031030011052317856,0.0011196390992129475,4.5845441713415315e-05,0.0007822113747034675,0.001124889758448256,0.0014598418059499454,0.0011607949701866438,0.0012906387450898863,0.001124889758448256,0.0009513037616310695,0.0010816327647893862,0.0014165848122910756,0.0010288672709965147,0.0011587110458997569,0.0010816327647893862,0.0009080467679721997,-0.007103345841847353,0.0022892661907207845
2025-11-12,0.003840414766468377,4.492335543359184e-05,0.0031030596112496278,-0.0002448229814123679,0.003840414766468377,-0.0004077026280395167,0.0017671795460056652,0.00036313790609252667,0.0009552907890460294,-0.00024154454315469272,0.0017671795460056652,-0.00022427641561148363,0.001785701926992091,0.00038166028707895254,0.001011781425596799,-0.00018505390660392314,0.001785701926992091,-0.0002057540346250578,0.004769463112606065,0.0005563761095350728
2025-11-13,-0.002257181362694733,0.0011455446899925636,-0.00030167787903278534,0.002074877658722081,-0.002257181362694733,0.0018241402624181288,-0.0023666735145353047,-0.001252877439131004,-0.0014916436673087794,-0.000503362701121571,-0.0023666735145353047,-0.000577682541658251,-0.002335793272544191,-0.00122199719713989,-0.001397463306360678,-0.00040918234017346976,-0.002335793272544191,-0.0005468022996671369,-0.00474682331390841,-0.016594027882646856
2025-11-14,-0.011343076405986667,-0.0013639296245224945,-0.013027712068119571,-0.0009906212561777705,-0.011343076405986667,-0.0007237193326348394,-0.005784388856447801,-0.0014877337544202819,-0.005310924140138914,-0.0005482039985585443,-0.005784388856447801,-0.0010135572698627808,-0.005802929132156758,-0.0015062740301292385,-0.005367469353056912,-0.0006047492114765426,-0.005802929132156758,-0.0010320975455717374,-0.019077913097438337,-0.00016365894166792128
2025-11-17,-0.0014363541527443748,-0.0028538336299624555,-0.001566650048259884,-0.00332591407538866,-0.0014363541527443748,-0.002573643447645184,-0.0012553003255917445,-0.0016662184293099625,-0.0005431061000126343,-0.0013585514934937454,-0.0012553003255917445,-0.0009430333026951591,-0.001249120900777009,-0.001660039004495227,-0.0005242597302312416,-0.0013397051237123525,-0.001249120900777009,-0.0009368538778804238,0.0032415034111246133,-0.009316461288915168
2025-11-18,-0.013774272822094856,-0.0015145542129391505,-0.01530330050072844,-0.0011180976168229221,-0.013774272822094856,-0.0006062881005121524,-0.0071809681350988135,-0.0018120307038012018,-0.005795263104551824,-0.00022936523883360346,-0.0071809681350988135,-0.0007247872376230097,-0.007211864276515732,-0.0018429268452181211,-0.005889491956494964,-0.00032359409077674394,-0.007211864276515732,-0.0007556833790399288,-0.02342489058474806,-0.008397503213040225
2025-11-19,-0.002973404062016966,0.0005755721662711804,-0.0038118354199366644,0.0010774644952936557,-0.002973404062016966,0.001049926518274542,-0.0022020311914848615,-0.0004863565818907938,-0.0018664371217131754,0.00019177514537719134,-0.0022020311914848615,0.00016514749237569985,-0.0021958547494460652,-0.00048018013985199763,-0.001847599848975603,0.00021061241811476392,-0.0021958547494460652,0.00017132393441449608,-0.006617064033589526,0.003863149507556951
2025-11-20,0.017841197267836572,0.0017493055517750417,0.020532095817206608,0.001295115410950562,0.017841197267836572,0.0005725260123852601,0.009666900510694066,0.002698983114790547,0.008846498311272518,0.0013506359508494315,0.009666900510694066,0.0016718708456906017,0.009623669621086323,0.002655752225182804,0.008714650225738202,0.0012187878653151158,0.009623669621086323,0.0016286399560828586,0.03080769878972145,-0.015242255122032589
2025-11-21,-0.02112653172710454,-0.0017929314185320521,-0.02314827666060185,-0.001878817370772007,-0.02112653172710454,-0.0013617219452937966,-0.008455600037248658,-0.0005415237953887924,-0.007984406478164023,0.00035527619488269247,-0.008455600037248658,-0.0008404373257405797,-0.008517305649279697,-0.0006032294074198324,-0.008172599848386936,0.00016708282465978028,-0.008517305649279697,-0.0009021429377716197,-0.03311798063366367,0.009961227389035265
2025-11-24,0.003296924920056437,0.0009663924326581745,0.0024944941175731165,0.0004680807952801042,0.003296924920056437,-0.00020280457296241986,0.003601004886541122,0.002459462715887138,0.00270433364941791,0.0012579900070334173,0.003601004886541122,0.00046542674189165755,0.00359484034629971,0.0024532981756457263,0.0026855326754753376,0.001239189033090845,0.00359484034629971,0.0004592622016502457,-0.005012518708588876,0.014718526835907575
2025-11-25,0.009648422517883936,0.002025763490027023,0.010822578864753352,0.0024227052466438384,0.009648422517883936,0.0022214277496022403,0.004105917399726289,0.0010869241221217207,0.005124641666926831,0.001551163404918573,0.004105917399726289,0.0020463591498215325,0.004075107814301945,0.001056114536697377,0.005030676798492152,0.0014571985364838945,0.004075107814301945,0.0020155495643971884,0.01343407636120797,0.009405947461920139
2025-11-26,0.009373863227144402,0.00194506718316223,0.010599325522426699,0.001700624499172538,0.009373863227144402,0.0012784735461198013,0.005187161623976677,0.0019079636810766716,0.004336078291245532,0.0010415499754508036,0.005187161623976677,0.0012669751318398772,0.005193317014160632,0.0019141190712606269,0.0043548513588098385,0.0010603230430151094,0.005193317014160632,0.001273130522023832,0.016570008703957306,0.006903459171132775
2025-11-27,0.005071500025305392,0.00010375003857224349,0.005716849775921122,7.343082880692959e-05,0.005071500025305392,-0.00011262062831796577,0.002546103798652739,0.0003312213836709567,0.002118001081091365,0.0001848945486060722,0.002546103798652739,0.0002441939041580042,0.002546103798652739,0.0003312213836709567,0.002118001081091365,0.0001848945486060722,0.002546103798652739,0.0002441939041580042,0.008965005141602589,
2025-11-28,0.0038475255853310754,-0.0005240657429824811,0.00427139108981686,-0.00022837574101176655,0.0038475255853310754,-4.744684178136852e-05,0.000766887579102653,-0.0008902361823903013,0.0011536358085279573,-0.0003987199827511509,0.000766887579102653,0.0002522020532366511,0.000766887579102653,-0.0008902361823903013,0.0011536358085279573,-0.0003987199827511509,0.000766887579102653,0.0002522020532366511,0.007269740503222044,0.0054584834225450685
2025-12-01,-0.0053032270966502214,-0.0002983815215493567,-0.0058249662270850044,-0.0005386561210916908,-0.0053032270966502214,0.0005553169500410093,-0.0035974053261135872,-0.0025306160534723774,-0.003404339651397581,-0.0022668334380484,-0.003934478978236618,-0.001276184450521942,-0.003249213488058569,-0.00218242421541736,-0.0032134946616467247,-0.0020759884482975436,-0.0038907466154020675,-0.0012324520876873916,-0.013632694385291688,-0.004565467815318525
2025-12-02,0.0023115725802098164,0.0007850535579206702,0.0023115725802098164,0.0007850535579206702,0.0023115725802098164,0.00028797306675035336,0.0012729225886805346,0.0009675004035416985,0.0012729225886805346,0.0009675004035416985,0.002061642519459483,0.0004987011902270762,0.0011638957951977899,0.0008584736100589537,0.0011638957951977899,0.0008584736100589537,0.002030728697132205,0.0004677873678997986,0.0032520449258448547,0.0018522200441719594
2025-12-03,0.0041478271350730974,0.00027864178997409795,0.0041478271350730974,0.00027864178997409795,0.0041478271350730974,0.0001757050687762305,0.0015860410418372343,0.000878002634190843,0.0015860410418372343,0.000878002634190843,0.0023433270533556342,0.0009106055462934925,0.0014770634441679546,0.0007690250365215637,0.0014770634441679546,0.0007690250365215637,0.002312427180174141,0.0008797056731119995,0.009724448406838393,0.00346277529986061
2025-12-04,-0.0017379131861932021,-0.0008612480987958899,-0.0017379131861932021,-0.0008612480987958899,-0.0017379131861932021,-0.0010427738923995086,-0.001242529254551883,-0.0011207777382983102,-0.001242529254551883,-0.0011207777382983102,-0.00066099210328167,-0.0007991238771180049,-0.0011118483483457079,-0.0009900968320921352,-0.0011118483483457079,-0.0009900968320921352,-0.0006239384012789169,-0.0007620701751152517,-0.0016051119638154088,0.0007311117128343536
2025-12-05,0.004637105553978025,0.00031969860445417615,0.004637105553978025,0.00031969860445417615,0.004637105553978025,0.00045865496742885476,0.0005133979390990084,-0.0004144535617215391,0.0005133979390990084,-0.0004144535617215391,0.0016080394644286892,0.00018320339466616363,0.0005788023680821129,-0.00034904913273843465,0.0005788023680821129,-0.00034904913273843465,0.0016265844553654421,0.00020174838560291664,0.00884243135553553,0.0018994838690575833
2025-12-08,0.005580537706705066,0.00047574665948398823,0.005580537706705066,0.00047574665948398823,0.005580537706705066,0.0005876504453667506,0.0004914627222739919,-0.000572910219794606,0.0004914627222739919,-0.000572910219794606,0.0015730038758755345,0.00019721819551769666,0.0005350648465207552,-0.0005293080955478428,0.0005350648465207552,-0.0005293080955478428,0.0015853669682769416,0.00020958128791910398,0.015139454389473395,-0.0030042694967975514
2025-12-09,-0.0026704183448198757,-0.0007568847195518685,-0.0026704183448198757,-0.0007568847195518685,-0.0026704183448198757,-0.0008430716492748266,-0.0013999845123121824,-0.0007942704940916874,-0.0013999845123121824,-0.0007942704940916874,-0.0013100629498721066,-0.0006560729140752514,-0.0013127425510980548,-0.0007070285328775596,-0.0013127425510980548,-0.0007070285328775596,-0.0012853260718781333,-0.000631336036081278,-0.001569894625127577,-0.0008630792259767261
2025-12-10,0.002991789312201386,0.00025914506853682526,0.002991789312201386,0.00025914506853682526,0.002991789312201386,0.00011301244989917036,0.0022951455009673286,0.0018126926287723236,0.0022951455009673286,0.0018126926287723236,0.002464937991965667,0.0013835477292989467,0.0019896592861369067,0.0015072064139419017,0.0019896592861369067,0.0015072064139419017,0.002378319407056125,0.0012969291443894046,0.0070755438432883455,0.006632158354709983
2025-12-11,-0.005068762368743922,0.0005549132495047356,-0.005068762368743922,0.0005549132495047356,-0.005068762368743922,0.000289707697981558,-0.0009691840743283091,0.0001803001046662148,-0.0009691840743283091,0.0001803001046662148,-0.0017111230244909483,-0.00025539165364804226,-0.0009909723946627906,0.00015851178433173334,-0.0009909723946627906,0.00015851178433173334,-0.001717300957842135,-0.0002615695869992288,-0.010929032697641783,0.0023270002601829542
2025-12-12,0.0031519610440862017,0.0005095738349103195,0.0031519610440862017,0.0005095738349103195,0.0031519610440862017,0.00032356333289660657,-0.00031331597688990284,-0.0008599877172717341,-0.00031331597688990284,-0.0008599877172717341,0.001385880918540751,-0.0003541782531483493,-0.00033510166712850985,-0.0008817734075103412,-0.00033510166712850985,-0.0008817734075103412,0.0013797037309357608,-0.00036035544075333924,0.0015785681330238166,-0.010752025375860397
2025-12-15,-0.005938485298616199,0.0008001415149511476,-0.005938485298616199,0.0008001415149511476,-0.005938485298616199,0.0007484947408247331,-0.0006277102637540738,0.0007993221518918956,-0.0006277102637540738,0.0007993221518918956,-0.0021215876111661453,0.0001602455078639144,-0.0007365923364279557,0.0006904400792180137,-0.0007365923364279557,0.0006904400792180137,-0.002152460398870379,0.0001293727201596806,-0.01024431076537613,-0.0015108385386657375
2025-12-16,-0.007186485711215844,-0.0006076724585925202,-0.007186485711215844,-0.0006076724585925202,-0.007186485711215844,-0.0009779839598446469,-0.0009093121163013364,0.0006205897319039635,-0.0009093121163013364,0.0006205897319039635,-0.001995614188309585,-0.00024521339578991054,-0.0009963752186878288,0.0005335266295174712,-0.0009963752186878288,0.0005335266295174712,-0.0020203003520722893,-0.00026989955955261506,-0.008757949741119986,-0.0027323394075896568
2025-12-17,0.0020876922347667195,0.002176197212482286,0.0020876922347667195,0.002176197212482286,0.0020876922347667195,0.0011834723480817848,0.0008962029093222851,0.0008984942885435324,0.0008962029093222851,0.0008984942885435324,0.0022665748502140263,0.00028173628384878897,0.0008744434791585104,0.0008767348583797577,0.0008744434791585104,0.0008767348583797577,0.002260405108478641,0.0002755665421134035,-0.005622465447728375,-0.011003536401451242
2025-12-18,-0.0014357088664396754,0.001419475096174084,-0.0014357088664396754,0.001419475096174084,-0.0014357088664396754,0.0012088986735532751,0.001233236598646555,0.0018359378079893713,0.001233236598646555,0.0018359378079893713,3.897501552566871e-05,0.0008987664448088472,0.0011027289475835913,0.0017054301569264076,0.0011027289475835913,0.0017054301569264076,1.9704388667272574e-06,0.0008617618681499056,0.0,0.007551304892321253
2025-12-19,0.006018062863683799,0.00040649090818819665,0.006018062863683799,0.00040649090818819665,0.006018062863683799,-0.00024494098022717674,0.000801841804736451,-0.0003242670088644463,0.000801841804736451,-0.0003242670088644463,0.003421702848887529,-3.218188373223519e-05,0.0008344391711708723,-0.00029166964243002496,0.0008344391711708723,-0.00029166964243002496,0.0034309456153864843,-2.2939117233279587e-05,0.009693028422143923,0.009036699952829911
2025-12-22,0.010347320218627956,0.0017102063770810662,0.010347320218627956,0.0017102063770810662,0.010347320218627956,0.0014645211222721818,0.0024960299017530102,0.0005123258713420364,0.0024960299017530102,0.0005123258713420364,0.004447489512521822,0.0008891238512392217,0.002583261319154201,0.0005995572887432272,0.002583261319154201,0.0005995572887432272,0.004472223400887747,0.000913857739605147,0.014400024414062518,0.006229874178387496
2025-12-23,0.00288009731003666,0.0009540616413253298,0.00288009731003666,0.0009540616413253298,0.00288009731003666,0.0013473345218768431,0.0007903733729721161,0.0003331673058361578,0.0007903733729721161,0.0003331673058361578,0.00022651166051836547,0.0007466126551382034,0.0008776469728745991,0.0004204409057386408,0.0008776469728745991,0.0004204409057386408,0.0002512575094520431,0.0007713585040718811,0.004731849051109016,0.0045704843606495515
2025-12-24,0.002094076061232271,0.0005254388448078336,0.002094076061232271,0.0005254388448078336,0.002094076061232271,0.0002487858006519893,0.0017939265138452996,0.0013684152599439713,0.0017939265138452996,0.0013684152599439713,0.001652602490360084,0.0009190638013558662,0.0016847775713727817,0.0012592663174714534,0.0016847775713727817,0.0012592663174714534,0.0016216540334989757,0.000888115344494758,0.0023547521096562996,0.003517621421107009
2025-12-26,0.004530367511913969,0.0011189239678096356,0.004530367511913969,0.0011189239678096356,0.004530367511913969,0.000989793534857257,0.0013821417308778573,0.000706095806826475,0.0013821417308778573,0.000706095806826475,0.0023807911935032275,0.0006776627845108642,0.001251255480078547,0.0005752095560271648,0.001251255480078547,0.0005752095560271648,0.0023436792674065127,0.0006405508584141497,0.00861398692093518,-0.0001014040437492536
2025-12-29,0.00363496937910929,0.0001316397420562689,0.00363496937910929,0.0001316397420562689,0.00363496937910929,-0.00015245074484395913,0.001178491870547859,0.0006571100926688388,0.001178491870547859,0.0006571100926688388,0.0021203293724513087,0.0006890517715545675,0.0010912920612636992,0.0005699102833846788,0.0010912920612636992,0.0005699102833846788,0.002095604446356792,0.0006643268454600506,0.01319873375747549,-0.003563648189011559
2025-12-30,-0.00225509812280928,-0.001506157020317823,-0.00225509812280928,-0.001506157020317823,-0.00225509812280928,-0.0012858565513959707,-0.0008135670197458068,-0.0007445556712309505,-0.0008135670197458068,-0.0007445556712309505,-0.0012425896163437951,-0.0005066215122620288,-0.0008571375569636899,-0.0007881262084488336,-0.0008571375569636899,-0.0007881262084488336,-0.0012549437524531988,-0.0005189756483714325,-0.0015325436646911328,-0.0012211468345215692
