Date,0050.TW,006208.TW,006203.TW,006204.TW,00850.TW,0053.TW,00881.TW,0056.TW,00701.TW,00713.TW,00646.TW,00662.TW,00757.TW,00636.TW,006207.TW,00635U.TW,00642U.TW,00631L.TW,00632R.TW,00663L.TW,TLT,IEF,SHY,LQD,HYG
2022-01-03,0.04831217929040169,0.05083635032310952,0.07140966517411225,0.051446902129968324,0.04744227444856189,0.04922708577820969,0.044339892192534765,0.0,0.08145424108827778,0.07623010554723533,0.04639126810886728,0.03305238404296548,0.02717094820913288,0.0,0.0,0.0,0.014597516799950434,0.02695334911876367,0.0,0.025802140157341884,0.029062297371092134,0.07647928133170252,0.0,0.06213104850182484,0.1376610703859477
2022-01-04,0.04831217929040169,0.05083635032310952,0.07140966517411225,0.051446902129968324,0.04744227444856189,0.04922708577820969,0.044339892192534765,0.0,0.08145424108827778,0.07623010554723533,0.04639126810886728,0.03305238404296548,0.02717094820913288,0.0,0.0,0.0,0.014597516799950434,0.02695334911876367,0.0,0.025802140157341884,0.029062297371092134,0.07647928133170252,0.0,0.06213104850182484,0.1376610703859477
2022-01-05,0.04831217929040169,0.05083635032310952,0.07140966517411225,0.051446902129968324,0.04744227444856189,0.04922708577820969,0.044339892192534765,0.0,0.08145424108827778,0.07623010554723533,0.04639126810886728,0.03305238404296548,0.02717094820913288,0.0,0.0,0.0,0.014597516799950434,0.02695334911876367,0.0,0.025802140157341884,0.029062297371092134,0.07647928133170252,0.0,0.06213104850182484,0.1376610703859477
2022-01-06,0.04831217929040169,0.05083635032310952,0.07140966517411225,0.051446902129968324,0.04744227444856189,0.04922708577820969,0.044339892192534765,0.0,0.08145424108827778,0.07623010554723533,0.04639126810886728,0.03305238404296548,0.02717094820913288,0.0,0.0,0.0,0.014597516799950434,0.02695334911876367,0.0,0.025802140157341884,0.029062297371092134,0.07647928133170252,0.0,0.06213104850182484,0.1376610703859477
2022-01-07,0.04831217929040169,0.05083635032310952,0.07140966517411225,0.051446902129968324,0.04744227444856189,0.04922708577820969,0.044339892192534765,0.0,0.08145424108827778,0.07623010554723533,0.04639126810886728,0.03305238404296548,0.02717094820913288,0.0,0.0,0.0,0.014597516799950434,0.02695334911876367,0.0,0.025802140157341884,0.029062297371092134,0.07647928133170252,0.0,0.06213104850182484,0.1376610703859477
2022-01-10,0.04831217929040169,0.05083635032310952,0.07140966517411225,0.051446902129968324,0.04744227444856189,0.04922708577820969,0.044339892192534765,0.0,0.08145424108827778,0.07623010554723533,0.04639126810886728,0.03305238404296548,0.02717094820913288,0.0,0.0,0.0,0.014597516799950434,0.02695334911876367,0.0,0.025802140157341884,0.029062297371092134,0.07647928133170252,0.0,0.06213104850182484,0.1376610703859477
2022-01-11,0.04831217929040169,0.05083635032310952,0.07140966517411225,0.051446902129968324,0.04744227444856189,0.04922708577820969,0.044339892192534765,0.0,0.08145424108827778,0.07623010554723533,0.04639126810886728,0.03305238404296548,0.02717094820913288,0.0,0.0,0.0,0.014597516799950434,0.02695334911876367,0.0,0.025802140157341884,0.029062297371092134,0.07647928133170252,0.0,0.06213104850182484,0.1376610703859477
2022-01-12,0.04831217929040169,0.05083635032310952,0.07140966517411225,0.051446902129968324,0.04744227444856189,0.04922708577820969,0.044339892192534765,0.0,0.08145424108827778,0.07623010554723533,0.04639126810886728,0.03305238404296548,0.02717094820913288,0.0,0.0,0.0,0.014597516799950434,0.02695334911876367,0.0,0.025802140157341884,0.029062297371092134,0.07647928133170252,0.0,0.06213104850182484,0.1376610703859477
2022-01-13,0.04831217929040169,0.05083635032310952,0.07140966517411225,0.051446902129968324,0.04744227444856189,0.04922708577820969,0.044339892192534765,0.0,0.08145424108827778,0.07623010554723533,0.04639126810886728,0.03305238404296548,0.02717094820913288,0.0,0.0,0.0,0.014597516799950434,0.02695334911876367,0.0,0.025802140157341884,0.029062297371092134,0.07647928133170252,0.0,0.06213104850182484,0.1376610703859477
2022-01-14,0.04831217929040169,0.05083635032310952,0.07140966517411225,0.051446902129968324,0.04744227444856189,0.04922708577820969,0.044339892192534765,0.0,0.08145424108827778,0.07623010554723533,0.04639126810886728,0.03305238404296548,0.02717094820913288,0.0,0.0,0.0,0.014597516799950434,0.02695334911876367,0.0,0.025802140157341884,0.029062297371092134,0.07647928133170252,0.0,0.06213104850182484,0.1376610703859477
2022-01-17,0.04831217929040169,0.05083635032310952,0.07140966517411225,0.051446902129968324,0.04744227444856189,0.04922708577820969,0.044339892192534765,0.0,0.08145424108827778,0.07623010554723533,0.04639126810886728,0.03305238404296548,0.02717094820913288,0.0,0.0,0.0,0.014597516799950434,0.02695334911876367,0.0,0.025802140157341884,0.029062297371092134,0.07647928133170252,0.0,0.06213104850182484,0.1376610703859477
2022-01-18,0.04831217929040169,0.05083635032310952,0.07140966517411225,0.051446902129968324,0.04744227444856189,0.04922708577820969,0.044339892192534765,0.0,0.08145424108827778,0.07623010554723533,0.04639126810886728,0.03305238404296548,0.02717094820913288,0.0,0.0,0.0,0.014597516799950434,0.02695334911876367,0.0,0.025802140157341884,0.029062297371092134,0.07647928133170252,0.0,0.06213104850182484,0.1376610703859477
2022-01-19,0.04831217929040169,0.05083635032310952,0.07140966517411225,0.051446902129968324,0.04744227444856189,0.04922708577820969,0.044339892192534765,0.0,0.08145424108827778,0.07623010554723533,0.04639126810886728,0.03305238404296548,0.02717094820913288,0.0,0.0,0.0,0.014597516799950434,0.02695334911876367,0.0,0.025802140157341884,0.029062297371092134,0.07647928133170252,0.0,0.06213104850182484,0.1376610703859477
2022-01-20,0.04831217929040169,0.05083635032310952,0.07140966517411225,0.051446902129968324,0.04744227444856189,0.04922708577820969,0.044339892192534765,0.0,0.08145424108827778,0.07623010554723533,0.04639126810886728,0.03305238404296548,0.02717094820913288,0.0,0.0,0.0,0.014597516799950434,0.02695334911876367,0.0,0.025802140157341884,0.029062297371092134,0.07647928133170252,0.0,0.06213104850182484,0.1376610703859477
2022-01-21,0.04831217929040169,0.05083635032310952,0.07140966517411225,0.051446902129968324,0.04744227444856189,0.04922708577820969,0.044339892192534765,0.0,0.08145424108827778,0.07623010554723533,0.04639126810886728,0.03305238404296548,0.02717094820913288,0.0,0.0,0.0,0.014597516799950434,0.02695334911876367,0.0,0.025802140157341884,0.029062297371092134,0.07647928133170252,0.0,0.06213104850182484,0.1376610703859477
2022-01-24,0.04831217929040169,0.05083635032310952,0.07140966517411225,0.051446902129968324,0.04744227444856189,0.04922708577820969,0.044339892192534765,0.0,0.08145424108827778,0.07623010554723533,0.04639126810886728,0.03305238404296548,0.02717094820913288,0.0,0.0,0.0,0.014597516799950434,0.02695334911876367,0.0,0.025802140157341884,0.029062297371092134,0.07647928133170252,0.0,0.06213104850182484,0.1376610703859477
2022-01-25,0.04831217929040169,0.05083635032310952,0.07140966517411225,0.051446902129968324,0.04744227444856189,0.04922708577820969,0.044339892192534765,0.0,0.08145424108827778,0.07623010554723533,0.04639126810886728,0.03305238404296548,0.02717094820913288,0.0,0.0,0.0,0.014597516799950434,0.02695334911876367,0.0,0.025802140157341884,0.029062297371092134,0.07647928133170252,0.0,0.06213104850182484,0.1376610703859477
2022-01-26,0.04831217929040169,0.05083635032310952,0.07140966517411225,0.051446902129968324,0.04744227444856189,0.04922708577820969,0.044339892192534765,0.0,0.08145424108827778,0.07623010554723533,0.04639126810886728,0.03305238404296548,0.02717094820913288,0.0,0.0,0.0,0.014597516799950434,0.02695334911876367,0.0,0.025802140157341884,0.029062297371092134,0.07647928133170252,0.0,0.06213104850182484,0.1376610703859477
2022-01-27,0.04831217929040169,0.05083635032310952,0.07140966517411225,0.051446902129968324,0.04744227444856189,0.04922708577820969,0.044339892192534765,0.0,0.08145424108827778,0.07623010554723533,0.04639126810886728,0.03305238404296548,0.02717094820913288,0.0,0.0,0.0,0.014597516799950434,0.02695334911876367,0.0,0.025802140157341884,0.029062297371092134,0.07647928133170252,0.0,0.06213104850182484,0.1376610703859477
2022-01-28,0.04831217929040169,0.05083635032310952,0.07140966517411225,0.051446902129968324,0.04744227444856189,0.04922708577820969,0.044339892192534765,0.0,0.08145424108827778,0.07623010554723533,0.04639126810886728,0.03305238404296548,0.02717094820913288,0.0,0.0,0.0,0.014597516799950434,0.02695334911876367,0.0,0.025802140157341884,0.029062297371092134,0.07647928133170252,0.0,0.06213104850182484,0.1376610703859477
2022-01-31,0.04831217929040169,0.05083635032310952,0.07140966517411225,0.051446902129968324,0.04744227444856189,0.04922708577820969,0.044339892192534765,0.0,0.08145424108827778,0.07623010554723533,0.04639126810886728,0.03305238404296548,0.02717094820913288,0.0,0.0,0.0,0.014597516799950434,0.02695334911876367,0.0,0.025802140157341884,0.029062297371092134,0.07647928133170252,0.0,0.06213104850182484,0.1376610703859477
2022-02-01,0.0357592721782445,0.03646203316543273,0.035520666169270555,0.03501668013211944,0.042812158129734754,0.04307008040216274,0.039154616734608995,0.05744469856628703,0.04866398804778506,0.089026119015055,0.04373144545279811,0.034539718956243005,0.027079668090839334,0.0,0.0,0.0,0.021480228946442758,0.01944672163879213,0.0,0.019772065821997514,0.035459543245625585,0.09146531998457318,0.0,0.08974375270466642,0.1543512226173214
2022-02-02,0.0357592721782445,0.03646203316543273,0.035520666169270555,0.03501668013211944,0.042812158129734754,0.04307008040216274,0.039154616734608995,0.05744469856628703,0.04866398804778506,0.089026119015055,0.04373144545279811,0.034539718956243005,0.027079668090839334,0.0,0.0,0.0,0.021480228946442758,0.01944672163879213,0.0,0.019772065821997514,0.035459543245625585,0.09146531998457318,0.0,0.08974375270466642,0.1543512226173214
2022-02-03,0.0357592721782445,0.03646203316543273,0.035520666169270555,0.03501668013211944,0.042812158129734754,0.04307008040216274,0.039154616734608995,0.05744469856628703,0.04866398804778506,0.089026119015055,0.04373144545279811,0.034539718956243005,0.027079668090839334,0.0,0.0,0.0,0.021480228946442758,0.01944672163879213,0.0,0.019772065821997514,0.035459543245625585,0.09146531998457318,0.0,0.08974375270466642,0.1543512226173214
2022-02-04,0.0357592721782445,0.03646203316543273,0.035520666169270555,0.03501668013211944,0.042812158129734754,0.04307008040216274,0.039154616734608995,0.05744469856628703,0.04866398804778506,0.089026119015055,0.04373144545279811,0.034539718956243005,0.027079668090839334,0.0,0.0,0.0,0.021480228946442758,0.01944672163879213,0.0,0.019772065821997514,0.035459543245625585,0.09146531998457318,0.0,0.08974375270466642,0.1543512226173214
2022-02-07,0.0357592721782445,0.03646203316543273,0.035520666169270555,0.03501668013211944,0.042812158129734754,0.04307008040216274,0.039154616734608995,0.05744469856628703,0.04866398804778506,0.089026119015055,0.04373144545279811,0.034539718956243005,0.027079668090839334,0.0,0.0,0.0,0.021480228946442758,0.01944672163879213,0.0,0.019772065821997514,0.035459543245625585,0.09146531998457318,0.0,0.08974375270466642,0.1543512226173214
2022-02-08,0.0357592721782445,0.03646203316543273,0.035520666169270555,0.03501668013211944,0.042812158129734754,0.04307008040216274,0.039154616734608995,0.05744469856628703,0.04866398804778506,0.089026119015055,0.04373144545279811,0.034539718956243005,0.027079668090839334,0.0,0.0,0.0,0.021480228946442758,0.01944672163879213,0.0,0.019772065821997514,0.035459543245625585,0.09146531998457318,0.0,0.08974375270466642,0.1543512226173214
2022-02-09,0.0357592721782445,0.03646203316543273,0.035520666169270555,0.03501668013211944,0.042812158129734754,0.04307008040216274,0.039154616734608995,0.05744469856628703,0.04866398804778506,0.089026119015055,0.04373144545279811,0.034539718956243005,0.027079668090839334,0.0,0.0,0.0,0.021480228946442758,0.01944672163879213,0.0,0.019772065821997514,0.035459543245625585,0.09146531998457318,0.0,0.08974375270466642,0.1543512226173214
2022-02-10,0.0357592721782445,0.03646203316543273,0.035520666169270555,0.03501668013211944,0.042812158129734754,0.04307008040216274,0.039154616734608995,0.05744469856628703,0.04866398804778506,0.089026119015055,0.04373144545279811,0.034539718956243005,0.027079668090839334,0.0,0.0,0.0,0.021480228946442758,0.01944672163879213,0.0,0.019772065821997514,0.035459543245625585,0.09146531998457318,0.0,0.08974375270466642,0.1543512226173214
2022-02-11,0.0357592721782445,0.03646203316543273,0.035520666169270555,0.03501668013211944,0.042812158129734754,0.04307008040216274,0.039154616734608995,0.05744469856628703,0.04866398804778506,0.089026119015055,0.04373144545279811,0.034539718956243005,0.027079668090839334,0.0,0.0,0.0,0.021480228946442758,0.01944672163879213,0.0,0.019772065821997514,0.035459543245625585,0.09146531998457318,0.0,0.08974375270466642,0.1543512226173214
2022-02-14,0.0357592721782445,0.03646203316543273,0.035520666169270555,0.03501668013211944,0.042812158129734754,0.04307008040216274,0.039154616734608995,0.05744469856628703,0.04866398804778506,0.089026119015055,0.04373144545279811,0.034539718956243005,0.027079668090839334,0.0,0.0,0.0,0.021480228946442758,0.01944672163879213,0.0,0.019772065821997514,0.035459543245625585,0.09146531998457318,0.0,0.08974375270466642,0.1543512226173214
2022-02-15,0.0357592721782445,0.03646203316543273,0.035520666169270555,0.03501668013211944,0.042812158129734754,0.04307008040216274,0.039154616734608995,0.05744469856628703,0.04866398804778506,0.089026119015055,0.04373144545279811,0.034539718956243005,0.027079668090839334,0.0,0.0,0.0,0.021480228946442758,0.01944672163879213,0.0,0.019772065821997514,0.035459543245625585,0.09146531998457318,0.0,0.08974375270466642,0.1543512226173214
2022-02-16,0.0357592721782445,0.03646203316543273,0.035520666169270555,0.03501668013211944,0.042812158129734754,0.04307008040216274,0.039154616734608995,0.05744469856628703,0.04866398804778506,0.089026119015055,0.04373144545279811,0.034539718956243005,0.027079668090839334,0.0,0.0,0.0,0.021480228946442758,0.01944672163879213,0.0,0.019772065821997514,0.035459543245625585,0.09146531998457318,0.0,0.08974375270466642,0.1543512226173214
2022-02-17,0.0357592721782445,0.03646203316543273,0.035520666169270555,0.03501668013211944,0.042812158129734754,0.04307008040216274,0.039154616734608995,0.05744469856628703,0.04866398804778506,0.089026119015055,0.04373144545279811,0.034539718956243005,0.027079668090839334,0.0,0.0,0.0,0.021480228946442758,0.01944672163879213,0.0,0.019772065821997514,0.035459543245625585,0.09146531998457318,0.0,0.08974375270466642,0.1543512226173214
2022-02-18,0.0357592721782445,0.03646203316543273,0.035520666169270555,0.03501668013211944,0.042812158129734754,0.04307008040216274,0.039154616734608995,0.05744469856628703,0.04866398804778506,0.089026119015055,0.04373144545279811,0.034539718956243005,0.027079668090839334,0.0,0.0,0.0,0.021480228946442758,0.01944672163879213,0.0,0.019772065821997514,0.035459543245625585,0.09146531998457318,0.0,0.08974375270466642,0.1543512226173214
2022-02-21,0.0357592721782445,0.03646203316543273,0.035520666169270555,0.03501668013211944,0.042812158129734754,0.04307008040216274,0.039154616734608995,0.05744469856628703,0.04866398804778506,0.089026119015055,0.04373144545279811,0.034539718956243005,0.027079668090839334,0.0,0.0,0.0,0.021480228946442758,0.01944672163879213,0.0,0.019772065821997514,0.035459543245625585,0.09146531998457318,0.0,0.08974375270466642,0.1543512226173214
2022-02-22,0.0357592721782445,0.03646203316543273,0.035520666169270555,0.03501668013211944,0.042812158129734754,0.04307008040216274,0.039154616734608995,0.05744469856628703,0.04866398804778506,0.089026119015055,0.04373144545279811,0.034539718956243005,0.027079668090839334,0.0,0.0,0.0,0.021480228946442758,0.01944672163879213,0.0,0.019772065821997514,0.035459543245625585,0.09146531998457318,0.0,0.08974375270466642,0.1543512226173214
2022-02-23,0.0357592721782445,0.03646203316543273,0.035520666169270555,0.03501668013211944,0.042812158129734754,0.04307008040216274,0.039154616734608995,0.05744469856628703,0.04866398804778506,0.089026119015055,0.04373144545279811,0.034539718956243005,0.027079668090839334,0.0,0.0,0.0,0.021480228946442758,0.01944672163879213,0.0,0.019772065821997514,0.035459543245625585,0.09146531998457318,0.0,0.08974375270466642,0.1543512226173214
2022-02-24,0.0357592721782445,0.03646203316543273,0.035520666169270555,0.03501668013211944,0.042812158129734754,0.04307008040216274,0.039154616734608995,0.05744469856628703,0.04866398804778506,0.089026119015055,0.04373144545279811,0.034539718956243005,0.027079668090839334,0.0,0.0,0.0,0.021480228946442758,0.01944672163879213,0.0,0.019772065821997514,0.035459543245625585,0.09146531998457318,0.0,0.08974375270466642,0.1543512226173214
2022-02-25,0.0357592721782445,0.03646203316543273,0.035520666169270555,0.03501668013211944,0.042812158129734754,0.04307008040216274,0.039154616734608995,0.05744469856628703,0.04866398804778506,0.089026119015055,0.04373144545279811,0.034539718956243005,0.027079668090839334,0.0,0.0,0.0,0.021480228946442758,0.01944672163879213,0.0,0.019772065821997514,0.035459543245625585,0.09146531998457318,0.0,0.08974375270466642,0.1543512226173214
2022-02-28,0.0357592721782445,0.03646203316543273,0.035520666169270555,0.03501668013211944,0.042812158129734754,0.04307008040216274,0.039154616734608995,0.05744469856628703,0.04866398804778506,0.089026119015055,0.04373144545279811,0.034539718956243005,0.027079668090839334,0.0,0.0,0.0,0.021480228946442758,0.01944672163879213,0.0,0.019772065821997514,0.035459543245625585,0.09146531998457318,0.0,0.08974375270466642,0.1543512226173214
2022-03-01,0.08734148001899163,0.0909187967120541,0.07054677609254177,0.05894776765891937,0.08172658276189962,0.07948283951464409,0.07716059813018089,0.0,0.10787953438716055,0.13729682845301122,0.04136297189503514,0.0,0.0,0.0,0.0,0.06332064520877406,0.03452802681055634,0.034596356591107616,0.0,0.03489079576512372,0.0,0.0,0.0,0.0,0.0
2022-03-02,0.08734148001899163,0.0909187967120541,0.07054677609254177,0.05894776765891937,0.08172658276189962,0.07948283951464409,0.07716059813018089,0.0,0.10787953438716055,0.13729682845301122,0.04136297189503514,0.0,0.0,0.0,0.0,0.06332064520877406,0.03452802681055634,0.034596356591107616,0.0,0.03489079576512372,0.0,0.0,0.0,0.0,0.0
2022-03-03,0.08734148001899163,0.0909187967120541,0.07054677609254177,0.05894776765891937,0.08172658276189962,0.07948283951464409,0.07716059813018089,0.0,0.10787953438716055,0.13729682845301122,0.04136297189503514,0.0,0.0,0.0,0.0,0.06332064520877406,0.03452802681055634,0.034596356591107616,0.0,0.03489079576512372,0.0,0.0,0.0,0.0,0.0
2022-03-04,0.08734148001899163,0.0909187967120541,0.07054677609254177,0.05894776765891937,0.08172658276189962,0.07948283951464409,0.07716059813018089,0.0,0.10787953438716055,0.13729682845301122,0.04136297189503514,0.0,0.0,0.0,0.0,0.06332064520877406,0.03452802681055634,0.034596356591107616,0.0,0.03489079576512372,0.0,0.0,0.0,0.0,0.0
2022-03-07,0.08734148001899163,0.0909187967120541,0.07054677609254177,0.05894776765891937,0.08172658276189962,0.07948283951464409,0.07716059813018089,0.0,0.10787953438716055,0.13729682845301122,0.04136297189503514,0.0,0.0,0.0,0.0,0.06332064520877406,0.03452802681055634,0.034596356591107616,0.0,0.03489079576512372,0.0,0.0,0.0,0.0,0.0
2022-03-08,0.08734148001899163,0.0909187967120541,0.07054677609254177,0.05894776765891937,0.08172658276189962,0.07948283951464409,0.07716059813018089,0.0,0.10787953438716055,0.13729682845301122,0.04136297189503514,0.0,0.0,0.0,0.0,0.06332064520877406,0.03452802681055634,0.034596356591107616,0.0,0.03489079576512372,0.0,0.0,0.0,0.0,0.0
2022-03-09,0.08734148001899163,0.0909187967120541,0.07054677609254177,0.05894776765891937,0.08172658276189962,0.07948283951464409,0.07716059813018089,0.0,0.10787953438716055,0.13729682845301122,0.04136297189503514,0.0,0.0,0.0,0.0,0.06332064520877406,0.03452802681055634,0.034596356591107616,0.0,0.03489079576512372,0.0,0.0,0.0,0.0,0.0
2022-03-10,0.08734148001899163,0.0909187967120541,0.07054677609254177,0.05894776765891937,0.08172658276189962,0.07948283951464409,0.07716059813018089,0.0,0.10787953438716055,0.13729682845301122,0.04136297189503514,0.0,0.0,0.0,0.0,0.06332064520877406,0.03452802681055634,0.034596356591107616,0.0,0.03489079576512372,0.0,0.0,0.0,0.0,0.0
2022-03-11,0.08734148001899163,0.0909187967120541,0.07054677609254177,0.05894776765891937,0.08172658276189962,0.07948283951464409,0.07716059813018089,0.0,0.10787953438716055,0.13729682845301122,0.04136297189503514,0.0,0.0,0.0,0.0,0.06332064520877406,0.03452802681055634,0.034596356591107616,0.0,0.03489079576512372,0.0,0.0,0.0,0.0,0.0
2022-03-14,0.08734148001899163,0.0909187967120541,0.07054677609254177,0.05894776765891937,0.08172658276189962,0.07948283951464409,0.07716059813018089,0.0,0.10787953438716055,0.13729682845301122,0.04136297189503514,0.0,0.0,0.0,0.0,0.06332064520877406,0.03452802681055634,0.034596356591107616,0.0,0.03489079576512372,0.0,0.0,0.0,0.0,0.0
2022-03-15,0.08734148001899163,0.0909187967120541,0.07054677609254177,0.05894776765891937,0.08172658276189962,0.07948283951464409,0.07716059813018089,0.0,0.10787953438716055,0.13729682845301122,0.04136297189503514,0.0,0.0,0.0,0.0,0.06332064520877406,0.03452802681055634,0.034596356591107616,0.0,0.03489079576512372,0.0,0.0,0.0,0.0,0.0
2022-03-16,0.08734148001899163,0.0909187967120541,0.07054677609254177,0.05894776765891937,0.08172658276189962,0.07948283951464409,0.07716059813018089,0.0,0.10787953438716055,0.13729682845301122,0.04136297189503514,0.0,0.0,0.0,0.0,0.06332064520877406,0.03452802681055634,0.034596356591107616,0.0,0.03489079576512372,0.0,0.0,0.0,0.0,0.0
2022-03-17,0.08734148001899163,0.0909187967120541,0.07054677609254177,0.05894776765891937,0.08172658276189962,0.07948283951464409,0.07716059813018089,0.0,0.10787953438716055,0.13729682845301122,0.04136297189503514,0.0,0.0,0.0,0.0,0.06332064520877406,0.03452802681055634,0.034596356591107616,0.0,0.03489079576512372,0.0,0.0,0.0,0.0,0.0
2022-03-18,0.08734148001899163,0.0909187967120541,0.07054677609254177,0.05894776765891937,0.08172658276189962,0.07948283951464409,0.07716059813018089,0.0,0.10787953438716055,0.13729682845301122,0.04136297189503514,0.0,0.0,0.0,0.0,0.06332064520877406,0.03452802681055634,0.034596356591107616,0.0,0.03489079576512372,0.0,0.0,0.0,0.0,0.0
2022-03-21,0.08734148001899163,0.0909187967120541,0.07054677609254177,0.05894776765891937,0.08172658276189962,0.07948283951464409,0.07716059813018089,0.0,0.10787953438716055,0.13729682845301122,0.04136297189503514,0.0,0.0,0.0,0.0,0.06332064520877406,0.03452802681055634,0.034596356591107616,0.0,0.03489079576512372,0.0,0.0,0.0,0.0,0.0
2022-03-22,0.08734148001899163,0.0909187967120541,0.07054677609254177,0.05894776765891937,0.08172658276189962,0.07948283951464409,0.07716059813018089,0.0,0.10787953438716055,0.13729682845301122,0.04136297189503514,0.0,0.0,0.0,0.0,0.06332064520877406,0.03452802681055634,0.034596356591107616,0.0,0.03489079576512372,0.0,0.0,0.0,0.0,0.0
2022-03-23,0.08734148001899163,0.0909187967120541,0.07054677609254177,0.05894776765891937,0.08172658276189962,0.07948283951464409,0.07716059813018089,0.0,0.10787953438716055,0.13729682845301122,0.04136297189503514,0.0,0.0,0.0,0.0,0.06332064520877406,0.03452802681055634,0.034596356591107616,0.0,0.03489079576512372,0.0,0.0,0.0,0.0,0.0
2022-03-24,0.08734148001899163,0.0909187967120541,0.07054677609254177,0.05894776765891937,0.08172658276189962,0.07948283951464409,0.07716059813018089,0.0,0.10787953438716055,0.13729682845301122,0.04136297189503514,0.0,0.0,0.0,0.0,0.06332064520877406,0.03452802681055634,0.034596356591107616,0.0,0.03489079576512372,0.0,0.0,0.0,0.0,0.0
2022-03-25,0.08734148001899163,0.0909187967120541,0.07054677609254177,0.05894776765891937,0.08172658276189962,0.07948283951464409,0.07716059813018089,0.0,0.10787953438716055,0.13729682845301122,0.04136297189503514,0.0,0.0,0.0,0.0,0.06332064520877406,0.03452802681055634,0.034596356591107616,0.0,0.03489079576512372,0.0,0.0,0.0,0.0,0.0
2022-03-28,0.08734148001899163,0.0909187967120541,0.07054677609254177,0.05894776765891937,0.08172658276189962,0.07948283951464409,0.07716059813018089,0.0,0.10787953438716055,0.13729682845301122,0.04136297189503514,0.0,0.0,0.0,0.0,0.06332064520877406,0.03452802681055634,0.034596356591107616,0.0,0.03489079576512372,0.0,0.0,0.0,0.0,0.0
2022-03-29,0.08734148001899163,0.0909187967120541,0.07054677609254177,0.05894776765891937,0.08172658276189962,0.07948283951464409,0.07716059813018089,0.0,0.10787953438716055,0.13729682845301122,0.04136297189503514,0.0,0.0,0.0,0.0,0.06332064520877406,0.03452802681055634,0.034596356591107616,0.0,0.03489079576512372,0.0,0.0,0.0,0.0,0.0
2022-03-30,0.08734148001899163,0.0909187967120541,0.07054677609254177,0.05894776765891937,0.08172658276189962,0.07948283951464409,0.07716059813018089,0.0,0.10787953438716055,0.13729682845301122,0.04136297189503514,0.0,0.0,0.0,0.0,0.06332064520877406,0.03452802681055634,0.034596356591107616,0.0,0.03489079576512372,0.0,0.0,0.0,0.0,0.0
2022-03-31,0.08734148001899163,0.0909187967120541,0.07054677609254177,0.05894776765891937,0.08172658276189962,0.07948283951464409,0.07716059813018089,0.0,0.10787953438716055,0.13729682845301122,0.04136297189503514,0.0,0.0,0.0,0.0,0.06332064520877406,0.03452802681055634,0.034596356591107616,0.0,0.03489079576512372,0.0,0.0,0.0,0.0,0.0
2022-04-01,0.06344963219334336,0.06301233671424016,0.06746469300046046,0.06732924767660427,0.08145551846488336,0.04484265643788179,0.0667994626415348,0.18062010822878438,0.09587202558095936,0.12598366001160885,0.0,0.0,0.0,0.0,0.0,0.05692178578061551,0.01802342424049019,0.03412036584024803,0.0,0.03410508318834553,0.0,0.0,0.0,0.0,0.0
2022-04-04,0.06344963219334336,0.06301233671424016,0.06746469300046046,0.06732924767660427,0.08145551846488336,0.04484265643788179,0.0667994626415348,0.18062010822878438,0.09587202558095936,0.12598366001160885,0.0,0.0,0.0,0.0,0.0,0.05692178578061551,0.01802342424049019,0.03412036584024803,0.0,0.03410508318834553,0.0,0.0,0.0,0.0,0.0
2022-04-05,0.06344963219334336,0.06301233671424016,0.06746469300046046,0.06732924767660427,0.08145551846488336,0.04484265643788179,0.0667994626415348,0.18062010822878438,0.09587202558095936,0.12598366001160885,0.0,0.0,0.0,0.0,0.0,0.05692178578061551,0.01802342424049019,0.03412036584024803,0.0,0.03410508318834553,0.0,0.0,0.0,0.0,0.0
2022-04-06,0.06344963219334336,0.06301233671424016,0.06746469300046046,0.06732924767660427,0.08145551846488336,0.04484265643788179,0.0667994626415348,0.18062010822878438,0.09587202558095936,0.12598366001160885,0.0,0.0,0.0,0.0,0.0,0.05692178578061551,0.01802342424049019,0.03412036584024803,0.0,0.03410508318834553,0.0,0.0,0.0,0.0,0.0
2022-04-07,0.06344963219334336,0.06301233671424016,0.06746469300046046,0.06732924767660427,0.08145551846488336,0.04484265643788179,0.0667994626415348,0.18062010822878438,0.09587202558095936,0.12598366001160885,0.0,0.0,0.0,0.0,0.0,0.05692178578061551,0.01802342424049019,0.03412036584024803,0.0,0.03410508318834553,0.0,0.0,0.0,0.0,0.0
2022-04-08,0.06344963219334336,0.06301233671424016,0.06746469300046046,0.06732924767660427,0.08145551846488336,0.04484265643788179,0.0667994626415348,0.18062010822878438,0.09587202558095936,0.12598366001160885,0.0,0.0,0.0,0.0,0.0,0.05692178578061551,0.01802342424049019,0.03412036584024803,0.0,0.03410508318834553,0.0,0.0,0.0,0.0,0.0
2022-04-11,0.06344963219334336,0.06301233671424016,0.06746469300046046,0.06732924767660427,0.08145551846488336,0.04484265643788179,0.0667994626415348,0.18062010822878438,0.09587202558095936,0.12598366001160885,0.0,0.0,0.0,0.0,0.0,0.05692178578061551,0.01802342424049019,0.03412036584024803,0.0,0.03410508318834553,0.0,0.0,0.0,0.0,0.0
2022-04-12,0.06344963219334336,0.06301233671424016,0.06746469300046046,0.06732924767660427,0.08145551846488336,0.04484265643788179,0.0667994626415348,0.18062010822878438,0.09587202558095936,0.12598366001160885,0.0,0.0,0.0,0.0,0.0,0.05692178578061551,0.01802342424049019,0.03412036584024803,0.0,0.03410508318834553,0.0,0.0,0.0,0.0,0.0
2022-04-13,0.06344963219334336,0.06301233671424016,0.06746469300046046,0.06732924767660427,0.08145551846488336,0.04484265643788179,0.0667994626415348,0.18062010822878438,0.09587202558095936,0.12598366001160885,0.0,0.0,0.0,0.0,0.0,0.05692178578061551,0.01802342424049019,0.03412036584024803,0.0,0.03410508318834553,0.0,0.0,0.0,0.0,0.0
2022-04-14,0.06344963219334336,0.06301233671424016,0.06746469300046046,0.06732924767660427,0.08145551846488336,0.04484265643788179,0.0667994626415348,0.18062010822878438,0.09587202558095936,0.12598366001160885,0.0,0.0,0.0,0.0,0.0,0.05692178578061551,0.01802342424049019,0.03412036584024803,0.0,0.03410508318834553,0.0,0.0,0.0,0.0,0.0
2022-04-15,0.06344963219334336,0.06301233671424016,0.06746469300046046,0.06732924767660427,0.08145551846488336,0.04484265643788179,0.0667994626415348,0.18062010822878438,0.09587202558095936,0.12598366001160885,0.0,0.0,0.0,0.0,0.0,0.05692178578061551,0.01802342424049019,0.03412036584024803,0.0,0.03410508318834553,0.0,0.0,0.0,0.0,0.0
2022-04-18,0.06344963219334336,0.06301233671424016,0.06746469300046046,0.06732924767660427,0.08145551846488336,0.04484265643788179,0.0667994626415348,0.18062010822878438,0.09587202558095936,0.12598366001160885,0.0,0.0,0.0,0.0,0.0,0.05692178578061551,0.01802342424049019,0.03412036584024803,0.0,0.03410508318834553,0.0,0.0,0.0,0.0,0.0
2022-04-19,0.06344963219334336,0.06301233671424016,0.06746469300046046,0.06732924767660427,0.08145551846488336,0.04484265643788179,0.0667994626415348,0.18062010822878438,0.09587202558095936,0.12598366001160885,0.0,0.0,0.0,0.0,0.0,0.05692178578061551,0.01802342424049019,0.03412036584024803,0.0,0.03410508318834553,0.0,0.0,0.0,0.0,0.0
2022-04-20,0.06344963219334336,0.06301233671424016,0.06746469300046046,0.06732924767660427,0.08145551846488336,0.04484265643788179,0.0667994626415348,0.18062010822878438,0.09587202558095936,0.12598366001160885,0.0,0.0,0.0,0.0,0.0,0.05692178578061551,0.01802342424049019,0.03412036584024803,0.0,0.03410508318834553,0.0,0.0,0.0,0.0,0.0
2022-04-21,0.06344963219334336,0.06301233671424016,0.06746469300046046,0.06732924767660427,0.08145551846488336,0.04484265643788179,0.0667994626415348,0.18062010822878438,0.09587202558095936,0.12598366001160885,0.0,0.0,0.0,0.0,0.0,0.05692178578061551,0.01802342424049019,0.03412036584024803,0.0,0.03410508318834553,0.0,0.0,0.0,0.0,0.0
2022-04-22,0.06344963219334336,0.06301233671424016,0.06746469300046046,0.06732924767660427,0.08145551846488336,0.04484265643788179,0.0667994626415348,0.18062010822878438,0.09587202558095936,0.12598366001160885,0.0,0.0,0.0,0.0,0.0,0.05692178578061551,0.01802342424049019,0.03412036584024803,0.0,0.03410508318834553,0.0,0.0,0.0,0.0,0.0
2022-04-25,0.06344963219334336,0.06301233671424016,0.06746469300046046,0.06732924767660427,0.08145551846488336,0.04484265643788179,0.0667994626415348,0.18062010822878438,0.09587202558095936,0.12598366001160885,0.0,0.0,0.0,0.0,0.0,0.05692178578061551,0.01802342424049019,0.03412036584024803,0.0,0.03410508318834553,0.0,0.0,0.0,0.0,0.0
2022-04-26,0.06344963219334336,0.06301233671424016,0.06746469300046046,0.06732924767660427,0.08145551846488336,0.04484265643788179,0.0667994626415348,0.18062010822878438,0.09587202558095936,0.12598366001160885,0.0,0.0,0.0,0.0,0.0,0.05692178578061551,0.01802342424049019,0.03412036584024803,0.0,0.03410508318834553,0.0,0.0,0.0,0.0,0.0
2022-04-27,0.06344963219334336,0.06301233671424016,0.06746469300046046,0.06732924767660427,0.08145551846488336,0.04484265643788179,0.0667994626415348,0.18062010822878438,0.09587202558095936,0.12598366001160885,0.0,0.0,0.0,0.0,0.0,0.05692178578061551,0.01802342424049019,0.03412036584024803,0.0,0.03410508318834553,0.0,0.0,0.0,0.0,0.0
2022-04-28,0.06344963219334336,0.06301233671424016,0.06746469300046046,0.06732924767660427,0.08145551846488336,0.04484265643788179,0.0667994626415348,0.18062010822878438,0.09587202558095936,0.12598366001160885,0.0,0.0,0.0,0.0,0.0,0.05692178578061551,0.01802342424049019,0.03412036584024803,0.0,0.03410508318834553,0.0,0.0,0.0,0.0,0.0
2022-04-29,0.06344963219334336,0.06301233671424016,0.06746469300046046,0.06732924767660427,0.08145551846488336,0.04484265643788179,0.0667994626415348,0.18062010822878438,0.09587202558095936,0.12598366001160885,0.0,0.0,0.0,0.0,0.0,0.05692178578061551,0.01802342424049019,0.03412036584024803,0.0,0.03410508318834553,0.0,0.0,0.0,0.0,0.0
2022-05-02,0.0,0.0,0.0,0.09367239342151655,0.11791491479406335,0.0,0.0,0.11535225506473805,0.15007026716725677,0.17864229088891895,0.07736539161074636,0.0,0.0,0.0,0.0,0.11799854530874668,0.04850425409146093,0.05092527992303327,0.0,0.04955440772951908,0.0,0.0,0.0,0.0,0.0
2022-05-03,0.0,0.0,0.0,0.09367239342151655,0.11791491479406335,0.0,0.0,0.11535225506473805,0.15007026716725677,0.17864229088891895,0.07736539161074636,0.0,0.0,0.0,0.0,0.11799854530874668,0.04850425409146093,0.05092527992303327,0.0,0.04955440772951908,0.0,0.0,0.0,0.0,0.0
2022-05-04,0.0,0.0,0.0,0.09367239342151655,0.11791491479406335,0.0,0.0,0.11535225506473805,0.15007026716725677,0.17864229088891895,0.07736539161074636,0.0,0.0,0.0,0.0,0.11799854530874668,0.04850425409146093,0.05092527992303327,0.0,0.04955440772951908,0.0,0.0,0.0,0.0,0.0
2022-05-05,0.0,0.0,0.0,0.09367239342151655,0.11791491479406335,0.0,0.0,0.11535225506473805,0.15007026716725677,0.17864229088891895,0.07736539161074636,0.0,0.0,0.0,0.0,0.11799854530874668,0.04850425409146093,0.05092527992303327,0.0,0.04955440772951908,0.0,0.0,0.0,0.0,0.0
2022-05-06,0.0,0.0,0.0,0.09367239342151655,0.11791491479406335,0.0,0.0,0.11535225506473805,0.15007026716725677,0.17864229088891895,0.07736539161074636,0.0,0.0,0.0,0.0,0.11799854530874668,0.04850425409146093,0.05092527992303327,0.0,0.04955440772951908,0.0,0.0,0.0,0.0,0.0
2022-05-09,0.0,0.0,0.0,0.09367239342151655,0.11791491479406335,0.0,0.0,0.11535225506473805,0.15007026716725677,0.17864229088891895,0.07736539161074636,0.0,0.0,0.0,0.0,0.11799854530874668,0.04850425409146093,0.05092527992303327,0.0,0.04955440772951908,0.0,0.0,0.0,0.0,0.0
2022-05-10,0.0,0.0,0.0,0.09367239342151655,0.11791491479406335,0.0,0.0,0.11535225506473805,0.15007026716725677,0.17864229088891895,0.07736539161074636,0.0,0.0,0.0,0.0,0.11799854530874668,0.04850425409146093,0.05092527992303327,0.0,0.04955440772951908,0.0,0.0,0.0,0.0,0.0
2022-05-11,0.0,0.0,0.0,0.09367239342151655,0.11791491479406335,0.0,0.0,0.11535225506473805,0.15007026716725677,0.17864229088891895,0.07736539161074636,0.0,0.0,0.0,0.0,0.11799854530874668,0.04850425409146093,0.05092527992303327,0.0,0.04955440772951908,0.0,0.0,0.0,0.0,0.0
2022-05-12,0.0,0.0,0.0,0.09367239342151655,0.11791491479406335,0.0,0.0,0.11535225506473805,0.15007026716725677,0.17864229088891895,0.07736539161074636,0.0,0.0,0.0,0.0,0.11799854530874668,0.04850425409146093,0.05092527992303327,0.0,0.04955440772951908,0.0,0.0,0.0,0.0,0.0
2022-05-13,0.0,0.0,0.0,0.09367239342151655,0.11791491479406335,0.0,0.0,0.11535225506473805,0.15007026716725677,0.17864229088891895,0.07736539161074636,0.0,0.0,0.0,0.0,0.11799854530874668,0.04850425409146093,0.05092527992303327,0.0,0.04955440772951908,0.0,0.0,0.0,0.0,0.0
2022-05-16,0.0,0.0,0.0,0.09367239342151655,0.11791491479406335,0.0,0.0,0.11535225506473805,0.15007026716725677,0.17864229088891895,0.07736539161074636,0.0,0.0,0.0,0.0,0.11799854530874668,0.04850425409146093,0.05092527992303327,0.0,0.04955440772951908,0.0,0.0,0.0,0.0,0.0
2022-05-17,0.0,0.0,0.0,0.09367239342151655,0.11791491479406335,0.0,0.0,0.11535225506473805,0.15007026716725677,0.17864229088891895,0.07736539161074636,0.0,0.0,0.0,0.0,0.11799854530874668,0.04850425409146093,0.05092527992303327,0.0,0.04955440772951908,0.0,0.0,0.0,0.0,0.0
2022-05-18,0.0,0.0,0.0,0.09367239342151655,0.11791491479406335,0.0,0.0,0.11535225506473805,0.15007026716725677,0.17864229088891895,0.07736539161074636,0.0,0.0,0.0,0.0,0.11799854530874668,0.04850425409146093,0.05092527992303327,0.0,0.04955440772951908,0.0,0.0,0.0,0.0,0.0
2022-05-19,0.0,0.0,0.0,0.09367239342151655,0.11791491479406335,0.0,0.0,0.11535225506473805,0.15007026716725677,0.17864229088891895,0.07736539161074636,0.0,0.0,0.0,0.0,0.11799854530874668,0.04850425409146093,0.05092527992303327,0.0,0.04955440772951908,0.0,0.0,0.0,0.0,0.0
2022-05-20,0.0,0.0,0.0,0.09367239342151655,0.11791491479406335,0.0,0.0,0.11535225506473805,0.15007026716725677,0.17864229088891895,0.07736539161074636,0.0,0.0,0.0,0.0,0.11799854530874668,0.04850425409146093,0.05092527992303327,0.0,0.04955440772951908,0.0,0.0,0.0,0.0,0.0
2022-05-23,0.0,0.0,0.0,0.09367239342151655,0.11791491479406335,0.0,0.0,0.11535225506473805,0.15007026716725677,0.17864229088891895,0.07736539161074636,0.0,0.0,0.0,0.0,0.11799854530874668,0.04850425409146093,0.05092527992303327,0.0,0.04955440772951908,0.0,0.0,0.0,0.0,0.0
2022-05-24,0.0,0.0,0.0,0.09367239342151655,0.11791491479406335,0.0,0.0,0.11535225506473805,0.15007026716725677,0.17864229088891895,0.07736539161074636,0.0,0.0,0.0,0.0,0.11799854530874668,0.04850425409146093,0.05092527992303327,0.0,0.04955440772951908,0.0,0.0,0.0,0.0,0.0
2022-05-25,0.0,0.0,0.0,0.09367239342151655,0.11791491479406335,0.0,0.0,0.11535225506473805,0.15007026716725677,0.17864229088891895,0.07736539161074636,0.0,0.0,0.0,0.0,0.11799854530874668,0.04850425409146093,0.05092527992303327,0.0,0.04955440772951908,0.0,0.0,0.0,0.0,0.0
2022-05-26,0.0,0.0,0.0,0.09367239342151655,0.11791491479406335,0.0,0.0,0.11535225506473805,0.15007026716725677,0.17864229088891895,0.07736539161074636,0.0,0.0,0.0,0.0,0.11799854530874668,0.04850425409146093,0.05092527992303327,0.0,0.04955440772951908,0.0,0.0,0.0,0.0,0.0
2022-05-27,0.0,0.0,0.0,0.09367239342151655,0.11791491479406335,0.0,0.0,0.11535225506473805,0.15007026716725677,0.17864229088891895,0.07736539161074636,0.0,0.0,0.0,0.0,0.11799854530874668,0.04850425409146093,0.05092527992303327,0.0,0.04955440772951908,0.0,0.0,0.0,0.0,0.0
2022-05-30,0.0,0.0,0.0,0.09367239342151655,0.11791491479406335,0.0,0.0,0.11535225506473805,0.15007026716725677,0.17864229088891895,0.07736539161074636,0.0,0.0,0.0,0.0,0.11799854530874668,0.04850425409146093,0.05092527992303327,0.0,0.04955440772951908,0.0,0.0,0.0,0.0,0.0
2022-05-31,0.0,0.0,0.0,0.09367239342151655,0.11791491479406335,0.0,0.0,0.11535225506473805,0.15007026716725677,0.17864229088891895,0.07736539161074636,0.0,0.0,0.0,0.0,0.11799854530874668,0.04850425409146093,0.05092527992303327,0.0,0.04955440772951908,0.0,0.0,0.0,0.0,0.0
2022-06-01,0.0,0.0,0.0,0.09095829785317393,0.08368312775288222,0.0,0.0,0.1661811098465881,0.11690889745830033,0.18973472529921115,0.10080187554499578,0.0,0.0,0.0,0.0,0.17982535750505424,0.07190660873979428,0.0,0.0,0.0,0.0,0.0,0.0,0.0,0.0
2022-06-02,0.0,0.0,0.0,0.09095829785317393,0.08368312775288222,0.0,0.0,0.1661811098465881,0.11690889745830033,0.18973472529921115,0.10080187554499578,0.0,0.0,0.0,0.0,0.17982535750505424,0.07190660873979428,0.0,0.0,0.0,0.0,0.0,0.0,0.0,0.0
2022-06-03,0.0,0.0,0.0,0.09095829785317393,0.08368312775288222,0.0,0.0,0.1661811098465881,0.11690889745830033,0.18973472529921115,0.10080187554499578,0.0,0.0,0.0,0.0,0.17982535750505424,0.07190660873979428,0.0,0.0,0.0,0.0,0.0,0.0,0.0,0.0
2022-06-06,0.0,0.0,0.0,0.09095829785317393,0.08368312775288222,0.0,0.0,0.1661811098465881,0.11690889745830033,0.18973472529921115,0.10080187554499578,0.0,0.0,0.0,0.0,0.17982535750505424,0.07190660873979428,0.0,0.0,0.0,0.0,0.0,0.0,0.0,0.0
2022-06-07,0.0,0.0,0.0,0.09095829785317393,0.08368312775288222,0.0,0.0,0.1661811098465881,0.11690889745830033,0.18973472529921115,0.10080187554499578,0.0,0.0,0.0,0.0,0.17982535750505424,0.07190660873979428,0.0,0.0,0.0,0.0,0.0,0.0,0.0,0.0
2022-06-08,0.0,0.0,0.0,0.09095829785317393,0.08368312775288222,0.0,0.0,0.1661811098465881,0.11690889745830033,0.18973472529921115,0.10080187554499578,0.0,0.0,0.0,0.0,0.17982535750505424,0.07190660873979428,0.0,0.0,0.0,0.0,0.0,0.0,0.0,0.0
2022-06-09,0.0,0.0,0.0,0.09095829785317393,0.08368312775288222,0.0,0.0,0.1661811098465881,0.11690889745830033,0.18973472529921115,0.10080187554499578,0.0,0.0,0.0,0.0,0.17982535750505424,0.07190660873979428,0.0,0.0,0.0,0.0,0.0,0.0,0.0,0.0
2022-06-10,0.0,0.0,0.0,0.09095829785317393,0.08368312775288222,0.0,0.0,0.1661811098465881,0.11690889745830033,0.18973472529921115,0.10080187554499578,0.0,0.0,0.0,0.0,0.17982535750505424,0.07190660873979428,0.0,0.0,0.0,0.0,0.0,0.0,0.0,0.0
2022-06-13,0.0,0.0,0.0,0.09095829785317393,0.08368312775288222,0.0,0.0,0.1661811098465881,0.11690889745830033,0.18973472529921115,0.10080187554499578,0.0,0.0,0.0,0.0,0.17982535750505424,0.07190660873979428,0.0,0.0,0.0,0.0,0.0,0.0,0.0,0.0
2022-06-14,0.0,0.0,0.0,0.09095829785317393,0.08368312775288222,0.0,0.0,0.1661811098465881,0.11690889745830033,0.18973472529921115,0.10080187554499578,0.0,0.0,0.0,0.0,0.17982535750505424,0.07190660873979428,0.0,0.0,0.0,0.0,0.0,0.0,0.0,0.0
2022-06-15,0.0,0.0,0.0,0.09095829785317393,0.08368312775288222,0.0,0.0,0.1661811098465881,0.11690889745830033,0.18973472529921115,0.10080187554499578,0.0,0.0,0.0,0.0,0.17982535750505424,0.07190660873979428,0.0,0.0,0.0,0.0,0.0,0.0,0.0,0.0
2022-06-16,0.0,0.0,0.0,0.09095829785317393,0.08368312775288222,0.0,0.0,0.1661811098465881,0.11690889745830033,0.18973472529921115,0.10080187554499578,0.0,0.0,0.0,0.0,0.17982535750505424,0.07190660873979428,0.0,0.0,0.0,0.0,0.0,0.0,0.0,0.0
2022-06-17,0.0,0.0,0.0,0.09095829785317393,0.08368312775288222,0.0,0.0,0.1661811098465881,0.11690889745830033,0.18973472529921115,0.10080187554499578,0.0,0.0,0.0,0.0,0.17982535750505424,0.07190660873979428,0.0,0.0,0.0,0.0,0.0,0.0,0.0,0.0
2022-06-20,0.0,0.0,0.0,0.09095829785317393,0.08368312775288222,0.0,0.0,0.1661811098465881,0.11690889745830033,0.18973472529921115,0.10080187554499578,0.0,0.0,0.0,0.0,0.17982535750505424,0.07190660873979428,0.0,0.0,0.0,0.0,0.0,0.0,0.0,0.0
2022-06-21,0.0,0.0,0.0,0.09095829785317393,0.08368312775288222,0.0,0.0,0.1661811098465881,0.11690889745830033,0.18973472529921115,0.10080187554499578,0.0,0.0,0.0,0.0,0.17982535750505424,0.07190660873979428,0.0,0.0,0.0,0.0,0.0,0.0,0.0,0.0
2022-06-22,0.0,0.0,0.0,0.09095829785317393,0.08368312775288222,0.0,0.0,0.1661811098465881,0.11690889745830033,0.18973472529921115,0.10080187554499578,0.0,0.0,0.0,0.0,0.17982535750505424,0.07190660873979428,0.0,0.0,0.0,0.0,0.0,0.0,0.0,0.0
2022-06-23,0.0,0.0,0.0,0.09095829785317393,0.08368312775288222,0.0,0.0,0.1661811098465881,0.11690889745830033,0.18973472529921115,0.10080187554499578,0.0,0.0,0.0,0.0,0.17982535750505424,0.07190660873979428,0.0,0.0,0.0,0.0,0.0,0.0,0.0,0.0
2022-06-24,0.0,0.0,0.0,0.09095829785317393,0.08368312775288222,0.0,0.0,0.1661811098465881,0.11690889745830033,0.18973472529921115,0.10080187554499578,0.0,0.0,0.0,0.0,0.17982535750505424,0.07190660873979428,0.0,0.0,0.0,0.0,0.0,0.0,0.0,0.0
2022-06-27,0.0,0.0,0.0,0.09095829785317393,0.08368312775288222,0.0,0.0,0.1661811098465881,0.11690889745830033,0.18973472529921115,0.10080187554499578,0.0,0.0,0.0,0.0,0.17982535750505424,0.07190660873979428,0.0,0.0,0.0,0.0,0.0,0.0,0.0,0.0
2022-06-28,0.0,0.0,0.0,0.09095829785317393,0.08368312775288222,0.0,0.0,0.1661811098465881,0.11690889745830033,0.18973472529921115,0.10080187554499578,0.0,0.0,0.0,0.0,0.17982535750505424,0.07190660873979428,0.0,0.0,0.0,0.0,0.0,0.0,0.0,0.0
2022-06-29,0.0,0.0,0.0,0.09095829785317393,0.08368312775288222,0.0,0.0,0.1661811098465881,0.11690889745830033,0.18973472529921115,0.10080187554499578,0.0,0.0,0.0,0.0,0.17982535750505424,0.07190660873979428,0.0,0.0,0.0,0.0,0.0,0.0,0.0,0.0
2022-06-30,0.0,0.0,0.0,0.09095829785317393,0.08368312775288222,0.0,0.0,0.1661811098465881,0.11690889745830033,0.18973472529921115,0.10080187554499578,0.0,0.0,0.0,0.0,0.17982535750505424,0.07190660873979428,0.0,0.0,0.0,0.0,0.0,0.0,0.0,0.0
2022-07-01,0.0,0.0,0.0,0.0,0.0,0.0,0.0,0.0,0.3073016684061909,0.34694724698054347,0.0,0.0,0.0,0.0,0.0,0.0,0.1364404419041194,0.0,0.20931064270914626,0.0,0.0,0.0,0.0,0.0,0.0
2022-07-04,0.0,0.0,0.0,0.0,0.0,0.0,0.0,0.0,0.3073016684061909,0.34694724698054347,0.0,0.0,0.0,0.0,0.0,0.0,0.1364404419041194,0.0,0.20931064270914626,0.0,0.0,0.0,0.0,0.0,0.0
2022-07-05,0.0,0.0,0.0,0.0,0.0,0.0,0.0,0.0,0.3073016684061909,0.34694724698054347,0.0,0.0,0.0,0.0,0.0,0.0,0.1364404419041194,0.0,0.20931064270914626,0.0,0.0,0.0,0.0,0.0,0.0
2022-07-06,0.0,0.0,0.0,0.0,0.0,0.0,0.0,0.0,0.3073016684061909,0.34694724698054347,0.0,0.0,0.0,0.0,0.0,0.0,0.1364404419041194,0.0,0.20931064270914626,0.0,0.0,0.0,0.0,0.0,0.0
2022-07-07,0.0,0.0,0.0,0.0,0.0,0.0,0.0,0.0,0.3073016684061909,0.34694724698054347,0.0,0.0,0.0,0.0,0.0,0.0,0.1364404419041194,0.0,0.20931064270914626,0.0,0.0,0.0,0.0,0.0,0.0
2022-07-08,0.0,0.0,0.0,0.0,0.0,0.0,0.0,0.0,0.3073016684061909,0.34694724698054347,0.0,0.0,0.0,0.0,0.0,0.0,0.1364404419041194,0.0,0.20931064270914626,0.0,0.0,0.0,0.0,0.0,0.0
2022-07-11,0.0,0.0,0.0,0.0,0.0,0.0,0.0,0.0,0.3073016684061909,0.34694724698054347,0.0,0.0,0.0,0.0,0.0,0.0,0.1364404419041194,0.0,0.20931064270914626,0.0,0.0,0.0,0.0,0.0,0.0
2022-07-12,0.0,0.0,0.0,0.0,0.0,0.0,0.0,0.0,0.3073016684061909,0.34694724698054347,0.0,0.0,0.0,0.0,0.0,0.0,0.1364404419041194,0.0,0.20931064270914626,0.0,0.0,0.0,0.0,0.0,0.0
2022-07-13,0.0,0.0,0.0,0.0,0.0,0.0,0.0,0.0,0.3073016684061909,0.34694724698054347,0.0,0.0,0.0,0.0,0.0,0.0,0.1364404419041194,0.0,0.20931064270914626,0.0,0.0,0.0,0.0,0.0,0.0
2022-07-14,0.0,0.0,0.0,0.0,0.0,0.0,0.0,0.0,0.3073016684061909,0.34694724698054347,0.0,0.0,0.0,0.0,0.0,0.0,0.1364404419041194,0.0,0.20931064270914626,0.0,0.0,0.0,0.0,0.0,0.0
2022-07-15,0.0,0.0,0.0,0.0,0.0,0.0,0.0,0.0,0.3073016684061909,0.34694724698054347,0.0,0.0,0.0,0.0,0.0,0.0,0.1364404419041194,0.0,0.20931064270914626,0.0,0.0,0.0,0.0,0.0,0.0
2022-07-18,0.0,0.0,0.0,0.0,0.0,0.0,0.0,0.0,0.3073016684061909,0.34694724698054347,0.0,0.0,0.0,0.0,0.0,0.0,0.1364404419041194,0.0,0.20931064270914626,0.0,0.0,0.0,0.0,0.0,0.0
2022-07-19,0.0,0.0,0.0,0.0,0.0,0.0,0.0,0.0,0.3073016684061909,0.34694724698054347,0.0,0.0,0.0,0.0,0.0,0.0,0.1364404419041194,0.0,0.20931064270914626,0.0,0.0,0.0,0.0,0.0,0.0
2022-07-20,0.0,0.0,0.0,0.0,0.0,0.0,0.0,0.0,0.3073016684061909,0.34694724698054347,0.0,0.0,0.0,0.0,0.0,0.0,0.1364404419041194,0.0,0.20931064270914626,0.0,0.0,0.0,0.0,0.0,0.0
2022-07-21,0.0,0.0,0.0,0.0,0.0,0.0,0.0,0.0,0.3073016684061909,0.34694724698054347,0.0,0.0,0.0,0.0,0.0,0.0,0.1364404419041194,0.0,0.20931064270914626,0.0,0.0,0.0,0.0,0.0,0.0
2022-07-22,0.0,0.0,0.0,0.0,0.0,0.0,0.0,0.0,0.3073016684061909,0.34694724698054347,0.0,0.0,0.0,0.0,0.0,0.0,0.1364404419041194,0.0,0.20931064270914626,0.0,0.0,0.0,0.0,0.0,0.0
2022-07-25,0.0,0.0,0.0,0.0,0.0,0.0,0.0,0.0,0.3073016684061909,0.34694724698054347,0.0,0.0,0.0,0.0,0.0,0.0,0.1364404419041194,0.0,0.20931064270914626,0.0,0.0,0.0,0.0,0.0,0.0
2022-07-26,0.0,0.0,0.0,0.0,0.0,0.0,0.0,0.0,0.3073016684061909,0.34694724698054347,0.0,0.0,0.0,0.0,0.0,0.0,0.1364404419041194,0.0,0.20931064270914626,0.0,0.0,0.0,0.0,0.0,0.0
2022-07-27,0.0,0.0,0.0,0.0,0.0,0.0,0.0,0.0,0.3073016684061909,0.34694724698054347,0.0,0.0,0.0,0.0,0.0,0.0,0.1364404419041194,0.0,0.20931064270914626,0.0,0.0,0.0,0.0,0.0,0.0
2022-07-28,0.0,0.0,0.0,0.0,0.0,0.0,0.0,0.0,0.3073016684061909,0.34694724698054347,0.0,0.0,0.0,0.0,0.0,0.0,0.1364404419041194,0.0,0.20931064270914626,0.0,0.0,0.0,0.0,0.0,0.0
2022-07-29,0.0,0.0,0.0,0.0,0.0,0.0,0.0,0.0,0.3073016684061909,0.34694724698054347,0.0,0.0,0.0,0.0,0.0,0.0,0.1364404419041194,0.0,0.20931064270914626,0.0,0.0,0.0,0.0,0.0,0.0
2022-08-01,0.0,0.0,0.0,0.0,0.0,0.0,0.0,0.0,0.0,0.0,0.0,0.0,0.0,0.0,0.0,0.3603966247118882,0.12001874751556532,0.0,0.5195846277725464,0.0,0.0,0.0,0.0,0.0,0.0
2022-08-02,0.0,0.0,0.0,0.0,0.0,0.0,0.0,0.0,0.0,0.0,0.0,0.0,0.0,0.0,0.0,0.3603966247118882,0.12001874751556532,0.0,0.5195846277725464,0.0,0.0,0.0,0.0,0.0,0.0
2022-08-03,0.0,0.0,0.0,0.0,0.0,0.0,0.0,0.0,0.0,0.0,0.0,0.0,0.0,0.0,0.0,0.3603966247118882,0.12001874751556532,0.0,0.5195846277725464,0.0,0.0,0.0,0.0,0.0,0.0
2022-08-04,0.0,0.0,0.0,0.0,0.0,0.0,0.0,0.0,0.0,0.0,0.0,0.0,0.0,0.0,0.0,0.3603966247118882,0.12001874751556532,0.0,0.5195846277725464,0.0,0.0,0.0,0.0,0.0,0.0
2022-08-05,0.0,0.0,0.0,0.0,0.0,0.0,0.0,0.0,0.0,0.0,0.0,0.0,0.0,0.0,0.0,0.3603966247118882,0.12001874751556532,0.0,0.5195846277725464,0.0,0.0,0.0,0.0,0.0,0.0
2022-08-08,0.0,0.0,0.0,0.0,0.0,0.0,0.0,0.0,0.0,0.0,0.0,0.0,0.0,0.0,0.0,0.3603966247118882,0.12001874751556532,0.0,0.5195846277725464,0.0,0.0,0.0,0.0,0.0,0.0
2022-08-09,0.0,0.0,0.0,0.0,0.0,0.0,0.0,0.0,0.0,0.0,0.0,0.0,0.0,0.0,0.0,0.3603966247118882,0.12001874751556532,0.0,0.5195846277725464,0.0,0.0,0.0,0.0,0.0,0.0
2022-08-10,0.0,0.0,0.0,0.0,0.0,0.0,0.0,0.0,0.0,0.0,0.0,0.0,0.0,0.0,0.0,0.3603966247118882,0.12001874751556532,0.0,0.5195846277725464,0.0,0.0,0.0,0.0,0.0,0.0
2022-08-11,0.0,0.0,0.0,0.0,0.0,0.0,0.0,0.0,0.0,0.0,0.0,0.0,0.0,0.0,0.0,0.3603966247118882,0.12001874751556532,0.0,0.5195846277725464,0.0,0.0,0.0,0.0,0.0,0.0
2022-08-12,0.0,0.0,0.0,0.0,0.0,0.0,0.0,0.0,0.0,0.0,0.0,0.0,0.0,0.0,0.0,0.3603966247118882,0.12001874751556532,0.0,0.5195846277725464,0.0,0.0,0.0,0.0,0.0,0.0
2022-08-15,0.0,0.0,0.0,0.0,0.0,0.0,0.0,0.0,0.0,0.0,0.0,0.0,0.0,0.0,0.0,0.3603966247118882,0.12001874751556532,0.0,0.5195846277725464,0.0,0.0,0.0,0.0,0.0,0.0
2022-08-16,0.0,0.0,0.0,0.0,0.0,0.0,0.0,0.0,0.0,0.0,0.0,0.0,0.0,0.0,0.0,0.3603966247118882,0.12001874751556532,0.0,0.5195846277725464,0.0,0.0,0.0,0.0,0.0,0.0
2022-08-17,0.0,0.0,0.0,0.0,0.0,0.0,0.0,0.0,0.0,0.0,0.0,0.0,0.0,0.0,0.0,0.3603966247118882,0.12001874751556532,0.0,0.5195846277725464,0.0,0.0,0.0,0.0,0.0,0.0
2022-08-18,0.0,0.0,0.0,0.0,0.0,0.0,0.0,0.0,0.0,0.0,0.0,0.0,0.0,0.0,0.0,0.3603966247118882,0.12001874751556532,0.0,0.5195846277725464,0.0,0.0,0.0,0.0,0.0,0.0
2022-08-19,0.0,0.0,0.0,0.0,0.0,0.0,0.0,0.0,0.0,0.0,0.0,0.0,0.0,0.0,0.0,0.3603966247118882,0.12001874751556532,0.0,0.5195846277725464,0.0,0.0,0.0,0.0,0.0,0.0
2022-08-22,0.0,0.0,0.0,0.0,0.0,0.0,0.0,0.0,0.0,0.0,0.0,0.0,0.0,0.0,0.0,0.3603966247118882,0.12001874751556532,0.0,0.5195846277725464,0.0,0.0,0.0,0.0,0.0,0.0
2022-08-23,0.0,0.0,0.0,0.0,0.0,0.0,0.0,0.0,0.0,0.0,0.0,0.0,0.0,0.0,0.0,0.3603966247118882,0.12001874751556532,0.0,0.5195846277725464,0.0,0.0,0.0,0.0,0.0,0.0
2022-08-24,0.0,0.0,0.0,0.0,0.0,0.0,0.0,0.0,0.0,0.0,0.0,0.0,0.0,0.0,0.0,0.3603966247118882,0.12001874751556532,0.0,0.5195846277725464,0.0,0.0,0.0,0.0,0.0,0.0
2022-08-25,0.0,0.0,0.0,0.0,0.0,0.0,0.0,0.0,0.0,0.0,0.0,0.0,0.0,0.0,0.0,0.3603966247118882,0.12001874751556532,0.0,0.5195846277725464,0.0,0.0,0.0,0.0,0.0,0.0
2022-08-26,0.0,0.0,0.0,0.0,0.0,0.0,0.0,0.0,0.0,0.0,0.0,0.0,0.0,0.0,0.0,0.3603966247118882,0.12001874751556532,0.0,0.5195846277725464,0.0,0.0,0.0,0.0,0.0,0.0
2022-08-29,0.0,0.0,0.0,0.0,0.0,0.0,0.0,0.0,0.0,0.0,0.0,0.0,0.0,0.0,0.0,0.3603966247118882,0.12001874751556532,0.0,0.5195846277725464,0.0,0.0,0.0,0.0,0.0,0.0
2022-08-30,0.0,0.0,0.0,0.0,0.0,0.0,0.0,0.0,0.0,0.0,0.0,0.0,0.0,0.0,0.0,0.3603966247118882,0.12001874751556532,0.0,0.5195846277725464,0.0,0.0,0.0,0.0,0.0,0.0
2022-08-31,0.0,0.0,0.0,0.0,0.0,0.0,0.0,0.0,0.0,0.0,0.0,0.0,0.0,0.0,0.0,0.3603966247118882,0.12001874751556532,0.0,0.5195846277725464,0.0,0.0,0.0,0.0,0.0,0.0
2022-09-01,0.0,0.0,0.0,0.0,0.0,0.0,0.0,0.0,0.0,0.0,0.0,0.0,0.0,0.0,0.0,0.0,0.3329826946121723,0.0,0.6670173053878277,0.0,0.0,0.0,0.0,0.0,0.0
2022-09-02,0.0,0.0,0.0,0.0,0.0,0.0,0.0,0.0,0.0,0.0,0.0,0.0,0.0,0.0,0.0,0.0,0.3329826946121723,0.0,0.6670173053878277,0.0,0.0,0.0,0.0,0.0,0.0
2022-09-05,0.0,0.0,0.0,0.0,0.0,0.0,0.0,0.0,0.0,0.0,0.0,0.0,0.0,0.0,0.0,0.0,0.3329826946121723,0.0,0.6670173053878277,0.0,0.0,0.0,0.0,0.0,0.0
2022-09-06,0.0,0.0,0.0,0.0,0.0,0.0,0.0,0.0,0.0,0.0,0.0,0.0,0.0,0.0,0.0,0.0,0.3329826946121723,0.0,0.6670173053878277,0.0,0.0,0.0,0.0,0.0,0.0
2022-09-07,0.0,0.0,0.0,0.0,0.0,0.0,0.0,0.0,0.0,0.0,0.0,0.0,0.0,0.0,0.0,0.0,0.3329826946121723,0.0,0.6670173053878277,0.0,0.0,0.0,0.0,0.0,0.0
2022-09-08,0.0,0.0,0.0,0.0,0.0,0.0,0.0,0.0,0.0,0.0,0.0,0.0,0.0,0.0,0.0,0.0,0.3329826946121723,0.0,0.6670173053878277,0.0,0.0,0.0,0.0,0.0,0.0
2022-09-09,0.0,0.0,0.0,0.0,0.0,0.0,0.0,0.0,0.0,0.0,0.0,0.0,0.0,0.0,0.0,0.0,0.3329826946121723,0.0,0.6670173053878277,0.0,0.0,0.0,0.0,0.0,0.0
2022-09-12,0.0,0.0,0.0,0.0,0.0,0.0,0.0,0.0,0.0,0.0,0.0,0.0,0.0,0.0,0.0,0.0,0.3329826946121723,0.0,0.6670173053878277,0.0,0.0,0.0,0.0,0.0,0.0
2022-09-13,0.0,0.0,0.0,0.0,0.0,0.0,0.0,0.0,0.0,0.0,0.0,0.0,0.0,0.0,0.0,0.0,0.3329826946121723,0.0,0.6670173053878277,0.0,0.0,0.0,0.0,0.0,0.0
2022-09-14,0.0,0.0,0.0,0.0,0.0,0.0,0.0,0.0,0.0,0.0,0.0,0.0,0.0,0.0,0.0,0.0,0.3329826946121723,0.0,0.6670173053878277,0.0,0.0,0.0,0.0,0.0,0.0
2022-09-15,0.0,0.0,0.0,0.0,0.0,0.0,0.0,0.0,0.0,0.0,0.0,0.0,0.0,0.0,0.0,0.0,0.3329826946121723,0.0,0.6670173053878277,0.0,0.0,0.0,0.0,0.0,0.0
2022-09-16,0.0,0.0,0.0,0.0,0.0,0.0,0.0,0.0,0.0,0.0,0.0,0.0,0.0,0.0,0.0,0.0,0.3329826946121723,0.0,0.6670173053878277,0.0,0.0,0.0,0.0,0.0,0.0
2022-09-19,0.0,0.0,0.0,0.0,0.0,0.0,0.0,0.0,0.0,0.0,0.0,0.0,0.0,0.0,0.0,0.0,0.3329826946121723,0.0,0.6670173053878277,0.0,0.0,0.0,0.0,0.0,0.0
2022-09-20,0.0,0.0,0.0,0.0,0.0,0.0,0.0,0.0,0.0,0.0,0.0,0.0,0.0,0.0,0.0,0.0,0.3329826946121723,0.0,0.6670173053878277,0.0,0.0,0.0,0.0,0.0,0.0
2022-09-21,0.0,0.0,0.0,0.0,0.0,0.0,0.0,0.0,0.0,0.0,0.0,0.0,0.0,0.0,0.0,0.0,0.3329826946121723,0.0,0.6670173053878277,0.0,0.0,0.0,0.0,0.0,0.0
2022-09-22,0.0,0.0,0.0,0.0,0.0,0.0,0.0,0.0,0.0,0.0,0.0,0.0,0.0,0.0,0.0,0.0,0.3329826946121723,0.0,0.6670173053878277,0.0,0.0,0.0,0.0,0.0,0.0
2022-09-23,0.0,0.0,0.0,0.0,0.0,0.0,0.0,0.0,0.0,0.0,0.0,0.0,0.0,0.0,0.0,0.0,0.3329826946121723,0.0,0.6670173053878277,0.0,0.0,0.0,0.0,0.0,0.0
2022-09-26,0.0,0.0,0.0,0.0,0.0,0.0,0.0,0.0,0.0,0.0,0.0,0.0,0.0,0.0,0.0,0.0,0.3329826946121723,0.0,0.6670173053878277,0.0,0.0,0.0,0.0,0.0,0.0
2022-09-27,0.0,0.0,0.0,0.0,0.0,0.0,0.0,0.0,0.0,0.0,0.0,0.0,0.0,0.0,0.0,0.0,0.3329826946121723,0.0,0.6670173053878277,0.0,0.0,0.0,0.0,0.0,0.0
2022-09-28,0.0,0.0,0.0,0.0,0.0,0.0,0.0,0.0,0.0,0.0,0.0,0.0,0.0,0.0,0.0,0.0,0.3329826946121723,0.0,0.6670173053878277,0.0,0.0,0.0,0.0,0.0,0.0
2022-09-29,0.0,0.0,0.0,0.0,0.0,0.0,0.0,0.0,0.0,0.0,0.0,0.0,0.0,0.0,0.0,0.0,0.3329826946121723,0.0,0.6670173053878277,0.0,0.0,0.0,0.0,0.0,0.0
2022-09-30,0.0,0.0,0.0,0.0,0.0,0.0,0.0,0.0,0.0,0.0,0.0,0.0,0.0,0.0,0.0,0.0,0.3329826946121723,0.0,0.6670173053878277,0.0,0.0,0.0,0.0,0.0,0.0
2022-10-03,0.0,0.0,0.0,0.0,0.0,0.0,0.0,0.0,0.0,0.0,0.0,0.0,0.0,0.0,0.0,0.0,0.25704819501881704,0.0,0.7429518049811831,0.0,0.0,0.0,0.0,0.0,0.0
2022-10-04,0.0,0.0,0.0,0.0,0.0,0.0,0.0,0.0,0.0,0.0,0.0,0.0,0.0,0.0,0.0,0.0,0.25704819501881704,0.0,0.7429518049811831,0.0,0.0,0.0,0.0,0.0,0.0
2022-10-05,0.0,0.0,0.0,0.0,0.0,0.0,0.0,0.0,0.0,0.0,0.0,0.0,0.0,0.0,0.0,0.0,0.25704819501881704,0.0,0.7429518049811831,0.0,0.0,0.0,0.0,0.0,0.0
2022-10-06,0.0,0.0,0.0,0.0,0.0,0.0,0.0,0.0,0.0,0.0,0.0,0.0,0.0,0.0,0.0,0.0,0.25704819501881704,0.0,0.7429518049811831,0.0,0.0,0.0,0.0,0.0,0.0
2022-10-07,0.0,0.0,0.0,0.0,0.0,0.0,0.0,0.0,0.0,0.0,0.0,0.0,0.0,0.0,0.0,0.0,0.25704819501881704,0.0,0.7429518049811831,0.0,0.0,0.0,0.0,0.0,0.0
2022-10-10,0.0,0.0,0.0,0.0,0.0,0.0,0.0,0.0,0.0,0.0,0.0,0.0,0.0,0.0,0.0,0.0,0.25704819501881704,0.0,0.7429518049811831,0.0,0.0,0.0,0.0,0.0,0.0
2022-10-11,0.0,0.0,0.0,0.0,0.0,0.0,0.0,0.0,0.0,0.0,0.0,0.0,0.0,0.0,0.0,0.0,0.25704819501881704,0.0,0.7429518049811831,0.0,0.0,0.0,0.0,0.0,0.0
2022-10-12,0.0,0.0,0.0,0.0,0.0,0.0,0.0,0.0,0.0,0.0,0.0,0.0,0.0,0.0,0.0,0.0,0.25704819501881704,0.0,0.7429518049811831,0.0,0.0,0.0,0.0,0.0,0.0
2022-10-13,0.0,0.0,0.0,0.0,0.0,0.0,0.0,0.0,0.0,0.0,0.0,0.0,0.0,0.0,0.0,0.0,0.25704819501881704,0.0,0.7429518049811831,0.0,0.0,0.0,0.0,0.0,0.0
2022-10-14,0.0,0.0,0.0,0.0,0.0,0.0,0.0,0.0,0.0,0.0,0.0,0.0,0.0,0.0,0.0,0.0,0.25704819501881704,0.0,0.7429518049811831,0.0,0.0,0.0,0.0,0.0,0.0
2022-10-17,0.0,0.0,0.0,0.0,0.0,0.0,0.0,0.0,0.0,0.0,0.0,0.0,0.0,0.0,0.0,0.0,0.25704819501881704,0.0,0.7429518049811831,0.0,0.0,0.0,0.0,0.0,0.0
2022-10-18,0.0,0.0,0.0,0.0,0.0,0.0,0.0,0.0,0.0,0.0,0.0,0.0,0.0,0.0,0.0,0.0,0.25704819501881704,0.0,0.7429518049811831,0.0,0.0,0.0,0.0,0.0,0.0
2022-10-19,0.0,0.0,0.0,0.0,0.0,0.0,0.0,0.0,0.0,0.0,0.0,0.0,0.0,0.0,0.0,0.0,0.25704819501881704,0.0,0.7429518049811831,0.0,0.0,0.0,0.0,0.0,0.0
2022-10-20,0.0,0.0,0.0,0.0,0.0,0.0,0.0,0.0,0.0,0.0,0.0,0.0,0.0,0.0,0.0,0.0,0.25704819501881704,0.0,0.7429518049811831,0.0,0.0,0.0,0.0,0.0,0.0
2022-10-21,0.0,0.0,0.0,0.0,0.0,0.0,0.0,0.0,0.0,0.0,0.0,0.0,0.0,0.0,0.0,0.0,0.25704819501881704,0.0,0.7429518049811831,0.0,0.0,0.0,0.0,0.0,0.0
2022-10-24,0.0,0.0,0.0,0.0,0.0,0.0,0.0,0.0,0.0,0.0,0.0,0.0,0.0,0.0,0.0,0.0,0.25704819501881704,0.0,0.7429518049811831,0.0,0.0,0.0,0.0,0.0,0.0
2022-10-25,0.0,0.0,0.0,0.0,0.0,0.0,0.0,0.0,0.0,0.0,0.0,0.0,0.0,0.0,0.0,0.0,0.25704819501881704,0.0,0.7429518049811831,0.0,0.0,0.0,0.0,0.0,0.0
2022-10-26,0.0,0.0,0.0,0.0,0.0,0.0,0.0,0.0,0.0,0.0,0.0,0.0,0.0,0.0,0.0,0.0,0.25704819501881704,0.0,0.7429518049811831,0.0,0.0,0.0,0.0,0.0,0.0
2022-10-27,0.0,0.0,0.0,0.0,0.0,0.0,0.0,0.0,0.0,0.0,0.0,0.0,0.0,0.0,0.0,0.0,0.25704819501881704,0.0,0.7429518049811831,0.0,0.0,0.0,0.0,0.0,0.0
2022-10-28,0.0,0.0,0.0,0.0,0.0,0.0,0.0,0.0,0.0,0.0,0.0,0.0,0.0,0.0,0.0,0.0,0.25704819501881704,0.0,0.7429518049811831,0.0,0.0,0.0,0.0,0.0,0.0
2022-10-31,0.0,0.0,0.0,0.0,0.0,0.0,0.0,0.0,0.0,0.0,0.0,0.0,0.0,0.0,0.0,0.0,0.25704819501881704,0.0,0.7429518049811831,0.0,0.0,0.0,0.0,0.0,0.0
2022-11-01,0.0,0.0,0.0,0.0,0.0,0.0,0.0,0.0,0.0,0.0,0.0,0.0,0.0,0.0,0.0,0.0,0.0,0.0,1.0,0.0,0.0,0.0,0.0,0.0,0.0
2022-11-02,0.0,0.0,0.0,0.0,0.0,0.0,0.0,0.0,0.0,0.0,0.0,0.0,0.0,0.0,0.0,0.0,0.0,0.0,1.0,0.0,0.0,0.0,0.0,0.0,0.0
2022-11-03,0.0,0.0,0.0,0.0,0.0,0.0,0.0,0.0,0.0,0.0,0.0,0.0,0.0,0.0,0.0,0.0,0.0,0.0,1.0,0.0,0.0,0.0,0.0,0.0,0.0
2022-11-04,0.0,0.0,0.0,0.0,0.0,0.0,0.0,0.0,0.0,0.0,0.0,0.0,0.0,0.0,0.0,0.0,0.0,0.0,1.0,0.0,0.0,0.0,0.0,0.0,0.0
2022-11-07,0.0,0.0,0.0,0.0,0.0,0.0,0.0,0.0,0.0,0.0,0.0,0.0,0.0,0.0,0.0,0.0,0.0,0.0,1.0,0.0,0.0,0.0,0.0,0.0,0.0
2022-11-08,0.0,0.0,0.0,0.0,0.0,0.0,0.0,0.0,0.0,0.0,0.0,0.0,0.0,0.0,0.0,0.0,0.0,0.0,1.0,0.0,0.0,0.0,0.0,0.0,0.0
2022-11-09,0.0,0.0,0.0,0.0,0.0,0.0,0.0,0.0,0.0,0.0,0.0,0.0,0.0,0.0,0.0,0.0,0.0,0.0,1.0,0.0,0.0,0.0,0.0,0.0,0.0
2022-11-10,0.0,0.0,0.0,0.0,0.0,0.0,0.0,0.0,0.0,0.0,0.0,0.0,0.0,0.0,0.0,0.0,0.0,0.0,1.0,0.0,0.0,0.0,0.0,0.0,0.0
2022-11-11,0.0,0.0,0.0,0.0,0.0,0.0,0.0,0.0,0.0,0.0,0.0,0.0,0.0,0.0,0.0,0.0,0.0,0.0,1.0,0.0,0.0,0.0,0.0,0.0,0.0
2022-11-14,0.0,0.0,0.0,0.0,0.0,0.0,0.0,0.0,0.0,0.0,0.0,0.0,0.0,0.0,0.0,0.0,0.0,0.0,1.0,0.0,0.0,0.0,0.0,0.0,0.0
2022-11-15,0.0,0.0,0.0,0.0,0.0,0.0,0.0,0.0,0.0,0.0,0.0,0.0,0.0,0.0,0.0,0.0,0.0,0.0,1.0,0.0,0.0,0.0,0.0,0.0,0.0
2022-11-16,0.0,0.0,0.0,0.0,0.0,0.0,0.0,0.0,0.0,0.0,0.0,0.0,0.0,0.0,0.0,0.0,0.0,0.0,1.0,0.0,0.0,0.0,0.0,0.0,0.0
2022-11-17,0.0,0.0,0.0,0.0,0.0,0.0,0.0,0.0,0.0,0.0,0.0,0.0,0.0,0.0,0.0,0.0,0.0,0.0,1.0,0.0,0.0,0.0,0.0,0.0,0.0
2022-11-18,0.0,0.0,0.0,0.0,0.0,0.0,0.0,0.0,0.0,0.0,0.0,0.0,0.0,0.0,0.0,0.0,0.0,0.0,1.0,0.0,0.0,0.0,0.0,0.0,0.0
2022-11-21,0.0,0.0,0.0,0.0,0.0,0.0,0.0,0.0,0.0,0.0,0.0,0.0,0.0,0.0,0.0,0.0,0.0,0.0,1.0,0.0,0.0,0.0,0.0,0.0,0.0
2022-11-22,0.0,0.0,0.0,0.0,0.0,0.0,0.0,0.0,0.0,0.0,0.0,0.0,0.0,0.0,0.0,0.0,0.0,0.0,1.0,0.0,0.0,0.0,0.0,0.0,0.0
2022-11-23,0.0,0.0,0.0,0.0,0.0,0.0,0.0,0.0,0.0,0.0,0.0,0.0,0.0,0.0,0.0,0.0,0.0,0.0,1.0,0.0,0.0,0.0,0.0,0.0,0.0
2022-11-24,0.0,0.0,0.0,0.0,0.0,0.0,0.0,0.0,0.0,0.0,0.0,0.0,0.0,0.0,0.0,0.0,0.0,0.0,1.0,0.0,0.0,0.0,0.0,0.0,0.0
2022-11-25,0.0,0.0,0.0,0.0,0.0,0.0,0.0,0.0,0.0,0.0,0.0,0.0,0.0,0.0,0.0,0.0,0.0,0.0,1.0,0.0,0.0,0.0,0.0,0.0,0.0
2022-11-28,0.0,0.0,0.0,0.0,0.0,0.0,0.0,0.0,0.0,0.0,0.0,0.0,0.0,0.0,0.0,0.0,0.0,0.0,1.0,0.0,0.0,0.0,0.0,0.0,0.0
2022-11-29,0.0,0.0,0.0,0.0,0.0,0.0,0.0,0.0,0.0,0.0,0.0,0.0,0.0,0.0,0.0,0.0,0.0,0.0,1.0,0.0,0.0,0.0,0.0,0.0,0.0
2022-11-30,0.0,0.0,0.0,0.0,0.0,0.0,0.0,0.0,0.0,0.0,0.0,0.0,0.0,0.0,0.0,0.0,0.0,0.0,1.0,0.0,0.0,0.0,0.0,0.0,0.0
2022-12-01,0.0,0.0,0.0,0.0,0.0,0.0,0.0,0.0,0.0,0.0,0.0,0.0,0.0,0.0,0.0,0.0,0.19503864069804666,0.0,0.8049613593019533,0.0,0.0,0.0,0.0,0.0,0.0
2022-12-02,0.0,0.0,0.0,0.0,0.0,0.0,0.0,0.0,0.0,0.0,0.0,0.0,0.0,0.0,0.0,0.0,0.19503864069804666,0.0,0.8049613593019533,0.0,0.0,0.0,0.0,0.0,0.0
2022-12-05,0.0,0.0,0.0,0.0,0.0,0.0,0.0,0.0,0.0,0.0,0.0,0.0,0.0,0.0,0.0,0.0,0.19503864069804666,0.0,0.8049613593019533,0.0,0.0,0.0,0.0,0.0,0.0
2022-12-06,0.0,0.0,0.0,0.0,0.0,0.0,0.0,0.0,0.0,0.0,0.0,0.0,0.0,0.0,0.0,0.0,0.19503864069804666,0.0,0.8049613593019533,0.0,0.0,0.0,0.0,0.0,0.0
2022-12-07,0.0,0.0,0.0,0.0,0.0,0.0,0.0,0.0,0.0,0.0,0.0,0.0,0.0,0.0,0.0,0.0,0.19503864069804666,0.0,0.8049613593019533,0.0,0.0,0.0,0.0,0.0,0.0
2022-12-08,0.0,0.0,0.0,0.0,0.0,0.0,0.0,0.0,0.0,0.0,0.0,0.0,0.0,0.0,0.0,0.0,0.19503864069804666,0.0,0.8049613593019533,0.0,0.0,0.0,0.0,0.0,0.0
2022-12-09,0.0,0.0,0.0,0.0,0.0,0.0,0.0,0.0,0.0,0.0,0.0,0.0,0.0,0.0,0.0,0.0,0.19503864069804666,0.0,0.8049613593019533,0.0,0.0,0.0,0.0,0.0,0.0
2022-12-12,0.0,0.0,0.0,0.0,0.0,0.0,0.0,0.0,0.0,0.0,0.0,0.0,0.0,0.0,0.0,0.0,0.19503864069804666,0.0,0.8049613593019533,0.0,0.0,0.0,0.0,0.0,0.0
2022-12-13,0.0,0.0,0.0,0.0,0.0,0.0,0.0,0.0,0.0,0.0,0.0,0.0,0.0,0.0,0.0,0.0,0.19503864069804666,0.0,0.8049613593019533,0.0,0.0,0.0,0.0,0.0,0.0
2022-12-14,0.0,0.0,0.0,0.0,0.0,0.0,0.0,0.0,0.0,0.0,0.0,0.0,0.0,0.0,0.0,0.0,0.19503864069804666,0.0,0.8049613593019533,0.0,0.0,0.0,0.0,0.0,0.0
2022-12-15,0.0,0.0,0.0,0.0,0.0,0.0,0.0,0.0,0.0,0.0,0.0,0.0,0.0,0.0,0.0,0.0,0.19503864069804666,0.0,0.8049613593019533,0.0,0.0,0.0,0.0,0.0,0.0
2022-12-16,0.0,0.0,0.0,0.0,0.0,0.0,0.0,0.0,0.0,0.0,0.0,0.0,0.0,0.0,0.0,0.0,0.19503864069804666,0.0,0.8049613593019533,0.0,0.0,0.0,0.0,0.0,0.0
2022-12-19,0.0,0.0,0.0,0.0,0.0,0.0,0.0,0.0,0.0,0.0,0.0,0.0,0.0,0.0,0.0,0.0,0.19503864069804666,0.0,0.8049613593019533,0.0,0.0,0.0,0.0,0.0,0.0
2022-12-20,0.0,0.0,0.0,0.0,0.0,0.0,0.0,0.0,0.0,0.0,0.0,0.0,0.0,0.0,0.0,0.0,0.19503864069804666,0.0,0.8049613593019533,0.0,0.0,0.0,0.0,0.0,0.0
2022-12-21,0.0,0.0,0.0,0.0,0.0,0.0,0.0,0.0,0.0,0.0,0.0,0.0,0.0,0.0,0.0,0.0,0.19503864069804666,0.0,0.8049613593019533,0.0,0.0,0.0,0.0,0.0,0.0
2022-12-22,0.0,0.0,0.0,0.0,0.0,0.0,0.0,0.0,0.0,0.0,0.0,0.0,0.0,0.0,0.0,0.0,0.19503864069804666,0.0,0.8049613593019533,0.0,0.0,0.0,0.0,0.0,0.0
2022-12-23,0.0,0.0,0.0,0.0,0.0,0.0,0.0,0.0,0.0,0.0,0.0,0.0,0.0,0.0,0.0,0.0,0.19503864069804666,0.0,0.8049613593019533,0.0,0.0,0.0,0.0,0.0,0.0
2022-12-26,0.0,0.0,0.0,0.0,0.0,0.0,0.0,0.0,0.0,0.0,0.0,0.0,0.0,0.0,0.0,0.0,0.19503864069804666,0.0,0.8049613593019533,0.0,0.0,0.0,0.0,0.0,0.0
2022-12-27,0.0,0.0,0.0,0.0,0.0,0.0,0.0,0.0,0.0,0.0,0.0,0.0,0.0,0.0,0.0,0.0,0.19503864069804666,0.0,0.8049613593019533,0.0,0.0,0.0,0.0,0.0,0.0
2022-12-28,0.0,0.0,0.0,0.0,0.0,0.0,0.0,0.0,0.0,0.0,0.0,0.0,0.0,0.0,0.0,0.0,0.19503864069804666,0.0,0.8049613593019533,0.0,0.0,0.0,0.0,0.0,0.0
2022-12-29,0.0,0.0,0.0,0.0,0.0,0.0,0.0,0.0,0.0,0.0,0.0,0.0,0.0,0.0,0.0,0.0,0.19503864069804666,0.0,0.8049613593019533,0.0,0.0,0.0,0.0,0.0,0.0
2022-12-30,0.0,0.0,0.0,0.0,0.0,0.0,0.0,0.0,0.0,0.0,0.0,0.0,0.0,0.0,0.0,0.0,0.19503864069804666,0.0,0.8049613593019533,0.0,0.0,0.0,0.0,0.0,0.0
2023-01-03,0.0,0.0,0.0,0.0,0.0,0.0,0.0,0.0,0.0,0.0,0.3352335165278036,0.2298503561719915,0.0,0.0,0.0,0.0,0.0,0.0,0.0,0.0,0.0,0.0,0.0,0.0,0.434916127300205
2023-01-04,0.0,0.0,0.0,0.0,0.0,0.0,0.0,0.0,0.0,0.0,0.3352335165278036,0.2298503561719915,0.0,0.0,0.0,0.0,0.0,0.0,0.0,0.0,0.0,0.0,0.0,0.0,0.434916127300205
2023-01-05,0.0,0.0,0.0,0.0,0.0,0.0,0.0,0.0,0.0,0.0,0.3352335165278036,0.2298503561719915,0.0,0.0,0.0,0.0,0.0,0.0,0.0,0.0,0.0,0.0,0.0,0.0,0.434916127300205
2023-01-06,0.0,0.0,0.0,0.0,0.0,0.0,0.0,0.0,0.0,0.0,0.3352335165278036,0.2298503561719915,0.0,0.0,0.0,0.0,0.0,0.0,0.0,0.0,0.0,0.0,0.0,0.0,0.434916127300205
2023-01-09,0.0,0.0,0.0,0.0,0.0,0.0,0.0,0.0,0.0,0.0,0.3352335165278036,0.2298503561719915,0.0,0.0,0.0,0.0,0.0,0.0,0.0,0.0,0.0,0.0,0.0,0.0,0.434916127300205
2023-01-10,0.0,0.0,0.0,0.0,0.0,0.0,0.0,0.0,0.0,0.0,0.3352335165278036,0.2298503561719915,0.0,0.0,0.0,0.0,0.0,0.0,0.0,0.0,0.0,0.0,0.0,0.0,0.434916127300205
2023-01-11,0.0,0.0,0.0,0.0,0.0,0.0,0.0,0.0,0.0,0.0,0.3352335165278036,0.2298503561719915,0.0,0.0,0.0,0.0,0.0,0.0,0.0,0.0,0.0,0.0,0.0,0.0,0.434916127300205
2023-01-12,0.0,0.0,0.0,0.0,0.0,0.0,0.0,0.0,0.0,0.0,0.3352335165278036,0.2298503561719915,0.0,0.0,0.0,0.0,0.0,0.0,0.0,0.0,0.0,0.0,0.0,0.0,0.434916127300205
2023-01-13,0.0,0.0,0.0,0.0,0.0,0.0,0.0,0.0,0.0,0.0,0.3352335165278036,0.2298503561719915,0.0,0.0,0.0,0.0,0.0,0.0,0.0,0.0,0.0,0.0,0.0,0.0,0.434916127300205
2023-01-16,0.0,0.0,0.0,0.0,0.0,0.0,0.0,0.0,0.0,0.0,0.3352335165278036,0.2298503561719915,0.0,0.0,0.0,0.0,0.0,0.0,0.0,0.0,0.0,0.0,0.0,0.0,0.434916127300205
2023-01-17,0.0,0.0,0.0,0.0,0.0,0.0,0.0,0.0,0.0,0.0,0.3352335165278036,0.2298503561719915,0.0,0.0,0.0,0.0,0.0,0.0,0.0,0.0,0.0,0.0,0.0,0.0,0.434916127300205
2023-01-18,0.0,0.0,0.0,0.0,0.0,0.0,0.0,0.0,0.0,0.0,0.3352335165278036,0.2298503561719915,0.0,0.0,0.0,0.0,0.0,0.0,0.0,0.0,0.0,0.0,0.0,0.0,0.434916127300205
2023-01-19,0.0,0.0,0.0,0.0,0.0,0.0,0.0,0.0,0.0,0.0,0.3352335165278036,0.2298503561719915,0.0,0.0,0.0,0.0,0.0,0.0,0.0,0.0,0.0,0.0,0.0,0.0,0.434916127300205
2023-01-20,0.0,0.0,0.0,0.0,0.0,0.0,0.0,0.0,0.0,0.0,0.3352335165278036,0.2298503561719915,0.0,0.0,0.0,0.0,0.0,0.0,0.0,0.0,0.0,0.0,0.0,0.0,0.434916127300205
2023-01-23,0.0,0.0,0.0,0.0,0.0,0.0,0.0,0.0,0.0,0.0,0.3352335165278036,0.2298503561719915,0.0,0.0,0.0,0.0,0.0,0.0,0.0,0.0,0.0,0.0,0.0,0.0,0.434916127300205
2023-01-24,0.0,0.0,0.0,0.0,0.0,0.0,0.0,0.0,0.0,0.0,0.3352335165278036,0.2298503561719915,0.0,0.0,0.0,0.0,0.0,0.0,0.0,0.0,0.0,0.0,0.0,0.0,0.434916127300205
2023-01-25,0.0,0.0,0.0,0.0,0.0,0.0,0.0,0.0,0.0,0.0,0.3352335165278036,0.2298503561719915,0.0,0.0,0.0,0.0,0.0,0.0,0.0,0.0,0.0,0.0,0.0,0.0,0.434916127300205
2023-01-26,0.0,0.0,0.0,0.0,0.0,0.0,0.0,0.0,0.0,0.0,0.3352335165278036,0.2298503561719915,0.0,0.0,0.0,0.0,0.0,0.0,0.0,0.0,0.0,0.0,0.0,0.0,0.434916127300205
2023-01-27,0.0,0.0,0.0,0.0,0.0,0.0,0.0,0.0,0.0,0.0,0.3352335165278036,0.2298503561719915,0.0,0.0,0.0,0.0,0.0,0.0,0.0,0.0,0.0,0.0,0.0,0.0,0.434916127300205
2023-01-30,0.0,0.0,0.0,0.0,0.0,0.0,0.0,0.0,0.0,0.0,0.3352335165278036,0.2298503561719915,0.0,0.0,0.0,0.0,0.0,0.0,0.0,0.0,0.0,0.0,0.0,0.0,0.434916127300205
2023-01-31,0.0,0.0,0.0,0.0,0.0,0.0,0.0,0.0,0.0,0.0,0.3352335165278036,0.2298503561719915,0.0,0.0,0.0,0.0,0.0,0.0,0.0,0.0,0.0,0.0,0.0,0.0,0.434916127300205
2023-02-01,0.0,0.0,0.0,0.0,0.0,0.0,0.0,0.0,0.0,0.0,0.0,0.0,0.0,0.0,0.0,0.0,0.0,0.0,1.0,0.0,0.0,0.0,0.0,0.0,0.0
2023-02-02,0.0,0.0,0.0,0.0,0.0,0.0,0.0,0.0,0.0,0.0,0.0,0.0,0.0,0.0,0.0,0.0,0.0,0.0,1.0,0.0,0.0,0.0,0.0,0.0,0.0
2023-02-03,0.0,0.0,0.0,0.0,0.0,0.0,0.0,0.0,0.0,0.0,0.0,0.0,0.0,0.0,0.0,0.0,0.0,0.0,1.0,0.0,0.0,0.0,0.0,0.0,0.0
2023-02-06,0.0,0.0,0.0,0.0,0.0,0.0,0.0,0.0,0.0,0.0,0.0,0.0,0.0,0.0,0.0,0.0,0.0,0.0,1.0,0.0,0.0,0.0,0.0,0.0,0.0
2023-02-07,0.0,0.0,0.0,0.0,0.0,0.0,0.0,0.0,0.0,0.0,0.0,0.0,0.0,0.0,0.0,0.0,0.0,0.0,1.0,0.0,0.0,0.0,0.0,0.0,0.0
2023-02-08,0.0,0.0,0.0,0.0,0.0,0.0,0.0,0.0,0.0,0.0,0.0,0.0,0.0,0.0,0.0,0.0,0.0,0.0,1.0,0.0,0.0,0.0,0.0,0.0,0.0
2023-02-09,0.0,0.0,0.0,0.0,0.0,0.0,0.0,0.0,0.0,0.0,0.0,0.0,0.0,0.0,0.0,0.0,0.0,0.0,1.0,0.0,0.0,0.0,0.0,0.0,0.0
2023-02-10,0.0,0.0,0.0,0.0,0.0,0.0,0.0,0.0,0.0,0.0,0.0,0.0,0.0,0.0,0.0,0.0,0.0,0.0,1.0,0.0,0.0,0.0,0.0,0.0,0.0
2023-02-13,0.0,0.0,0.0,0.0,0.0,0.0,0.0,0.0,0.0,0.0,0.0,0.0,0.0,0.0,0.0,0.0,0.0,0.0,1.0,0.0,0.0,0.0,0.0,0.0,0.0
2023-02-14,0.0,0.0,0.0,0.0,0.0,0.0,0.0,0.0,0.0,0.0,0.0,0.0,0.0,0.0,0.0,0.0,0.0,0.0,1.0,0.0,0.0,0.0,0.0,0.0,0.0
2023-02-15,0.0,0.0,0.0,0.0,0.0,0.0,0.0,0.0,0.0,0.0,0.0,0.0,0.0,0.0,0.0,0.0,0.0,0.0,1.0,0.0,0.0,0.0,0.0,0.0,0.0
2023-02-16,0.0,0.0,0.0,0.0,0.0,0.0,0.0,0.0,0.0,0.0,0.0,0.0,0.0,0.0,0.0,0.0,0.0,0.0,1.0,0.0,0.0,0.0,0.0,0.0,0.0
2023-02-17,0.0,0.0,0.0,0.0,0.0,0.0,0.0,0.0,0.0,0.0,0.0,0.0,0.0,0.0,0.0,0.0,0.0,0.0,1.0,0.0,0.0,0.0,0.0,0.0,0.0
2023-02-20,0.0,0.0,0.0,0.0,0.0,0.0,0.0,0.0,0.0,0.0,0.0,0.0,0.0,0.0,0.0,0.0,0.0,0.0,1.0,0.0,0.0,0.0,0.0,0.0,0.0
2023-02-21,0.0,0.0,0.0,0.0,0.0,0.0,0.0,0.0,0.0,0.0,0.0,0.0,0.0,0.0,0.0,0.0,0.0,0.0,1.0,0.0,0.0,0.0,0.0,0.0,0.0
2023-02-22,0.0,0.0,0.0,0.0,0.0,0.0,0.0,0.0,0.0,0.0,0.0,0.0,0.0,0.0,0.0,0.0,0.0,0.0,1.0,0.0,0.0,0.0,0.0,0.0,0.0
2023-02-23,0.0,0.0,0.0,0.0,0.0,0.0,0.0,0.0,0.0,0.0,0.0,0.0,0.0,0.0,0.0,0.0,0.0,0.0,1.0,0.0,0.0,0.0,0.0,0.0,0.0
2023-02-24,0.0,0.0,0.0,0.0,0.0,0.0,0.0,0.0,0.0,0.0,0.0,0.0,0.0,0.0,0.0,0.0,0.0,0.0,1.0,0.0,0.0,0.0,0.0,0.0,0.0
2023-02-27,0.0,0.0,0.0,0.0,0.0,0.0,0.0,0.0,0.0,0.0,0.0,0.0,0.0,0.0,0.0,0.0,0.0,0.0,1.0,0.0,0.0,0.0,0.0,0.0,0.0
2023-02-28,0.0,0.0,0.0,0.0,0.0,0.0,0.0,0.0,0.0,0.0,0.0,0.0,0.0,0.0,0.0,0.0,0.0,0.0,1.0,0.0,0.0,0.0,0.0,0.0,0.0
2023-03-01,0.05041967496651252,0.05171473071939977,0.03693012489401196,0.06100287466581455,0.058353139337476684,0.047263437496743006,0.042090053436157286,0.06775356876418709,0.0,0.14591269826758227,0.09363318546980998,0.05913139445410212,0.03873058846893474,0.0,0.0,0.09766690832082262,0.0,0.02511652703741939,0.0,0.024300029343010014,0.0,0.0,0.0,0.05490599288420534,0.04507507147381085
2023-03-02,0.05041967496651252,0.05171473071939977,0.03693012489401196,0.06100287466581455,0.058353139337476684,0.047263437496743006,0.042090053436157286,0.06775356876418709,0.0,0.14591269826758227,0.09363318546980998,0.05913139445410212,0.03873058846893474,0.0,0.0,0.09766690832082262,0.0,0.02511652703741939,0.0,0.024300029343010014,0.0,0.0,0.0,0.05490599288420534,0.04507507147381085
2023-03-03,0.05041967496651252,0.05171473071939977,0.03693012489401196,0.06100287466581455,0.058353139337476684,0.047263437496743006,0.042090053436157286,0.06775356876418709,0.0,0.14591269826758227,0.09363318546980998,0.05913139445410212,0.03873058846893474,0.0,0.0,0.09766690832082262,0.0,0.02511652703741939,0.0,0.024300029343010014,0.0,0.0,0.0,0.05490599288420534,0.04507507147381085
2023-03-06,0.05041967496651252,0.05171473071939977,0.03693012489401196,0.06100287466581455,0.058353139337476684,0.047263437496743006,0.042090053436157286,0.06775356876418709,0.0,0.14591269826758227,0.09363318546980998,0.05913139445410212,0.03873058846893474,0.0,0.0,0.09766690832082262,0.0,0.02511652703741939,0.0,0.024300029343010014,0.0,0.0,0.0,0.05490599288420534,0.04507507147381085
2023-03-07,0.05041967496651252,0.05171473071939977,0.03693012489401196,0.06100287466581455,0.058353139337476684,0.047263437496743006,0.042090053436157286,0.06775356876418709,0.0,0.14591269826758227,0.09363318546980998,0.05913139445410212,0.03873058846893474,0.0,0.0,0.09766690832082262,0.0,0.02511652703741939,0.0,0.024300029343010014,0.0,0.0,0.0,0.05490599288420534,0.04507507147381085
2023-03-08,0.05041967496651252,0.05171473071939977,0.03693012489401196,0.06100287466581455,0.058353139337476684,0.047263437496743006,0.042090053436157286,0.06775356876418709,0.0,0.14591269826758227,0.09363318546980998,0.05913139445410212,0.03873058846893474,0.0,0.0,0.09766690832082262,0.0,0.02511652703741939,0.0,0.024300029343010014,0.0,0.0,0.0,0.05490599288420534,0.04507507147381085
2023-03-09,0.05041967496651252,0.05171473071939977,0.03693012489401196,0.06100287466581455,0.058353139337476684,0.047263437496743006,0.042090053436157286,0.06775356876418709,0.0,0.14591269826758227,0.09363318546980998,0.05913139445410212,0.03873058846893474,0.0,0.0,0.09766690832082262,0.0,0.02511652703741939,0.0,0.024300029343010014,0.0,0.0,0.0,0.05490599288420534,0.04507507147381085
2023-03-10,0.05041967496651252,0.05171473071939977,0.03693012489401196,0.06100287466581455,0.058353139337476684,0.047263437496743006,0.042090053436157286,0.06775356876418709,0.0,0.14591269826758227,0.09363318546980998,0.05913139445410212,0.03873058846893474,0.0,0.0,0.09766690832082262,0.0,0.02511652703741939,0.0,0.024300029343010014,0.0,0.0,0.0,0.05490599288420534,0.04507507147381085
2023-03-13,0.05041967496651252,0.05171473071939977,0.03693012489401196,0.06100287466581455,0.058353139337476684,0.047263437496743006,0.042090053436157286,0.06775356876418709,0.0,0.14591269826758227,0.09363318546980998,0.05913139445410212,0.03873058846893474,0.0,0.0,0.09766690832082262,0.0,0.02511652703741939,0.0,0.024300029343010014,0.0,0.0,0.0,0.05490599288420534,0.04507507147381085
2023-03-14,0.05041967496651252,0.05171473071939977,0.03693012489401196,0.06100287466581455,0.058353139337476684,0.047263437496743006,0.042090053436157286,0.06775356876418709,0.0,0.14591269826758227,0.09363318546980998,0.05913139445410212,0.03873058846893474,0.0,0.0,0.09766690832082262,0.0,0.02511652703741939,0.0,0.024300029343010014,0.0,0.0,0.0,0.05490599288420534,0.04507507147381085
2023-03-15,0.05041967496651252,0.05171473071939977,0.03693012489401196,0.06100287466581455,0.058353139337476684,0.047263437496743006,0.042090053436157286,0.06775356876418709,0.0,0.14591269826758227,0.09363318546980998,0.05913139445410212,0.03873058846893474,0.0,0.0,0.09766690832082262,0.0,0.02511652703741939,0.0,0.024300029343010014,0.0,0.0,0.0,0.05490599288420534,0.04507507147381085
2023-03-16,0.05041967496651252,0.05171473071939977,0.03693012489401196,0.06100287466581455,0.058353139337476684,0.047263437496743006,0.042090053436157286,0.06775356876418709,0.0,0.14591269826758227,0.09363318546980998,0.05913139445410212,0.03873058846893474,0.0,0.0,0.09766690832082262,0.0,0.02511652703741939,0.0,0.024300029343010014,0.0,0.0,0.0,0.05490599288420534,0.04507507147381085
2023-03-17,0.05041967496651252,0.05171473071939977,0.03693012489401196,0.06100287466581455,0.058353139337476684,0.047263437496743006,0.042090053436157286,0.06775356876418709,0.0,0.14591269826758227,0.09363318546980998,0.05913139445410212,0.03873058846893474,0.0,0.0,0.09766690832082262,0.0,0.02511652703741939,0.0,0.024300029343010014,0.0,0.0,0.0,0.05490599288420534,0.04507507147381085
2023-03-20,0.05041967496651252,0.05171473071939977,0.03693012489401196,0.06100287466581455,0.058353139337476684,0.047263437496743006,0.042090053436157286,0.06775356876418709,0.0,0.14591269826758227,0.09363318546980998,0.05913139445410212,0.03873058846893474,0.0,0.0,0.09766690832082262,0.0,0.02511652703741939,0.0,0.024300029343010014,0.0,0.0,0.0,0.05490599288420534,0.04507507147381085
2023-03-21,0.05041967496651252,0.05171473071939977,0.03693012489401196,0.06100287466581455,0.058353139337476684,0.047263437496743006,0.042090053436157286,0.06775356876418709,0.0,0.14591269826758227,0.09363318546980998,0.05913139445410212,0.03873058846893474,0.0,0.0,0.09766690832082262,0.0,0.02511652703741939,0.0,0.024300029343010014,0.0,0.0,0.0,0.05490599288420534,0.04507507147381085
2023-03-22,0.05041967496651252,0.05171473071939977,0.03693012489401196,0.06100287466581455,0.058353139337476684,0.047263437496743006,0.042090053436157286,0.06775356876418709,0.0,0.14591269826758227,0.09363318546980998,0.05913139445410212,0.03873058846893474,0.0,0.0,0.09766690832082262,0.0,0.02511652703741939,0.0,0.024300029343010014,0.0,0.0,0.0,0.05490599288420534,0.04507507147381085
2023-03-23,0.05041967496651252,0.05171473071939977,0.03693012489401196,0.06100287466581455,0.058353139337476684,0.047263437496743006,0.042090053436157286,0.06775356876418709,0.0,0.14591269826758227,0.09363318546980998,0.05913139445410212,0.03873058846893474,0.0,0.0,0.09766690832082262,0.0,0.02511652703741939,0.0,0.024300029343010014,0.0,0.0,0.0,0.05490599288420534,0.04507507147381085
2023-03-24,0.05041967496651252,0.05171473071939977,0.03693012489401196,0.06100287466581455,0.058353139337476684,0.047263437496743006,0.042090053436157286,0.06775356876418709,0.0,0.14591269826758227,0.09363318546980998,0.05913139445410212,0.03873058846893474,0.0,0.0,0.09766690832082262,0.0,0.02511652703741939,0.0,0.024300029343010014,0.0,0.0,0.0,0.05490599288420534,0.04507507147381085
2023-03-27,0.05041967496651252,0.05171473071939977,0.03693012489401196,0.06100287466581455,0.058353139337476684,0.047263437496743006,0.042090053436157286,0.06775356876418709,0.0,0.14591269826758227,0.09363318546980998,0.05913139445410212,0.03873058846893474,0.0,0.0,0.09766690832082262,0.0,0.02511652703741939,0.0,0.024300029343010014,0.0,0.0,0.0,0.05490599288420534,0.04507507147381085
2023-03-28,0.05041967496651252,0.05171473071939977,0.03693012489401196,0.06100287466581455,0.058353139337476684,0.047263437496743006,0.042090053436157286,0.06775356876418709,0.0,0.14591269826758227,0.09363318546980998,0.05913139445410212,0.03873058846893474,0.0,0.0,0.09766690832082262,0.0,0.02511652703741939,0.0,0.024300029343010014,0.0,0.0,0.0,0.05490599288420534,0.04507507147381085
2023-03-29,0.05041967496651252,0.05171473071939977,0.03693012489401196,0.06100287466581455,0.058353139337476684,0.047263437496743006,0.042090053436157286,0.06775356876418709,0.0,0.14591269826758227,0.09363318546980998,0.05913139445410212,0.03873058846893474,0.0,0.0,0.09766690832082262,0.0,0.02511652703741939,0.0,0.024300029343010014,0.0,0.0,0.0,0.05490599288420534,0.04507507147381085
2023-03-30,0.05041967496651252,0.05171473071939977,0.03693012489401196,0.06100287466581455,0.058353139337476684,0.047263437496743006,0.042090053436157286,0.06775356876418709,0.0,0.14591269826758227,0.09363318546980998,0.05913139445410212,0.03873058846893474,0.0,0.0,0.09766690832082262,0.0,0.02511652703741939,0.0,0.024300029343010014,0.0,0.0,0.0,0.05490599288420534,0.04507507147381085
2023-03-31,0.05041967496651252,0.05171473071939977,0.03693012489401196,0.06100287466581455,0.058353139337476684,0.047263437496743006,0.042090053436157286,0.06775356876418709,0.0,0.14591269826758227,0.09363318546980998,0.05913139445410212,0.03873058846893474,0.0,0.0,0.09766690832082262,0.0,0.02511652703741939,0.0,0.024300029343010014,0.0,0.0,0.0,0.05490599288420534,0.04507507147381085
2023-04-03,0.08999414741147818,0.09108131763765699,0.0894767265990341,0.08376240567281859,0.09851786194376688,0.06712122658400145,0.06445868771301391,0.10963810945970641,0.0,0.1717831750569207,0.0,0.0,0.0,0.0,0.0,0.05533137195808044,0.0,0.04024713634982701,0.0,0.03858783361369544,0.0,0.0,0.0,0.0,0.0
2023-04-04,0.08999414741147818,0.09108131763765699,0.0894767265990341,0.08376240567281859,0.09851786194376688,0.06712122658400145,0.06445868771301391,0.10963810945970641,0.0,0.1717831750569207,0.0,0.0,0.0,0.0,0.0,0.05533137195808044,0.0,0.04024713634982701,0.0,0.03858783361369544,0.0,0.0,0.0,0.0,0.0
2023-04-05,0.08999414741147818,0.09108131763765699,0.0894767265990341,0.08376240567281859,0.09851786194376688,0.06712122658400145,0.06445868771301391,0.10963810945970641,0.0,0.1717831750569207,0.0,0.0,0.0,0.0,0.0,0.05533137195808044,0.0,0.04024713634982701,0.0,0.03858783361369544,0.0,0.0,0.0,0.0,0.0
2023-04-06,0.08999414741147818,0.09108131763765699,0.0894767265990341,0.08376240567281859,0.09851786194376688,0.06712122658400145,0.06445868771301391,0.10963810945970641,0.0,0.1717831750569207,0.0,0.0,0.0,0.0,0.0,0.05533137195808044,0.0,0.04024713634982701,0.0,0.03858783361369544,0.0,0.0,0.0,0.0,0.0
2023-04-07,0.08999414741147818,0.09108131763765699,0.0894767265990341,0.08376240567281859,0.09851786194376688,0.06712122658400145,0.06445868771301391,0.10963810945970641,0.0,0.1717831750569207,0.0,0.0,0.0,0.0,0.0,0.05533137195808044,0.0,0.04024713634982701,0.0,0.03858783361369544,0.0,0.0,0.0,0.0,0.0
2023-04-10,0.08999414741147818,0.09108131763765699,0.0894767265990341,0.08376240567281859,0.09851786194376688,0.06712122658400145,0.06445868771301391,0.10963810945970641,0.0,0.1717831750569207,0.0,0.0,0.0,0.0,0.0,0.05533137195808044,0.0,0.04024713634982701,0.0,0.03858783361369544,0.0,0.0,0.0,0.0,0.0
2023-04-11,0.08999414741147818,0.09108131763765699,0.0894767265990341,0.08376240567281859,0.09851786194376688,0.06712122658400145,0.06445868771301391,0.10963810945970641,0.0,0.1717831750569207,0.0,0.0,0.0,0.0,0.0,0.05533137195808044,0.0,0.04024713634982701,0.0,0.03858783361369544,0.0,0.0,0.0,0.0,0.0
2023-04-12,0.08999414741147818,0.09108131763765699,0.0894767265990341,0.08376240567281859,0.09851786194376688,0.06712122658400145,0.06445868771301391,0.10963810945970641,0.0,0.1717831750569207,0.0,0.0,0.0,0.0,0.0,0.05533137195808044,0.0,0.04024713634982701,0.0,0.03858783361369544,0.0,0.0,0.0,0.0,0.0
2023-04-13,0.08999414741147818,0.09108131763765699,0.0894767265990341,0.08376240567281859,0.09851786194376688,0.06712122658400145,0.06445868771301391,0.10963810945970641,0.0,0.1717831750569207,0.0,0.0,0.0,0.0,0.0,0.05533137195808044,0.0,0.04024713634982701,0.0,0.03858783361369544,0.0,0.0,0.0,0.0,0.0
2023-04-14,0.08999414741147818,0.09108131763765699,0.0894767265990341,0.08376240567281859,0.09851786194376688,0.06712122658400145,0.06445868771301391,0.10963810945970641,0.0,0.1717831750569207,0.0,0.0,0.0,0.0,0.0,0.05533137195808044,0.0,0.04024713634982701,0.0,0.03858783361369544,0.0,0.0,0.0,0.0,0.0
2023-04-17,0.08999414741147818,0.09108131763765699,0.0894767265990341,0.08376240567281859,0.09851786194376688,0.06712122658400145,0.06445868771301391,0.10963810945970641,0.0,0.1717831750569207,0.0,0.0,0.0,0.0,0.0,0.05533137195808044,0.0,0.04024713634982701,0.0,0.03858783361369544,0.0,0.0,0.0,0.0,0.0
2023-04-18,0.08999414741147818,0.09108131763765699,0.0894767265990341,0.08376240567281859,0.09851786194376688,0.06712122658400145,0.06445868771301391,0.10963810945970641,0.0,0.1717831750569207,0.0,0.0,0.0,0.0,0.0,0.05533137195808044,0.0,0.04024713634982701,0.0,0.03858783361369544,0.0,0.0,0.0,0.0,0.0
2023-04-19,0.08999414741147818,0.09108131763765699,0.0894767265990341,0.08376240567281859,0.09851786194376688,0.06712122658400145,0.06445868771301391,0.10963810945970641,0.0,0.1717831750569207,0.0,0.0,0.0,0.0,0.0,0.05533137195808044,0.0,0.04024713634982701,0.0,0.03858783361369544,0.0,0.0,0.0,0.0,0.0
2023-04-20,0.08999414741147818,0.09108131763765699,0.0894767265990341,0.08376240567281859,0.09851786194376688,0.06712122658400145,0.06445868771301391,0.10963810945970641,0.0,0.1717831750569207,0.0,0.0,0.0,0.0,0.0,0.05533137195808044,0.0,0.04024713634982701,0.0,0.03858783361369544,0.0,0.0,0.0,0.0,0.0
2023-04-21,0.08999414741147818,0.09108131763765699,0.0894767265990341,0.08376240567281859,0.09851786194376688,0.06712122658400145,0.06445868771301391,0.10963810945970641,0.0,0.1717831750569207,0.0,0.0,0.0,0.0,0.0,0.05533137195808044,0.0,0.04024713634982701,0.0,0.03858783361369544,0.0,0.0,0.0,0.0,0.0
2023-04-24,0.08999414741147818,0.09108131763765699,0.0894767265990341,0.08376240567281859,0.09851786194376688,0.06712122658400145,0.06445868771301391,0.10963810945970641,0.0,0.1717831750569207,0.0,0.0,0.0,0.0,0.0,0.05533137195808044,0.0,0.04024713634982701,0.0,0.03858783361369544,0.0,0.0,0.0,0.0,0.0
2023-04-25,0.08999414741147818,0.09108131763765699,0.0894767265990341,0.08376240567281859,0.09851786194376688,0.06712122658400145,0.06445868771301391,0.10963810945970641,0.0,0.1717831750569207,0.0,0.0,0.0,0.0,0.0,0.05533137195808044,0.0,0.04024713634982701,0.0,0.03858783361369544,0.0,0.0,0.0,0.0,0.0
2023-04-26,0.08999414741147818,0.09108131763765699,0.0894767265990341,0.08376240567281859,0.09851786194376688,0.06712122658400145,0.06445868771301391,0.10963810945970641,0.0,0.1717831750569207,0.0,0.0,0.0,0.0,0.0,0.05533137195808044,0.0,0.04024713634982701,0.0,0.03858783361369544,0.0,0.0,0.0,0.0,0.0
2023-04-27,0.08999414741147818,0.09108131763765699,0.0894767265990341,0.08376240567281859,0.09851786194376688,0.06712122658400145,0.06445868771301391,0.10963810945970641,0.0,0.1717831750569207,0.0,0.0,0.0,0.0,0.0,0.05533137195808044,0.0,0.04024713634982701,0.0,0.03858783361369544,0.0,0.0,0.0,0.0,0.0
2023-04-28,0.08999414741147818,0.09108131763765699,0.0894767265990341,0.08376240567281859,0.09851786194376688,0.06712122658400145,0.06445868771301391,0.10963810945970641,0.0,0.1717831750569207,0.0,0.0,0.0,0.0,0.0,0.05533137195808044,0.0,0.04024713634982701,0.0,0.03858783361369544,0.0,0.0,0.0,0.0,0.0
2023-05-01,0.04859798849216728,0.04796512380902718,0.0358645774897763,0.04429956898589442,0.052876167915059,0.03471823538742169,0.03577470875210276,0.04147367676555792,0.0,0.05494672090665803,0.0459070769294825,0.0415213283935883,0.041401783158141685,0.0,0.0,0.058999159891176184,0.0,0.021806158318091854,0.0,0.023556478680290045,0.0,0.0,0.17374965215925603,0.08007020692883014,0.11647138703747881
2023-05-02,0.04859798849216728,0.04796512380902718,0.0358645774897763,0.04429956898589442,0.052876167915059,0.03471823538742169,0.03577470875210276,0.04147367676555792,0.0,0.05494672090665803,0.0459070769294825,0.0415213283935883,0.041401783158141685,0.0,0.0,0.058999159891176184,0.0,0.021806158318091854,0.0,0.023556478680290045,0.0,0.0,0.17374965215925603,0.08007020692883014,0.11647138703747881
2023-05-03,0.04859798849216728,0.04796512380902718,0.0358645774897763,0.04429956898589442,0.052876167915059,0.03471823538742169,0.03577470875210276,0.04147367676555792,0.0,0.05494672090665803,0.0459070769294825,0.0415213283935883,0.041401783158141685,0.0,0.0,0.058999159891176184,0.0,0.021806158318091854,0.0,0.023556478680290045,0.0,0.0,0.17374965215925603,0.08007020692883014,0.11647138703747881
2023-05-04,0.04859798849216728,0.04796512380902718,0.0358645774897763,0.04429956898589442,0.052876167915059,0.03471823538742169,0.03577470875210276,0.04147367676555792,0.0,0.05494672090665803,0.0459070769294825,0.0415213283935883,0.041401783158141685,0.0,0.0,0.058999159891176184,0.0,0.021806158318091854,0.0,0.023556478680290045,0.0,0.0,0.17374965215925603,0.08007020692883014,0.11647138703747881
2023-05-05,0.04859798849216728,0.04796512380902718,0.0358645774897763,0.04429956898589442,0.052876167915059,0.03471823538742169,0.03577470875210276,0.04147367676555792,0.0,0.05494672090665803,0.0459070769294825,0.0415213283935883,0.041401783158141685,0.0,0.0,0.058999159891176184,0.0,0.021806158318091854,0.0,0.023556478680290045,0.0,0.0,0.17374965215925603,0.08007020692883014,0.11647138703747881
2023-05-08,0.04859798849216728,0.04796512380902718,0.0358645774897763,0.04429956898589442,0.052876167915059,0.03471823538742169,0.03577470875210276,0.04147367676555792,0.0,0.05494672090665803,0.0459070769294825,0.0415213283935883,0.041401783158141685,0.0,0.0,0.058999159891176184,0.0,0.021806158318091854,0.0,0.023556478680290045,0.0,0.0,0.17374965215925603,0.08007020692883014,0.11647138703747881
2023-05-09,0.04859798849216728,0.04796512380902718,0.0358645774897763,0.04429956898589442,0.052876167915059,0.03471823538742169,0.03577470875210276,0.04147367676555792,0.0,0.05494672090665803,0.0459070769294825,0.0415213283935883,0.041401783158141685,0.0,0.0,0.058999159891176184,0.0,0.021806158318091854,0.0,0.023556478680290045,0.0,0.0,0.17374965215925603,0.08007020692883014,0.11647138703747881
2023-05-10,0.04859798849216728,0.04796512380902718,0.0358645774897763,0.04429956898589442,0.052876167915059,0.03471823538742169,0.03577470875210276,0.04147367676555792,0.0,0.05494672090665803,0.0459070769294825,0.0415213283935883,0.041401783158141685,0.0,0.0,0.058999159891176184,0.0,0.021806158318091854,0.0,0.023556478680290045,0.0,0.0,0.17374965215925603,0.08007020692883014,0.11647138703747881
2023-05-11,0.04859798849216728,0.04796512380902718,0.0358645774897763,0.04429956898589442,0.052876167915059,0.03471823538742169,0.03577470875210276,0.04147367676555792,0.0,0.05494672090665803,0.0459070769294825,0.0415213283935883,0.041401783158141685,0.0,0.0,0.058999159891176184,0.0,0.021806158318091854,0.0,0.023556478680290045,0.0,0.0,0.17374965215925603,0.08007020692883014,0.11647138703747881
2023-05-12,0.04859798849216728,0.04796512380902718,0.0358645774897763,0.04429956898589442,0.052876167915059,0.03471823538742169,0.03577470875210276,0.04147367676555792,0.0,0.05494672090665803,0.0459070769294825,0.0415213283935883,0.041401783158141685,0.0,0.0,0.058999159891176184,0.0,0.021806158318091854,0.0,0.023556478680290045,0.0,0.0,0.17374965215925603,0.08007020692883014,0.11647138703747881
2023-05-15,0.04859798849216728,0.04796512380902718,0.0358645774897763,0.04429956898589442,0.052876167915059,0.03471823538742169,0.03577470875210276,0.04147367676555792,0.0,0.05494672090665803,0.0459070769294825,0.0415213283935883,0.041401783158141685,0.0,0.0,0.058999159891176184,0.0,0.021806158318091854,0.0,0.023556478680290045,0.0,0.0,0.17374965215925603,0.08007020692883014,0.11647138703747881
2023-05-16,0.04859798849216728,0.04796512380902718,0.0358645774897763,0.04429956898589442,0.052876167915059,0.03471823538742169,0.03577470875210276,0.04147367676555792,0.0,0.05494672090665803,0.0459070769294825,0.0415213283935883,0.041401783158141685,0.0,0.0,0.058999159891176184,0.0,0.021806158318091854,0.0,0.023556478680290045,0.0,0.0,0.17374965215925603,0.08007020692883014,0.11647138703747881
2023-05-17,0.04859798849216728,0.04796512380902718,0.0358645774897763,0.04429956898589442,0.052876167915059,0.03471823538742169,0.03577470875210276,0.04147367676555792,0.0,0.05494672090665803,0.0459070769294825,0.0415213283935883,0.041401783158141685,0.0,0.0,0.058999159891176184,0.0,0.021806158318091854,0.0,0.023556478680290045,0.0,0.0,0.17374965215925603,0.08007020692883014,0.11647138703747881
2023-05-18,0.04859798849216728,0.04796512380902718,0.0358645774897763,0.04429956898589442,0.052876167915059,0.03471823538742169,0.03577470875210276,0.04147367676555792,0.0,0.05494672090665803,0.0459070769294825,0.0415213283935883,0.041401783158141685,0.0,0.0,0.058999159891176184,0.0,0.021806158318091854,0.0,0.023556478680290045,0.0,0.0,0.17374965215925603,0.08007020692883014,0.11647138703747881
2023-05-19,0.04859798849216728,0.04796512380902718,0.0358645774897763,0.04429956898589442,0.052876167915059,0.03471823538742169,0.03577470875210276,0.04147367676555792,0.0,0.05494672090665803,0.0459070769294825,0.0415213283935883,0.041401783158141685,0.0,0.0,0.058999159891176184,0.0,0.021806158318091854,0.0,0.023556478680290045,0.0,0.0,0.17374965215925603,0.08007020692883014,0.11647138703747881
2023-05-22,0.04859798849216728,0.04796512380902718,0.0358645774897763,0.04429956898589442,0.052876167915059,0.03471823538742169,0.03577470875210276,0.04147367676555792,0.0,0.05494672090665803,0.0459070769294825,0.0415213283935883,0.041401783158141685,0.0,0.0,0.058999159891176184,0.0,0.021806158318091854,0.0,0.023556478680290045,0.0,0.0,0.17374965215925603,0.08007020692883014,0.11647138703747881
2023-05-23,0.04859798849216728,0.04796512380902718,0.0358645774897763,0.04429956898589442,0.052876167915059,0.03471823538742169,0.03577470875210276,0.04147367676555792,0.0,0.05494672090665803,0.0459070769294825,0.0415213283935883,0.041401783158141685,0.0,0.0,0.058999159891176184,0.0,0.021806158318091854,0.0,0.023556478680290045,0.0,0.0,0.17374965215925603,0.08007020692883014,0.11647138703747881
2023-05-24,0.04859798849216728,0.04796512380902718,0.0358645774897763,0.04429956898589442,0.052876167915059,0.03471823538742169,0.03577470875210276,0.04147367676555792,0.0,0.05494672090665803,0.0459070769294825,0.0415213283935883,0.041401783158141685,0.0,0.0,0.058999159891176184,0.0,0.021806158318091854,0.0,0.023556478680290045,0.0,0.0,0.17374965215925603,0.08007020692883014,0.11647138703747881
2023-05-25,0.04859798849216728,0.04796512380902718,0.0358645774897763,0.04429956898589442,0.052876167915059,0.03471823538742169,0.03577470875210276,0.04147367676555792,0.0,0.05494672090665803,0.0459070769294825,0.0415213283935883,0.041401783158141685,0.0,0.0,0.058999159891176184,0.0,0.021806158318091854,0.0,0.023556478680290045,0.0,0.0,0.17374965215925603,0.08007020692883014,0.11647138703747881
2023-05-26,0.04859798849216728,0.04796512380902718,0.0358645774897763,0.04429956898589442,0.052876167915059,0.03471823538742169,0.03577470875210276,0.04147367676555792,0.0,0.05494672090665803,0.0459070769294825,0.0415213283935883,0.041401783158141685,0.0,0.0,0.058999159891176184,0.0,0.021806158318091854,0.0,0.023556478680290045,0.0,0.0,0.17374965215925603,0.08007020692883014,0.11647138703747881
2023-05-29,0.04859798849216728,0.04796512380902718,0.0358645774897763,0.04429956898589442,0.052876167915059,0.03471823538742169,0.03577470875210276,0.04147367676555792,0.0,0.05494672090665803,0.0459070769294825,0.0415213283935883,0.041401783158141685,0.0,0.0,0.058999159891176184,0.0,0.021806158318091854,0.0,0.023556478680290045,0.0,0.0,0.17374965215925603,0.08007020692883014,0.11647138703747881
2023-05-30,0.04859798849216728,0.04796512380902718,0.0358645774897763,0.04429956898589442,0.052876167915059,0.03471823538742169,0.03577470875210276,0.04147367676555792,0.0,0.05494672090665803,0.0459070769294825,0.0415213283935883,0.041401783158141685,0.0,0.0,0.058999159891176184,0.0,0.021806158318091854,0.0,0.023556478680290045,0.0,0.0,0.17374965215925603,0.08007020692883014,0.11647138703747881
2023-05-31,0.04859798849216728,0.04796512380902718,0.0358645774897763,0.04429956898589442,0.052876167915059,0.03471823538742169,0.03577470875210276,0.04147367676555792,0.0,0.05494672090665803,0.0459070769294825,0.0415213283935883,0.041401783158141685,0.0,0.0,0.058999159891176184,0.0,0.021806158318091854,0.0,0.023556478680290045,0.0,0.0,0.17374965215925603,0.08007020692883014,0.11647138703747881
2023-06-01,0.026932866529579356,0.02783385409464055,0.02362731837825073,0.04519444972808398,0.03467194819166241,0.01993486191838948,0.025804803290297808,0.034607467136013495,0.08657500375950762,0.03999065842859895,0.039771599049779956,0.022922227064179117,0.01836671352072938,0.0,0.04419302639778102,0.03267670106085866,0.0,0.019506120396529044,0.0,0.017599385804600798,0.04724553112807391,0.0618716880319542,0.2047552854870386,0.06777124502177122,0.058147245581679545
2023-06-02,0.026932866529579356,0.02783385409464055,0.02362731837825073,0.04519444972808398,0.03467194819166241,0.01993486191838948,0.025804803290297808,0.034607467136013495,0.08657500375950762,0.03999065842859895,0.039771599049779956,0.022922227064179117,0.01836671352072938,0.0,0.04419302639778102,0.03267670106085866,0.0,0.019506120396529044,0.0,0.017599385804600798,0.04724553112807391,0.0618716880319542,0.2047552854870386,0.06777124502177122,0.058147245581679545
2023-06-05,0.026932866529579356,0.02783385409464055,0.02362731837825073,0.04519444972808398,0.03467194819166241,0.01993486191838948,0.025804803290297808,0.034607467136013495,0.08657500375950762,0.03999065842859895,0.039771599049779956,0.022922227064179117,0.01836671352072938,0.0,0.04419302639778102,0.03267670106085866,0.0,0.019506120396529044,0.0,0.017599385804600798,0.04724553112807391,0.0618716880319542,0.2047552854870386,0.06777124502177122,0.058147245581679545
2023-06-06,0.026932866529579356,0.02783385409464055,0.02362731837825073,0.04519444972808398,0.03467194819166241,0.01993486191838948,0.025804803290297808,0.034607467136013495,0.08657500375950762,0.03999065842859895,0.039771599049779956,0.022922227064179117,0.01836671352072938,0.0,0.04419302639778102,0.03267670106085866,0.0,0.019506120396529044,0.0,0.017599385804600798,0.04724553112807391,0.0618716880319542,0.2047552854870386,0.06777124502177122,0.058147245581679545
2023-06-07,0.026932866529579356,0.02783385409464055,0.02362731837825073,0.04519444972808398,0.03467194819166241,0.01993486191838948,0.025804803290297808,0.034607467136013495,0.08657500375950762,0.03999065842859895,0.039771599049779956,0.022922227064179117,0.01836671352072938,0.0,0.04419302639778102,0.03267670106085866,0.0,0.019506120396529044,0.0,0.017599385804600798,0.04724553112807391,0.0618716880319542,0.2047552854870386,0.06777124502177122,0.058147245581679545
2023-06-08,0.026932866529579356,0.02783385409464055,0.02362731837825073,0.04519444972808398,0.03467194819166241,0.01993486191838948,0.025804803290297808,0.034607467136013495,0.08657500375950762,0.03999065842859895,0.039771599049779956,0.022922227064179117,0.01836671352072938,0.0,0.04419302639778102,0.03267670106085866,0.0,0.019506120396529044,0.0,0.017599385804600798,0.04724553112807391,0.0618716880319542,0.2047552854870386,0.06777124502177122,0.058147245581679545
2023-06-09,0.026932866529579356,0.02783385409464055,0.02362731837825073,0.04519444972808398,0.03467194819166241,0.01993486191838948,0.025804803290297808,0.034607467136013495,0.08657500375950762,0.03999065842859895,0.039771599049779956,0.022922227064179117,0.01836671352072938,0.0,0.04419302639778102,0.03267670106085866,0.0,0.019506120396529044,0.0,0.017599385804600798,0.04724553112807391,0.0618716880319542,0.2047552854870386,0.06777124502177122,0.058147245581679545
2023-06-12,0.026932866529579356,0.02783385409464055,0.02362731837825073,0.04519444972808398,0.03467194819166241,0.01993486191838948,0.025804803290297808,0.034607467136013495,0.08657500375950762,0.03999065842859895,0.039771599049779956,0.022922227064179117,0.01836671352072938,0.0,0.04419302639778102,0.03267670106085866,0.0,0.019506120396529044,0.0,0.017599385804600798,0.04724553112807391,0.0618716880319542,0.2047552854870386,0.06777124502177122,0.058147245581679545
2023-06-13,0.026932866529579356,0.02783385409464055,0.02362731837825073,0.04519444972808398,0.03467194819166241,0.01993486191838948,0.025804803290297808,0.034607467136013495,0.08657500375950762,0.03999065842859895,0.039771599049779956,0.022922227064179117,0.01836671352072938,0.0,0.04419302639778102,0.03267670106085866,0.0,0.019506120396529044,0.0,0.017599385804600798,0.04724553112807391,0.0618716880319542,0.2047552854870386,0.06777124502177122,0.058147245581679545
2023-06-14,0.026932866529579356,0.02783385409464055,0.02362731837825073,0.04519444972808398,0.03467194819166241,0.01993486191838948,0.025804803290297808,0.034607467136013495,0.08657500375950762,0.03999065842859895,0.039771599049779956,0.022922227064179117,0.01836671352072938,0.0,0.04419302639778102,0.03267670106085866,0.0,0.019506120396529044,0.0,0.017599385804600798,0.04724553112807391,0.0618716880319542,0.2047552854870386,0.06777124502177122,0.058147245581679545
2023-06-15,0.026932866529579356,0.02783385409464055,0.02362731837825073,0.04519444972808398,0.03467194819166241,0.01993486191838948,0.025804803290297808,0.034607467136013495,0.08657500375950762,0.03999065842859895,0.039771599049779956,0.022922227064179117,0.01836671352072938,0.0,0.04419302639778102,0.03267670106085866,0.0,0.019506120396529044,0.0,0.017599385804600798,0.04724553112807391,0.0618716880319542,0.2047552854870386,0.06777124502177122,0.058147245581679545
2023-06-16,0.026932866529579356,0.02783385409464055,0.02362731837825073,0.04519444972808398,0.03467194819166241,0.01993486191838948,0.025804803290297808,0.034607467136013495,0.08657500375950762,0.03999065842859895,0.039771599049779956,0.022922227064179117,0.01836671352072938,0.0,0.04419302639778102,0.03267670106085866,0.0,0.019506120396529044,0.0,0.017599385804600798,0.04724553112807391,0.0618716880319542,0.2047552854870386,0.06777124502177122,0.058147245581679545
2023-06-19,0.026932866529579356,0.02783385409464055,0.02362731837825073,0.04519444972808398,0.03467194819166241,0.01993486191838948,0.025804803290297808,0.034607467136013495,0.08657500375950762,0.03999065842859895,0.039771599049779956,0.022922227064179117,0.01836671352072938,0.0,0.04419302639778102,0.03267670106085866,0.0,0.019506120396529044,0.0,0.017599385804600798,0.04724553112807391,0.0618716880319542,0.2047552854870386,0.06777124502177122,0.058147245581679545
2023-06-20,0.026932866529579356,0.02783385409464055,0.02362731837825073,0.04519444972808398,0.03467194819166241,0.01993486191838948,0.025804803290297808,0.034607467136013495,0.08657500375950762,0.03999065842859895,0.039771599049779956,0.022922227064179117,0.01836671352072938,0.0,0.04419302639778102,0.03267670106085866,0.0,0.019506120396529044,0.0,0.017599385804600798,0.04724553112807391,0.0618716880319542,0.2047552854870386,0.06777124502177122,0.058147245581679545
2023-06-21,0.026932866529579356,0.02783385409464055,0.02362731837825073,0.04519444972808398,0.03467194819166241,0.01993486191838948,0.025804803290297808,0.034607467136013495,0.08657500375950762,0.03999065842859895,0.039771599049779956,0.022922227064179117,0.01836671352072938,0.0,0.04419302639778102,0.03267670106085866,0.0,0.019506120396529044,0.0,0.017599385804600798,0.04724553112807391,0.0618716880319542,0.2047552854870386,0.06777124502177122,0.058147245581679545
2023-06-22,0.026932866529579356,0.02783385409464055,0.02362731837825073,0.04519444972808398,0.03467194819166241,0.01993486191838948,0.025804803290297808,0.034607467136013495,0.08657500375950762,0.03999065842859895,0.039771599049779956,0.022922227064179117,0.01836671352072938,0.0,0.04419302639778102,0.03267670106085866,0.0,0.019506120396529044,0.0,0.017599385804600798,0.04724553112807391,0.0618716880319542,0.2047552854870386,0.06777124502177122,0.058147245581679545
2023-06-23,0.026932866529579356,0.02783385409464055,0.02362731837825073,0.04519444972808398,0.03467194819166241,0.01993486191838948,0.025804803290297808,0.034607467136013495,0.08657500375950762,0.03999065842859895,0.039771599049779956,0.022922227064179117,0.01836671352072938,0.0,0.04419302639778102,0.03267670106085866,0.0,0.019506120396529044,0.0,0.017599385804600798,0.04724553112807391,0.0618716880319542,0.2047552854870386,0.06777124502177122,0.058147245581679545
2023-06-26,0.026932866529579356,0.02783385409464055,0.02362731837825073,0.04519444972808398,0.03467194819166241,0.01993486191838948,0.025804803290297808,0.034607467136013495,0.08657500375950762,0.03999065842859895,0.039771599049779956,0.022922227064179117,0.01836671352072938,0.0,0.04419302639778102,0.03267670106085866,0.0,0.019506120396529044,0.0,0.017599385804600798,0.04724553112807391,0.0618716880319542,0.2047552854870386,0.06777124502177122,0.058147245581679545
2023-06-27,0.026932866529579356,0.02783385409464055,0.02362731837825073,0.04519444972808398,0.03467194819166241,0.01993486191838948,0.025804803290297808,0.034607467136013495,0.08657500375950762,0.03999065842859895,0.039771599049779956,0.022922227064179117,0.01836671352072938,0.0,0.04419302639778102,0.03267670106085866,0.0,0.019506120396529044,0.0,0.017599385804600798,0.04724553112807391,0.0618716880319542,0.2047552854870386,0.06777124502177122,0.058147245581679545
2023-06-28,0.026932866529579356,0.02783385409464055,0.02362731837825073,0.04519444972808398,0.03467194819166241,0.01993486191838948,0.025804803290297808,0.034607467136013495,0.08657500375950762,0.03999065842859895,0.039771599049779956,0.022922227064179117,0.01836671352072938,0.0,0.04419302639778102,0.03267670106085866,0.0,0.019506120396529044,0.0,0.017599385804600798,0.04724553112807391,0.0618716880319542,0.2047552854870386,0.06777124502177122,0.058147245581679545
2023-06-29,0.026932866529579356,0.02783385409464055,0.02362731837825073,0.04519444972808398,0.03467194819166241,0.01993486191838948,0.025804803290297808,0.034607467136013495,0.08657500375950762,0.03999065842859895,0.039771599049779956,0.022922227064179117,0.01836671352072938,0.0,0.04419302639778102,0.03267670106085866,0.0,0.019506120396529044,0.0,0.017599385804600798,0.04724553112807391,0.0618716880319542,0.2047552854870386,0.06777124502177122,0.058147245581679545
2023-06-30,0.026932866529579356,0.02783385409464055,0.02362731837825073,0.04519444972808398,0.03467194819166241,0.01993486191838948,0.025804803290297808,0.034607467136013495,0.08657500375950762,0.03999065842859895,0.039771599049779956,0.022922227064179117,0.01836671352072938,0.0,0.04419302639778102,0.03267670106085866,0.0,0.019506120396529044,0.0,0.017599385804600798,0.04724553112807391,0.0618716880319542,0.2047552854870386,0.06777124502177122,0.058147245581679545
2023-07-03,0.06283165012906304,0.08256858468955658,0.06452087874561797,0.04735586007884213,0.05530824528850922,0.04065224428946783,0.037406663908019055,0.025188266409834886,0.054225426848426,0.045941087161341695,0.04459226242605133,0.02279799749299083,0.010151586111101412,0.0,0.0,0.0583984065865597,0.0,0.02284888405887634,0.0,0.023590367354416646,0.01879918693092637,0.037132192079785964,0.14948237908828074,0.039297085947392105,0.05691074437494022
2023-07-04,0.06283165012906304,0.08256858468955658,0.06452087874561797,0.04735586007884213,0.05530824528850922,0.04065224428946783,0.037406663908019055,0.025188266409834886,0.054225426848426,0.045941087161341695,0.04459226242605133,0.02279799749299083,0.010151586111101412,0.0,0.0,0.0583984065865597,0.0,0.02284888405887634,0.0,0.023590367354416646,0.01879918693092637,0.037132192079785964,0.14948237908828074,0.039297085947392105,0.05691074437494022
2023-07-05,0.06283165012906304,0.08256858468955658,0.06452087874561797,0.04735586007884213,0.05530824528850922,0.04065224428946783,0.037406663908019055,0.025188266409834886,0.054225426848426,0.045941087161341695,0.04459226242605133,0.02279799749299083,0.010151586111101412,0.0,0.0,0.0583984065865597,0.0,0.02284888405887634,0.0,0.023590367354416646,0.01879918693092637,0.037132192079785964,0.14948237908828074,0.039297085947392105,0.05691074437494022
2023-07-06,0.06283165012906304,0.08256858468955658,0.06452087874561797,0.04735586007884213,0.05530824528850922,0.04065224428946783,0.037406663908019055,0.025188266409834886,0.054225426848426,0.045941087161341695,0.04459226242605133,0.02279799749299083,0.010151586111101412,0.0,0.0,0.0583984065865597,0.0,0.02284888405887634,0.0,0.023590367354416646,0.01879918693092637,0.037132192079785964,0.14948237908828074,0.039297085947392105,0.05691074437494022
2023-07-07,0.06283165012906304,0.08256858468955658,0.06452087874561797,0.04735586007884213,0.05530824528850922,0.04065224428946783,0.037406663908019055,0.025188266409834886,0.054225426848426,0.045941087161341695,0.04459226242605133,0.02279799749299083,0.010151586111101412,0.0,0.0,0.0583984065865597,0.0,0.02284888405887634,0.0,0.023590367354416646,0.01879918693092637,0.037132192079785964,0.14948237908828074,0.039297085947392105,0.05691074437494022
2023-07-10,0.06283165012906304,0.08256858468955658,0.06452087874561797,0.04735586007884213,0.05530824528850922,0.04065224428946783,0.037406663908019055,0.025188266409834886,0.054225426848426,0.045941087161341695,0.04459226242605133,0.02279799749299083,0.010151586111101412,0.0,0.0,0.0583984065865597,0.0,0.02284888405887634,0.0,0.023590367354416646,0.01879918693092637,0.037132192079785964,0.14948237908828074,0.039297085947392105,0.05691074437494022
2023-07-11,0.06283165012906304,0.08256858468955658,0.06452087874561797,0.04735586007884213,0.05530824528850922,0.04065224428946783,0.037406663908019055,0.025188266409834886,0.054225426848426,0.045941087161341695,0.04459226242605133,0.02279799749299083,0.010151586111101412,0.0,0.0,0.0583984065865597,0.0,0.02284888405887634,0.0,0.023590367354416646,0.01879918693092637,0.037132192079785964,0.14948237908828074,0.039297085947392105,0.05691074437494022
2023-07-12,0.06283165012906304,0.08256858468955658,0.06452087874561797,0.04735586007884213,0.05530824528850922,0.04065224428946783,0.037406663908019055,0.025188266409834886,0.054225426848426,0.045941087161341695,0.04459226242605133,0.02279799749299083,0.010151586111101412,0.0,0.0,0.0583984065865597,0.0,0.02284888405887634,0.0,0.023590367354416646,0.01879918693092637,0.037132192079785964,0.14948237908828074,0.039297085947392105,0.05691074437494022
2023-07-13,0.06283165012906304,0.08256858468955658,0.06452087874561797,0.04735586007884213,0.05530824528850922,0.04065224428946783,0.037406663908019055,0.025188266409834886,0.054225426848426,0.045941087161341695,0.04459226242605133,0.02279799749299083,0.010151586111101412,0.0,0.0,0.0583984065865597,0.0,0.02284888405887634,0.0,0.023590367354416646,0.01879918693092637,0.037132192079785964,0.14948237908828074,0.039297085947392105,0.05691074437494022
2023-07-14,0.06283165012906304,0.08256858468955658,0.06452087874561797,0.04735586007884213,0.05530824528850922,0.04065224428946783,0.037406663908019055,0.025188266409834886,0.054225426848426,0.045941087161341695,0.04459226242605133,0.02279799749299083,0.010151586111101412,0.0,0.0,0.0583984065865597,0.0,0.02284888405887634,0.0,0.023590367354416646,0.01879918693092637,0.037132192079785964,0.14948237908828074,0.039297085947392105,0.05691074437494022
2023-07-17,0.06283165012906304,0.08256858468955658,0.06452087874561797,0.04735586007884213,0.05530824528850922,0.04065224428946783,0.037406663908019055,0.025188266409834886,0.054225426848426,0.045941087161341695,0.04459226242605133,0.02279799749299083,0.010151586111101412,0.0,0.0,0.0583984065865597,0.0,0.02284888405887634,0.0,0.023590367354416646,0.01879918693092637,0.037132192079785964,0.14948237908828074,0.039297085947392105,0.05691074437494022
2023-07-18,0.06283165012906304,0.08256858468955658,0.06452087874561797,0.04735586007884213,0.05530824528850922,0.04065224428946783,0.037406663908019055,0.025188266409834886,0.054225426848426,0.045941087161341695,0.04459226242605133,0.02279799749299083,0.010151586111101412,0.0,0.0,0.0583984065865597,0.0,0.02284888405887634,0.0,0.023590367354416646,0.01879918693092637,0.037132192079785964,0.14948237908828074,0.039297085947392105,0.05691074437494022
2023-07-19,0.06283165012906304,0.08256858468955658,0.06452087874561797,0.04735586007884213,0.05530824528850922,0.04065224428946783,0.037406663908019055,0.025188266409834886,0.054225426848426,0.045941087161341695,0.04459226242605133,0.02279799749299083,0.010151586111101412,0.0,0.0,0.0583984065865597,0.0,0.02284888405887634,0.0,0.023590367354416646,0.01879918693092637,0.037132192079785964,0.14948237908828074,0.039297085947392105,0.05691074437494022
2023-07-20,0.06283165012906304,0.08256858468955658,0.06452087874561797,0.04735586007884213,0.05530824528850922,0.04065224428946783,0.037406663908019055,0.025188266409834886,0.054225426848426,0.045941087161341695,0.04459226242605133,0.02279799749299083,0.010151586111101412,0.0,0.0,0.0583984065865597,0.0,0.02284888405887634,0.0,0.023590367354416646,0.01879918693092637,0.037132192079785964,0.14948237908828074,0.039297085947392105,0.05691074437494022
2023-07-21,0.06283165012906304,0.08256858468955658,0.06452087874561797,0.04735586007884213,0.05530824528850922,0.04065224428946783,0.037406663908019055,0.025188266409834886,0.054225426848426,0.045941087161341695,0.04459226242605133,0.02279799749299083,0.010151586111101412,0.0,0.0,0.0583984065865597,0.0,0.02284888405887634,0.0,0.023590367354416646,0.01879918693092637,0.037132192079785964,0.14948237908828074,0.039297085947392105,0.05691074437494022
2023-07-24,0.06283165012906304,0.08256858468955658,0.06452087874561797,0.04735586007884213,0.05530824528850922,0.04065224428946783,0.037406663908019055,0.025188266409834886,0.054225426848426,0.045941087161341695,0.04459226242605133,0.02279799749299083,0.010151586111101412,0.0,0.0,0.0583984065865597,0.0,0.02284888405887634,0.0,0.023590367354416646,0.01879918693092637,0.037132192079785964,0.14948237908828074,0.039297085947392105,0.05691074437494022
2023-07-25,0.06283165012906304,0.08256858468955658,0.06452087874561797,0.04735586007884213,0.05530824528850922,0.04065224428946783,0.037406663908019055,0.025188266409834886,0.054225426848426,0.045941087161341695,0.04459226242605133,0.02279799749299083,0.010151586111101412,0.0,0.0,0.0583984065865597,0.0,0.02284888405887634,0.0,0.023590367354416646,0.01879918693092637,0.037132192079785964,0.14948237908828074,0.039297085947392105,0.05691074437494022
2023-07-26,0.06283165012906304,0.08256858468955658,0.06452087874561797,0.04735586007884213,0.05530824528850922,0.04065224428946783,0.037406663908019055,0.025188266409834886,0.054225426848426,0.045941087161341695,0.04459226242605133,0.02279799749299083,0.010151586111101412,0.0,0.0,0.0583984065865597,0.0,0.02284888405887634,0.0,0.023590367354416646,0.01879918693092637,0.037132192079785964,0.14948237908828074,0.039297085947392105,0.05691074437494022
2023-07-27,0.06283165012906304,0.08256858468955658,0.06452087874561797,0.04735586007884213,0.05530824528850922,0.04065224428946783,0.037406663908019055,0.025188266409834886,0.054225426848426,0.045941087161341695,0.04459226242605133,0.02279799749299083,0.010151586111101412,0.0,0.0,0.0583984065865597,0.0,0.02284888405887634,0.0,0.023590367354416646,0.01879918693092637,0.037132192079785964,0.14948237908828074,0.039297085947392105,0.05691074437494022
2023-07-28,0.06283165012906304,0.08256858468955658,0.06452087874561797,0.04735586007884213,0.05530824528850922,0.04065224428946783,0.037406663908019055,0.025188266409834886,0.054225426848426,0.045941087161341695,0.04459226242605133,0.02279799749299083,0.010151586111101412,0.0,0.0,0.0583984065865597,0.0,0.02284888405887634,0.0,0.023590367354416646,0.01879918693092637,0.037132192079785964,0.14948237908828074,0.039297085947392105,0.05691074437494022
2023-07-31,0.06283165012906304,0.08256858468955658,0.06452087874561797,0.04735586007884213,0.05530824528850922,0.04065224428946783,0.037406663908019055,0.025188266409834886,0.054225426848426,0.045941087161341695,0.04459226242605133,0.02279799749299083,0.010151586111101412,0.0,0.0,0.0583984065865597,0.0,0.02284888405887634,0.0,0.023590367354416646,0.01879918693092637,0.037132192079785964,0.14948237908828074,0.039297085947392105,0.05691074437494022
2023-08-01,0.0318375997232458,0.03777359383210065,0.03325910190348711,0.04726821432248645,0.046277547184636496,0.03197240473207023,0.03490393504500875,0.02060298883598872,0.029842810667530882,0.09030559230961271,0.05418405955686285,0.03628329513182479,0.019470703317418174,0.0,0.0,0.05049845983492863,0.0,0.018739322847109625,0.0,0.017949753484754576,0.0,0.0,0.2847883470492351,0.04849960411810697,0.0655426661035914
2023-08-02,0.0318375997232458,0.03777359383210065,0.03325910190348711,0.04726821432248645,0.046277547184636496,0.03197240473207023,0.03490393504500875,0.02060298883598872,0.029842810667530882,0.09030559230961271,0.05418405955686285,0.03628329513182479,0.019470703317418174,0.0,0.0,0.05049845983492863,0.0,0.018739322847109625,0.0,0.017949753484754576,0.0,0.0,0.2847883470492351,0.04849960411810697,0.0655426661035914
2023-08-03,0.0318375997232458,0.03777359383210065,0.03325910190348711,0.04726821432248645,0.046277547184636496,0.03197240473207023,0.03490393504500875,0.02060298883598872,0.029842810667530882,0.09030559230961271,0.05418405955686285,0.03628329513182479,0.019470703317418174,0.0,0.0,0.05049845983492863,0.0,0.018739322847109625,0.0,0.017949753484754576,0.0,0.0,0.2847883470492351,0.04849960411810697,0.0655426661035914
2023-08-04,0.0318375997232458,0.03777359383210065,0.03325910190348711,0.04726821432248645,0.046277547184636496,0.03197240473207023,0.03490393504500875,0.02060298883598872,0.029842810667530882,0.09030559230961271,0.05418405955686285,0.03628329513182479,0.019470703317418174,0.0,0.0,0.05049845983492863,0.0,0.018739322847109625,0.0,0.017949753484754576,0.0,0.0,0.2847883470492351,0.04849960411810697,0.0655426661035914
2023-08-07,0.0318375997232458,0.03777359383210065,0.03325910190348711,0.04726821432248645,0.046277547184636496,0.03197240473207023,0.03490393504500875,0.02060298883598872,0.029842810667530882,0.09030559230961271,0.05418405955686285,0.03628329513182479,0.019470703317418174,0.0,0.0,0.05049845983492863,0.0,0.018739322847109625,0.0,0.017949753484754576,0.0,0.0,0.2847883470492351,0.04849960411810697,0.0655426661035914
2023-08-08,0.0318375997232458,0.03777359383210065,0.03325910190348711,0.04726821432248645,0.046277547184636496,0.03197240473207023,0.03490393504500875,0.02060298883598872,0.029842810667530882,0.09030559230961271,0.05418405955686285,0.03628329513182479,0.019470703317418174,0.0,0.0,0.05049845983492863,0.0,0.018739322847109625,0.0,0.017949753484754576,0.0,0.0,0.2847883470492351,0.04849960411810697,0.0655426661035914
2023-08-09,0.0318375997232458,0.03777359383210065,0.03325910190348711,0.04726821432248645,0.046277547184636496,0.03197240473207023,0.03490393504500875,0.02060298883598872,0.029842810667530882,0.09030559230961271,0.05418405955686285,0.03628329513182479,0.019470703317418174,0.0,0.0,0.05049845983492863,0.0,0.018739322847109625,0.0,0.017949753484754576,0.0,0.0,0.2847883470492351,0.04849960411810697,0.0655426661035914
2023-08-10,0.0318375997232458,0.03777359383210065,0.03325910190348711,0.04726821432248645,0.046277547184636496,0.03197240473207023,0.03490393504500875,0.02060298883598872,0.029842810667530882,0.09030559230961271,0.05418405955686285,0.03628329513182479,0.019470703317418174,0.0,0.0,0.05049845983492863,0.0,0.018739322847109625,0.0,0.017949753484754576,0.0,0.0,0.2847883470492351,0.04849960411810697,0.0655426661035914
2023-08-11,0.0318375997232458,0.03777359383210065,0.03325910190348711,0.04726821432248645,0.046277547184636496,0.03197240473207023,0.03490393504500875,0.02060298883598872,0.029842810667530882,0.09030559230961271,0.05418405955686285,0.03628329513182479,0.019470703317418174,0.0,0.0,0.05049845983492863,0.0,0.018739322847109625,0.0,0.017949753484754576,0.0,0.0,0.2847883470492351,0.04849960411810697,0.0655426661035914
2023-08-14,0.0318375997232458,0.03777359383210065,0.03325910190348711,0.04726821432248645,0.046277547184636496,0.03197240473207023,0.03490393504500875,0.02060298883598872,0.029842810667530882,0.09030559230961271,0.05418405955686285,0.03628329513182479,0.019470703317418174,0.0,0.0,0.05049845983492863,0.0,0.018739322847109625,0.0,0.017949753484754576,0.0,0.0,0.2847883470492351,0.04849960411810697,0.0655426661035914
2023-08-15,0.0318375997232458,0.03777359383210065,0.03325910190348711,0.04726821432248645,0.046277547184636496,0.03197240473207023,0.03490393504500875,0.02060298883598872,0.029842810667530882,0.09030559230961271,0.05418405955686285,0.03628329513182479,0.019470703317418174,0.0,0.0,0.05049845983492863,0.0,0.018739322847109625,0.0,0.017949753484754576,0.0,0.0,0.2847883470492351,0.04849960411810697,0.0655426661035914
2023-08-16,0.0318375997232458,0.03777359383210065,0.03325910190348711,0.04726821432248645,0.046277547184636496,0.03197240473207023,0.03490393504500875,0.02060298883598872,0.029842810667530882,0.09030559230961271,0.05418405955686285,0.03628329513182479,0.019470703317418174,0.0,0.0,0.05049845983492863,0.0,0.018739322847109625,0.0,0.017949753484754576,0.0,0.0,0.2847883470492351,0.04849960411810697,0.0655426661035914
2023-08-17,0.0318375997232458,0.03777359383210065,0.03325910190348711,0.04726821432248645,0.046277547184636496,0.03197240473207023,0.03490393504500875,0.02060298883598872,0.029842810667530882,0.09030559230961271,0.05418405955686285,0.03628329513182479,0.019470703317418174,0.0,0.0,0.05049845983492863,0.0,0.018739322847109625,0.0,0.017949753484754576,0.0,0.0,0.2847883470492351,0.04849960411810697,0.0655426661035914
2023-08-18,0.0318375997232458,0.03777359383210065,0.03325910190348711,0.04726821432248645,0.046277547184636496,0.03197240473207023,0.03490393504500875,0.02060298883598872,0.029842810667530882,0.09030559230961271,0.05418405955686285,0.03628329513182479,0.019470703317418174,0.0,0.0,0.05049845983492863,0.0,0.018739322847109625,0.0,0.017949753484754576,0.0,0.0,0.2847883470492351,0.04849960411810697,0.0655426661035914
2023-08-21,0.0318375997232458,0.03777359383210065,0.03325910190348711,0.04726821432248645,0.046277547184636496,0.03197240473207023,0.03490393504500875,0.02060298883598872,0.029842810667530882,0.09030559230961271,0.05418405955686285,0.03628329513182479,0.019470703317418174,0.0,0.0,0.05049845983492863,0.0,0.018739322847109625,0.0,0.017949753484754576,0.0,0.0,0.2847883470492351,0.04849960411810697,0.0655426661035914
2023-08-22,0.0318375997232458,0.03777359383210065,0.03325910190348711,0.04726821432248645,0.046277547184636496,0.03197240473207023,0.03490393504500875,0.02060298883598872,0.029842810667530882,0.09030559230961271,0.05418405955686285,0.03628329513182479,0.019470703317418174,0.0,0.0,0.05049845983492863,0.0,0.018739322847109625,0.0,0.017949753484754576,0.0,0.0,0.2847883470492351,0.04849960411810697,0.0655426661035914
2023-08-23,0.0318375997232458,0.03777359383210065,0.03325910190348711,0.04726821432248645,0.046277547184636496,0.03197240473207023,0.03490393504500875,0.02060298883598872,0.029842810667530882,0.09030559230961271,0.05418405955686285,0.03628329513182479,0.019470703317418174,0.0,0.0,0.05049845983492863,0.0,0.018739322847109625,0.0,0.017949753484754576,0.0,0.0,0.2847883470492351,0.04849960411810697,0.0655426661035914
2023-08-24,0.0318375997232458,0.03777359383210065,0.03325910190348711,0.04726821432248645,0.046277547184636496,0.03197240473207023,0.03490393504500875,0.02060298883598872,0.029842810667530882,0.09030559230961271,0.05418405955686285,0.03628329513182479,0.019470703317418174,0.0,0.0,0.05049845983492863,0.0,0.018739322847109625,0.0,0.017949753484754576,0.0,0.0,0.2847883470492351,0.04849960411810697,0.0655426661035914
2023-08-25,0.0318375997232458,0.03777359383210065,0.03325910190348711,0.04726821432248645,0.046277547184636496,0.03197240473207023,0.03490393504500875,0.02060298883598872,0.029842810667530882,0.09030559230961271,0.05418405955686285,0.03628329513182479,0.019470703317418174,0.0,0.0,0.05049845983492863,0.0,0.018739322847109625,0.0,0.017949753484754576,0.0,0.0,0.2847883470492351,0.04849960411810697,0.0655426661035914
2023-08-28,0.0318375997232458,0.03777359383210065,0.03325910190348711,0.04726821432248645,0.046277547184636496,0.03197240473207023,0.03490393504500875,0.02060298883598872,0.029842810667530882,0.09030559230961271,0.05418405955686285,0.03628329513182479,0.019470703317418174,0.0,0.0,0.05049845983492863,0.0,0.018739322847109625,0.0,0.017949753484754576,0.0,0.0,0.2847883470492351,0.04849960411810697,0.0655426661035914
2023-08-29,0.0318375997232458,0.03777359383210065,0.03325910190348711,0.04726821432248645,0.046277547184636496,0.03197240473207023,0.03490393504500875,0.02060298883598872,0.029842810667530882,0.09030559230961271,0.05418405955686285,0.03628329513182479,0.019470703317418174,0.0,0.0,0.05049845983492863,0.0,0.018739322847109625,0.0,0.017949753484754576,0.0,0.0,0.2847883470492351,0.04849960411810697,0.0655426661035914
2023-08-30,0.0318375997232458,0.03777359383210065,0.03325910190348711,0.04726821432248645,0.046277547184636496,0.03197240473207023,0.03490393504500875,0.02060298883598872,0.029842810667530882,0.09030559230961271,0.05418405955686285,0.03628329513182479,0.019470703317418174,0.0,0.0,0.05049845983492863,0.0,0.018739322847109625,0.0,0.017949753484754576,0.0,0.0,0.2847883470492351,0.04849960411810697,0.0655426661035914
2023-08-31,0.0318375997232458,0.03777359383210065,0.03325910190348711,0.04726821432248645,0.046277547184636496,0.03197240473207023,0.03490393504500875,0.02060298883598872,0.029842810667530882,0.09030559230961271,0.05418405955686285,0.03628329513182479,0.019470703317418174,0.0,0.0,0.05049845983492863,0.0,0.018739322847109625,0.0,0.017949753484754576,0.0,0.0,0.2847883470492351,0.04849960411810697,0.0655426661035914
2023-09-01,0.031002390274017445,0.03364556767344574,0.03565698622615642,0.03951689754093982,0.034375813304084867,0.02690440725038843,0.02665742539004394,0.03957081697630905,0.04523040456118703,0.06230507662219419,0.0346305319496487,0.01790402802601354,0.012731468849572408,0.0,0.0,0.08781453440874488,0.03838304404533872,0.016280502207208836,0.0,0.01719804781955951,0.0,0.0,0.32238932788489,0.0,0.07780272899025648
2023-09-04,0.031002390274017445,0.03364556767344574,0.03565698622615642,0.03951689754093982,0.034375813304084867,0.02690440725038843,0.02665742539004394,0.03957081697630905,0.04523040456118703,0.06230507662219419,0.0346305319496487,0.01790402802601354,0.012731468849572408,0.0,0.0,0.08781453440874488,0.03838304404533872,0.016280502207208836,0.0,0.01719804781955951,0.0,0.0,0.32238932788489,0.0,0.07780272899025648
2023-09-05,0.031002390274017445,0.03364556767344574,0.03565698622615642,0.03951689754093982,0.034375813304084867,0.02690440725038843,0.02665742539004394,0.03957081697630905,0.04523040456118703,0.06230507662219419,0.0346305319496487,0.01790402802601354,0.012731468849572408,0.0,0.0,0.08781453440874488,0.03838304404533872,0.016280502207208836,0.0,0.01719804781955951,0.0,0.0,0.32238932788489,0.0,0.07780272899025648
2023-09-06,0.031002390274017445,0.03364556767344574,0.03565698622615642,0.03951689754093982,0.034375813304084867,0.02690440725038843,0.02665742539004394,0.03957081697630905,0.04523040456118703,0.06230507662219419,0.0346305319496487,0.01790402802601354,0.012731468849572408,0.0,0.0,0.08781453440874488,0.03838304404533872,0.016280502207208836,0.0,0.01719804781955951,0.0,0.0,0.32238932788489,0.0,0.07780272899025648
2023-09-07,0.031002390274017445,0.03364556767344574,0.03565698622615642,0.03951689754093982,0.034375813304084867,0.02690440725038843,0.02665742539004394,0.03957081697630905,0.04523040456118703,0.06230507662219419,0.0346305319496487,0.01790402802601354,0.012731468849572408,0.0,0.0,0.08781453440874488,0.03838304404533872,0.016280502207208836,0.0,0.01719804781955951,0.0,0.0,0.32238932788489,0.0,0.07780272899025648
2023-09-08,0.031002390274017445,0.03364556767344574,0.03565698622615642,0.03951689754093982,0.034375813304084867,0.02690440725038843,0.02665742539004394,0.03957081697630905,0.04523040456118703,0.06230507662219419,0.0346305319496487,0.01790402802601354,0.012731468849572408,0.0,0.0,0.08781453440874488,0.03838304404533872,0.016280502207208836,0.0,0.01719804781955951,0.0,0.0,0.32238932788489,0.0,0.07780272899025648
2023-09-11,0.031002390274017445,0.03364556767344574,0.03565698622615642,0.03951689754093982,0.034375813304084867,0.02690440725038843,0.02665742539004394,0.03957081697630905,0.04523040456118703,0.06230507662219419,0.0346305319496487,0.01790402802601354,0.012731468849572408,0.0,0.0,0.08781453440874488,0.03838304404533872,0.016280502207208836,0.0,0.01719804781955951,0.0,0.0,0.32238932788489,0.0,0.07780272899025648
2023-09-12,0.031002390274017445,0.03364556767344574,0.03565698622615642,0.03951689754093982,0.034375813304084867,0.02690440725038843,0.02665742539004394,0.03957081697630905,0.04523040456118703,0.06230507662219419,0.0346305319496487,0.01790402802601354,0.012731468849572408,0.0,0.0,0.08781453440874488,0.03838304404533872,0.016280502207208836,0.0,0.01719804781955951,0.0,0.0,0.32238932788489,0.0,0.07780272899025648
2023-09-13,0.031002390274017445,0.03364556767344574,0.03565698622615642,0.03951689754093982,0.034375813304084867,0.02690440725038843,0.02665742539004394,0.03957081697630905,0.04523040456118703,0.06230507662219419,0.0346305319496487,0.01790402802601354,0.012731468849572408,0.0,0.0,0.08781453440874488,0.03838304404533872,0.016280502207208836,0.0,0.01719804781955951,0.0,0.0,0.32238932788489,0.0,0.07780272899025648
2023-09-14,0.031002390274017445,0.03364556767344574,0.03565698622615642,0.03951689754093982,0.034375813304084867,0.02690440725038843,0.02665742539004394,0.03957081697630905,0.04523040456118703,0.06230507662219419,0.0346305319496487,0.01790402802601354,0.012731468849572408,0.0,0.0,0.08781453440874488,0.03838304404533872,0.016280502207208836,0.0,0.01719804781955951,0.0,0.0,0.32238932788489,0.0,0.07780272899025648
2023-09-15,0.031002390274017445,0.03364556767344574,0.03565698622615642,0.03951689754093982,0.034375813304084867,0.02690440725038843,0.02665742539004394,0.03957081697630905,0.04523040456118703,0.06230507662219419,0.0346305319496487,0.01790402802601354,0.012731468849572408,0.0,0.0,0.08781453440874488,0.03838304404533872,0.016280502207208836,0.0,0.01719804781955951,0.0,0.0,0.32238932788489,0.0,0.07780272899025648
2023-09-18,0.031002390274017445,0.03364556767344574,0.03565698622615642,0.03951689754093982,0.034375813304084867,0.02690440725038843,0.02665742539004394,0.03957081697630905,0.04523040456118703,0.06230507662219419,0.0346305319496487,0.01790402802601354,0.012731468849572408,0.0,0.0,0.08781453440874488,0.03838304404533872,0.016280502207208836,0.0,0.01719804781955951,0.0,0.0,0.32238932788489,0.0,0.07780272899025648
2023-09-19,0.031002390274017445,0.03364556767344574,0.03565698622615642,0.03951689754093982,0.034375813304084867,0.02690440725038843,0.02665742539004394,0.03957081697630905,0.04523040456118703,0.06230507662219419,0.0346305319496487,0.01790402802601354,0.012731468849572408,0.0,0.0,0.08781453440874488,0.03838304404533872,0.016280502207208836,0.0,0.01719804781955951,0.0,0.0,0.32238932788489,0.0,0.07780272899025648
2023-09-20,0.031002390274017445,0.03364556767344574,0.03565698622615642,0.03951689754093982,0.034375813304084867,0.02690440725038843,0.02665742539004394,0.03957081697630905,0.04523040456118703,0.06230507662219419,0.0346305319496487,0.01790402802601354,0.012731468849572408,0.0,0.0,0.08781453440874488,0.03838304404533872,0.016280502207208836,0.0,0.01719804781955951,0.0,0.0,0.32238932788489,0.0,0.07780272899025648
2023-09-21,0.031002390274017445,0.03364556767344574,0.03565698622615642,0.03951689754093982,0.034375813304084867,0.02690440725038843,0.02665742539004394,0.03957081697630905,0.04523040456118703,0.06230507662219419,0.0346305319496487,0.01790402802601354,0.012731468849572408,0.0,0.0,0.08781453440874488,0.03838304404533872,0.016280502207208836,0.0,0.01719804781955951,0.0,0.0,0.32238932788489,0.0,0.07780272899025648
2023-09-22,0.031002390274017445,0.03364556767344574,0.03565698622615642,0.03951689754093982,0.034375813304084867,0.02690440725038843,0.02665742539004394,0.03957081697630905,0.04523040456118703,0.06230507662219419,0.0346305319496487,0.01790402802601354,0.012731468849572408,0.0,0.0,0.08781453440874488,0.03838304404533872,0.016280502207208836,0.0,0.01719804781955951,0.0,0.0,0.32238932788489,0.0,0.07780272899025648
2023-09-25,0.031002390274017445,0.03364556767344574,0.03565698622615642,0.03951689754093982,0.034375813304084867,0.02690440725038843,0.02665742539004394,0.03957081697630905,0.04523040456118703,0.06230507662219419,0.0346305319496487,0.01790402802601354,0.012731468849572408,0.0,0.0,0.08781453440874488,0.03838304404533872,0.016280502207208836,0.0,0.01719804781955951,0.0,0.0,0.32238932788489,0.0,0.07780272899025648
2023-09-26,0.031002390274017445,0.03364556767344574,0.03565698622615642,0.03951689754093982,0.034375813304084867,0.02690440725038843,0.02665742539004394,0.03957081697630905,0.04523040456118703,0.06230507662219419,0.0346305319496487,0.01790402802601354,0.012731468849572408,0.0,0.0,0.08781453440874488,0.03838304404533872,0.016280502207208836,0.0,0.01719804781955951,0.0,0.0,0.32238932788489,0.0,0.07780272899025648
2023-09-27,0.031002390274017445,0.03364556767344574,0.03565698622615642,0.03951689754093982,0.034375813304084867,0.02690440725038843,0.02665742539004394,0.03957081697630905,0.04523040456118703,0.06230507662219419,0.0346305319496487,0.01790402802601354,0.012731468849572408,0.0,0.0,0.08781453440874488,0.03838304404533872,0.016280502207208836,0.0,0.01719804781955951,0.0,0.0,0.32238932788489,0.0,0.07780272899025648
2023-09-28,0.031002390274017445,0.03364556767344574,0.03565698622615642,0.03951689754093982,0.034375813304084867,0.02690440725038843,0.02665742539004394,0.03957081697630905,0.04523040456118703,0.06230507662219419,0.0346305319496487,0.01790402802601354,0.012731468849572408,0.0,0.0,0.08781453440874488,0.03838304404533872,0.016280502207208836,0.0,0.01719804781955951,0.0,0.0,0.32238932788489,0.0,0.07780272899025648
2023-09-29,0.031002390274017445,0.03364556767344574,0.03565698622615642,0.03951689754093982,0.034375813304084867,0.02690440725038843,0.02665742539004394,0.03957081697630905,0.04523040456118703,0.06230507662219419,0.0346305319496487,0.01790402802601354,0.012731468849572408,0.0,0.0,0.08781453440874488,0.03838304404533872,0.016280502207208836,0.0,0.01719804781955951,0.0,0.0,0.32238932788489,0.0,0.07780272899025648
2023-10-02,0.033355294438484416,0.036460488748300816,0.028642545426069796,0.03416467149136342,0.03502345225028317,0.027892404977394945,0.030241867048682605,0.040986159880458034,0.05045688152264018,0.041574900019992526,0.05392608191830147,0.03666117495673587,0.02869039533279704,0.0,0.0,0.06265185261090024,0.01644777533280982,0.016395595009603133,0.0,0.01569996777625049,0.0,0.0,0.3378478954998831,0.0,0.07288059575904891
2023-10-03,0.033355294438484416,0.036460488748300816,0.028642545426069796,0.03416467149136342,0.03502345225028317,0.027892404977394945,0.030241867048682605,0.040986159880458034,0.05045688152264018,0.041574900019992526,0.05392608191830147,0.03666117495673587,0.02869039533279704,0.0,0.0,0.06265185261090024,0.01644777533280982,0.016395595009603133,0.0,0.01569996777625049,0.0,0.0,0.3378478954998831,0.0,0.07288059575904891
2023-10-04,0.033355294438484416,0.036460488748300816,0.028642545426069796,0.03416467149136342,0.03502345225028317,0.027892404977394945,0.030241867048682605,0.040986159880458034,0.05045688152264018,0.041574900019992526,0.05392608191830147,0.03666117495673587,0.02869039533279704,0.0,0.0,0.06265185261090024,0.01644777533280982,0.016395595009603133,0.0,0.01569996777625049,0.0,0.0,0.3378478954998831,0.0,0.07288059575904891
2023-10-05,0.033355294438484416,0.036460488748300816,0.028642545426069796,0.03416467149136342,0.03502345225028317,0.027892404977394945,0.030241867048682605,0.040986159880458034,0.05045688152264018,0.041574900019992526,0.05392608191830147,0.03666117495673587,0.02869039533279704,0.0,0.0,0.06265185261090024,0.01644777533280982,0.016395595009603133,0.0,0.01569996777625049,0.0,0.0,0.3378478954998831,0.0,0.07288059575904891
2023-10-06,0.033355294438484416,0.036460488748300816,0.028642545426069796,0.03416467149136342,0.03502345225028317,0.027892404977394945,0.030241867048682605,0.040986159880458034,0.05045688152264018,0.041574900019992526,0.05392608191830147,0.03666117495673587,0.02869039533279704,0.0,0.0,0.06265185261090024,0.01644777533280982,0.016395595009603133,0.0,0.01569996777625049,0.0,0.0,0.3378478954998831,0.0,0.07288059575904891
2023-10-09,0.033355294438484416,0.036460488748300816,0.028642545426069796,0.03416467149136342,0.03502345225028317,0.027892404977394945,0.030241867048682605,0.040986159880458034,0.05045688152264018,0.041574900019992526,0.05392608191830147,0.03666117495673587,0.02869039533279704,0.0,0.0,0.06265185261090024,0.01644777533280982,0.016395595009603133,0.0,0.01569996777625049,0.0,0.0,0.3378478954998831,0.0,0.07288059575904891
2023-10-10,0.033355294438484416,0.036460488748300816,0.028642545426069796,0.03416467149136342,0.03502345225028317,0.027892404977394945,0.030241867048682605,0.040986159880458034,0.05045688152264018,0.041574900019992526,0.05392608191830147,0.03666117495673587,0.02869039533279704,0.0,0.0,0.06265185261090024,0.01644777533280982,0.016395595009603133,0.0,0.01569996777625049,0.0,0.0,0.3378478954998831,0.0,0.07288059575904891
2023-10-11,0.033355294438484416,0.036460488748300816,0.028642545426069796,0.03416467149136342,0.03502345225028317,0.027892404977394945,0.030241867048682605,0.040986159880458034,0.05045688152264018,0.041574900019992526,0.05392608191830147,0.03666117495673587,0.02869039533279704,0.0,0.0,0.06265185261090024,0.01644777533280982,0.016395595009603133,0.0,0.01569996777625049,0.0,0.0,0.3378478954998831,0.0,0.07288059575904891
2023-10-12,0.033355294438484416,0.036460488748300816,0.028642545426069796,0.03416467149136342,0.03502345225028317,0.027892404977394945,0.030241867048682605,0.040986159880458034,0.05045688152264018,0.041574900019992526,0.05392608191830147,0.03666117495673587,0.02869039533279704,0.0,0.0,0.06265185261090024,0.01644777533280982,0.016395595009603133,0.0,0.01569996777625049,0.0,0.0,0.3378478954998831,0.0,0.07288059575904891
2023-10-13,0.033355294438484416,0.036460488748300816,0.028642545426069796,0.03416467149136342,0.03502345225028317,0.027892404977394945,0.030241867048682605,0.040986159880458034,0.05045688152264018,0.041574900019992526,0.05392608191830147,0.03666117495673587,0.02869039533279704,0.0,0.0,0.06265185261090024,0.01644777533280982,0.016395595009603133,0.0,0.01569996777625049,0.0,0.0,0.3378478954998831,0.0,0.07288059575904891
2023-10-16,0.033355294438484416,0.036460488748300816,0.028642545426069796,0.03416467149136342,0.03502345225028317,0.027892404977394945,0.030241867048682605,0.040986159880458034,0.05045688152264018,0.041574900019992526,0.05392608191830147,0.03666117495673587,0.02869039533279704,0.0,0.0,0.06265185261090024,0.01644777533280982,0.016395595009603133,0.0,0.01569996777625049,0.0,0.0,0.3378478954998831,0.0,0.07288059575904891
2023-10-17,0.033355294438484416,0.036460488748300816,0.028642545426069796,0.03416467149136342,0.03502345225028317,0.027892404977394945,0.030241867048682605,0.040986159880458034,0.05045688152264018,0.041574900019992526,0.05392608191830147,0.03666117495673587,0.02869039533279704,0.0,0.0,0.06265185261090024,0.01644777533280982,0.016395595009603133,0.0,0.01569996777625049,0.0,0.0,0.3378478954998831,0.0,0.07288059575904891
2023-10-18,0.033355294438484416,0.036460488748300816,0.028642545426069796,0.03416467149136342,0.03502345225028317,0.027892404977394945,0.030241867048682605,0.040986159880458034,0.05045688152264018,0.041574900019992526,0.05392608191830147,0.03666117495673587,0.02869039533279704,0.0,0.0,0.06265185261090024,0.01644777533280982,0.016395595009603133,0.0,0.01569996777625049,0.0,0.0,0.3378478954998831,0.0,0.07288059575904891
2023-10-19,0.033355294438484416,0.036460488748300816,0.028642545426069796,0.03416467149136342,0.03502345225028317,0.027892404977394945,0.030241867048682605,0.040986159880458034,0.05045688152264018,0.041574900019992526,0.05392608191830147,0.03666117495673587,0.02869039533279704,0.0,0.0,0.06265185261090024,0.01644777533280982,0.016395595009603133,0.0,0.01569996777625049,0.0,0.0,0.3378478954998831,0.0,0.07288059575904891
2023-10-20,0.033355294438484416,0.036460488748300816,0.028642545426069796,0.03416467149136342,0.03502345225028317,0.027892404977394945,0.030241867048682605,0.040986159880458034,0.05045688152264018,0.041574900019992526,0.05392608191830147,0.03666117495673587,0.02869039533279704,0.0,0.0,0.06265185261090024,0.01644777533280982,0.016395595009603133,0.0,0.01569996777625049,0.0,0.0,0.3378478954998831,0.0,0.07288059575904891
2023-10-23,0.033355294438484416,0.036460488748300816,0.028642545426069796,0.03416467149136342,0.03502345225028317,0.027892404977394945,0.030241867048682605,0.040986159880458034,0.05045688152264018,0.041574900019992526,0.05392608191830147,0.03666117495673587,0.02869039533279704,0.0,0.0,0.06265185261090024,0.01644777533280982,0.016395595009603133,0.0,0.01569996777625049,0.0,0.0,0.3378478954998831,0.0,0.07288059575904891
2023-10-24,0.033355294438484416,0.036460488748300816,0.028642545426069796,0.03416467149136342,0.03502345225028317,0.027892404977394945,0.030241867048682605,0.040986159880458034,0.05045688152264018,0.041574900019992526,0.05392608191830147,0.03666117495673587,0.02869039533279704,0.0,0.0,0.06265185261090024,0.01644777533280982,0.016395595009603133,0.0,0.01569996777625049,0.0,0.0,0.3378478954998831,0.0,0.07288059575904891
2023-10-25,0.033355294438484416,0.036460488748300816,0.028642545426069796,0.03416467149136342,0.03502345225028317,0.027892404977394945,0.030241867048682605,0.040986159880458034,0.05045688152264018,0.041574900019992526,0.05392608191830147,0.03666117495673587,0.02869039533279704,0.0,0.0,0.06265185261090024,0.01644777533280982,0.016395595009603133,0.0,0.01569996777625049,0.0,0.0,0.3378478954998831,0.0,0.07288059575904891
2023-10-26,0.033355294438484416,0.036460488748300816,0.028642545426069796,0.03416467149136342,0.03502345225028317,0.027892404977394945,0.030241867048682605,0.040986159880458034,0.05045688152264018,0.041574900019992526,0.05392608191830147,0.03666117495673587,0.02869039533279704,0.0,0.0,0.06265185261090024,0.01644777533280982,0.016395595009603133,0.0,0.01569996777625049,0.0,0.0,0.3378478954998831,0.0,0.07288059575904891
2023-10-27,0.033355294438484416,0.036460488748300816,0.028642545426069796,0.03416467149136342,0.03502345225028317,0.027892404977394945,0.030241867048682605,0.040986159880458034,0.05045688152264018,0.041574900019992526,0.05392608191830147,0.03666117495673587,0.02869039533279704,0.0,0.0,0.06265185261090024,0.01644777533280982,0.016395595009603133,0.0,0.01569996777625049,0.0,0.0,0.3378478954998831,0.0,0.07288059575904891
2023-10-30,0.033355294438484416,0.036460488748300816,0.028642545426069796,0.03416467149136342,0.03502345225028317,0.027892404977394945,0.030241867048682605,0.040986159880458034,0.05045688152264018,0.041574900019992526,0.05392608191830147,0.03666117495673587,0.02869039533279704,0.0,0.0,0.06265185261090024,0.01644777533280982,0.016395595009603133,0.0,0.01569996777625049,0.0,0.0,0.3378478954998831,0.0,0.07288059575904891
2023-10-31,0.033355294438484416,0.036460488748300816,0.028642545426069796,0.03416467149136342,0.03502345225028317,0.027892404977394945,0.030241867048682605,0.040986159880458034,0.05045688152264018,0.041574900019992526,0.05392608191830147,0.03666117495673587,0.02869039533279704,0.0,0.0,0.06265185261090024,0.01644777533280982,0.016395595009603133,0.0,0.01569996777625049,0.0,0.0,0.3378478954998831,0.0,0.07288059575904891
2023-11-01,0.03894114540150438,0.0491083784424059,0.03727813769826251,0.0391528303073144,0.04485021894659159,0.029305489487591627,0.0351936111256875,0.031378879426099966,0.05652282155048143,0.0548415205033549,0.0506440243193835,0.029655924223453308,0.01874281796389752,0.0,0.0,0.0,0.0202091329461119,0.017531348986451215,0.0,0.01697831353627256,0.0,0.0,0.3371250128946076,0.0,0.09254039224052808
2023-11-02,0.03894114540150438,0.0491083784424059,0.03727813769826251,0.0391528303073144,0.04485021894659159,0.029305489487591627,0.0351936111256875,0.031378879426099966,0.05652282155048143,0.0548415205033549,0.0506440243193835,0.029655924223453308,0.01874281796389752,0.0,0.0,0.0,0.0202091329461119,0.017531348986451215,0.0,0.01697831353627256,0.0,0.0,0.3371250128946076,0.0,0.09254039224052808
2023-11-03,0.03894114540150438,0.0491083784424059,0.03727813769826251,0.0391528303073144,0.04485021894659159,0.029305489487591627,0.0351936111256875,0.031378879426099966,0.05652282155048143,0.0548415205033549,0.0506440243193835,0.029655924223453308,0.01874281796389752,0.0,0.0,0.0,0.0202091329461119,0.017531348986451215,0.0,0.01697831353627256,0.0,0.0,0.3371250128946076,0.0,0.09254039224052808
2023-11-06,0.03894114540150438,0.0491083784424059,0.03727813769826251,0.0391528303073144,0.04485021894659159,0.029305489487591627,0.0351936111256875,0.031378879426099966,0.05652282155048143,0.0548415205033549,0.0506440243193835,0.029655924223453308,0.01874281796389752,0.0,0.0,0.0,0.0202091329461119,0.017531348986451215,0.0,0.01697831353627256,0.0,0.0,0.3371250128946076,0.0,0.09254039224052808
2023-11-07,0.03894114540150438,0.0491083784424059,0.03727813769826251,0.0391528303073144,0.04485021894659159,0.029305489487591627,0.0351936111256875,0.031378879426099966,0.05652282155048143,0.0548415205033549,0.0506440243193835,0.029655924223453308,0.01874281796389752,0.0,0.0,0.0,0.0202091329461119,0.017531348986451215,0.0,0.01697831353627256,0.0,0.0,0.3371250128946076,0.0,0.09254039224052808
2023-11-08,0.03894114540150438,0.0491083784424059,0.03727813769826251,0.0391528303073144,0.04485021894659159,0.029305489487591627,0.0351936111256875,0.031378879426099966,0.05652282155048143,0.0548415205033549,0.0506440243193835,0.029655924223453308,0.01874281796389752,0.0,0.0,0.0,0.0202091329461119,0.017531348986451215,0.0,0.01697831353627256,0.0,0.0,0.3371250128946076,0.0,0.09254039224052808
2023-11-09,0.03894114540150438,0.0491083784424059,0.03727813769826251,0.0391528303073144,0.04485021894659159,0.029305489487591627,0.0351936111256875,0.031378879426099966,0.05652282155048143,0.0548415205033549,0.0506440243193835,0.029655924223453308,0.01874281796389752,0.0,0.0,0.0,0.0202091329461119,0.017531348986451215,0.0,0.01697831353627256,0.0,0.0,0.3371250128946076,0.0,0.09254039224052808
2023-11-10,0.03894114540150438,0.0491083784424059,0.03727813769826251,0.0391528303073144,0.04485021894659159,0.029305489487591627,0.0351936111256875,0.031378879426099966,0.05652282155048143,0.0548415205033549,0.0506440243193835,0.029655924223453308,0.01874281796389752,0.0,0.0,0.0,0.0202091329461119,0.017531348986451215,0.0,0.01697831353627256,0.0,0.0,0.3371250128946076,0.0,0.09254039224052808
2023-11-13,0.03894114540150438,0.0491083784424059,0.03727813769826251,0.0391528303073144,0.04485021894659159,0.029305489487591627,0.0351936111256875,0.031378879426099966,0.05652282155048143,0.0548415205033549,0.0506440243193835,0.029655924223453308,0.01874281796389752,0.0,0.0,0.0,0.0202091329461119,0.017531348986451215,0.0,0.01697831353627256,0.0,0.0,0.3371250128946076,0.0,0.09254039224052808
2023-11-14,0.03894114540150438,0.0491083784424059,0.03727813769826251,0.0391528303073144,0.04485021894659159,0.029305489487591627,0.0351936111256875,0.031378879426099966,0.05652282155048143,0.0548415205033549,0.0506440243193835,0.029655924223453308,0.01874281796389752,0.0,0.0,0.0,0.0202091329461119,0.017531348986451215,0.0,0.01697831353627256,0.0,0.0,0.3371250128946076,0.0,0.09254039224052808
2023-11-15,0.03894114540150438,0.0491083784424059,0.03727813769826251,0.0391528303073144,0.04485021894659159,0.029305489487591627,0.0351936111256875,0.031378879426099966,0.05652282155048143,0.0548415205033549,0.0506440243193835,0.029655924223453308,0.01874281796389752,0.0,0.0,0.0,0.0202091329461119,0.017531348986451215,0.0,0.01697831353627256,0.0,0.0,0.3371250128946076,0.0,0.09254039224052808
2023-11-16,0.03894114540150438,0.0491083784424059,0.03727813769826251,0.0391528303073144,0.04485021894659159,0.029305489487591627,0.0351936111256875,0.031378879426099966,0.05652282155048143,0.0548415205033549,0.0506440243193835,0.029655924223453308,0.01874281796389752,0.0,0.0,0.0,0.0202091329461119,0.017531348986451215,0.0,0.01697831353627256,0.0,0.0,0.3371250128946076,0.0,0.09254039224052808
2023-11-17,0.03894114540150438,0.0491083784424059,0.03727813769826251,0.0391528303073144,0.04485021894659159,0.029305489487591627,0.0351936111256875,0.031378879426099966,0.05652282155048143,0.0548415205033549,0.0506440243193835,0.029655924223453308,0.01874281796389752,0.0,0.0,0.0,0.0202091329461119,0.017531348986451215,0.0,0.01697831353627256,0.0,0.0,0.3371250128946076,0.0,0.09254039224052808
2023-11-20,0.03894114540150438,0.0491083784424059,0.03727813769826251,0.0391528303073144,0.04485021894659159,0.029305489487591627,0.0351936111256875,0.031378879426099966,0.05652282155048143,0.0548415205033549,0.0506440243193835,0.029655924223453308,0.01874281796389752,0.0,0.0,0.0,0.0202091329461119,0.017531348986451215,0.0,0.01697831353627256,0.0,0.0,0.3371250128946076,0.0,0.09254039224052808
2023-11-21,0.03894114540150438,0.0491083784424059,0.03727813769826251,0.0391528303073144,0.04485021894659159,0.029305489487591627,0.0351936111256875,0.031378879426099966,0.05652282155048143,0.0548415205033549,0.0506440243193835,0.029655924223453308,0.01874281796389752,0.0,0.0,0.0,0.0202091329461119,0.017531348986451215,0.0,0.01697831353627256,0.0,0.0,0.3371250128946076,0.0,0.09254039224052808
2023-11-22,0.03894114540150438,0.0491083784424059,0.03727813769826251,0.0391528303073144,0.04485021894659159,0.029305489487591627,0.0351936111256875,0.031378879426099966,0.05652282155048143,0.0548415205033549,0.0506440243193835,0.029655924223453308,0.01874281796389752,0.0,0.0,0.0,0.0202091329461119,0.017531348986451215,0.0,0.01697831353627256,0.0,0.0,0.3371250128946076,0.0,0.09254039224052808
2023-11-23,0.03894114540150438,0.0491083784424059,0.03727813769826251,0.0391528303073144,0.04485021894659159,0.029305489487591627,0.0351936111256875,0.031378879426099966,0.05652282155048143,0.0548415205033549,0.0506440243193835,0.029655924223453308,0.01874281796389752,0.0,0.0,0.0,0.0202091329461119,0.017531348986451215,0.0,0.01697831353627256,0.0,0.0,0.3371250128946076,0.0,0.09254039224052808
2023-11-24,0.03894114540150438,0.0491083784424059,0.03727813769826251,0.0391528303073144,0.04485021894659159,0.029305489487591627,0.0351936111256875,0.031378879426099966,0.05652282155048143,0.0548415205033549,0.0506440243193835,0.029655924223453308,0.01874281796389752,0.0,0.0,0.0,0.0202091329461119,0.017531348986451215,0.0,0.01697831353627256,0.0,0.0,0.3371250128946076,0.0,0.09254039224052808
2023-11-27,0.03894114540150438,0.0491083784424059,0.03727813769826251,0.0391528303073144,0.04485021894659159,0.029305489487591627,0.0351936111256875,0.031378879426099966,0.05652282155048143,0.0548415205033549,0.0506440243193835,0.029655924223453308,0.01874281796389752,0.0,0.0,0.0,0.0202091329461119,0.017531348986451215,0.0,0.01697831353627256,0.0,0.0,0.3371250128946076,0.0,0.09254039224052808
2023-11-28,0.03894114540150438,0.0491083784424059,0.03727813769826251,0.0391528303073144,0.04485021894659159,0.029305489487591627,0.0351936111256875,0.031378879426099966,0.05652282155048143,0.0548415205033549,0.0506440243193835,0.029655924223453308,0.01874281796389752,0.0,0.0,0.0,0.0202091329461119,0.017531348986451215,0.0,0.01697831353627256,0.0,0.0,0.3371250128946076,0.0,0.09254039224052808
2023-11-29,0.03894114540150438,0.0491083784424059,0.03727813769826251,0.0391528303073144,0.04485021894659159,0.029305489487591627,0.0351936111256875,0.031378879426099966,0.05652282155048143,0.0548415205033549,0.0506440243193835,0.029655924223453308,0.01874281796389752,0.0,0.0,0.0,0.0202091329461119,0.017531348986451215,0.0,0.01697831353627256,0.0,0.0,0.3371250128946076,0.0,0.09254039224052808
2023-11-30,0.03894114540150438,0.0491083784424059,0.03727813769826251,0.0391528303073144,0.04485021894659159,0.029305489487591627,0.0351936111256875,0.031378879426099966,0.05652282155048143,0.0548415205033549,0.0506440243193835,0.029655924223453308,0.01874281796389752,0.0,0.0,0.0,0.0202091329461119,0.017531348986451215,0.0,0.01697831353627256,0.0,0.0,0.3371250128946076,0.0,0.09254039224052808
2023-12-01,0.046194529324081385,0.04147599024489387,0.05524102070659319,0.03304852781977816,0.05117009335480838,0.032955651493015437,0.03850957568395513,0.0521182491004808,0.07566311535616674,0.07667827558972039,0.05793003417741052,0.04392448115876587,0.03962944581595013,0.0,0.0,0.0,0.016070859515339122,0.01722158455249692,0.0,0.01893664072311458,0.0,0.0,0.21405940106380236,0.0,0.08917252431962698
2023-12-04,0.046194529324081385,0.04147599024489387,0.05524102070659319,0.03304852781977816,0.05117009335480838,0.032955651493015437,0.03850957568395513,0.0521182491004808,0.07566311535616674,0.07667827558972039,0.05793003417741052,0.04392448115876587,0.03962944581595013,0.0,0.0,0.0,0.016070859515339122,0.01722158455249692,0.0,0.01893664072311458,0.0,0.0,0.21405940106380236,0.0,0.08917252431962698
2023-12-05,0.046194529324081385,0.04147599024489387,0.05524102070659319,0.03304852781977816,0.05117009335480838,0.032955651493015437,0.03850957568395513,0.0521182491004808,0.07566311535616674,0.07667827558972039,0.05793003417741052,0.04392448115876587,0.03962944581595013,0.0,0.0,0.0,0.016070859515339122,0.01722158455249692,0.0,0.01893664072311458,0.0,0.0,0.21405940106380236,0.0,0.08917252431962698
2023-12-06,0.046194529324081385,0.04147599024489387,0.05524102070659319,0.03304852781977816,0.05117009335480838,0.032955651493015437,0.03850957568395513,0.0521182491004808,0.07566311535616674,0.07667827558972039,0.05793003417741052,0.04392448115876587,0.03962944581595013,0.0,0.0,0.0,0.016070859515339122,0.01722158455249692,0.0,0.01893664072311458,0.0,0.0,0.21405940106380236,0.0,0.08917252431962698
2023-12-07,0.046194529324081385,0.04147599024489387,0.05524102070659319,0.03304852781977816,0.05117009335480838,0.032955651493015437,0.03850957568395513,0.0521182491004808,0.07566311535616674,0.07667827558972039,0.05793003417741052,0.04392448115876587,0.03962944581595013,0.0,0.0,0.0,0.016070859515339122,0.01722158455249692,0.0,0.01893664072311458,0.0,0.0,0.21405940106380236,0.0,0.08917252431962698
2023-12-08,0.046194529324081385,0.04147599024489387,0.05524102070659319,0.03304852781977816,0.05117009335480838,0.032955651493015437,0.03850957568395513,0.0521182491004808,0.07566311535616674,0.07667827558972039,0.05793003417741052,0.04392448115876587,0.03962944581595013,0.0,0.0,0.0,0.016070859515339122,0.01722158455249692,0.0,0.01893664072311458,0.0,0.0,0.21405940106380236,0.0,0.08917252431962698
2023-12-11,0.046194529324081385,0.04147599024489387,0.05524102070659319,0.03304852781977816,0.05117009335480838,0.032955651493015437,0.03850957568395513,0.0521182491004808,0.07566311535616674,0.07667827558972039,0.05793003417741052,0.04392448115876587,0.03962944581595013,0.0,0.0,0.0,0.016070859515339122,0.01722158455249692,0.0,0.01893664072311458,0.0,0.0,0.21405940106380236,0.0,0.08917252431962698
2023-12-12,0.046194529324081385,0.04147599024489387,0.05524102070659319,0.03304852781977816,0.05117009335480838,0.032955651493015437,0.03850957568395513,0.0521182491004808,0.07566311535616674,0.07667827558972039,0.05793003417741052,0.04392448115876587,0.03962944581595013,0.0,0.0,0.0,0.016070859515339122,0.01722158455249692,0.0,0.01893664072311458,0.0,0.0,0.21405940106380236,0.0,0.08917252431962698
2023-12-13,0.046194529324081385,0.04147599024489387,0.05524102070659319,0.03304852781977816,0.05117009335480838,0.032955651493015437,0.03850957568395513,0.0521182491004808,0.07566311535616674,0.07667827558972039,0.05793003417741052,0.04392448115876587,0.03962944581595013,0.0,0.0,0.0,0.016070859515339122,0.01722158455249692,0.0,0.01893664072311458,0.0,0.0,0.21405940106380236,0.0,0.08917252431962698
2023-12-14,0.046194529324081385,0.04147599024489387,0.05524102070659319,0.03304852781977816,0.05117009335480838,0.032955651493015437,0.03850957568395513,0.0521182491004808,0.07566311535616674,0.07667827558972039,0.05793003417741052,0.04392448115876587,0.03962944581595013,0.0,0.0,0.0,0.016070859515339122,0.01722158455249692,0.0,0.01893664072311458,0.0,0.0,0.21405940106380236,0.0,0.08917252431962698
2023-12-15,0.046194529324081385,0.04147599024489387,0.05524102070659319,0.03304852781977816,0.05117009335480838,0.032955651493015437,0.03850957568395513,0.0521182491004808,0.07566311535616674,0.07667827558972039,0.05793003417741052,0.04392448115876587,0.03962944581595013,0.0,0.0,0.0,0.016070859515339122,0.01722158455249692,0.0,0.01893664072311458,0.0,0.0,0.21405940106380236,0.0,0.08917252431962698
2023-12-18,0.046194529324081385,0.04147599024489387,0.05524102070659319,0.03304852781977816,0.05117009335480838,0.032955651493015437,0.03850957568395513,0.0521182491004808,0.07566311535616674,0.07667827558972039,0.05793003417741052,0.04392448115876587,0.03962944581595013,0.0,0.0,0.0,0.016070859515339122,0.01722158455249692,0.0,0.01893664072311458,0.0,0.0,0.21405940106380236,0.0,0.08917252431962698
2023-12-19,0.046194529324081385,0.04147599024489387,0.05524102070659319,0.03304852781977816,0.05117009335480838,0.032955651493015437,0.03850957568395513,0.0521182491004808,0.07566311535616674,0.07667827558972039,0.05793003417741052,0.04392448115876587,0.03962944581595013,0.0,0.0,0.0,0.016070859515339122,0.01722158455249692,0.0,0.01893664072311458,0.0,0.0,0.21405940106380236,0.0,0.08917252431962698
2023-12-20,0.046194529324081385,0.04147599024489387,0.05524102070659319,0.03304852781977816,0.05117009335480838,0.032955651493015437,0.03850957568395513,0.0521182491004808,0.07566311535616674,0.07667827558972039,0.05793003417741052,0.04392448115876587,0.03962944581595013,0.0,0.0,0.0,0.016070859515339122,0.01722158455249692,0.0,0.01893664072311458,0.0,0.0,0.21405940106380236,0.0,0.08917252431962698
2023-12-21,0.046194529324081385,0.04147599024489387,0.05524102070659319,0.03304852781977816,0.05117009335480838,0.032955651493015437,0.03850957568395513,0.0521182491004808,0.07566311535616674,0.07667827558972039,0.05793003417741052,0.04392448115876587,0.03962944581595013,0.0,0.0,0.0,0.016070859515339122,0.01722158455249692,0.0,0.01893664072311458,0.0,0.0,0.21405940106380236,0.0,0.08917252431962698
2023-12-22,0.046194529324081385,0.04147599024489387,0.05524102070659319,0.03304852781977816,0.05117009335480838,0.032955651493015437,0.03850957568395513,0.0521182491004808,0.07566311535616674,0.07667827558972039,0.05793003417741052,0.04392448115876587,0.03962944581595013,0.0,0.0,0.0,0.016070859515339122,0.01722158455249692,0.0,0.01893664072311458,0.0,0.0,0.21405940106380236,0.0,0.08917252431962698
2023-12-25,0.046194529324081385,0.04147599024489387,0.05524102070659319,0.03304852781977816,0.05117009335480838,0.032955651493015437,0.03850957568395513,0.0521182491004808,0.07566311535616674,0.07667827558972039,0.05793003417741052,0.04392448115876587,0.03962944581595013,0.0,0.0,0.0,0.016070859515339122,0.01722158455249692,0.0,0.01893664072311458,0.0,0.0,0.21405940106380236,0.0,0.08917252431962698
2023-12-26,0.046194529324081385,0.04147599024489387,0.05524102070659319,0.03304852781977816,0.05117009335480838,0.032955651493015437,0.03850957568395513,0.0521182491004808,0.07566311535616674,0.07667827558972039,0.05793003417741052,0.04392448115876587,0.03962944581595013,0.0,0.0,0.0,0.016070859515339122,0.01722158455249692,0.0,0.01893664072311458,0.0,0.0,0.21405940106380236,0.0,0.08917252431962698
2023-12-27,0.046194529324081385,0.04147599024489387,0.05524102070659319,0.03304852781977816,0.05117009335480838,0.032955651493015437,0.03850957568395513,0.0521182491004808,0.07566311535616674,0.07667827558972039,0.05793003417741052,0.04392448115876587,0.03962944581595013,0.0,0.0,0.0,0.016070859515339122,0.01722158455249692,0.0,0.01893664072311458,0.0,0.0,0.21405940106380236,0.0,0.08917252431962698
2023-12-28,0.046194529324081385,0.04147599024489387,0.05524102070659319,0.03304852781977816,0.05117009335480838,0.032955651493015437,0.03850957568395513,0.0521182491004808,0.07566311535616674,0.07667827558972039,0.05793003417741052,0.04392448115876587,0.03962944581595013,0.0,0.0,0.0,0.016070859515339122,0.01722158455249692,0.0,0.01893664072311458,0.0,0.0,0.21405940106380236,0.0,0.08917252431962698
2023-12-29,0.046194529324081385,0.04147599024489387,0.05524102070659319,0.03304852781977816,0.05117009335480838,0.032955651493015437,0.03850957568395513,0.0521182491004808,0.07566311535616674,0.07667827558972039,0.05793003417741052,0.04392448115876587,0.03962944581595013,0.0,0.0,0.0,0.016070859515339122,0.01722158455249692,0.0,0.01893664072311458,0.0,0.0,0.21405940106380236,0.0,0.08917252431962698
2024-01-02,0.03305303083814056,0.03849200984840909,0.043295117360886114,0.04927275056343148,0.040722956913958115,0.029531268984198084,0.03532346387703968,0.03150003023425311,0.03943097555078614,0.0458732036070475,0.0339444230135555,0.03850977661392798,0.037528982261534845,0.0,0.0,0.0,0.012845289525668283,0.01943976292085569,0.0,0.02069415166336502,0.0,0.0,0.3409010104813653,0.04762308901856382,0.062018706723013906
2024-01-03,0.03305303083814056,0.03849200984840909,0.043295117360886114,0.04927275056343148,0.040722956913958115,0.029531268984198084,0.03532346387703968,0.03150003023425311,0.03943097555078614,0.0458732036070475,0.0339444230135555,0.03850977661392798,0.037528982261534845,0.0,0.0,0.0,0.012845289525668283,0.01943976292085569,0.0,0.02069415166336502,0.0,0.0,0.3409010104813653,0.04762308901856382,0.062018706723013906
2024-01-04,0.03305303083814056,0.03849200984840909,0.043295117360886114,0.04927275056343148,0.040722956913958115,0.029531268984198084,0.03532346387703968,0.03150003023425311,0.03943097555078614,0.0458732036070475,0.0339444230135555,0.03850977661392798,0.037528982261534845,0.0,0.0,0.0,0.012845289525668283,0.01943976292085569,0.0,0.02069415166336502,0.0,0.0,0.3409010104813653,0.04762308901856382,0.062018706723013906
2024-01-05,0.03305303083814056,0.03849200984840909,0.043295117360886114,0.04927275056343148,0.040722956913958115,0.029531268984198084,0.03532346387703968,0.03150003023425311,0.03943097555078614,0.0458732036070475,0.0339444230135555,0.03850977661392798,0.037528982261534845,0.0,0.0,0.0,0.012845289525668283,0.01943976292085569,0.0,0.02069415166336502,0.0,0.0,0.3409010104813653,0.04762308901856382,0.062018706723013906
2024-01-08,0.03305303083814056,0.03849200984840909,0.043295117360886114,0.04927275056343148,0.040722956913958115,0.029531268984198084,0.03532346387703968,0.03150003023425311,0.03943097555078614,0.0458732036070475,0.0339444230135555,0.03850977661392798,0.037528982261534845,0.0,0.0,0.0,0.012845289525668283,0.01943976292085569,0.0,0.02069415166336502,0.0,0.0,0.3409010104813653,0.04762308901856382,0.062018706723013906
2024-01-09,0.03305303083814056,0.03849200984840909,0.043295117360886114,0.04927275056343148,0.040722956913958115,0.029531268984198084,0.03532346387703968,0.03150003023425311,0.03943097555078614,0.0458732036070475,0.0339444230135555,0.03850977661392798,0.037528982261534845,0.0,0.0,0.0,0.012845289525668283,0.01943976292085569,0.0,0.02069415166336502,0.0,0.0,0.3409010104813653,0.04762308901856382,0.062018706723013906
2024-01-10,0.03305303083814056,0.03849200984840909,0.043295117360886114,0.04927275056343148,0.040722956913958115,0.029531268984198084,0.03532346387703968,0.03150003023425311,0.03943097555078614,0.0458732036070475,0.0339444230135555,0.03850977661392798,0.037528982261534845,0.0,0.0,0.0,0.012845289525668283,0.01943976292085569,0.0,0.02069415166336502,0.0,0.0,0.3409010104813653,0.04762308901856382,0.062018706723013906
2024-01-11,0.03305303083814056,0.03849200984840909,0.043295117360886114,0.04927275056343148,0.040722956913958115,0.029531268984198084,0.03532346387703968,0.03150003023425311,0.03943097555078614,0.0458732036070475,0.0339444230135555,0.03850977661392798,0.037528982261534845,0.0,0.0,0.0,0.012845289525668283,0.01943976292085569,0.0,0.02069415166336502,0.0,0.0,0.3409010104813653,0.04762308901856382,0.062018706723013906
2024-01-12,0.03305303083814056,0.03849200984840909,0.043295117360886114,0.04927275056343148,0.040722956913958115,0.029531268984198084,0.03532346387703968,0.03150003023425311,0.03943097555078614,0.0458732036070475,0.0339444230135555,0.03850977661392798,0.037528982261534845,0.0,0.0,0.0,0.012845289525668283,0.01943976292085569,0.0,0.02069415166336502,0.0,0.0,0.3409010104813653,0.04762308901856382,0.062018706723013906
2024-01-15,0.03305303083814056,0.03849200984840909,0.043295117360886114,0.04927275056343148,0.040722956913958115,0.029531268984198084,0.03532346387703968,0.03150003023425311,0.03943097555078614,0.0458732036070475,0.0339444230135555,0.03850977661392798,0.037528982261534845,0.0,0.0,0.0,0.012845289525668283,0.01943976292085569,0.0,0.02069415166336502,0.0,0.0,0.3409010104813653,0.04762308901856382,0.062018706723013906
2024-01-16,0.03305303083814056,0.03849200984840909,0.043295117360886114,0.04927275056343148,0.040722956913958115,0.029531268984198084,0.03532346387703968,0.03150003023425311,0.03943097555078614,0.0458732036070475,0.0339444230135555,0.03850977661392798,0.037528982261534845,0.0,0.0,0.0,0.012845289525668283,0.01943976292085569,0.0,0.02069415166336502,0.0,0.0,0.3409010104813653,0.04762308901856382,0.062018706723013906
2024-01-17,0.03305303083814056,0.03849200984840909,0.043295117360886114,0.04927275056343148,0.040722956913958115,0.029531268984198084,0.03532346387703968,0.03150003023425311,0.03943097555078614,0.0458732036070475,0.0339444230135555,0.03850977661392798,0.037528982261534845,0.0,0.0,0.0,0.012845289525668283,0.01943976292085569,0.0,0.02069415166336502,0.0,0.0,0.3409010104813653,0.04762308901856382,0.062018706723013906
2024-01-18,0.03305303083814056,0.03849200984840909,0.043295117360886114,0.04927275056343148,0.040722956913958115,0.029531268984198084,0.03532346387703968,0.03150003023425311,0.03943097555078614,0.0458732036070475,0.0339444230135555,0.03850977661392798,0.037528982261534845,0.0,0.0,0.0,0.012845289525668283,0.01943976292085569,0.0,0.02069415166336502,0.0,0.0,0.3409010104813653,0.04762308901856382,0.062018706723013906
2024-01-19,0.03305303083814056,0.03849200984840909,0.043295117360886114,0.04927275056343148,0.040722956913958115,0.029531268984198084,0.03532346387703968,0.03150003023425311,0.03943097555078614,0.0458732036070475,0.0339444230135555,0.03850977661392798,0.037528982261534845,0.0,0.0,0.0,0.012845289525668283,0.01943976292085569,0.0,0.02069415166336502,0.0,0.0,0.3409010104813653,0.04762308901856382,0.062018706723013906
2024-01-22,0.03305303083814056,0.03849200984840909,0.043295117360886114,0.04927275056343148,0.040722956913958115,0.029531268984198084,0.03532346387703968,0.03150003023425311,0.03943097555078614,0.0458732036070475,0.0339444230135555,0.03850977661392798,0.037528982261534845,0.0,0.0,0.0,0.012845289525668283,0.01943976292085569,0.0,0.02069415166336502,0.0,0.0,0.3409010104813653,0.04762308901856382,0.062018706723013906
2024-01-23,0.03305303083814056,0.03849200984840909,0.043295117360886114,0.04927275056343148,0.040722956913958115,0.029531268984198084,0.03532346387703968,0.03150003023425311,0.03943097555078614,0.0458732036070475,0.0339444230135555,0.03850977661392798,0.037528982261534845,0.0,0.0,0.0,0.012845289525668283,0.01943976292085569,0.0,0.02069415166336502,0.0,0.0,0.3409010104813653,0.04762308901856382,0.062018706723013906
2024-01-24,0.03305303083814056,0.03849200984840909,0.043295117360886114,0.04927275056343148,0.040722956913958115,0.029531268984198084,0.03532346387703968,0.03150003023425311,0.03943097555078614,0.0458732036070475,0.0339444230135555,0.03850977661392798,0.037528982261534845,0.0,0.0,0.0,0.012845289525668283,0.01943976292085569,0.0,0.02069415166336502,0.0,0.0,0.3409010104813653,0.04762308901856382,0.062018706723013906
2024-01-25,0.03305303083814056,0.03849200984840909,0.043295117360886114,0.04927275056343148,0.040722956913958115,0.029531268984198084,0.03532346387703968,0.03150003023425311,0.03943097555078614,0.0458732036070475,0.0339444230135555,0.03850977661392798,0.037528982261534845,0.0,0.0,0.0,0.012845289525668283,0.01943976292085569,0.0,0.02069415166336502,0.0,0.0,0.3409010104813653,0.04762308901856382,0.062018706723013906
2024-01-26,0.03305303083814056,0.03849200984840909,0.043295117360886114,0.04927275056343148,0.040722956913958115,0.029531268984198084,0.03532346387703968,0.03150003023425311,0.03943097555078614,0.0458732036070475,0.0339444230135555,0.03850977661392798,0.037528982261534845,0.0,0.0,0.0,0.012845289525668283,0.01943976292085569,0.0,0.02069415166336502,0.0,0.0,0.3409010104813653,0.04762308901856382,0.062018706723013906
2024-01-29,0.03305303083814056,0.03849200984840909,0.043295117360886114,0.04927275056343148,0.040722956913958115,0.029531268984198084,0.03532346387703968,0.03150003023425311,0.03943097555078614,0.0458732036070475,0.0339444230135555,0.03850977661392798,0.037528982261534845,0.0,0.0,0.0,0.012845289525668283,0.01943976292085569,0.0,0.02069415166336502,0.0,0.0,0.3409010104813653,0.04762308901856382,0.062018706723013906
2024-01-30,0.03305303083814056,0.03849200984840909,0.043295117360886114,0.04927275056343148,0.040722956913958115,0.029531268984198084,0.03532346387703968,0.03150003023425311,0.03943097555078614,0.0458732036070475,0.0339444230135555,0.03850977661392798,0.037528982261534845,0.0,0.0,0.0,0.012845289525668283,0.01943976292085569,0.0,0.02069415166336502,0.0,0.0,0.3409010104813653,0.04762308901856382,0.062018706723013906
2024-01-31,0.03305303083814056,0.03849200984840909,0.043295117360886114,0.04927275056343148,0.040722956913958115,0.029531268984198084,0.03532346387703968,0.03150003023425311,0.03943097555078614,0.0458732036070475,0.0339444230135555,0.03850977661392798,0.037528982261534845,0.0,0.0,0.0,0.012845289525668283,0.01943976292085569,0.0,0.02069415166336502,0.0,0.0,0.3409010104813653,0.04762308901856382,0.062018706723013906
2024-02-01,0.027608680857434807,0.029026575287782,0.031329585842134626,0.03856002893926801,0.035177672598218794,0.0352240222033594,0.02887739660645584,0.053168332686697,0.05499979608528011,0.07019641152623768,0.05195285888831829,0.030724296092246358,0.014258811038173225,0.0,0.0,0.08325306809359177,0.015104573359523869,0.017430803422914712,0.0,0.022402171286534774,0.0,0.048612694044023574,0.19479274821758927,0.05517734742525569,0.06212212549896022
2024-02-02,0.027608680857434807,0.029026575287782,0.031329585842134626,0.03856002893926801,0.035177672598218794,0.0352240222033594,0.02887739660645584,0.053168332686697,0.05499979608528011,0.07019641152623768,0.05195285888831829,0.030724296092246358,0.014258811038173225,0.0,0.0,0.08325306809359177,0.015104573359523869,0.017430803422914712,0.0,0.022402171286534774,0.0,0.048612694044023574,0.19479274821758927,0.05517734742525569,0.06212212549896022
2024-02-05,0.027608680857434807,0.029026575287782,0.031329585842134626,0.03856002893926801,0.035177672598218794,0.0352240222033594,0.02887739660645584,0.053168332686697,0.05499979608528011,0.07019641152623768,0.05195285888831829,0.030724296092246358,0.014258811038173225,0.0,0.0,0.08325306809359177,0.015104573359523869,0.017430803422914712,0.0,0.022402171286534774,0.0,0.048612694044023574,0.19479274821758927,0.05517734742525569,0.06212212549896022
2024-02-06,0.027608680857434807,0.029026575287782,0.031329585842134626,0.03856002893926801,0.035177672598218794,0.0352240222033594,0.02887739660645584,0.053168332686697,0.05499979608528011,0.07019641152623768,0.05195285888831829,0.030724296092246358,0.014258811038173225,0.0,0.0,0.08325306809359177,0.015104573359523869,0.017430803422914712,0.0,0.022402171286534774,0.0,0.048612694044023574,0.19479274821758927,0.05517734742525569,0.06212212549896022
2024-02-07,0.027608680857434807,0.029026575287782,0.031329585842134626,0.03856002893926801,0.035177672598218794,0.0352240222033594,0.02887739660645584,0.053168332686697,0.05499979608528011,0.07019641152623768,0.05195285888831829,0.030724296092246358,0.014258811038173225,0.0,0.0,0.08325306809359177,0.015104573359523869,0.017430803422914712,0.0,0.022402171286534774,0.0,0.048612694044023574,0.19479274821758927,0.05517734742525569,0.06212212549896022
2024-02-08,0.027608680857434807,0.029026575287782,0.031329585842134626,0.03856002893926801,0.035177672598218794,0.0352240222033594,0.02887739660645584,0.053168332686697,0.05499979608528011,0.07019641152623768,0.05195285888831829,0.030724296092246358,0.014258811038173225,0.0,0.0,0.08325306809359177,0.015104573359523869,0.017430803422914712,0.0,0.022402171286534774,0.0,0.048612694044023574,0.19479274821758927,0.05517734742525569,0.06212212549896022
2024-02-09,0.027608680857434807,0.029026575287782,0.031329585842134626,0.03856002893926801,0.035177672598218794,0.0352240222033594,0.02887739660645584,0.053168332686697,0.05499979608528011,0.07019641152623768,0.05195285888831829,0.030724296092246358,0.014258811038173225,0.0,0.0,0.08325306809359177,0.015104573359523869,0.017430803422914712,0.0,0.022402171286534774,0.0,0.048612694044023574,0.19479274821758927,0.05517734742525569,0.06212212549896022
2024-02-12,0.027608680857434807,0.029026575287782,0.031329585842134626,0.03856002893926801,0.035177672598218794,0.0352240222033594,0.02887739660645584,0.053168332686697,0.05499979608528011,0.07019641152623768,0.05195285888831829,0.030724296092246358,0.014258811038173225,0.0,0.0,0.08325306809359177,0.015104573359523869,0.017430803422914712,0.0,0.022402171286534774,0.0,0.048612694044023574,0.19479274821758927,0.05517734742525569,0.06212212549896022
2024-02-13,0.027608680857434807,0.029026575287782,0.031329585842134626,0.03856002893926801,0.035177672598218794,0.0352240222033594,0.02887739660645584,0.053168332686697,0.05499979608528011,0.07019641152623768,0.05195285888831829,0.030724296092246358,0.014258811038173225,0.0,0.0,0.08325306809359177,0.015104573359523869,0.017430803422914712,0.0,0.022402171286534774,0.0,0.048612694044023574,0.19479274821758927,0.05517734742525569,0.06212212549896022
2024-02-14,0.027608680857434807,0.029026575287782,0.031329585842134626,0.03856002893926801,0.035177672598218794,0.0352240222033594,0.02887739660645584,0.053168332686697,0.05499979608528011,0.07019641152623768,0.05195285888831829,0.030724296092246358,0.014258811038173225,0.0,0.0,0.08325306809359177,0.015104573359523869,0.017430803422914712,0.0,0.022402171286534774,0.0,0.048612694044023574,0.19479274821758927,0.05517734742525569,0.06212212549896022
2024-02-15,0.027608680857434807,0.029026575287782,0.031329585842134626,0.03856002893926801,0.035177672598218794,0.0352240222033594,0.02887739660645584,0.053168332686697,0.05499979608528011,0.07019641152623768,0.05195285888831829,0.030724296092246358,0.014258811038173225,0.0,0.0,0.08325306809359177,0.015104573359523869,0.017430803422914712,0.0,0.022402171286534774,0.0,0.048612694044023574,0.19479274821758927,0.05517734742525569,0.06212212549896022
2024-02-16,0.027608680857434807,0.029026575287782,0.031329585842134626,0.03856002893926801,0.035177672598218794,0.0352240222033594,0.02887739660645584,0.053168332686697,0.05499979608528011,0.07019641152623768,0.05195285888831829,0.030724296092246358,0.014258811038173225,0.0,0.0,0.08325306809359177,0.015104573359523869,0.017430803422914712,0.0,0.022402171286534774,0.0,0.048612694044023574,0.19479274821758927,0.05517734742525569,0.06212212549896022
2024-02-19,0.027608680857434807,0.029026575287782,0.031329585842134626,0.03856002893926801,0.035177672598218794,0.0352240222033594,0.02887739660645584,0.053168332686697,0.05499979608528011,0.07019641152623768,0.05195285888831829,0.030724296092246358,0.014258811038173225,0.0,0.0,0.08325306809359177,0.015104573359523869,0.017430803422914712,0.0,0.022402171286534774,0.0,0.048612694044023574,0.19479274821758927,0.05517734742525569,0.06212212549896022
2024-02-20,0.027608680857434807,0.029026575287782,0.031329585842134626,0.03856002893926801,0.035177672598218794,0.0352240222033594,0.02887739660645584,0.053168332686697,0.05499979608528011,0.07019641152623768,0.05195285888831829,0.030724296092246358,0.014258811038173225,0.0,0.0,0.08325306809359177,0.015104573359523869,0.017430803422914712,0.0,0.022402171286534774,0.0,0.048612694044023574,0.19479274821758927,0.05517734742525569,0.06212212549896022
2024-02-21,0.027608680857434807,0.029026575287782,0.031329585842134626,0.03856002893926801,0.035177672598218794,0.0352240222033594,0.02887739660645584,0.053168332686697,0.05499979608528011,0.07019641152623768,0.05195285888831829,0.030724296092246358,0.014258811038173225,0.0,0.0,0.08325306809359177,0.015104573359523869,0.017430803422914712,0.0,0.022402171286534774,0.0,0.048612694044023574,0.19479274821758927,0.05517734742525569,0.06212212549896022
2024-02-22,0.027608680857434807,0.029026575287782,0.031329585842134626,0.03856002893926801,0.035177672598218794,0.0352240222033594,0.02887739660645584,0.053168332686697,0.05499979608528011,0.07019641152623768,0.05195285888831829,0.030724296092246358,0.014258811038173225,0.0,0.0,0.08325306809359177,0.015104573359523869,0.017430803422914712,0.0,0.022402171286534774,0.0,0.048612694044023574,0.19479274821758927,0.05517734742525569,0.06212212549896022
2024-02-23,0.027608680857434807,0.029026575287782,0.031329585842134626,0.03856002893926801,0.035177672598218794,0.0352240222033594,0.02887739660645584,0.053168332686697,0.05499979608528011,0.07019641152623768,0.05195285888831829,0.030724296092246358,0.014258811038173225,0.0,0.0,0.08325306809359177,0.015104573359523869,0.017430803422914712,0.0,0.022402171286534774,0.0,0.048612694044023574,0.19479274821758927,0.05517734742525569,0.06212212549896022
2024-02-26,0.027608680857434807,0.029026575287782,0.031329585842134626,0.03856002893926801,0.035177672598218794,0.0352240222033594,0.02887739660645584,0.053168332686697,0.05499979608528011,0.07019641152623768,0.05195285888831829,0.030724296092246358,0.014258811038173225,0.0,0.0,0.08325306809359177,0.015104573359523869,0.017430803422914712,0.0,0.022402171286534774,0.0,0.048612694044023574,0.19479274821758927,0.05517734742525569,0.06212212549896022
2024-02-27,0.027608680857434807,0.029026575287782,0.031329585842134626,0.03856002893926801,0.035177672598218794,0.0352240222033594,0.02887739660645584,0.053168332686697,0.05499979608528011,0.07019641152623768,0.05195285888831829,0.030724296092246358,0.014258811038173225,0.0,0.0,0.08325306809359177,0.015104573359523869,0.017430803422914712,0.0,0.022402171286534774,0.0,0.048612694044023574,0.19479274821758927,0.05517734742525569,0.06212212549896022
2024-02-28,0.027608680857434807,0.029026575287782,0.031329585842134626,0.03856002893926801,0.035177672598218794,0.0352240222033594,0.02887739660645584,0.053168332686697,0.05499979608528011,0.07019641152623768,0.05195285888831829,0.030724296092246358,0.014258811038173225,0.0,0.0,0.08325306809359177,0.015104573359523869,0.017430803422914712,0.0,0.022402171286534774,0.0,0.048612694044023574,0.19479274821758927,0.05517734742525569,0.06212212549896022
2024-02-29,0.027608680857434807,0.029026575287782,0.031329585842134626,0.03856002893926801,0.035177672598218794,0.0352240222033594,0.02887739660645584,0.053168332686697,0.05499979608528011,0.07019641152623768,0.05195285888831829,0.030724296092246358,0.014258811038173225,0.0,0.0,0.08325306809359177,0.015104573359523869,0.017430803422914712,0.0,0.022402171286534774,0.0,0.048612694044023574,0.19479274821758927,0.05517734742525569,0.06212212549896022
2024-03-01,0.03287272580689695,0.03311471183056403,0.03134909779676341,0.037189990542502716,0.03950165200617944,0.02850784074569674,0.024194289186370888,0.03693421858526052,0.04152482793145497,0.041411482808514526,0.021019285732276103,0.021608412730693697,0.00942810091697545,0.0,0.0,0.065864266009296,0.011715088083311828,0.0173887852382161,0.0,0.03160780135654885,0.0,0.06040262559561074,0.26342630732337335,0.08124521333859368,0.06969327643490013
2024-03-04,0.03287272580689695,0.03311471183056403,0.03134909779676341,0.037189990542502716,0.03950165200617944,0.02850784074569674,0.024194289186370888,0.03693421858526052,0.04152482793145497,0.041411482808514526,0.021019285732276103,0.021608412730693697,0.00942810091697545,0.0,0.0,0.065864266009296,0.011715088083311828,0.0173887852382161,0.0,0.03160780135654885,0.0,0.06040262559561074,0.26342630732337335,0.08124521333859368,0.06969327643490013
2024-03-05,0.03287272580689695,0.03311471183056403,0.03134909779676341,0.037189990542502716,0.03950165200617944,0.02850784074569674,0.024194289186370888,0.03693421858526052,0.04152482793145497,0.041411482808514526,0.021019285732276103,0.021608412730693697,0.00942810091697545,0.0,0.0,0.065864266009296,0.011715088083311828,0.0173887852382161,0.0,0.03160780135654885,0.0,0.06040262559561074,0.26342630732337335,0.08124521333859368,0.06969327643490013
2024-03-06,0.03287272580689695,0.03311471183056403,0.03134909779676341,0.037189990542502716,0.03950165200617944,0.02850784074569674,0.024194289186370888,0.03693421858526052,0.04152482793145497,0.041411482808514526,0.021019285732276103,0.021608412730693697,0.00942810091697545,0.0,0.0,0.065864266009296,0.011715088083311828,0.0173887852382161,0.0,0.03160780135654885,0.0,0.06040262559561074,0.26342630732337335,0.08124521333859368,0.06969327643490013
2024-03-07,0.03287272580689695,0.03311471183056403,0.03134909779676341,0.037189990542502716,0.03950165200617944,0.02850784074569674,0.024194289186370888,0.03693421858526052,0.04152482793145497,0.041411482808514526,0.021019285732276103,0.021608412730693697,0.00942810091697545,0.0,0.0,0.065864266009296,0.011715088083311828,0.0173887852382161,0.0,0.03160780135654885,0.0,0.06040262559561074,0.26342630732337335,0.08124521333859368,0.06969327643490013
2024-03-08,0.03287272580689695,0.03311471183056403,0.03134909779676341,0.037189990542502716,0.03950165200617944,0.02850784074569674,0.024194289186370888,0.03693421858526052,0.04152482793145497,0.041411482808514526,0.021019285732276103,0.021608412730693697,0.00942810091697545,0.0,0.0,0.065864266009296,0.011715088083311828,0.0173887852382161,0.0,0.03160780135654885,0.0,0.06040262559561074,0.26342630732337335,0.08124521333859368,0.06969327643490013
2024-03-11,0.03287272580689695,0.03311471183056403,0.03134909779676341,0.037189990542502716,0.03950165200617944,0.02850784074569674,0.024194289186370888,0.03693421858526052,0.04152482793145497,0.041411482808514526,0.021019285732276103,0.021608412730693697,0.00942810091697545,0.0,0.0,0.065864266009296,0.011715088083311828,0.0173887852382161,0.0,0.03160780135654885,0.0,0.06040262559561074,0.26342630732337335,0.08124521333859368,0.06969327643490013
2024-03-12,0.03287272580689695,0.03311471183056403,0.03134909779676341,0.037189990542502716,0.03950165200617944,0.02850784074569674,0.024194289186370888,0.03693421858526052,0.04152482793145497,0.041411482808514526,0.021019285732276103,0.021608412730693697,0.00942810091697545,0.0,0.0,0.065864266009296,0.011715088083311828,0.0173887852382161,0.0,0.03160780135654885,0.0,0.06040262559561074,0.26342630732337335,0.08124521333859368,0.06969327643490013
2024-03-13,0.03287272580689695,0.03311471183056403,0.03134909779676341,0.037189990542502716,0.03950165200617944,0.02850784074569674,0.024194289186370888,0.03693421858526052,0.04152482793145497,0.041411482808514526,0.021019285732276103,0.021608412730693697,0.00942810091697545,0.0,0.0,0.065864266009296,0.011715088083311828,0.0173887852382161,0.0,0.03160780135654885,0.0,0.06040262559561074,0.26342630732337335,0.08124521333859368,0.06969327643490013
2024-03-14,0.03287272580689695,0.03311471183056403,0.03134909779676341,0.037189990542502716,0.03950165200617944,0.02850784074569674,0.024194289186370888,0.03693421858526052,0.04152482793145497,0.041411482808514526,0.021019285732276103,0.021608412730693697,0.00942810091697545,0.0,0.0,0.065864266009296,0.011715088083311828,0.0173887852382161,0.0,0.03160780135654885,0.0,0.06040262559561074,0.26342630732337335,0.08124521333859368,0.06969327643490013
2024-03-15,0.03287272580689695,0.03311471183056403,0.03134909779676341,0.037189990542502716,0.03950165200617944,0.02850784074569674,0.024194289186370888,0.03693421858526052,0.04152482793145497,0.041411482808514526,0.021019285732276103,0.021608412730693697,0.00942810091697545,0.0,0.0,0.065864266009296,0.011715088083311828,0.0173887852382161,0.0,0.03160780135654885,0.0,0.06040262559561074,0.26342630732337335,0.08124521333859368,0.06969327643490013
2024-03-18,0.03287272580689695,0.03311471183056403,0.03134909779676341,0.037189990542502716,0.03950165200617944,0.02850784074569674,0.024194289186370888,0.03693421858526052,0.04152482793145497,0.041411482808514526,0.021019285732276103,0.021608412730693697,0.00942810091697545,0.0,0.0,0.065864266009296,0.011715088083311828,0.0173887852382161,0.0,0.03160780135654885,0.0,0.06040262559561074,0.26342630732337335,0.08124521333859368,0.06969327643490013
2024-03-19,0.03287272580689695,0.03311471183056403,0.03134909779676341,0.037189990542502716,0.03950165200617944,0.02850784074569674,0.024194289186370888,0.03693421858526052,0.04152482793145497,0.041411482808514526,0.021019285732276103,0.021608412730693697,0.00942810091697545,0.0,0.0,0.065864266009296,0.011715088083311828,0.0173887852382161,0.0,0.03160780135654885,0.0,0.06040262559561074,0.26342630732337335,0.08124521333859368,0.06969327643490013
2024-03-20,0.03287272580689695,0.03311471183056403,0.03134909779676341,0.037189990542502716,0.03950165200617944,0.02850784074569674,0.024194289186370888,0.03693421858526052,0.04152482793145497,0.041411482808514526,0.021019285732276103,0.021608412730693697,0.00942810091697545,0.0,0.0,0.065864266009296,0.011715088083311828,0.0173887852382161,0.0,0.03160780135654885,0.0,0.06040262559561074,0.26342630732337335,0.08124521333859368,0.06969327643490013
2024-03-21,0.03287272580689695,0.03311471183056403,0.03134909779676341,0.037189990542502716,0.03950165200617944,0.02850784074569674,0.024194289186370888,0.03693421858526052,0.04152482793145497,0.041411482808514526,0.021019285732276103,0.021608412730693697,0.00942810091697545,0.0,0.0,0.065864266009296,0.011715088083311828,0.0173887852382161,0.0,0.03160780135654885,0.0,0.06040262559561074,0.26342630732337335,0.08124521333859368,0.06969327643490013
2024-03-22,0.03287272580689695,0.03311471183056403,0.03134909779676341,0.037189990542502716,0.03950165200617944,0.02850784074569674,0.024194289186370888,0.03693421858526052,0.04152482793145497,0.041411482808514526,0.021019285732276103,0.021608412730693697,0.00942810091697545,0.0,0.0,0.065864266009296,0.011715088083311828,0.0173887852382161,0.0,0.03160780135654885,0.0,0.06040262559561074,0.26342630732337335,0.08124521333859368,0.06969327643490013
2024-03-25,0.03287272580689695,0.03311471183056403,0.03134909779676341,0.037189990542502716,0.03950165200617944,0.02850784074569674,0.024194289186370888,0.03693421858526052,0.04152482793145497,0.041411482808514526,0.021019285732276103,0.021608412730693697,0.00942810091697545,0.0,0.0,0.065864266009296,0.011715088083311828,0.0173887852382161,0.0,0.03160780135654885,0.0,0.06040262559561074,0.26342630732337335,0.08124521333859368,0.06969327643490013
2024-03-26,0.03287272580689695,0.03311471183056403,0.03134909779676341,0.037189990542502716,0.03950165200617944,0.02850784074569674,0.024194289186370888,0.03693421858526052,0.04152482793145497,0.041411482808514526,0.021019285732276103,0.021608412730693697,0.00942810091697545,0.0,0.0,0.065864266009296,0.011715088083311828,0.0173887852382161,0.0,0.03160780135654885,0.0,0.06040262559561074,0.26342630732337335,0.08124521333859368,0.06969327643490013
2024-03-27,0.03287272580689695,0.03311471183056403,0.03134909779676341,0.037189990542502716,0.03950165200617944,0.02850784074569674,0.024194289186370888,0.03693421858526052,0.04152482793145497,0.041411482808514526,0.021019285732276103,0.021608412730693697,0.00942810091697545,0.0,0.0,0.065864266009296,0.011715088083311828,0.0173887852382161,0.0,0.03160780135654885,0.0,0.06040262559561074,0.26342630732337335,0.08124521333859368,0.06969327643490013
2024-03-28,0.03287272580689695,0.03311471183056403,0.03134909779676341,0.037189990542502716,0.03950165200617944,0.02850784074569674,0.024194289186370888,0.03693421858526052,0.04152482793145497,0.041411482808514526,0.021019285732276103,0.021608412730693697,0.00942810091697545,0.0,0.0,0.065864266009296,0.011715088083311828,0.0173887852382161,0.0,0.03160780135654885,0.0,0.06040262559561074,0.26342630732337335,0.08124521333859368,0.06969327643490013
2024-03-29,0.03287272580689695,0.03311471183056403,0.03134909779676341,0.037189990542502716,0.03950165200617944,0.02850784074569674,0.024194289186370888,0.03693421858526052,0.04152482793145497,0.041411482808514526,0.021019285732276103,0.021608412730693697,0.00942810091697545,0.0,0.0,0.065864266009296,0.011715088083311828,0.0173887852382161,0.0,0.03160780135654885,0.0,0.06040262559561074,0.26342630732337335,0.08124521333859368,0.06969327643490013
2024-04-01,0.02093159431066611,0.024571163273749058,0.02652804618255049,0.023843697964453306,0.02911841213914642,0.02112101504520082,0.02007868856895347,0.03367578874171449,0.0,0.025603961978660793,0.0334829149912516,0.02662669238333021,0.02156085974405817,0.0,0.0,0.020433974383269774,0.0,0.013180568975039558,0.0,0.015632551619949527,0.04097421866621102,0.08432266182370876,0.36208658353078127,0.0669509680908266,0.08927563758647848
2024-04-02,0.02093159431066611,0.024571163273749058,0.02652804618255049,0.023843697964453306,0.02911841213914642,0.02112101504520082,0.02007868856895347,0.03367578874171449,0.0,0.025603961978660793,0.0334829149912516,0.02662669238333021,0.02156085974405817,0.0,0.0,0.020433974383269774,0.0,0.013180568975039558,0.0,0.015632551619949527,0.04097421866621102,0.08432266182370876,0.36208658353078127,0.0669509680908266,0.08927563758647848
2024-04-03,0.02093159431066611,0.024571163273749058,0.02652804618255049,0.023843697964453306,0.02911841213914642,0.02112101504520082,0.02007868856895347,0.03367578874171449,0.0,0.025603961978660793,0.0334829149912516,0.02662669238333021,0.02156085974405817,0.0,0.0,0.020433974383269774,0.0,0.013180568975039558,0.0,0.015632551619949527,0.04097421866621102,0.08432266182370876,0.36208658353078127,0.0669509680908266,0.08927563758647848
2024-04-04,0.02093159431066611,0.024571163273749058,0.02652804618255049,0.023843697964453306,0.02911841213914642,0.02112101504520082,0.02007868856895347,0.03367578874171449,0.0,0.025603961978660793,0.0334829149912516,0.02662669238333021,0.02156085974405817,0.0,0.0,0.020433974383269774,0.0,0.013180568975039558,0.0,0.015632551619949527,0.04097421866621102,0.08432266182370876,0.36208658353078127,0.0669509680908266,0.08927563758647848
2024-04-05,0.02093159431066611,0.024571163273749058,0.02652804618255049,0.023843697964453306,0.02911841213914642,0.02112101504520082,0.02007868856895347,0.03367578874171449,0.0,0.025603961978660793,0.0334829149912516,0.02662669238333021,0.02156085974405817,0.0,0.0,0.020433974383269774,0.0,0.013180568975039558,0.0,0.015632551619949527,0.04097421866621102,0.08432266182370876,0.36208658353078127,0.0669509680908266,0.08927563758647848
2024-04-08,0.02093159431066611,0.024571163273749058,0.02652804618255049,0.023843697964453306,0.02911841213914642,0.02112101504520082,0.02007868856895347,0.03367578874171449,0.0,0.025603961978660793,0.0334829149912516,0.02662669238333021,0.02156085974405817,0.0,0.0,0.020433974383269774,0.0,0.013180568975039558,0.0,0.015632551619949527,0.04097421866621102,0.08432266182370876,0.36208658353078127,0.0669509680908266,0.08927563758647848
2024-04-09,0.02093159431066611,0.024571163273749058,0.02652804618255049,0.023843697964453306,0.02911841213914642,0.02112101504520082,0.02007868856895347,0.03367578874171449,0.0,0.025603961978660793,0.0334829149912516,0.02662669238333021,0.02156085974405817,0.0,0.0,0.020433974383269774,0.0,0.013180568975039558,0.0,0.015632551619949527,0.04097421866621102,0.08432266182370876,0.36208658353078127,0.0669509680908266,0.08927563758647848
2024-04-10,0.02093159431066611,0.024571163273749058,0.02652804618255049,0.023843697964453306,0.02911841213914642,0.02112101504520082,0.02007868856895347,0.03367578874171449,0.0,0.025603961978660793,0.0334829149912516,0.02662669238333021,0.02156085974405817,0.0,0.0,0.020433974383269774,0.0,0.013180568975039558,0.0,0.015632551619949527,0.04097421866621102,0.08432266182370876,0.36208658353078127,0.0669509680908266,0.08927563758647848
2024-04-11,0.02093159431066611,0.024571163273749058,0.02652804618255049,0.023843697964453306,0.02911841213914642,0.02112101504520082,0.02007868856895347,0.03367578874171449,0.0,0.025603961978660793,0.0334829149912516,0.02662669238333021,0.02156085974405817,0.0,0.0,0.020433974383269774,0.0,0.013180568975039558,0.0,0.015632551619949527,0.04097421866621102,0.08432266182370876,0.36208658353078127,0.0669509680908266,0.08927563758647848
2024-04-12,0.02093159431066611,0.024571163273749058,0.02652804618255049,0.023843697964453306,0.02911841213914642,0.02112101504520082,0.02007868856895347,0.03367578874171449,0.0,0.025603961978660793,0.0334829149912516,0.02662669238333021,0.02156085974405817,0.0,0.0,0.020433974383269774,0.0,0.013180568975039558,0.0,0.015632551619949527,0.04097421866621102,0.08432266182370876,0.36208658353078127,0.0669509680908266,0.08927563758647848
2024-04-15,0.02093159431066611,0.024571163273749058,0.02652804618255049,0.023843697964453306,0.02911841213914642,0.02112101504520082,0.02007868856895347,0.03367578874171449,0.0,0.025603961978660793,0.0334829149912516,0.02662669238333021,0.02156085974405817,0.0,0.0,0.020433974383269774,0.0,0.013180568975039558,0.0,0.015632551619949527,0.04097421866621102,0.08432266182370876,0.36208658353078127,0.0669509680908266,0.08927563758647848
2024-04-16,0.02093159431066611,0.024571163273749058,0.02652804618255049,0.023843697964453306,0.02911841213914642,0.02112101504520082,0.02007868856895347,0.03367578874171449,0.0,0.025603961978660793,0.0334829149912516,0.02662669238333021,0.02156085974405817,0.0,0.0,0.020433974383269774,0.0,0.013180568975039558,0.0,0.015632551619949527,0.04097421866621102,0.08432266182370876,0.36208658353078127,0.0669509680908266,0.08927563758647848
2024-04-17,0.02093159431066611,0.024571163273749058,0.02652804618255049,0.023843697964453306,0.02911841213914642,0.02112101504520082,0.02007868856895347,0.03367578874171449,0.0,0.025603961978660793,0.0334829149912516,0.02662669238333021,0.02156085974405817,0.0,0.0,0.020433974383269774,0.0,0.013180568975039558,0.0,0.015632551619949527,0.04097421866621102,0.08432266182370876,0.36208658353078127,0.0669509680908266,0.08927563758647848
2024-04-18,0.02093159431066611,0.024571163273749058,0.02652804618255049,0.023843697964453306,0.02911841213914642,0.02112101504520082,0.02007868856895347,0.03367578874171449,0.0,0.025603961978660793,0.0334829149912516,0.02662669238333021,0.02156085974405817,0.0,0.0,0.020433974383269774,0.0,0.013180568975039558,0.0,0.015632551619949527,0.04097421866621102,0.08432266182370876,0.36208658353078127,0.0669509680908266,0.08927563758647848
2024-04-19,0.02093159431066611,0.024571163273749058,0.02652804618255049,0.023843697964453306,0.02911841213914642,0.02112101504520082,0.02007868856895347,0.03367578874171449,0.0,0.025603961978660793,0.0334829149912516,0.02662669238333021,0.02156085974405817,0.0,0.0,0.020433974383269774,0.0,0.013180568975039558,0.0,0.015632551619949527,0.04097421866621102,0.08432266182370876,0.36208658353078127,0.0669509680908266,0.08927563758647848
2024-04-22,0.02093159431066611,0.024571163273749058,0.02652804618255049,0.023843697964453306,0.02911841213914642,0.02112101504520082,0.02007868856895347,0.03367578874171449,0.0,0.025603961978660793,0.0334829149912516,0.02662669238333021,0.02156085974405817,0.0,0.0,0.020433974383269774,0.0,0.013180568975039558,0.0,0.015632551619949527,0.04097421866621102,0.08432266182370876,0.36208658353078127,0.0669509680908266,0.08927563758647848
2024-04-23,0.02093159431066611,0.024571163273749058,0.02652804618255049,0.023843697964453306,0.02911841213914642,0.02112101504520082,0.02007868856895347,0.03367578874171449,0.0,0.025603961978660793,0.0334829149912516,0.02662669238333021,0.02156085974405817,0.0,0.0,0.020433974383269774,0.0,0.013180568975039558,0.0,0.015632551619949527,0.04097421866621102,0.08432266182370876,0.36208658353078127,0.0669509680908266,0.08927563758647848
2024-04-24,0.02093159431066611,0.024571163273749058,0.02652804618255049,0.023843697964453306,0.02911841213914642,0.02112101504520082,0.02007868856895347,0.03367578874171449,0.0,0.025603961978660793,0.0334829149912516,0.02662669238333021,0.02156085974405817,0.0,0.0,0.020433974383269774,0.0,0.013180568975039558,0.0,0.015632551619949527,0.04097421866621102,0.08432266182370876,0.36208658353078127,0.0669509680908266,0.08927563758647848
2024-04-25,0.02093159431066611,0.024571163273749058,0.02652804618255049,0.023843697964453306,0.02911841213914642,0.02112101504520082,0.02007868856895347,0.03367578874171449,0.0,0.025603961978660793,0.0334829149912516,0.02662669238333021,0.02156085974405817,0.0,0.0,0.020433974383269774,0.0,0.013180568975039558,0.0,0.015632551619949527,0.04097421866621102,0.08432266182370876,0.36208658353078127,0.0669509680908266,0.08927563758647848
2024-04-26,0.02093159431066611,0.024571163273749058,0.02652804618255049,0.023843697964453306,0.02911841213914642,0.02112101504520082,0.02007868856895347,0.03367578874171449,0.0,0.025603961978660793,0.0334829149912516,0.02662669238333021,0.02156085974405817,0.0,0.0,0.020433974383269774,0.0,0.013180568975039558,0.0,0.015632551619949527,0.04097421866621102,0.08432266182370876,0.36208658353078127,0.0669509680908266,0.08927563758647848
2024-04-29,0.02093159431066611,0.024571163273749058,0.02652804618255049,0.023843697964453306,0.02911841213914642,0.02112101504520082,0.02007868856895347,0.03367578874171449,0.0,0.025603961978660793,0.0334829149912516,0.02662669238333021,0.02156085974405817,0.0,0.0,0.020433974383269774,0.0,0.013180568975039558,0.0,0.015632551619949527,0.04097421866621102,0.08432266182370876,0.36208658353078127,0.0669509680908266,0.08927563758647848
2024-04-30,0.02093159431066611,0.024571163273749058,0.02652804618255049,0.023843697964453306,0.02911841213914642,0.02112101504520082,0.02007868856895347,0.03367578874171449,0.0,0.025603961978660793,0.0334829149912516,0.02662669238333021,0.02156085974405817,0.0,0.0,0.020433974383269774,0.0,0.013180568975039558,0.0,0.015632551619949527,0.04097421866621102,0.08432266182370876,0.36208658353078127,0.0669509680908266,0.08927563758647848
2024-05-01,0.018260966510230955,0.019203919984103972,0.02186321966339865,0.021126833766190827,0.020612440150494703,0.015897229540588302,0.014101855456515988,0.02559611120710008,0.02240835931247004,0.04352009369938087,0.03880654411871463,0.023684158197683727,0.010839735932767006,0.0,0.0,0.027323224109463747,0.0,0.010331054412770308,0.0,0.011014584049202159,0.04487209690661877,0.08621870062072065,0.3862789628437902,0.07383311651026787,0.06420679300752663
2024-05-02,0.018260966510230955,0.019203919984103972,0.02186321966339865,0.021126833766190827,0.020612440150494703,0.015897229540588302,0.014101855456515988,0.02559611120710008,0.02240835931247004,0.04352009369938087,0.03880654411871463,0.023684158197683727,0.010839735932767006,0.0,0.0,0.027323224109463747,0.0,0.010331054412770308,0.0,0.011014584049202159,0.04487209690661877,0.08621870062072065,0.3862789628437902,0.07383311651026787,0.06420679300752663
2024-05-03,0.018260966510230955,0.019203919984103972,0.02186321966339865,0.021126833766190827,0.020612440150494703,0.015897229540588302,0.014101855456515988,0.02559611120710008,0.02240835931247004,0.04352009369938087,0.03880654411871463,0.023684158197683727,0.010839735932767006,0.0,0.0,0.027323224109463747,0.0,0.010331054412770308,0.0,0.011014584049202159,0.04487209690661877,0.08621870062072065,0.3862789628437902,0.07383311651026787,0.06420679300752663
2024-05-06,0.018260966510230955,0.019203919984103972,0.02186321966339865,0.021126833766190827,0.020612440150494703,0.015897229540588302,0.014101855456515988,0.02559611120710008,0.02240835931247004,0.04352009369938087,0.03880654411871463,0.023684158197683727,0.010839735932767006,0.0,0.0,0.027323224109463747,0.0,0.010331054412770308,0.0,0.011014584049202159,0.04487209690661877,0.08621870062072065,0.3862789628437902,0.07383311651026787,0.06420679300752663
2024-05-07,0.018260966510230955,0.019203919984103972,0.02186321966339865,0.021126833766190827,0.020612440150494703,0.015897229540588302,0.014101855456515988,0.02559611120710008,0.02240835931247004,0.04352009369938087,0.03880654411871463,0.023684158197683727,0.010839735932767006,0.0,0.0,0.027323224109463747,0.0,0.010331054412770308,0.0,0.011014584049202159,0.04487209690661877,0.08621870062072065,0.3862789628437902,0.07383311651026787,0.06420679300752663
2024-05-08,0.018260966510230955,0.019203919984103972,0.02186321966339865,0.021126833766190827,0.020612440150494703,0.015897229540588302,0.014101855456515988,0.02559611120710008,0.02240835931247004,0.04352009369938087,0.03880654411871463,0.023684158197683727,0.010839735932767006,0.0,0.0,0.027323224109463747,0.0,0.010331054412770308,0.0,0.011014584049202159,0.04487209690661877,0.08621870062072065,0.3862789628437902,0.07383311651026787,0.06420679300752663
2024-05-09,0.018260966510230955,0.019203919984103972,0.02186321966339865,0.021126833766190827,0.020612440150494703,0.015897229540588302,0.014101855456515988,0.02559611120710008,0.02240835931247004,0.04352009369938087,0.03880654411871463,0.023684158197683727,0.010839735932767006,0.0,0.0,0.027323224109463747,0.0,0.010331054412770308,0.0,0.011014584049202159,0.04487209690661877,0.08621870062072065,0.3862789628437902,0.07383311651026787,0.06420679300752663
2024-05-10,0.018260966510230955,0.019203919984103972,0.02186321966339865,0.021126833766190827,0.020612440150494703,0.015897229540588302,0.014101855456515988,0.02559611120710008,0.02240835931247004,0.04352009369938087,0.03880654411871463,0.023684158197683727,0.010839735932767006,0.0,0.0,0.027323224109463747,0.0,0.010331054412770308,0.0,0.011014584049202159,0.04487209690661877,0.08621870062072065,0.3862789628437902,0.07383311651026787,0.06420679300752663
2024-05-13,0.018260966510230955,0.019203919984103972,0.02186321966339865,0.021126833766190827,0.020612440150494703,0.015897229540588302,0.014101855456515988,0.02559611120710008,0.02240835931247004,0.04352009369938087,0.03880654411871463,0.023684158197683727,0.010839735932767006,0.0,0.0,0.027323224109463747,0.0,0.010331054412770308,0.0,0.011014584049202159,0.04487209690661877,0.08621870062072065,0.3862789628437902,0.07383311651026787,0.06420679300752663
2024-05-14,0.018260966510230955,0.019203919984103972,0.02186321966339865,0.021126833766190827,0.020612440150494703,0.015897229540588302,0.014101855456515988,0.02559611120710008,0.02240835931247004,0.04352009369938087,0.03880654411871463,0.023684158197683727,0.010839735932767006,0.0,0.0,0.027323224109463747,0.0,0.010331054412770308,0.0,0.011014584049202159,0.04487209690661877,0.08621870062072065,0.3862789628437902,0.07383311651026787,0.06420679300752663
2024-05-15,0.018260966510230955,0.019203919984103972,0.02186321966339865,0.021126833766190827,0.020612440150494703,0.015897229540588302,0.014101855456515988,0.02559611120710008,0.02240835931247004,0.04352009369938087,0.03880654411871463,0.023684158197683727,0.010839735932767006,0.0,0.0,0.027323224109463747,0.0,0.010331054412770308,0.0,0.011014584049202159,0.04487209690661877,0.08621870062072065,0.3862789628437902,0.07383311651026787,0.06420679300752663
2024-05-16,0.018260966510230955,0.019203919984103972,0.02186321966339865,0.021126833766190827,0.020612440150494703,0.015897229540588302,0.014101855456515988,0.02559611120710008,0.02240835931247004,0.04352009369938087,0.03880654411871463,0.023684158197683727,0.010839735932767006,0.0,0.0,0.027323224109463747,0.0,0.010331054412770308,0.0,0.011014584049202159,0.04487209690661877,0.08621870062072065,0.3862789628437902,0.07383311651026787,0.06420679300752663
2024-05-17,0.018260966510230955,0.019203919984103972,0.02186321966339865,0.021126833766190827,0.020612440150494703,0.015897229540588302,0.014101855456515988,0.02559611120710008,0.02240835931247004,0.04352009369938087,0.03880654411871463,0.023684158197683727,0.010839735932767006,0.0,0.0,0.027323224109463747,0.0,0.010331054412770308,0.0,0.011014584049202159,0.04487209690661877,0.08621870062072065,0.3862789628437902,0.07383311651026787,0.06420679300752663
2024-05-20,0.018260966510230955,0.019203919984103972,0.02186321966339865,0.021126833766190827,0.020612440150494703,0.015897229540588302,0.014101855456515988,0.02559611120710008,0.02240835931247004,0.04352009369938087,0.03880654411871463,0.023684158197683727,0.010839735932767006,0.0,0.0,0.027323224109463747,0.0,0.010331054412770308,0.0,0.011014584049202159,0.04487209690661877,0.08621870062072065,0.3862789628437902,0.07383311651026787,0.06420679300752663
2024-05-21,0.018260966510230955,0.019203919984103972,0.02186321966339865,0.021126833766190827,0.020612440150494703,0.015897229540588302,0.014101855456515988,0.02559611120710008,0.02240835931247004,0.04352009369938087,0.03880654411871463,0.023684158197683727,0.010839735932767006,0.0,0.0,0.027323224109463747,0.0,0.010331054412770308,0.0,0.011014584049202159,0.04487209690661877,0.08621870062072065,0.3862789628437902,0.07383311651026787,0.06420679300752663
2024-05-22,0.018260966510230955,0.019203919984103972,0.02186321966339865,0.021126833766190827,0.020612440150494703,0.015897229540588302,0.014101855456515988,0.02559611120710008,0.02240835931247004,0.04352009369938087,0.03880654411871463,0.023684158197683727,0.010839735932767006,0.0,0.0,0.027323224109463747,0.0,0.010331054412770308,0.0,0.011014584049202159,0.04487209690661877,0.08621870062072065,0.3862789628437902,0.07383311651026787,0.06420679300752663
2024-05-23,0.018260966510230955,0.019203919984103972,0.02186321966339865,0.021126833766190827,0.020612440150494703,0.015897229540588302,0.014101855456515988,0.02559611120710008,0.02240835931247004,0.04352009369938087,0.03880654411871463,0.023684158197683727,0.010839735932767006,0.0,0.0,0.027323224109463747,0.0,0.010331054412770308,0.0,0.011014584049202159,0.04487209690661877,0.08621870062072065,0.3862789628437902,0.07383311651026787,0.06420679300752663
2024-05-24,0.018260966510230955,0.019203919984103972,0.02186321966339865,0.021126833766190827,0.020612440150494703,0.015897229540588302,0.014101855456515988,0.02559611120710008,0.02240835931247004,0.04352009369938087,0.03880654411871463,0.023684158197683727,0.010839735932767006,0.0,0.0,0.027323224109463747,0.0,0.010331054412770308,0.0,0.011014584049202159,0.04487209690661877,0.08621870062072065,0.3862789628437902,0.07383311651026787,0.06420679300752663
2024-05-27,0.018260966510230955,0.019203919984103972,0.02186321966339865,0.021126833766190827,0.020612440150494703,0.015897229540588302,0.014101855456515988,0.02559611120710008,0.02240835931247004,0.04352009369938087,0.03880654411871463,0.023684158197683727,0.010839735932767006,0.0,0.0,0.027323224109463747,0.0,0.010331054412770308,0.0,0.011014584049202159,0.04487209690661877,0.08621870062072065,0.3862789628437902,0.07383311651026787,0.06420679300752663
2024-05-28,0.018260966510230955,0.019203919984103972,0.02186321966339865,0.021126833766190827,0.020612440150494703,0.015897229540588302,0.014101855456515988,0.02559611120710008,0.02240835931247004,0.04352009369938087,0.03880654411871463,0.023684158197683727,0.010839735932767006,0.0,0.0,0.027323224109463747,0.0,0.010331054412770308,0.0,0.011014584049202159,0.04487209690661877,0.08621870062072065,0.3862789628437902,0.07383311651026787,0.06420679300752663
2024-05-29,0.018260966510230955,0.019203919984103972,0.02186321966339865,0.021126833766190827,0.020612440150494703,0.015897229540588302,0.014101855456515988,0.02559611120710008,0.02240835931247004,0.04352009369938087,0.03880654411871463,0.023684158197683727,0.010839735932767006,0.0,0.0,0.027323224109463747,0.0,0.010331054412770308,0.0,0.011014584049202159,0.04487209690661877,0.08621870062072065,0.3862789628437902,0.07383311651026787,0.06420679300752663
2024-05-30,0.018260966510230955,0.019203919984103972,0.02186321966339865,0.021126833766190827,0.020612440150494703,0.015897229540588302,0.014101855456515988,0.02559611120710008,0.02240835931247004,0.04352009369938087,0.03880654411871463,0.023684158197683727,0.010839735932767006,0.0,0.0,0.027323224109463747,0.0,0.010331054412770308,0.0,0.011014584049202159,0.04487209690661877,0.08621870062072065,0.3862789628437902,0.07383311651026787,0.06420679300752663
2024-05-31,0.018260966510230955,0.019203919984103972,0.02186321966339865,0.021126833766190827,0.020612440150494703,0.015897229540588302,0.014101855456515988,0.02559611120710008,0.02240835931247004,0.04352009369938087,0.03880654411871463,0.023684158197683727,0.010839735932767006,0.0,0.0,0.027323224109463747,0.0,0.010331054412770308,0.0,0.011014584049202159,0.04487209690661877,0.08621870062072065,0.3862789628437902,0.07383311651026787,0.06420679300752663
2024-06-03,0.022578098040778732,0.025300290100948978,0.026160852949808966,0.03143804258127964,0.022662085828920327,0.022099350671072666,0.01639231115401575,0.028893787956222116,0.0281378983004469,0.047025148933797556,0.05020960996018575,0.03598284702036061,0.021731246425961123,0.041351395748680096,0.0,0.026136433871797597,0.0,0.013236539864868252,0.0,0.01437277027213258,0.02810577409586192,0.059600490283575856,0.3139738209873885,0.05254719043061168,0.07206401452128434
2024-06-04,0.022578098040778732,0.025300290100948978,0.026160852949808966,0.03143804258127964,0.022662085828920327,0.022099350671072666,0.01639231115401575,0.028893787956222116,0.0281378983004469,0.047025148933797556,0.05020960996018575,0.03598284702036061,0.021731246425961123,0.041351395748680096,0.0,0.026136433871797597,0.0,0.013236539864868252,0.0,0.01437277027213258,0.02810577409586192,0.059600490283575856,0.3139738209873885,0.05254719043061168,0.07206401452128434
2024-06-05,0.022578098040778732,0.025300290100948978,0.026160852949808966,0.03143804258127964,0.022662085828920327,0.022099350671072666,0.01639231115401575,0.028893787956222116,0.0281378983004469,0.047025148933797556,0.05020960996018575,0.03598284702036061,0.021731246425961123,0.041351395748680096,0.0,0.026136433871797597,0.0,0.013236539864868252,0.0,0.01437277027213258,0.02810577409586192,0.059600490283575856,0.3139738209873885,0.05254719043061168,0.07206401452128434
2024-06-06,0.022578098040778732,0.025300290100948978,0.026160852949808966,0.03143804258127964,0.022662085828920327,0.022099350671072666,0.01639231115401575,0.028893787956222116,0.0281378983004469,0.047025148933797556,0.05020960996018575,0.03598284702036061,0.021731246425961123,0.041351395748680096,0.0,0.026136433871797597,0.0,0.013236539864868252,0.0,0.01437277027213258,0.02810577409586192,0.059600490283575856,0.3139738209873885,0.05254719043061168,0.07206401452128434
2024-06-07,0.022578098040778732,0.025300290100948978,0.026160852949808966,0.03143804258127964,0.022662085828920327,0.022099350671072666,0.01639231115401575,0.028893787956222116,0.0281378983004469,0.047025148933797556,0.05020960996018575,0.03598284702036061,0.021731246425961123,0.041351395748680096,0.0,0.026136433871797597,0.0,0.013236539864868252,0.0,0.01437277027213258,0.02810577409586192,0.059600490283575856,0.3139738209873885,0.05254719043061168,0.07206401452128434
2024-06-10,0.022578098040778732,0.025300290100948978,0.026160852949808966,0.03143804258127964,0.022662085828920327,0.022099350671072666,0.01639231115401575,0.028893787956222116,0.0281378983004469,0.047025148933797556,0.05020960996018575,0.03598284702036061,0.021731246425961123,0.041351395748680096,0.0,0.026136433871797597,0.0,0.013236539864868252,0.0,0.01437277027213258,0.02810577409586192,0.059600490283575856,0.3139738209873885,0.05254719043061168,0.07206401452128434
2024-06-11,0.022578098040778732,0.025300290100948978,0.026160852949808966,0.03143804258127964,0.022662085828920327,0.022099350671072666,0.01639231115401575,0.028893787956222116,0.0281378983004469,0.047025148933797556,0.05020960996018575,0.03598284702036061,0.021731246425961123,0.041351395748680096,0.0,0.026136433871797597,0.0,0.013236539864868252,0.0,0.01437277027213258,0.02810577409586192,0.059600490283575856,0.3139738209873885,0.05254719043061168,0.07206401452128434
2024-06-12,0.022578098040778732,0.025300290100948978,0.026160852949808966,0.03143804258127964,0.022662085828920327,0.022099350671072666,0.01639231115401575,0.028893787956222116,0.0281378983004469,0.047025148933797556,0.05020960996018575,0.03598284702036061,0.021731246425961123,0.041351395748680096,0.0,0.026136433871797597,0.0,0.013236539864868252,0.0,0.01437277027213258,0.02810577409586192,0.059600490283575856,0.3139738209873885,0.05254719043061168,0.07206401452128434
2024-06-13,0.022578098040778732,0.025300290100948978,0.026160852949808966,0.03143804258127964,0.022662085828920327,0.022099350671072666,0.01639231115401575,0.028893787956222116,0.0281378983004469,0.047025148933797556,0.05020960996018575,0.03598284702036061,0.021731246425961123,0.041351395748680096,0.0,0.026136433871797597,0.0,0.013236539864868252,0.0,0.01437277027213258,0.02810577409586192,0.059600490283575856,0.3139738209873885,0.05254719043061168,0.07206401452128434
2024-06-14,0.022578098040778732,0.025300290100948978,0.026160852949808966,0.03143804258127964,0.022662085828920327,0.022099350671072666,0.01639231115401575,0.028893787956222116,0.0281378983004469,0.047025148933797556,0.05020960996018575,0.03598284702036061,0.021731246425961123,0.041351395748680096,0.0,0.026136433871797597,0.0,0.013236539864868252,0.0,0.01437277027213258,0.02810577409586192,0.059600490283575856,0.3139738209873885,0.05254719043061168,0.07206401452128434
2024-06-17,0.022578098040778732,0.025300290100948978,0.026160852949808966,0.03143804258127964,0.022662085828920327,0.022099350671072666,0.01639231115401575,0.028893787956222116,0.0281378983004469,0.047025148933797556,0.05020960996018575,0.03598284702036061,0.021731246425961123,0.041351395748680096,0.0,0.026136433871797597,0.0,0.013236539864868252,0.0,0.01437277027213258,0.02810577409586192,0.059600490283575856,0.3139738209873885,0.05254719043061168,0.07206401452128434
2024-06-18,0.022578098040778732,0.025300290100948978,0.026160852949808966,0.03143804258127964,0.022662085828920327,0.022099350671072666,0.01639231115401575,0.028893787956222116,0.0281378983004469,0.047025148933797556,0.05020960996018575,0.03598284702036061,0.021731246425961123,0.041351395748680096,0.0,0.026136433871797597,0.0,0.013236539864868252,0.0,0.01437277027213258,0.02810577409586192,0.059600490283575856,0.3139738209873885,0.05254719043061168,0.07206401452128434
2024-06-19,0.022578098040778732,0.025300290100948978,0.026160852949808966,0.03143804258127964,0.022662085828920327,0.022099350671072666,0.01639231115401575,0.028893787956222116,0.0281378983004469,0.047025148933797556,0.05020960996018575,0.03598284702036061,0.021731246425961123,0.041351395748680096,0.0,0.026136433871797597,0.0,0.013236539864868252,0.0,0.01437277027213258,0.02810577409586192,0.059600490283575856,0.3139738209873885,0.05254719043061168,0.07206401452128434
2024-06-20,0.022578098040778732,0.025300290100948978,0.026160852949808966,0.03143804258127964,0.022662085828920327,0.022099350671072666,0.01639231115401575,0.028893787956222116,0.0281378983004469,0.047025148933797556,0.05020960996018575,0.03598284702036061,0.021731246425961123,0.041351395748680096,0.0,0.026136433871797597,0.0,0.013236539864868252,0.0,0.01437277027213258,0.02810577409586192,0.059600490283575856,0.3139738209873885,0.05254719043061168,0.07206401452128434
2024-06-21,0.022578098040778732,0.025300290100948978,0.026160852949808966,0.03143804258127964,0.022662085828920327,0.022099350671072666,0.01639231115401575,0.028893787956222116,0.0281378983004469,0.047025148933797556,0.05020960996018575,0.03598284702036061,0.021731246425961123,0.041351395748680096,0.0,0.026136433871797597,0.0,0.013236539864868252,0.0,0.01437277027213258,0.02810577409586192,0.059600490283575856,0.3139738209873885,0.05254719043061168,0.07206401452128434
2024-06-24,0.022578098040778732,0.025300290100948978,0.026160852949808966,0.03143804258127964,0.022662085828920327,0.022099350671072666,0.01639231115401575,0.028893787956222116,0.0281378983004469,0.047025148933797556,0.05020960996018575,0.03598284702036061,0.021731246425961123,0.041351395748680096,0.0,0.026136433871797597,0.0,0.013236539864868252,0.0,0.01437277027213258,0.02810577409586192,0.059600490283575856,0.3139738209873885,0.05254719043061168,0.07206401452128434
2024-06-25,0.022578098040778732,0.025300290100948978,0.026160852949808966,0.03143804258127964,0.022662085828920327,0.022099350671072666,0.01639231115401575,0.028893787956222116,0.0281378983004469,0.047025148933797556,0.05020960996018575,0.03598284702036061,0.021731246425961123,0.041351395748680096,0.0,0.026136433871797597,0.0,0.013236539864868252,0.0,0.01437277027213258,0.02810577409586192,0.059600490283575856,0.3139738209873885,0.05254719043061168,0.07206401452128434
2024-06-26,0.022578098040778732,0.025300290100948978,0.026160852949808966,0.03143804258127964,0.022662085828920327,0.022099350671072666,0.01639231115401575,0.028893787956222116,0.0281378983004469,0.047025148933797556,0.05020960996018575,0.03598284702036061,0.021731246425961123,0.041351395748680096,0.0,0.026136433871797597,0.0,0.013236539864868252,0.0,0.01437277027213258,0.02810577409586192,0.059600490283575856,0.3139738209873885,0.05254719043061168,0.07206401452128434
2024-06-27,0.022578098040778732,0.025300290100948978,0.026160852949808966,0.03143804258127964,0.022662085828920327,0.022099350671072666,0.01639231115401575,0.028893787956222116,0.0281378983004469,0.047025148933797556,0.05020960996018575,0.03598284702036061,0.021731246425961123,0.041351395748680096,0.0,0.026136433871797597,0.0,0.013236539864868252,0.0,0.01437277027213258,0.02810577409586192,0.059600490283575856,0.3139738209873885,0.05254719043061168,0.07206401452128434
2024-06-28,0.022578098040778732,0.025300290100948978,0.026160852949808966,0.03143804258127964,0.022662085828920327,0.022099350671072666,0.01639231115401575,0.028893787956222116,0.0281378983004469,0.047025148933797556,0.05020960996018575,0.03598284702036061,0.021731246425961123,0.041351395748680096,0.0,0.026136433871797597,0.0,0.013236539864868252,0.0,0.01437277027213258,0.02810577409586192,0.059600490283575856,0.3139738209873885,0.05254719043061168,0.07206401452128434
2024-07-01,0.01627910970395392,0.017315955322300527,0.01760943028659742,0.01977655075436815,0.018322302069426182,0.017608269409548905,0.014321314160310511,0.025944344849687384,0.03865020601412883,0.08004150065032092,0.042901227341183706,0.018430404200611383,0.011435127762234655,0.024511725197463193,0.0,0.020575440805395803,0.0,0.008705301839179152,0.0,0.008300468193219081,0.020748202847708164,0.05815477533305617,0.34533092139396243,0.057604999122269955,0.1174324227430735
2024-07-02,0.01627910970395392,0.017315955322300527,0.01760943028659742,0.01977655075436815,0.018322302069426182,0.017608269409548905,0.014321314160310511,0.025944344849687384,0.03865020601412883,0.08004150065032092,0.042901227341183706,0.018430404200611383,0.011435127762234655,0.024511725197463193,0.0,0.020575440805395803,0.0,0.008705301839179152,0.0,0.008300468193219081,0.020748202847708164,0.05815477533305617,0.34533092139396243,0.057604999122269955,0.1174324227430735
2024-07-03,0.01627910970395392,0.017315955322300527,0.01760943028659742,0.01977655075436815,0.018322302069426182,0.017608269409548905,0.014321314160310511,0.025944344849687384,0.03865020601412883,0.08004150065032092,0.042901227341183706,0.018430404200611383,0.011435127762234655,0.024511725197463193,0.0,0.020575440805395803,0.0,0.008705301839179152,0.0,0.008300468193219081,0.020748202847708164,0.05815477533305617,0.34533092139396243,0.057604999122269955,0.1174324227430735
2024-07-04,0.01627910970395392,0.017315955322300527,0.01760943028659742,0.01977655075436815,0.018322302069426182,0.017608269409548905,0.014321314160310511,0.025944344849687384,0.03865020601412883,0.08004150065032092,0.042901227341183706,0.018430404200611383,0.011435127762234655,0.024511725197463193,0.0,0.020575440805395803,0.0,0.008705301839179152,0.0,0.008300468193219081,0.020748202847708164,0.05815477533305617,0.34533092139396243,0.057604999122269955,0.1174324227430735
2024-07-05,0.01627910970395392,0.017315955322300527,0.01760943028659742,0.01977655075436815,0.018322302069426182,0.017608269409548905,0.014321314160310511,0.025944344849687384,0.03865020601412883,0.08004150065032092,0.042901227341183706,0.018430404200611383,0.011435127762234655,0.024511725197463193,0.0,0.020575440805395803,0.0,0.008705301839179152,0.0,0.008300468193219081,0.020748202847708164,0.05815477533305617,0.34533092139396243,0.057604999122269955,0.1174324227430735
2024-07-08,0.01627910970395392,0.017315955322300527,0.01760943028659742,0.01977655075436815,0.018322302069426182,0.017608269409548905,0.014321314160310511,0.025944344849687384,0.03865020601412883,0.08004150065032092,0.042901227341183706,0.018430404200611383,0.011435127762234655,0.024511725197463193,0.0,0.020575440805395803,0.0,0.008705301839179152,0.0,0.008300468193219081,0.020748202847708164,0.05815477533305617,0.34533092139396243,0.057604999122269955,0.1174324227430735
2024-07-09,0.01627910970395392,0.017315955322300527,0.01760943028659742,0.01977655075436815,0.018322302069426182,0.017608269409548905,0.014321314160310511,0.025944344849687384,0.03865020601412883,0.08004150065032092,0.042901227341183706,0.018430404200611383,0.011435127762234655,0.024511725197463193,0.0,0.020575440805395803,0.0,0.008705301839179152,0.0,0.008300468193219081,0.020748202847708164,0.05815477533305617,0.34533092139396243,0.057604999122269955,0.1174324227430735
2024-07-10,0.01627910970395392,0.017315955322300527,0.01760943028659742,0.01977655075436815,0.018322302069426182,0.017608269409548905,0.014321314160310511,0.025944344849687384,0.03865020601412883,0.08004150065032092,0.042901227341183706,0.018430404200611383,0.011435127762234655,0.024511725197463193,0.0,0.020575440805395803,0.0,0.008705301839179152,0.0,0.008300468193219081,0.020748202847708164,0.05815477533305617,0.34533092139396243,0.057604999122269955,0.1174324227430735
2024-07-11,0.01627910970395392,0.017315955322300527,0.01760943028659742,0.01977655075436815,0.018322302069426182,0.017608269409548905,0.014321314160310511,0.025944344849687384,0.03865020601412883,0.08004150065032092,0.042901227341183706,0.018430404200611383,0.011435127762234655,0.024511725197463193,0.0,0.020575440805395803,0.0,0.008705301839179152,0.0,0.008300468193219081,0.020748202847708164,0.05815477533305617,0.34533092139396243,0.057604999122269955,0.1174324227430735
2024-07-12,0.01627910970395392,0.017315955322300527,0.01760943028659742,0.01977655075436815,0.018322302069426182,0.017608269409548905,0.014321314160310511,0.025944344849687384,0.03865020601412883,0.08004150065032092,0.042901227341183706,0.018430404200611383,0.011435127762234655,0.024511725197463193,0.0,0.020575440805395803,0.0,0.008705301839179152,0.0,0.008300468193219081,0.020748202847708164,0.05815477533305617,0.34533092139396243,0.057604999122269955,0.1174324227430735
2024-07-15,0.01627910970395392,0.017315955322300527,0.01760943028659742,0.01977655075436815,0.018322302069426182,0.017608269409548905,0.014321314160310511,0.025944344849687384,0.03865020601412883,0.08004150065032092,0.042901227341183706,0.018430404200611383,0.011435127762234655,0.024511725197463193,0.0,0.020575440805395803,0.0,0.008705301839179152,0.0,0.008300468193219081,0.020748202847708164,0.05815477533305617,0.34533092139396243,0.057604999122269955,0.1174324227430735
2024-07-16,0.01627910970395392,0.017315955322300527,0.01760943028659742,0.01977655075436815,0.018322302069426182,0.017608269409548905,0.014321314160310511,0.025944344849687384,0.03865020601412883,0.08004150065032092,0.042901227341183706,0.018430404200611383,0.011435127762234655,0.024511725197463193,0.0,0.020575440805395803,0.0,0.008705301839179152,0.0,0.008300468193219081,0.020748202847708164,0.05815477533305617,0.34533092139396243,0.057604999122269955,0.1174324227430735
2024-07-17,0.01627910970395392,0.017315955322300527,0.01760943028659742,0.01977655075436815,0.018322302069426182,0.017608269409548905,0.014321314160310511,0.025944344849687384,0.03865020601412883,0.08004150065032092,0.042901227341183706,0.018430404200611383,0.011435127762234655,0.024511725197463193,0.0,0.020575440805395803,0.0,0.008705301839179152,0.0,0.008300468193219081,0.020748202847708164,0.05815477533305617,0.34533092139396243,0.057604999122269955,0.1174324227430735
2024-07-18,0.01627910970395392,0.017315955322300527,0.01760943028659742,0.01977655075436815,0.018322302069426182,0.017608269409548905,0.014321314160310511,0.025944344849687384,0.03865020601412883,0.08004150065032092,0.042901227341183706,0.018430404200611383,0.011435127762234655,0.024511725197463193,0.0,0.020575440805395803,0.0,0.008705301839179152,0.0,0.008300468193219081,0.020748202847708164,0.05815477533305617,0.34533092139396243,0.057604999122269955,0.1174324227430735
2024-07-19,0.01627910970395392,0.017315955322300527,0.01760943028659742,0.01977655075436815,0.018322302069426182,0.017608269409548905,0.014321314160310511,0.025944344849687384,0.03865020601412883,0.08004150065032092,0.042901227341183706,0.018430404200611383,0.011435127762234655,0.024511725197463193,0.0,0.020575440805395803,0.0,0.008705301839179152,0.0,0.008300468193219081,0.020748202847708164,0.05815477533305617,0.34533092139396243,0.057604999122269955,0.1174324227430735
2024-07-22,0.01627910970395392,0.017315955322300527,0.01760943028659742,0.01977655075436815,0.018322302069426182,0.017608269409548905,0.014321314160310511,0.025944344849687384,0.03865020601412883,0.08004150065032092,0.042901227341183706,0.018430404200611383,0.011435127762234655,0.024511725197463193,0.0,0.020575440805395803,0.0,0.008705301839179152,0.0,0.008300468193219081,0.020748202847708164,0.05815477533305617,0.34533092139396243,0.057604999122269955,0.1174324227430735
2024-07-23,0.01627910970395392,0.017315955322300527,0.01760943028659742,0.01977655075436815,0.018322302069426182,0.017608269409548905,0.014321314160310511,0.025944344849687384,0.03865020601412883,0.08004150065032092,0.042901227341183706,0.018430404200611383,0.011435127762234655,0.024511725197463193,0.0,0.020575440805395803,0.0,0.008705301839179152,0.0,0.008300468193219081,0.020748202847708164,0.05815477533305617,0.34533092139396243,0.057604999122269955,0.1174324227430735
2024-07-24,0.01627910970395392,0.017315955322300527,0.01760943028659742,0.01977655075436815,0.018322302069426182,0.017608269409548905,0.014321314160310511,0.025944344849687384,0.03865020601412883,0.08004150065032092,0.042901227341183706,0.018430404200611383,0.011435127762234655,0.024511725197463193,0.0,0.020575440805395803,0.0,0.008705301839179152,0.0,0.008300468193219081,0.020748202847708164,0.05815477533305617,0.34533092139396243,0.057604999122269955,0.1174324227430735
2024-07-25,0.01627910970395392,0.017315955322300527,0.01760943028659742,0.01977655075436815,0.018322302069426182,0.017608269409548905,0.014321314160310511,0.025944344849687384,0.03865020601412883,0.08004150065032092,0.042901227341183706,0.018430404200611383,0.011435127762234655,0.024511725197463193,0.0,0.020575440805395803,0.0,0.008705301839179152,0.0,0.008300468193219081,0.020748202847708164,0.05815477533305617,0.34533092139396243,0.057604999122269955,0.1174324227430735
2024-07-26,0.01627910970395392,0.017315955322300527,0.01760943028659742,0.01977655075436815,0.018322302069426182,0.017608269409548905,0.014321314160310511,0.025944344849687384,0.03865020601412883,0.08004150065032092,0.042901227341183706,0.018430404200611383,0.011435127762234655,0.024511725197463193,0.0,0.020575440805395803,0.0,0.008705301839179152,0.0,0.008300468193219081,0.020748202847708164,0.05815477533305617,0.34533092139396243,0.057604999122269955,0.1174324227430735
2024-07-29,0.01627910970395392,0.017315955322300527,0.01760943028659742,0.01977655075436815,0.018322302069426182,0.017608269409548905,0.014321314160310511,0.025944344849687384,0.03865020601412883,0.08004150065032092,0.042901227341183706,0.018430404200611383,0.011435127762234655,0.024511725197463193,0.0,0.020575440805395803,0.0,0.008705301839179152,0.0,0.008300468193219081,0.020748202847708164,0.05815477533305617,0.34533092139396243,0.057604999122269955,0.1174324227430735
2024-07-30,0.01627910970395392,0.017315955322300527,0.01760943028659742,0.01977655075436815,0.018322302069426182,0.017608269409548905,0.014321314160310511,0.025944344849687384,0.03865020601412883,0.08004150065032092,0.042901227341183706,0.018430404200611383,0.011435127762234655,0.024511725197463193,0.0,0.020575440805395803,0.0,0.008705301839179152,0.0,0.008300468193219081,0.020748202847708164,0.05815477533305617,0.34533092139396243,0.057604999122269955,0.1174324227430735
2024-07-31,0.01627910970395392,0.017315955322300527,0.01760943028659742,0.01977655075436815,0.018322302069426182,0.017608269409548905,0.014321314160310511,0.025944344849687384,0.03865020601412883,0.08004150065032092,0.042901227341183706,0.018430404200611383,0.011435127762234655,0.024511725197463193,0.0,0.020575440805395803,0.0,0.008705301839179152,0.0,0.008300468193219081,0.020748202847708164,0.05815477533305617,0.34533092139396243,0.057604999122269955,0.1174324227430735
2024-08-01,0.012886154032245752,0.014084706701590094,0.013563926210997923,0.01675432761114037,0.01916527330038431,0.008985659987926586,0.014816401491501943,0.030539511769698522,0.03239018156491072,0.03378577229734202,0.028953685940357205,0.016094097429687856,0.012632177715841325,0.018264037987234374,0.016302498059956812,0.033700123209057804,0.02514875089914325,0.008350852604631379,0.0,0.008301712412659092,0.0,0.08844834484719362,0.3683399195679252,0.0640012224792691,0.11449066187930486
2024-08-02,0.012886154032245752,0.014084706701590094,0.013563926210997923,0.01675432761114037,0.01916527330038431,0.008985659987926586,0.014816401491501943,0.030539511769698522,0.03239018156491072,0.03378577229734202,0.028953685940357205,0.016094097429687856,0.012632177715841325,0.018264037987234374,0.016302498059956812,0.033700123209057804,0.02514875089914325,0.008350852604631379,0.0,0.008301712412659092,0.0,0.08844834484719362,0.3683399195679252,0.0640012224792691,0.11449066187930486
2024-08-05,0.012886154032245752,0.014084706701590094,0.013563926210997923,0.01675432761114037,0.01916527330038431,0.008985659987926586,0.014816401491501943,0.030539511769698522,0.03239018156491072,0.03378577229734202,0.028953685940357205,0.016094097429687856,0.012632177715841325,0.018264037987234374,0.016302498059956812,0.033700123209057804,0.02514875089914325,0.008350852604631379,0.0,0.008301712412659092,0.0,0.08844834484719362,0.3683399195679252,0.0640012224792691,0.11449066187930486
2024-08-06,0.012886154032245752,0.014084706701590094,0.013563926210997923,0.01675432761114037,0.01916527330038431,0.008985659987926586,0.014816401491501943,0.030539511769698522,0.03239018156491072,0.03378577229734202,0.028953685940357205,0.016094097429687856,0.012632177715841325,0.018264037987234374,0.016302498059956812,0.033700123209057804,0.02514875089914325,0.008350852604631379,0.0,0.008301712412659092,0.0,0.08844834484719362,0.3683399195679252,0.0640012224792691,0.11449066187930486
2024-08-07,0.012886154032245752,0.014084706701590094,0.013563926210997923,0.01675432761114037,0.01916527330038431,0.008985659987926586,0.014816401491501943,0.030539511769698522,0.03239018156491072,0.03378577229734202,0.028953685940357205,0.016094097429687856,0.012632177715841325,0.018264037987234374,0.016302498059956812,0.033700123209057804,0.02514875089914325,0.008350852604631379,0.0,0.008301712412659092,0.0,0.08844834484719362,0.3683399195679252,0.0640012224792691,0.11449066187930486
2024-08-08,0.012886154032245752,0.014084706701590094,0.013563926210997923,0.01675432761114037,0.01916527330038431,0.008985659987926586,0.014816401491501943,0.030539511769698522,0.03239018156491072,0.03378577229734202,0.028953685940357205,0.016094097429687856,0.012632177715841325,0.018264037987234374,0.016302498059956812,0.033700123209057804,0.02514875089914325,0.008350852604631379,0.0,0.008301712412659092,0.0,0.08844834484719362,0.3683399195679252,0.0640012224792691,0.11449066187930486
2024-08-09,0.012886154032245752,0.014084706701590094,0.013563926210997923,0.01675432761114037,0.01916527330038431,0.008985659987926586,0.014816401491501943,0.030539511769698522,0.03239018156491072,0.03378577229734202,0.028953685940357205,0.016094097429687856,0.012632177715841325,0.018264037987234374,0.016302498059956812,0.033700123209057804,0.02514875089914325,0.008350852604631379,0.0,0.008301712412659092,0.0,0.08844834484719362,0.3683399195679252,0.0640012224792691,0.11449066187930486
2024-08-12,0.012886154032245752,0.014084706701590094,0.013563926210997923,0.01675432761114037,0.01916527330038431,0.008985659987926586,0.014816401491501943,0.030539511769698522,0.03239018156491072,0.03378577229734202,0.028953685940357205,0.016094097429687856,0.012632177715841325,0.018264037987234374,0.016302498059956812,0.033700123209057804,0.02514875089914325,0.008350852604631379,0.0,0.008301712412659092,0.0,0.08844834484719362,0.3683399195679252,0.0640012224792691,0.11449066187930486
2024-08-13,0.012886154032245752,0.014084706701590094,0.013563926210997923,0.01675432761114037,0.01916527330038431,0.008985659987926586,0.014816401491501943,0.030539511769698522,0.03239018156491072,0.03378577229734202,0.028953685940357205,0.016094097429687856,0.012632177715841325,0.018264037987234374,0.016302498059956812,0.033700123209057804,0.02514875089914325,0.008350852604631379,0.0,0.008301712412659092,0.0,0.08844834484719362,0.3683399195679252,0.0640012224792691,0.11449066187930486
2024-08-14,0.012886154032245752,0.014084706701590094,0.013563926210997923,0.01675432761114037,0.01916527330038431,0.008985659987926586,0.014816401491501943,0.030539511769698522,0.03239018156491072,0.03378577229734202,0.028953685940357205,0.016094097429687856,0.012632177715841325,0.018264037987234374,0.016302498059956812,0.033700123209057804,0.02514875089914325,0.008350852604631379,0.0,0.008301712412659092,0.0,0.08844834484719362,0.3683399195679252,0.0640012224792691,0.11449066187930486
2024-08-15,0.012886154032245752,0.014084706701590094,0.013563926210997923,0.01675432761114037,0.01916527330038431,0.008985659987926586,0.014816401491501943,0.030539511769698522,0.03239018156491072,0.03378577229734202,0.028953685940357205,0.016094097429687856,0.012632177715841325,0.018264037987234374,0.016302498059956812,0.033700123209057804,0.02514875089914325,0.008350852604631379,0.0,0.008301712412659092,0.0,0.08844834484719362,0.3683399195679252,0.0640012224792691,0.11449066187930486
2024-08-16,0.012886154032245752,0.014084706701590094,0.013563926210997923,0.01675432761114037,0.01916527330038431,0.008985659987926586,0.014816401491501943,0.030539511769698522,0.03239018156491072,0.03378577229734202,0.028953685940357205,0.016094097429687856,0.012632177715841325,0.018264037987234374,0.016302498059956812,0.033700123209057804,0.02514875089914325,0.008350852604631379,0.0,0.008301712412659092,0.0,0.08844834484719362,0.3683399195679252,0.0640012224792691,0.11449066187930486
2024-08-19,0.012886154032245752,0.014084706701590094,0.013563926210997923,0.01675432761114037,0.01916527330038431,0.008985659987926586,0.014816401491501943,0.030539511769698522,0.03239018156491072,0.03378577229734202,0.028953685940357205,0.016094097429687856,0.012632177715841325,0.018264037987234374,0.016302498059956812,0.033700123209057804,0.02514875089914325,0.008350852604631379,0.0,0.008301712412659092,0.0,0.08844834484719362,0.3683399195679252,0.0640012224792691,0.11449066187930486
2024-08-20,0.012886154032245752,0.014084706701590094,0.013563926210997923,0.01675432761114037,0.01916527330038431,0.008985659987926586,0.014816401491501943,0.030539511769698522,0.03239018156491072,0.03378577229734202,0.028953685940357205,0.016094097429687856,0.012632177715841325,0.018264037987234374,0.016302498059956812,0.033700123209057804,0.02514875089914325,0.008350852604631379,0.0,0.008301712412659092,0.0,0.08844834484719362,0.3683399195679252,0.0640012224792691,0.11449066187930486
2024-08-21,0.012886154032245752,0.014084706701590094,0.013563926210997923,0.01675432761114037,0.01916527330038431,0.008985659987926586,0.014816401491501943,0.030539511769698522,0.03239018156491072,0.03378577229734202,0.028953685940357205,0.016094097429687856,0.012632177715841325,0.018264037987234374,0.016302498059956812,0.033700123209057804,0.02514875089914325,0.008350852604631379,0.0,0.008301712412659092,0.0,0.08844834484719362,0.3683399195679252,0.0640012224792691,0.11449066187930486
2024-08-22,0.012886154032245752,0.014084706701590094,0.013563926210997923,0.01675432761114037,0.01916527330038431,0.008985659987926586,0.014816401491501943,0.030539511769698522,0.03239018156491072,0.03378577229734202,0.028953685940357205,0.016094097429687856,0.012632177715841325,0.018264037987234374,0.016302498059956812,0.033700123209057804,0.02514875089914325,0.008350852604631379,0.0,0.008301712412659092,0.0,0.08844834484719362,0.3683399195679252,0.0640012224792691,0.11449066187930486
2024-08-23,0.012886154032245752,0.014084706701590094,0.013563926210997923,0.01675432761114037,0.01916527330038431,0.008985659987926586,0.014816401491501943,0.030539511769698522,0.03239018156491072,0.03378577229734202,0.028953685940357205,0.016094097429687856,0.012632177715841325,0.018264037987234374,0.016302498059956812,0.033700123209057804,0.02514875089914325,0.008350852604631379,0.0,0.008301712412659092,0.0,0.08844834484719362,0.3683399195679252,0.0640012224792691,0.11449066187930486
2024-08-26,0.012886154032245752,0.014084706701590094,0.013563926210997923,0.01675432761114037,0.01916527330038431,0.008985659987926586,0.014816401491501943,0.030539511769698522,0.03239018156491072,0.03378577229734202,0.028953685940357205,0.016094097429687856,0.012632177715841325,0.018264037987234374,0.016302498059956812,0.033700123209057804,0.02514875089914325,0.008350852604631379,0.0,0.008301712412659092,0.0,0.08844834484719362,0.3683399195679252,0.0640012224792691,0.11449066187930486
2024-08-27,0.012886154032245752,0.014084706701590094,0.013563926210997923,0.01675432761114037,0.01916527330038431,0.008985659987926586,0.014816401491501943,0.030539511769698522,0.03239018156491072,0.03378577229734202,0.028953685940357205,0.016094097429687856,0.012632177715841325,0.018264037987234374,0.016302498059956812,0.033700123209057804,0.02514875089914325,0.008350852604631379,0.0,0.008301712412659092,0.0,0.08844834484719362,0.3683399195679252,0.0640012224792691,0.11449066187930486
2024-08-28,0.012886154032245752,0.014084706701590094,0.013563926210997923,0.01675432761114037,0.01916527330038431,0.008985659987926586,0.014816401491501943,0.030539511769698522,0.03239018156491072,0.03378577229734202,0.028953685940357205,0.016094097429687856,0.012632177715841325,0.018264037987234374,0.016302498059956812,0.033700123209057804,0.02514875089914325,0.008350852604631379,0.0,0.008301712412659092,0.0,0.08844834484719362,0.3683399195679252,0.0640012224792691,0.11449066187930486
2024-08-29,0.012886154032245752,0.014084706701590094,0.013563926210997923,0.01675432761114037,0.01916527330038431,0.008985659987926586,0.014816401491501943,0.030539511769698522,0.03239018156491072,0.03378577229734202,0.028953685940357205,0.016094097429687856,0.012632177715841325,0.018264037987234374,0.016302498059956812,0.033700123209057804,0.02514875089914325,0.008350852604631379,0.0,0.008301712412659092,0.0,0.08844834484719362,0.3683399195679252,0.0640012224792691,0.11449066187930486
2024-08-30,0.012886154032245752,0.014084706701590094,0.013563926210997923,0.01675432761114037,0.01916527330038431,0.008985659987926586,0.014816401491501943,0.030539511769698522,0.03239018156491072,0.03378577229734202,0.028953685940357205,0.016094097429687856,0.012632177715841325,0.018264037987234374,0.016302498059956812,0.033700123209057804,0.02514875089914325,0.008350852604631379,0.0,0.008301712412659092,0.0,0.08844834484719362,0.3683399195679252,0.0640012224792691,0.11449066187930486
2024-09-02,0.023138206930730435,0.02659917810318163,0.03257008178785058,0.027709995567909523,0.02906405246487215,0.024302968334185923,0.03233554024593757,0.04366171362836706,0.03654139922466133,0.08861815233546713,0.03790128124313041,0.019755766454505826,0.015013885945092823,0.01799834148849081,0.019654369977260142,0.0525458484567754,0.009751011528349273,0.015437129336644852,0.0,0.015434733422720243,0.034789769502232865,0.06866441961582763,0.1797763206143248,0.06393643584415246,0.08479939794732921
2024-09-03,0.023138206930730435,0.02659917810318163,0.03257008178785058,0.027709995567909523,0.02906405246487215,0.024302968334185923,0.03233554024593757,0.04366171362836706,0.03654139922466133,0.08861815233546713,0.03790128124313041,0.019755766454505826,0.015013885945092823,0.01799834148849081,0.019654369977260142,0.0525458484567754,0.009751011528349273,0.015437129336644852,0.0,0.015434733422720243,0.034789769502232865,0.06866441961582763,0.1797763206143248,0.06393643584415246,0.08479939794732921
2024-09-04,0.023138206930730435,0.02659917810318163,0.03257008178785058,0.027709995567909523,0.02906405246487215,0.024302968334185923,0.03233554024593757,0.04366171362836706,0.03654139922466133,0.08861815233546713,0.03790128124313041,0.019755766454505826,0.015013885945092823,0.01799834148849081,0.019654369977260142,0.0525458484567754,0.009751011528349273,0.015437129336644852,0.0,0.015434733422720243,0.034789769502232865,0.06866441961582763,0.1797763206143248,0.06393643584415246,0.08479939794732921
2024-09-05,0.023138206930730435,0.02659917810318163,0.03257008178785058,0.027709995567909523,0.02906405246487215,0.024302968334185923,0.03233554024593757,0.04366171362836706,0.03654139922466133,0.08861815233546713,0.03790128124313041,0.019755766454505826,0.015013885945092823,0.01799834148849081,0.019654369977260142,0.0525458484567754,0.009751011528349273,0.015437129336644852,0.0,0.015434733422720243,0.034789769502232865,0.06866441961582763,0.1797763206143248,0.06393643584415246,0.08479939794732921
2024-09-06,0.023138206930730435,0.02659917810318163,0.03257008178785058,0.027709995567909523,0.02906405246487215,0.024302968334185923,0.03233554024593757,0.04366171362836706,0.03654139922466133,0.08861815233546713,0.03790128124313041,0.019755766454505826,0.015013885945092823,0.01799834148849081,0.019654369977260142,0.0525458484567754,0.009751011528349273,0.015437129336644852,0.0,0.015434733422720243,0.034789769502232865,0.06866441961582763,0.1797763206143248,0.06393643584415246,0.08479939794732921
2024-09-09,0.023138206930730435,0.02659917810318163,0.03257008178785058,0.027709995567909523,0.02906405246487215,0.024302968334185923,0.03233554024593757,0.04366171362836706,0.03654139922466133,0.08861815233546713,0.03790128124313041,0.019755766454505826,0.015013885945092823,0.01799834148849081,0.019654369977260142,0.0525458484567754,0.009751011528349273,0.015437129336644852,0.0,0.015434733422720243,0.034789769502232865,0.06866441961582763,0.1797763206143248,0.06393643584415246,0.08479939794732921
2024-09-10,0.023138206930730435,0.02659917810318163,0.03257008178785058,0.027709995567909523,0.02906405246487215,0.024302968334185923,0.03233554024593757,0.04366171362836706,0.03654139922466133,0.08861815233546713,0.03790128124313041,0.019755766454505826,0.015013885945092823,0.01799834148849081,0.019654369977260142,0.0525458484567754,0.009751011528349273,0.015437129336644852,0.0,0.015434733422720243,0.034789769502232865,0.06866441961582763,0.1797763206143248,0.06393643584415246,0.08479939794732921
2024-09-11,0.023138206930730435,0.02659917810318163,0.03257008178785058,0.027709995567909523,0.02906405246487215,0.024302968334185923,0.03233554024593757,0.04366171362836706,0.03654139922466133,0.08861815233546713,0.03790128124313041,0.019755766454505826,0.015013885945092823,0.01799834148849081,0.019654369977260142,0.0525458484567754,0.009751011528349273,0.015437129336644852,0.0,0.015434733422720243,0.034789769502232865,0.06866441961582763,0.1797763206143248,0.06393643584415246,0.08479939794732921
2024-09-12,0.023138206930730435,0.02659917810318163,0.03257008178785058,0.027709995567909523,0.02906405246487215,0.024302968334185923,0.03233554024593757,0.04366171362836706,0.03654139922466133,0.08861815233546713,0.03790128124313041,0.019755766454505826,0.015013885945092823,0.01799834148849081,0.019654369977260142,0.0525458484567754,0.009751011528349273,0.015437129336644852,0.0,0.015434733422720243,0.034789769502232865,0.06866441961582763,0.1797763206143248,0.06393643584415246,0.08479939794732921
2024-09-13,0.023138206930730435,0.02659917810318163,0.03257008178785058,0.027709995567909523,0.02906405246487215,0.024302968334185923,0.03233554024593757,0.04366171362836706,0.03654139922466133,0.08861815233546713,0.03790128124313041,0.019755766454505826,0.015013885945092823,0.01799834148849081,0.019654369977260142,0.0525458484567754,0.009751011528349273,0.015437129336644852,0.0,0.015434733422720243,0.034789769502232865,0.06866441961582763,0.1797763206143248,0.06393643584415246,0.08479939794732921
2024-09-16,0.023138206930730435,0.02659917810318163,0.03257008178785058,0.027709995567909523,0.02906405246487215,0.024302968334185923,0.03233554024593757,0.04366171362836706,0.03654139922466133,0.08861815233546713,0.03790128124313041,0.019755766454505826,0.015013885945092823,0.01799834148849081,0.019654369977260142,0.0525458484567754,0.009751011528349273,0.015437129336644852,0.0,0.015434733422720243,0.034789769502232865,0.06866441961582763,0.1797763206143248,0.06393643584415246,0.08479939794732921
2024-09-17,0.023138206930730435,0.02659917810318163,0.03257008178785058,0.027709995567909523,0.02906405246487215,0.024302968334185923,0.03233554024593757,0.04366171362836706,0.03654139922466133,0.08861815233546713,0.03790128124313041,0.019755766454505826,0.015013885945092823,0.01799834148849081,0.019654369977260142,0.0525458484567754,0.009751011528349273,0.015437129336644852,0.0,0.015434733422720243,0.034789769502232865,0.06866441961582763,0.1797763206143248,0.06393643584415246,0.08479939794732921
2024-09-18,0.023138206930730435,0.02659917810318163,0.03257008178785058,0.027709995567909523,0.02906405246487215,0.024302968334185923,0.03233554024593757,0.04366171362836706,0.03654139922466133,0.08861815233546713,0.03790128124313041,0.019755766454505826,0.015013885945092823,0.01799834148849081,0.019654369977260142,0.0525458484567754,0.009751011528349273,0.015437129336644852,0.0,0.015434733422720243,0.034789769502232865,0.06866441961582763,0.1797763206143248,0.06393643584415246,0.08479939794732921
2024-09-19,0.023138206930730435,0.02659917810318163,0.03257008178785058,0.027709995567909523,0.02906405246487215,0.024302968334185923,0.03233554024593757,0.04366171362836706,0.03654139922466133,0.08861815233546713,0.03790128124313041,0.019755766454505826,0.015013885945092823,0.01799834148849081,0.019654369977260142,0.0525458484567754,0.009751011528349273,0.015437129336644852,0.0,0.015434733422720243,0.034789769502232865,0.06866441961582763,0.1797763206143248,0.06393643584415246,0.08479939794732921
2024-09-20,0.023138206930730435,0.02659917810318163,0.03257008178785058,0.027709995567909523,0.02906405246487215,0.024302968334185923,0.03233554024593757,0.04366171362836706,0.03654139922466133,0.08861815233546713,0.03790128124313041,0.019755766454505826,0.015013885945092823,0.01799834148849081,0.019654369977260142,0.0525458484567754,0.009751011528349273,0.015437129336644852,0.0,0.015434733422720243,0.034789769502232865,0.06866441961582763,0.1797763206143248,0.06393643584415246,0.08479939794732921
2024-09-23,0.023138206930730435,0.02659917810318163,0.03257008178785058,0.027709995567909523,0.02906405246487215,0.024302968334185923,0.03233554024593757,0.04366171362836706,0.03654139922466133,0.08861815233546713,0.03790128124313041,0.019755766454505826,0.015013885945092823,0.01799834148849081,0.019654369977260142,0.0525458484567754,0.009751011528349273,0.015437129336644852,0.0,0.015434733422720243,0.034789769502232865,0.06866441961582763,0.1797763206143248,0.06393643584415246,0.08479939794732921
2024-09-24,0.023138206930730435,0.02659917810318163,0.03257008178785058,0.027709995567909523,0.02906405246487215,0.024302968334185923,0.03233554024593757,0.04366171362836706,0.03654139922466133,0.08861815233546713,0.03790128124313041,0.019755766454505826,0.015013885945092823,0.01799834148849081,0.019654369977260142,0.0525458484567754,0.009751011528349273,0.015437129336644852,0.0,0.015434733422720243,0.034789769502232865,0.06866441961582763,0.1797763206143248,0.06393643584415246,0.08479939794732921
2024-09-25,0.023138206930730435,0.02659917810318163,0.03257008178785058,0.027709995567909523,0.02906405246487215,0.024302968334185923,0.03233554024593757,0.04366171362836706,0.03654139922466133,0.08861815233546713,0.03790128124313041,0.019755766454505826,0.015013885945092823,0.01799834148849081,0.019654369977260142,0.0525458484567754,0.009751011528349273,0.015437129336644852,0.0,0.015434733422720243,0.034789769502232865,0.06866441961582763,0.1797763206143248,0.06393643584415246,0.08479939794732921
2024-09-26,0.023138206930730435,0.02659917810318163,0.03257008178785058,0.027709995567909523,0.02906405246487215,0.024302968334185923,0.03233554024593757,0.04366171362836706,0.03654139922466133,0.08861815233546713,0.03790128124313041,0.019755766454505826,0.015013885945092823,0.01799834148849081,0.019654369977260142,0.0525458484567754,0.009751011528349273,0.015437129336644852,0.0,0.015434733422720243,0.034789769502232865,0.06866441961582763,0.1797763206143248,0.06393643584415246,0.08479939794732921
2024-09-27,0.023138206930730435,0.02659917810318163,0.03257008178785058,0.027709995567909523,0.02906405246487215,0.024302968334185923,0.03233554024593757,0.04366171362836706,0.03654139922466133,0.08861815233546713,0.03790128124313041,0.019755766454505826,0.015013885945092823,0.01799834148849081,0.019654369977260142,0.0525458484567754,0.009751011528349273,0.015437129336644852,0.0,0.015434733422720243,0.034789769502232865,0.06866441961582763,0.1797763206143248,0.06393643584415246,0.08479939794732921
2024-09-30,0.023138206930730435,0.02659917810318163,0.03257008178785058,0.027709995567909523,0.02906405246487215,0.024302968334185923,0.03233554024593757,0.04366171362836706,0.03654139922466133,0.08861815233546713,0.03790128124313041,0.019755766454505826,0.015013885945092823,0.01799834148849081,0.019654369977260142,0.0525458484567754,0.009751011528349273,0.015437129336644852,0.0,0.015434733422720243,0.034789769502232865,0.06866441961582763,0.1797763206143248,0.06393643584415246,0.08479939794732921
2024-10-01,0.01586796594179833,0.016140850083585047,0.013937827716717498,0.016823793282519792,0.01910524545244959,0.011767039358794378,0.014977658686549211,0.0331427306674628,0.0667998518624431,0.0695449209791034,0.04546178709630491,0.02639953136418219,0.0187415736633445,0.010724803654345439,0.007703954966380227,0.034420017580808836,0.012638202638909666,0.008509524209354765,0.0,0.008524554909198316,0.04908509420649029,0.08592409842385931,0.20396271571777874,0.07003528297820798,0.1397609745594115
2024-10-02,0.01586796594179833,0.016140850083585047,0.013937827716717498,0.016823793282519792,0.01910524545244959,0.011767039358794378,0.014977658686549211,0.0331427306674628,0.0667998518624431,0.0695449209791034,0.04546178709630491,0.02639953136418219,0.0187415736633445,0.010724803654345439,0.007703954966380227,0.034420017580808836,0.012638202638909666,0.008509524209354765,0.0,0.008524554909198316,0.04908509420649029,0.08592409842385931,0.20396271571777874,0.07003528297820798,0.1397609745594115
2024-10-03,0.01586796594179833,0.016140850083585047,0.013937827716717498,0.016823793282519792,0.01910524545244959,0.011767039358794378,0.014977658686549211,0.0331427306674628,0.0667998518624431,0.0695449209791034,0.04546178709630491,0.02639953136418219,0.0187415736633445,0.010724803654345439,0.007703954966380227,0.034420017580808836,0.012638202638909666,0.008509524209354765,0.0,0.008524554909198316,0.04908509420649029,0.08592409842385931,0.20396271571777874,0.07003528297820798,0.1397609745594115
2024-10-04,0.01586796594179833,0.016140850083585047,0.013937827716717498,0.016823793282519792,0.01910524545244959,0.011767039358794378,0.014977658686549211,0.0331427306674628,0.0667998518624431,0.0695449209791034,0.04546178709630491,0.02639953136418219,0.0187415736633445,0.010724803654345439,0.007703954966380227,0.034420017580808836,0.012638202638909666,0.008509524209354765,0.0,0.008524554909198316,0.04908509420649029,0.08592409842385931,0.20396271571777874,0.07003528297820798,0.1397609745594115
2024-10-07,0.01586796594179833,0.016140850083585047,0.013937827716717498,0.016823793282519792,0.01910524545244959,0.011767039358794378,0.014977658686549211,0.0331427306674628,0.0667998518624431,0.0695449209791034,0.04546178709630491,0.02639953136418219,0.0187415736633445,0.010724803654345439,0.007703954966380227,0.034420017580808836,0.012638202638909666,0.008509524209354765,0.0,0.008524554909198316,0.04908509420649029,0.08592409842385931,0.20396271571777874,0.07003528297820798,0.1397609745594115
2024-10-08,0.01586796594179833,0.016140850083585047,0.013937827716717498,0.016823793282519792,0.01910524545244959,0.011767039358794378,0.014977658686549211,0.0331427306674628,0.0667998518624431,0.0695449209791034,0.04546178709630491,0.02639953136418219,0.0187415736633445,0.010724803654345439,0.007703954966380227,0.034420017580808836,0.012638202638909666,0.008509524209354765,0.0,0.008524554909198316,0.04908509420649029,0.08592409842385931,0.20396271571777874,0.07003528297820798,0.1397609745594115
2024-10-09,0.01586796594179833,0.016140850083585047,0.013937827716717498,0.016823793282519792,0.01910524545244959,0.011767039358794378,0.014977658686549211,0.0331427306674628,0.0667998518624431,0.0695449209791034,0.04546178709630491,0.02639953136418219,0.0187415736633445,0.010724803654345439,0.007703954966380227,0.034420017580808836,0.012638202638909666,0.008509524209354765,0.0,0.008524554909198316,0.04908509420649029,0.08592409842385931,0.20396271571777874,0.07003528297820798,0.1397609745594115
2024-10-10,0.01586796594179833,0.016140850083585047,0.013937827716717498,0.016823793282519792,0.01910524545244959,0.011767039358794378,0.014977658686549211,0.0331427306674628,0.0667998518624431,0.0695449209791034,0.04546178709630491,0.02639953136418219,0.0187415736633445,0.010724803654345439,0.007703954966380227,0.034420017580808836,0.012638202638909666,0.008509524209354765,0.0,0.008524554909198316,0.04908509420649029,0.08592409842385931,0.20396271571777874,0.07003528297820798,0.1397609745594115
2024-10-11,0.01586796594179833,0.016140850083585047,0.013937827716717498,0.016823793282519792,0.01910524545244959,0.011767039358794378,0.014977658686549211,0.0331427306674628,0.0667998518624431,0.0695449209791034,0.04546178709630491,0.02639953136418219,0.0187415736633445,0.010724803654345439,0.007703954966380227,0.034420017580808836,0.012638202638909666,0.008509524209354765,0.0,0.008524554909198316,0.04908509420649029,0.08592409842385931,0.20396271571777874,0.07003528297820798,0.1397609745594115
2024-10-14,0.01586796594179833,0.016140850083585047,0.013937827716717498,0.016823793282519792,0.01910524545244959,0.011767039358794378,0.014977658686549211,0.0331427306674628,0.0667998518624431,0.0695449209791034,0.04546178709630491,0.02639953136418219,0.0187415736633445,0.010724803654345439,0.007703954966380227,0.034420017580808836,0.012638202638909666,0.008509524209354765,0.0,0.008524554909198316,0.04908509420649029,0.08592409842385931,0.20396271571777874,0.07003528297820798,0.1397609745594115
2024-10-15,0.01586796594179833,0.016140850083585047,0.013937827716717498,0.016823793282519792,0.01910524545244959,0.011767039358794378,0.014977658686549211,0.0331427306674628,0.0667998518624431,0.0695449209791034,0.04546178709630491,0.02639953136418219,0.0187415736633445,0.010724803654345439,0.007703954966380227,0.034420017580808836,0.012638202638909666,0.008509524209354765,0.0,0.008524554909198316,0.04908509420649029,0.08592409842385931,0.20396271571777874,0.07003528297820798,0.1397609745594115
2024-10-16,0.01586796594179833,0.016140850083585047,0.013937827716717498,0.016823793282519792,0.01910524545244959,0.011767039358794378,0.014977658686549211,0.0331427306674628,0.0667998518624431,0.0695449209791034,0.04546178709630491,0.02639953136418219,0.0187415736633445,0.010724803654345439,0.007703954966380227,0.034420017580808836,0.012638202638909666,0.008509524209354765,0.0,0.008524554909198316,0.04908509420649029,0.08592409842385931,0.20396271571777874,0.07003528297820798,0.1397609745594115
2024-10-17,0.01586796594179833,0.016140850083585047,0.013937827716717498,0.016823793282519792,0.01910524545244959,0.011767039358794378,0.014977658686549211,0.0331427306674628,0.0667998518624431,0.0695449209791034,0.04546178709630491,0.02639953136418219,0.0187415736633445,0.010724803654345439,0.007703954966380227,0.034420017580808836,0.012638202638909666,0.008509524209354765,0.0,0.008524554909198316,0.04908509420649029,0.08592409842385931,0.20396271571777874,0.07003528297820798,0.1397609745594115
2024-10-18,0.01586796594179833,0.016140850083585047,0.013937827716717498,0.016823793282519792,0.01910524545244959,0.011767039358794378,0.014977658686549211,0.0331427306674628,0.0667998518624431,0.0695449209791034,0.04546178709630491,0.02639953136418219,0.0187415736633445,0.010724803654345439,0.007703954966380227,0.034420017580808836,0.012638202638909666,0.008509524209354765,0.0,0.008524554909198316,0.04908509420649029,0.08592409842385931,0.20396271571777874,0.07003528297820798,0.1397609745594115
2024-10-21,0.01586796594179833,0.016140850083585047,0.013937827716717498,0.016823793282519792,0.01910524545244959,0.011767039358794378,0.014977658686549211,0.0331427306674628,0.0667998518624431,0.0695449209791034,0.04546178709630491,0.02639953136418219,0.0187415736633445,0.010724803654345439,0.007703954966380227,0.034420017580808836,0.012638202638909666,0.008509524209354765,0.0,0.008524554909198316,0.04908509420649029,0.08592409842385931,0.20396271571777874,0.07003528297820798,0.1397609745594115
2024-10-22,0.01586796594179833,0.016140850083585047,0.013937827716717498,0.016823793282519792,0.01910524545244959,0.011767039358794378,0.014977658686549211,0.0331427306674628,0.0667998518624431,0.0695449209791034,0.04546178709630491,0.02639953136418219,0.0187415736633445,0.010724803654345439,0.007703954966380227,0.034420017580808836,0.012638202638909666,0.008509524209354765,0.0,0.008524554909198316,0.04908509420649029,0.08592409842385931,0.20396271571777874,0.07003528297820798,0.1397609745594115
2024-10-23,0.01586796594179833,0.016140850083585047,0.013937827716717498,0.016823793282519792,0.01910524545244959,0.011767039358794378,0.014977658686549211,0.0331427306674628,0.0667998518624431,0.0695449209791034,0.04546178709630491,0.02639953136418219,0.0187415736633445,0.010724803654345439,0.007703954966380227,0.034420017580808836,0.012638202638909666,0.008509524209354765,0.0,0.008524554909198316,0.04908509420649029,0.08592409842385931,0.20396271571777874,0.07003528297820798,0.1397609745594115
2024-10-24,0.01586796594179833,0.016140850083585047,0.013937827716717498,0.016823793282519792,0.01910524545244959,0.011767039358794378,0.014977658686549211,0.0331427306674628,0.0667998518624431,0.0695449209791034,0.04546178709630491,0.02639953136418219,0.0187415736633445,0.010724803654345439,0.007703954966380227,0.034420017580808836,0.012638202638909666,0.008509524209354765,0.0,0.008524554909198316,0.04908509420649029,0.08592409842385931,0.20396271571777874,0.07003528297820798,0.1397609745594115
2024-10-25,0.01586796594179833,0.016140850083585047,0.013937827716717498,0.016823793282519792,0.01910524545244959,0.011767039358794378,0.014977658686549211,0.0331427306674628,0.0667998518624431,0.0695449209791034,0.04546178709630491,0.02639953136418219,0.0187415736633445,0.010724803654345439,0.007703954966380227,0.034420017580808836,0.012638202638909666,0.008509524209354765,0.0,0.008524554909198316,0.04908509420649029,0.08592409842385931,0.20396271571777874,0.07003528297820798,0.1397609745594115
2024-10-28,0.01586796594179833,0.016140850083585047,0.013937827716717498,0.016823793282519792,0.01910524545244959,0.011767039358794378,0.014977658686549211,0.0331427306674628,0.0667998518624431,0.0695449209791034,0.04546178709630491,0.02639953136418219,0.0187415736633445,0.010724803654345439,0.007703954966380227,0.034420017580808836,0.012638202638909666,0.008509524209354765,0.0,0.008524554909198316,0.04908509420649029,0.08592409842385931,0.20396271571777874,0.07003528297820798,0.1397609745594115
2024-10-29,0.01586796594179833,0.016140850083585047,0.013937827716717498,0.016823793282519792,0.01910524545244959,0.011767039358794378,0.014977658686549211,0.0331427306674628,0.0667998518624431,0.0695449209791034,0.04546178709630491,0.02639953136418219,0.0187415736633445,0.010724803654345439,0.007703954966380227,0.034420017580808836,0.012638202638909666,0.008509524209354765,0.0,0.008524554909198316,0.04908509420649029,0.08592409842385931,0.20396271571777874,0.07003528297820798,0.1397609745594115
2024-10-30,0.01586796594179833,0.016140850083585047,0.013937827716717498,0.016823793282519792,0.01910524545244959,0.011767039358794378,0.014977658686549211,0.0331427306674628,0.0667998518624431,0.0695449209791034,0.04546178709630491,0.02639953136418219,0.0187415736633445,0.010724803654345439,0.007703954966380227,0.034420017580808836,0.012638202638909666,0.008509524209354765,0.0,0.008524554909198316,0.04908509420649029,0.08592409842385931,0.20396271571777874,0.07003528297820798,0.1397609745594115
2024-10-31,0.01586796594179833,0.016140850083585047,0.013937827716717498,0.016823793282519792,0.01910524545244959,0.011767039358794378,0.014977658686549211,0.0331427306674628,0.0667998518624431,0.0695449209791034,0.04546178709630491,0.02639953136418219,0.0187415736633445,0.010724803654345439,0.007703954966380227,0.034420017580808836,0.012638202638909666,0.008509524209354765,0.0,0.008524554909198316,0.04908509420649029,0.08592409842385931,0.20396271571777874,0.07003528297820798,0.1397609745594115
2024-11-01,0.016721389837468546,0.021323138128249312,0.024385294716311727,0.018586689793972638,0.01773623803224584,0.019287379596521995,0.01614745208875477,0.03273876287345668,0.046659428541251435,0.041870006328412986,0.03781893962379942,0.020856345729749814,0.012610044688922049,0.019397519555825304,0.013623585222036601,0.025943041858813336,0.0,0.01115621363420153,0.0,0.012489299144778067,0.04020913979257711,0.09600727374446773,0.3115489394176702,0.0743824989413089,0.0685013787092039
2024-11-04,0.016721389837468546,0.021323138128249312,0.024385294716311727,0.018586689793972638,0.01773623803224584,0.019287379596521995,0.01614745208875477,0.03273876287345668,0.046659428541251435,0.041870006328412986,0.03781893962379942,0.020856345729749814,0.012610044688922049,0.019397519555825304,0.013623585222036601,0.025943041858813336,0.0,0.01115621363420153,0.0,0.012489299144778067,0.04020913979257711,0.09600727374446773,0.3115489394176702,0.0743824989413089,0.0685013787092039
2024-11-05,0.016721389837468546,0.021323138128249312,0.024385294716311727,0.018586689793972638,0.01773623803224584,0.019287379596521995,0.01614745208875477,0.03273876287345668,0.046659428541251435,0.041870006328412986,0.03781893962379942,0.020856345729749814,0.012610044688922049,0.019397519555825304,0.013623585222036601,0.025943041858813336,0.0,0.01115621363420153,0.0,0.012489299144778067,0.04020913979257711,0.09600727374446773,0.3115489394176702,0.0743824989413089,0.0685013787092039
2024-11-06,0.016721389837468546,0.021323138128249312,0.024385294716311727,0.018586689793972638,0.01773623803224584,0.019287379596521995,0.01614745208875477,0.03273876287345668,0.046659428541251435,0.041870006328412986,0.03781893962379942,0.020856345729749814,0.012610044688922049,0.019397519555825304,0.013623585222036601,0.025943041858813336,0.0,0.01115621363420153,0.0,0.012489299144778067,0.04020913979257711,0.09600727374446773,0.3115489394176702,0.0743824989413089,0.0685013787092039
2024-11-07,0.016721389837468546,0.021323138128249312,0.024385294716311727,0.018586689793972638,0.01773623803224584,0.019287379596521995,0.01614745208875477,0.03273876287345668,0.046659428541251435,0.041870006328412986,0.03781893962379942,0.020856345729749814,0.012610044688922049,0.019397519555825304,0.013623585222036601,0.025943041858813336,0.0,0.01115621363420153,0.0,0.012489299144778067,0.04020913979257711,0.09600727374446773,0.3115489394176702,0.0743824989413089,0.0685013787092039
2024-11-08,0.016721389837468546,0.021323138128249312,0.024385294716311727,0.018586689793972638,0.01773623803224584,0.019287379596521995,0.01614745208875477,0.03273876287345668,0.046659428541251435,0.041870006328412986,0.03781893962379942,0.020856345729749814,0.012610044688922049,0.019397519555825304,0.013623585222036601,0.025943041858813336,0.0,0.01115621363420153,0.0,0.012489299144778067,0.04020913979257711,0.09600727374446773,0.3115489394176702,0.0743824989413089,0.0685013787092039
2024-11-11,0.016721389837468546,0.021323138128249312,0.024385294716311727,0.018586689793972638,0.01773623803224584,0.019287379596521995,0.01614745208875477,0.03273876287345668,0.046659428541251435,0.041870006328412986,0.03781893962379942,0.020856345729749814,0.012610044688922049,0.019397519555825304,0.013623585222036601,0.025943041858813336,0.0,0.01115621363420153,0.0,0.012489299144778067,0.04020913979257711,0.09600727374446773,0.3115489394176702,0.0743824989413089,0.0685013787092039
2024-11-12,0.016721389837468546,0.021323138128249312,0.024385294716311727,0.018586689793972638,0.01773623803224584,0.019287379596521995,0.01614745208875477,0.03273876287345668,0.046659428541251435,0.041870006328412986,0.03781893962379942,0.020856345729749814,0.012610044688922049,0.019397519555825304,0.013623585222036601,0.025943041858813336,0.0,0.01115621363420153,0.0,0.012489299144778067,0.04020913979257711,0.09600727374446773,0.3115489394176702,0.0743824989413089,0.0685013787092039
2024-11-13,0.016721389837468546,0.021323138128249312,0.024385294716311727,0.018586689793972638,0.01773623803224584,0.019287379596521995,0.01614745208875477,0.03273876287345668,0.046659428541251435,0.041870006328412986,0.03781893962379942,0.020856345729749814,0.012610044688922049,0.019397519555825304,0.013623585222036601,0.025943041858813336,0.0,0.01115621363420153,0.0,0.012489299144778067,0.04020913979257711,0.09600727374446773,0.3115489394176702,0.0743824989413089,0.0685013787092039
2024-11-14,0.016721389837468546,0.021323138128249312,0.024385294716311727,0.018586689793972638,0.01773623803224584,0.019287379596521995,0.01614745208875477,0.03273876287345668,0.046659428541251435,0.041870006328412986,0.03781893962379942,0.020856345729749814,0.012610044688922049,0.019397519555825304,0.013623585222036601,0.025943041858813336,0.0,0.01115621363420153,0.0,0.012489299144778067,0.04020913979257711,0.09600727374446773,0.3115489394176702,0.0743824989413089,0.0685013787092039
2024-11-15,0.016721389837468546,0.021323138128249312,0.024385294716311727,0.018586689793972638,0.01773623803224584,0.019287379596521995,0.01614745208875477,0.03273876287345668,0.046659428541251435,0.041870006328412986,0.03781893962379942,0.020856345729749814,0.012610044688922049,0.019397519555825304,0.013623585222036601,0.025943041858813336,0.0,0.01115621363420153,0.0,0.012489299144778067,0.04020913979257711,0.09600727374446773,0.3115489394176702,0.0743824989413089,0.0685013787092039
2024-11-18,0.016721389837468546,0.021323138128249312,0.024385294716311727,0.018586689793972638,0.01773623803224584,0.019287379596521995,0.01614745208875477,0.03273876287345668,0.046659428541251435,0.041870006328412986,0.03781893962379942,0.020856345729749814,0.012610044688922049,0.019397519555825304,0.013623585222036601,0.025943041858813336,0.0,0.01115621363420153,0.0,0.012489299144778067,0.04020913979257711,0.09600727374446773,0.3115489394176702,0.0743824989413089,0.0685013787092039
2024-11-19,0.016721389837468546,0.021323138128249312,0.024385294716311727,0.018586689793972638,0.01773623803224584,0.019287379596521995,0.01614745208875477,0.03273876287345668,0.046659428541251435,0.041870006328412986,0.03781893962379942,0.020856345729749814,0.012610044688922049,0.019397519555825304,0.013623585222036601,0.025943041858813336,0.0,0.01115621363420153,0.0,0.012489299144778067,0.04020913979257711,0.09600727374446773,0.3115489394176702,0.0743824989413089,0.0685013787092039
2024-11-20,0.016721389837468546,0.021323138128249312,0.024385294716311727,0.018586689793972638,0.01773623803224584,0.019287379596521995,0.01614745208875477,0.03273876287345668,0.046659428541251435,0.041870006328412986,0.03781893962379942,0.020856345729749814,0.012610044688922049,0.019397519555825304,0.013623585222036601,0.025943041858813336,0.0,0.01115621363420153,0.0,0.012489299144778067,0.04020913979257711,0.09600727374446773,0.3115489394176702,0.0743824989413089,0.0685013787092039
2024-11-21,0.016721389837468546,0.021323138128249312,0.024385294716311727,0.018586689793972638,0.01773623803224584,0.019287379596521995,0.01614745208875477,0.03273876287345668,0.046659428541251435,0.041870006328412986,0.03781893962379942,0.020856345729749814,0.012610044688922049,0.019397519555825304,0.013623585222036601,0.025943041858813336,0.0,0.01115621363420153,0.0,0.012489299144778067,0.04020913979257711,0.09600727374446773,0.3115489394176702,0.0743824989413089,0.0685013787092039
2024-11-22,0.016721389837468546,0.021323138128249312,0.024385294716311727,0.018586689793972638,0.01773623803224584,0.019287379596521995,0.01614745208875477,0.03273876287345668,0.046659428541251435,0.041870006328412986,0.03781893962379942,0.020856345729749814,0.012610044688922049,0.019397519555825304,0.013623585222036601,0.025943041858813336,0.0,0.01115621363420153,0.0,0.012489299144778067,0.04020913979257711,0.09600727374446773,0.3115489394176702,0.0743824989413089,0.0685013787092039
2024-11-25,0.016721389837468546,0.021323138128249312,0.024385294716311727,0.018586689793972638,0.01773623803224584,0.019287379596521995,0.01614745208875477,0.03273876287345668,0.046659428541251435,0.041870006328412986,0.03781893962379942,0.020856345729749814,0.012610044688922049,0.019397519555825304,0.013623585222036601,0.025943041858813336,0.0,0.01115621363420153,0.0,0.012489299144778067,0.04020913979257711,0.09600727374446773,0.3115489394176702,0.0743824989413089,0.0685013787092039
2024-11-26,0.016721389837468546,0.021323138128249312,0.024385294716311727,0.018586689793972638,0.01773623803224584,0.019287379596521995,0.01614745208875477,0.03273876287345668,0.046659428541251435,0.041870006328412986,0.03781893962379942,0.020856345729749814,0.012610044688922049,0.019397519555825304,0.013623585222036601,0.025943041858813336,0.0,0.01115621363420153,0.0,0.012489299144778067,0.04020913979257711,0.09600727374446773,0.3115489394176702,0.0743824989413089,0.0685013787092039
2024-11-27,0.016721389837468546,0.021323138128249312,0.024385294716311727,0.018586689793972638,0.01773623803224584,0.019287379596521995,0.01614745208875477,0.03273876287345668,0.046659428541251435,0.041870006328412986,0.03781893962379942,0.020856345729749814,0.012610044688922049,0.019397519555825304,0.013623585222036601,0.025943041858813336,0.0,0.01115621363420153,0.0,0.012489299144778067,0.04020913979257711,0.09600727374446773,0.3115489394176702,0.0743824989413089,0.0685013787092039
2024-11-28,0.016721389837468546,0.021323138128249312,0.024385294716311727,0.018586689793972638,0.01773623803224584,0.019287379596521995,0.01614745208875477,0.03273876287345668,0.046659428541251435,0.041870006328412986,0.03781893962379942,0.020856345729749814,0.012610044688922049,0.019397519555825304,0.013623585222036601,0.025943041858813336,0.0,0.01115621363420153,0.0,0.012489299144778067,0.04020913979257711,0.09600727374446773,0.3115489394176702,0.0743824989413089,0.0685013787092039
2024-11-29,0.016721389837468546,0.021323138128249312,0.024385294716311727,0.018586689793972638,0.01773623803224584,0.019287379596521995,0.01614745208875477,0.03273876287345668,0.046659428541251435,0.041870006328412986,0.03781893962379942,0.020856345729749814,0.012610044688922049,0.019397519555825304,0.013623585222036601,0.025943041858813336,0.0,0.01115621363420153,0.0,0.012489299144778067,0.04020913979257711,0.09600727374446773,0.3115489394176702,0.0743824989413089,0.0685013787092039
2024-12-02,0.01901016019745243,0.021665347911742353,0.018709414757908854,0.021652702677423155,0.022970689477976144,0.018189744273624537,0.018871484243650562,0.029428187870856062,0.054542236790323995,0.04658115202922973,0.06350690565162674,0.05097155387134476,0.03716576219999487,0.01836513389706014,0.01724529233493093,0.020455009009302506,0.0,0.009917787692386625,0.0,0.00966079950920466,0.022007174217545677,0.051405767835236274,0.27232199711191074,0.043238040919321395,0.11211765551994701
2024-12-03,0.01901016019745243,0.021665347911742353,0.018709414757908854,0.021652702677423155,0.022970689477976144,0.018189744273624537,0.018871484243650562,0.029428187870856062,0.054542236790323995,0.04658115202922973,0.06350690565162674,0.05097155387134476,0.03716576219999487,0.01836513389706014,0.01724529233493093,0.020455009009302506,0.0,0.009917787692386625,0.0,0.00966079950920466,0.022007174217545677,0.051405767835236274,0.27232199711191074,0.043238040919321395,0.11211765551994701
2024-12-04,0.01901016019745243,0.021665347911742353,0.018709414757908854,0.021652702677423155,0.022970689477976144,0.018189744273624537,0.018871484243650562,0.029428187870856062,0.054542236790323995,0.04658115202922973,0.06350690565162674,0.05097155387134476,0.03716576219999487,0.01836513389706014,0.01724529233493093,0.020455009009302506,0.0,0.009917787692386625,0.0,0.00966079950920466,0.022007174217545677,0.051405767835236274,0.27232199711191074,0.043238040919321395,0.11211765551994701
2024-12-05,0.01901016019745243,0.021665347911742353,0.018709414757908854,0.021652702677423155,0.022970689477976144,0.018189744273624537,0.018871484243650562,0.029428187870856062,0.054542236790323995,0.04658115202922973,0.06350690565162674,0.05097155387134476,0.03716576219999487,0.01836513389706014,0.01724529233493093,0.020455009009302506,0.0,0.009917787692386625,0.0,0.00966079950920466,0.022007174217545677,0.051405767835236274,0.27232199711191074,0.043238040919321395,0.11211765551994701
2024-12-06,0.01901016019745243,0.021665347911742353,0.018709414757908854,0.021652702677423155,0.022970689477976144,0.018189744273624537,0.018871484243650562,0.029428187870856062,0.054542236790323995,0.04658115202922973,0.06350690565162674,0.05097155387134476,0.03716576219999487,0.01836513389706014,0.01724529233493093,0.020455009009302506,0.0,0.009917787692386625,0.0,0.00966079950920466,0.022007174217545677,0.051405767835236274,0.27232199711191074,0.043238040919321395,0.11211765551994701
2024-12-09,0.01901016019745243,0.021665347911742353,0.018709414757908854,0.021652702677423155,0.022970689477976144,0.018189744273624537,0.018871484243650562,0.029428187870856062,0.054542236790323995,0.04658115202922973,0.06350690565162674,0.05097155387134476,0.03716576219999487,0.01836513389706014,0.01724529233493093,0.020455009009302506,0.0,0.009917787692386625,0.0,0.00966079950920466,0.022007174217545677,0.051405767835236274,0.27232199711191074,0.043238040919321395,0.11211765551994701
2024-12-10,0.01901016019745243,0.021665347911742353,0.018709414757908854,0.021652702677423155,0.022970689477976144,0.018189744273624537,0.018871484243650562,0.029428187870856062,0.054542236790323995,0.04658115202922973,0.06350690565162674,0.05097155387134476,0.03716576219999487,0.01836513389706014,0.01724529233493093,0.020455009009302506,0.0,0.009917787692386625,0.0,0.00966079950920466,0.022007174217545677,0.051405767835236274,0.27232199711191074,0.043238040919321395,0.11211765551994701
2024-12-11,0.01901016019745243,0.021665347911742353,0.018709414757908854,0.021652702677423155,0.022970689477976144,0.018189744273624537,0.018871484243650562,0.029428187870856062,0.054542236790323995,0.04658115202922973,0.06350690565162674,0.05097155387134476,0.03716576219999487,0.01836513389706014,0.01724529233493093,0.020455009009302506,0.0,0.009917787692386625,0.0,0.00966079950920466,0.022007174217545677,0.051405767835236274,0.27232199711191074,0.043238040919321395,0.11211765551994701
2024-12-12,0.01901016019745243,0.021665347911742353,0.018709414757908854,0.021652702677423155,0.022970689477976144,0.018189744273624537,0.018871484243650562,0.029428187870856062,0.054542236790323995,0.04658115202922973,0.06350690565162674,0.05097155387134476,0.03716576219999487,0.01836513389706014,0.01724529233493093,0.020455009009302506,0.0,0.009917787692386625,0.0,0.00966079950920466,0.022007174217545677,0.051405767835236274,0.27232199711191074,0.043238040919321395,0.11211765551994701
2024-12-13,0.01901016019745243,0.021665347911742353,0.018709414757908854,0.021652702677423155,0.022970689477976144,0.018189744273624537,0.018871484243650562,0.029428187870856062,0.054542236790323995,0.04658115202922973,0.06350690565162674,0.05097155387134476,0.03716576219999487,0.01836513389706014,0.01724529233493093,0.020455009009302506,0.0,0.009917787692386625,0.0,0.00966079950920466,0.022007174217545677,0.051405767835236274,0.27232199711191074,0.043238040919321395,0.11211765551994701
2024-12-16,0.01901016019745243,0.021665347911742353,0.018709414757908854,0.021652702677423155,0.022970689477976144,0.018189744273624537,0.018871484243650562,0.029428187870856062,0.054542236790323995,0.04658115202922973,0.06350690565162674,0.05097155387134476,0.03716576219999487,0.01836513389706014,0.01724529233493093,0.020455009009302506,0.0,0.009917787692386625,0.0,0.00966079950920466,0.022007174217545677,0.051405767835236274,0.27232199711191074,0.043238040919321395,0.11211765551994701
2024-12-17,0.01901016019745243,0.021665347911742353,0.018709414757908854,0.021652702677423155,0.022970689477976144,0.018189744273624537,0.018871484243650562,0.029428187870856062,0.054542236790323995,0.04658115202922973,0.06350690565162674,0.05097155387134476,0.03716576219999487,0.01836513389706014,0.01724529233493093,0.020455009009302506,0.0,0.009917787692386625,0.0,0.00966079950920466,0.022007174217545677,0.051405767835236274,0.27232199711191074,0.043238040919321395,0.11211765551994701
2024-12-18,0.01901016019745243,0.021665347911742353,0.018709414757908854,0.021652702677423155,0.022970689477976144,0.018189744273624537,0.018871484243650562,0.029428187870856062,0.054542236790323995,0.04658115202922973,0.06350690565162674,0.05097155387134476,0.03716576219999487,0.01836513389706014,0.01724529233493093,0.020455009009302506,0.0,0.009917787692386625,0.0,0.00966079950920466,0.022007174217545677,0.051405767835236274,0.27232199711191074,0.043238040919321395,0.11211765551994701
2024-12-19,0.01901016019745243,0.021665347911742353,0.018709414757908854,0.021652702677423155,0.022970689477976144,0.018189744273624537,0.018871484243650562,0.029428187870856062,0.054542236790323995,0.04658115202922973,0.06350690565162674,0.05097155387134476,0.03716576219999487,0.01836513389706014,0.01724529233493093,0.020455009009302506,0.0,0.009917787692386625,0.0,0.00966079950920466,0.022007174217545677,0.051405767835236274,0.27232199711191074,0.043238040919321395,0.11211765551994701
2024-12-20,0.01901016019745243,0.021665347911742353,0.018709414757908854,0.021652702677423155,0.022970689477976144,0.018189744273624537,0.018871484243650562,0.029428187870856062,0.054542236790323995,0.04658115202922973,0.06350690565162674,0.05097155387134476,0.03716576219999487,0.01836513389706014,0.01724529233493093,0.020455009009302506,0.0,0.009917787692386625,0.0,0.00966079950920466,0.022007174217545677,0.051405767835236274,0.27232199711191074,0.043238040919321395,0.11211765551994701
2024-12-23,0.01901016019745243,0.021665347911742353,0.018709414757908854,0.021652702677423155,0.022970689477976144,0.018189744273624537,0.018871484243650562,0.029428187870856062,0.054542236790323995,0.04658115202922973,0.06350690565162674,0.05097155387134476,0.03716576219999487,0.01836513389706014,0.01724529233493093,0.020455009009302506,0.0,0.009917787692386625,0.0,0.00966079950920466,0.022007174217545677,0.051405767835236274,0.27232199711191074,0.043238040919321395,0.11211765551994701
2024-12-24,0.01901016019745243,0.021665347911742353,0.018709414757908854,0.021652702677423155,0.022970689477976144,0.018189744273624537,0.018871484243650562,0.029428187870856062,0.054542236790323995,0.04658115202922973,0.06350690565162674,0.05097155387134476,0.03716576219999487,0.01836513389706014,0.01724529233493093,0.020455009009302506,0.0,0.009917787692386625,0.0,0.00966079950920466,0.022007174217545677,0.051405767835236274,0.27232199711191074,0.043238040919321395,0.11211765551994701
2024-12-25,0.01901016019745243,0.021665347911742353,0.018709414757908854,0.021652702677423155,0.022970689477976144,0.018189744273624537,0.018871484243650562,0.029428187870856062,0.054542236790323995,0.04658115202922973,0.06350690565162674,0.05097155387134476,0.03716576219999487,0.01836513389706014,0.01724529233493093,0.020455009009302506,0.0,0.009917787692386625,0.0,0.00966079950920466,0.022007174217545677,0.051405767835236274,0.27232199711191074,0.043238040919321395,0.11211765551994701
2024-12-26,0.01901016019745243,0.021665347911742353,0.018709414757908854,0.021652702677423155,0.022970689477976144,0.018189744273624537,0.018871484243650562,0.029428187870856062,0.054542236790323995,0.04658115202922973,0.06350690565162674,0.05097155387134476,0.03716576219999487,0.01836513389706014,0.01724529233493093,0.020455009009302506,0.0,0.009917787692386625,0.0,0.00966079950920466,0.022007174217545677,0.051405767835236274,0.27232199711191074,0.043238040919321395,0.11211765551994701
2024-12-27,0.01901016019745243,0.021665347911742353,0.018709414757908854,0.021652702677423155,0.022970689477976144,0.018189744273624537,0.018871484243650562,0.029428187870856062,0.054542236790323995,0.04658115202922973,0.06350690565162674,0.05097155387134476,0.03716576219999487,0.01836513389706014,0.01724529233493093,0.020455009009302506,0.0,0.009917787692386625,0.0,0.00966079950920466,0.022007174217545677,0.051405767835236274,0.27232199711191074,0.043238040919321395,0.11211765551994701
2024-12-30,0.01901016019745243,0.021665347911742353,0.018709414757908854,0.021652702677423155,0.022970689477976144,0.018189744273624537,0.018871484243650562,0.029428187870856062,0.054542236790323995,0.04658115202922973,0.06350690565162674,0.05097155387134476,0.03716576219999487,0.01836513389706014,0.01724529233493093,0.020455009009302506,0.0,0.009917787692386625,0.0,0.00966079950920466,0.022007174217545677,0.051405767835236274,0.27232199711191074,0.043238040919321395,0.11211765551994701
2024-12-31,0.01901016019745243,0.021665347911742353,0.018709414757908854,0.021652702677423155,0.022970689477976144,0.018189744273624537,0.018871484243650562,0.029428187870856062,0.054542236790323995,0.04658115202922973,0.06350690565162674,0.05097155387134476,0.03716576219999487,0.01836513389706014,0.01724529233493093,0.020455009009302506,0.0,0.009917787692386625,0.0,0.00966079950920466,0.022007174217545677,0.051405767835236274,0.27232199711191074,0.043238040919321395,0.11211765551994701
2025-01-02,0.017606817252174965,0.021193611079342818,0.020655641840704557,0.021888226019046074,0.025095443706449384,0.020191381443085285,0.025008854133487197,0.03301870786611453,0.028334297899856038,0.035507034206556175,0.01850620330174895,0.014577517464845835,0.012701551169177112,0.04582847920287027,0.05962915465249476,0.032471921903416384,0.0,0.009307761899211094,0.020223925530351988,0.010668111551538077,0.029943871799853385,0.05837466044770645,0.3025877024582753,0.05995452775400934,0.07672459541768399
2025-01-03,0.017606817252174965,0.021193611079342818,0.020655641840704557,0.021888226019046074,0.025095443706449384,0.020191381443085285,0.025008854133487197,0.03301870786611453,0.028334297899856038,0.035507034206556175,0.01850620330174895,0.014577517464845835,0.012701551169177112,0.04582847920287027,0.05962915465249476,0.032471921903416384,0.0,0.009307761899211094,0.020223925530351988,0.010668111551538077,0.029943871799853385,0.05837466044770645,0.3025877024582753,0.05995452775400934,0.07672459541768399
2025-01-06,0.017606817252174965,0.021193611079342818,0.020655641840704557,0.021888226019046074,0.025095443706449384,0.020191381443085285,0.025008854133487197,0.03301870786611453,0.028334297899856038,0.035507034206556175,0.01850620330174895,0.014577517464845835,0.012701551169177112,0.04582847920287027,0.05962915465249476,0.032471921903416384,0.0,0.009307761899211094,0.020223925530351988,0.010668111551538077,0.029943871799853385,0.05837466044770645,0.3025877024582753,0.05995452775400934,0.07672459541768399
2025-01-07,0.017606817252174965,0.021193611079342818,0.020655641840704557,0.021888226019046074,0.025095443706449384,0.020191381443085285,0.025008854133487197,0.03301870786611453,0.028334297899856038,0.035507034206556175,0.01850620330174895,0.014577517464845835,0.012701551169177112,0.04582847920287027,0.05962915465249476,0.032471921903416384,0.0,0.009307761899211094,0.020223925530351988,0.010668111551538077,0.029943871799853385,0.05837466044770645,0.3025877024582753,0.05995452775400934,0.07672459541768399
2025-01-08,0.017606817252174965,0.021193611079342818,0.020655641840704557,0.021888226019046074,0.025095443706449384,0.020191381443085285,0.025008854133487197,0.03301870786611453,0.028334297899856038,0.035507034206556175,0.01850620330174895,0.014577517464845835,0.012701551169177112,0.04582847920287027,0.05962915465249476,0.032471921903416384,0.0,0.009307761899211094,0.020223925530351988,0.010668111551538077,0.029943871799853385,0.05837466044770645,0.3025877024582753,0.05995452775400934,0.07672459541768399
2025-01-09,0.017606817252174965,0.021193611079342818,0.020655641840704557,0.021888226019046074,0.025095443706449384,0.020191381443085285,0.025008854133487197,0.03301870786611453,0.028334297899856038,0.035507034206556175,0.01850620330174895,0.014577517464845835,0.012701551169177112,0.04582847920287027,0.05962915465249476,0.032471921903416384,0.0,0.009307761899211094,0.020223925530351988,0.010668111551538077,0.029943871799853385,0.05837466044770645,0.3025877024582753,0.05995452775400934,0.07672459541768399
2025-01-10,0.017606817252174965,0.021193611079342818,0.020655641840704557,0.021888226019046074,0.025095443706449384,0.020191381443085285,0.025008854133487197,0.03301870786611453,0.028334297899856038,0.035507034206556175,0.01850620330174895,0.014577517464845835,0.012701551169177112,0.04582847920287027,0.05962915465249476,0.032471921903416384,0.0,0.009307761899211094,0.020223925530351988,0.010668111551538077,0.029943871799853385,0.05837466044770645,0.3025877024582753,0.05995452775400934,0.07672459541768399
2025-01-13,0.017606817252174965,0.021193611079342818,0.020655641840704557,0.021888226019046074,0.025095443706449384,0.020191381443085285,0.025008854133487197,0.03301870786611453,0.028334297899856038,0.035507034206556175,0.01850620330174895,0.014577517464845835,0.012701551169177112,0.04582847920287027,0.05962915465249476,0.032471921903416384,0.0,0.009307761899211094,0.020223925530351988,0.010668111551538077,0.029943871799853385,0.05837466044770645,0.3025877024582753,0.05995452775400934,0.07672459541768399
2025-01-14,0.017606817252174965,0.021193611079342818,0.020655641840704557,0.021888226019046074,0.025095443706449384,0.020191381443085285,0.025008854133487197,0.03301870786611453,0.028334297899856038,0.035507034206556175,0.01850620330174895,0.014577517464845835,0.012701551169177112,0.04582847920287027,0.05962915465249476,0.032471921903416384,0.0,0.009307761899211094,0.020223925530351988,0.010668111551538077,0.029943871799853385,0.05837466044770645,0.3025877024582753,0.05995452775400934,0.07672459541768399
2025-01-15,0.017606817252174965,0.021193611079342818,0.020655641840704557,0.021888226019046074,0.025095443706449384,0.020191381443085285,0.025008854133487197,0.03301870786611453,0.028334297899856038,0.035507034206556175,0.01850620330174895,0.014577517464845835,0.012701551169177112,0.04582847920287027,0.05962915465249476,0.032471921903416384,0.0,0.009307761899211094,0.020223925530351988,0.010668111551538077,0.029943871799853385,0.05837466044770645,0.3025877024582753,0.05995452775400934,0.07672459541768399
2025-01-16,0.017606817252174965,0.021193611079342818,0.020655641840704557,0.021888226019046074,0.025095443706449384,0.020191381443085285,0.025008854133487197,0.03301870786611453,0.028334297899856038,0.035507034206556175,0.01850620330174895,0.014577517464845835,0.012701551169177112,0.04582847920287027,0.05962915465249476,0.032471921903416384,0.0,0.009307761899211094,0.020223925530351988,0.010668111551538077,0.029943871799853385,0.05837466044770645,0.3025877024582753,0.05995452775400934,0.07672459541768399
2025-01-17,0.017606817252174965,0.021193611079342818,0.020655641840704557,0.021888226019046074,0.025095443706449384,0.020191381443085285,0.025008854133487197,0.03301870786611453,0.028334297899856038,0.035507034206556175,0.01850620330174895,0.014577517464845835,0.012701551169177112,0.04582847920287027,0.05962915465249476,0.032471921903416384,0.0,0.009307761899211094,0.020223925530351988,0.010668111551538077,0.029943871799853385,0.05837466044770645,0.3025877024582753,0.05995452775400934,0.07672459541768399
2025-01-20,0.017606817252174965,0.021193611079342818,0.020655641840704557,0.021888226019046074,0.025095443706449384,0.020191381443085285,0.025008854133487197,0.03301870786611453,0.028334297899856038,0.035507034206556175,0.01850620330174895,0.014577517464845835,0.012701551169177112,0.04582847920287027,0.05962915465249476,0.032471921903416384,0.0,0.009307761899211094,0.020223925530351988,0.010668111551538077,0.029943871799853385,0.05837466044770645,0.3025877024582753,0.05995452775400934,0.07672459541768399
2025-01-21,0.017606817252174965,0.021193611079342818,0.020655641840704557,0.021888226019046074,0.025095443706449384,0.020191381443085285,0.025008854133487197,0.03301870786611453,0.028334297899856038,0.035507034206556175,0.01850620330174895,0.014577517464845835,0.012701551169177112,0.04582847920287027,0.05962915465249476,0.032471921903416384,0.0,0.009307761899211094,0.020223925530351988,0.010668111551538077,0.029943871799853385,0.05837466044770645,0.3025877024582753,0.05995452775400934,0.07672459541768399
2025-01-22,0.017606817252174965,0.021193611079342818,0.020655641840704557,0.021888226019046074,0.025095443706449384,0.020191381443085285,0.025008854133487197,0.03301870786611453,0.028334297899856038,0.035507034206556175,0.01850620330174895,0.014577517464845835,0.012701551169177112,0.04582847920287027,0.05962915465249476,0.032471921903416384,0.0,0.009307761899211094,0.020223925530351988,0.010668111551538077,0.029943871799853385,0.05837466044770645,0.3025877024582753,0.05995452775400934,0.07672459541768399
2025-01-23,0.017606817252174965,0.021193611079342818,0.020655641840704557,0.021888226019046074,0.025095443706449384,0.020191381443085285,0.025008854133487197,0.03301870786611453,0.028334297899856038,0.035507034206556175,0.01850620330174895,0.014577517464845835,0.012701551169177112,0.04582847920287027,0.05962915465249476,0.032471921903416384,0.0,0.009307761899211094,0.020223925530351988,0.010668111551538077,0.029943871799853385,0.05837466044770645,0.3025877024582753,0.05995452775400934,0.07672459541768399
2025-01-24,0.017606817252174965,0.021193611079342818,0.020655641840704557,0.021888226019046074,0.025095443706449384,0.020191381443085285,0.025008854133487197,0.03301870786611453,0.028334297899856038,0.035507034206556175,0.01850620330174895,0.014577517464845835,0.012701551169177112,0.04582847920287027,0.05962915465249476,0.032471921903416384,0.0,0.009307761899211094,0.020223925530351988,0.010668111551538077,0.029943871799853385,0.05837466044770645,0.3025877024582753,0.05995452775400934,0.07672459541768399
2025-01-27,0.017606817252174965,0.021193611079342818,0.020655641840704557,0.021888226019046074,0.025095443706449384,0.020191381443085285,0.025008854133487197,0.03301870786611453,0.028334297899856038,0.035507034206556175,0.01850620330174895,0.014577517464845835,0.012701551169177112,0.04582847920287027,0.05962915465249476,0.032471921903416384,0.0,0.009307761899211094,0.020223925530351988,0.010668111551538077,0.029943871799853385,0.05837466044770645,0.3025877024582753,0.05995452775400934,0.07672459541768399
2025-01-28,0.017606817252174965,0.021193611079342818,0.020655641840704557,0.021888226019046074,0.025095443706449384,0.020191381443085285,0.025008854133487197,0.03301870786611453,0.028334297899856038,0.035507034206556175,0.01850620330174895,0.014577517464845835,0.012701551169177112,0.04582847920287027,0.05962915465249476,0.032471921903416384,0.0,0.009307761899211094,0.020223925530351988,0.010668111551538077,0.029943871799853385,0.05837466044770645,0.3025877024582753,0.05995452775400934,0.07672459541768399
2025-01-29,0.017606817252174965,0.021193611079342818,0.020655641840704557,0.021888226019046074,0.025095443706449384,0.020191381443085285,0.025008854133487197,0.03301870786611453,0.028334297899856038,0.035507034206556175,0.01850620330174895,0.014577517464845835,0.012701551169177112,0.04582847920287027,0.05962915465249476,0.032471921903416384,0.0,0.009307761899211094,0.020223925530351988,0.010668111551538077,0.029943871799853385,0.05837466044770645,0.3025877024582753,0.05995452775400934,0.07672459541768399
2025-01-30,0.017606817252174965,0.021193611079342818,0.020655641840704557,0.021888226019046074,0.025095443706449384,0.020191381443085285,0.025008854133487197,0.03301870786611453,0.028334297899856038,0.035507034206556175,0.01850620330174895,0.014577517464845835,0.012701551169177112,0.04582847920287027,0.05962915465249476,0.032471921903416384,0.0,0.009307761899211094,0.020223925530351988,0.010668111551538077,0.029943871799853385,0.05837466044770645,0.3025877024582753,0.05995452775400934,0.07672459541768399
2025-01-31,0.017606817252174965,0.021193611079342818,0.020655641840704557,0.021888226019046074,0.025095443706449384,0.020191381443085285,0.025008854133487197,0.03301870786611453,0.028334297899856038,0.035507034206556175,0.01850620330174895,0.014577517464845835,0.012701551169177112,0.04582847920287027,0.05962915465249476,0.032471921903416384,0.0,0.009307761899211094,0.020223925530351988,0.010668111551538077,0.029943871799853385,0.05837466044770645,0.3025877024582753,0.05995452775400934,0.07672459541768399
2025-02-03,0.0,0.0,0.0,0.0,0.0,0.0,0.0,0.0,0.0,0.0,0.0,0.0,0.0,0.0,0.0,0.0,0.0,0.0,0.0,0.0,0.0,0.11086640486333273,0.534803603017441,0.10001237347374348,0.25431761864548286
2025-02-04,0.0,0.0,0.0,0.0,0.0,0.0,0.0,0.0,0.0,0.0,0.0,0.0,0.0,0.0,0.0,0.0,0.0,0.0,0.0,0.0,0.0,0.11086640486333273,0.534803603017441,0.10001237347374348,0.25431761864548286
2025-02-05,0.0,0.0,0.0,0.0,0.0,0.0,0.0,0.0,0.0,0.0,0.0,0.0,0.0,0.0,0.0,0.0,0.0,0.0,0.0,0.0,0.0,0.11086640486333273,0.534803603017441,0.10001237347374348,0.25431761864548286
2025-02-06,0.0,0.0,0.0,0.0,0.0,0.0,0.0,0.0,0.0,0.0,0.0,0.0,0.0,0.0,0.0,0.0,0.0,0.0,0.0,0.0,0.0,0.11086640486333273,0.534803603017441,0.10001237347374348,0.25431761864548286
2025-02-07,0.0,0.0,0.0,0.0,0.0,0.0,0.0,0.0,0.0,0.0,0.0,0.0,0.0,0.0,0.0,0.0,0.0,0.0,0.0,0.0,0.0,0.11086640486333273,0.534803603017441,0.10001237347374348,0.25431761864548286
2025-02-10,0.0,0.0,0.0,0.0,0.0,0.0,0.0,0.0,0.0,0.0,0.0,0.0,0.0,0.0,0.0,0.0,0.0,0.0,0.0,0.0,0.0,0.11086640486333273,0.534803603017441,0.10001237347374348,0.25431761864548286
2025-02-11,0.0,0.0,0.0,0.0,0.0,0.0,0.0,0.0,0.0,0.0,0.0,0.0,0.0,0.0,0.0,0.0,0.0,0.0,0.0,0.0,0.0,0.11086640486333273,0.534803603017441,0.10001237347374348,0.25431761864548286
2025-02-12,0.0,0.0,0.0,0.0,0.0,0.0,0.0,0.0,0.0,0.0,0.0,0.0,0.0,0.0,0.0,0.0,0.0,0.0,0.0,0.0,0.0,0.11086640486333273,0.534803603017441,0.10001237347374348,0.25431761864548286
2025-02-13,0.0,0.0,0.0,0.0,0.0,0.0,0.0,0.0,0.0,0.0,0.0,0.0,0.0,0.0,0.0,0.0,0.0,0.0,0.0,0.0,0.0,0.11086640486333273,0.534803603017441,0.10001237347374348,0.25431761864548286
2025-02-14,0.0,0.0,0.0,0.0,0.0,0.0,0.0,0.0,0.0,0.0,0.0,0.0,0.0,0.0,0.0,0.0,0.0,0.0,0.0,0.0,0.0,0.11086640486333273,0.534803603017441,0.10001237347374348,0.25431761864548286
2025-02-17,0.0,0.0,0.0,0.0,0.0,0.0,0.0,0.0,0.0,0.0,0.0,0.0,0.0,0.0,0.0,0.0,0.0,0.0,0.0,0.0,0.0,0.11086640486333273,0.534803603017441,0.10001237347374348,0.25431761864548286
2025-02-18,0.0,0.0,0.0,0.0,0.0,0.0,0.0,0.0,0.0,0.0,0.0,0.0,0.0,0.0,0.0,0.0,0.0,0.0,0.0,0.0,0.0,0.11086640486333273,0.534803603017441,0.10001237347374348,0.25431761864548286
2025-02-19,0.0,0.0,0.0,0.0,0.0,0.0,0.0,0.0,0.0,0.0,0.0,0.0,0.0,0.0,0.0,0.0,0.0,0.0,0.0,0.0,0.0,0.11086640486333273,0.534803603017441,0.10001237347374348,0.25431761864548286
2025-02-20,0.0,0.0,0.0,0.0,0.0,0.0,0.0,0.0,0.0,0.0,0.0,0.0,0.0,0.0,0.0,0.0,0.0,0.0,0.0,0.0,0.0,0.11086640486333273,0.534803603017441,0.10001237347374348,0.25431761864548286
2025-02-21,0.0,0.0,0.0,0.0,0.0,0.0,0.0,0.0,0.0,0.0,0.0,0.0,0.0,0.0,0.0,0.0,0.0,0.0,0.0,0.0,0.0,0.11086640486333273,0.534803603017441,0.10001237347374348,0.25431761864548286
2025-02-24,0.0,0.0,0.0,0.0,0.0,0.0,0.0,0.0,0.0,0.0,0.0,0.0,0.0,0.0,0.0,0.0,0.0,0.0,0.0,0.0,0.0,0.11086640486333273,0.534803603017441,0.10001237347374348,0.25431761864548286
2025-02-25,0.0,0.0,0.0,0.0,0.0,0.0,0.0,0.0,0.0,0.0,0.0,0.0,0.0,0.0,0.0,0.0,0.0,0.0,0.0,0.0,0.0,0.11086640486333273,0.534803603017441,0.10001237347374348,0.25431761864548286
2025-02-26,0.0,0.0,0.0,0.0,0.0,0.0,0.0,0.0,0.0,0.0,0.0,0.0,0.0,0.0,0.0,0.0,0.0,0.0,0.0,0.0,0.0,0.11086640486333273,0.534803603017441,0.10001237347374348,0.25431761864548286
2025-02-27,0.0,0.0,0.0,0.0,0.0,0.0,0.0,0.0,0.0,0.0,0.0,0.0,0.0,0.0,0.0,0.0,0.0,0.0,0.0,0.0,0.0,0.11086640486333273,0.534803603017441,0.10001237347374348,0.25431761864548286
2025-02-28,0.0,0.0,0.0,0.0,0.0,0.0,0.0,0.0,0.0,0.0,0.0,0.0,0.0,0.0,0.0,0.0,0.0,0.0,0.0,0.0,0.0,0.11086640486333273,0.534803603017441,0.10001237347374348,0.25431761864548286
2025-03-03,0.027281307732730183,0.032990767749849326,0.04252438529342135,0.0,0.0,0.03384016976200632,0.0,0.0,0.06621072229537207,0.0,0.03999919734231883,0.03322855792679061,0.018323665095887454,0.03334403669707775,0.03679720385195924,0.04059479709026306,0.0,0.0,0.03160349039618879,0.0,0.0,0.07203809969901746,0.3146224606434533,0.06133356804524594,0.11526757037841827
2025-03-04,0.027281307732730183,0.032990767749849326,0.04252438529342135,0.0,0.0,0.03384016976200632,0.0,0.0,0.06621072229537207,0.0,0.03999919734231883,0.03322855792679061,0.018323665095887454,0.03334403669707775,0.03679720385195924,0.04059479709026306,0.0,0.0,0.03160349039618879,0.0,0.0,0.07203809969901746,0.3146224606434533,0.06133356804524594,0.11526757037841827
2025-03-05,0.027281307732730183,0.032990767749849326,0.04252438529342135,0.0,0.0,0.03384016976200632,0.0,0.0,0.06621072229537207,0.0,0.03999919734231883,0.03322855792679061,0.018323665095887454,0.03334403669707775,0.03679720385195924,0.04059479709026306,0.0,0.0,0.03160349039618879,0.0,0.0,0.07203809969901746,0.3146224606434533,0.06133356804524594,0.11526757037841827
2025-03-06,0.027281307732730183,0.032990767749849326,0.04252438529342135,0.0,0.0,0.03384016976200632,0.0,0.0,0.06621072229537207,0.0,0.03999919734231883,0.03322855792679061,0.018323665095887454,0.03334403669707775,0.03679720385195924,0.04059479709026306,0.0,0.0,0.03160349039618879,0.0,0.0,0.07203809969901746,0.3146224606434533,0.06133356804524594,0.11526757037841827
2025-03-07,0.027281307732730183,0.032990767749849326,0.04252438529342135,0.0,0.0,0.03384016976200632,0.0,0.0,0.06621072229537207,0.0,0.03999919734231883,0.03322855792679061,0.018323665095887454,0.03334403669707775,0.03679720385195924,0.04059479709026306,0.0,0.0,0.03160349039618879,0.0,0.0,0.07203809969901746,0.3146224606434533,0.06133356804524594,0.11526757037841827
2025-03-10,0.027281307732730183,0.032990767749849326,0.04252438529342135,0.0,0.0,0.03384016976200632,0.0,0.0,0.06621072229537207,0.0,0.03999919734231883,0.03322855792679061,0.018323665095887454,0.03334403669707775,0.03679720385195924,0.04059479709026306,0.0,0.0,0.03160349039618879,0.0,0.0,0.07203809969901746,0.3146224606434533,0.06133356804524594,0.11526757037841827
2025-03-11,0.027281307732730183,0.032990767749849326,0.04252438529342135,0.0,0.0,0.03384016976200632,0.0,0.0,0.06621072229537207,0.0,0.03999919734231883,0.03322855792679061,0.018323665095887454,0.03334403669707775,0.03679720385195924,0.04059479709026306,0.0,0.0,0.03160349039618879,0.0,0.0,0.07203809969901746,0.3146224606434533,0.06133356804524594,0.11526757037841827
2025-03-12,0.027281307732730183,0.032990767749849326,0.04252438529342135,0.0,0.0,0.03384016976200632,0.0,0.0,0.06621072229537207,0.0,0.03999919734231883,0.03322855792679061,0.018323665095887454,0.03334403669707775,0.03679720385195924,0.04059479709026306,0.0,0.0,0.03160349039618879,0.0,0.0,0.07203809969901746,0.3146224606434533,0.06133356804524594,0.11526757037841827
2025-03-13,0.027281307732730183,0.032990767749849326,0.04252438529342135,0.0,0.0,0.03384016976200632,0.0,0.0,0.06621072229537207,0.0,0.03999919734231883,0.03322855792679061,0.018323665095887454,0.03334403669707775,0.03679720385195924,0.04059479709026306,0.0,0.0,0.03160349039618879,0.0,0.0,0.07203809969901746,0.3146224606434533,0.06133356804524594,0.11526757037841827
2025-03-14,0.027281307732730183,0.032990767749849326,0.04252438529342135,0.0,0.0,0.03384016976200632,0.0,0.0,0.06621072229537207,0.0,0.03999919734231883,0.03322855792679061,0.018323665095887454,0.03334403669707775,0.03679720385195924,0.04059479709026306,0.0,0.0,0.03160349039618879,0.0,0.0,0.07203809969901746,0.3146224606434533,0.06133356804524594,0.11526757037841827
2025-03-17,0.027281307732730183,0.032990767749849326,0.04252438529342135,0.0,0.0,0.03384016976200632,0.0,0.0,0.06621072229537207,0.0,0.03999919734231883,0.03322855792679061,0.018323665095887454,0.03334403669707775,0.03679720385195924,0.04059479709026306,0.0,0.0,0.03160349039618879,0.0,0.0,0.07203809969901746,0.3146224606434533,0.06133356804524594,0.11526757037841827
2025-03-18,0.027281307732730183,0.032990767749849326,0.04252438529342135,0.0,0.0,0.03384016976200632,0.0,0.0,0.06621072229537207,0.0,0.03999919734231883,0.03322855792679061,0.018323665095887454,0.03334403669707775,0.03679720385195924,0.04059479709026306,0.0,0.0,0.03160349039618879,0.0,0.0,0.07203809969901746,0.3146224606434533,0.06133356804524594,0.11526757037841827
2025-03-19,0.027281307732730183,0.032990767749849326,0.04252438529342135,0.0,0.0,0.03384016976200632,0.0,0.0,0.06621072229537207,0.0,0.03999919734231883,0.03322855792679061,0.018323665095887454,0.03334403669707775,0.03679720385195924,0.04059479709026306,0.0,0.0,0.03160349039618879,0.0,0.0,0.07203809969901746,0.3146224606434533,0.06133356804524594,0.11526757037841827
2025-03-20,0.027281307732730183,0.032990767749849326,0.04252438529342135,0.0,0.0,0.03384016976200632,0.0,0.0,0.06621072229537207,0.0,0.03999919734231883,0.03322855792679061,0.018323665095887454,0.03334403669707775,0.03679720385195924,0.04059479709026306,0.0,0.0,0.03160349039618879,0.0,0.0,0.07203809969901746,0.3146224606434533,0.06133356804524594,0.11526757037841827
2025-03-21,0.027281307732730183,0.032990767749849326,0.04252438529342135,0.0,0.0,0.03384016976200632,0.0,0.0,0.06621072229537207,0.0,0.03999919734231883,0.03322855792679061,0.018323665095887454,0.03334403669707775,0.03679720385195924,0.04059479709026306,0.0,0.0,0.03160349039618879,0.0,0.0,0.07203809969901746,0.3146224606434533,0.06133356804524594,0.11526757037841827
2025-03-24,0.027281307732730183,0.032990767749849326,0.04252438529342135,0.0,0.0,0.03384016976200632,0.0,0.0,0.06621072229537207,0.0,0.03999919734231883,0.03322855792679061,0.018323665095887454,0.03334403669707775,0.03679720385195924,0.04059479709026306,0.0,0.0,0.03160349039618879,0.0,0.0,0.07203809969901746,0.3146224606434533,0.06133356804524594,0.11526757037841827
2025-03-25,0.027281307732730183,0.032990767749849326,0.04252438529342135,0.0,0.0,0.03384016976200632,0.0,0.0,0.06621072229537207,0.0,0.03999919734231883,0.03322855792679061,0.018323665095887454,0.03334403669707775,0.03679720385195924,0.04059479709026306,0.0,0.0,0.03160349039618879,0.0,0.0,0.07203809969901746,0.3146224606434533,0.06133356804524594,0.11526757037841827
2025-03-26,0.027281307732730183,0.032990767749849326,0.04252438529342135,0.0,0.0,0.03384016976200632,0.0,0.0,0.06621072229537207,0.0,0.03999919734231883,0.03322855792679061,0.018323665095887454,0.03334403669707775,0.03679720385195924,0.04059479709026306,0.0,0.0,0.03160349039618879,0.0,0.0,0.07203809969901746,0.3146224606434533,0.06133356804524594,0.11526757037841827
2025-03-27,0.027281307732730183,0.032990767749849326,0.04252438529342135,0.0,0.0,0.03384016976200632,0.0,0.0,0.06621072229537207,0.0,0.03999919734231883,0.03322855792679061,0.018323665095887454,0.03334403669707775,0.03679720385195924,0.04059479709026306,0.0,0.0,0.03160349039618879,0.0,0.0,0.07203809969901746,0.3146224606434533,0.06133356804524594,0.11526757037841827
2025-03-28,0.027281307732730183,0.032990767749849326,0.04252438529342135,0.0,0.0,0.03384016976200632,0.0,0.0,0.06621072229537207,0.0,0.03999919734231883,0.03322855792679061,0.018323665095887454,0.03334403669707775,0.03679720385195924,0.04059479709026306,0.0,0.0,0.03160349039618879,0.0,0.0,0.07203809969901746,0.3146224606434533,0.06133356804524594,0.11526757037841827
2025-03-31,0.027281307732730183,0.032990767749849326,0.04252438529342135,0.0,0.0,0.03384016976200632,0.0,0.0,0.06621072229537207,0.0,0.03999919734231883,0.03322855792679061,0.018323665095887454,0.03334403669707775,0.03679720385195924,0.04059479709026306,0.0,0.0,0.03160349039618879,0.0,0.0,0.07203809969901746,0.3146224606434533,0.06133356804524594,0.11526757037841827
2025-04-01,0.018948444723069953,0.01859578565698032,0.021136035009585167,0.023095854402121883,0.019469187762318103,0.017981693554352904,0.01662238772160235,0.02694812089556089,0.04380447493733394,0.04620612789674757,0.022842470758504516,0.015912662348605257,0.012408663931005912,0.03911313570474672,0.03849715046414848,0.019679306458567983,0.0,0.009642191645380514,0.018772434724900873,0.009377400457143944,0.0,0.06439891481332506,0.2936407476917301,0.07787124293790933,0.1250355655043583
2025-04-02,0.018948444723069953,0.01859578565698032,0.021136035009585167,0.023095854402121883,0.019469187762318103,0.017981693554352904,0.01662238772160235,0.02694812089556089,0.04380447493733394,0.04620612789674757,0.022842470758504516,0.015912662348605257,0.012408663931005912,0.03911313570474672,0.03849715046414848,0.019679306458567983,0.0,0.009642191645380514,0.018772434724900873,0.009377400457143944,0.0,0.06439891481332506,0.2936407476917301,0.07787124293790933,0.1250355655043583
2025-04-03,0.018948444723069953,0.01859578565698032,0.021136035009585167,0.023095854402121883,0.019469187762318103,0.017981693554352904,0.01662238772160235,0.02694812089556089,0.04380447493733394,0.04620612789674757,0.022842470758504516,0.015912662348605257,0.012408663931005912,0.03911313570474672,0.03849715046414848,0.019679306458567983,0.0,0.009642191645380514,0.018772434724900873,0.009377400457143944,0.0,0.06439891481332506,0.2936407476917301,0.07787124293790933,0.1250355655043583
2025-04-04,0.018948444723069953,0.01859578565698032,0.021136035009585167,0.023095854402121883,0.019469187762318103,0.017981693554352904,0.01662238772160235,0.02694812089556089,0.04380447493733394,0.04620612789674757,0.022842470758504516,0.015912662348605257,0.012408663931005912,0.03911313570474672,0.03849715046414848,0.019679306458567983,0.0,0.009642191645380514,0.018772434724900873,0.009377400457143944,0.0,0.06439891481332506,0.2936407476917301,0.07787124293790933,0.1250355655043583
2025-04-07,0.018948444723069953,0.01859578565698032,0.021136035009585167,0.023095854402121883,0.019469187762318103,0.017981693554352904,0.01662238772160235,0.02694812089556089,0.04380447493733394,0.04620612789674757,0.022842470758504516,0.015912662348605257,0.012408663931005912,0.03911313570474672,0.03849715046414848,0.019679306458567983,0.0,0.009642191645380514,0.018772434724900873,0.009377400457143944,0.0,0.06439891481332506,0.2936407476917301,0.07787124293790933,0.1250355655043583
2025-04-08,0.018948444723069953,0.01859578565698032,0.021136035009585167,0.023095854402121883,0.019469187762318103,0.017981693554352904,0.01662238772160235,0.02694812089556089,0.04380447493733394,0.04620612789674757,0.022842470758504516,0.015912662348605257,0.012408663931005912,0.03911313570474672,0.03849715046414848,0.019679306458567983,0.0,0.009642191645380514,0.018772434724900873,0.009377400457143944,0.0,0.06439891481332506,0.2936407476917301,0.07787124293790933,0.1250355655043583
2025-04-09,0.018948444723069953,0.01859578565698032,0.021136035009585167,0.023095854402121883,0.019469187762318103,0.017981693554352904,0.01662238772160235,0.02694812089556089,0.04380447493733394,0.04620612789674757,0.022842470758504516,0.015912662348605257,0.012408663931005912,0.03911313570474672,0.03849715046414848,0.019679306458567983,0.0,0.009642191645380514,0.018772434724900873,0.009377400457143944,0.0,0.06439891481332506,0.2936407476917301,0.07787124293790933,0.1250355655043583
2025-04-10,0.018948444723069953,0.01859578565698032,0.021136035009585167,0.023095854402121883,0.019469187762318103,0.017981693554352904,0.01662238772160235,0.02694812089556089,0.04380447493733394,0.04620612789674757,0.022842470758504516,0.015912662348605257,0.012408663931005912,0.03911313570474672,0.03849715046414848,0.019679306458567983,0.0,0.009642191645380514,0.018772434724900873,0.009377400457143944,0.0,0.06439891481332506,0.2936407476917301,0.07787124293790933,0.1250355655043583
2025-04-11,0.018948444723069953,0.01859578565698032,0.021136035009585167,0.023095854402121883,0.019469187762318103,0.017981693554352904,0.01662238772160235,0.02694812089556089,0.04380447493733394,0.04620612789674757,0.022842470758504516,0.015912662348605257,0.012408663931005912,0.03911313570474672,0.03849715046414848,0.019679306458567983,0.0,0.009642191645380514,0.018772434724900873,0.009377400457143944,0.0,0.06439891481332506,0.2936407476917301,0.07787124293790933,0.1250355655043583
2025-04-14,0.018948444723069953,0.01859578565698032,0.021136035009585167,0.023095854402121883,0.019469187762318103,0.017981693554352904,0.01662238772160235,0.02694812089556089,0.04380447493733394,0.04620612789674757,0.022842470758504516,0.015912662348605257,0.012408663931005912,0.03911313570474672,0.03849715046414848,0.019679306458567983,0.0,0.009642191645380514,0.018772434724900873,0.009377400457143944,0.0,0.06439891481332506,0.2936407476917301,0.07787124293790933,0.1250355655043583
2025-04-15,0.018948444723069953,0.01859578565698032,0.021136035009585167,0.023095854402121883,0.019469187762318103,0.017981693554352904,0.01662238772160235,0.02694812089556089,0.04380447493733394,0.04620612789674757,0.022842470758504516,0.015912662348605257,0.012408663931005912,0.03911313570474672,0.03849715046414848,0.019679306458567983,0.0,0.009642191645380514,0.018772434724900873,0.009377400457143944,0.0,0.06439891481332506,0.2936407476917301,0.07787124293790933,0.1250355655043583
2025-04-16,0.018948444723069953,0.01859578565698032,0.021136035009585167,0.023095854402121883,0.019469187762318103,0.017981693554352904,0.01662238772160235,0.02694812089556089,0.04380447493733394,0.04620612789674757,0.022842470758504516,0.015912662348605257,0.012408663931005912,0.03911313570474672,0.03849715046414848,0.019679306458567983,0.0,0.009642191645380514,0.018772434724900873,0.009377400457143944,0.0,0.06439891481332506,0.2936407476917301,0.07787124293790933,0.1250355655043583
2025-04-17,0.018948444723069953,0.01859578565698032,0.021136035009585167,0.023095854402121883,0.019469187762318103,0.017981693554352904,0.01662238772160235,0.02694812089556089,0.04380447493733394,0.04620612789674757,0.022842470758504516,0.015912662348605257,0.012408663931005912,0.03911313570474672,0.03849715046414848,0.019679306458567983,0.0,0.009642191645380514,0.018772434724900873,0.009377400457143944,0.0,0.06439891481332506,0.2936407476917301,0.07787124293790933,0.1250355655043583
2025-04-18,0.018948444723069953,0.01859578565698032,0.021136035009585167,0.023095854402121883,0.019469187762318103,0.017981693554352904,0.01662238772160235,0.02694812089556089,0.04380447493733394,0.04620612789674757,0.022842470758504516,0.015912662348605257,0.012408663931005912,0.03911313570474672,0.03849715046414848,0.019679306458567983,0.0,0.009642191645380514,0.018772434724900873,0.009377400457143944,0.0,0.06439891481332506,0.2936407476917301,0.07787124293790933,0.1250355655043583
2025-04-21,0.018948444723069953,0.01859578565698032,0.021136035009585167,0.023095854402121883,0.019469187762318103,0.017981693554352904,0.01662238772160235,0.02694812089556089,0.04380447493733394,0.04620612789674757,0.022842470758504516,0.015912662348605257,0.012408663931005912,0.03911313570474672,0.03849715046414848,0.019679306458567983,0.0,0.009642191645380514,0.018772434724900873,0.009377400457143944,0.0,0.06439891481332506,0.2936407476917301,0.07787124293790933,0.1250355655043583
2025-04-22,0.018948444723069953,0.01859578565698032,0.021136035009585167,0.023095854402121883,0.019469187762318103,0.017981693554352904,0.01662238772160235,0.02694812089556089,0.04380447493733394,0.04620612789674757,0.022842470758504516,0.015912662348605257,0.012408663931005912,0.03911313570474672,0.03849715046414848,0.019679306458567983,0.0,0.009642191645380514,0.018772434724900873,0.009377400457143944,0.0,0.06439891481332506,0.2936407476917301,0.07787124293790933,0.1250355655043583
2025-04-23,0.018948444723069953,0.01859578565698032,0.021136035009585167,0.023095854402121883,0.019469187762318103,0.017981693554352904,0.01662238772160235,0.02694812089556089,0.04380447493733394,0.04620612789674757,0.022842470758504516,0.015912662348605257,0.012408663931005912,0.03911313570474672,0.03849715046414848,0.019679306458567983,0.0,0.009642191645380514,0.018772434724900873,0.009377400457143944,0.0,0.06439891481332506,0.2936407476917301,0.07787124293790933,0.1250355655043583
2025-04-24,0.018948444723069953,0.01859578565698032,0.021136035009585167,0.023095854402121883,0.019469187762318103,0.017981693554352904,0.01662238772160235,0.02694812089556089,0.04380447493733394,0.04620612789674757,0.022842470758504516,0.015912662348605257,0.012408663931005912,0.03911313570474672,0.03849715046414848,0.019679306458567983,0.0,0.009642191645380514,0.018772434724900873,0.009377400457143944,0.0,0.06439891481332506,0.2936407476917301,0.07787124293790933,0.1250355655043583
2025-04-25,0.018948444723069953,0.01859578565698032,0.021136035009585167,0.023095854402121883,0.019469187762318103,0.017981693554352904,0.01662238772160235,0.02694812089556089,0.04380447493733394,0.04620612789674757,0.022842470758504516,0.015912662348605257,0.012408663931005912,0.03911313570474672,0.03849715046414848,0.019679306458567983,0.0,0.009642191645380514,0.018772434724900873,0.009377400457143944,0.0,0.06439891481332506,0.2936407476917301,0.07787124293790933,0.1250355655043583
2025-04-28,0.018948444723069953,0.01859578565698032,0.021136035009585167,0.023095854402121883,0.019469187762318103,0.017981693554352904,0.01662238772160235,0.02694812089556089,0.04380447493733394,0.04620612789674757,0.022842470758504516,0.015912662348605257,0.012408663931005912,0.03911313570474672,0.03849715046414848,0.019679306458567983,0.0,0.009642191645380514,0.018772434724900873,0.009377400457143944,0.0,0.06439891481332506,0.2936407476917301,0.07787124293790933,0.1250355655043583
2025-04-29,0.018948444723069953,0.01859578565698032,0.021136035009585167,0.023095854402121883,0.019469187762318103,0.017981693554352904,0.01662238772160235,0.02694812089556089,0.04380447493733394,0.04620612789674757,0.022842470758504516,0.015912662348605257,0.012408663931005912,0.03911313570474672,0.03849715046414848,0.019679306458567983,0.0,0.009642191645380514,0.018772434724900873,0.009377400457143944,0.0,0.06439891481332506,0.2936407476917301,0.07787124293790933,0.1250355655043583
2025-04-30,0.018948444723069953,0.01859578565698032,0.021136035009585167,0.023095854402121883,0.019469187762318103,0.017981693554352904,0.01662238772160235,0.02694812089556089,0.04380447493733394,0.04620612789674757,0.022842470758504516,0.015912662348605257,0.012408663931005912,0.03911313570474672,0.03849715046414848,0.019679306458567983,0.0,0.009642191645380514,0.018772434724900873,0.009377400457143944,0.0,0.06439891481332506,0.2936407476917301,0.07787124293790933,0.1250355655043583
2025-05-01,0.01883392166885569,0.01876813423210745,0.01761908682490016,0.023102936780087988,0.020854728751510357,0.016287309276437293,0.01618277289059474,0.0,0.057787519642824664,0.0,0.02051797825632649,0.017883306279494,0.013057399335415018,0.05396977093318736,0.06209631429981072,0.019746305854325373,0.01732993541996439,0.0,0.02098997294015447,0.0,0.0,0.0,0.5001947884376755,0.0,0.08477781817632832
2025-05-02,0.01883392166885569,0.01876813423210745,0.01761908682490016,0.023102936780087988,0.020854728751510357,0.016287309276437293,0.01618277289059474,0.0,0.057787519642824664,0.0,0.02051797825632649,0.017883306279494,0.013057399335415018,0.05396977093318736,0.06209631429981072,0.019746305854325373,0.01732993541996439,0.0,0.02098997294015447,0.0,0.0,0.0,0.5001947884376755,0.0,0.08477781817632832
2025-05-05,0.01883392166885569,0.01876813423210745,0.01761908682490016,0.023102936780087988,0.020854728751510357,0.016287309276437293,0.01618277289059474,0.0,0.057787519642824664,0.0,0.02051797825632649,0.017883306279494,0.013057399335415018,0.05396977093318736,0.06209631429981072,0.019746305854325373,0.01732993541996439,0.0,0.02098997294015447,0.0,0.0,0.0,0.5001947884376755,0.0,0.08477781817632832
2025-05-06,0.01883392166885569,0.01876813423210745,0.01761908682490016,0.023102936780087988,0.020854728751510357,0.016287309276437293,0.01618277289059474,0.0,0.057787519642824664,0.0,0.02051797825632649,0.017883306279494,0.013057399335415018,0.05396977093318736,0.06209631429981072,0.019746305854325373,0.01732993541996439,0.0,0.02098997294015447,0.0,0.0,0.0,0.5001947884376755,0.0,0.08477781817632832
2025-05-07,0.01883392166885569,0.01876813423210745,0.01761908682490016,0.023102936780087988,0.020854728751510357,0.016287309276437293,0.01618277289059474,0.0,0.057787519642824664,0.0,0.02051797825632649,0.017883306279494,0.013057399335415018,0.05396977093318736,0.06209631429981072,0.019746305854325373,0.01732993541996439,0.0,0.02098997294015447,0.0,0.0,0.0,0.5001947884376755,0.0,0.08477781817632832
2025-05-08,0.01883392166885569,0.01876813423210745,0.01761908682490016,0.023102936780087988,0.020854728751510357,0.016287309276437293,0.01618277289059474,0.0,0.057787519642824664,0.0,0.02051797825632649,0.017883306279494,0.013057399335415018,0.05396977093318736,0.06209631429981072,0.019746305854325373,0.01732993541996439,0.0,0.02098997294015447,0.0,0.0,0.0,0.5001947884376755,0.0,0.08477781817632832
2025-05-09,0.01883392166885569,0.01876813423210745,0.01761908682490016,0.023102936780087988,0.020854728751510357,0.016287309276437293,0.01618277289059474,0.0,0.057787519642824664,0.0,0.02051797825632649,0.017883306279494,0.013057399335415018,0.05396977093318736,0.06209631429981072,0.019746305854325373,0.01732993541996439,0.0,0.02098997294015447,0.0,0.0,0.0,0.5001947884376755,0.0,0.08477781817632832
2025-05-12,0.01883392166885569,0.01876813423210745,0.01761908682490016,0.023102936780087988,0.020854728751510357,0.016287309276437293,0.01618277289059474,0.0,0.057787519642824664,0.0,0.02051797825632649,0.017883306279494,0.013057399335415018,0.05396977093318736,0.06209631429981072,0.019746305854325373,0.01732993541996439,0.0,0.02098997294015447,0.0,0.0,0.0,0.5001947884376755,0.0,0.08477781817632832
2025-05-13,0.01883392166885569,0.01876813423210745,0.01761908682490016,0.023102936780087988,0.020854728751510357,0.016287309276437293,0.01618277289059474,0.0,0.057787519642824664,0.0,0.02051797825632649,0.017883306279494,0.013057399335415018,0.05396977093318736,0.06209631429981072,0.019746305854325373,0.01732993541996439,0.0,0.02098997294015447,0.0,0.0,0.0,0.5001947884376755,0.0,0.08477781817632832
2025-05-14,0.01883392166885569,0.01876813423210745,0.01761908682490016,0.023102936780087988,0.020854728751510357,0.016287309276437293,0.01618277289059474,0.0,0.057787519642824664,0.0,0.02051797825632649,0.017883306279494,0.013057399335415018,0.05396977093318736,0.06209631429981072,0.019746305854325373,0.01732993541996439,0.0,0.02098997294015447,0.0,0.0,0.0,0.5001947884376755,0.0,0.08477781817632832
2025-05-15,0.01883392166885569,0.01876813423210745,0.01761908682490016,0.023102936780087988,0.020854728751510357,0.016287309276437293,0.01618277289059474,0.0,0.057787519642824664,0.0,0.02051797825632649,0.017883306279494,0.013057399335415018,0.05396977093318736,0.06209631429981072,0.019746305854325373,0.01732993541996439,0.0,0.02098997294015447,0.0,0.0,0.0,0.5001947884376755,0.0,0.08477781817632832
2025-05-16,0.01883392166885569,0.01876813423210745,0.01761908682490016,0.023102936780087988,0.020854728751510357,0.016287309276437293,0.01618277289059474,0.0,0.057787519642824664,0.0,0.02051797825632649,0.017883306279494,0.013057399335415018,0.05396977093318736,0.06209631429981072,0.019746305854325373,0.01732993541996439,0.0,0.02098997294015447,0.0,0.0,0.0,0.5001947884376755,0.0,0.08477781817632832
2025-05-19,0.01883392166885569,0.01876813423210745,0.01761908682490016,0.023102936780087988,0.020854728751510357,0.016287309276437293,0.01618277289059474,0.0,0.057787519642824664,0.0,0.02051797825632649,0.017883306279494,0.013057399335415018,0.05396977093318736,0.06209631429981072,0.019746305854325373,0.01732993541996439,0.0,0.02098997294015447,0.0,0.0,0.0,0.5001947884376755,0.0,0.08477781817632832
2025-05-20,0.01883392166885569,0.01876813423210745,0.01761908682490016,0.023102936780087988,0.020854728751510357,0.016287309276437293,0.01618277289059474,0.0,0.057787519642824664,0.0,0.02051797825632649,0.017883306279494,0.013057399335415018,0.05396977093318736,0.06209631429981072,0.019746305854325373,0.01732993541996439,0.0,0.02098997294015447,0.0,0.0,0.0,0.5001947884376755,0.0,0.08477781817632832
2025-05-21,0.01883392166885569,0.01876813423210745,0.01761908682490016,0.023102936780087988,0.020854728751510357,0.016287309276437293,0.01618277289059474,0.0,0.057787519642824664,0.0,0.02051797825632649,0.017883306279494,0.013057399335415018,0.05396977093318736,0.06209631429981072,0.019746305854325373,0.01732993541996439,0.0,0.02098997294015447,0.0,0.0,0.0,0.5001947884376755,0.0,0.08477781817632832
2025-05-22,0.01883392166885569,0.01876813423210745,0.01761908682490016,0.023102936780087988,0.020854728751510357,0.016287309276437293,0.01618277289059474,0.0,0.057787519642824664,0.0,0.02051797825632649,0.017883306279494,0.013057399335415018,0.05396977093318736,0.06209631429981072,0.019746305854325373,0.01732993541996439,0.0,0.02098997294015447,0.0,0.0,0.0,0.5001947884376755,0.0,0.08477781817632832
2025-05-23,0.01883392166885569,0.01876813423210745,0.01761908682490016,0.023102936780087988,0.020854728751510357,0.016287309276437293,0.01618277289059474,0.0,0.057787519642824664,0.0,0.02051797825632649,0.017883306279494,0.013057399335415018,0.05396977093318736,0.06209631429981072,0.019746305854325373,0.01732993541996439,0.0,0.02098997294015447,0.0,0.0,0.0,0.5001947884376755,0.0,0.08477781817632832
2025-05-26,0.01883392166885569,0.01876813423210745,0.01761908682490016,0.023102936780087988,0.020854728751510357,0.016287309276437293,0.01618277289059474,0.0,0.057787519642824664,0.0,0.02051797825632649,0.017883306279494,0.013057399335415018,0.05396977093318736,0.06209631429981072,0.019746305854325373,0.01732993541996439,0.0,0.02098997294015447,0.0,0.0,0.0,0.5001947884376755,0.0,0.08477781817632832
2025-05-27,0.01883392166885569,0.01876813423210745,0.01761908682490016,0.023102936780087988,0.020854728751510357,0.016287309276437293,0.01618277289059474,0.0,0.057787519642824664,0.0,0.02051797825632649,0.017883306279494,0.013057399335415018,0.05396977093318736,0.06209631429981072,0.019746305854325373,0.01732993541996439,0.0,0.02098997294015447,0.0,0.0,0.0,0.5001947884376755,0.0,0.08477781817632832
2025-05-28,0.01883392166885569,0.01876813423210745,0.01761908682490016,0.023102936780087988,0.020854728751510357,0.016287309276437293,0.01618277289059474,0.0,0.057787519642824664,0.0,0.02051797825632649,0.017883306279494,0.013057399335415018,0.05396977093318736,0.06209631429981072,0.019746305854325373,0.01732993541996439,0.0,0.02098997294015447,0.0,0.0,0.0,0.5001947884376755,0.0,0.08477781817632832
2025-05-29,0.01883392166885569,0.01876813423210745,0.01761908682490016,0.023102936780087988,0.020854728751510357,0.016287309276437293,0.01618277289059474,0.0,0.057787519642824664,0.0,0.02051797825632649,0.017883306279494,0.013057399335415018,0.05396977093318736,0.06209631429981072,0.019746305854325373,0.01732993541996439,0.0,0.02098997294015447,0.0,0.0,0.0,0.5001947884376755,0.0,0.08477781817632832
2025-05-30,0.01883392166885569,0.01876813423210745,0.01761908682490016,0.023102936780087988,0.020854728751510357,0.016287309276437293,0.01618277289059474,0.0,0.057787519642824664,0.0,0.02051797825632649,0.017883306279494,0.013057399335415018,0.05396977093318736,0.06209631429981072,0.019746305854325373,0.01732993541996439,0.0,0.02098997294015447,0.0,0.0,0.0,0.5001947884376755,0.0,0.08477781817632832
2025-06-02,0.0,0.0,0.0,0.0,0.0,0.0,0.0,0.0,0.0,0.0,0.0,0.0,0.033920853238469835,0.0,0.0,0.04677765351934881,0.0,0.0,0.06898599591368693,0.0,0.0,0.14028119020571,0.5505087029654925,0.0,0.15952560415729214
2025-06-03,0.0,0.0,0.0,0.0,0.0,0.0,0.0,0.0,0.0,0.0,0.0,0.0,0.033920853238469835,0.0,0.0,0.04677765351934881,0.0,0.0,0.06898599591368693,0.0,0.0,0.14028119020571,0.5505087029654925,0.0,0.15952560415729214
2025-06-04,0.0,0.0,0.0,0.0,0.0,0.0,0.0,0.0,0.0,0.0,0.0,0.0,0.033920853238469835,0.0,0.0,0.04677765351934881,0.0,0.0,0.06898599591368693,0.0,0.0,0.14028119020571,0.5505087029654925,0.0,0.15952560415729214
2025-06-05,0.0,0.0,0.0,0.0,0.0,0.0,0.0,0.0,0.0,0.0,0.0,0.0,0.033920853238469835,0.0,0.0,0.04677765351934881,0.0,0.0,0.06898599591368693,0.0,0.0,0.14028119020571,0.5505087029654925,0.0,0.15952560415729214
2025-06-06,0.0,0.0,0.0,0.0,0.0,0.0,0.0,0.0,0.0,0.0,0.0,0.0,0.033920853238469835,0.0,0.0,0.04677765351934881,0.0,0.0,0.06898599591368693,0.0,0.0,0.14028119020571,0.5505087029654925,0.0,0.15952560415729214
2025-06-09,0.0,0.0,0.0,0.0,0.0,0.0,0.0,0.0,0.0,0.0,0.0,0.0,0.033920853238469835,0.0,0.0,0.04677765351934881,0.0,0.0,0.06898599591368693,0.0,0.0,0.14028119020571,0.5505087029654925,0.0,0.15952560415729214
2025-06-10,0.0,0.0,0.0,0.0,0.0,0.0,0.0,0.0,0.0,0.0,0.0,0.0,0.033920853238469835,0.0,0.0,0.04677765351934881,0.0,0.0,0.06898599591368693,0.0,0.0,0.14028119020571,0.5505087029654925,0.0,0.15952560415729214
2025-06-11,0.0,0.0,0.0,0.0,0.0,0.0,0.0,0.0,0.0,0.0,0.0,0.0,0.033920853238469835,0.0,0.0,0.04677765351934881,0.0,0.0,0.06898599591368693,0.0,0.0,0.14028119020571,0.5505087029654925,0.0,0.15952560415729214
2025-06-12,0.0,0.0,0.0,0.0,0.0,0.0,0.0,0.0,0.0,0.0,0.0,0.0,0.033920853238469835,0.0,0.0,0.04677765351934881,0.0,0.0,0.06898599591368693,0.0,0.0,0.14028119020571,0.5505087029654925,0.0,0.15952560415729214
2025-06-13,0.0,0.0,0.0,0.0,0.0,0.0,0.0,0.0,0.0,0.0,0.0,0.0,0.033920853238469835,0.0,0.0,0.04677765351934881,0.0,0.0,0.06898599591368693,0.0,0.0,0.14028119020571,0.5505087029654925,0.0,0.15952560415729214
2025-06-16,0.0,0.0,0.0,0.0,0.0,0.0,0.0,0.0,0.0,0.0,0.0,0.0,0.033920853238469835,0.0,0.0,0.04677765351934881,0.0,0.0,0.06898599591368693,0.0,0.0,0.14028119020571,0.5505087029654925,0.0,0.15952560415729214
2025-06-17,0.0,0.0,0.0,0.0,0.0,0.0,0.0,0.0,0.0,0.0,0.0,0.0,0.033920853238469835,0.0,0.0,0.04677765351934881,0.0,0.0,0.06898599591368693,0.0,0.0,0.14028119020571,0.5505087029654925,0.0,0.15952560415729214
2025-06-18,0.0,0.0,0.0,0.0,0.0,0.0,0.0,0.0,0.0,0.0,0.0,0.0,0.033920853238469835,0.0,0.0,0.04677765351934881,0.0,0.0,0.06898599591368693,0.0,0.0,0.14028119020571,0.5505087029654925,0.0,0.15952560415729214
2025-06-19,0.0,0.0,0.0,0.0,0.0,0.0,0.0,0.0,0.0,0.0,0.0,0.0,0.033920853238469835,0.0,0.0,0.04677765351934881,0.0,0.0,0.06898599591368693,0.0,0.0,0.14028119020571,0.5505087029654925,0.0,0.15952560415729214
2025-06-20,0.0,0.0,0.0,0.0,0.0,0.0,0.0,0.0,0.0,0.0,0.0,0.0,0.033920853238469835,0.0,0.0,0.04677765351934881,0.0,0.0,0.06898599591368693,0.0,0.0,0.14028119020571,0.5505087029654925,0.0,0.15952560415729214
2025-06-23,0.0,0.0,0.0,0.0,0.0,0.0,0.0,0.0,0.0,0.0,0.0,0.0,0.033920853238469835,0.0,0.0,0.04677765351934881,0.0,0.0,0.06898599591368693,0.0,0.0,0.14028119020571,0.5505087029654925,0.0,0.15952560415729214
2025-06-24,0.0,0.0,0.0,0.0,0.0,0.0,0.0,0.0,0.0,0.0,0.0,0.0,0.033920853238469835,0.0,0.0,0.04677765351934881,0.0,0.0,0.06898599591368693,0.0,0.0,0.14028119020571,0.5505087029654925,0.0,0.15952560415729214
2025-06-25,0.0,0.0,0.0,0.0,0.0,0.0,0.0,0.0,0.0,0.0,0.0,0.0,0.033920853238469835,0.0,0.0,0.04677765351934881,0.0,0.0,0.06898599591368693,0.0,0.0,0.14028119020571,0.5505087029654925,0.0,0.15952560415729214
2025-06-26,0.0,0.0,0.0,0.0,0.0,0.0,0.0,0.0,0.0,0.0,0.0,0.0,0.033920853238469835,0.0,0.0,0.04677765351934881,0.0,0.0,0.06898599591368693,0.0,0.0,0.14028119020571,0.5505087029654925,0.0,0.15952560415729214
2025-06-27,0.0,0.0,0.0,0.0,0.0,0.0,0.0,0.0,0.0,0.0,0.0,0.0,0.033920853238469835,0.0,0.0,0.04677765351934881,0.0,0.0,0.06898599591368693,0.0,0.0,0.14028119020571,0.5505087029654925,0.0,0.15952560415729214
2025-06-30,0.0,0.0,0.0,0.0,0.0,0.0,0.0,0.0,0.0,0.0,0.0,0.0,0.033920853238469835,0.0,0.0,0.04677765351934881,0.0,0.0,0.06898599591368693,0.0,0.0,0.14028119020571,0.5505087029654925,0.0,0.15952560415729214
2025-07-01,0.0,0.0,0.0,0.0,0.0,0.0,0.0,0.0,0.04570240293187965,0.0,0.0,0.033067647070674555,0.03049385347219171,0.0,0.0,0.04661947866739888,0.0,0.0,0.029590697018548908,0.0,0.0,0.10943406307364512,0.45136639002915147,0.09563855044478467,0.15808691729172517
2025-07-02,0.0,0.0,0.0,0.0,0.0,0.0,0.0,0.0,0.04570240293187965,0.0,0.0,0.033067647070674555,0.03049385347219171,0.0,0.0,0.04661947866739888,0.0,0.0,0.029590697018548908,0.0,0.0,0.10943406307364512,0.45136639002915147,0.09563855044478467,0.15808691729172517
2025-07-03,0.0,0.0,0.0,0.0,0.0,0.0,0.0,0.0,0.04570240293187965,0.0,0.0,0.033067647070674555,0.03049385347219171,0.0,0.0,0.04661947866739888,0.0,0.0,0.029590697018548908,0.0,0.0,0.10943406307364512,0.45136639002915147,0.09563855044478467,0.15808691729172517
2025-07-04,0.0,0.0,0.0,0.0,0.0,0.0,0.0,0.0,0.04570240293187965,0.0,0.0,0.033067647070674555,0.03049385347219171,0.0,0.0,0.04661947866739888,0.0,0.0,0.029590697018548908,0.0,0.0,0.10943406307364512,0.45136639002915147,0.09563855044478467,0.15808691729172517
2025-07-07,0.0,0.0,0.0,0.0,0.0,0.0,0.0,0.0,0.04570240293187965,0.0,0.0,0.033067647070674555,0.03049385347219171,0.0,0.0,0.04661947866739888,0.0,0.0,0.029590697018548908,0.0,0.0,0.10943406307364512,0.45136639002915147,0.09563855044478467,0.15808691729172517
2025-07-08,0.0,0.0,0.0,0.0,0.0,0.0,0.0,0.0,0.04570240293187965,0.0,0.0,0.033067647070674555,0.03049385347219171,0.0,0.0,0.04661947866739888,0.0,0.0,0.029590697018548908,0.0,0.0,0.10943406307364512,0.45136639002915147,0.09563855044478467,0.15808691729172517
2025-07-09,0.0,0.0,0.0,0.0,0.0,0.0,0.0,0.0,0.04570240293187965,0.0,0.0,0.033067647070674555,0.03049385347219171,0.0,0.0,0.04661947866739888,0.0,0.0,0.029590697018548908,0.0,0.0,0.10943406307364512,0.45136639002915147,0.09563855044478467,0.15808691729172517
2025-07-10,0.0,0.0,0.0,0.0,0.0,0.0,0.0,0.0,0.04570240293187965,0.0,0.0,0.033067647070674555,0.03049385347219171,0.0,0.0,0.04661947866739888,0.0,0.0,0.029590697018548908,0.0,0.0,0.10943406307364512,0.45136639002915147,0.09563855044478467,0.15808691729172517
2025-07-11,0.0,0.0,0.0,0.0,0.0,0.0,0.0,0.0,0.04570240293187965,0.0,0.0,0.033067647070674555,0.03049385347219171,0.0,0.0,0.04661947866739888,0.0,0.0,0.029590697018548908,0.0,0.0,0.10943406307364512,0.45136639002915147,0.09563855044478467,0.15808691729172517
2025-07-14,0.0,0.0,0.0,0.0,0.0,0.0,0.0,0.0,0.04570240293187965,0.0,0.0,0.033067647070674555,0.03049385347219171,0.0,0.0,0.04661947866739888,0.0,0.0,0.029590697018548908,0.0,0.0,0.10943406307364512,0.45136639002915147,0.09563855044478467,0.15808691729172517
2025-07-15,0.0,0.0,0.0,0.0,0.0,0.0,0.0,0.0,0.04570240293187965,0.0,0.0,0.033067647070674555,0.03049385347219171,0.0,0.0,0.04661947866739888,0.0,0.0,0.029590697018548908,0.0,0.0,0.10943406307364512,0.45136639002915147,0.09563855044478467,0.15808691729172517
2025-07-16,0.0,0.0,0.0,0.0,0.0,0.0,0.0,0.0,0.04570240293187965,0.0,0.0,0.033067647070674555,0.03049385347219171,0.0,0.0,0.04661947866739888,0.0,0.0,0.029590697018548908,0.0,0.0,0.10943406307364512,0.45136639002915147,0.09563855044478467,0.15808691729172517
2025-07-17,0.0,0.0,0.0,0.0,0.0,0.0,0.0,0.0,0.04570240293187965,0.0,0.0,0.033067647070674555,0.03049385347219171,0.0,0.0,0.04661947866739888,0.0,0.0,0.029590697018548908,0.0,0.0,0.10943406307364512,0.45136639002915147,0.09563855044478467,0.15808691729172517
2025-07-18,0.0,0.0,0.0,0.0,0.0,0.0,0.0,0.0,0.04570240293187965,0.0,0.0,0.033067647070674555,0.03049385347219171,0.0,0.0,0.04661947866739888,0.0,0.0,0.029590697018548908,0.0,0.0,0.10943406307364512,0.45136639002915147,0.09563855044478467,0.15808691729172517
2025-07-21,0.0,0.0,0.0,0.0,0.0,0.0,0.0,0.0,0.04570240293187965,0.0,0.0,0.033067647070674555,0.03049385347219171,0.0,0.0,0.04661947866739888,0.0,0.0,0.029590697018548908,0.0,0.0,0.10943406307364512,0.45136639002915147,0.09563855044478467,0.15808691729172517
2025-07-22,0.0,0.0,0.0,0.0,0.0,0.0,0.0,0.0,0.04570240293187965,0.0,0.0,0.033067647070674555,0.03049385347219171,0.0,0.0,0.04661947866739888,0.0,0.0,0.029590697018548908,0.0,0.0,0.10943406307364512,0.45136639002915147,0.09563855044478467,0.15808691729172517
2025-07-23,0.0,0.0,0.0,0.0,0.0,0.0,0.0,0.0,0.04570240293187965,0.0,0.0,0.033067647070674555,0.03049385347219171,0.0,0.0,0.04661947866739888,0.0,0.0,0.029590697018548908,0.0,0.0,0.10943406307364512,0.45136639002915147,0.09563855044478467,0.15808691729172517
2025-07-24,0.0,0.0,0.0,0.0,0.0,0.0,0.0,0.0,0.04570240293187965,0.0,0.0,0.033067647070674555,0.03049385347219171,0.0,0.0,0.04661947866739888,0.0,0.0,0.029590697018548908,0.0,0.0,0.10943406307364512,0.45136639002915147,0.09563855044478467,0.15808691729172517
2025-07-25,0.0,0.0,0.0,0.0,0.0,0.0,0.0,0.0,0.04570240293187965,0.0,0.0,0.033067647070674555,0.03049385347219171,0.0,0.0,0.04661947866739888,0.0,0.0,0.029590697018548908,0.0,0.0,0.10943406307364512,0.45136639002915147,0.09563855044478467,0.15808691729172517
2025-07-28,0.0,0.0,0.0,0.0,0.0,0.0,0.0,0.0,0.04570240293187965,0.0,0.0,0.033067647070674555,0.03049385347219171,0.0,0.0,0.04661947866739888,0.0,0.0,0.029590697018548908,0.0,0.0,0.10943406307364512,0.45136639002915147,0.09563855044478467,0.15808691729172517
2025-07-29,0.0,0.0,0.0,0.0,0.0,0.0,0.0,0.0,0.04570240293187965,0.0,0.0,0.033067647070674555,0.03049385347219171,0.0,0.0,0.04661947866739888,0.0,0.0,0.029590697018548908,0.0,0.0,0.10943406307364512,0.45136639002915147,0.09563855044478467,0.15808691729172517
2025-07-30,0.0,0.0,0.0,0.0,0.0,0.0,0.0,0.0,0.04570240293187965,0.0,0.0,0.033067647070674555,0.03049385347219171,0.0,0.0,0.04661947866739888,0.0,0.0,0.029590697018548908,0.0,0.0,0.10943406307364512,0.45136639002915147,0.09563855044478467,0.15808691729172517
2025-07-31,0.0,0.0,0.0,0.0,0.0,0.0,0.0,0.0,0.04570240293187965,0.0,0.0,0.033067647070674555,0.03049385347219171,0.0,0.0,0.04661947866739888,0.0,0.0,0.029590697018548908,0.0,0.0,0.10943406307364512,0.45136639002915147,0.09563855044478467,0.15808691729172517
2025-08-01,0.03475864768638011,0.03221061435969588,0.0,0.0,0.0,0.03519510043862926,0.030348017822817937,0.0,0.049799866517353575,0.0,0.0,0.0,0.022748993977686364,0.0,0.0,0.03244420960058731,0.0,0.0,0.0,0.0,0.0,0.07467808614649149,0.36310497439478284,0.07670614742768646,0.24800534162788873
2025-08-04,0.03475864768638011,0.03221061435969588,0.0,0.0,0.0,0.03519510043862926,0.030348017822817937,0.0,0.049799866517353575,0.0,0.0,0.0,0.022748993977686364,0.0,0.0,0.03244420960058731,0.0,0.0,0.0,0.0,0.0,0.07467808614649149,0.36310497439478284,0.07670614742768646,0.24800534162788873
2025-08-05,0.03475864768638011,0.03221061435969588,0.0,0.0,0.0,0.03519510043862926,0.030348017822817937,0.0,0.049799866517353575,0.0,0.0,0.0,0.022748993977686364,0.0,0.0,0.03244420960058731,0.0,0.0,0.0,0.0,0.0,0.07467808614649149,0.36310497439478284,0.07670614742768646,0.24800534162788873
2025-08-06,0.03475864768638011,0.03221061435969588,0.0,0.0,0.0,0.03519510043862926,0.030348017822817937,0.0,0.049799866517353575,0.0,0.0,0.0,0.022748993977686364,0.0,0.0,0.03244420960058731,0.0,0.0,0.0,0.0,0.0,0.07467808614649149,0.36310497439478284,0.07670614742768646,0.24800534162788873
2025-08-07,0.03475864768638011,0.03221061435969588,0.0,0.0,0.0,0.03519510043862926,0.030348017822817937,0.0,0.049799866517353575,0.0,0.0,0.0,0.022748993977686364,0.0,0.0,0.03244420960058731,0.0,0.0,0.0,0.0,0.0,0.07467808614649149,0.36310497439478284,0.07670614742768646,0.24800534162788873
2025-08-08,0.03475864768638011,0.03221061435969588,0.0,0.0,0.0,0.03519510043862926,0.030348017822817937,0.0,0.049799866517353575,0.0,0.0,0.0,0.022748993977686364,0.0,0.0,0.03244420960058731,0.0,0.0,0.0,0.0,0.0,0.07467808614649149,0.36310497439478284,0.07670614742768646,0.24800534162788873
2025-08-11,0.03475864768638011,0.03221061435969588,0.0,0.0,0.0,0.03519510043862926,0.030348017822817937,0.0,0.049799866517353575,0.0,0.0,0.0,0.022748993977686364,0.0,0.0,0.03244420960058731,0.0,0.0,0.0,0.0,0.0,0.07467808614649149,0.36310497439478284,0.07670614742768646,0.24800534162788873
2025-08-12,0.03475864768638011,0.03221061435969588,0.0,0.0,0.0,0.03519510043862926,0.030348017822817937,0.0,0.049799866517353575,0.0,0.0,0.0,0.022748993977686364,0.0,0.0,0.03244420960058731,0.0,0.0,0.0,0.0,0.0,0.07467808614649149,0.36310497439478284,0.07670614742768646,0.24800534162788873
2025-08-13,0.03475864768638011,0.03221061435969588,0.0,0.0,0.0,0.03519510043862926,0.030348017822817937,0.0,0.049799866517353575,0.0,0.0,0.0,0.022748993977686364,0.0,0.0,0.03244420960058731,0.0,0.0,0.0,0.0,0.0,0.07467808614649149,0.36310497439478284,0.07670614742768646,0.24800534162788873
2025-08-14,0.03475864768638011,0.03221061435969588,0.0,0.0,0.0,0.03519510043862926,0.030348017822817937,0.0,0.049799866517353575,0.0,0.0,0.0,0.022748993977686364,0.0,0.0,0.03244420960058731,0.0,0.0,0.0,0.0,0.0,0.07467808614649149,0.36310497439478284,0.07670614742768646,0.24800534162788873
2025-08-15,0.03475864768638011,0.03221061435969588,0.0,0.0,0.0,0.03519510043862926,0.030348017822817937,0.0,0.049799866517353575,0.0,0.0,0.0,0.022748993977686364,0.0,0.0,0.03244420960058731,0.0,0.0,0.0,0.0,0.0,0.07467808614649149,0.36310497439478284,0.07670614742768646,0.24800534162788873
2025-08-18,0.03475864768638011,0.03221061435969588,0.0,0.0,0.0,0.03519510043862926,0.030348017822817937,0.0,0.049799866517353575,0.0,0.0,0.0,0.022748993977686364,0.0,0.0,0.03244420960058731,0.0,0.0,0.0,0.0,0.0,0.07467808614649149,0.36310497439478284,0.07670614742768646,0.24800534162788873
2025-08-19,0.03475864768638011,0.03221061435969588,0.0,0.0,0.0,0.03519510043862926,0.030348017822817937,0.0,0.049799866517353575,0.0,0.0,0.0,0.022748993977686364,0.0,0.0,0.03244420960058731,0.0,0.0,0.0,0.0,0.0,0.07467808614649149,0.36310497439478284,0.07670614742768646,0.24800534162788873
2025-08-20,0.03475864768638011,0.03221061435969588,0.0,0.0,0.0,0.03519510043862926,0.030348017822817937,0.0,0.049799866517353575,0.0,0.0,0.0,0.022748993977686364,0.0,0.0,0.03244420960058731,0.0,0.0,0.0,0.0,0.0,0.07467808614649149,0.36310497439478284,0.07670614742768646,0.24800534162788873
2025-08-21,0.03475864768638011,0.03221061435969588,0.0,0.0,0.0,0.03519510043862926,0.030348017822817937,0.0,0.049799866517353575,0.0,0.0,0.0,0.022748993977686364,0.0,0.0,0.03244420960058731,0.0,0.0,0.0,0.0,0.0,0.07467808614649149,0.36310497439478284,0.07670614742768646,0.24800534162788873
2025-08-22,0.03475864768638011,0.03221061435969588,0.0,0.0,0.0,0.03519510043862926,0.030348017822817937,0.0,0.049799866517353575,0.0,0.0,0.0,0.022748993977686364,0.0,0.0,0.03244420960058731,0.0,0.0,0.0,0.0,0.0,0.07467808614649149,0.36310497439478284,0.07670614742768646,0.24800534162788873
2025-08-25,0.03475864768638011,0.03221061435969588,0.0,0.0,0.0,0.03519510043862926,0.030348017822817937,0.0,0.049799866517353575,0.0,0.0,0.0,0.022748993977686364,0.0,0.0,0.03244420960058731,0.0,0.0,0.0,0.0,0.0,0.07467808614649149,0.36310497439478284,0.07670614742768646,0.24800534162788873
2025-08-26,0.03475864768638011,0.03221061435969588,0.0,0.0,0.0,0.03519510043862926,0.030348017822817937,0.0,0.049799866517353575,0.0,0.0,0.0,0.022748993977686364,0.0,0.0,0.03244420960058731,0.0,0.0,0.0,0.0,0.0,0.07467808614649149,0.36310497439478284,0.07670614742768646,0.24800534162788873
2025-08-27,0.03475864768638011,0.03221061435969588,0.0,0.0,0.0,0.03519510043862926,0.030348017822817937,0.0,0.049799866517353575,0.0,0.0,0.0,0.022748993977686364,0.0,0.0,0.03244420960058731,0.0,0.0,0.0,0.0,0.0,0.07467808614649149,0.36310497439478284,0.07670614742768646,0.24800534162788873
2025-08-28,0.03475864768638011,0.03221061435969588,0.0,0.0,0.0,0.03519510043862926,0.030348017822817937,0.0,0.049799866517353575,0.0,0.0,0.0,0.022748993977686364,0.0,0.0,0.03244420960058731,0.0,0.0,0.0,0.0,0.0,0.07467808614649149,0.36310497439478284,0.07670614742768646,0.24800534162788873
2025-08-29,0.03475864768638011,0.03221061435969588,0.0,0.0,0.0,0.03519510043862926,0.030348017822817937,0.0,0.049799866517353575,0.0,0.0,0.0,0.022748993977686364,0.0,0.0,0.03244420960058731,0.0,0.0,0.0,0.0,0.0,0.07467808614649149,0.36310497439478284,0.07670614742768646,0.24800534162788873
2025-09-01,0.02803598566921537,0.023522626529145572,0.026855910877686393,0.03554737469704492,0.02855977005969372,0.030923536785055536,0.022885430615725823,0.05306691199397791,0.06797573738709976,0.0,0.0,0.044995266485299806,0.027520219511159454,0.015968762662242186,0.015289825085539662,0.05980188022424641,0.02318706123433303,0.0,0.0,0.0,0.04511030186912534,0.08315629547960236,0.23746326761644948,0.060980284030381075,0.06915355118697623
2025-09-02,0.02803598566921537,0.023522626529145572,0.026855910877686393,0.03554737469704492,0.02855977005969372,0.030923536785055536,0.022885430615725823,0.05306691199397791,0.06797573738709976,0.0,0.0,0.044995266485299806,0.027520219511159454,0.015968762662242186,0.015289825085539662,0.05980188022424641,0.02318706123433303,0.0,0.0,0.0,0.04511030186912534,0.08315629547960236,0.23746326761644948,0.060980284030381075,0.06915355118697623
2025-09-03,0.02803598566921537,0.023522626529145572,0.026855910877686393,0.03554737469704492,0.02855977005969372,0.030923536785055536,0.022885430615725823,0.05306691199397791,0.06797573738709976,0.0,0.0,0.044995266485299806,0.027520219511159454,0.015968762662242186,0.015289825085539662,0.05980188022424641,0.02318706123433303,0.0,0.0,0.0,0.04511030186912534,0.08315629547960236,0.23746326761644948,0.060980284030381075,0.06915355118697623
2025-09-04,0.02803598566921537,0.023522626529145572,0.026855910877686393,0.03554737469704492,0.02855977005969372,0.030923536785055536,0.022885430615725823,0.05306691199397791,0.06797573738709976,0.0,0.0,0.044995266485299806,0.027520219511159454,0.015968762662242186,0.015289825085539662,0.05980188022424641,0.02318706123433303,0.0,0.0,0.0,0.04511030186912534,0.08315629547960236,0.23746326761644948,0.060980284030381075,0.06915355118697623
2025-09-05,0.02803598566921537,0.023522626529145572,0.026855910877686393,0.03554737469704492,0.02855977005969372,0.030923536785055536,0.022885430615725823,0.05306691199397791,0.06797573738709976,0.0,0.0,0.044995266485299806,0.027520219511159454,0.015968762662242186,0.015289825085539662,0.05980188022424641,0.02318706123433303,0.0,0.0,0.0,0.04511030186912534,0.08315629547960236,0.23746326761644948,0.060980284030381075,0.06915355118697623
2025-09-08,0.02803598566921537,0.023522626529145572,0.026855910877686393,0.03554737469704492,0.02855977005969372,0.030923536785055536,0.022885430615725823,0.05306691199397791,0.06797573738709976,0.0,0.0,0.044995266485299806,0.027520219511159454,0.015968762662242186,0.015289825085539662,0.05980188022424641,0.02318706123433303,0.0,0.0,0.0,0.04511030186912534,0.08315629547960236,0.23746326761644948,0.060980284030381075,0.06915355118697623
2025-09-09,0.02803598566921537,0.023522626529145572,0.026855910877686393,0.03554737469704492,0.02855977005969372,0.030923536785055536,0.022885430615725823,0.05306691199397791,0.06797573738709976,0.0,0.0,0.044995266485299806,0.027520219511159454,0.015968762662242186,0.015289825085539662,0.05980188022424641,0.02318706123433303,0.0,0.0,0.0,0.04511030186912534,0.08315629547960236,0.23746326761644948,0.060980284030381075,0.06915355118697623
2025-09-10,0.02803598566921537,0.023522626529145572,0.026855910877686393,0.03554737469704492,0.02855977005969372,0.030923536785055536,0.022885430615725823,0.05306691199397791,0.06797573738709976,0.0,0.0,0.044995266485299806,0.027520219511159454,0.015968762662242186,0.015289825085539662,0.05980188022424641,0.02318706123433303,0.0,0.0,0.0,0.04511030186912534,0.08315629547960236,0.23746326761644948,0.060980284030381075,0.06915355118697623
2025-09-11,0.02803598566921537,0.023522626529145572,0.026855910877686393,0.03554737469704492,0.02855977005969372,0.030923536785055536,0.022885430615725823,0.05306691199397791,0.06797573738709976,0.0,0.0,0.044995266485299806,0.027520219511159454,0.015968762662242186,0.015289825085539662,0.05980188022424641,0.02318706123433303,0.0,0.0,0.0,0.04511030186912534,0.08315629547960236,0.23746326761644948,0.060980284030381075,0.06915355118697623
2025-09-12,0.02803598566921537,0.023522626529145572,0.026855910877686393,0.03554737469704492,0.02855977005969372,0.030923536785055536,0.022885430615725823,0.05306691199397791,0.06797573738709976,0.0,0.0,0.044995266485299806,0.027520219511159454,0.015968762662242186,0.015289825085539662,0.05980188022424641,0.02318706123433303,0.0,0.0,0.0,0.04511030186912534,0.08315629547960236,0.23746326761644948,0.060980284030381075,0.06915355118697623
2025-09-15,0.02803598566921537,0.023522626529145572,0.026855910877686393,0.03554737469704492,0.02855977005969372,0.030923536785055536,0.022885430615725823,0.05306691199397791,0.06797573738709976,0.0,0.0,0.044995266485299806,0.027520219511159454,0.015968762662242186,0.015289825085539662,0.05980188022424641,0.02318706123433303,0.0,0.0,0.0,0.04511030186912534,0.08315629547960236,0.23746326761644948,0.060980284030381075,0.06915355118697623
2025-09-16,0.02803598566921537,0.023522626529145572,0.026855910877686393,0.03554737469704492,0.02855977005969372,0.030923536785055536,0.022885430615725823,0.05306691199397791,0.06797573738709976,0.0,0.0,0.044995266485299806,0.027520219511159454,0.015968762662242186,0.015289825085539662,0.05980188022424641,0.02318706123433303,0.0,0.0,0.0,0.04511030186912534,0.08315629547960236,0.23746326761644948,0.060980284030381075,0.06915355118697623
2025-09-17,0.02803598566921537,0.023522626529145572,0.026855910877686393,0.03554737469704492,0.02855977005969372,0.030923536785055536,0.022885430615725823,0.05306691199397791,0.06797573738709976,0.0,0.0,0.044995266485299806,0.027520219511159454,0.015968762662242186,0.015289825085539662,0.05980188022424641,0.02318706123433303,0.0,0.0,0.0,0.04511030186912534,0.08315629547960236,0.23746326761644948,0.060980284030381075,0.06915355118697623
2025-09-18,0.02803598566921537,0.023522626529145572,0.026855910877686393,0.03554737469704492,0.02855977005969372,0.030923536785055536,0.022885430615725823,0.05306691199397791,0.06797573738709976,0.0,0.0,0.044995266485299806,0.027520219511159454,0.015968762662242186,0.015289825085539662,0.05980188022424641,0.02318706123433303,0.0,0.0,0.0,0.04511030186912534,0.08315629547960236,0.23746326761644948,0.060980284030381075,0.06915355118697623
2025-09-19,0.02803598566921537,0.023522626529145572,0.026855910877686393,0.03554737469704492,0.02855977005969372,0.030923536785055536,0.022885430615725823,0.05306691199397791,0.06797573738709976,0.0,0.0,0.044995266485299806,0.027520219511159454,0.015968762662242186,0.015289825085539662,0.05980188022424641,0.02318706123433303,0.0,0.0,0.0,0.04511030186912534,0.08315629547960236,0.23746326761644948,0.060980284030381075,0.06915355118697623
2025-09-22,0.02803598566921537,0.023522626529145572,0.026855910877686393,0.03554737469704492,0.02855977005969372,0.030923536785055536,0.022885430615725823,0.05306691199397791,0.06797573738709976,0.0,0.0,0.044995266485299806,0.027520219511159454,0.015968762662242186,0.015289825085539662,0.05980188022424641,0.02318706123433303,0.0,0.0,0.0,0.04511030186912534,0.08315629547960236,0.23746326761644948,0.060980284030381075,0.06915355118697623
2025-09-23,0.02803598566921537,0.023522626529145572,0.026855910877686393,0.03554737469704492,0.02855977005969372,0.030923536785055536,0.022885430615725823,0.05306691199397791,0.06797573738709976,0.0,0.0,0.044995266485299806,0.027520219511159454,0.015968762662242186,0.015289825085539662,0.05980188022424641,0.02318706123433303,0.0,0.0,0.0,0.04511030186912534,0.08315629547960236,0.23746326761644948,0.060980284030381075,0.06915355118697623
2025-09-24,0.02803598566921537,0.023522626529145572,0.026855910877686393,0.03554737469704492,0.02855977005969372,0.030923536785055536,0.022885430615725823,0.05306691199397791,0.06797573738709976,0.0,0.0,0.044995266485299806,0.027520219511159454,0.015968762662242186,0.015289825085539662,0.05980188022424641,0.02318706123433303,0.0,0.0,0.0,0.04511030186912534,0.08315629547960236,0.23746326761644948,0.060980284030381075,0.06915355118697623
2025-09-25,0.02803598566921537,0.023522626529145572,0.026855910877686393,0.03554737469704492,0.02855977005969372,0.030923536785055536,0.022885430615725823,0.05306691199397791,0.06797573738709976,0.0,0.0,0.044995266485299806,0.027520219511159454,0.015968762662242186,0.015289825085539662,0.05980188022424641,0.02318706123433303,0.0,0.0,0.0,0.04511030186912534,0.08315629547960236,0.23746326761644948,0.060980284030381075,0.06915355118697623
2025-09-26,0.02803598566921537,0.023522626529145572,0.026855910877686393,0.03554737469704492,0.02855977005969372,0.030923536785055536,0.022885430615725823,0.05306691199397791,0.06797573738709976,0.0,0.0,0.044995266485299806,0.027520219511159454,0.015968762662242186,0.015289825085539662,0.05980188022424641,0.02318706123433303,0.0,0.0,0.0,0.04511030186912534,0.08315629547960236,0.23746326761644948,0.060980284030381075,0.06915355118697623
2025-09-29,0.02803598566921537,0.023522626529145572,0.026855910877686393,0.03554737469704492,0.02855977005969372,0.030923536785055536,0.022885430615725823,0.05306691199397791,0.06797573738709976,0.0,0.0,0.044995266485299806,0.027520219511159454,0.015968762662242186,0.015289825085539662,0.05980188022424641,0.02318706123433303,0.0,0.0,0.0,0.04511030186912534,0.08315629547960236,0.23746326761644948,0.060980284030381075,0.06915355118697623
2025-09-30,0.02803598566921537,0.023522626529145572,0.026855910877686393,0.03554737469704492,0.02855977005969372,0.030923536785055536,0.022885430615725823,0.05306691199397791,0.06797573738709976,0.0,0.0,0.044995266485299806,0.027520219511159454,0.015968762662242186,0.015289825085539662,0.05980188022424641,0.02318706123433303,0.0,0.0,0.0,0.04511030186912534,0.08315629547960236,0.23746326761644948,0.060980284030381075,0.06915355118697623
2025-10-01,0.018862917136906146,0.017669999206751347,0.020958936038017816,0.017082175202123098,0.02177129633220265,0.012136296470733438,0.017329772077255372,0.031044556685484063,0.05171327585678014,0.0,0.0,0.03571634371272586,0.04281570216581209,0.02367224309093042,0.01722295529139371,0.01575334102085778,0.0,0.009761044917720776,0.0,0.0,0.0,0.09125657512098695,0.3560711439568451,0.07897793044511218,0.12018349527136088
2025-10-02,0.018862917136906146,0.017669999206751347,0.020958936038017816,0.017082175202123098,0.02177129633220265,0.012136296470733438,0.017329772077255372,0.031044556685484063,0.05171327585678014,0.0,0.0,0.03571634371272586,0.04281570216581209,0.02367224309093042,0.01722295529139371,0.01575334102085778,0.0,0.009761044917720776,0.0,0.0,0.0,0.09125657512098695,0.3560711439568451,0.07897793044511218,0.12018349527136088
2025-10-03,0.018862917136906146,0.017669999206751347,0.020958936038017816,0.017082175202123098,0.02177129633220265,0.012136296470733438,0.017329772077255372,0.031044556685484063,0.05171327585678014,0.0,0.0,0.03571634371272586,0.04281570216581209,0.02367224309093042,0.01722295529139371,0.01575334102085778,0.0,0.009761044917720776,0.0,0.0,0.0,0.09125657512098695,0.3560711439568451,0.07897793044511218,0.12018349527136088
2025-10-06,0.018862917136906146,0.017669999206751347,0.020958936038017816,0.017082175202123098,0.02177129633220265,0.012136296470733438,0.017329772077255372,0.031044556685484063,0.05171327585678014,0.0,0.0,0.03571634371272586,0.04281570216581209,0.02367224309093042,0.01722295529139371,0.01575334102085778,0.0,0.009761044917720776,0.0,0.0,0.0,0.09125657512098695,0.3560711439568451,0.07897793044511218,0.12018349527136088
2025-10-07,0.018862917136906146,0.017669999206751347,0.020958936038017816,0.017082175202123098,0.02177129633220265,0.012136296470733438,0.017329772077255372,0.031044556685484063,0.05171327585678014,0.0,0.0,0.03571634371272586,0.04281570216581209,0.02367224309093042,0.01722295529139371,0.01575334102085778,0.0,0.009761044917720776,0.0,0.0,0.0,0.09125657512098695,0.3560711439568451,0.07897793044511218,0.12018349527136088
2025-10-08,0.018862917136906146,0.017669999206751347,0.020958936038017816,0.017082175202123098,0.02177129633220265,0.012136296470733438,0.017329772077255372,0.031044556685484063,0.05171327585678014,0.0,0.0,0.03571634371272586,0.04281570216581209,0.02367224309093042,0.01722295529139371,0.01575334102085778,0.0,0.009761044917720776,0.0,0.0,0.0,0.09125657512098695,0.3560711439568451,0.07897793044511218,0.12018349527136088
2025-10-09,0.018862917136906146,0.017669999206751347,0.020958936038017816,0.017082175202123098,0.02177129633220265,0.012136296470733438,0.017329772077255372,0.031044556685484063,0.05171327585678014,0.0,0.0,0.03571634371272586,0.04281570216581209,0.02367224309093042,0.01722295529139371,0.01575334102085778,0.0,0.009761044917720776,0.0,0.0,0.0,0.09125657512098695,0.3560711439568451,0.07897793044511218,0.12018349527136088
2025-10-10,0.018862917136906146,0.017669999206751347,0.020958936038017816,0.017082175202123098,0.02177129633220265,0.012136296470733438,0.017329772077255372,0.031044556685484063,0.05171327585678014,0.0,0.0,0.03571634371272586,0.04281570216581209,0.02367224309093042,0.01722295529139371,0.01575334102085778,0.0,0.009761044917720776,0.0,0.0,0.0,0.09125657512098695,0.3560711439568451,0.07897793044511218,0.12018349527136088
2025-10-13,0.018862917136906146,0.017669999206751347,0.020958936038017816,0.017082175202123098,0.02177129633220265,0.012136296470733438,0.017329772077255372,0.031044556685484063,0.05171327585678014,0.0,0.0,0.03571634371272586,0.04281570216581209,0.02367224309093042,0.01722295529139371,0.01575334102085778,0.0,0.009761044917720776,0.0,0.0,0.0,0.09125657512098695,0.3560711439568451,0.07897793044511218,0.12018349527136088
2025-10-14,0.018862917136906146,0.017669999206751347,0.020958936038017816,0.017082175202123098,0.02177129633220265,0.012136296470733438,0.017329772077255372,0.031044556685484063,0.05171327585678014,0.0,0.0,0.03571634371272586,0.04281570216581209,0.02367224309093042,0.01722295529139371,0.01575334102085778,0.0,0.009761044917720776,0.0,0.0,0.0,0.09125657512098695,0.3560711439568451,0.07897793044511218,0.12018349527136088
2025-10-15,0.018862917136906146,0.017669999206751347,0.020958936038017816,0.017082175202123098,0.02177129633220265,0.012136296470733438,0.017329772077255372,0.031044556685484063,0.05171327585678014,0.0,0.0,0.03571634371272586,0.04281570216581209,0.02367224309093042,0.01722295529139371,0.01575334102085778,0.0,0.009761044917720776,0.0,0.0,0.0,0.09125657512098695,0.3560711439568451,0.07897793044511218,0.12018349527136088
2025-10-16,0.018862917136906146,0.017669999206751347,0.020958936038017816,0.017082175202123098,0.02177129633220265,0.012136296470733438,0.017329772077255372,0.031044556685484063,0.05171327585678014,0.0,0.0,0.03571634371272586,0.04281570216581209,0.02367224309093042,0.01722295529139371,0.01575334102085778,0.0,0.009761044917720776,0.0,0.0,0.0,0.09125657512098695,0.3560711439568451,0.07897793044511218,0.12018349527136088
2025-10-17,0.018862917136906146,0.017669999206751347,0.020958936038017816,0.017082175202123098,0.02177129633220265,0.012136296470733438,0.017329772077255372,0.031044556685484063,0.05171327585678014,0.0,0.0,0.03571634371272586,0.04281570216581209,0.02367224309093042,0.01722295529139371,0.01575334102085778,0.0,0.009761044917720776,0.0,0.0,0.0,0.09125657512098695,0.3560711439568451,0.07897793044511218,0.12018349527136088
2025-10-20,0.018862917136906146,0.017669999206751347,0.020958936038017816,0.017082175202123098,0.02177129633220265,0.012136296470733438,0.017329772077255372,0.031044556685484063,0.05171327585678014,0.0,0.0,0.03571634371272586,0.04281570216581209,0.02367224309093042,0.01722295529139371,0.01575334102085778,0.0,0.009761044917720776,0.0,0.0,0.0,0.09125657512098695,0.3560711439568451,0.07897793044511218,0.12018349527136088
2025-10-21,0.018862917136906146,0.017669999206751347,0.020958936038017816,0.017082175202123098,0.02177129633220265,0.012136296470733438,0.017329772077255372,0.031044556685484063,0.05171327585678014,0.0,0.0,0.03571634371272586,0.04281570216581209,0.02367224309093042,0.01722295529139371,0.01575334102085778,0.0,0.009761044917720776,0.0,0.0,0.0,0.09125657512098695,0.3560711439568451,0.07897793044511218,0.12018349527136088
2025-10-22,0.018862917136906146,0.017669999206751347,0.020958936038017816,0.017082175202123098,0.02177129633220265,0.012136296470733438,0.017329772077255372,0.031044556685484063,0.05171327585678014,0.0,0.0,0.03571634371272586,0.04281570216581209,0.02367224309093042,0.01722295529139371,0.01575334102085778,0.0,0.009761044917720776,0.0,0.0,0.0,0.09125657512098695,0.3560711439568451,0.07897793044511218,0.12018349527136088
2025-10-23,0.018862917136906146,0.017669999206751347,0.020958936038017816,0.017082175202123098,0.02177129633220265,0.012136296470733438,0.017329772077255372,0.031044556685484063,0.05171327585678014,0.0,0.0,0.03571634371272586,0.04281570216581209,0.02367224309093042,0.01722295529139371,0.01575334102085778,0.0,0.009761044917720776,0.0,0.0,0.0,0.09125657512098695,0.3560711439568451,0.07897793044511218,0.12018349527136088
2025-10-24,0.018862917136906146,0.017669999206751347,0.020958936038017816,0.017082175202123098,0.02177129633220265,0.012136296470733438,0.017329772077255372,0.031044556685484063,0.05171327585678014,0.0,0.0,0.03571634371272586,0.04281570216581209,0.02367224309093042,0.01722295529139371,0.01575334102085778,0.0,0.009761044917720776,0.0,0.0,0.0,0.09125657512098695,0.3560711439568451,0.07897793044511218,0.12018349527136088
2025-10-27,0.018862917136906146,0.017669999206751347,0.020958936038017816,0.017082175202123098,0.02177129633220265,0.012136296470733438,0.017329772077255372,0.031044556685484063,0.05171327585678014,0.0,0.0,0.03571634371272586,0.04281570216581209,0.02367224309093042,0.01722295529139371,0.01575334102085778,0.0,0.009761044917720776,0.0,0.0,0.0,0.09125657512098695,0.3560711439568451,0.07897793044511218,0.12018349527136088
2025-10-28,0.018862917136906146,0.017669999206751347,0.020958936038017816,0.017082175202123098,0.02177129633220265,0.012136296470733438,0.017329772077255372,0.031044556685484063,0.05171327585678014,0.0,0.0,0.03571634371272586,0.04281570216581209,0.02367224309093042,0.01722295529139371,0.01575334102085778,0.0,0.009761044917720776,0.0,0.0,0.0,0.09125657512098695,0.3560711439568451,0.07897793044511218,0.12018349527136088
2025-10-29,0.018862917136906146,0.017669999206751347,0.020958936038017816,0.017082175202123098,0.02177129633220265,0.012136296470733438,0.017329772077255372,0.031044556685484063,0.05171327585678014,0.0,0.0,0.03571634371272586,0.04281570216581209,0.02367224309093042,0.01722295529139371,0.01575334102085778,0.0,0.009761044917720776,0.0,0.0,0.0,0.09125657512098695,0.3560711439568451,0.07897793044511218,0.12018349527136088
2025-10-30,0.018862917136906146,0.017669999206751347,0.020958936038017816,0.017082175202123098,0.02177129633220265,0.012136296470733438,0.017329772077255372,0.031044556685484063,0.05171327585678014,0.0,0.0,0.03571634371272586,0.04281570216581209,0.02367224309093042,0.01722295529139371,0.01575334102085778,0.0,0.009761044917720776,0.0,0.0,0.0,0.09125657512098695,0.3560711439568451,0.07897793044511218,0.12018349527136088
2025-10-31,0.018862917136906146,0.017669999206751347,0.020958936038017816,0.017082175202123098,0.02177129633220265,0.012136296470733438,0.017329772077255372,0.031044556685484063,0.05171327585678014,0.0,0.0,0.03571634371272586,0.04281570216581209,0.02367224309093042,0.01722295529139371,0.01575334102085778,0.0,0.009761044917720776,0.0,0.0,0.0,0.09125657512098695,0.3560711439568451,0.07897793044511218,0.12018349527136088
2025-11-03,0.01894662236977898,0.017741755759235495,0.01942882333481991,0.02249392831266027,0.022055576868028694,0.016508454557699604,0.017146346892175535,0.03691127199191766,0.0711614250803473,0.10057756982623389,0.021926974188706955,0.017764394249510613,0.01798154617572665,0.014154468570909535,0.013504117974046395,0.017946018453218786,0.011346236481482646,0.009798694741426256,0.0,0.0,0.042068992558247593,0.07855774977644837,0.2511732450874041,0.06766479861746237,0.09314098813251238
2025-11-04,0.01894662236977898,0.017741755759235495,0.01942882333481991,0.02249392831266027,0.022055576868028694,0.016508454557699604,0.017146346892175535,0.03691127199191766,0.0711614250803473,0.10057756982623389,0.021926974188706955,0.017764394249510613,0.01798154617572665,0.014154468570909535,0.013504117974046395,0.017946018453218786,0.011346236481482646,0.009798694741426256,0.0,0.0,0.042068992558247593,0.07855774977644837,0.2511732450874041,0.06766479861746237,0.09314098813251238
2025-11-05,0.01894662236977898,0.017741755759235495,0.01942882333481991,0.02249392831266027,0.022055576868028694,0.016508454557699604,0.017146346892175535,0.03691127199191766,0.0711614250803473,0.10057756982623389,0.021926974188706955,0.017764394249510613,0.01798154617572665,0.014154468570909535,0.013504117974046395,0.017946018453218786,0.011346236481482646,0.009798694741426256,0.0,0.0,0.042068992558247593,0.07855774977644837,0.2511732450874041,0.06766479861746237,0.09314098813251238
2025-11-06,0.01894662236977898,0.017741755759235495,0.01942882333481991,0.02249392831266027,0.022055576868028694,0.016508454557699604,0.017146346892175535,0.03691127199191766,0.0711614250803473,0.10057756982623389,0.021926974188706955,0.017764394249510613,0.01798154617572665,0.014154468570909535,0.013504117974046395,0.017946018453218786,0.011346236481482646,0.009798694741426256,0.0,0.0,0.042068992558247593,0.07855774977644837,0.2511732450874041,0.06766479861746237,0.09314098813251238
2025-11-07,0.01894662236977898,0.017741755759235495,0.01942882333481991,0.02249392831266027,0.022055576868028694,0.016508454557699604,0.017146346892175535,0.03691127199191766,0.0711614250803473,0.10057756982623389,0.021926974188706955,0.017764394249510613,0.01798154617572665,0.014154468570909535,0.013504117974046395,0.017946018453218786,0.011346236481482646,0.009798694741426256,0.0,0.0,0.042068992558247593,0.07855774977644837,0.2511732450874041,0.06766479861746237,0.09314098813251238
2025-11-10,0.01894662236977898,0.017741755759235495,0.01942882333481991,0.02249392831266027,0.022055576868028694,0.016508454557699604,0.017146346892175535,0.03691127199191766,0.0711614250803473,0.10057756982623389,0.021926974188706955,0.017764394249510613,0.01798154617572665,0.014154468570909535,0.013504117974046395,0.017946018453218786,0.011346236481482646,0.009798694741426256,0.0,0.0,0.042068992558247593,0.07855774977644837,0.2511732450874041,0.06766479861746237,0.09314098813251238
2025-11-11,0.01894662236977898,0.017741755759235495,0.01942882333481991,0.02249392831266027,0.022055576868028694,0.016508454557699604,0.017146346892175535,0.03691127199191766,0.0711614250803473,0.10057756982623389,0.021926974188706955,0.017764394249510613,0.01798154617572665,0.014154468570909535,0.013504117974046395,0.017946018453218786,0.011346236481482646,0.009798694741426256,0.0,0.0,0.042068992558247593,0.07855774977644837,0.2511732450874041,0.06766479861746237,0.09314098813251238
2025-11-12,0.01894662236977898,0.017741755759235495,0.01942882333481991,0.02249392831266027,0.022055576868028694,0.016508454557699604,0.017146346892175535,0.03691127199191766,0.0711614250803473,0.10057756982623389,0.021926974188706955,0.017764394249510613,0.01798154617572665,0.014154468570909535,0.013504117974046395,0.017946018453218786,0.011346236481482646,0.009798694741426256,0.0,0.0,0.042068992558247593,0.07855774977644837,0.2511732450874041,0.06766479861746237,0.09314098813251238
2025-11-13,0.01894662236977898,0.017741755759235495,0.01942882333481991,0.02249392831266027,0.022055576868028694,0.016508454557699604,0.017146346892175535,0.03691127199191766,0.0711614250803473,0.10057756982623389,0.021926974188706955,0.017764394249510613,0.01798154617572665,0.014154468570909535,0.013504117974046395,0.017946018453218786,0.011346236481482646,0.009798694741426256,0.0,0.0,0.042068992558247593,0.07855774977644837,0.2511732450874041,0.06766479861746237,0.09314098813251238
2025-11-14,0.01894662236977898,0.017741755759235495,0.01942882333481991,0.02249392831266027,0.022055576868028694,0.016508454557699604,0.017146346892175535,0.03691127199191766,0.0711614250803473,0.10057756982623389,0.021926974188706955,0.017764394249510613,0.01798154617572665,0.014154468570909535,0.013504117974046395,0.017946018453218786,0.011346236481482646,0.009798694741426256,0.0,0.0,0.042068992558247593,0.07855774977644837,0.2511732450874041,0.06766479861746237,0.09314098813251238
2025-11-17,0.01894662236977898,0.017741755759235495,0.01942882333481991,0.02249392831266027,0.022055576868028694,0.016508454557699604,0.017146346892175535,0.03691127199191766,0.0711614250803473,0.10057756982623389,0.021926974188706955,0.017764394249510613,0.01798154617572665,0.014154468570909535,0.013504117974046395,0.017946018453218786,0.011346236481482646,0.009798694741426256,0.0,0.0,0.042068992558247593,0.07855774977644837,0.2511732450874041,0.06766479861746237,0.09314098813251238
2025-11-18,0.01894662236977898,0.017741755759235495,0.01942882333481991,0.02249392831266027,0.022055576868028694,0.016508454557699604,0.017146346892175535,0.03691127199191766,0.0711614250803473,0.10057756982623389,0.021926974188706955,0.017764394249510613,0.01798154617572665,0.014154468570909535,0.013504117974046395,0.017946018453218786,0.011346236481482646,0.009798694741426256,0.0,0.0,0.042068992558247593,0.07855774977644837,0.2511732450874041,0.06766479861746237,0.09314098813251238
2025-11-19,0.01894662236977898,0.017741755759235495,0.01942882333481991,0.02249392831266027,0.022055576868028694,0.016508454557699604,0.017146346892175535,0.03691127199191766,0.0711614250803473,0.10057756982623389,0.021926974188706955,0.017764394249510613,0.01798154617572665,0.014154468570909535,0.013504117974046395,0.017946018453218786,0.011346236481482646,0.009798694741426256,0.0,0.0,0.042068992558247593,0.07855774977644837,0.2511732450874041,0.06766479861746237,0.09314098813251238
2025-11-20,0.01894662236977898,0.017741755759235495,0.01942882333481991,0.02249392831266027,0.022055576868028694,0.016508454557699604,0.017146346892175535,0.03691127199191766,0.0711614250803473,0.10057756982623389,0.021926974188706955,0.017764394249510613,0.01798154617572665,0.014154468570909535,0.013504117974046395,0.017946018453218786,0.011346236481482646,0.009798694741426256,0.0,0.0,0.042068992558247593,0.07855774977644837,0.2511732450874041,0.06766479861746237,0.09314098813251238
2025-11-21,0.01894662236977898,0.017741755759235495,0.01942882333481991,0.02249392831266027,0.022055576868028694,0.016508454557699604,0.017146346892175535,0.03691127199191766,0.0711614250803473,0.10057756982623389,0.021926974188706955,0.017764394249510613,0.01798154617572665,0.014154468570909535,0.013504117974046395,0.017946018453218786,0.011346236481482646,0.009798694741426256,0.0,0.0,0.042068992558247593,0.07855774977644837,0.2511732450874041,0.06766479861746237,0.09314098813251238
2025-11-24,0.01894662236977898,0.017741755759235495,0.01942882333481991,0.02249392831266027,0.022055576868028694,0.016508454557699604,0.017146346892175535,0.03691127199191766,0.0711614250803473,0.10057756982623389,0.021926974188706955,0.017764394249510613,0.01798154617572665,0.014154468570909535,0.013504117974046395,0.017946018453218786,0.011346236481482646,0.009798694741426256,0.0,0.0,0.042068992558247593,0.07855774977644837,0.2511732450874041,0.06766479861746237,0.09314098813251238
2025-11-25,0.01894662236977898,0.017741755759235495,0.01942882333481991,0.02249392831266027,0.022055576868028694,0.016508454557699604,0.017146346892175535,0.03691127199191766,0.0711614250803473,0.10057756982623389,0.021926974188706955,0.017764394249510613,0.01798154617572665,0.014154468570909535,0.013504117974046395,0.017946018453218786,0.011346236481482646,0.009798694741426256,0.0,0.0,0.042068992558247593,0.07855774977644837,0.2511732450874041,0.06766479861746237,0.09314098813251238
2025-11-26,0.01894662236977898,0.017741755759235495,0.01942882333481991,0.02249392831266027,0.022055576868028694,0.016508454557699604,0.017146346892175535,0.03691127199191766,0.0711614250803473,0.10057756982623389,0.021926974188706955,0.017764394249510613,0.01798154617572665,0.014154468570909535,0.013504117974046395,0.017946018453218786,0.011346236481482646,0.009798694741426256,0.0,0.0,0.042068992558247593,0.07855774977644837,0.2511732450874041,0.06766479861746237,0.09314098813251238
2025-11-27,0.01894662236977898,0.017741755759235495,0.01942882333481991,0.02249392831266027,0.022055576868028694,0.016508454557699604,0.017146346892175535,0.03691127199191766,0.0711614250803473,0.10057756982623389,0.021926974188706955,0.017764394249510613,0.01798154617572665,0.014154468570909535,0.013504117974046395,0.017946018453218786,0.011346236481482646,0.009798694741426256,0.0,0.0,0.042068992558247593,0.07855774977644837,0.2511732450874041,0.06766479861746237,0.09314098813251238
2025-11-28,0.01894662236977898,0.017741755759235495,0.01942882333481991,0.02249392831266027,0.022055576868028694,0.016508454557699604,0.017146346892175535,0.03691127199191766,0.0711614250803473,0.10057756982623389,0.021926974188706955,0.017764394249510613,0.01798154617572665,0.014154468570909535,0.013504117974046395,0.017946018453218786,0.011346236481482646,0.009798694741426256,0.0,0.0,0.042068992558247593,0.07855774977644837,0.2511732450874041,0.06766479861746237,0.09314098813251238
2025-12-01,0.009595414969936976,0.009123324465296546,0.009387802023640068,0.009512442377276768,0.010850548997570496,0.007879821548177568,0.008017570111673847,0.01580940712220161,0.02565787772845846,0.026732115626343037,0.014676870076559555,0.010100634811993008,0.008682386586104205,0.020885200254443546,0.017535243772745634,0.01858184266517825,0.017999744529237624,0.00484921710949592,0.0,0.0,0.055103603762381353,0.11176665067991585,0.3804776764555341,0.0916209241555048,0.11515368017033077
2025-12-02,0.009595414969936976,0.009123324465296546,0.009387802023640068,0.009512442377276768,0.010850548997570496,0.007879821548177568,0.008017570111673847,0.01580940712220161,0.02565787772845846,0.026732115626343037,0.014676870076559555,0.010100634811993008,0.008682386586104205,0.020885200254443546,0.017535243772745634,0.01858184266517825,0.017999744529237624,0.00484921710949592,0.0,0.0,0.055103603762381353,0.11176665067991585,0.3804776764555341,0.0916209241555048,0.11515368017033077
2025-12-03,0.009595414969936976,0.009123324465296546,0.009387802023640068,0.009512442377276768,0.010850548997570496,0.007879821548177568,0.008017570111673847,0.01580940712220161,0.02565787772845846,0.026732115626343037,0.014676870076559555,0.010100634811993008,0.008682386586104205,0.020885200254443546,0.017535243772745634,0.01858184266517825,0.017999744529237624,0.00484921710949592,0.0,0.0,0.055103603762381353,0.11176665067991585,0.3804776764555341,0.0916209241555048,0.11515368017033077
2025-12-04,0.009595414969936976,0.009123324465296546,0.009387802023640068,0.009512442377276768,0.010850548997570496,0.007879821548177568,0.008017570111673847,0.01580940712220161,0.02565787772845846,0.026732115626343037,0.014676870076559555,0.010100634811993008,0.008682386586104205,0.020885200254443546,0.017535243772745634,0.01858184266517825,0.017999744529237624,0.00484921710949592,0.0,0.0,0.055103603762381353,0.11176665067991585,0.3804776764555341,0.0916209241555048,0.11515368017033077
2025-12-05,0.009595414969936976,0.009123324465296546,0.009387802023640068,0.009512442377276768,0.010850548997570496,0.007879821548177568,0.008017570111673847,0.01580940712220161,0.02565787772845846,0.026732115626343037,0.014676870076559555,0.010100634811993008,0.008682386586104205,0.020885200254443546,0.017535243772745634,0.01858184266517825,0.017999744529237624,0.00484921710949592,0.0,0.0,0.055103603762381353,0.11176665067991585,0.3804776764555341,0.0916209241555048,0.11515368017033077
2025-12-08,0.009595414969936976,0.009123324465296546,0.009387802023640068,0.009512442377276768,0.010850548997570496,0.007879821548177568,0.008017570111673847,0.01580940712220161,0.02565787772845846,0.026732115626343037,0.014676870076559555,0.010100634811993008,0.008682386586104205,0.020885200254443546,0.017535243772745634,0.01858184266517825,0.017999744529237624,0.00484921710949592,0.0,0.0,0.055103603762381353,0.11176665067991585,0.3804776764555341,0.0916209241555048,0.11515368017033077
2025-12-09,0.009595414969936976,0.009123324465296546,0.009387802023640068,0.009512442377276768,0.010850548997570496,0.007879821548177568,0.008017570111673847,0.01580940712220161,0.02565787772845846,0.026732115626343037,0.014676870076559555,0.010100634811993008,0.008682386586104205,0.020885200254443546,0.017535243772745634,0.01858184266517825,0.017999744529237624,0.00484921710949592,0.0,0.0,0.055103603762381353,0.11176665067991585,0.3804776764555341,0.0916209241555048,0.11515368017033077
2025-12-10,0.009595414969936976,0.009123324465296546,0.009387802023640068,0.009512442377276768,0.010850548997570496,0.007879821548177568,0.008017570111673847,0.01580940712220161,0.02565787772845846,0.026732115626343037,0.014676870076559555,0.010100634811993008,0.008682386586104205,0.020885200254443546,0.017535243772745634,0.01858184266517825,0.017999744529237624,0.00484921710949592,0.0,0.0,0.055103603762381353,0.11176665067991585,0.3804776764555341,0.0916209241555048,0.11515368017033077
2025-12-11,0.009595414969936976,0.009123324465296546,0.009387802023640068,0.009512442377276768,0.010850548997570496,0.007879821548177568,0.008017570111673847,0.01580940712220161,0.02565787772845846,0.026732115626343037,0.014676870076559555,0.010100634811993008,0.008682386586104205,0.020885200254443546,0.017535243772745634,0.01858184266517825,0.017999744529237624,0.00484921710949592,0.0,0.0,0.055103603762381353,0.11176665067991585,0.3804776764555341,0.0916209241555048,0.11515368017033077
2025-12-12,0.009595414969936976,0.009123324465296546,0.009387802023640068,0.009512442377276768,0.010850548997570496,0.007879821548177568,0.008017570111673847,0.01580940712220161,0.02565787772845846,0.026732115626343037,0.014676870076559555,0.010100634811993008,0.008682386586104205,0.020885200254443546,0.017535243772745634,0.01858184266517825,0.017999744529237624,0.00484921710949592,0.0,0.0,0.055103603762381353,0.11176665067991585,0.3804776764555341,0.0916209241555048,0.11515368017033077
2025-12-15,0.009595414969936976,0.009123324465296546,0.009387802023640068,0.009512442377276768,0.010850548997570496,0.007879821548177568,0.008017570111673847,0.01580940712220161,0.02565787772845846,0.026732115626343037,0.014676870076559555,0.010100634811993008,0.008682386586104205,0.020885200254443546,0.017535243772745634,0.01858184266517825,0.017999744529237624,0.00484921710949592,0.0,0.0,0.055103603762381353,0.11176665067991585,0.3804776764555341,0.0916209241555048,0.11515368017033077
2025-12-16,0.009595414969936976,0.009123324465296546,0.009387802023640068,0.009512442377276768,0.010850548997570496,0.007879821548177568,0.008017570111673847,0.01580940712220161,0.02565787772845846,0.026732115626343037,0.014676870076559555,0.010100634811993008,0.008682386586104205,0.020885200254443546,0.017535243772745634,0.01858184266517825,0.017999744529237624,0.00484921710949592,0.0,0.0,0.055103603762381353,0.11176665067991585,0.3804776764555341,0.0916209241555048,0.11515368017033077
2025-12-17,0.009595414969936976,0.009123324465296546,0.009387802023640068,0.009512442377276768,0.010850548997570496,0.007879821548177568,0.008017570111673847,0.01580940712220161,0.02565787772845846,0.026732115626343037,0.014676870076559555,0.010100634811993008,0.008682386586104205,0.020885200254443546,0.017535243772745634,0.01858184266517825,0.017999744529237624,0.00484921710949592,0.0,0.0,0.055103603762381353,0.11176665067991585,0.3804776764555341,0.0916209241555048,0.11515368017033077
2025-12-18,0.009595414969936976,0.009123324465296546,0.009387802023640068,0.009512442377276768,0.010850548997570496,0.007879821548177568,0.008017570111673847,0.01580940712220161,0.02565787772845846,0.026732115626343037,0.014676870076559555,0.010100634811993008,0.008682386586104205,0.020885200254443546,0.017535243772745634,0.01858184266517825,0.017999744529237624,0.00484921710949592,0.0,0.0,0.055103603762381353,0.11176665067991585,0.3804776764555341,0.0916209241555048,0.11515368017033077
2025-12-19,0.009595414969936976,0.009123324465296546,0.009387802023640068,0.009512442377276768,0.010850548997570496,0.007879821548177568,0.008017570111673847,0.01580940712220161,0.02565787772845846,0.026732115626343037,0.014676870076559555,0.010100634811993008,0.008682386586104205,0.020885200254443546,0.017535243772745634,0.01858184266517825,0.017999744529237624,0.00484921710949592,0.0,0.0,0.055103603762381353,0.11176665067991585,0.3804776764555341,0.0916209241555048,0.11515368017033077
2025-12-22,0.009595414969936976,0.009123324465296546,0.009387802023640068,0.009512442377276768,0.010850548997570496,0.007879821548177568,0.008017570111673847,0.01580940712220161,0.02565787772845846,0.026732115626343037,0.014676870076559555,0.010100634811993008,0.008682386586104205,0.020885200254443546,0.017535243772745634,0.01858184266517825,0.017999744529237624,0.00484921710949592,0.0,0.0,0.055103603762381353,0.11176665067991585,0.3804776764555341,0.0916209241555048,0.11515368017033077
2025-12-23,0.009595414969936976,0.009123324465296546,0.009387802023640068,0.009512442377276768,0.010850548997570496,0.007879821548177568,0.008017570111673847,0.01580940712220161,0.02565787772845846,0.026732115626343037,0.014676870076559555,0.010100634811993008,0.008682386586104205,0.020885200254443546,0.017535243772745634,0.01858184266517825,0.017999744529237624,0.00484921710949592,0.0,0.0,0.055103603762381353,0.11176665067991585,0.3804776764555341,0.0916209241555048,0.11515368017033077
2025-12-24,0.009595414969936976,0.009123324465296546,0.009387802023640068,0.009512442377276768,0.010850548997570496,0.007879821548177568,0.008017570111673847,0.01580940712220161,0.02565787772845846,0.026732115626343037,0.014676870076559555,0.010100634811993008,0.008682386586104205,0.020885200254443546,0.017535243772745634,0.01858184266517825,0.017999744529237624,0.00484921710949592,0.0,0.0,0.055103603762381353,0.11176665067991585,0.3804776764555341,0.0916209241555048,0.11515368017033077
2025-12-26,0.009595414969936976,0.009123324465296546,0.009387802023640068,0.009512442377276768,0.010850548997570496,0.007879821548177568,0.008017570111673847,0.01580940712220161,0.02565787772845846,0.026732115626343037,0.014676870076559555,0.010100634811993008,0.008682386586104205,0.020885200254443546,0.017535243772745634,0.01858184266517825,0.017999744529237624,0.00484921710949592,0.0,0.0,0.055103603762381353,0.11176665067991585,0.3804776764555341,0.0916209241555048,0.11515368017033077
2025-12-29,0.009595414969936976,0.009123324465296546,0.009387802023640068,0.009512442377276768,0.010850548997570496,0.007879821548177568,0.008017570111673847,0.01580940712220161,0.02565787772845846,0.026732115626343037,0.014676870076559555,0.010100634811993008,0.008682386586104205,0.020885200254443546,0.017535243772745634,0.01858184266517825,0.017999744529237624,0.00484921710949592,0.0,0.0,0.055103603762381353,0.11176665067991585,0.3804776764555341,0.0916209241555048,0.11515368017033077
2025-12-30,0.009595414969936976,0.009123324465296546,0.009387802023640068,0.009512442377276768,0.010850548997570496,0.007879821548177568,0.008017570111673847,0.01580940712220161,0.02565787772845846,0.026732115626343037,0.014676870076559555,0.010100634811993008,0.008682386586104205,0.020885200254443546,0.017535243772745634,0.01858184266517825,0.017999744529237624,0.00484921710949592,0.0,0.0,0.055103603762381353,0.11176665067991585,0.3804776764555341,0.0916209241555048,0.11515368017033077
