Date,0050.TW,006208.TW,006203.TW,006204.TW,00850.TW,0053.TW,00881.TW,0056.TW,00701.TW,00713.TW,00646.TW,00662.TW,00757.TW,00636.TW,006207.TW,00635U.TW,00642U.TW,00631L.TW,00632R.TW,00663L.TW,TLT,IEF,SHY,LQD,HYG
2022-01-03,0.0,0.0,0.03916230117948024,0.04113475313040195,0.04376724242415695,0.0,0.0,0.0,0.05303075116371796,0.05177062016740037,0.06544364812063595,0.047802221856458806,0.04166504215397082,0.0,0.0,0.058749012102697055,0.02352179508855456,0.018693098237289173,0.0,0.018600797881684703,0.050578455990496166,0.13037607490214512,0.0,0.11602036729183647,0.19968381830907375
2022-01-04,0.0,0.0,0.03916230117948024,0.04113475313040195,0.04376724242415695,0.0,0.0,0.0,0.05303075116371796,0.05177062016740037,0.06544364812063595,0.047802221856458806,0.04166504215397082,0.0,0.0,0.058749012102697055,0.02352179508855456,0.018693098237289173,0.0,0.018600797881684703,0.050578455990496166,0.13037607490214512,0.0,0.11602036729183647,0.19968381830907375
2022-01-05,0.0,0.0,0.03916230117948024,0.04113475313040195,0.04376724242415695,0.0,0.0,0.0,0.05303075116371796,0.05177062016740037,0.06544364812063595,0.047802221856458806,0.04166504215397082,0.0,0.0,0.058749012102697055,0.02352179508855456,0.018693098237289173,0.0,0.018600797881684703,0.050578455990496166,0.13037607490214512,0.0,0.11602036729183647,0.19968381830907375
2022-01-06,0.0,0.0,0.03916230117948024,0.04113475313040195,0.04376724242415695,0.0,0.0,0.0,0.05303075116371796,0.05177062016740037,0.06544364812063595,0.047802221856458806,0.04166504215397082,0.0,0.0,0.058749012102697055,0.02352179508855456,0.018693098237289173,0.0,0.018600797881684703,0.050578455990496166,0.13037607490214512,0.0,0.11602036729183647,0.19968381830907375
2022-01-07,0.0,0.0,0.03916230117948024,0.04113475313040195,0.04376724242415695,0.0,0.0,0.0,0.05303075116371796,0.05177062016740037,0.06544364812063595,0.047802221856458806,0.04166504215397082,0.0,0.0,0.058749012102697055,0.02352179508855456,0.018693098237289173,0.0,0.018600797881684703,0.050578455990496166,0.13037607490214512,0.0,0.11602036729183647,0.19968381830907375
2022-01-10,0.0,0.0,0.03916230117948024,0.04113475313040195,0.04376724242415695,0.0,0.0,0.0,0.05303075116371796,0.05177062016740037,0.06544364812063595,0.047802221856458806,0.04166504215397082,0.0,0.0,0.058749012102697055,0.02352179508855456,0.018693098237289173,0.0,0.018600797881684703,0.050578455990496166,0.13037607490214512,0.0,0.11602036729183647,0.19968381830907375
2022-01-11,0.0,0.0,0.03916230117948024,0.04113475313040195,0.04376724242415695,0.0,0.0,0.0,0.05303075116371796,0.05177062016740037,0.06544364812063595,0.047802221856458806,0.04166504215397082,0.0,0.0,0.058749012102697055,0.02352179508855456,0.018693098237289173,0.0,0.018600797881684703,0.050578455990496166,0.13037607490214512,0.0,0.11602036729183647,0.19968381830907375
2022-01-12,0.0,0.0,0.03916230117948024,0.04113475313040195,0.04376724242415695,0.0,0.0,0.0,0.05303075116371796,0.05177062016740037,0.06544364812063595,0.047802221856458806,0.04166504215397082,0.0,0.0,0.058749012102697055,0.02352179508855456,0.018693098237289173,0.0,0.018600797881684703,0.050578455990496166,0.13037607490214512,0.0,0.11602036729183647,0.19968381830907375
2022-01-13,0.0,0.0,0.03916230117948024,0.04113475313040195,0.04376724242415695,0.0,0.0,0.0,0.05303075116371796,0.05177062016740037,0.06544364812063595,0.047802221856458806,0.04166504215397082,0.0,0.0,0.058749012102697055,0.02352179508855456,0.018693098237289173,0.0,0.018600797881684703,0.050578455990496166,0.13037607490214512,0.0,0.11602036729183647,0.19968381830907375
2022-01-14,0.0,0.0,0.03916230117948024,0.04113475313040195,0.04376724242415695,0.0,0.0,0.0,0.05303075116371796,0.05177062016740037,0.06544364812063595,0.047802221856458806,0.04166504215397082,0.0,0.0,0.058749012102697055,0.02352179508855456,0.018693098237289173,0.0,0.018600797881684703,0.050578455990496166,0.13037607490214512,0.0,0.11602036729183647,0.19968381830907375
2022-01-17,0.0,0.0,0.03916230117948024,0.04113475313040195,0.04376724242415695,0.0,0.0,0.0,0.05303075116371796,0.05177062016740037,0.06544364812063595,0.047802221856458806,0.04166504215397082,0.0,0.0,0.058749012102697055,0.02352179508855456,0.018693098237289173,0.0,0.018600797881684703,0.050578455990496166,0.13037607490214512,0.0,0.11602036729183647,0.19968381830907375
2022-01-18,0.0,0.0,0.03916230117948024,0.04113475313040195,0.04376724242415695,0.0,0.0,0.0,0.05303075116371796,0.05177062016740037,0.06544364812063595,0.047802221856458806,0.04166504215397082,0.0,0.0,0.058749012102697055,0.02352179508855456,0.018693098237289173,0.0,0.018600797881684703,0.050578455990496166,0.13037607490214512,0.0,0.11602036729183647,0.19968381830907375
2022-01-19,0.0,0.0,0.03916230117948024,0.04113475313040195,0.04376724242415695,0.0,0.0,0.0,0.05303075116371796,0.05177062016740037,0.06544364812063595,0.047802221856458806,0.04166504215397082,0.0,0.0,0.058749012102697055,0.02352179508855456,0.018693098237289173,0.0,0.018600797881684703,0.050578455990496166,0.13037607490214512,0.0,0.11602036729183647,0.19968381830907375
2022-01-20,0.0,0.0,0.03916230117948024,0.04113475313040195,0.04376724242415695,0.0,0.0,0.0,0.05303075116371796,0.05177062016740037,0.06544364812063595,0.047802221856458806,0.04166504215397082,0.0,0.0,0.058749012102697055,0.02352179508855456,0.018693098237289173,0.0,0.018600797881684703,0.050578455990496166,0.13037607490214512,0.0,0.11602036729183647,0.19968381830907375
2022-01-21,0.0,0.0,0.03916230117948024,0.04113475313040195,0.04376724242415695,0.0,0.0,0.0,0.05303075116371796,0.05177062016740037,0.06544364812063595,0.047802221856458806,0.04166504215397082,0.0,0.0,0.058749012102697055,0.02352179508855456,0.018693098237289173,0.0,0.018600797881684703,0.050578455990496166,0.13037607490214512,0.0,0.11602036729183647,0.19968381830907375
2022-01-24,0.0,0.0,0.03916230117948024,0.04113475313040195,0.04376724242415695,0.0,0.0,0.0,0.05303075116371796,0.05177062016740037,0.06544364812063595,0.047802221856458806,0.04166504215397082,0.0,0.0,0.058749012102697055,0.02352179508855456,0.018693098237289173,0.0,0.018600797881684703,0.050578455990496166,0.13037607490214512,0.0,0.11602036729183647,0.19968381830907375
2022-01-25,0.0,0.0,0.03916230117948024,0.04113475313040195,0.04376724242415695,0.0,0.0,0.0,0.05303075116371796,0.05177062016740037,0.06544364812063595,0.047802221856458806,0.04166504215397082,0.0,0.0,0.058749012102697055,0.02352179508855456,0.018693098237289173,0.0,0.018600797881684703,0.050578455990496166,0.13037607490214512,0.0,0.11602036729183647,0.19968381830907375
2022-01-26,0.0,0.0,0.03916230117948024,0.04113475313040195,0.04376724242415695,0.0,0.0,0.0,0.05303075116371796,0.05177062016740037,0.06544364812063595,0.047802221856458806,0.04166504215397082,0.0,0.0,0.058749012102697055,0.02352179508855456,0.018693098237289173,0.0,0.018600797881684703,0.050578455990496166,0.13037607490214512,0.0,0.11602036729183647,0.19968381830907375
2022-01-27,0.0,0.0,0.03916230117948024,0.04113475313040195,0.04376724242415695,0.0,0.0,0.0,0.05303075116371796,0.05177062016740037,0.06544364812063595,0.047802221856458806,0.04166504215397082,0.0,0.0,0.058749012102697055,0.02352179508855456,0.018693098237289173,0.0,0.018600797881684703,0.050578455990496166,0.13037607490214512,0.0,0.11602036729183647,0.19968381830907375
2022-01-28,0.0,0.0,0.03916230117948024,0.04113475313040195,0.04376724242415695,0.0,0.0,0.0,0.05303075116371796,0.05177062016740037,0.06544364812063595,0.047802221856458806,0.04166504215397082,0.0,0.0,0.058749012102697055,0.02352179508855456,0.018693098237289173,0.0,0.018600797881684703,0.050578455990496166,0.13037607490214512,0.0,0.11602036729183647,0.19968381830907375
2022-01-31,0.0,0.0,0.03916230117948024,0.04113475313040195,0.04376724242415695,0.0,0.0,0.0,0.05303075116371796,0.05177062016740037,0.06544364812063595,0.047802221856458806,0.04166504215397082,0.0,0.0,0.058749012102697055,0.02352179508855456,0.018693098237289173,0.0,0.018600797881684703,0.050578455990496166,0.13037607490214512,0.0,0.11602036729183647,0.19968381830907375
2022-02-01,0.03975693436451631,0.042910583203470895,0.039115427996564894,0.042041234985698755,0.04534887837525067,0.03746545680685647,0.03918256024016135,0.051106741501646916,0.06107902087120848,0.06748619973321887,0.048903670188348965,0.034012280706469146,0.029927221669984263,0.0,0.0,0.0,0.018062223527495255,0.01931259399275306,0.0,0.019410866856021655,0.0382188073701179,0.09902107253798462,0.0,0.08853062585145761,0.1391075992207739
2022-02-02,0.03975693436451631,0.042910583203470895,0.039115427996564894,0.042041234985698755,0.04534887837525067,0.03746545680685647,0.03918256024016135,0.051106741501646916,0.06107902087120848,0.06748619973321887,0.048903670188348965,0.034012280706469146,0.029927221669984263,0.0,0.0,0.0,0.018062223527495255,0.01931259399275306,0.0,0.019410866856021655,0.0382188073701179,0.09902107253798462,0.0,0.08853062585145761,0.1391075992207739
2022-02-03,0.03975693436451631,0.042910583203470895,0.039115427996564894,0.042041234985698755,0.04534887837525067,0.03746545680685647,0.03918256024016135,0.051106741501646916,0.06107902087120848,0.06748619973321887,0.048903670188348965,0.034012280706469146,0.029927221669984263,0.0,0.0,0.0,0.018062223527495255,0.01931259399275306,0.0,0.019410866856021655,0.0382188073701179,0.09902107253798462,0.0,0.08853062585145761,0.1391075992207739
2022-02-04,0.03975693436451631,0.042910583203470895,0.039115427996564894,0.042041234985698755,0.04534887837525067,0.03746545680685647,0.03918256024016135,0.051106741501646916,0.06107902087120848,0.06748619973321887,0.048903670188348965,0.034012280706469146,0.029927221669984263,0.0,0.0,0.0,0.018062223527495255,0.01931259399275306,0.0,0.019410866856021655,0.0382188073701179,0.09902107253798462,0.0,0.08853062585145761,0.1391075992207739
2022-02-07,0.03975693436451631,0.042910583203470895,0.039115427996564894,0.042041234985698755,0.04534887837525067,0.03746545680685647,0.03918256024016135,0.051106741501646916,0.06107902087120848,0.06748619973321887,0.048903670188348965,0.034012280706469146,0.029927221669984263,0.0,0.0,0.0,0.018062223527495255,0.01931259399275306,0.0,0.019410866856021655,0.0382188073701179,0.09902107253798462,0.0,0.08853062585145761,0.1391075992207739
2022-02-08,0.03975693436451631,0.042910583203470895,0.039115427996564894,0.042041234985698755,0.04534887837525067,0.03746545680685647,0.03918256024016135,0.051106741501646916,0.06107902087120848,0.06748619973321887,0.048903670188348965,0.034012280706469146,0.029927221669984263,0.0,0.0,0.0,0.018062223527495255,0.01931259399275306,0.0,0.019410866856021655,0.0382188073701179,0.09902107253798462,0.0,0.08853062585145761,0.1391075992207739
2022-02-09,0.03975693436451631,0.042910583203470895,0.039115427996564894,0.042041234985698755,0.04534887837525067,0.03746545680685647,0.03918256024016135,0.051106741501646916,0.06107902087120848,0.06748619973321887,0.048903670188348965,0.034012280706469146,0.029927221669984263,0.0,0.0,0.0,0.018062223527495255,0.01931259399275306,0.0,0.019410866856021655,0.0382188073701179,0.09902107253798462,0.0,0.08853062585145761,0.1391075992207739
2022-02-10,0.03975693436451631,0.042910583203470895,0.039115427996564894,0.042041234985698755,0.04534887837525067,0.03746545680685647,0.03918256024016135,0.051106741501646916,0.06107902087120848,0.06748619973321887,0.048903670188348965,0.034012280706469146,0.029927221669984263,0.0,0.0,0.0,0.018062223527495255,0.01931259399275306,0.0,0.019410866856021655,0.0382188073701179,0.09902107253798462,0.0,0.08853062585145761,0.1391075992207739
2022-02-11,0.03975693436451631,0.042910583203470895,0.039115427996564894,0.042041234985698755,0.04534887837525067,0.03746545680685647,0.03918256024016135,0.051106741501646916,0.06107902087120848,0.06748619973321887,0.048903670188348965,0.034012280706469146,0.029927221669984263,0.0,0.0,0.0,0.018062223527495255,0.01931259399275306,0.0,0.019410866856021655,0.0382188073701179,0.09902107253798462,0.0,0.08853062585145761,0.1391075992207739
2022-02-14,0.03975693436451631,0.042910583203470895,0.039115427996564894,0.042041234985698755,0.04534887837525067,0.03746545680685647,0.03918256024016135,0.051106741501646916,0.06107902087120848,0.06748619973321887,0.048903670188348965,0.034012280706469146,0.029927221669984263,0.0,0.0,0.0,0.018062223527495255,0.01931259399275306,0.0,0.019410866856021655,0.0382188073701179,0.09902107253798462,0.0,0.08853062585145761,0.1391075992207739
2022-02-15,0.03975693436451631,0.042910583203470895,0.039115427996564894,0.042041234985698755,0.04534887837525067,0.03746545680685647,0.03918256024016135,0.051106741501646916,0.06107902087120848,0.06748619973321887,0.048903670188348965,0.034012280706469146,0.029927221669984263,0.0,0.0,0.0,0.018062223527495255,0.01931259399275306,0.0,0.019410866856021655,0.0382188073701179,0.09902107253798462,0.0,0.08853062585145761,0.1391075992207739
2022-02-16,0.03975693436451631,0.042910583203470895,0.039115427996564894,0.042041234985698755,0.04534887837525067,0.03746545680685647,0.03918256024016135,0.051106741501646916,0.06107902087120848,0.06748619973321887,0.048903670188348965,0.034012280706469146,0.029927221669984263,0.0,0.0,0.0,0.018062223527495255,0.01931259399275306,0.0,0.019410866856021655,0.0382188073701179,0.09902107253798462,0.0,0.08853062585145761,0.1391075992207739
2022-02-17,0.03975693436451631,0.042910583203470895,0.039115427996564894,0.042041234985698755,0.04534887837525067,0.03746545680685647,0.03918256024016135,0.051106741501646916,0.06107902087120848,0.06748619973321887,0.048903670188348965,0.034012280706469146,0.029927221669984263,0.0,0.0,0.0,0.018062223527495255,0.01931259399275306,0.0,0.019410866856021655,0.0382188073701179,0.09902107253798462,0.0,0.08853062585145761,0.1391075992207739
2022-02-18,0.03975693436451631,0.042910583203470895,0.039115427996564894,0.042041234985698755,0.04534887837525067,0.03746545680685647,0.03918256024016135,0.051106741501646916,0.06107902087120848,0.06748619973321887,0.048903670188348965,0.034012280706469146,0.029927221669984263,0.0,0.0,0.0,0.018062223527495255,0.01931259399275306,0.0,0.019410866856021655,0.0382188073701179,0.09902107253798462,0.0,0.08853062585145761,0.1391075992207739
2022-02-21,0.03975693436451631,0.042910583203470895,0.039115427996564894,0.042041234985698755,0.04534887837525067,0.03746545680685647,0.03918256024016135,0.051106741501646916,0.06107902087120848,0.06748619973321887,0.048903670188348965,0.034012280706469146,0.029927221669984263,0.0,0.0,0.0,0.018062223527495255,0.01931259399275306,0.0,0.019410866856021655,0.0382188073701179,0.09902107253798462,0.0,0.08853062585145761,0.1391075992207739
2022-02-22,0.03975693436451631,0.042910583203470895,0.039115427996564894,0.042041234985698755,0.04534887837525067,0.03746545680685647,0.03918256024016135,0.051106741501646916,0.06107902087120848,0.06748619973321887,0.048903670188348965,0.034012280706469146,0.029927221669984263,0.0,0.0,0.0,0.018062223527495255,0.01931259399275306,0.0,0.019410866856021655,0.0382188073701179,0.09902107253798462,0.0,0.08853062585145761,0.1391075992207739
2022-02-23,0.03975693436451631,0.042910583203470895,0.039115427996564894,0.042041234985698755,0.04534887837525067,0.03746545680685647,0.03918256024016135,0.051106741501646916,0.06107902087120848,0.06748619973321887,0.048903670188348965,0.034012280706469146,0.029927221669984263,0.0,0.0,0.0,0.018062223527495255,0.01931259399275306,0.0,0.019410866856021655,0.0382188073701179,0.09902107253798462,0.0,0.08853062585145761,0.1391075992207739
2022-02-24,0.03975693436451631,0.042910583203470895,0.039115427996564894,0.042041234985698755,0.04534887837525067,0.03746545680685647,0.03918256024016135,0.051106741501646916,0.06107902087120848,0.06748619973321887,0.048903670188348965,0.034012280706469146,0.029927221669984263,0.0,0.0,0.0,0.018062223527495255,0.01931259399275306,0.0,0.019410866856021655,0.0382188073701179,0.09902107253798462,0.0,0.08853062585145761,0.1391075992207739
2022-02-25,0.03975693436451631,0.042910583203470895,0.039115427996564894,0.042041234985698755,0.04534887837525067,0.03746545680685647,0.03918256024016135,0.051106741501646916,0.06107902087120848,0.06748619973321887,0.048903670188348965,0.034012280706469146,0.029927221669984263,0.0,0.0,0.0,0.018062223527495255,0.01931259399275306,0.0,0.019410866856021655,0.0382188073701179,0.09902107253798462,0.0,0.08853062585145761,0.1391075992207739
2022-02-28,0.03975693436451631,0.042910583203470895,0.039115427996564894,0.042041234985698755,0.04534887837525067,0.03746545680685647,0.03918256024016135,0.051106741501646916,0.06107902087120848,0.06748619973321887,0.048903670188348965,0.034012280706469146,0.029927221669984263,0.0,0.0,0.0,0.018062223527495255,0.01931259399275306,0.0,0.019410866856021655,0.0382188073701179,0.09902107253798462,0.0,0.08853062585145761,0.1391075992207739
2022-03-01,0.03975693436451631,0.042910583203470895,0.039115427996564894,0.042041234985698755,0.04534887837525067,0.03746545680685647,0.03918256024016135,0.051106741501646916,0.06107902087120848,0.06748619973321887,0.048903670188348965,0.034012280706469146,0.029927221669984263,0.0,0.0,0.0,0.018062223527495255,0.01931259399275306,0.0,0.019410866856021655,0.0382188073701179,0.09902107253798462,0.0,0.08853062585145761,0.1391075992207739
2022-03-02,0.03975693436451631,0.042910583203470895,0.039115427996564894,0.042041234985698755,0.04534887837525067,0.03746545680685647,0.03918256024016135,0.051106741501646916,0.06107902087120848,0.06748619973321887,0.048903670188348965,0.034012280706469146,0.029927221669984263,0.0,0.0,0.0,0.018062223527495255,0.01931259399275306,0.0,0.019410866856021655,0.0382188073701179,0.09902107253798462,0.0,0.08853062585145761,0.1391075992207739
2022-03-03,0.03975693436451631,0.042910583203470895,0.039115427996564894,0.042041234985698755,0.04534887837525067,0.03746545680685647,0.03918256024016135,0.051106741501646916,0.06107902087120848,0.06748619973321887,0.048903670188348965,0.034012280706469146,0.029927221669984263,0.0,0.0,0.0,0.018062223527495255,0.01931259399275306,0.0,0.019410866856021655,0.0382188073701179,0.09902107253798462,0.0,0.08853062585145761,0.1391075992207739
2022-03-04,0.03975693436451631,0.042910583203470895,0.039115427996564894,0.042041234985698755,0.04534887837525067,0.03746545680685647,0.03918256024016135,0.051106741501646916,0.06107902087120848,0.06748619973321887,0.048903670188348965,0.034012280706469146,0.029927221669984263,0.0,0.0,0.0,0.018062223527495255,0.01931259399275306,0.0,0.019410866856021655,0.0382188073701179,0.09902107253798462,0.0,0.08853062585145761,0.1391075992207739
2022-03-07,0.03975693436451631,0.042910583203470895,0.039115427996564894,0.042041234985698755,0.04534887837525067,0.03746545680685647,0.03918256024016135,0.051106741501646916,0.06107902087120848,0.06748619973321887,0.048903670188348965,0.034012280706469146,0.029927221669984263,0.0,0.0,0.0,0.018062223527495255,0.01931259399275306,0.0,0.019410866856021655,0.0382188073701179,0.09902107253798462,0.0,0.08853062585145761,0.1391075992207739
2022-03-08,0.03975693436451631,0.042910583203470895,0.039115427996564894,0.042041234985698755,0.04534887837525067,0.03746545680685647,0.03918256024016135,0.051106741501646916,0.06107902087120848,0.06748619973321887,0.048903670188348965,0.034012280706469146,0.029927221669984263,0.0,0.0,0.0,0.018062223527495255,0.01931259399275306,0.0,0.019410866856021655,0.0382188073701179,0.09902107253798462,0.0,0.08853062585145761,0.1391075992207739
2022-03-09,0.03975693436451631,0.042910583203470895,0.039115427996564894,0.042041234985698755,0.04534887837525067,0.03746545680685647,0.03918256024016135,0.051106741501646916,0.06107902087120848,0.06748619973321887,0.048903670188348965,0.034012280706469146,0.029927221669984263,0.0,0.0,0.0,0.018062223527495255,0.01931259399275306,0.0,0.019410866856021655,0.0382188073701179,0.09902107253798462,0.0,0.08853062585145761,0.1391075992207739
2022-03-10,0.03975693436451631,0.042910583203470895,0.039115427996564894,0.042041234985698755,0.04534887837525067,0.03746545680685647,0.03918256024016135,0.051106741501646916,0.06107902087120848,0.06748619973321887,0.048903670188348965,0.034012280706469146,0.029927221669984263,0.0,0.0,0.0,0.018062223527495255,0.01931259399275306,0.0,0.019410866856021655,0.0382188073701179,0.09902107253798462,0.0,0.08853062585145761,0.1391075992207739
2022-03-11,0.03975693436451631,0.042910583203470895,0.039115427996564894,0.042041234985698755,0.04534887837525067,0.03746545680685647,0.03918256024016135,0.051106741501646916,0.06107902087120848,0.06748619973321887,0.048903670188348965,0.034012280706469146,0.029927221669984263,0.0,0.0,0.0,0.018062223527495255,0.01931259399275306,0.0,0.019410866856021655,0.0382188073701179,0.09902107253798462,0.0,0.08853062585145761,0.1391075992207739
2022-03-14,0.03975693436451631,0.042910583203470895,0.039115427996564894,0.042041234985698755,0.04534887837525067,0.03746545680685647,0.03918256024016135,0.051106741501646916,0.06107902087120848,0.06748619973321887,0.048903670188348965,0.034012280706469146,0.029927221669984263,0.0,0.0,0.0,0.018062223527495255,0.01931259399275306,0.0,0.019410866856021655,0.0382188073701179,0.09902107253798462,0.0,0.08853062585145761,0.1391075992207739
2022-03-15,0.03975693436451631,0.042910583203470895,0.039115427996564894,0.042041234985698755,0.04534887837525067,0.03746545680685647,0.03918256024016135,0.051106741501646916,0.06107902087120848,0.06748619973321887,0.048903670188348965,0.034012280706469146,0.029927221669984263,0.0,0.0,0.0,0.018062223527495255,0.01931259399275306,0.0,0.019410866856021655,0.0382188073701179,0.09902107253798462,0.0,0.08853062585145761,0.1391075992207739
2022-03-16,0.03975693436451631,0.042910583203470895,0.039115427996564894,0.042041234985698755,0.04534887837525067,0.03746545680685647,0.03918256024016135,0.051106741501646916,0.06107902087120848,0.06748619973321887,0.048903670188348965,0.034012280706469146,0.029927221669984263,0.0,0.0,0.0,0.018062223527495255,0.01931259399275306,0.0,0.019410866856021655,0.0382188073701179,0.09902107253798462,0.0,0.08853062585145761,0.1391075992207739
2022-03-17,0.03975693436451631,0.042910583203470895,0.039115427996564894,0.042041234985698755,0.04534887837525067,0.03746545680685647,0.03918256024016135,0.051106741501646916,0.06107902087120848,0.06748619973321887,0.048903670188348965,0.034012280706469146,0.029927221669984263,0.0,0.0,0.0,0.018062223527495255,0.01931259399275306,0.0,0.019410866856021655,0.0382188073701179,0.09902107253798462,0.0,0.08853062585145761,0.1391075992207739
2022-03-18,0.03975693436451631,0.042910583203470895,0.039115427996564894,0.042041234985698755,0.04534887837525067,0.03746545680685647,0.03918256024016135,0.051106741501646916,0.06107902087120848,0.06748619973321887,0.048903670188348965,0.034012280706469146,0.029927221669984263,0.0,0.0,0.0,0.018062223527495255,0.01931259399275306,0.0,0.019410866856021655,0.0382188073701179,0.09902107253798462,0.0,0.08853062585145761,0.1391075992207739
2022-03-21,0.03975693436451631,0.042910583203470895,0.039115427996564894,0.042041234985698755,0.04534887837525067,0.03746545680685647,0.03918256024016135,0.051106741501646916,0.06107902087120848,0.06748619973321887,0.048903670188348965,0.034012280706469146,0.029927221669984263,0.0,0.0,0.0,0.018062223527495255,0.01931259399275306,0.0,0.019410866856021655,0.0382188073701179,0.09902107253798462,0.0,0.08853062585145761,0.1391075992207739
2022-03-22,0.03975693436451631,0.042910583203470895,0.039115427996564894,0.042041234985698755,0.04534887837525067,0.03746545680685647,0.03918256024016135,0.051106741501646916,0.06107902087120848,0.06748619973321887,0.048903670188348965,0.034012280706469146,0.029927221669984263,0.0,0.0,0.0,0.018062223527495255,0.01931259399275306,0.0,0.019410866856021655,0.0382188073701179,0.09902107253798462,0.0,0.08853062585145761,0.1391075992207739
2022-03-23,0.03975693436451631,0.042910583203470895,0.039115427996564894,0.042041234985698755,0.04534887837525067,0.03746545680685647,0.03918256024016135,0.051106741501646916,0.06107902087120848,0.06748619973321887,0.048903670188348965,0.034012280706469146,0.029927221669984263,0.0,0.0,0.0,0.018062223527495255,0.01931259399275306,0.0,0.019410866856021655,0.0382188073701179,0.09902107253798462,0.0,0.08853062585145761,0.1391075992207739
2022-03-24,0.03975693436451631,0.042910583203470895,0.039115427996564894,0.042041234985698755,0.04534887837525067,0.03746545680685647,0.03918256024016135,0.051106741501646916,0.06107902087120848,0.06748619973321887,0.048903670188348965,0.034012280706469146,0.029927221669984263,0.0,0.0,0.0,0.018062223527495255,0.01931259399275306,0.0,0.019410866856021655,0.0382188073701179,0.09902107253798462,0.0,0.08853062585145761,0.1391075992207739
2022-03-25,0.03975693436451631,0.042910583203470895,0.039115427996564894,0.042041234985698755,0.04534887837525067,0.03746545680685647,0.03918256024016135,0.051106741501646916,0.06107902087120848,0.06748619973321887,0.048903670188348965,0.034012280706469146,0.029927221669984263,0.0,0.0,0.0,0.018062223527495255,0.01931259399275306,0.0,0.019410866856021655,0.0382188073701179,0.09902107253798462,0.0,0.08853062585145761,0.1391075992207739
2022-03-28,0.03975693436451631,0.042910583203470895,0.039115427996564894,0.042041234985698755,0.04534887837525067,0.03746545680685647,0.03918256024016135,0.051106741501646916,0.06107902087120848,0.06748619973321887,0.048903670188348965,0.034012280706469146,0.029927221669984263,0.0,0.0,0.0,0.018062223527495255,0.01931259399275306,0.0,0.019410866856021655,0.0382188073701179,0.09902107253798462,0.0,0.08853062585145761,0.1391075992207739
2022-03-29,0.03975693436451631,0.042910583203470895,0.039115427996564894,0.042041234985698755,0.04534887837525067,0.03746545680685647,0.03918256024016135,0.051106741501646916,0.06107902087120848,0.06748619973321887,0.048903670188348965,0.034012280706469146,0.029927221669984263,0.0,0.0,0.0,0.018062223527495255,0.01931259399275306,0.0,0.019410866856021655,0.0382188073701179,0.09902107253798462,0.0,0.08853062585145761,0.1391075992207739
2022-03-30,0.03975693436451631,0.042910583203470895,0.039115427996564894,0.042041234985698755,0.04534887837525067,0.03746545680685647,0.03918256024016135,0.051106741501646916,0.06107902087120848,0.06748619973321887,0.048903670188348965,0.034012280706469146,0.029927221669984263,0.0,0.0,0.0,0.018062223527495255,0.01931259399275306,0.0,0.019410866856021655,0.0382188073701179,0.09902107253798462,0.0,0.08853062585145761,0.1391075992207739
2022-03-31,0.03975693436451631,0.042910583203470895,0.039115427996564894,0.042041234985698755,0.04534887837525067,0.03746545680685647,0.03918256024016135,0.051106741501646916,0.06107902087120848,0.06748619973321887,0.048903670188348965,0.034012280706469146,0.029927221669984263,0.0,0.0,0.0,0.018062223527495255,0.01931259399275306,0.0,0.019410866856021655,0.0382188073701179,0.09902107253798462,0.0,0.08853062585145761,0.1391075992207739
2022-04-01,0.06991706409248155,0.07377910440441397,0.06801189278919187,0.07230215353011399,0.07937321752626458,0.06395636339593347,0.0661835812047732,0.1042722587124249,0.11044289083337022,0.12422823568403916,0.0,0.0,0.0,0.0,0.0,0.07516732910620444,0.022710820038723017,0.03483465045408292,0.0,0.034820438227982566,0.0,0.0,0.0,0.0,0.0
2022-04-04,0.06991706409248155,0.07377910440441397,0.06801189278919187,0.07230215353011399,0.07937321752626458,0.06395636339593347,0.0661835812047732,0.1042722587124249,0.11044289083337022,0.12422823568403916,0.0,0.0,0.0,0.0,0.0,0.07516732910620444,0.022710820038723017,0.03483465045408292,0.0,0.034820438227982566,0.0,0.0,0.0,0.0,0.0
2022-04-05,0.06991706409248155,0.07377910440441397,0.06801189278919187,0.07230215353011399,0.07937321752626458,0.06395636339593347,0.0661835812047732,0.1042722587124249,0.11044289083337022,0.12422823568403916,0.0,0.0,0.0,0.0,0.0,0.07516732910620444,0.022710820038723017,0.03483465045408292,0.0,0.034820438227982566,0.0,0.0,0.0,0.0,0.0
2022-04-06,0.06991706409248155,0.07377910440441397,0.06801189278919187,0.07230215353011399,0.07937321752626458,0.06395636339593347,0.0661835812047732,0.1042722587124249,0.11044289083337022,0.12422823568403916,0.0,0.0,0.0,0.0,0.0,0.07516732910620444,0.022710820038723017,0.03483465045408292,0.0,0.034820438227982566,0.0,0.0,0.0,0.0,0.0
2022-04-07,0.06991706409248155,0.07377910440441397,0.06801189278919187,0.07230215353011399,0.07937321752626458,0.06395636339593347,0.0661835812047732,0.1042722587124249,0.11044289083337022,0.12422823568403916,0.0,0.0,0.0,0.0,0.0,0.07516732910620444,0.022710820038723017,0.03483465045408292,0.0,0.034820438227982566,0.0,0.0,0.0,0.0,0.0
2022-04-08,0.06991706409248155,0.07377910440441397,0.06801189278919187,0.07230215353011399,0.07937321752626458,0.06395636339593347,0.0661835812047732,0.1042722587124249,0.11044289083337022,0.12422823568403916,0.0,0.0,0.0,0.0,0.0,0.07516732910620444,0.022710820038723017,0.03483465045408292,0.0,0.034820438227982566,0.0,0.0,0.0,0.0,0.0
2022-04-11,0.06991706409248155,0.07377910440441397,0.06801189278919187,0.07230215353011399,0.07937321752626458,0.06395636339593347,0.0661835812047732,0.1042722587124249,0.11044289083337022,0.12422823568403916,0.0,0.0,0.0,0.0,0.0,0.07516732910620444,0.022710820038723017,0.03483465045408292,0.0,0.034820438227982566,0.0,0.0,0.0,0.0,0.0
2022-04-12,0.06991706409248155,0.07377910440441397,0.06801189278919187,0.07230215353011399,0.07937321752626458,0.06395636339593347,0.0661835812047732,0.1042722587124249,0.11044289083337022,0.12422823568403916,0.0,0.0,0.0,0.0,0.0,0.07516732910620444,0.022710820038723017,0.03483465045408292,0.0,0.034820438227982566,0.0,0.0,0.0,0.0,0.0
2022-04-13,0.06991706409248155,0.07377910440441397,0.06801189278919187,0.07230215353011399,0.07937321752626458,0.06395636339593347,0.0661835812047732,0.1042722587124249,0.11044289083337022,0.12422823568403916,0.0,0.0,0.0,0.0,0.0,0.07516732910620444,0.022710820038723017,0.03483465045408292,0.0,0.034820438227982566,0.0,0.0,0.0,0.0,0.0
2022-04-14,0.06991706409248155,0.07377910440441397,0.06801189278919187,0.07230215353011399,0.07937321752626458,0.06395636339593347,0.0661835812047732,0.1042722587124249,0.11044289083337022,0.12422823568403916,0.0,0.0,0.0,0.0,0.0,0.07516732910620444,0.022710820038723017,0.03483465045408292,0.0,0.034820438227982566,0.0,0.0,0.0,0.0,0.0
2022-04-15,0.06991706409248155,0.07377910440441397,0.06801189278919187,0.07230215353011399,0.07937321752626458,0.06395636339593347,0.0661835812047732,0.1042722587124249,0.11044289083337022,0.12422823568403916,0.0,0.0,0.0,0.0,0.0,0.07516732910620444,0.022710820038723017,0.03483465045408292,0.0,0.034820438227982566,0.0,0.0,0.0,0.0,0.0
2022-04-18,0.06991706409248155,0.07377910440441397,0.06801189278919187,0.07230215353011399,0.07937321752626458,0.06395636339593347,0.0661835812047732,0.1042722587124249,0.11044289083337022,0.12422823568403916,0.0,0.0,0.0,0.0,0.0,0.07516732910620444,0.022710820038723017,0.03483465045408292,0.0,0.034820438227982566,0.0,0.0,0.0,0.0,0.0
2022-04-19,0.06991706409248155,0.07377910440441397,0.06801189278919187,0.07230215353011399,0.07937321752626458,0.06395636339593347,0.0661835812047732,0.1042722587124249,0.11044289083337022,0.12422823568403916,0.0,0.0,0.0,0.0,0.0,0.07516732910620444,0.022710820038723017,0.03483465045408292,0.0,0.034820438227982566,0.0,0.0,0.0,0.0,0.0
2022-04-20,0.06991706409248155,0.07377910440441397,0.06801189278919187,0.07230215353011399,0.07937321752626458,0.06395636339593347,0.0661835812047732,0.1042722587124249,0.11044289083337022,0.12422823568403916,0.0,0.0,0.0,0.0,0.0,0.07516732910620444,0.022710820038723017,0.03483465045408292,0.0,0.034820438227982566,0.0,0.0,0.0,0.0,0.0
2022-04-21,0.06991706409248155,0.07377910440441397,0.06801189278919187,0.07230215353011399,0.07937321752626458,0.06395636339593347,0.0661835812047732,0.1042722587124249,0.11044289083337022,0.12422823568403916,0.0,0.0,0.0,0.0,0.0,0.07516732910620444,0.022710820038723017,0.03483465045408292,0.0,0.034820438227982566,0.0,0.0,0.0,0.0,0.0
2022-04-22,0.06991706409248155,0.07377910440441397,0.06801189278919187,0.07230215353011399,0.07937321752626458,0.06395636339593347,0.0661835812047732,0.1042722587124249,0.11044289083337022,0.12422823568403916,0.0,0.0,0.0,0.0,0.0,0.07516732910620444,0.022710820038723017,0.03483465045408292,0.0,0.034820438227982566,0.0,0.0,0.0,0.0,0.0
2022-04-25,0.06991706409248155,0.07377910440441397,0.06801189278919187,0.07230215353011399,0.07937321752626458,0.06395636339593347,0.0661835812047732,0.1042722587124249,0.11044289083337022,0.12422823568403916,0.0,0.0,0.0,0.0,0.0,0.07516732910620444,0.022710820038723017,0.03483465045408292,0.0,0.034820438227982566,0.0,0.0,0.0,0.0,0.0
2022-04-26,0.06991706409248155,0.07377910440441397,0.06801189278919187,0.07230215353011399,0.07937321752626458,0.06395636339593347,0.0661835812047732,0.1042722587124249,0.11044289083337022,0.12422823568403916,0.0,0.0,0.0,0.0,0.0,0.07516732910620444,0.022710820038723017,0.03483465045408292,0.0,0.034820438227982566,0.0,0.0,0.0,0.0,0.0
2022-04-27,0.06991706409248155,0.07377910440441397,0.06801189278919187,0.07230215353011399,0.07937321752626458,0.06395636339593347,0.0661835812047732,0.1042722587124249,0.11044289083337022,0.12422823568403916,0.0,0.0,0.0,0.0,0.0,0.07516732910620444,0.022710820038723017,0.03483465045408292,0.0,0.034820438227982566,0.0,0.0,0.0,0.0,0.0
2022-04-28,0.06991706409248155,0.07377910440441397,0.06801189278919187,0.07230215353011399,0.07937321752626458,0.06395636339593347,0.0661835812047732,0.1042722587124249,0.11044289083337022,0.12422823568403916,0.0,0.0,0.0,0.0,0.0,0.07516732910620444,0.022710820038723017,0.03483465045408292,0.0,0.034820438227982566,0.0,0.0,0.0,0.0,0.0
2022-04-29,0.06991706409248155,0.07377910440441397,0.06801189278919187,0.07230215353011399,0.07937321752626458,0.06395636339593347,0.0661835812047732,0.1042722587124249,0.11044289083337022,0.12422823568403916,0.0,0.0,0.0,0.0,0.0,0.07516732910620444,0.022710820038723017,0.03483465045408292,0.0,0.034820438227982566,0.0,0.0,0.0,0.0,0.0
2022-05-02,0.06991706409248155,0.07377910440441397,0.06801189278919187,0.07230215353011399,0.07937321752626458,0.06395636339593347,0.0661835812047732,0.1042722587124249,0.11044289083337022,0.12422823568403916,0.0,0.0,0.0,0.0,0.0,0.07516732910620444,0.022710820038723017,0.03483465045408292,0.0,0.034820438227982566,0.0,0.0,0.0,0.0,0.0
2022-05-03,0.06991706409248155,0.07377910440441397,0.06801189278919187,0.07230215353011399,0.07937321752626458,0.06395636339593347,0.0661835812047732,0.1042722587124249,0.11044289083337022,0.12422823568403916,0.0,0.0,0.0,0.0,0.0,0.07516732910620444,0.022710820038723017,0.03483465045408292,0.0,0.034820438227982566,0.0,0.0,0.0,0.0,0.0
2022-05-04,0.06991706409248155,0.07377910440441397,0.06801189278919187,0.07230215353011399,0.07937321752626458,0.06395636339593347,0.0661835812047732,0.1042722587124249,0.11044289083337022,0.12422823568403916,0.0,0.0,0.0,0.0,0.0,0.07516732910620444,0.022710820038723017,0.03483465045408292,0.0,0.034820438227982566,0.0,0.0,0.0,0.0,0.0
2022-05-05,0.06991706409248155,0.07377910440441397,0.06801189278919187,0.07230215353011399,0.07937321752626458,0.06395636339593347,0.0661835812047732,0.1042722587124249,0.11044289083337022,0.12422823568403916,0.0,0.0,0.0,0.0,0.0,0.07516732910620444,0.022710820038723017,0.03483465045408292,0.0,0.034820438227982566,0.0,0.0,0.0,0.0,0.0
2022-05-06,0.06991706409248155,0.07377910440441397,0.06801189278919187,0.07230215353011399,0.07937321752626458,0.06395636339593347,0.0661835812047732,0.1042722587124249,0.11044289083337022,0.12422823568403916,0.0,0.0,0.0,0.0,0.0,0.07516732910620444,0.022710820038723017,0.03483465045408292,0.0,0.034820438227982566,0.0,0.0,0.0,0.0,0.0
2022-05-09,0.06991706409248155,0.07377910440441397,0.06801189278919187,0.07230215353011399,0.07937321752626458,0.06395636339593347,0.0661835812047732,0.1042722587124249,0.11044289083337022,0.12422823568403916,0.0,0.0,0.0,0.0,0.0,0.07516732910620444,0.022710820038723017,0.03483465045408292,0.0,0.034820438227982566,0.0,0.0,0.0,0.0,0.0
2022-05-10,0.06991706409248155,0.07377910440441397,0.06801189278919187,0.07230215353011399,0.07937321752626458,0.06395636339593347,0.0661835812047732,0.1042722587124249,0.11044289083337022,0.12422823568403916,0.0,0.0,0.0,0.0,0.0,0.07516732910620444,0.022710820038723017,0.03483465045408292,0.0,0.034820438227982566,0.0,0.0,0.0,0.0,0.0
2022-05-11,0.06991706409248155,0.07377910440441397,0.06801189278919187,0.07230215353011399,0.07937321752626458,0.06395636339593347,0.0661835812047732,0.1042722587124249,0.11044289083337022,0.12422823568403916,0.0,0.0,0.0,0.0,0.0,0.07516732910620444,0.022710820038723017,0.03483465045408292,0.0,0.034820438227982566,0.0,0.0,0.0,0.0,0.0
2022-05-12,0.06991706409248155,0.07377910440441397,0.06801189278919187,0.07230215353011399,0.07937321752626458,0.06395636339593347,0.0661835812047732,0.1042722587124249,0.11044289083337022,0.12422823568403916,0.0,0.0,0.0,0.0,0.0,0.07516732910620444,0.022710820038723017,0.03483465045408292,0.0,0.034820438227982566,0.0,0.0,0.0,0.0,0.0
2022-05-13,0.06991706409248155,0.07377910440441397,0.06801189278919187,0.07230215353011399,0.07937321752626458,0.06395636339593347,0.0661835812047732,0.1042722587124249,0.11044289083337022,0.12422823568403916,0.0,0.0,0.0,0.0,0.0,0.07516732910620444,0.022710820038723017,0.03483465045408292,0.0,0.034820438227982566,0.0,0.0,0.0,0.0,0.0
2022-05-16,0.06991706409248155,0.07377910440441397,0.06801189278919187,0.07230215353011399,0.07937321752626458,0.06395636339593347,0.0661835812047732,0.1042722587124249,0.11044289083337022,0.12422823568403916,0.0,0.0,0.0,0.0,0.0,0.07516732910620444,0.022710820038723017,0.03483465045408292,0.0,0.034820438227982566,0.0,0.0,0.0,0.0,0.0
2022-05-17,0.06991706409248155,0.07377910440441397,0.06801189278919187,0.07230215353011399,0.07937321752626458,0.06395636339593347,0.0661835812047732,0.1042722587124249,0.11044289083337022,0.12422823568403916,0.0,0.0,0.0,0.0,0.0,0.07516732910620444,0.022710820038723017,0.03483465045408292,0.0,0.034820438227982566,0.0,0.0,0.0,0.0,0.0
2022-05-18,0.06991706409248155,0.07377910440441397,0.06801189278919187,0.07230215353011399,0.07937321752626458,0.06395636339593347,0.0661835812047732,0.1042722587124249,0.11044289083337022,0.12422823568403916,0.0,0.0,0.0,0.0,0.0,0.07516732910620444,0.022710820038723017,0.03483465045408292,0.0,0.034820438227982566,0.0,0.0,0.0,0.0,0.0
2022-05-19,0.06991706409248155,0.07377910440441397,0.06801189278919187,0.07230215353011399,0.07937321752626458,0.06395636339593347,0.0661835812047732,0.1042722587124249,0.11044289083337022,0.12422823568403916,0.0,0.0,0.0,0.0,0.0,0.07516732910620444,0.022710820038723017,0.03483465045408292,0.0,0.034820438227982566,0.0,0.0,0.0,0.0,0.0
2022-05-20,0.06991706409248155,0.07377910440441397,0.06801189278919187,0.07230215353011399,0.07937321752626458,0.06395636339593347,0.0661835812047732,0.1042722587124249,0.11044289083337022,0.12422823568403916,0.0,0.0,0.0,0.0,0.0,0.07516732910620444,0.022710820038723017,0.03483465045408292,0.0,0.034820438227982566,0.0,0.0,0.0,0.0,0.0
2022-05-23,0.06991706409248155,0.07377910440441397,0.06801189278919187,0.07230215353011399,0.07937321752626458,0.06395636339593347,0.0661835812047732,0.1042722587124249,0.11044289083337022,0.12422823568403916,0.0,0.0,0.0,0.0,0.0,0.07516732910620444,0.022710820038723017,0.03483465045408292,0.0,0.034820438227982566,0.0,0.0,0.0,0.0,0.0
2022-05-24,0.06991706409248155,0.07377910440441397,0.06801189278919187,0.07230215353011399,0.07937321752626458,0.06395636339593347,0.0661835812047732,0.1042722587124249,0.11044289083337022,0.12422823568403916,0.0,0.0,0.0,0.0,0.0,0.07516732910620444,0.022710820038723017,0.03483465045408292,0.0,0.034820438227982566,0.0,0.0,0.0,0.0,0.0
2022-05-25,0.06991706409248155,0.07377910440441397,0.06801189278919187,0.07230215353011399,0.07937321752626458,0.06395636339593347,0.0661835812047732,0.1042722587124249,0.11044289083337022,0.12422823568403916,0.0,0.0,0.0,0.0,0.0,0.07516732910620444,0.022710820038723017,0.03483465045408292,0.0,0.034820438227982566,0.0,0.0,0.0,0.0,0.0
2022-05-26,0.06991706409248155,0.07377910440441397,0.06801189278919187,0.07230215353011399,0.07937321752626458,0.06395636339593347,0.0661835812047732,0.1042722587124249,0.11044289083337022,0.12422823568403916,0.0,0.0,0.0,0.0,0.0,0.07516732910620444,0.022710820038723017,0.03483465045408292,0.0,0.034820438227982566,0.0,0.0,0.0,0.0,0.0
2022-05-27,0.06991706409248155,0.07377910440441397,0.06801189278919187,0.07230215353011399,0.07937321752626458,0.06395636339593347,0.0661835812047732,0.1042722587124249,0.11044289083337022,0.12422823568403916,0.0,0.0,0.0,0.0,0.0,0.07516732910620444,0.022710820038723017,0.03483465045408292,0.0,0.034820438227982566,0.0,0.0,0.0,0.0,0.0
2022-05-30,0.06991706409248155,0.07377910440441397,0.06801189278919187,0.07230215353011399,0.07937321752626458,0.06395636339593347,0.0661835812047732,0.1042722587124249,0.11044289083337022,0.12422823568403916,0.0,0.0,0.0,0.0,0.0,0.07516732910620444,0.022710820038723017,0.03483465045408292,0.0,0.034820438227982566,0.0,0.0,0.0,0.0,0.0
2022-05-31,0.06991706409248155,0.07377910440441397,0.06801189278919187,0.07230215353011399,0.07937321752626458,0.06395636339593347,0.0661835812047732,0.1042722587124249,0.11044289083337022,0.12422823568403916,0.0,0.0,0.0,0.0,0.0,0.07516732910620444,0.022710820038723017,0.03483465045408292,0.0,0.034820438227982566,0.0,0.0,0.0,0.0,0.0
2022-06-01,0.0,0.0,0.0,0.11627558432700594,0.1237606634458074,0.0,0.0,0.16088177503927326,0.15268831704568742,0.19048269237830232,0.1000205323742825,0.0,0.0,0.0,0.0,0.11906435822783973,0.036826077161801404,0.0,0.0,0.0,0.0,0.0,0.0,0.0,0.0
2022-06-02,0.0,0.0,0.0,0.11627558432700594,0.1237606634458074,0.0,0.0,0.16088177503927326,0.15268831704568742,0.19048269237830232,0.1000205323742825,0.0,0.0,0.0,0.0,0.11906435822783973,0.036826077161801404,0.0,0.0,0.0,0.0,0.0,0.0,0.0,0.0
2022-06-03,0.0,0.0,0.0,0.11627558432700594,0.1237606634458074,0.0,0.0,0.16088177503927326,0.15268831704568742,0.19048269237830232,0.1000205323742825,0.0,0.0,0.0,0.0,0.11906435822783973,0.036826077161801404,0.0,0.0,0.0,0.0,0.0,0.0,0.0,0.0
2022-06-06,0.0,0.0,0.0,0.11627558432700594,0.1237606634458074,0.0,0.0,0.16088177503927326,0.15268831704568742,0.19048269237830232,0.1000205323742825,0.0,0.0,0.0,0.0,0.11906435822783973,0.036826077161801404,0.0,0.0,0.0,0.0,0.0,0.0,0.0,0.0
2022-06-07,0.0,0.0,0.0,0.11627558432700594,0.1237606634458074,0.0,0.0,0.16088177503927326,0.15268831704568742,0.19048269237830232,0.1000205323742825,0.0,0.0,0.0,0.0,0.11906435822783973,0.036826077161801404,0.0,0.0,0.0,0.0,0.0,0.0,0.0,0.0
2022-06-08,0.0,0.0,0.0,0.11627558432700594,0.1237606634458074,0.0,0.0,0.16088177503927326,0.15268831704568742,0.19048269237830232,0.1000205323742825,0.0,0.0,0.0,0.0,0.11906435822783973,0.036826077161801404,0.0,0.0,0.0,0.0,0.0,0.0,0.0,0.0
2022-06-09,0.0,0.0,0.0,0.11627558432700594,0.1237606634458074,0.0,0.0,0.16088177503927326,0.15268831704568742,0.19048269237830232,0.1000205323742825,0.0,0.0,0.0,0.0,0.11906435822783973,0.036826077161801404,0.0,0.0,0.0,0.0,0.0,0.0,0.0,0.0
2022-06-10,0.0,0.0,0.0,0.11627558432700594,0.1237606634458074,0.0,0.0,0.16088177503927326,0.15268831704568742,0.19048269237830232,0.1000205323742825,0.0,0.0,0.0,0.0,0.11906435822783973,0.036826077161801404,0.0,0.0,0.0,0.0,0.0,0.0,0.0,0.0
2022-06-13,0.0,0.0,0.0,0.11627558432700594,0.1237606634458074,0.0,0.0,0.16088177503927326,0.15268831704568742,0.19048269237830232,0.1000205323742825,0.0,0.0,0.0,0.0,0.11906435822783973,0.036826077161801404,0.0,0.0,0.0,0.0,0.0,0.0,0.0,0.0
2022-06-14,0.0,0.0,0.0,0.11627558432700594,0.1237606634458074,0.0,0.0,0.16088177503927326,0.15268831704568742,0.19048269237830232,0.1000205323742825,0.0,0.0,0.0,0.0,0.11906435822783973,0.036826077161801404,0.0,0.0,0.0,0.0,0.0,0.0,0.0,0.0
2022-06-15,0.0,0.0,0.0,0.11627558432700594,0.1237606634458074,0.0,0.0,0.16088177503927326,0.15268831704568742,0.19048269237830232,0.1000205323742825,0.0,0.0,0.0,0.0,0.11906435822783973,0.036826077161801404,0.0,0.0,0.0,0.0,0.0,0.0,0.0,0.0
2022-06-16,0.0,0.0,0.0,0.11627558432700594,0.1237606634458074,0.0,0.0,0.16088177503927326,0.15268831704568742,0.19048269237830232,0.1000205323742825,0.0,0.0,0.0,0.0,0.11906435822783973,0.036826077161801404,0.0,0.0,0.0,0.0,0.0,0.0,0.0,0.0
2022-06-17,0.0,0.0,0.0,0.11627558432700594,0.1237606634458074,0.0,0.0,0.16088177503927326,0.15268831704568742,0.19048269237830232,0.1000205323742825,0.0,0.0,0.0,0.0,0.11906435822783973,0.036826077161801404,0.0,0.0,0.0,0.0,0.0,0.0,0.0,0.0
2022-06-20,0.0,0.0,0.0,0.11627558432700594,0.1237606634458074,0.0,0.0,0.16088177503927326,0.15268831704568742,0.19048269237830232,0.1000205323742825,0.0,0.0,0.0,0.0,0.11906435822783973,0.036826077161801404,0.0,0.0,0.0,0.0,0.0,0.0,0.0,0.0
2022-06-21,0.0,0.0,0.0,0.11627558432700594,0.1237606634458074,0.0,0.0,0.16088177503927326,0.15268831704568742,0.19048269237830232,0.1000205323742825,0.0,0.0,0.0,0.0,0.11906435822783973,0.036826077161801404,0.0,0.0,0.0,0.0,0.0,0.0,0.0,0.0
2022-06-22,0.0,0.0,0.0,0.11627558432700594,0.1237606634458074,0.0,0.0,0.16088177503927326,0.15268831704568742,0.19048269237830232,0.1000205323742825,0.0,0.0,0.0,0.0,0.11906435822783973,0.036826077161801404,0.0,0.0,0.0,0.0,0.0,0.0,0.0,0.0
2022-06-23,0.0,0.0,0.0,0.11627558432700594,0.1237606634458074,0.0,0.0,0.16088177503927326,0.15268831704568742,0.19048269237830232,0.1000205323742825,0.0,0.0,0.0,0.0,0.11906435822783973,0.036826077161801404,0.0,0.0,0.0,0.0,0.0,0.0,0.0,0.0
2022-06-24,0.0,0.0,0.0,0.11627558432700594,0.1237606634458074,0.0,0.0,0.16088177503927326,0.15268831704568742,0.19048269237830232,0.1000205323742825,0.0,0.0,0.0,0.0,0.11906435822783973,0.036826077161801404,0.0,0.0,0.0,0.0,0.0,0.0,0.0,0.0
2022-06-27,0.0,0.0,0.0,0.11627558432700594,0.1237606634458074,0.0,0.0,0.16088177503927326,0.15268831704568742,0.19048269237830232,0.1000205323742825,0.0,0.0,0.0,0.0,0.11906435822783973,0.036826077161801404,0.0,0.0,0.0,0.0,0.0,0.0,0.0,0.0
2022-06-28,0.0,0.0,0.0,0.11627558432700594,0.1237606634458074,0.0,0.0,0.16088177503927326,0.15268831704568742,0.19048269237830232,0.1000205323742825,0.0,0.0,0.0,0.0,0.11906435822783973,0.036826077161801404,0.0,0.0,0.0,0.0,0.0,0.0,0.0,0.0
2022-06-29,0.0,0.0,0.0,0.11627558432700594,0.1237606634458074,0.0,0.0,0.16088177503927326,0.15268831704568742,0.19048269237830232,0.1000205323742825,0.0,0.0,0.0,0.0,0.11906435822783973,0.036826077161801404,0.0,0.0,0.0,0.0,0.0,0.0,0.0,0.0
2022-06-30,0.0,0.0,0.0,0.11627558432700594,0.1237606634458074,0.0,0.0,0.16088177503927326,0.15268831704568742,0.19048269237830232,0.1000205323742825,0.0,0.0,0.0,0.0,0.11906435822783973,0.036826077161801404,0.0,0.0,0.0,0.0,0.0,0.0,0.0,0.0
2022-07-01,0.0,0.0,0.0,0.11627558432700594,0.1237606634458074,0.0,0.0,0.16088177503927326,0.15268831704568742,0.19048269237830232,0.1000205323742825,0.0,0.0,0.0,0.0,0.11906435822783973,0.036826077161801404,0.0,0.0,0.0,0.0,0.0,0.0,0.0,0.0
2022-07-04,0.0,0.0,0.0,0.11627558432700594,0.1237606634458074,0.0,0.0,0.16088177503927326,0.15268831704568742,0.19048269237830232,0.1000205323742825,0.0,0.0,0.0,0.0,0.11906435822783973,0.036826077161801404,0.0,0.0,0.0,0.0,0.0,0.0,0.0,0.0
2022-07-05,0.0,0.0,0.0,0.11627558432700594,0.1237606634458074,0.0,0.0,0.16088177503927326,0.15268831704568742,0.19048269237830232,0.1000205323742825,0.0,0.0,0.0,0.0,0.11906435822783973,0.036826077161801404,0.0,0.0,0.0,0.0,0.0,0.0,0.0,0.0
2022-07-06,0.0,0.0,0.0,0.11627558432700594,0.1237606634458074,0.0,0.0,0.16088177503927326,0.15268831704568742,0.19048269237830232,0.1000205323742825,0.0,0.0,0.0,0.0,0.11906435822783973,0.036826077161801404,0.0,0.0,0.0,0.0,0.0,0.0,0.0,0.0
2022-07-07,0.0,0.0,0.0,0.11627558432700594,0.1237606634458074,0.0,0.0,0.16088177503927326,0.15268831704568742,0.19048269237830232,0.1000205323742825,0.0,0.0,0.0,0.0,0.11906435822783973,0.036826077161801404,0.0,0.0,0.0,0.0,0.0,0.0,0.0,0.0
2022-07-08,0.0,0.0,0.0,0.11627558432700594,0.1237606634458074,0.0,0.0,0.16088177503927326,0.15268831704568742,0.19048269237830232,0.1000205323742825,0.0,0.0,0.0,0.0,0.11906435822783973,0.036826077161801404,0.0,0.0,0.0,0.0,0.0,0.0,0.0,0.0
2022-07-11,0.0,0.0,0.0,0.11627558432700594,0.1237606634458074,0.0,0.0,0.16088177503927326,0.15268831704568742,0.19048269237830232,0.1000205323742825,0.0,0.0,0.0,0.0,0.11906435822783973,0.036826077161801404,0.0,0.0,0.0,0.0,0.0,0.0,0.0,0.0
2022-07-12,0.0,0.0,0.0,0.11627558432700594,0.1237606634458074,0.0,0.0,0.16088177503927326,0.15268831704568742,0.19048269237830232,0.1000205323742825,0.0,0.0,0.0,0.0,0.11906435822783973,0.036826077161801404,0.0,0.0,0.0,0.0,0.0,0.0,0.0,0.0
2022-07-13,0.0,0.0,0.0,0.11627558432700594,0.1237606634458074,0.0,0.0,0.16088177503927326,0.15268831704568742,0.19048269237830232,0.1000205323742825,0.0,0.0,0.0,0.0,0.11906435822783973,0.036826077161801404,0.0,0.0,0.0,0.0,0.0,0.0,0.0,0.0
2022-07-14,0.0,0.0,0.0,0.11627558432700594,0.1237606634458074,0.0,0.0,0.16088177503927326,0.15268831704568742,0.19048269237830232,0.1000205323742825,0.0,0.0,0.0,0.0,0.11906435822783973,0.036826077161801404,0.0,0.0,0.0,0.0,0.0,0.0,0.0,0.0
2022-07-15,0.0,0.0,0.0,0.11627558432700594,0.1237606634458074,0.0,0.0,0.16088177503927326,0.15268831704568742,0.19048269237830232,0.1000205323742825,0.0,0.0,0.0,0.0,0.11906435822783973,0.036826077161801404,0.0,0.0,0.0,0.0,0.0,0.0,0.0,0.0
2022-07-18,0.0,0.0,0.0,0.11627558432700594,0.1237606634458074,0.0,0.0,0.16088177503927326,0.15268831704568742,0.19048269237830232,0.1000205323742825,0.0,0.0,0.0,0.0,0.11906435822783973,0.036826077161801404,0.0,0.0,0.0,0.0,0.0,0.0,0.0,0.0
2022-07-19,0.0,0.0,0.0,0.11627558432700594,0.1237606634458074,0.0,0.0,0.16088177503927326,0.15268831704568742,0.19048269237830232,0.1000205323742825,0.0,0.0,0.0,0.0,0.11906435822783973,0.036826077161801404,0.0,0.0,0.0,0.0,0.0,0.0,0.0,0.0
2022-07-20,0.0,0.0,0.0,0.11627558432700594,0.1237606634458074,0.0,0.0,0.16088177503927326,0.15268831704568742,0.19048269237830232,0.1000205323742825,0.0,0.0,0.0,0.0,0.11906435822783973,0.036826077161801404,0.0,0.0,0.0,0.0,0.0,0.0,0.0,0.0
2022-07-21,0.0,0.0,0.0,0.11627558432700594,0.1237606634458074,0.0,0.0,0.16088177503927326,0.15268831704568742,0.19048269237830232,0.1000205323742825,0.0,0.0,0.0,0.0,0.11906435822783973,0.036826077161801404,0.0,0.0,0.0,0.0,0.0,0.0,0.0,0.0
2022-07-22,0.0,0.0,0.0,0.11627558432700594,0.1237606634458074,0.0,0.0,0.16088177503927326,0.15268831704568742,0.19048269237830232,0.1000205323742825,0.0,0.0,0.0,0.0,0.11906435822783973,0.036826077161801404,0.0,0.0,0.0,0.0,0.0,0.0,0.0,0.0
2022-07-25,0.0,0.0,0.0,0.11627558432700594,0.1237606634458074,0.0,0.0,0.16088177503927326,0.15268831704568742,0.19048269237830232,0.1000205323742825,0.0,0.0,0.0,0.0,0.11906435822783973,0.036826077161801404,0.0,0.0,0.0,0.0,0.0,0.0,0.0,0.0
2022-07-26,0.0,0.0,0.0,0.11627558432700594,0.1237606634458074,0.0,0.0,0.16088177503927326,0.15268831704568742,0.19048269237830232,0.1000205323742825,0.0,0.0,0.0,0.0,0.11906435822783973,0.036826077161801404,0.0,0.0,0.0,0.0,0.0,0.0,0.0,0.0
2022-07-27,0.0,0.0,0.0,0.11627558432700594,0.1237606634458074,0.0,0.0,0.16088177503927326,0.15268831704568742,0.19048269237830232,0.1000205323742825,0.0,0.0,0.0,0.0,0.11906435822783973,0.036826077161801404,0.0,0.0,0.0,0.0,0.0,0.0,0.0,0.0
2022-07-28,0.0,0.0,0.0,0.11627558432700594,0.1237606634458074,0.0,0.0,0.16088177503927326,0.15268831704568742,0.19048269237830232,0.1000205323742825,0.0,0.0,0.0,0.0,0.11906435822783973,0.036826077161801404,0.0,0.0,0.0,0.0,0.0,0.0,0.0,0.0
2022-07-29,0.0,0.0,0.0,0.11627558432700594,0.1237606634458074,0.0,0.0,0.16088177503927326,0.15268831704568742,0.19048269237830232,0.1000205323742825,0.0,0.0,0.0,0.0,0.11906435822783973,0.036826077161801404,0.0,0.0,0.0,0.0,0.0,0.0,0.0,0.0
2022-08-01,0.0,0.0,0.0,0.0,0.0,0.0,0.0,0.0,0.0,0.0,0.0,0.0,0.0,0.0,0.0,0.46694432503114225,0.1437027551864713,0.0,0.3893529197823865,0.0,0.0,0.0,0.0,0.0,0.0
2022-08-02,0.0,0.0,0.0,0.0,0.0,0.0,0.0,0.0,0.0,0.0,0.0,0.0,0.0,0.0,0.0,0.46694432503114225,0.1437027551864713,0.0,0.3893529197823865,0.0,0.0,0.0,0.0,0.0,0.0
2022-08-03,0.0,0.0,0.0,0.0,0.0,0.0,0.0,0.0,0.0,0.0,0.0,0.0,0.0,0.0,0.0,0.46694432503114225,0.1437027551864713,0.0,0.3893529197823865,0.0,0.0,0.0,0.0,0.0,0.0
2022-08-04,0.0,0.0,0.0,0.0,0.0,0.0,0.0,0.0,0.0,0.0,0.0,0.0,0.0,0.0,0.0,0.46694432503114225,0.1437027551864713,0.0,0.3893529197823865,0.0,0.0,0.0,0.0,0.0,0.0
2022-08-05,0.0,0.0,0.0,0.0,0.0,0.0,0.0,0.0,0.0,0.0,0.0,0.0,0.0,0.0,0.0,0.46694432503114225,0.1437027551864713,0.0,0.3893529197823865,0.0,0.0,0.0,0.0,0.0,0.0
2022-08-08,0.0,0.0,0.0,0.0,0.0,0.0,0.0,0.0,0.0,0.0,0.0,0.0,0.0,0.0,0.0,0.46694432503114225,0.1437027551864713,0.0,0.3893529197823865,0.0,0.0,0.0,0.0,0.0,0.0
2022-08-09,0.0,0.0,0.0,0.0,0.0,0.0,0.0,0.0,0.0,0.0,0.0,0.0,0.0,0.0,0.0,0.46694432503114225,0.1437027551864713,0.0,0.3893529197823865,0.0,0.0,0.0,0.0,0.0,0.0
2022-08-10,0.0,0.0,0.0,0.0,0.0,0.0,0.0,0.0,0.0,0.0,0.0,0.0,0.0,0.0,0.0,0.46694432503114225,0.1437027551864713,0.0,0.3893529197823865,0.0,0.0,0.0,0.0,0.0,0.0
2022-08-11,0.0,0.0,0.0,0.0,0.0,0.0,0.0,0.0,0.0,0.0,0.0,0.0,0.0,0.0,0.0,0.46694432503114225,0.1437027551864713,0.0,0.3893529197823865,0.0,0.0,0.0,0.0,0.0,0.0
2022-08-12,0.0,0.0,0.0,0.0,0.0,0.0,0.0,0.0,0.0,0.0,0.0,0.0,0.0,0.0,0.0,0.46694432503114225,0.1437027551864713,0.0,0.3893529197823865,0.0,0.0,0.0,0.0,0.0,0.0
2022-08-15,0.0,0.0,0.0,0.0,0.0,0.0,0.0,0.0,0.0,0.0,0.0,0.0,0.0,0.0,0.0,0.46694432503114225,0.1437027551864713,0.0,0.3893529197823865,0.0,0.0,0.0,0.0,0.0,0.0
2022-08-16,0.0,0.0,0.0,0.0,0.0,0.0,0.0,0.0,0.0,0.0,0.0,0.0,0.0,0.0,0.0,0.46694432503114225,0.1437027551864713,0.0,0.3893529197823865,0.0,0.0,0.0,0.0,0.0,0.0
2022-08-17,0.0,0.0,0.0,0.0,0.0,0.0,0.0,0.0,0.0,0.0,0.0,0.0,0.0,0.0,0.0,0.46694432503114225,0.1437027551864713,0.0,0.3893529197823865,0.0,0.0,0.0,0.0,0.0,0.0
2022-08-18,0.0,0.0,0.0,0.0,0.0,0.0,0.0,0.0,0.0,0.0,0.0,0.0,0.0,0.0,0.0,0.46694432503114225,0.1437027551864713,0.0,0.3893529197823865,0.0,0.0,0.0,0.0,0.0,0.0
2022-08-19,0.0,0.0,0.0,0.0,0.0,0.0,0.0,0.0,0.0,0.0,0.0,0.0,0.0,0.0,0.0,0.46694432503114225,0.1437027551864713,0.0,0.3893529197823865,0.0,0.0,0.0,0.0,0.0,0.0
2022-08-22,0.0,0.0,0.0,0.0,0.0,0.0,0.0,0.0,0.0,0.0,0.0,0.0,0.0,0.0,0.0,0.46694432503114225,0.1437027551864713,0.0,0.3893529197823865,0.0,0.0,0.0,0.0,0.0,0.0
2022-08-23,0.0,0.0,0.0,0.0,0.0,0.0,0.0,0.0,0.0,0.0,0.0,0.0,0.0,0.0,0.0,0.46694432503114225,0.1437027551864713,0.0,0.3893529197823865,0.0,0.0,0.0,0.0,0.0,0.0
2022-08-24,0.0,0.0,0.0,0.0,0.0,0.0,0.0,0.0,0.0,0.0,0.0,0.0,0.0,0.0,0.0,0.46694432503114225,0.1437027551864713,0.0,0.3893529197823865,0.0,0.0,0.0,0.0,0.0,0.0
2022-08-25,0.0,0.0,0.0,0.0,0.0,0.0,0.0,0.0,0.0,0.0,0.0,0.0,0.0,0.0,0.0,0.46694432503114225,0.1437027551864713,0.0,0.3893529197823865,0.0,0.0,0.0,0.0,0.0,0.0
2022-08-26,0.0,0.0,0.0,0.0,0.0,0.0,0.0,0.0,0.0,0.0,0.0,0.0,0.0,0.0,0.0,0.46694432503114225,0.1437027551864713,0.0,0.3893529197823865,0.0,0.0,0.0,0.0,0.0,0.0
2022-08-29,0.0,0.0,0.0,0.0,0.0,0.0,0.0,0.0,0.0,0.0,0.0,0.0,0.0,0.0,0.0,0.46694432503114225,0.1437027551864713,0.0,0.3893529197823865,0.0,0.0,0.0,0.0,0.0,0.0
2022-08-30,0.0,0.0,0.0,0.0,0.0,0.0,0.0,0.0,0.0,0.0,0.0,0.0,0.0,0.0,0.0,0.46694432503114225,0.1437027551864713,0.0,0.3893529197823865,0.0,0.0,0.0,0.0,0.0,0.0
2022-08-31,0.0,0.0,0.0,0.0,0.0,0.0,0.0,0.0,0.0,0.0,0.0,0.0,0.0,0.0,0.0,0.46694432503114225,0.1437027551864713,0.0,0.3893529197823865,0.0,0.0,0.0,0.0,0.0,0.0
2022-09-01,0.0,0.0,0.0,0.0,0.0,0.0,0.0,0.0,0.0,0.0,0.0,0.0,0.0,0.0,0.0,0.46694432503114225,0.1437027551864713,0.0,0.3893529197823865,0.0,0.0,0.0,0.0,0.0,0.0
2022-09-02,0.0,0.0,0.0,0.0,0.0,0.0,0.0,0.0,0.0,0.0,0.0,0.0,0.0,0.0,0.0,0.46694432503114225,0.1437027551864713,0.0,0.3893529197823865,0.0,0.0,0.0,0.0,0.0,0.0
2022-09-05,0.0,0.0,0.0,0.0,0.0,0.0,0.0,0.0,0.0,0.0,0.0,0.0,0.0,0.0,0.0,0.46694432503114225,0.1437027551864713,0.0,0.3893529197823865,0.0,0.0,0.0,0.0,0.0,0.0
2022-09-06,0.0,0.0,0.0,0.0,0.0,0.0,0.0,0.0,0.0,0.0,0.0,0.0,0.0,0.0,0.0,0.46694432503114225,0.1437027551864713,0.0,0.3893529197823865,0.0,0.0,0.0,0.0,0.0,0.0
2022-09-07,0.0,0.0,0.0,0.0,0.0,0.0,0.0,0.0,0.0,0.0,0.0,0.0,0.0,0.0,0.0,0.46694432503114225,0.1437027551864713,0.0,0.3893529197823865,0.0,0.0,0.0,0.0,0.0,0.0
2022-09-08,0.0,0.0,0.0,0.0,0.0,0.0,0.0,0.0,0.0,0.0,0.0,0.0,0.0,0.0,0.0,0.46694432503114225,0.1437027551864713,0.0,0.3893529197823865,0.0,0.0,0.0,0.0,0.0,0.0
2022-09-09,0.0,0.0,0.0,0.0,0.0,0.0,0.0,0.0,0.0,0.0,0.0,0.0,0.0,0.0,0.0,0.46694432503114225,0.1437027551864713,0.0,0.3893529197823865,0.0,0.0,0.0,0.0,0.0,0.0
2022-09-12,0.0,0.0,0.0,0.0,0.0,0.0,0.0,0.0,0.0,0.0,0.0,0.0,0.0,0.0,0.0,0.46694432503114225,0.1437027551864713,0.0,0.3893529197823865,0.0,0.0,0.0,0.0,0.0,0.0
2022-09-13,0.0,0.0,0.0,0.0,0.0,0.0,0.0,0.0,0.0,0.0,0.0,0.0,0.0,0.0,0.0,0.46694432503114225,0.1437027551864713,0.0,0.3893529197823865,0.0,0.0,0.0,0.0,0.0,0.0
2022-09-14,0.0,0.0,0.0,0.0,0.0,0.0,0.0,0.0,0.0,0.0,0.0,0.0,0.0,0.0,0.0,0.46694432503114225,0.1437027551864713,0.0,0.3893529197823865,0.0,0.0,0.0,0.0,0.0,0.0
2022-09-15,0.0,0.0,0.0,0.0,0.0,0.0,0.0,0.0,0.0,0.0,0.0,0.0,0.0,0.0,0.0,0.46694432503114225,0.1437027551864713,0.0,0.3893529197823865,0.0,0.0,0.0,0.0,0.0,0.0
2022-09-16,0.0,0.0,0.0,0.0,0.0,0.0,0.0,0.0,0.0,0.0,0.0,0.0,0.0,0.0,0.0,0.46694432503114225,0.1437027551864713,0.0,0.3893529197823865,0.0,0.0,0.0,0.0,0.0,0.0
2022-09-19,0.0,0.0,0.0,0.0,0.0,0.0,0.0,0.0,0.0,0.0,0.0,0.0,0.0,0.0,0.0,0.46694432503114225,0.1437027551864713,0.0,0.3893529197823865,0.0,0.0,0.0,0.0,0.0,0.0
2022-09-20,0.0,0.0,0.0,0.0,0.0,0.0,0.0,0.0,0.0,0.0,0.0,0.0,0.0,0.0,0.0,0.46694432503114225,0.1437027551864713,0.0,0.3893529197823865,0.0,0.0,0.0,0.0,0.0,0.0
2022-09-21,0.0,0.0,0.0,0.0,0.0,0.0,0.0,0.0,0.0,0.0,0.0,0.0,0.0,0.0,0.0,0.46694432503114225,0.1437027551864713,0.0,0.3893529197823865,0.0,0.0,0.0,0.0,0.0,0.0
2022-09-22,0.0,0.0,0.0,0.0,0.0,0.0,0.0,0.0,0.0,0.0,0.0,0.0,0.0,0.0,0.0,0.46694432503114225,0.1437027551864713,0.0,0.3893529197823865,0.0,0.0,0.0,0.0,0.0,0.0
2022-09-23,0.0,0.0,0.0,0.0,0.0,0.0,0.0,0.0,0.0,0.0,0.0,0.0,0.0,0.0,0.0,0.46694432503114225,0.1437027551864713,0.0,0.3893529197823865,0.0,0.0,0.0,0.0,0.0,0.0
2022-09-26,0.0,0.0,0.0,0.0,0.0,0.0,0.0,0.0,0.0,0.0,0.0,0.0,0.0,0.0,0.0,0.46694432503114225,0.1437027551864713,0.0,0.3893529197823865,0.0,0.0,0.0,0.0,0.0,0.0
2022-09-27,0.0,0.0,0.0,0.0,0.0,0.0,0.0,0.0,0.0,0.0,0.0,0.0,0.0,0.0,0.0,0.46694432503114225,0.1437027551864713,0.0,0.3893529197823865,0.0,0.0,0.0,0.0,0.0,0.0
2022-09-28,0.0,0.0,0.0,0.0,0.0,0.0,0.0,0.0,0.0,0.0,0.0,0.0,0.0,0.0,0.0,0.46694432503114225,0.1437027551864713,0.0,0.3893529197823865,0.0,0.0,0.0,0.0,0.0,0.0
2022-09-29,0.0,0.0,0.0,0.0,0.0,0.0,0.0,0.0,0.0,0.0,0.0,0.0,0.0,0.0,0.0,0.46694432503114225,0.1437027551864713,0.0,0.3893529197823865,0.0,0.0,0.0,0.0,0.0,0.0
2022-09-30,0.0,0.0,0.0,0.0,0.0,0.0,0.0,0.0,0.0,0.0,0.0,0.0,0.0,0.0,0.0,0.46694432503114225,0.1437027551864713,0.0,0.3893529197823865,0.0,0.0,0.0,0.0,0.0,0.0
2022-10-03,0.0,0.0,0.0,0.0,0.0,0.0,0.0,0.0,0.0,0.0,0.0,0.0,0.0,0.0,0.0,0.0,0.29948145001565907,0.0,0.7005185499843409,0.0,0.0,0.0,0.0,0.0,0.0
2022-10-04,0.0,0.0,0.0,0.0,0.0,0.0,0.0,0.0,0.0,0.0,0.0,0.0,0.0,0.0,0.0,0.0,0.29948145001565907,0.0,0.7005185499843409,0.0,0.0,0.0,0.0,0.0,0.0
2022-10-05,0.0,0.0,0.0,0.0,0.0,0.0,0.0,0.0,0.0,0.0,0.0,0.0,0.0,0.0,0.0,0.0,0.29948145001565907,0.0,0.7005185499843409,0.0,0.0,0.0,0.0,0.0,0.0
2022-10-06,0.0,0.0,0.0,0.0,0.0,0.0,0.0,0.0,0.0,0.0,0.0,0.0,0.0,0.0,0.0,0.0,0.29948145001565907,0.0,0.7005185499843409,0.0,0.0,0.0,0.0,0.0,0.0
2022-10-07,0.0,0.0,0.0,0.0,0.0,0.0,0.0,0.0,0.0,0.0,0.0,0.0,0.0,0.0,0.0,0.0,0.29948145001565907,0.0,0.7005185499843409,0.0,0.0,0.0,0.0,0.0,0.0
2022-10-10,0.0,0.0,0.0,0.0,0.0,0.0,0.0,0.0,0.0,0.0,0.0,0.0,0.0,0.0,0.0,0.0,0.29948145001565907,0.0,0.7005185499843409,0.0,0.0,0.0,0.0,0.0,0.0
2022-10-11,0.0,0.0,0.0,0.0,0.0,0.0,0.0,0.0,0.0,0.0,0.0,0.0,0.0,0.0,0.0,0.0,0.29948145001565907,0.0,0.7005185499843409,0.0,0.0,0.0,0.0,0.0,0.0
2022-10-12,0.0,0.0,0.0,0.0,0.0,0.0,0.0,0.0,0.0,0.0,0.0,0.0,0.0,0.0,0.0,0.0,0.29948145001565907,0.0,0.7005185499843409,0.0,0.0,0.0,0.0,0.0,0.0
2022-10-13,0.0,0.0,0.0,0.0,0.0,0.0,0.0,0.0,0.0,0.0,0.0,0.0,0.0,0.0,0.0,0.0,0.29948145001565907,0.0,0.7005185499843409,0.0,0.0,0.0,0.0,0.0,0.0
2022-10-14,0.0,0.0,0.0,0.0,0.0,0.0,0.0,0.0,0.0,0.0,0.0,0.0,0.0,0.0,0.0,0.0,0.29948145001565907,0.0,0.7005185499843409,0.0,0.0,0.0,0.0,0.0,0.0
2022-10-17,0.0,0.0,0.0,0.0,0.0,0.0,0.0,0.0,0.0,0.0,0.0,0.0,0.0,0.0,0.0,0.0,0.29948145001565907,0.0,0.7005185499843409,0.0,0.0,0.0,0.0,0.0,0.0
2022-10-18,0.0,0.0,0.0,0.0,0.0,0.0,0.0,0.0,0.0,0.0,0.0,0.0,0.0,0.0,0.0,0.0,0.29948145001565907,0.0,0.7005185499843409,0.0,0.0,0.0,0.0,0.0,0.0
2022-10-19,0.0,0.0,0.0,0.0,0.0,0.0,0.0,0.0,0.0,0.0,0.0,0.0,0.0,0.0,0.0,0.0,0.29948145001565907,0.0,0.7005185499843409,0.0,0.0,0.0,0.0,0.0,0.0
2022-10-20,0.0,0.0,0.0,0.0,0.0,0.0,0.0,0.0,0.0,0.0,0.0,0.0,0.0,0.0,0.0,0.0,0.29948145001565907,0.0,0.7005185499843409,0.0,0.0,0.0,0.0,0.0,0.0
2022-10-21,0.0,0.0,0.0,0.0,0.0,0.0,0.0,0.0,0.0,0.0,0.0,0.0,0.0,0.0,0.0,0.0,0.29948145001565907,0.0,0.7005185499843409,0.0,0.0,0.0,0.0,0.0,0.0
2022-10-24,0.0,0.0,0.0,0.0,0.0,0.0,0.0,0.0,0.0,0.0,0.0,0.0,0.0,0.0,0.0,0.0,0.29948145001565907,0.0,0.7005185499843409,0.0,0.0,0.0,0.0,0.0,0.0
2022-10-25,0.0,0.0,0.0,0.0,0.0,0.0,0.0,0.0,0.0,0.0,0.0,0.0,0.0,0.0,0.0,0.0,0.29948145001565907,0.0,0.7005185499843409,0.0,0.0,0.0,0.0,0.0,0.0
2022-10-26,0.0,0.0,0.0,0.0,0.0,0.0,0.0,0.0,0.0,0.0,0.0,0.0,0.0,0.0,0.0,0.0,0.29948145001565907,0.0,0.7005185499843409,0.0,0.0,0.0,0.0,0.0,0.0
2022-10-27,0.0,0.0,0.0,0.0,0.0,0.0,0.0,0.0,0.0,0.0,0.0,0.0,0.0,0.0,0.0,0.0,0.29948145001565907,0.0,0.7005185499843409,0.0,0.0,0.0,0.0,0.0,0.0
2022-10-28,0.0,0.0,0.0,0.0,0.0,0.0,0.0,0.0,0.0,0.0,0.0,0.0,0.0,0.0,0.0,0.0,0.29948145001565907,0.0,0.7005185499843409,0.0,0.0,0.0,0.0,0.0,0.0
2022-10-31,0.0,0.0,0.0,0.0,0.0,0.0,0.0,0.0,0.0,0.0,0.0,0.0,0.0,0.0,0.0,0.0,0.29948145001565907,0.0,0.7005185499843409,0.0,0.0,0.0,0.0,0.0,0.0
2022-11-01,0.0,0.0,0.0,0.0,0.0,0.0,0.0,0.0,0.0,0.0,0.0,0.0,0.0,0.0,0.0,0.0,0.29948145001565907,0.0,0.7005185499843409,0.0,0.0,0.0,0.0,0.0,0.0
2022-11-02,0.0,0.0,0.0,0.0,0.0,0.0,0.0,0.0,0.0,0.0,0.0,0.0,0.0,0.0,0.0,0.0,0.29948145001565907,0.0,0.7005185499843409,0.0,0.0,0.0,0.0,0.0,0.0
2022-11-03,0.0,0.0,0.0,0.0,0.0,0.0,0.0,0.0,0.0,0.0,0.0,0.0,0.0,0.0,0.0,0.0,0.29948145001565907,0.0,0.7005185499843409,0.0,0.0,0.0,0.0,0.0,0.0
2022-11-04,0.0,0.0,0.0,0.0,0.0,0.0,0.0,0.0,0.0,0.0,0.0,0.0,0.0,0.0,0.0,0.0,0.29948145001565907,0.0,0.7005185499843409,0.0,0.0,0.0,0.0,0.0,0.0
2022-11-07,0.0,0.0,0.0,0.0,0.0,0.0,0.0,0.0,0.0,0.0,0.0,0.0,0.0,0.0,0.0,0.0,0.29948145001565907,0.0,0.7005185499843409,0.0,0.0,0.0,0.0,0.0,0.0
2022-11-08,0.0,0.0,0.0,0.0,0.0,0.0,0.0,0.0,0.0,0.0,0.0,0.0,0.0,0.0,0.0,0.0,0.29948145001565907,0.0,0.7005185499843409,0.0,0.0,0.0,0.0,0.0,0.0
2022-11-09,0.0,0.0,0.0,0.0,0.0,0.0,0.0,0.0,0.0,0.0,0.0,0.0,0.0,0.0,0.0,0.0,0.29948145001565907,0.0,0.7005185499843409,0.0,0.0,0.0,0.0,0.0,0.0
2022-11-10,0.0,0.0,0.0,0.0,0.0,0.0,0.0,0.0,0.0,0.0,0.0,0.0,0.0,0.0,0.0,0.0,0.29948145001565907,0.0,0.7005185499843409,0.0,0.0,0.0,0.0,0.0,0.0
2022-11-11,0.0,0.0,0.0,0.0,0.0,0.0,0.0,0.0,0.0,0.0,0.0,0.0,0.0,0.0,0.0,0.0,0.29948145001565907,0.0,0.7005185499843409,0.0,0.0,0.0,0.0,0.0,0.0
2022-11-14,0.0,0.0,0.0,0.0,0.0,0.0,0.0,0.0,0.0,0.0,0.0,0.0,0.0,0.0,0.0,0.0,0.29948145001565907,0.0,0.7005185499843409,0.0,0.0,0.0,0.0,0.0,0.0
2022-11-15,0.0,0.0,0.0,0.0,0.0,0.0,0.0,0.0,0.0,0.0,0.0,0.0,0.0,0.0,0.0,0.0,0.29948145001565907,0.0,0.7005185499843409,0.0,0.0,0.0,0.0,0.0,0.0
2022-11-16,0.0,0.0,0.0,0.0,0.0,0.0,0.0,0.0,0.0,0.0,0.0,0.0,0.0,0.0,0.0,0.0,0.29948145001565907,0.0,0.7005185499843409,0.0,0.0,0.0,0.0,0.0,0.0
2022-11-17,0.0,0.0,0.0,0.0,0.0,0.0,0.0,0.0,0.0,0.0,0.0,0.0,0.0,0.0,0.0,0.0,0.29948145001565907,0.0,0.7005185499843409,0.0,0.0,0.0,0.0,0.0,0.0
2022-11-18,0.0,0.0,0.0,0.0,0.0,0.0,0.0,0.0,0.0,0.0,0.0,0.0,0.0,0.0,0.0,0.0,0.29948145001565907,0.0,0.7005185499843409,0.0,0.0,0.0,0.0,0.0,0.0
2022-11-21,0.0,0.0,0.0,0.0,0.0,0.0,0.0,0.0,0.0,0.0,0.0,0.0,0.0,0.0,0.0,0.0,0.29948145001565907,0.0,0.7005185499843409,0.0,0.0,0.0,0.0,0.0,0.0
2022-11-22,0.0,0.0,0.0,0.0,0.0,0.0,0.0,0.0,0.0,0.0,0.0,0.0,0.0,0.0,0.0,0.0,0.29948145001565907,0.0,0.7005185499843409,0.0,0.0,0.0,0.0,0.0,0.0
2022-11-23,0.0,0.0,0.0,0.0,0.0,0.0,0.0,0.0,0.0,0.0,0.0,0.0,0.0,0.0,0.0,0.0,0.29948145001565907,0.0,0.7005185499843409,0.0,0.0,0.0,0.0,0.0,0.0
2022-11-24,0.0,0.0,0.0,0.0,0.0,0.0,0.0,0.0,0.0,0.0,0.0,0.0,0.0,0.0,0.0,0.0,0.29948145001565907,0.0,0.7005185499843409,0.0,0.0,0.0,0.0,0.0,0.0
2022-11-25,0.0,0.0,0.0,0.0,0.0,0.0,0.0,0.0,0.0,0.0,0.0,0.0,0.0,0.0,0.0,0.0,0.29948145001565907,0.0,0.7005185499843409,0.0,0.0,0.0,0.0,0.0,0.0
2022-11-28,0.0,0.0,0.0,0.0,0.0,0.0,0.0,0.0,0.0,0.0,0.0,0.0,0.0,0.0,0.0,0.0,0.29948145001565907,0.0,0.7005185499843409,0.0,0.0,0.0,0.0,0.0,0.0
2022-11-29,0.0,0.0,0.0,0.0,0.0,0.0,0.0,0.0,0.0,0.0,0.0,0.0,0.0,0.0,0.0,0.0,0.29948145001565907,0.0,0.7005185499843409,0.0,0.0,0.0,0.0,0.0,0.0
2022-11-30,0.0,0.0,0.0,0.0,0.0,0.0,0.0,0.0,0.0,0.0,0.0,0.0,0.0,0.0,0.0,0.0,0.29948145001565907,0.0,0.7005185499843409,0.0,0.0,0.0,0.0,0.0,0.0
2022-12-01,0.0,0.0,0.0,0.0,0.0,0.0,0.0,0.0,0.0,0.0,0.0,0.0,0.0,0.0,0.0,0.0,0.34451624083434146,0.0,0.6554837591656585,0.0,0.0,0.0,0.0,0.0,0.0
2022-12-02,0.0,0.0,0.0,0.0,0.0,0.0,0.0,0.0,0.0,0.0,0.0,0.0,0.0,0.0,0.0,0.0,0.34451624083434146,0.0,0.6554837591656585,0.0,0.0,0.0,0.0,0.0,0.0
2022-12-05,0.0,0.0,0.0,0.0,0.0,0.0,0.0,0.0,0.0,0.0,0.0,0.0,0.0,0.0,0.0,0.0,0.34451624083434146,0.0,0.6554837591656585,0.0,0.0,0.0,0.0,0.0,0.0
2022-12-06,0.0,0.0,0.0,0.0,0.0,0.0,0.0,0.0,0.0,0.0,0.0,0.0,0.0,0.0,0.0,0.0,0.34451624083434146,0.0,0.6554837591656585,0.0,0.0,0.0,0.0,0.0,0.0
2022-12-07,0.0,0.0,0.0,0.0,0.0,0.0,0.0,0.0,0.0,0.0,0.0,0.0,0.0,0.0,0.0,0.0,0.34451624083434146,0.0,0.6554837591656585,0.0,0.0,0.0,0.0,0.0,0.0
2022-12-08,0.0,0.0,0.0,0.0,0.0,0.0,0.0,0.0,0.0,0.0,0.0,0.0,0.0,0.0,0.0,0.0,0.34451624083434146,0.0,0.6554837591656585,0.0,0.0,0.0,0.0,0.0,0.0
2022-12-09,0.0,0.0,0.0,0.0,0.0,0.0,0.0,0.0,0.0,0.0,0.0,0.0,0.0,0.0,0.0,0.0,0.34451624083434146,0.0,0.6554837591656585,0.0,0.0,0.0,0.0,0.0,0.0
2022-12-12,0.0,0.0,0.0,0.0,0.0,0.0,0.0,0.0,0.0,0.0,0.0,0.0,0.0,0.0,0.0,0.0,0.34451624083434146,0.0,0.6554837591656585,0.0,0.0,0.0,0.0,0.0,0.0
2022-12-13,0.0,0.0,0.0,0.0,0.0,0.0,0.0,0.0,0.0,0.0,0.0,0.0,0.0,0.0,0.0,0.0,0.34451624083434146,0.0,0.6554837591656585,0.0,0.0,0.0,0.0,0.0,0.0
2022-12-14,0.0,0.0,0.0,0.0,0.0,0.0,0.0,0.0,0.0,0.0,0.0,0.0,0.0,0.0,0.0,0.0,0.34451624083434146,0.0,0.6554837591656585,0.0,0.0,0.0,0.0,0.0,0.0
2022-12-15,0.0,0.0,0.0,0.0,0.0,0.0,0.0,0.0,0.0,0.0,0.0,0.0,0.0,0.0,0.0,0.0,0.34451624083434146,0.0,0.6554837591656585,0.0,0.0,0.0,0.0,0.0,0.0
2022-12-16,0.0,0.0,0.0,0.0,0.0,0.0,0.0,0.0,0.0,0.0,0.0,0.0,0.0,0.0,0.0,0.0,0.34451624083434146,0.0,0.6554837591656585,0.0,0.0,0.0,0.0,0.0,0.0
2022-12-19,0.0,0.0,0.0,0.0,0.0,0.0,0.0,0.0,0.0,0.0,0.0,0.0,0.0,0.0,0.0,0.0,0.34451624083434146,0.0,0.6554837591656585,0.0,0.0,0.0,0.0,0.0,0.0
2022-12-20,0.0,0.0,0.0,0.0,0.0,0.0,0.0,0.0,0.0,0.0,0.0,0.0,0.0,0.0,0.0,0.0,0.34451624083434146,0.0,0.6554837591656585,0.0,0.0,0.0,0.0,0.0,0.0
2022-12-21,0.0,0.0,0.0,0.0,0.0,0.0,0.0,0.0,0.0,0.0,0.0,0.0,0.0,0.0,0.0,0.0,0.34451624083434146,0.0,0.6554837591656585,0.0,0.0,0.0,0.0,0.0,0.0
2022-12-22,0.0,0.0,0.0,0.0,0.0,0.0,0.0,0.0,0.0,0.0,0.0,0.0,0.0,0.0,0.0,0.0,0.34451624083434146,0.0,0.6554837591656585,0.0,0.0,0.0,0.0,0.0,0.0
2022-12-23,0.0,0.0,0.0,0.0,0.0,0.0,0.0,0.0,0.0,0.0,0.0,0.0,0.0,0.0,0.0,0.0,0.34451624083434146,0.0,0.6554837591656585,0.0,0.0,0.0,0.0,0.0,0.0
2022-12-26,0.0,0.0,0.0,0.0,0.0,0.0,0.0,0.0,0.0,0.0,0.0,0.0,0.0,0.0,0.0,0.0,0.34451624083434146,0.0,0.6554837591656585,0.0,0.0,0.0,0.0,0.0,0.0
2022-12-27,0.0,0.0,0.0,0.0,0.0,0.0,0.0,0.0,0.0,0.0,0.0,0.0,0.0,0.0,0.0,0.0,0.34451624083434146,0.0,0.6554837591656585,0.0,0.0,0.0,0.0,0.0,0.0
2022-12-28,0.0,0.0,0.0,0.0,0.0,0.0,0.0,0.0,0.0,0.0,0.0,0.0,0.0,0.0,0.0,0.0,0.34451624083434146,0.0,0.6554837591656585,0.0,0.0,0.0,0.0,0.0,0.0
2022-12-29,0.0,0.0,0.0,0.0,0.0,0.0,0.0,0.0,0.0,0.0,0.0,0.0,0.0,0.0,0.0,0.0,0.34451624083434146,0.0,0.6554837591656585,0.0,0.0,0.0,0.0,0.0,0.0
2022-12-30,0.0,0.0,0.0,0.0,0.0,0.0,0.0,0.0,0.0,0.0,0.0,0.0,0.0,0.0,0.0,0.0,0.34451624083434146,0.0,0.6554837591656585,0.0,0.0,0.0,0.0,0.0,0.0
2023-01-03,0.0,0.0,0.0,0.0,0.0,0.0,0.0,0.0,0.0,0.0,0.0,0.0,0.0,0.0,0.0,0.0,0.34451624083434146,0.0,0.6554837591656585,0.0,0.0,0.0,0.0,0.0,0.0
2023-01-04,0.0,0.0,0.0,0.0,0.0,0.0,0.0,0.0,0.0,0.0,0.0,0.0,0.0,0.0,0.0,0.0,0.34451624083434146,0.0,0.6554837591656585,0.0,0.0,0.0,0.0,0.0,0.0
2023-01-05,0.0,0.0,0.0,0.0,0.0,0.0,0.0,0.0,0.0,0.0,0.0,0.0,0.0,0.0,0.0,0.0,0.34451624083434146,0.0,0.6554837591656585,0.0,0.0,0.0,0.0,0.0,0.0
2023-01-06,0.0,0.0,0.0,0.0,0.0,0.0,0.0,0.0,0.0,0.0,0.0,0.0,0.0,0.0,0.0,0.0,0.34451624083434146,0.0,0.6554837591656585,0.0,0.0,0.0,0.0,0.0,0.0
2023-01-09,0.0,0.0,0.0,0.0,0.0,0.0,0.0,0.0,0.0,0.0,0.0,0.0,0.0,0.0,0.0,0.0,0.34451624083434146,0.0,0.6554837591656585,0.0,0.0,0.0,0.0,0.0,0.0
2023-01-10,0.0,0.0,0.0,0.0,0.0,0.0,0.0,0.0,0.0,0.0,0.0,0.0,0.0,0.0,0.0,0.0,0.34451624083434146,0.0,0.6554837591656585,0.0,0.0,0.0,0.0,0.0,0.0
2023-01-11,0.0,0.0,0.0,0.0,0.0,0.0,0.0,0.0,0.0,0.0,0.0,0.0,0.0,0.0,0.0,0.0,0.34451624083434146,0.0,0.6554837591656585,0.0,0.0,0.0,0.0,0.0,0.0
2023-01-12,0.0,0.0,0.0,0.0,0.0,0.0,0.0,0.0,0.0,0.0,0.0,0.0,0.0,0.0,0.0,0.0,0.34451624083434146,0.0,0.6554837591656585,0.0,0.0,0.0,0.0,0.0,0.0
2023-01-13,0.0,0.0,0.0,0.0,0.0,0.0,0.0,0.0,0.0,0.0,0.0,0.0,0.0,0.0,0.0,0.0,0.34451624083434146,0.0,0.6554837591656585,0.0,0.0,0.0,0.0,0.0,0.0
2023-01-16,0.0,0.0,0.0,0.0,0.0,0.0,0.0,0.0,0.0,0.0,0.0,0.0,0.0,0.0,0.0,0.0,0.34451624083434146,0.0,0.6554837591656585,0.0,0.0,0.0,0.0,0.0,0.0
2023-01-17,0.0,0.0,0.0,0.0,0.0,0.0,0.0,0.0,0.0,0.0,0.0,0.0,0.0,0.0,0.0,0.0,0.34451624083434146,0.0,0.6554837591656585,0.0,0.0,0.0,0.0,0.0,0.0
2023-01-18,0.0,0.0,0.0,0.0,0.0,0.0,0.0,0.0,0.0,0.0,0.0,0.0,0.0,0.0,0.0,0.0,0.34451624083434146,0.0,0.6554837591656585,0.0,0.0,0.0,0.0,0.0,0.0
2023-01-19,0.0,0.0,0.0,0.0,0.0,0.0,0.0,0.0,0.0,0.0,0.0,0.0,0.0,0.0,0.0,0.0,0.34451624083434146,0.0,0.6554837591656585,0.0,0.0,0.0,0.0,0.0,0.0
2023-01-20,0.0,0.0,0.0,0.0,0.0,0.0,0.0,0.0,0.0,0.0,0.0,0.0,0.0,0.0,0.0,0.0,0.34451624083434146,0.0,0.6554837591656585,0.0,0.0,0.0,0.0,0.0,0.0
2023-01-23,0.0,0.0,0.0,0.0,0.0,0.0,0.0,0.0,0.0,0.0,0.0,0.0,0.0,0.0,0.0,0.0,0.34451624083434146,0.0,0.6554837591656585,0.0,0.0,0.0,0.0,0.0,0.0
2023-01-24,0.0,0.0,0.0,0.0,0.0,0.0,0.0,0.0,0.0,0.0,0.0,0.0,0.0,0.0,0.0,0.0,0.34451624083434146,0.0,0.6554837591656585,0.0,0.0,0.0,0.0,0.0,0.0
2023-01-25,0.0,0.0,0.0,0.0,0.0,0.0,0.0,0.0,0.0,0.0,0.0,0.0,0.0,0.0,0.0,0.0,0.34451624083434146,0.0,0.6554837591656585,0.0,0.0,0.0,0.0,0.0,0.0
2023-01-26,0.0,0.0,0.0,0.0,0.0,0.0,0.0,0.0,0.0,0.0,0.0,0.0,0.0,0.0,0.0,0.0,0.34451624083434146,0.0,0.6554837591656585,0.0,0.0,0.0,0.0,0.0,0.0
2023-01-27,0.0,0.0,0.0,0.0,0.0,0.0,0.0,0.0,0.0,0.0,0.0,0.0,0.0,0.0,0.0,0.0,0.34451624083434146,0.0,0.6554837591656585,0.0,0.0,0.0,0.0,0.0,0.0
2023-01-30,0.0,0.0,0.0,0.0,0.0,0.0,0.0,0.0,0.0,0.0,0.0,0.0,0.0,0.0,0.0,0.0,0.34451624083434146,0.0,0.6554837591656585,0.0,0.0,0.0,0.0,0.0,0.0
2023-01-31,0.0,0.0,0.0,0.0,0.0,0.0,0.0,0.0,0.0,0.0,0.0,0.0,0.0,0.0,0.0,0.0,0.34451624083434146,0.0,0.6554837591656585,0.0,0.0,0.0,0.0,0.0,0.0
2023-02-01,0.0,0.0,0.0,0.0,0.0,0.0,0.0,0.0,0.0,0.0,0.0,0.0,0.0,0.0,0.0,0.0,0.0,0.0,1.0,0.0,0.0,0.0,0.0,0.0,0.0
2023-02-02,0.0,0.0,0.0,0.0,0.0,0.0,0.0,0.0,0.0,0.0,0.0,0.0,0.0,0.0,0.0,0.0,0.0,0.0,1.0,0.0,0.0,0.0,0.0,0.0,0.0
2023-02-03,0.0,0.0,0.0,0.0,0.0,0.0,0.0,0.0,0.0,0.0,0.0,0.0,0.0,0.0,0.0,0.0,0.0,0.0,1.0,0.0,0.0,0.0,0.0,0.0,0.0
2023-02-06,0.0,0.0,0.0,0.0,0.0,0.0,0.0,0.0,0.0,0.0,0.0,0.0,0.0,0.0,0.0,0.0,0.0,0.0,1.0,0.0,0.0,0.0,0.0,0.0,0.0
2023-02-07,0.0,0.0,0.0,0.0,0.0,0.0,0.0,0.0,0.0,0.0,0.0,0.0,0.0,0.0,0.0,0.0,0.0,0.0,1.0,0.0,0.0,0.0,0.0,0.0,0.0
2023-02-08,0.0,0.0,0.0,0.0,0.0,0.0,0.0,0.0,0.0,0.0,0.0,0.0,0.0,0.0,0.0,0.0,0.0,0.0,1.0,0.0,0.0,0.0,0.0,0.0,0.0
2023-02-09,0.0,0.0,0.0,0.0,0.0,0.0,0.0,0.0,0.0,0.0,0.0,0.0,0.0,0.0,0.0,0.0,0.0,0.0,1.0,0.0,0.0,0.0,0.0,0.0,0.0
2023-02-10,0.0,0.0,0.0,0.0,0.0,0.0,0.0,0.0,0.0,0.0,0.0,0.0,0.0,0.0,0.0,0.0,0.0,0.0,1.0,0.0,0.0,0.0,0.0,0.0,0.0
2023-02-13,0.0,0.0,0.0,0.0,0.0,0.0,0.0,0.0,0.0,0.0,0.0,0.0,0.0,0.0,0.0,0.0,0.0,0.0,1.0,0.0,0.0,0.0,0.0,0.0,0.0
2023-02-14,0.0,0.0,0.0,0.0,0.0,0.0,0.0,0.0,0.0,0.0,0.0,0.0,0.0,0.0,0.0,0.0,0.0,0.0,1.0,0.0,0.0,0.0,0.0,0.0,0.0
2023-02-15,0.0,0.0,0.0,0.0,0.0,0.0,0.0,0.0,0.0,0.0,0.0,0.0,0.0,0.0,0.0,0.0,0.0,0.0,1.0,0.0,0.0,0.0,0.0,0.0,0.0
2023-02-16,0.0,0.0,0.0,0.0,0.0,0.0,0.0,0.0,0.0,0.0,0.0,0.0,0.0,0.0,0.0,0.0,0.0,0.0,1.0,0.0,0.0,0.0,0.0,0.0,0.0
2023-02-17,0.0,0.0,0.0,0.0,0.0,0.0,0.0,0.0,0.0,0.0,0.0,0.0,0.0,0.0,0.0,0.0,0.0,0.0,1.0,0.0,0.0,0.0,0.0,0.0,0.0
2023-02-20,0.0,0.0,0.0,0.0,0.0,0.0,0.0,0.0,0.0,0.0,0.0,0.0,0.0,0.0,0.0,0.0,0.0,0.0,1.0,0.0,0.0,0.0,0.0,0.0,0.0
2023-02-21,0.0,0.0,0.0,0.0,0.0,0.0,0.0,0.0,0.0,0.0,0.0,0.0,0.0,0.0,0.0,0.0,0.0,0.0,1.0,0.0,0.0,0.0,0.0,0.0,0.0
2023-02-22,0.0,0.0,0.0,0.0,0.0,0.0,0.0,0.0,0.0,0.0,0.0,0.0,0.0,0.0,0.0,0.0,0.0,0.0,1.0,0.0,0.0,0.0,0.0,0.0,0.0
2023-02-23,0.0,0.0,0.0,0.0,0.0,0.0,0.0,0.0,0.0,0.0,0.0,0.0,0.0,0.0,0.0,0.0,0.0,0.0,1.0,0.0,0.0,0.0,0.0,0.0,0.0
2023-02-24,0.0,0.0,0.0,0.0,0.0,0.0,0.0,0.0,0.0,0.0,0.0,0.0,0.0,0.0,0.0,0.0,0.0,0.0,1.0,0.0,0.0,0.0,0.0,0.0,0.0
2023-02-27,0.0,0.0,0.0,0.0,0.0,0.0,0.0,0.0,0.0,0.0,0.0,0.0,0.0,0.0,0.0,0.0,0.0,0.0,1.0,0.0,0.0,0.0,0.0,0.0,0.0
2023-02-28,0.0,0.0,0.0,0.0,0.0,0.0,0.0,0.0,0.0,0.0,0.0,0.0,0.0,0.0,0.0,0.0,0.0,0.0,1.0,0.0,0.0,0.0,0.0,0.0,0.0
2023-03-01,0.0,0.0,0.0,0.0,0.0,0.0,0.0,0.0,0.0,0.0,0.0,0.0,0.0,0.0,0.0,0.0,0.0,0.0,1.0,0.0,0.0,0.0,0.0,0.0,0.0
2023-03-02,0.0,0.0,0.0,0.0,0.0,0.0,0.0,0.0,0.0,0.0,0.0,0.0,0.0,0.0,0.0,0.0,0.0,0.0,1.0,0.0,0.0,0.0,0.0,0.0,0.0
2023-03-03,0.0,0.0,0.0,0.0,0.0,0.0,0.0,0.0,0.0,0.0,0.0,0.0,0.0,0.0,0.0,0.0,0.0,0.0,1.0,0.0,0.0,0.0,0.0,0.0,0.0
2023-03-06,0.0,0.0,0.0,0.0,0.0,0.0,0.0,0.0,0.0,0.0,0.0,0.0,0.0,0.0,0.0,0.0,0.0,0.0,1.0,0.0,0.0,0.0,0.0,0.0,0.0
2023-03-07,0.0,0.0,0.0,0.0,0.0,0.0,0.0,0.0,0.0,0.0,0.0,0.0,0.0,0.0,0.0,0.0,0.0,0.0,1.0,0.0,0.0,0.0,0.0,0.0,0.0
2023-03-08,0.0,0.0,0.0,0.0,0.0,0.0,0.0,0.0,0.0,0.0,0.0,0.0,0.0,0.0,0.0,0.0,0.0,0.0,1.0,0.0,0.0,0.0,0.0,0.0,0.0
2023-03-09,0.0,0.0,0.0,0.0,0.0,0.0,0.0,0.0,0.0,0.0,0.0,0.0,0.0,0.0,0.0,0.0,0.0,0.0,1.0,0.0,0.0,0.0,0.0,0.0,0.0
2023-03-10,0.0,0.0,0.0,0.0,0.0,0.0,0.0,0.0,0.0,0.0,0.0,0.0,0.0,0.0,0.0,0.0,0.0,0.0,1.0,0.0,0.0,0.0,0.0,0.0,0.0
2023-03-13,0.0,0.0,0.0,0.0,0.0,0.0,0.0,0.0,0.0,0.0,0.0,0.0,0.0,0.0,0.0,0.0,0.0,0.0,1.0,0.0,0.0,0.0,0.0,0.0,0.0
2023-03-14,0.0,0.0,0.0,0.0,0.0,0.0,0.0,0.0,0.0,0.0,0.0,0.0,0.0,0.0,0.0,0.0,0.0,0.0,1.0,0.0,0.0,0.0,0.0,0.0,0.0
2023-03-15,0.0,0.0,0.0,0.0,0.0,0.0,0.0,0.0,0.0,0.0,0.0,0.0,0.0,0.0,0.0,0.0,0.0,0.0,1.0,0.0,0.0,0.0,0.0,0.0,0.0
2023-03-16,0.0,0.0,0.0,0.0,0.0,0.0,0.0,0.0,0.0,0.0,0.0,0.0,0.0,0.0,0.0,0.0,0.0,0.0,1.0,0.0,0.0,0.0,0.0,0.0,0.0
2023-03-17,0.0,0.0,0.0,0.0,0.0,0.0,0.0,0.0,0.0,0.0,0.0,0.0,0.0,0.0,0.0,0.0,0.0,0.0,1.0,0.0,0.0,0.0,0.0,0.0,0.0
2023-03-20,0.0,0.0,0.0,0.0,0.0,0.0,0.0,0.0,0.0,0.0,0.0,0.0,0.0,0.0,0.0,0.0,0.0,0.0,1.0,0.0,0.0,0.0,0.0,0.0,0.0
2023-03-21,0.0,0.0,0.0,0.0,0.0,0.0,0.0,0.0,0.0,0.0,0.0,0.0,0.0,0.0,0.0,0.0,0.0,0.0,1.0,0.0,0.0,0.0,0.0,0.0,0.0
2023-03-22,0.0,0.0,0.0,0.0,0.0,0.0,0.0,0.0,0.0,0.0,0.0,0.0,0.0,0.0,0.0,0.0,0.0,0.0,1.0,0.0,0.0,0.0,0.0,0.0,0.0
2023-03-23,0.0,0.0,0.0,0.0,0.0,0.0,0.0,0.0,0.0,0.0,0.0,0.0,0.0,0.0,0.0,0.0,0.0,0.0,1.0,0.0,0.0,0.0,0.0,0.0,0.0
2023-03-24,0.0,0.0,0.0,0.0,0.0,0.0,0.0,0.0,0.0,0.0,0.0,0.0,0.0,0.0,0.0,0.0,0.0,0.0,1.0,0.0,0.0,0.0,0.0,0.0,0.0
2023-03-27,0.0,0.0,0.0,0.0,0.0,0.0,0.0,0.0,0.0,0.0,0.0,0.0,0.0,0.0,0.0,0.0,0.0,0.0,1.0,0.0,0.0,0.0,0.0,0.0,0.0
2023-03-28,0.0,0.0,0.0,0.0,0.0,0.0,0.0,0.0,0.0,0.0,0.0,0.0,0.0,0.0,0.0,0.0,0.0,0.0,1.0,0.0,0.0,0.0,0.0,0.0,0.0
2023-03-29,0.0,0.0,0.0,0.0,0.0,0.0,0.0,0.0,0.0,0.0,0.0,0.0,0.0,0.0,0.0,0.0,0.0,0.0,1.0,0.0,0.0,0.0,0.0,0.0,0.0
2023-03-30,0.0,0.0,0.0,0.0,0.0,0.0,0.0,0.0,0.0,0.0,0.0,0.0,0.0,0.0,0.0,0.0,0.0,0.0,1.0,0.0,0.0,0.0,0.0,0.0,0.0
2023-03-31,0.0,0.0,0.0,0.0,0.0,0.0,0.0,0.0,0.0,0.0,0.0,0.0,0.0,0.0,0.0,0.0,0.0,0.0,1.0,0.0,0.0,0.0,0.0,0.0,0.0
2023-04-03,0.07072005736816112,0.07305701674674946,0.0763158703339458,0.09077084177612764,0.08677047727748824,0.06677484959613518,0.07464657562890245,0.12223239829453335,0.0,0.15356572355138787,0.0,0.0,0.0,0.0,0.0,0.10347279357989342,0.0,0.040426455309342454,0.0,0.04124694053733303,0.0,0.0,0.0,0.0,0.0
2023-04-04,0.07072005736816112,0.07305701674674946,0.0763158703339458,0.09077084177612764,0.08677047727748824,0.06677484959613518,0.07464657562890245,0.12223239829453335,0.0,0.15356572355138787,0.0,0.0,0.0,0.0,0.0,0.10347279357989342,0.0,0.040426455309342454,0.0,0.04124694053733303,0.0,0.0,0.0,0.0,0.0
2023-04-05,0.07072005736816112,0.07305701674674946,0.0763158703339458,0.09077084177612764,0.08677047727748824,0.06677484959613518,0.07464657562890245,0.12223239829453335,0.0,0.15356572355138787,0.0,0.0,0.0,0.0,0.0,0.10347279357989342,0.0,0.040426455309342454,0.0,0.04124694053733303,0.0,0.0,0.0,0.0,0.0
2023-04-06,0.07072005736816112,0.07305701674674946,0.0763158703339458,0.09077084177612764,0.08677047727748824,0.06677484959613518,0.07464657562890245,0.12223239829453335,0.0,0.15356572355138787,0.0,0.0,0.0,0.0,0.0,0.10347279357989342,0.0,0.040426455309342454,0.0,0.04124694053733303,0.0,0.0,0.0,0.0,0.0
2023-04-07,0.07072005736816112,0.07305701674674946,0.0763158703339458,0.09077084177612764,0.08677047727748824,0.06677484959613518,0.07464657562890245,0.12223239829453335,0.0,0.15356572355138787,0.0,0.0,0.0,0.0,0.0,0.10347279357989342,0.0,0.040426455309342454,0.0,0.04124694053733303,0.0,0.0,0.0,0.0,0.0
2023-04-10,0.07072005736816112,0.07305701674674946,0.0763158703339458,0.09077084177612764,0.08677047727748824,0.06677484959613518,0.07464657562890245,0.12223239829453335,0.0,0.15356572355138787,0.0,0.0,0.0,0.0,0.0,0.10347279357989342,0.0,0.040426455309342454,0.0,0.04124694053733303,0.0,0.0,0.0,0.0,0.0
2023-04-11,0.07072005736816112,0.07305701674674946,0.0763158703339458,0.09077084177612764,0.08677047727748824,0.06677484959613518,0.07464657562890245,0.12223239829453335,0.0,0.15356572355138787,0.0,0.0,0.0,0.0,0.0,0.10347279357989342,0.0,0.040426455309342454,0.0,0.04124694053733303,0.0,0.0,0.0,0.0,0.0
2023-04-12,0.07072005736816112,0.07305701674674946,0.0763158703339458,0.09077084177612764,0.08677047727748824,0.06677484959613518,0.07464657562890245,0.12223239829453335,0.0,0.15356572355138787,0.0,0.0,0.0,0.0,0.0,0.10347279357989342,0.0,0.040426455309342454,0.0,0.04124694053733303,0.0,0.0,0.0,0.0,0.0
2023-04-13,0.07072005736816112,0.07305701674674946,0.0763158703339458,0.09077084177612764,0.08677047727748824,0.06677484959613518,0.07464657562890245,0.12223239829453335,0.0,0.15356572355138787,0.0,0.0,0.0,0.0,0.0,0.10347279357989342,0.0,0.040426455309342454,0.0,0.04124694053733303,0.0,0.0,0.0,0.0,0.0
2023-04-14,0.07072005736816112,0.07305701674674946,0.0763158703339458,0.09077084177612764,0.08677047727748824,0.06677484959613518,0.07464657562890245,0.12223239829453335,0.0,0.15356572355138787,0.0,0.0,0.0,0.0,0.0,0.10347279357989342,0.0,0.040426455309342454,0.0,0.04124694053733303,0.0,0.0,0.0,0.0,0.0
2023-04-17,0.07072005736816112,0.07305701674674946,0.0763158703339458,0.09077084177612764,0.08677047727748824,0.06677484959613518,0.07464657562890245,0.12223239829453335,0.0,0.15356572355138787,0.0,0.0,0.0,0.0,0.0,0.10347279357989342,0.0,0.040426455309342454,0.0,0.04124694053733303,0.0,0.0,0.0,0.0,0.0
2023-04-18,0.07072005736816112,0.07305701674674946,0.0763158703339458,0.09077084177612764,0.08677047727748824,0.06677484959613518,0.07464657562890245,0.12223239829453335,0.0,0.15356572355138787,0.0,0.0,0.0,0.0,0.0,0.10347279357989342,0.0,0.040426455309342454,0.0,0.04124694053733303,0.0,0.0,0.0,0.0,0.0
2023-04-19,0.07072005736816112,0.07305701674674946,0.0763158703339458,0.09077084177612764,0.08677047727748824,0.06677484959613518,0.07464657562890245,0.12223239829453335,0.0,0.15356572355138787,0.0,0.0,0.0,0.0,0.0,0.10347279357989342,0.0,0.040426455309342454,0.0,0.04124694053733303,0.0,0.0,0.0,0.0,0.0
2023-04-20,0.07072005736816112,0.07305701674674946,0.0763158703339458,0.09077084177612764,0.08677047727748824,0.06677484959613518,0.07464657562890245,0.12223239829453335,0.0,0.15356572355138787,0.0,0.0,0.0,0.0,0.0,0.10347279357989342,0.0,0.040426455309342454,0.0,0.04124694053733303,0.0,0.0,0.0,0.0,0.0
2023-04-21,0.07072005736816112,0.07305701674674946,0.0763158703339458,0.09077084177612764,0.08677047727748824,0.06677484959613518,0.07464657562890245,0.12223239829453335,0.0,0.15356572355138787,0.0,0.0,0.0,0.0,0.0,0.10347279357989342,0.0,0.040426455309342454,0.0,0.04124694053733303,0.0,0.0,0.0,0.0,0.0
2023-04-24,0.07072005736816112,0.07305701674674946,0.0763158703339458,0.09077084177612764,0.08677047727748824,0.06677484959613518,0.07464657562890245,0.12223239829453335,0.0,0.15356572355138787,0.0,0.0,0.0,0.0,0.0,0.10347279357989342,0.0,0.040426455309342454,0.0,0.04124694053733303,0.0,0.0,0.0,0.0,0.0
2023-04-25,0.07072005736816112,0.07305701674674946,0.0763158703339458,0.09077084177612764,0.08677047727748824,0.06677484959613518,0.07464657562890245,0.12223239829453335,0.0,0.15356572355138787,0.0,0.0,0.0,0.0,0.0,0.10347279357989342,0.0,0.040426455309342454,0.0,0.04124694053733303,0.0,0.0,0.0,0.0,0.0
2023-04-26,0.07072005736816112,0.07305701674674946,0.0763158703339458,0.09077084177612764,0.08677047727748824,0.06677484959613518,0.07464657562890245,0.12223239829453335,0.0,0.15356572355138787,0.0,0.0,0.0,0.0,0.0,0.10347279357989342,0.0,0.040426455309342454,0.0,0.04124694053733303,0.0,0.0,0.0,0.0,0.0
2023-04-27,0.07072005736816112,0.07305701674674946,0.0763158703339458,0.09077084177612764,0.08677047727748824,0.06677484959613518,0.07464657562890245,0.12223239829453335,0.0,0.15356572355138787,0.0,0.0,0.0,0.0,0.0,0.10347279357989342,0.0,0.040426455309342454,0.0,0.04124694053733303,0.0,0.0,0.0,0.0,0.0
2023-04-28,0.07072005736816112,0.07305701674674946,0.0763158703339458,0.09077084177612764,0.08677047727748824,0.06677484959613518,0.07464657562890245,0.12223239829453335,0.0,0.15356572355138787,0.0,0.0,0.0,0.0,0.0,0.10347279357989342,0.0,0.040426455309342454,0.0,0.04124694053733303,0.0,0.0,0.0,0.0,0.0
2023-05-01,0.07072005736816112,0.07305701674674946,0.0763158703339458,0.09077084177612764,0.08677047727748824,0.06677484959613518,0.07464657562890245,0.12223239829453335,0.0,0.15356572355138787,0.0,0.0,0.0,0.0,0.0,0.10347279357989342,0.0,0.040426455309342454,0.0,0.04124694053733303,0.0,0.0,0.0,0.0,0.0
2023-05-02,0.07072005736816112,0.07305701674674946,0.0763158703339458,0.09077084177612764,0.08677047727748824,0.06677484959613518,0.07464657562890245,0.12223239829453335,0.0,0.15356572355138787,0.0,0.0,0.0,0.0,0.0,0.10347279357989342,0.0,0.040426455309342454,0.0,0.04124694053733303,0.0,0.0,0.0,0.0,0.0
2023-05-03,0.07072005736816112,0.07305701674674946,0.0763158703339458,0.09077084177612764,0.08677047727748824,0.06677484959613518,0.07464657562890245,0.12223239829453335,0.0,0.15356572355138787,0.0,0.0,0.0,0.0,0.0,0.10347279357989342,0.0,0.040426455309342454,0.0,0.04124694053733303,0.0,0.0,0.0,0.0,0.0
2023-05-04,0.07072005736816112,0.07305701674674946,0.0763158703339458,0.09077084177612764,0.08677047727748824,0.06677484959613518,0.07464657562890245,0.12223239829453335,0.0,0.15356572355138787,0.0,0.0,0.0,0.0,0.0,0.10347279357989342,0.0,0.040426455309342454,0.0,0.04124694053733303,0.0,0.0,0.0,0.0,0.0
2023-05-05,0.07072005736816112,0.07305701674674946,0.0763158703339458,0.09077084177612764,0.08677047727748824,0.06677484959613518,0.07464657562890245,0.12223239829453335,0.0,0.15356572355138787,0.0,0.0,0.0,0.0,0.0,0.10347279357989342,0.0,0.040426455309342454,0.0,0.04124694053733303,0.0,0.0,0.0,0.0,0.0
2023-05-08,0.07072005736816112,0.07305701674674946,0.0763158703339458,0.09077084177612764,0.08677047727748824,0.06677484959613518,0.07464657562890245,0.12223239829453335,0.0,0.15356572355138787,0.0,0.0,0.0,0.0,0.0,0.10347279357989342,0.0,0.040426455309342454,0.0,0.04124694053733303,0.0,0.0,0.0,0.0,0.0
2023-05-09,0.07072005736816112,0.07305701674674946,0.0763158703339458,0.09077084177612764,0.08677047727748824,0.06677484959613518,0.07464657562890245,0.12223239829453335,0.0,0.15356572355138787,0.0,0.0,0.0,0.0,0.0,0.10347279357989342,0.0,0.040426455309342454,0.0,0.04124694053733303,0.0,0.0,0.0,0.0,0.0
2023-05-10,0.07072005736816112,0.07305701674674946,0.0763158703339458,0.09077084177612764,0.08677047727748824,0.06677484959613518,0.07464657562890245,0.12223239829453335,0.0,0.15356572355138787,0.0,0.0,0.0,0.0,0.0,0.10347279357989342,0.0,0.040426455309342454,0.0,0.04124694053733303,0.0,0.0,0.0,0.0,0.0
2023-05-11,0.07072005736816112,0.07305701674674946,0.0763158703339458,0.09077084177612764,0.08677047727748824,0.06677484959613518,0.07464657562890245,0.12223239829453335,0.0,0.15356572355138787,0.0,0.0,0.0,0.0,0.0,0.10347279357989342,0.0,0.040426455309342454,0.0,0.04124694053733303,0.0,0.0,0.0,0.0,0.0
2023-05-12,0.07072005736816112,0.07305701674674946,0.0763158703339458,0.09077084177612764,0.08677047727748824,0.06677484959613518,0.07464657562890245,0.12223239829453335,0.0,0.15356572355138787,0.0,0.0,0.0,0.0,0.0,0.10347279357989342,0.0,0.040426455309342454,0.0,0.04124694053733303,0.0,0.0,0.0,0.0,0.0
2023-05-15,0.07072005736816112,0.07305701674674946,0.0763158703339458,0.09077084177612764,0.08677047727748824,0.06677484959613518,0.07464657562890245,0.12223239829453335,0.0,0.15356572355138787,0.0,0.0,0.0,0.0,0.0,0.10347279357989342,0.0,0.040426455309342454,0.0,0.04124694053733303,0.0,0.0,0.0,0.0,0.0
2023-05-16,0.07072005736816112,0.07305701674674946,0.0763158703339458,0.09077084177612764,0.08677047727748824,0.06677484959613518,0.07464657562890245,0.12223239829453335,0.0,0.15356572355138787,0.0,0.0,0.0,0.0,0.0,0.10347279357989342,0.0,0.040426455309342454,0.0,0.04124694053733303,0.0,0.0,0.0,0.0,0.0
2023-05-17,0.07072005736816112,0.07305701674674946,0.0763158703339458,0.09077084177612764,0.08677047727748824,0.06677484959613518,0.07464657562890245,0.12223239829453335,0.0,0.15356572355138787,0.0,0.0,0.0,0.0,0.0,0.10347279357989342,0.0,0.040426455309342454,0.0,0.04124694053733303,0.0,0.0,0.0,0.0,0.0
2023-05-18,0.07072005736816112,0.07305701674674946,0.0763158703339458,0.09077084177612764,0.08677047727748824,0.06677484959613518,0.07464657562890245,0.12223239829453335,0.0,0.15356572355138787,0.0,0.0,0.0,0.0,0.0,0.10347279357989342,0.0,0.040426455309342454,0.0,0.04124694053733303,0.0,0.0,0.0,0.0,0.0
2023-05-19,0.07072005736816112,0.07305701674674946,0.0763158703339458,0.09077084177612764,0.08677047727748824,0.06677484959613518,0.07464657562890245,0.12223239829453335,0.0,0.15356572355138787,0.0,0.0,0.0,0.0,0.0,0.10347279357989342,0.0,0.040426455309342454,0.0,0.04124694053733303,0.0,0.0,0.0,0.0,0.0
2023-05-22,0.07072005736816112,0.07305701674674946,0.0763158703339458,0.09077084177612764,0.08677047727748824,0.06677484959613518,0.07464657562890245,0.12223239829453335,0.0,0.15356572355138787,0.0,0.0,0.0,0.0,0.0,0.10347279357989342,0.0,0.040426455309342454,0.0,0.04124694053733303,0.0,0.0,0.0,0.0,0.0
2023-05-23,0.07072005736816112,0.07305701674674946,0.0763158703339458,0.09077084177612764,0.08677047727748824,0.06677484959613518,0.07464657562890245,0.12223239829453335,0.0,0.15356572355138787,0.0,0.0,0.0,0.0,0.0,0.10347279357989342,0.0,0.040426455309342454,0.0,0.04124694053733303,0.0,0.0,0.0,0.0,0.0
2023-05-24,0.07072005736816112,0.07305701674674946,0.0763158703339458,0.09077084177612764,0.08677047727748824,0.06677484959613518,0.07464657562890245,0.12223239829453335,0.0,0.15356572355138787,0.0,0.0,0.0,0.0,0.0,0.10347279357989342,0.0,0.040426455309342454,0.0,0.04124694053733303,0.0,0.0,0.0,0.0,0.0
2023-05-25,0.07072005736816112,0.07305701674674946,0.0763158703339458,0.09077084177612764,0.08677047727748824,0.06677484959613518,0.07464657562890245,0.12223239829453335,0.0,0.15356572355138787,0.0,0.0,0.0,0.0,0.0,0.10347279357989342,0.0,0.040426455309342454,0.0,0.04124694053733303,0.0,0.0,0.0,0.0,0.0
2023-05-26,0.07072005736816112,0.07305701674674946,0.0763158703339458,0.09077084177612764,0.08677047727748824,0.06677484959613518,0.07464657562890245,0.12223239829453335,0.0,0.15356572355138787,0.0,0.0,0.0,0.0,0.0,0.10347279357989342,0.0,0.040426455309342454,0.0,0.04124694053733303,0.0,0.0,0.0,0.0,0.0
2023-05-29,0.07072005736816112,0.07305701674674946,0.0763158703339458,0.09077084177612764,0.08677047727748824,0.06677484959613518,0.07464657562890245,0.12223239829453335,0.0,0.15356572355138787,0.0,0.0,0.0,0.0,0.0,0.10347279357989342,0.0,0.040426455309342454,0.0,0.04124694053733303,0.0,0.0,0.0,0.0,0.0
2023-05-30,0.07072005736816112,0.07305701674674946,0.0763158703339458,0.09077084177612764,0.08677047727748824,0.06677484959613518,0.07464657562890245,0.12223239829453335,0.0,0.15356572355138787,0.0,0.0,0.0,0.0,0.0,0.10347279357989342,0.0,0.040426455309342454,0.0,0.04124694053733303,0.0,0.0,0.0,0.0,0.0
2023-05-31,0.07072005736816112,0.07305701674674946,0.0763158703339458,0.09077084177612764,0.08677047727748824,0.06677484959613518,0.07464657562890245,0.12223239829453335,0.0,0.15356572355138787,0.0,0.0,0.0,0.0,0.0,0.10347279357989342,0.0,0.040426455309342454,0.0,0.04124694053733303,0.0,0.0,0.0,0.0,0.0
2023-06-01,0.030541460907339696,0.031977200624193396,0.03299751157369658,0.0407395963842755,0.0387410995542114,0.028173685967600594,0.032361793327362116,0.05453738995409382,0.08059611434801701,0.06864523161303858,0.041630339328867436,0.0276558839272808,0.019041279620517614,0.0,0.03229916799026378,0.039432489855757195,0.0,0.01796147287416521,0.0,0.01831924860403128,0.028829289399308962,0.05438072823653326,0.17364133142809213,0.05144243467328311,0.0560552498080706
2023-06-02,0.030541460907339696,0.031977200624193396,0.03299751157369658,0.0407395963842755,0.0387410995542114,0.028173685967600594,0.032361793327362116,0.05453738995409382,0.08059611434801701,0.06864523161303858,0.041630339328867436,0.0276558839272808,0.019041279620517614,0.0,0.03229916799026378,0.039432489855757195,0.0,0.01796147287416521,0.0,0.01831924860403128,0.028829289399308962,0.05438072823653326,0.17364133142809213,0.05144243467328311,0.0560552498080706
2023-06-05,0.030541460907339696,0.031977200624193396,0.03299751157369658,0.0407395963842755,0.0387410995542114,0.028173685967600594,0.032361793327362116,0.05453738995409382,0.08059611434801701,0.06864523161303858,0.041630339328867436,0.0276558839272808,0.019041279620517614,0.0,0.03229916799026378,0.039432489855757195,0.0,0.01796147287416521,0.0,0.01831924860403128,0.028829289399308962,0.05438072823653326,0.17364133142809213,0.05144243467328311,0.0560552498080706
2023-06-06,0.030541460907339696,0.031977200624193396,0.03299751157369658,0.0407395963842755,0.0387410995542114,0.028173685967600594,0.032361793327362116,0.05453738995409382,0.08059611434801701,0.06864523161303858,0.041630339328867436,0.0276558839272808,0.019041279620517614,0.0,0.03229916799026378,0.039432489855757195,0.0,0.01796147287416521,0.0,0.01831924860403128,0.028829289399308962,0.05438072823653326,0.17364133142809213,0.05144243467328311,0.0560552498080706
2023-06-07,0.030541460907339696,0.031977200624193396,0.03299751157369658,0.0407395963842755,0.0387410995542114,0.028173685967600594,0.032361793327362116,0.05453738995409382,0.08059611434801701,0.06864523161303858,0.041630339328867436,0.0276558839272808,0.019041279620517614,0.0,0.03229916799026378,0.039432489855757195,0.0,0.01796147287416521,0.0,0.01831924860403128,0.028829289399308962,0.05438072823653326,0.17364133142809213,0.05144243467328311,0.0560552498080706
2023-06-08,0.030541460907339696,0.031977200624193396,0.03299751157369658,0.0407395963842755,0.0387410995542114,0.028173685967600594,0.032361793327362116,0.05453738995409382,0.08059611434801701,0.06864523161303858,0.041630339328867436,0.0276558839272808,0.019041279620517614,0.0,0.03229916799026378,0.039432489855757195,0.0,0.01796147287416521,0.0,0.01831924860403128,0.028829289399308962,0.05438072823653326,0.17364133142809213,0.05144243467328311,0.0560552498080706
2023-06-09,0.030541460907339696,0.031977200624193396,0.03299751157369658,0.0407395963842755,0.0387410995542114,0.028173685967600594,0.032361793327362116,0.05453738995409382,0.08059611434801701,0.06864523161303858,0.041630339328867436,0.0276558839272808,0.019041279620517614,0.0,0.03229916799026378,0.039432489855757195,0.0,0.01796147287416521,0.0,0.01831924860403128,0.028829289399308962,0.05438072823653326,0.17364133142809213,0.05144243467328311,0.0560552498080706
2023-06-12,0.030541460907339696,0.031977200624193396,0.03299751157369658,0.0407395963842755,0.0387410995542114,0.028173685967600594,0.032361793327362116,0.05453738995409382,0.08059611434801701,0.06864523161303858,0.041630339328867436,0.0276558839272808,0.019041279620517614,0.0,0.03229916799026378,0.039432489855757195,0.0,0.01796147287416521,0.0,0.01831924860403128,0.028829289399308962,0.05438072823653326,0.17364133142809213,0.05144243467328311,0.0560552498080706
2023-06-13,0.030541460907339696,0.031977200624193396,0.03299751157369658,0.0407395963842755,0.0387410995542114,0.028173685967600594,0.032361793327362116,0.05453738995409382,0.08059611434801701,0.06864523161303858,0.041630339328867436,0.0276558839272808,0.019041279620517614,0.0,0.03229916799026378,0.039432489855757195,0.0,0.01796147287416521,0.0,0.01831924860403128,0.028829289399308962,0.05438072823653326,0.17364133142809213,0.05144243467328311,0.0560552498080706
2023-06-14,0.030541460907339696,0.031977200624193396,0.03299751157369658,0.0407395963842755,0.0387410995542114,0.028173685967600594,0.032361793327362116,0.05453738995409382,0.08059611434801701,0.06864523161303858,0.041630339328867436,0.0276558839272808,0.019041279620517614,0.0,0.03229916799026378,0.039432489855757195,0.0,0.01796147287416521,0.0,0.01831924860403128,0.028829289399308962,0.05438072823653326,0.17364133142809213,0.05144243467328311,0.0560552498080706
2023-06-15,0.030541460907339696,0.031977200624193396,0.03299751157369658,0.0407395963842755,0.0387410995542114,0.028173685967600594,0.032361793327362116,0.05453738995409382,0.08059611434801701,0.06864523161303858,0.041630339328867436,0.0276558839272808,0.019041279620517614,0.0,0.03229916799026378,0.039432489855757195,0.0,0.01796147287416521,0.0,0.01831924860403128,0.028829289399308962,0.05438072823653326,0.17364133142809213,0.05144243467328311,0.0560552498080706
2023-06-16,0.030541460907339696,0.031977200624193396,0.03299751157369658,0.0407395963842755,0.0387410995542114,0.028173685967600594,0.032361793327362116,0.05453738995409382,0.08059611434801701,0.06864523161303858,0.041630339328867436,0.0276558839272808,0.019041279620517614,0.0,0.03229916799026378,0.039432489855757195,0.0,0.01796147287416521,0.0,0.01831924860403128,0.028829289399308962,0.05438072823653326,0.17364133142809213,0.05144243467328311,0.0560552498080706
2023-06-19,0.030541460907339696,0.031977200624193396,0.03299751157369658,0.0407395963842755,0.0387410995542114,0.028173685967600594,0.032361793327362116,0.05453738995409382,0.08059611434801701,0.06864523161303858,0.041630339328867436,0.0276558839272808,0.019041279620517614,0.0,0.03229916799026378,0.039432489855757195,0.0,0.01796147287416521,0.0,0.01831924860403128,0.028829289399308962,0.05438072823653326,0.17364133142809213,0.05144243467328311,0.0560552498080706
2023-06-20,0.030541460907339696,0.031977200624193396,0.03299751157369658,0.0407395963842755,0.0387410995542114,0.028173685967600594,0.032361793327362116,0.05453738995409382,0.08059611434801701,0.06864523161303858,0.041630339328867436,0.0276558839272808,0.019041279620517614,0.0,0.03229916799026378,0.039432489855757195,0.0,0.01796147287416521,0.0,0.01831924860403128,0.028829289399308962,0.05438072823653326,0.17364133142809213,0.05144243467328311,0.0560552498080706
2023-06-21,0.030541460907339696,0.031977200624193396,0.03299751157369658,0.0407395963842755,0.0387410995542114,0.028173685967600594,0.032361793327362116,0.05453738995409382,0.08059611434801701,0.06864523161303858,0.041630339328867436,0.0276558839272808,0.019041279620517614,0.0,0.03229916799026378,0.039432489855757195,0.0,0.01796147287416521,0.0,0.01831924860403128,0.028829289399308962,0.05438072823653326,0.17364133142809213,0.05144243467328311,0.0560552498080706
2023-06-22,0.030541460907339696,0.031977200624193396,0.03299751157369658,0.0407395963842755,0.0387410995542114,0.028173685967600594,0.032361793327362116,0.05453738995409382,0.08059611434801701,0.06864523161303858,0.041630339328867436,0.0276558839272808,0.019041279620517614,0.0,0.03229916799026378,0.039432489855757195,0.0,0.01796147287416521,0.0,0.01831924860403128,0.028829289399308962,0.05438072823653326,0.17364133142809213,0.05144243467328311,0.0560552498080706
2023-06-23,0.030541460907339696,0.031977200624193396,0.03299751157369658,0.0407395963842755,0.0387410995542114,0.028173685967600594,0.032361793327362116,0.05453738995409382,0.08059611434801701,0.06864523161303858,0.041630339328867436,0.0276558839272808,0.019041279620517614,0.0,0.03229916799026378,0.039432489855757195,0.0,0.01796147287416521,0.0,0.01831924860403128,0.028829289399308962,0.05438072823653326,0.17364133142809213,0.05144243467328311,0.0560552498080706
2023-06-26,0.030541460907339696,0.031977200624193396,0.03299751157369658,0.0407395963842755,0.0387410995542114,0.028173685967600594,0.032361793327362116,0.05453738995409382,0.08059611434801701,0.06864523161303858,0.041630339328867436,0.0276558839272808,0.019041279620517614,0.0,0.03229916799026378,0.039432489855757195,0.0,0.01796147287416521,0.0,0.01831924860403128,0.028829289399308962,0.05438072823653326,0.17364133142809213,0.05144243467328311,0.0560552498080706
2023-06-27,0.030541460907339696,0.031977200624193396,0.03299751157369658,0.0407395963842755,0.0387410995542114,0.028173685967600594,0.032361793327362116,0.05453738995409382,0.08059611434801701,0.06864523161303858,0.041630339328867436,0.0276558839272808,0.019041279620517614,0.0,0.03229916799026378,0.039432489855757195,0.0,0.01796147287416521,0.0,0.01831924860403128,0.028829289399308962,0.05438072823653326,0.17364133142809213,0.05144243467328311,0.0560552498080706
2023-06-28,0.030541460907339696,0.031977200624193396,0.03299751157369658,0.0407395963842755,0.0387410995542114,0.028173685967600594,0.032361793327362116,0.05453738995409382,0.08059611434801701,0.06864523161303858,0.041630339328867436,0.0276558839272808,0.019041279620517614,0.0,0.03229916799026378,0.039432489855757195,0.0,0.01796147287416521,0.0,0.01831924860403128,0.028829289399308962,0.05438072823653326,0.17364133142809213,0.05144243467328311,0.0560552498080706
2023-06-29,0.030541460907339696,0.031977200624193396,0.03299751157369658,0.0407395963842755,0.0387410995542114,0.028173685967600594,0.032361793327362116,0.05453738995409382,0.08059611434801701,0.06864523161303858,0.041630339328867436,0.0276558839272808,0.019041279620517614,0.0,0.03229916799026378,0.039432489855757195,0.0,0.01796147287416521,0.0,0.01831924860403128,0.028829289399308962,0.05438072823653326,0.17364133142809213,0.05144243467328311,0.0560552498080706
2023-06-30,0.030541460907339696,0.031977200624193396,0.03299751157369658,0.0407395963842755,0.0387410995542114,0.028173685967600594,0.032361793327362116,0.05453738995409382,0.08059611434801701,0.06864523161303858,0.041630339328867436,0.0276558839272808,0.019041279620517614,0.0,0.03229916799026378,0.039432489855757195,0.0,0.01796147287416521,0.0,0.01831924860403128,0.028829289399308962,0.05438072823653326,0.17364133142809213,0.05144243467328311,0.0560552498080706
2023-07-03,0.030541460907339696,0.031977200624193396,0.03299751157369658,0.0407395963842755,0.0387410995542114,0.028173685967600594,0.032361793327362116,0.05453738995409382,0.08059611434801701,0.06864523161303858,0.041630339328867436,0.0276558839272808,0.019041279620517614,0.0,0.03229916799026378,0.039432489855757195,0.0,0.01796147287416521,0.0,0.01831924860403128,0.028829289399308962,0.05438072823653326,0.17364133142809213,0.05144243467328311,0.0560552498080706
2023-07-04,0.030541460907339696,0.031977200624193396,0.03299751157369658,0.0407395963842755,0.0387410995542114,0.028173685967600594,0.032361793327362116,0.05453738995409382,0.08059611434801701,0.06864523161303858,0.041630339328867436,0.0276558839272808,0.019041279620517614,0.0,0.03229916799026378,0.039432489855757195,0.0,0.01796147287416521,0.0,0.01831924860403128,0.028829289399308962,0.05438072823653326,0.17364133142809213,0.05144243467328311,0.0560552498080706
2023-07-05,0.030541460907339696,0.031977200624193396,0.03299751157369658,0.0407395963842755,0.0387410995542114,0.028173685967600594,0.032361793327362116,0.05453738995409382,0.08059611434801701,0.06864523161303858,0.041630339328867436,0.0276558839272808,0.019041279620517614,0.0,0.03229916799026378,0.039432489855757195,0.0,0.01796147287416521,0.0,0.01831924860403128,0.028829289399308962,0.05438072823653326,0.17364133142809213,0.05144243467328311,0.0560552498080706
2023-07-06,0.030541460907339696,0.031977200624193396,0.03299751157369658,0.0407395963842755,0.0387410995542114,0.028173685967600594,0.032361793327362116,0.05453738995409382,0.08059611434801701,0.06864523161303858,0.041630339328867436,0.0276558839272808,0.019041279620517614,0.0,0.03229916799026378,0.039432489855757195,0.0,0.01796147287416521,0.0,0.01831924860403128,0.028829289399308962,0.05438072823653326,0.17364133142809213,0.05144243467328311,0.0560552498080706
2023-07-07,0.030541460907339696,0.031977200624193396,0.03299751157369658,0.0407395963842755,0.0387410995542114,0.028173685967600594,0.032361793327362116,0.05453738995409382,0.08059611434801701,0.06864523161303858,0.041630339328867436,0.0276558839272808,0.019041279620517614,0.0,0.03229916799026378,0.039432489855757195,0.0,0.01796147287416521,0.0,0.01831924860403128,0.028829289399308962,0.05438072823653326,0.17364133142809213,0.05144243467328311,0.0560552498080706
2023-07-10,0.030541460907339696,0.031977200624193396,0.03299751157369658,0.0407395963842755,0.0387410995542114,0.028173685967600594,0.032361793327362116,0.05453738995409382,0.08059611434801701,0.06864523161303858,0.041630339328867436,0.0276558839272808,0.019041279620517614,0.0,0.03229916799026378,0.039432489855757195,0.0,0.01796147287416521,0.0,0.01831924860403128,0.028829289399308962,0.05438072823653326,0.17364133142809213,0.05144243467328311,0.0560552498080706
2023-07-11,0.030541460907339696,0.031977200624193396,0.03299751157369658,0.0407395963842755,0.0387410995542114,0.028173685967600594,0.032361793327362116,0.05453738995409382,0.08059611434801701,0.06864523161303858,0.041630339328867436,0.0276558839272808,0.019041279620517614,0.0,0.03229916799026378,0.039432489855757195,0.0,0.01796147287416521,0.0,0.01831924860403128,0.028829289399308962,0.05438072823653326,0.17364133142809213,0.05144243467328311,0.0560552498080706
2023-07-12,0.030541460907339696,0.031977200624193396,0.03299751157369658,0.0407395963842755,0.0387410995542114,0.028173685967600594,0.032361793327362116,0.05453738995409382,0.08059611434801701,0.06864523161303858,0.041630339328867436,0.0276558839272808,0.019041279620517614,0.0,0.03229916799026378,0.039432489855757195,0.0,0.01796147287416521,0.0,0.01831924860403128,0.028829289399308962,0.05438072823653326,0.17364133142809213,0.05144243467328311,0.0560552498080706
2023-07-13,0.030541460907339696,0.031977200624193396,0.03299751157369658,0.0407395963842755,0.0387410995542114,0.028173685967600594,0.032361793327362116,0.05453738995409382,0.08059611434801701,0.06864523161303858,0.041630339328867436,0.0276558839272808,0.019041279620517614,0.0,0.03229916799026378,0.039432489855757195,0.0,0.01796147287416521,0.0,0.01831924860403128,0.028829289399308962,0.05438072823653326,0.17364133142809213,0.05144243467328311,0.0560552498080706
2023-07-14,0.030541460907339696,0.031977200624193396,0.03299751157369658,0.0407395963842755,0.0387410995542114,0.028173685967600594,0.032361793327362116,0.05453738995409382,0.08059611434801701,0.06864523161303858,0.041630339328867436,0.0276558839272808,0.019041279620517614,0.0,0.03229916799026378,0.039432489855757195,0.0,0.01796147287416521,0.0,0.01831924860403128,0.028829289399308962,0.05438072823653326,0.17364133142809213,0.05144243467328311,0.0560552498080706
2023-07-17,0.030541460907339696,0.031977200624193396,0.03299751157369658,0.0407395963842755,0.0387410995542114,0.028173685967600594,0.032361793327362116,0.05453738995409382,0.08059611434801701,0.06864523161303858,0.041630339328867436,0.0276558839272808,0.019041279620517614,0.0,0.03229916799026378,0.039432489855757195,0.0,0.01796147287416521,0.0,0.01831924860403128,0.028829289399308962,0.05438072823653326,0.17364133142809213,0.05144243467328311,0.0560552498080706
2023-07-18,0.030541460907339696,0.031977200624193396,0.03299751157369658,0.0407395963842755,0.0387410995542114,0.028173685967600594,0.032361793327362116,0.05453738995409382,0.08059611434801701,0.06864523161303858,0.041630339328867436,0.0276558839272808,0.019041279620517614,0.0,0.03229916799026378,0.039432489855757195,0.0,0.01796147287416521,0.0,0.01831924860403128,0.028829289399308962,0.05438072823653326,0.17364133142809213,0.05144243467328311,0.0560552498080706
2023-07-19,0.030541460907339696,0.031977200624193396,0.03299751157369658,0.0407395963842755,0.0387410995542114,0.028173685967600594,0.032361793327362116,0.05453738995409382,0.08059611434801701,0.06864523161303858,0.041630339328867436,0.0276558839272808,0.019041279620517614,0.0,0.03229916799026378,0.039432489855757195,0.0,0.01796147287416521,0.0,0.01831924860403128,0.028829289399308962,0.05438072823653326,0.17364133142809213,0.05144243467328311,0.0560552498080706
2023-07-20,0.030541460907339696,0.031977200624193396,0.03299751157369658,0.0407395963842755,0.0387410995542114,0.028173685967600594,0.032361793327362116,0.05453738995409382,0.08059611434801701,0.06864523161303858,0.041630339328867436,0.0276558839272808,0.019041279620517614,0.0,0.03229916799026378,0.039432489855757195,0.0,0.01796147287416521,0.0,0.01831924860403128,0.028829289399308962,0.05438072823653326,0.17364133142809213,0.05144243467328311,0.0560552498080706
2023-07-21,0.030541460907339696,0.031977200624193396,0.03299751157369658,0.0407395963842755,0.0387410995542114,0.028173685967600594,0.032361793327362116,0.05453738995409382,0.08059611434801701,0.06864523161303858,0.041630339328867436,0.0276558839272808,0.019041279620517614,0.0,0.03229916799026378,0.039432489855757195,0.0,0.01796147287416521,0.0,0.01831924860403128,0.028829289399308962,0.05438072823653326,0.17364133142809213,0.05144243467328311,0.0560552498080706
2023-07-24,0.030541460907339696,0.031977200624193396,0.03299751157369658,0.0407395963842755,0.0387410995542114,0.028173685967600594,0.032361793327362116,0.05453738995409382,0.08059611434801701,0.06864523161303858,0.041630339328867436,0.0276558839272808,0.019041279620517614,0.0,0.03229916799026378,0.039432489855757195,0.0,0.01796147287416521,0.0,0.01831924860403128,0.028829289399308962,0.05438072823653326,0.17364133142809213,0.05144243467328311,0.0560552498080706
2023-07-25,0.030541460907339696,0.031977200624193396,0.03299751157369658,0.0407395963842755,0.0387410995542114,0.028173685967600594,0.032361793327362116,0.05453738995409382,0.08059611434801701,0.06864523161303858,0.041630339328867436,0.0276558839272808,0.019041279620517614,0.0,0.03229916799026378,0.039432489855757195,0.0,0.01796147287416521,0.0,0.01831924860403128,0.028829289399308962,0.05438072823653326,0.17364133142809213,0.05144243467328311,0.0560552498080706
2023-07-26,0.030541460907339696,0.031977200624193396,0.03299751157369658,0.0407395963842755,0.0387410995542114,0.028173685967600594,0.032361793327362116,0.05453738995409382,0.08059611434801701,0.06864523161303858,0.041630339328867436,0.0276558839272808,0.019041279620517614,0.0,0.03229916799026378,0.039432489855757195,0.0,0.01796147287416521,0.0,0.01831924860403128,0.028829289399308962,0.05438072823653326,0.17364133142809213,0.05144243467328311,0.0560552498080706
2023-07-27,0.030541460907339696,0.031977200624193396,0.03299751157369658,0.0407395963842755,0.0387410995542114,0.028173685967600594,0.032361793327362116,0.05453738995409382,0.08059611434801701,0.06864523161303858,0.041630339328867436,0.0276558839272808,0.019041279620517614,0.0,0.03229916799026378,0.039432489855757195,0.0,0.01796147287416521,0.0,0.01831924860403128,0.028829289399308962,0.05438072823653326,0.17364133142809213,0.05144243467328311,0.0560552498080706
2023-07-28,0.030541460907339696,0.031977200624193396,0.03299751157369658,0.0407395963842755,0.0387410995542114,0.028173685967600594,0.032361793327362116,0.05453738995409382,0.08059611434801701,0.06864523161303858,0.041630339328867436,0.0276558839272808,0.019041279620517614,0.0,0.03229916799026378,0.039432489855757195,0.0,0.01796147287416521,0.0,0.01831924860403128,0.028829289399308962,0.05438072823653326,0.17364133142809213,0.05144243467328311,0.0560552498080706
2023-07-31,0.030541460907339696,0.031977200624193396,0.03299751157369658,0.0407395963842755,0.0387410995542114,0.028173685967600594,0.032361793327362116,0.05453738995409382,0.08059611434801701,0.06864523161303858,0.041630339328867436,0.0276558839272808,0.019041279620517614,0.0,0.03229916799026378,0.039432489855757195,0.0,0.01796147287416521,0.0,0.01831924860403128,0.028829289399308962,0.05438072823653326,0.17364133142809213,0.05144243467328311,0.0560552498080706
2023-08-01,0.03954288539814511,0.04187374145630459,0.04120580205079113,0.051132362937616874,0.048807544301729865,0.034211110972286914,0.03838460001658977,0.047143992330708054,0.06999399752858779,0.06826925472912587,0.05249912278918745,0.035435604143080356,0.021777005324831317,0.0,0.0,0.045515274644817694,0.0,0.02233863496510919,0.0,0.02250823039284893,0.0,0.0,0.18208708446248864,0.06335338291700011,0.07392036863875043
2023-08-02,0.03954288539814511,0.04187374145630459,0.04120580205079113,0.051132362937616874,0.048807544301729865,0.034211110972286914,0.03838460001658977,0.047143992330708054,0.06999399752858779,0.06826925472912587,0.05249912278918745,0.035435604143080356,0.021777005324831317,0.0,0.0,0.045515274644817694,0.0,0.02233863496510919,0.0,0.02250823039284893,0.0,0.0,0.18208708446248864,0.06335338291700011,0.07392036863875043
2023-08-03,0.03954288539814511,0.04187374145630459,0.04120580205079113,0.051132362937616874,0.048807544301729865,0.034211110972286914,0.03838460001658977,0.047143992330708054,0.06999399752858779,0.06826925472912587,0.05249912278918745,0.035435604143080356,0.021777005324831317,0.0,0.0,0.045515274644817694,0.0,0.02233863496510919,0.0,0.02250823039284893,0.0,0.0,0.18208708446248864,0.06335338291700011,0.07392036863875043
2023-08-04,0.03954288539814511,0.04187374145630459,0.04120580205079113,0.051132362937616874,0.048807544301729865,0.034211110972286914,0.03838460001658977,0.047143992330708054,0.06999399752858779,0.06826925472912587,0.05249912278918745,0.035435604143080356,0.021777005324831317,0.0,0.0,0.045515274644817694,0.0,0.02233863496510919,0.0,0.02250823039284893,0.0,0.0,0.18208708446248864,0.06335338291700011,0.07392036863875043
2023-08-07,0.03954288539814511,0.04187374145630459,0.04120580205079113,0.051132362937616874,0.048807544301729865,0.034211110972286914,0.03838460001658977,0.047143992330708054,0.06999399752858779,0.06826925472912587,0.05249912278918745,0.035435604143080356,0.021777005324831317,0.0,0.0,0.045515274644817694,0.0,0.02233863496510919,0.0,0.02250823039284893,0.0,0.0,0.18208708446248864,0.06335338291700011,0.07392036863875043
2023-08-08,0.03954288539814511,0.04187374145630459,0.04120580205079113,0.051132362937616874,0.048807544301729865,0.034211110972286914,0.03838460001658977,0.047143992330708054,0.06999399752858779,0.06826925472912587,0.05249912278918745,0.035435604143080356,0.021777005324831317,0.0,0.0,0.045515274644817694,0.0,0.02233863496510919,0.0,0.02250823039284893,0.0,0.0,0.18208708446248864,0.06335338291700011,0.07392036863875043
2023-08-09,0.03954288539814511,0.04187374145630459,0.04120580205079113,0.051132362937616874,0.048807544301729865,0.034211110972286914,0.03838460001658977,0.047143992330708054,0.06999399752858779,0.06826925472912587,0.05249912278918745,0.035435604143080356,0.021777005324831317,0.0,0.0,0.045515274644817694,0.0,0.02233863496510919,0.0,0.02250823039284893,0.0,0.0,0.18208708446248864,0.06335338291700011,0.07392036863875043
2023-08-10,0.03954288539814511,0.04187374145630459,0.04120580205079113,0.051132362937616874,0.048807544301729865,0.034211110972286914,0.03838460001658977,0.047143992330708054,0.06999399752858779,0.06826925472912587,0.05249912278918745,0.035435604143080356,0.021777005324831317,0.0,0.0,0.045515274644817694,0.0,0.02233863496510919,0.0,0.02250823039284893,0.0,0.0,0.18208708446248864,0.06335338291700011,0.07392036863875043
2023-08-11,0.03954288539814511,0.04187374145630459,0.04120580205079113,0.051132362937616874,0.048807544301729865,0.034211110972286914,0.03838460001658977,0.047143992330708054,0.06999399752858779,0.06826925472912587,0.05249912278918745,0.035435604143080356,0.021777005324831317,0.0,0.0,0.045515274644817694,0.0,0.02233863496510919,0.0,0.02250823039284893,0.0,0.0,0.18208708446248864,0.06335338291700011,0.07392036863875043
2023-08-14,0.03954288539814511,0.04187374145630459,0.04120580205079113,0.051132362937616874,0.048807544301729865,0.034211110972286914,0.03838460001658977,0.047143992330708054,0.06999399752858779,0.06826925472912587,0.05249912278918745,0.035435604143080356,0.021777005324831317,0.0,0.0,0.045515274644817694,0.0,0.02233863496510919,0.0,0.02250823039284893,0.0,0.0,0.18208708446248864,0.06335338291700011,0.07392036863875043
2023-08-15,0.03954288539814511,0.04187374145630459,0.04120580205079113,0.051132362937616874,0.048807544301729865,0.034211110972286914,0.03838460001658977,0.047143992330708054,0.06999399752858779,0.06826925472912587,0.05249912278918745,0.035435604143080356,0.021777005324831317,0.0,0.0,0.045515274644817694,0.0,0.02233863496510919,0.0,0.02250823039284893,0.0,0.0,0.18208708446248864,0.06335338291700011,0.07392036863875043
2023-08-16,0.03954288539814511,0.04187374145630459,0.04120580205079113,0.051132362937616874,0.048807544301729865,0.034211110972286914,0.03838460001658977,0.047143992330708054,0.06999399752858779,0.06826925472912587,0.05249912278918745,0.035435604143080356,0.021777005324831317,0.0,0.0,0.045515274644817694,0.0,0.02233863496510919,0.0,0.02250823039284893,0.0,0.0,0.18208708446248864,0.06335338291700011,0.07392036863875043
2023-08-17,0.03954288539814511,0.04187374145630459,0.04120580205079113,0.051132362937616874,0.048807544301729865,0.034211110972286914,0.03838460001658977,0.047143992330708054,0.06999399752858779,0.06826925472912587,0.05249912278918745,0.035435604143080356,0.021777005324831317,0.0,0.0,0.045515274644817694,0.0,0.02233863496510919,0.0,0.02250823039284893,0.0,0.0,0.18208708446248864,0.06335338291700011,0.07392036863875043
2023-08-18,0.03954288539814511,0.04187374145630459,0.04120580205079113,0.051132362937616874,0.048807544301729865,0.034211110972286914,0.03838460001658977,0.047143992330708054,0.06999399752858779,0.06826925472912587,0.05249912278918745,0.035435604143080356,0.021777005324831317,0.0,0.0,0.045515274644817694,0.0,0.02233863496510919,0.0,0.02250823039284893,0.0,0.0,0.18208708446248864,0.06335338291700011,0.07392036863875043
2023-08-21,0.03954288539814511,0.04187374145630459,0.04120580205079113,0.051132362937616874,0.048807544301729865,0.034211110972286914,0.03838460001658977,0.047143992330708054,0.06999399752858779,0.06826925472912587,0.05249912278918745,0.035435604143080356,0.021777005324831317,0.0,0.0,0.045515274644817694,0.0,0.02233863496510919,0.0,0.02250823039284893,0.0,0.0,0.18208708446248864,0.06335338291700011,0.07392036863875043
2023-08-22,0.03954288539814511,0.04187374145630459,0.04120580205079113,0.051132362937616874,0.048807544301729865,0.034211110972286914,0.03838460001658977,0.047143992330708054,0.06999399752858779,0.06826925472912587,0.05249912278918745,0.035435604143080356,0.021777005324831317,0.0,0.0,0.045515274644817694,0.0,0.02233863496510919,0.0,0.02250823039284893,0.0,0.0,0.18208708446248864,0.06335338291700011,0.07392036863875043
2023-08-23,0.03954288539814511,0.04187374145630459,0.04120580205079113,0.051132362937616874,0.048807544301729865,0.034211110972286914,0.03838460001658977,0.047143992330708054,0.06999399752858779,0.06826925472912587,0.05249912278918745,0.035435604143080356,0.021777005324831317,0.0,0.0,0.045515274644817694,0.0,0.02233863496510919,0.0,0.02250823039284893,0.0,0.0,0.18208708446248864,0.06335338291700011,0.07392036863875043
2023-08-24,0.03954288539814511,0.04187374145630459,0.04120580205079113,0.051132362937616874,0.048807544301729865,0.034211110972286914,0.03838460001658977,0.047143992330708054,0.06999399752858779,0.06826925472912587,0.05249912278918745,0.035435604143080356,0.021777005324831317,0.0,0.0,0.045515274644817694,0.0,0.02233863496510919,0.0,0.02250823039284893,0.0,0.0,0.18208708446248864,0.06335338291700011,0.07392036863875043
2023-08-25,0.03954288539814511,0.04187374145630459,0.04120580205079113,0.051132362937616874,0.048807544301729865,0.034211110972286914,0.03838460001658977,0.047143992330708054,0.06999399752858779,0.06826925472912587,0.05249912278918745,0.035435604143080356,0.021777005324831317,0.0,0.0,0.045515274644817694,0.0,0.02233863496510919,0.0,0.02250823039284893,0.0,0.0,0.18208708446248864,0.06335338291700011,0.07392036863875043
2023-08-28,0.03954288539814511,0.04187374145630459,0.04120580205079113,0.051132362937616874,0.048807544301729865,0.034211110972286914,0.03838460001658977,0.047143992330708054,0.06999399752858779,0.06826925472912587,0.05249912278918745,0.035435604143080356,0.021777005324831317,0.0,0.0,0.045515274644817694,0.0,0.02233863496510919,0.0,0.02250823039284893,0.0,0.0,0.18208708446248864,0.06335338291700011,0.07392036863875043
2023-08-29,0.03954288539814511,0.04187374145630459,0.04120580205079113,0.051132362937616874,0.048807544301729865,0.034211110972286914,0.03838460001658977,0.047143992330708054,0.06999399752858779,0.06826925472912587,0.05249912278918745,0.035435604143080356,0.021777005324831317,0.0,0.0,0.045515274644817694,0.0,0.02233863496510919,0.0,0.02250823039284893,0.0,0.0,0.18208708446248864,0.06335338291700011,0.07392036863875043
2023-08-30,0.03954288539814511,0.04187374145630459,0.04120580205079113,0.051132362937616874,0.048807544301729865,0.034211110972286914,0.03838460001658977,0.047143992330708054,0.06999399752858779,0.06826925472912587,0.05249912278918745,0.035435604143080356,0.021777005324831317,0.0,0.0,0.045515274644817694,0.0,0.02233863496510919,0.0,0.02250823039284893,0.0,0.0,0.18208708446248864,0.06335338291700011,0.07392036863875043
2023-08-31,0.03954288539814511,0.04187374145630459,0.04120580205079113,0.051132362937616874,0.048807544301729865,0.034211110972286914,0.03838460001658977,0.047143992330708054,0.06999399752858779,0.06826925472912587,0.05249912278918745,0.035435604143080356,0.021777005324831317,0.0,0.0,0.045515274644817694,0.0,0.02233863496510919,0.0,0.02250823039284893,0.0,0.0,0.18208708446248864,0.06335338291700011,0.07392036863875043
2023-09-01,0.03954288539814511,0.04187374145630459,0.04120580205079113,0.051132362937616874,0.048807544301729865,0.034211110972286914,0.03838460001658977,0.047143992330708054,0.06999399752858779,0.06826925472912587,0.05249912278918745,0.035435604143080356,0.021777005324831317,0.0,0.0,0.045515274644817694,0.0,0.02233863496510919,0.0,0.02250823039284893,0.0,0.0,0.18208708446248864,0.06335338291700011,0.07392036863875043
2023-09-04,0.03954288539814511,0.04187374145630459,0.04120580205079113,0.051132362937616874,0.048807544301729865,0.034211110972286914,0.03838460001658977,0.047143992330708054,0.06999399752858779,0.06826925472912587,0.05249912278918745,0.035435604143080356,0.021777005324831317,0.0,0.0,0.045515274644817694,0.0,0.02233863496510919,0.0,0.02250823039284893,0.0,0.0,0.18208708446248864,0.06335338291700011,0.07392036863875043
2023-09-05,0.03954288539814511,0.04187374145630459,0.04120580205079113,0.051132362937616874,0.048807544301729865,0.034211110972286914,0.03838460001658977,0.047143992330708054,0.06999399752858779,0.06826925472912587,0.05249912278918745,0.035435604143080356,0.021777005324831317,0.0,0.0,0.045515274644817694,0.0,0.02233863496510919,0.0,0.02250823039284893,0.0,0.0,0.18208708446248864,0.06335338291700011,0.07392036863875043
2023-09-06,0.03954288539814511,0.04187374145630459,0.04120580205079113,0.051132362937616874,0.048807544301729865,0.034211110972286914,0.03838460001658977,0.047143992330708054,0.06999399752858779,0.06826925472912587,0.05249912278918745,0.035435604143080356,0.021777005324831317,0.0,0.0,0.045515274644817694,0.0,0.02233863496510919,0.0,0.02250823039284893,0.0,0.0,0.18208708446248864,0.06335338291700011,0.07392036863875043
2023-09-07,0.03954288539814511,0.04187374145630459,0.04120580205079113,0.051132362937616874,0.048807544301729865,0.034211110972286914,0.03838460001658977,0.047143992330708054,0.06999399752858779,0.06826925472912587,0.05249912278918745,0.035435604143080356,0.021777005324831317,0.0,0.0,0.045515274644817694,0.0,0.02233863496510919,0.0,0.02250823039284893,0.0,0.0,0.18208708446248864,0.06335338291700011,0.07392036863875043
2023-09-08,0.03954288539814511,0.04187374145630459,0.04120580205079113,0.051132362937616874,0.048807544301729865,0.034211110972286914,0.03838460001658977,0.047143992330708054,0.06999399752858779,0.06826925472912587,0.05249912278918745,0.035435604143080356,0.021777005324831317,0.0,0.0,0.045515274644817694,0.0,0.02233863496510919,0.0,0.02250823039284893,0.0,0.0,0.18208708446248864,0.06335338291700011,0.07392036863875043
2023-09-11,0.03954288539814511,0.04187374145630459,0.04120580205079113,0.051132362937616874,0.048807544301729865,0.034211110972286914,0.03838460001658977,0.047143992330708054,0.06999399752858779,0.06826925472912587,0.05249912278918745,0.035435604143080356,0.021777005324831317,0.0,0.0,0.045515274644817694,0.0,0.02233863496510919,0.0,0.02250823039284893,0.0,0.0,0.18208708446248864,0.06335338291700011,0.07392036863875043
2023-09-12,0.03954288539814511,0.04187374145630459,0.04120580205079113,0.051132362937616874,0.048807544301729865,0.034211110972286914,0.03838460001658977,0.047143992330708054,0.06999399752858779,0.06826925472912587,0.05249912278918745,0.035435604143080356,0.021777005324831317,0.0,0.0,0.045515274644817694,0.0,0.02233863496510919,0.0,0.02250823039284893,0.0,0.0,0.18208708446248864,0.06335338291700011,0.07392036863875043
2023-09-13,0.03954288539814511,0.04187374145630459,0.04120580205079113,0.051132362937616874,0.048807544301729865,0.034211110972286914,0.03838460001658977,0.047143992330708054,0.06999399752858779,0.06826925472912587,0.05249912278918745,0.035435604143080356,0.021777005324831317,0.0,0.0,0.045515274644817694,0.0,0.02233863496510919,0.0,0.02250823039284893,0.0,0.0,0.18208708446248864,0.06335338291700011,0.07392036863875043
2023-09-14,0.03954288539814511,0.04187374145630459,0.04120580205079113,0.051132362937616874,0.048807544301729865,0.034211110972286914,0.03838460001658977,0.047143992330708054,0.06999399752858779,0.06826925472912587,0.05249912278918745,0.035435604143080356,0.021777005324831317,0.0,0.0,0.045515274644817694,0.0,0.02233863496510919,0.0,0.02250823039284893,0.0,0.0,0.18208708446248864,0.06335338291700011,0.07392036863875043
2023-09-15,0.03954288539814511,0.04187374145630459,0.04120580205079113,0.051132362937616874,0.048807544301729865,0.034211110972286914,0.03838460001658977,0.047143992330708054,0.06999399752858779,0.06826925472912587,0.05249912278918745,0.035435604143080356,0.021777005324831317,0.0,0.0,0.045515274644817694,0.0,0.02233863496510919,0.0,0.02250823039284893,0.0,0.0,0.18208708446248864,0.06335338291700011,0.07392036863875043
2023-09-18,0.03954288539814511,0.04187374145630459,0.04120580205079113,0.051132362937616874,0.048807544301729865,0.034211110972286914,0.03838460001658977,0.047143992330708054,0.06999399752858779,0.06826925472912587,0.05249912278918745,0.035435604143080356,0.021777005324831317,0.0,0.0,0.045515274644817694,0.0,0.02233863496510919,0.0,0.02250823039284893,0.0,0.0,0.18208708446248864,0.06335338291700011,0.07392036863875043
2023-09-19,0.03954288539814511,0.04187374145630459,0.04120580205079113,0.051132362937616874,0.048807544301729865,0.034211110972286914,0.03838460001658977,0.047143992330708054,0.06999399752858779,0.06826925472912587,0.05249912278918745,0.035435604143080356,0.021777005324831317,0.0,0.0,0.045515274644817694,0.0,0.02233863496510919,0.0,0.02250823039284893,0.0,0.0,0.18208708446248864,0.06335338291700011,0.07392036863875043
2023-09-20,0.03954288539814511,0.04187374145630459,0.04120580205079113,0.051132362937616874,0.048807544301729865,0.034211110972286914,0.03838460001658977,0.047143992330708054,0.06999399752858779,0.06826925472912587,0.05249912278918745,0.035435604143080356,0.021777005324831317,0.0,0.0,0.045515274644817694,0.0,0.02233863496510919,0.0,0.02250823039284893,0.0,0.0,0.18208708446248864,0.06335338291700011,0.07392036863875043
2023-09-21,0.03954288539814511,0.04187374145630459,0.04120580205079113,0.051132362937616874,0.048807544301729865,0.034211110972286914,0.03838460001658977,0.047143992330708054,0.06999399752858779,0.06826925472912587,0.05249912278918745,0.035435604143080356,0.021777005324831317,0.0,0.0,0.045515274644817694,0.0,0.02233863496510919,0.0,0.02250823039284893,0.0,0.0,0.18208708446248864,0.06335338291700011,0.07392036863875043
2023-09-22,0.03954288539814511,0.04187374145630459,0.04120580205079113,0.051132362937616874,0.048807544301729865,0.034211110972286914,0.03838460001658977,0.047143992330708054,0.06999399752858779,0.06826925472912587,0.05249912278918745,0.035435604143080356,0.021777005324831317,0.0,0.0,0.045515274644817694,0.0,0.02233863496510919,0.0,0.02250823039284893,0.0,0.0,0.18208708446248864,0.06335338291700011,0.07392036863875043
2023-09-25,0.03954288539814511,0.04187374145630459,0.04120580205079113,0.051132362937616874,0.048807544301729865,0.034211110972286914,0.03838460001658977,0.047143992330708054,0.06999399752858779,0.06826925472912587,0.05249912278918745,0.035435604143080356,0.021777005324831317,0.0,0.0,0.045515274644817694,0.0,0.02233863496510919,0.0,0.02250823039284893,0.0,0.0,0.18208708446248864,0.06335338291700011,0.07392036863875043
2023-09-26,0.03954288539814511,0.04187374145630459,0.04120580205079113,0.051132362937616874,0.048807544301729865,0.034211110972286914,0.03838460001658977,0.047143992330708054,0.06999399752858779,0.06826925472912587,0.05249912278918745,0.035435604143080356,0.021777005324831317,0.0,0.0,0.045515274644817694,0.0,0.02233863496510919,0.0,0.02250823039284893,0.0,0.0,0.18208708446248864,0.06335338291700011,0.07392036863875043
2023-09-27,0.03954288539814511,0.04187374145630459,0.04120580205079113,0.051132362937616874,0.048807544301729865,0.034211110972286914,0.03838460001658977,0.047143992330708054,0.06999399752858779,0.06826925472912587,0.05249912278918745,0.035435604143080356,0.021777005324831317,0.0,0.0,0.045515274644817694,0.0,0.02233863496510919,0.0,0.02250823039284893,0.0,0.0,0.18208708446248864,0.06335338291700011,0.07392036863875043
2023-09-28,0.03954288539814511,0.04187374145630459,0.04120580205079113,0.051132362937616874,0.048807544301729865,0.034211110972286914,0.03838460001658977,0.047143992330708054,0.06999399752858779,0.06826925472912587,0.05249912278918745,0.035435604143080356,0.021777005324831317,0.0,0.0,0.045515274644817694,0.0,0.02233863496510919,0.0,0.02250823039284893,0.0,0.0,0.18208708446248864,0.06335338291700011,0.07392036863875043
2023-09-29,0.03954288539814511,0.04187374145630459,0.04120580205079113,0.051132362937616874,0.048807544301729865,0.034211110972286914,0.03838460001658977,0.047143992330708054,0.06999399752858779,0.06826925472912587,0.05249912278918745,0.035435604143080356,0.021777005324831317,0.0,0.0,0.045515274644817694,0.0,0.02233863496510919,0.0,0.02250823039284893,0.0,0.0,0.18208708446248864,0.06335338291700011,0.07392036863875043
2023-10-02,0.046488761349363195,0.05024289640918256,0.043662294192879925,0.051392518784489694,0.05216094833047519,0.03671689039349218,0.03961759415534725,0.039588572936086,0.05823139431941494,0.0602392424078476,0.05330093716916434,0.038362035627993625,0.026105042210850735,0.0,0.0,0.05162368088187625,0.01961646636888946,0.02369523962153767,0.0,0.023430921460763973,0.0,0.0,0.1946397127691042,0.0,0.09088485061124135
2023-10-03,0.046488761349363195,0.05024289640918256,0.043662294192879925,0.051392518784489694,0.05216094833047519,0.03671689039349218,0.03961759415534725,0.039588572936086,0.05823139431941494,0.0602392424078476,0.05330093716916434,0.038362035627993625,0.026105042210850735,0.0,0.0,0.05162368088187625,0.01961646636888946,0.02369523962153767,0.0,0.023430921460763973,0.0,0.0,0.1946397127691042,0.0,0.09088485061124135
2023-10-04,0.046488761349363195,0.05024289640918256,0.043662294192879925,0.051392518784489694,0.05216094833047519,0.03671689039349218,0.03961759415534725,0.039588572936086,0.05823139431941494,0.0602392424078476,0.05330093716916434,0.038362035627993625,0.026105042210850735,0.0,0.0,0.05162368088187625,0.01961646636888946,0.02369523962153767,0.0,0.023430921460763973,0.0,0.0,0.1946397127691042,0.0,0.09088485061124135
2023-10-05,0.046488761349363195,0.05024289640918256,0.043662294192879925,0.051392518784489694,0.05216094833047519,0.03671689039349218,0.03961759415534725,0.039588572936086,0.05823139431941494,0.0602392424078476,0.05330093716916434,0.038362035627993625,0.026105042210850735,0.0,0.0,0.05162368088187625,0.01961646636888946,0.02369523962153767,0.0,0.023430921460763973,0.0,0.0,0.1946397127691042,0.0,0.09088485061124135
2023-10-06,0.046488761349363195,0.05024289640918256,0.043662294192879925,0.051392518784489694,0.05216094833047519,0.03671689039349218,0.03961759415534725,0.039588572936086,0.05823139431941494,0.0602392424078476,0.05330093716916434,0.038362035627993625,0.026105042210850735,0.0,0.0,0.05162368088187625,0.01961646636888946,0.02369523962153767,0.0,0.023430921460763973,0.0,0.0,0.1946397127691042,0.0,0.09088485061124135
2023-10-09,0.046488761349363195,0.05024289640918256,0.043662294192879925,0.051392518784489694,0.05216094833047519,0.03671689039349218,0.03961759415534725,0.039588572936086,0.05823139431941494,0.0602392424078476,0.05330093716916434,0.038362035627993625,0.026105042210850735,0.0,0.0,0.05162368088187625,0.01961646636888946,0.02369523962153767,0.0,0.023430921460763973,0.0,0.0,0.1946397127691042,0.0,0.09088485061124135
2023-10-10,0.046488761349363195,0.05024289640918256,0.043662294192879925,0.051392518784489694,0.05216094833047519,0.03671689039349218,0.03961759415534725,0.039588572936086,0.05823139431941494,0.0602392424078476,0.05330093716916434,0.038362035627993625,0.026105042210850735,0.0,0.0,0.05162368088187625,0.01961646636888946,0.02369523962153767,0.0,0.023430921460763973,0.0,0.0,0.1946397127691042,0.0,0.09088485061124135
2023-10-11,0.046488761349363195,0.05024289640918256,0.043662294192879925,0.051392518784489694,0.05216094833047519,0.03671689039349218,0.03961759415534725,0.039588572936086,0.05823139431941494,0.0602392424078476,0.05330093716916434,0.038362035627993625,0.026105042210850735,0.0,0.0,0.05162368088187625,0.01961646636888946,0.02369523962153767,0.0,0.023430921460763973,0.0,0.0,0.1946397127691042,0.0,0.09088485061124135
2023-10-12,0.046488761349363195,0.05024289640918256,0.043662294192879925,0.051392518784489694,0.05216094833047519,0.03671689039349218,0.03961759415534725,0.039588572936086,0.05823139431941494,0.0602392424078476,0.05330093716916434,0.038362035627993625,0.026105042210850735,0.0,0.0,0.05162368088187625,0.01961646636888946,0.02369523962153767,0.0,0.023430921460763973,0.0,0.0,0.1946397127691042,0.0,0.09088485061124135
2023-10-13,0.046488761349363195,0.05024289640918256,0.043662294192879925,0.051392518784489694,0.05216094833047519,0.03671689039349218,0.03961759415534725,0.039588572936086,0.05823139431941494,0.0602392424078476,0.05330093716916434,0.038362035627993625,0.026105042210850735,0.0,0.0,0.05162368088187625,0.01961646636888946,0.02369523962153767,0.0,0.023430921460763973,0.0,0.0,0.1946397127691042,0.0,0.09088485061124135
2023-10-16,0.046488761349363195,0.05024289640918256,0.043662294192879925,0.051392518784489694,0.05216094833047519,0.03671689039349218,0.03961759415534725,0.039588572936086,0.05823139431941494,0.0602392424078476,0.05330093716916434,0.038362035627993625,0.026105042210850735,0.0,0.0,0.05162368088187625,0.01961646636888946,0.02369523962153767,0.0,0.023430921460763973,0.0,0.0,0.1946397127691042,0.0,0.09088485061124135
2023-10-17,0.046488761349363195,0.05024289640918256,0.043662294192879925,0.051392518784489694,0.05216094833047519,0.03671689039349218,0.03961759415534725,0.039588572936086,0.05823139431941494,0.0602392424078476,0.05330093716916434,0.038362035627993625,0.026105042210850735,0.0,0.0,0.05162368088187625,0.01961646636888946,0.02369523962153767,0.0,0.023430921460763973,0.0,0.0,0.1946397127691042,0.0,0.09088485061124135
2023-10-18,0.046488761349363195,0.05024289640918256,0.043662294192879925,0.051392518784489694,0.05216094833047519,0.03671689039349218,0.03961759415534725,0.039588572936086,0.05823139431941494,0.0602392424078476,0.05330093716916434,0.038362035627993625,0.026105042210850735,0.0,0.0,0.05162368088187625,0.01961646636888946,0.02369523962153767,0.0,0.023430921460763973,0.0,0.0,0.1946397127691042,0.0,0.09088485061124135
2023-10-19,0.046488761349363195,0.05024289640918256,0.043662294192879925,0.051392518784489694,0.05216094833047519,0.03671689039349218,0.03961759415534725,0.039588572936086,0.05823139431941494,0.0602392424078476,0.05330093716916434,0.038362035627993625,0.026105042210850735,0.0,0.0,0.05162368088187625,0.01961646636888946,0.02369523962153767,0.0,0.023430921460763973,0.0,0.0,0.1946397127691042,0.0,0.09088485061124135
2023-10-20,0.046488761349363195,0.05024289640918256,0.043662294192879925,0.051392518784489694,0.05216094833047519,0.03671689039349218,0.03961759415534725,0.039588572936086,0.05823139431941494,0.0602392424078476,0.05330093716916434,0.038362035627993625,0.026105042210850735,0.0,0.0,0.05162368088187625,0.01961646636888946,0.02369523962153767,0.0,0.023430921460763973,0.0,0.0,0.1946397127691042,0.0,0.09088485061124135
2023-10-23,0.046488761349363195,0.05024289640918256,0.043662294192879925,0.051392518784489694,0.05216094833047519,0.03671689039349218,0.03961759415534725,0.039588572936086,0.05823139431941494,0.0602392424078476,0.05330093716916434,0.038362035627993625,0.026105042210850735,0.0,0.0,0.05162368088187625,0.01961646636888946,0.02369523962153767,0.0,0.023430921460763973,0.0,0.0,0.1946397127691042,0.0,0.09088485061124135
2023-10-24,0.046488761349363195,0.05024289640918256,0.043662294192879925,0.051392518784489694,0.05216094833047519,0.03671689039349218,0.03961759415534725,0.039588572936086,0.05823139431941494,0.0602392424078476,0.05330093716916434,0.038362035627993625,0.026105042210850735,0.0,0.0,0.05162368088187625,0.01961646636888946,0.02369523962153767,0.0,0.023430921460763973,0.0,0.0,0.1946397127691042,0.0,0.09088485061124135
2023-10-25,0.046488761349363195,0.05024289640918256,0.043662294192879925,0.051392518784489694,0.05216094833047519,0.03671689039349218,0.03961759415534725,0.039588572936086,0.05823139431941494,0.0602392424078476,0.05330093716916434,0.038362035627993625,0.026105042210850735,0.0,0.0,0.05162368088187625,0.01961646636888946,0.02369523962153767,0.0,0.023430921460763973,0.0,0.0,0.1946397127691042,0.0,0.09088485061124135
2023-10-26,0.046488761349363195,0.05024289640918256,0.043662294192879925,0.051392518784489694,0.05216094833047519,0.03671689039349218,0.03961759415534725,0.039588572936086,0.05823139431941494,0.0602392424078476,0.05330093716916434,0.038362035627993625,0.026105042210850735,0.0,0.0,0.05162368088187625,0.01961646636888946,0.02369523962153767,0.0,0.023430921460763973,0.0,0.0,0.1946397127691042,0.0,0.09088485061124135
2023-10-27,0.046488761349363195,0.05024289640918256,0.043662294192879925,0.051392518784489694,0.05216094833047519,0.03671689039349218,0.03961759415534725,0.039588572936086,0.05823139431941494,0.0602392424078476,0.05330093716916434,0.038362035627993625,0.026105042210850735,0.0,0.0,0.05162368088187625,0.01961646636888946,0.02369523962153767,0.0,0.023430921460763973,0.0,0.0,0.1946397127691042,0.0,0.09088485061124135
2023-10-30,0.046488761349363195,0.05024289640918256,0.043662294192879925,0.051392518784489694,0.05216094833047519,0.03671689039349218,0.03961759415534725,0.039588572936086,0.05823139431941494,0.0602392424078476,0.05330093716916434,0.038362035627993625,0.026105042210850735,0.0,0.0,0.05162368088187625,0.01961646636888946,0.02369523962153767,0.0,0.023430921460763973,0.0,0.0,0.1946397127691042,0.0,0.09088485061124135
2023-10-31,0.046488761349363195,0.05024289640918256,0.043662294192879925,0.051392518784489694,0.05216094833047519,0.03671689039349218,0.03961759415534725,0.039588572936086,0.05823139431941494,0.0602392424078476,0.05330093716916434,0.038362035627993625,0.026105042210850735,0.0,0.0,0.05162368088187625,0.01961646636888946,0.02369523962153767,0.0,0.023430921460763973,0.0,0.0,0.1946397127691042,0.0,0.09088485061124135
2023-11-01,0.046488761349363195,0.05024289640918256,0.043662294192879925,0.051392518784489694,0.05216094833047519,0.03671689039349218,0.03961759415534725,0.039588572936086,0.05823139431941494,0.0602392424078476,0.05330093716916434,0.038362035627993625,0.026105042210850735,0.0,0.0,0.05162368088187625,0.01961646636888946,0.02369523962153767,0.0,0.023430921460763973,0.0,0.0,0.1946397127691042,0.0,0.09088485061124135
2023-11-02,0.046488761349363195,0.05024289640918256,0.043662294192879925,0.051392518784489694,0.05216094833047519,0.03671689039349218,0.03961759415534725,0.039588572936086,0.05823139431941494,0.0602392424078476,0.05330093716916434,0.038362035627993625,0.026105042210850735,0.0,0.0,0.05162368088187625,0.01961646636888946,0.02369523962153767,0.0,0.023430921460763973,0.0,0.0,0.1946397127691042,0.0,0.09088485061124135
2023-11-03,0.046488761349363195,0.05024289640918256,0.043662294192879925,0.051392518784489694,0.05216094833047519,0.03671689039349218,0.03961759415534725,0.039588572936086,0.05823139431941494,0.0602392424078476,0.05330093716916434,0.038362035627993625,0.026105042210850735,0.0,0.0,0.05162368088187625,0.01961646636888946,0.02369523962153767,0.0,0.023430921460763973,0.0,0.0,0.1946397127691042,0.0,0.09088485061124135
2023-11-06,0.046488761349363195,0.05024289640918256,0.043662294192879925,0.051392518784489694,0.05216094833047519,0.03671689039349218,0.03961759415534725,0.039588572936086,0.05823139431941494,0.0602392424078476,0.05330093716916434,0.038362035627993625,0.026105042210850735,0.0,0.0,0.05162368088187625,0.01961646636888946,0.02369523962153767,0.0,0.023430921460763973,0.0,0.0,0.1946397127691042,0.0,0.09088485061124135
2023-11-07,0.046488761349363195,0.05024289640918256,0.043662294192879925,0.051392518784489694,0.05216094833047519,0.03671689039349218,0.03961759415534725,0.039588572936086,0.05823139431941494,0.0602392424078476,0.05330093716916434,0.038362035627993625,0.026105042210850735,0.0,0.0,0.05162368088187625,0.01961646636888946,0.02369523962153767,0.0,0.023430921460763973,0.0,0.0,0.1946397127691042,0.0,0.09088485061124135
2023-11-08,0.046488761349363195,0.05024289640918256,0.043662294192879925,0.051392518784489694,0.05216094833047519,0.03671689039349218,0.03961759415534725,0.039588572936086,0.05823139431941494,0.0602392424078476,0.05330093716916434,0.038362035627993625,0.026105042210850735,0.0,0.0,0.05162368088187625,0.01961646636888946,0.02369523962153767,0.0,0.023430921460763973,0.0,0.0,0.1946397127691042,0.0,0.09088485061124135
2023-11-09,0.046488761349363195,0.05024289640918256,0.043662294192879925,0.051392518784489694,0.05216094833047519,0.03671689039349218,0.03961759415534725,0.039588572936086,0.05823139431941494,0.0602392424078476,0.05330093716916434,0.038362035627993625,0.026105042210850735,0.0,0.0,0.05162368088187625,0.01961646636888946,0.02369523962153767,0.0,0.023430921460763973,0.0,0.0,0.1946397127691042,0.0,0.09088485061124135
2023-11-10,0.046488761349363195,0.05024289640918256,0.043662294192879925,0.051392518784489694,0.05216094833047519,0.03671689039349218,0.03961759415534725,0.039588572936086,0.05823139431941494,0.0602392424078476,0.05330093716916434,0.038362035627993625,0.026105042210850735,0.0,0.0,0.05162368088187625,0.01961646636888946,0.02369523962153767,0.0,0.023430921460763973,0.0,0.0,0.1946397127691042,0.0,0.09088485061124135
2023-11-13,0.046488761349363195,0.05024289640918256,0.043662294192879925,0.051392518784489694,0.05216094833047519,0.03671689039349218,0.03961759415534725,0.039588572936086,0.05823139431941494,0.0602392424078476,0.05330093716916434,0.038362035627993625,0.026105042210850735,0.0,0.0,0.05162368088187625,0.01961646636888946,0.02369523962153767,0.0,0.023430921460763973,0.0,0.0,0.1946397127691042,0.0,0.09088485061124135
2023-11-14,0.046488761349363195,0.05024289640918256,0.043662294192879925,0.051392518784489694,0.05216094833047519,0.03671689039349218,0.03961759415534725,0.039588572936086,0.05823139431941494,0.0602392424078476,0.05330093716916434,0.038362035627993625,0.026105042210850735,0.0,0.0,0.05162368088187625,0.01961646636888946,0.02369523962153767,0.0,0.023430921460763973,0.0,0.0,0.1946397127691042,0.0,0.09088485061124135
2023-11-15,0.046488761349363195,0.05024289640918256,0.043662294192879925,0.051392518784489694,0.05216094833047519,0.03671689039349218,0.03961759415534725,0.039588572936086,0.05823139431941494,0.0602392424078476,0.05330093716916434,0.038362035627993625,0.026105042210850735,0.0,0.0,0.05162368088187625,0.01961646636888946,0.02369523962153767,0.0,0.023430921460763973,0.0,0.0,0.1946397127691042,0.0,0.09088485061124135
2023-11-16,0.046488761349363195,0.05024289640918256,0.043662294192879925,0.051392518784489694,0.05216094833047519,0.03671689039349218,0.03961759415534725,0.039588572936086,0.05823139431941494,0.0602392424078476,0.05330093716916434,0.038362035627993625,0.026105042210850735,0.0,0.0,0.05162368088187625,0.01961646636888946,0.02369523962153767,0.0,0.023430921460763973,0.0,0.0,0.1946397127691042,0.0,0.09088485061124135
2023-11-17,0.046488761349363195,0.05024289640918256,0.043662294192879925,0.051392518784489694,0.05216094833047519,0.03671689039349218,0.03961759415534725,0.039588572936086,0.05823139431941494,0.0602392424078476,0.05330093716916434,0.038362035627993625,0.026105042210850735,0.0,0.0,0.05162368088187625,0.01961646636888946,0.02369523962153767,0.0,0.023430921460763973,0.0,0.0,0.1946397127691042,0.0,0.09088485061124135
2023-11-20,0.046488761349363195,0.05024289640918256,0.043662294192879925,0.051392518784489694,0.05216094833047519,0.03671689039349218,0.03961759415534725,0.039588572936086,0.05823139431941494,0.0602392424078476,0.05330093716916434,0.038362035627993625,0.026105042210850735,0.0,0.0,0.05162368088187625,0.01961646636888946,0.02369523962153767,0.0,0.023430921460763973,0.0,0.0,0.1946397127691042,0.0,0.09088485061124135
2023-11-21,0.046488761349363195,0.05024289640918256,0.043662294192879925,0.051392518784489694,0.05216094833047519,0.03671689039349218,0.03961759415534725,0.039588572936086,0.05823139431941494,0.0602392424078476,0.05330093716916434,0.038362035627993625,0.026105042210850735,0.0,0.0,0.05162368088187625,0.01961646636888946,0.02369523962153767,0.0,0.023430921460763973,0.0,0.0,0.1946397127691042,0.0,0.09088485061124135
2023-11-22,0.046488761349363195,0.05024289640918256,0.043662294192879925,0.051392518784489694,0.05216094833047519,0.03671689039349218,0.03961759415534725,0.039588572936086,0.05823139431941494,0.0602392424078476,0.05330093716916434,0.038362035627993625,0.026105042210850735,0.0,0.0,0.05162368088187625,0.01961646636888946,0.02369523962153767,0.0,0.023430921460763973,0.0,0.0,0.1946397127691042,0.0,0.09088485061124135
2023-11-23,0.046488761349363195,0.05024289640918256,0.043662294192879925,0.051392518784489694,0.05216094833047519,0.03671689039349218,0.03961759415534725,0.039588572936086,0.05823139431941494,0.0602392424078476,0.05330093716916434,0.038362035627993625,0.026105042210850735,0.0,0.0,0.05162368088187625,0.01961646636888946,0.02369523962153767,0.0,0.023430921460763973,0.0,0.0,0.1946397127691042,0.0,0.09088485061124135
2023-11-24,0.046488761349363195,0.05024289640918256,0.043662294192879925,0.051392518784489694,0.05216094833047519,0.03671689039349218,0.03961759415534725,0.039588572936086,0.05823139431941494,0.0602392424078476,0.05330093716916434,0.038362035627993625,0.026105042210850735,0.0,0.0,0.05162368088187625,0.01961646636888946,0.02369523962153767,0.0,0.023430921460763973,0.0,0.0,0.1946397127691042,0.0,0.09088485061124135
2023-11-27,0.046488761349363195,0.05024289640918256,0.043662294192879925,0.051392518784489694,0.05216094833047519,0.03671689039349218,0.03961759415534725,0.039588572936086,0.05823139431941494,0.0602392424078476,0.05330093716916434,0.038362035627993625,0.026105042210850735,0.0,0.0,0.05162368088187625,0.01961646636888946,0.02369523962153767,0.0,0.023430921460763973,0.0,0.0,0.1946397127691042,0.0,0.09088485061124135
2023-11-28,0.046488761349363195,0.05024289640918256,0.043662294192879925,0.051392518784489694,0.05216094833047519,0.03671689039349218,0.03961759415534725,0.039588572936086,0.05823139431941494,0.0602392424078476,0.05330093716916434,0.038362035627993625,0.026105042210850735,0.0,0.0,0.05162368088187625,0.01961646636888946,0.02369523962153767,0.0,0.023430921460763973,0.0,0.0,0.1946397127691042,0.0,0.09088485061124135
2023-11-29,0.046488761349363195,0.05024289640918256,0.043662294192879925,0.051392518784489694,0.05216094833047519,0.03671689039349218,0.03961759415534725,0.039588572936086,0.05823139431941494,0.0602392424078476,0.05330093716916434,0.038362035627993625,0.026105042210850735,0.0,0.0,0.05162368088187625,0.01961646636888946,0.02369523962153767,0.0,0.023430921460763973,0.0,0.0,0.1946397127691042,0.0,0.09088485061124135
2023-11-30,0.046488761349363195,0.05024289640918256,0.043662294192879925,0.051392518784489694,0.05216094833047519,0.03671689039349218,0.03961759415534725,0.039588572936086,0.05823139431941494,0.0602392424078476,0.05330093716916434,0.038362035627993625,0.026105042210850735,0.0,0.0,0.05162368088187625,0.01961646636888946,0.02369523962153767,0.0,0.023430921460763973,0.0,0.0,0.1946397127691042,0.0,0.09088485061124135
2023-12-01,0.04272707023706832,0.04625243186172783,0.04218094581562201,0.04752602459294541,0.04747203040299753,0.0355479853870832,0.03739005086469831,0.03684096728739453,0.051891686377645976,0.05649943668428682,0.052681371303489224,0.03695600782833583,0.024700328432717425,0.0,0.0,0.0,0.019583620957430502,0.02221294241315384,0.0,0.022060301898172423,0.0,0.0,0.2894028280226895,0.0,0.08807396963254124
2023-12-04,0.04272707023706832,0.04625243186172783,0.04218094581562201,0.04752602459294541,0.04747203040299753,0.0355479853870832,0.03739005086469831,0.03684096728739453,0.051891686377645976,0.05649943668428682,0.052681371303489224,0.03695600782833583,0.024700328432717425,0.0,0.0,0.0,0.019583620957430502,0.02221294241315384,0.0,0.022060301898172423,0.0,0.0,0.2894028280226895,0.0,0.08807396963254124
2023-12-05,0.04272707023706832,0.04625243186172783,0.04218094581562201,0.04752602459294541,0.04747203040299753,0.0355479853870832,0.03739005086469831,0.03684096728739453,0.051891686377645976,0.05649943668428682,0.052681371303489224,0.03695600782833583,0.024700328432717425,0.0,0.0,0.0,0.019583620957430502,0.02221294241315384,0.0,0.022060301898172423,0.0,0.0,0.2894028280226895,0.0,0.08807396963254124
2023-12-06,0.04272707023706832,0.04625243186172783,0.04218094581562201,0.04752602459294541,0.04747203040299753,0.0355479853870832,0.03739005086469831,0.03684096728739453,0.051891686377645976,0.05649943668428682,0.052681371303489224,0.03695600782833583,0.024700328432717425,0.0,0.0,0.0,0.019583620957430502,0.02221294241315384,0.0,0.022060301898172423,0.0,0.0,0.2894028280226895,0.0,0.08807396963254124
2023-12-07,0.04272707023706832,0.04625243186172783,0.04218094581562201,0.04752602459294541,0.04747203040299753,0.0355479853870832,0.03739005086469831,0.03684096728739453,0.051891686377645976,0.05649943668428682,0.052681371303489224,0.03695600782833583,0.024700328432717425,0.0,0.0,0.0,0.019583620957430502,0.02221294241315384,0.0,0.022060301898172423,0.0,0.0,0.2894028280226895,0.0,0.08807396963254124
2023-12-08,0.04272707023706832,0.04625243186172783,0.04218094581562201,0.04752602459294541,0.04747203040299753,0.0355479853870832,0.03739005086469831,0.03684096728739453,0.051891686377645976,0.05649943668428682,0.052681371303489224,0.03695600782833583,0.024700328432717425,0.0,0.0,0.0,0.019583620957430502,0.02221294241315384,0.0,0.022060301898172423,0.0,0.0,0.2894028280226895,0.0,0.08807396963254124
2023-12-11,0.04272707023706832,0.04625243186172783,0.04218094581562201,0.04752602459294541,0.04747203040299753,0.0355479853870832,0.03739005086469831,0.03684096728739453,0.051891686377645976,0.05649943668428682,0.052681371303489224,0.03695600782833583,0.024700328432717425,0.0,0.0,0.0,0.019583620957430502,0.02221294241315384,0.0,0.022060301898172423,0.0,0.0,0.2894028280226895,0.0,0.08807396963254124
2023-12-12,0.04272707023706832,0.04625243186172783,0.04218094581562201,0.04752602459294541,0.04747203040299753,0.0355479853870832,0.03739005086469831,0.03684096728739453,0.051891686377645976,0.05649943668428682,0.052681371303489224,0.03695600782833583,0.024700328432717425,0.0,0.0,0.0,0.019583620957430502,0.02221294241315384,0.0,0.022060301898172423,0.0,0.0,0.2894028280226895,0.0,0.08807396963254124
2023-12-13,0.04272707023706832,0.04625243186172783,0.04218094581562201,0.04752602459294541,0.04747203040299753,0.0355479853870832,0.03739005086469831,0.03684096728739453,0.051891686377645976,0.05649943668428682,0.052681371303489224,0.03695600782833583,0.024700328432717425,0.0,0.0,0.0,0.019583620957430502,0.02221294241315384,0.0,0.022060301898172423,0.0,0.0,0.2894028280226895,0.0,0.08807396963254124
2023-12-14,0.04272707023706832,0.04625243186172783,0.04218094581562201,0.04752602459294541,0.04747203040299753,0.0355479853870832,0.03739005086469831,0.03684096728739453,0.051891686377645976,0.05649943668428682,0.052681371303489224,0.03695600782833583,0.024700328432717425,0.0,0.0,0.0,0.019583620957430502,0.02221294241315384,0.0,0.022060301898172423,0.0,0.0,0.2894028280226895,0.0,0.08807396963254124
2023-12-15,0.04272707023706832,0.04625243186172783,0.04218094581562201,0.04752602459294541,0.04747203040299753,0.0355479853870832,0.03739005086469831,0.03684096728739453,0.051891686377645976,0.05649943668428682,0.052681371303489224,0.03695600782833583,0.024700328432717425,0.0,0.0,0.0,0.019583620957430502,0.02221294241315384,0.0,0.022060301898172423,0.0,0.0,0.2894028280226895,0.0,0.08807396963254124
2023-12-18,0.04272707023706832,0.04625243186172783,0.04218094581562201,0.04752602459294541,0.04747203040299753,0.0355479853870832,0.03739005086469831,0.03684096728739453,0.051891686377645976,0.05649943668428682,0.052681371303489224,0.03695600782833583,0.024700328432717425,0.0,0.0,0.0,0.019583620957430502,0.02221294241315384,0.0,0.022060301898172423,0.0,0.0,0.2894028280226895,0.0,0.08807396963254124
2023-12-19,0.04272707023706832,0.04625243186172783,0.04218094581562201,0.04752602459294541,0.04747203040299753,0.0355479853870832,0.03739005086469831,0.03684096728739453,0.051891686377645976,0.05649943668428682,0.052681371303489224,0.03695600782833583,0.024700328432717425,0.0,0.0,0.0,0.019583620957430502,0.02221294241315384,0.0,0.022060301898172423,0.0,0.0,0.2894028280226895,0.0,0.08807396963254124
2023-12-20,0.04272707023706832,0.04625243186172783,0.04218094581562201,0.04752602459294541,0.04747203040299753,0.0355479853870832,0.03739005086469831,0.03684096728739453,0.051891686377645976,0.05649943668428682,0.052681371303489224,0.03695600782833583,0.024700328432717425,0.0,0.0,0.0,0.019583620957430502,0.02221294241315384,0.0,0.022060301898172423,0.0,0.0,0.2894028280226895,0.0,0.08807396963254124
2023-12-21,0.04272707023706832,0.04625243186172783,0.04218094581562201,0.04752602459294541,0.04747203040299753,0.0355479853870832,0.03739005086469831,0.03684096728739453,0.051891686377645976,0.05649943668428682,0.052681371303489224,0.03695600782833583,0.024700328432717425,0.0,0.0,0.0,0.019583620957430502,0.02221294241315384,0.0,0.022060301898172423,0.0,0.0,0.2894028280226895,0.0,0.08807396963254124
2023-12-22,0.04272707023706832,0.04625243186172783,0.04218094581562201,0.04752602459294541,0.04747203040299753,0.0355479853870832,0.03739005086469831,0.03684096728739453,0.051891686377645976,0.05649943668428682,0.052681371303489224,0.03695600782833583,0.024700328432717425,0.0,0.0,0.0,0.019583620957430502,0.02221294241315384,0.0,0.022060301898172423,0.0,0.0,0.2894028280226895,0.0,0.08807396963254124
2023-12-25,0.04272707023706832,0.04625243186172783,0.04218094581562201,0.04752602459294541,0.04747203040299753,0.0355479853870832,0.03739005086469831,0.03684096728739453,0.051891686377645976,0.05649943668428682,0.052681371303489224,0.03695600782833583,0.024700328432717425,0.0,0.0,0.0,0.019583620957430502,0.02221294241315384,0.0,0.022060301898172423,0.0,0.0,0.2894028280226895,0.0,0.08807396963254124
2023-12-26,0.04272707023706832,0.04625243186172783,0.04218094581562201,0.04752602459294541,0.04747203040299753,0.0355479853870832,0.03739005086469831,0.03684096728739453,0.051891686377645976,0.05649943668428682,0.052681371303489224,0.03695600782833583,0.024700328432717425,0.0,0.0,0.0,0.019583620957430502,0.02221294241315384,0.0,0.022060301898172423,0.0,0.0,0.2894028280226895,0.0,0.08807396963254124
2023-12-27,0.04272707023706832,0.04625243186172783,0.04218094581562201,0.04752602459294541,0.04747203040299753,0.0355479853870832,0.03739005086469831,0.03684096728739453,0.051891686377645976,0.05649943668428682,0.052681371303489224,0.03695600782833583,0.024700328432717425,0.0,0.0,0.0,0.019583620957430502,0.02221294241315384,0.0,0.022060301898172423,0.0,0.0,0.2894028280226895,0.0,0.08807396963254124
2023-12-28,0.04272707023706832,0.04625243186172783,0.04218094581562201,0.04752602459294541,0.04747203040299753,0.0355479853870832,0.03739005086469831,0.03684096728739453,0.051891686377645976,0.05649943668428682,0.052681371303489224,0.03695600782833583,0.024700328432717425,0.0,0.0,0.0,0.019583620957430502,0.02221294241315384,0.0,0.022060301898172423,0.0,0.0,0.2894028280226895,0.0,0.08807396963254124
2023-12-29,0.04272707023706832,0.04625243186172783,0.04218094581562201,0.04752602459294541,0.04747203040299753,0.0355479853870832,0.03739005086469831,0.03684096728739453,0.051891686377645976,0.05649943668428682,0.052681371303489224,0.03695600782833583,0.024700328432717425,0.0,0.0,0.0,0.019583620957430502,0.02221294241315384,0.0,0.022060301898172423,0.0,0.0,0.2894028280226895,0.0,0.08807396963254124
2024-01-02,0.04272707023706832,0.04625243186172783,0.04218094581562201,0.04752602459294541,0.04747203040299753,0.0355479853870832,0.03739005086469831,0.03684096728739453,0.051891686377645976,0.05649943668428682,0.052681371303489224,0.03695600782833583,0.024700328432717425,0.0,0.0,0.0,0.019583620957430502,0.02221294241315384,0.0,0.022060301898172423,0.0,0.0,0.2894028280226895,0.0,0.08807396963254124
2024-01-03,0.04272707023706832,0.04625243186172783,0.04218094581562201,0.04752602459294541,0.04747203040299753,0.0355479853870832,0.03739005086469831,0.03684096728739453,0.051891686377645976,0.05649943668428682,0.052681371303489224,0.03695600782833583,0.024700328432717425,0.0,0.0,0.0,0.019583620957430502,0.02221294241315384,0.0,0.022060301898172423,0.0,0.0,0.2894028280226895,0.0,0.08807396963254124
2024-01-04,0.04272707023706832,0.04625243186172783,0.04218094581562201,0.04752602459294541,0.04747203040299753,0.0355479853870832,0.03739005086469831,0.03684096728739453,0.051891686377645976,0.05649943668428682,0.052681371303489224,0.03695600782833583,0.024700328432717425,0.0,0.0,0.0,0.019583620957430502,0.02221294241315384,0.0,0.022060301898172423,0.0,0.0,0.2894028280226895,0.0,0.08807396963254124
2024-01-05,0.04272707023706832,0.04625243186172783,0.04218094581562201,0.04752602459294541,0.04747203040299753,0.0355479853870832,0.03739005086469831,0.03684096728739453,0.051891686377645976,0.05649943668428682,0.052681371303489224,0.03695600782833583,0.024700328432717425,0.0,0.0,0.0,0.019583620957430502,0.02221294241315384,0.0,0.022060301898172423,0.0,0.0,0.2894028280226895,0.0,0.08807396963254124
2024-01-08,0.04272707023706832,0.04625243186172783,0.04218094581562201,0.04752602459294541,0.04747203040299753,0.0355479853870832,0.03739005086469831,0.03684096728739453,0.051891686377645976,0.05649943668428682,0.052681371303489224,0.03695600782833583,0.024700328432717425,0.0,0.0,0.0,0.019583620957430502,0.02221294241315384,0.0,0.022060301898172423,0.0,0.0,0.2894028280226895,0.0,0.08807396963254124
2024-01-09,0.04272707023706832,0.04625243186172783,0.04218094581562201,0.04752602459294541,0.04747203040299753,0.0355479853870832,0.03739005086469831,0.03684096728739453,0.051891686377645976,0.05649943668428682,0.052681371303489224,0.03695600782833583,0.024700328432717425,0.0,0.0,0.0,0.019583620957430502,0.02221294241315384,0.0,0.022060301898172423,0.0,0.0,0.2894028280226895,0.0,0.08807396963254124
2024-01-10,0.04272707023706832,0.04625243186172783,0.04218094581562201,0.04752602459294541,0.04747203040299753,0.0355479853870832,0.03739005086469831,0.03684096728739453,0.051891686377645976,0.05649943668428682,0.052681371303489224,0.03695600782833583,0.024700328432717425,0.0,0.0,0.0,0.019583620957430502,0.02221294241315384,0.0,0.022060301898172423,0.0,0.0,0.2894028280226895,0.0,0.08807396963254124
2024-01-11,0.04272707023706832,0.04625243186172783,0.04218094581562201,0.04752602459294541,0.04747203040299753,0.0355479853870832,0.03739005086469831,0.03684096728739453,0.051891686377645976,0.05649943668428682,0.052681371303489224,0.03695600782833583,0.024700328432717425,0.0,0.0,0.0,0.019583620957430502,0.02221294241315384,0.0,0.022060301898172423,0.0,0.0,0.2894028280226895,0.0,0.08807396963254124
2024-01-12,0.04272707023706832,0.04625243186172783,0.04218094581562201,0.04752602459294541,0.04747203040299753,0.0355479853870832,0.03739005086469831,0.03684096728739453,0.051891686377645976,0.05649943668428682,0.052681371303489224,0.03695600782833583,0.024700328432717425,0.0,0.0,0.0,0.019583620957430502,0.02221294241315384,0.0,0.022060301898172423,0.0,0.0,0.2894028280226895,0.0,0.08807396963254124
2024-01-15,0.04272707023706832,0.04625243186172783,0.04218094581562201,0.04752602459294541,0.04747203040299753,0.0355479853870832,0.03739005086469831,0.03684096728739453,0.051891686377645976,0.05649943668428682,0.052681371303489224,0.03695600782833583,0.024700328432717425,0.0,0.0,0.0,0.019583620957430502,0.02221294241315384,0.0,0.022060301898172423,0.0,0.0,0.2894028280226895,0.0,0.08807396963254124
2024-01-16,0.04272707023706832,0.04625243186172783,0.04218094581562201,0.04752602459294541,0.04747203040299753,0.0355479853870832,0.03739005086469831,0.03684096728739453,0.051891686377645976,0.05649943668428682,0.052681371303489224,0.03695600782833583,0.024700328432717425,0.0,0.0,0.0,0.019583620957430502,0.02221294241315384,0.0,0.022060301898172423,0.0,0.0,0.2894028280226895,0.0,0.08807396963254124
2024-01-17,0.04272707023706832,0.04625243186172783,0.04218094581562201,0.04752602459294541,0.04747203040299753,0.0355479853870832,0.03739005086469831,0.03684096728739453,0.051891686377645976,0.05649943668428682,0.052681371303489224,0.03695600782833583,0.024700328432717425,0.0,0.0,0.0,0.019583620957430502,0.02221294241315384,0.0,0.022060301898172423,0.0,0.0,0.2894028280226895,0.0,0.08807396963254124
2024-01-18,0.04272707023706832,0.04625243186172783,0.04218094581562201,0.04752602459294541,0.04747203040299753,0.0355479853870832,0.03739005086469831,0.03684096728739453,0.051891686377645976,0.05649943668428682,0.052681371303489224,0.03695600782833583,0.024700328432717425,0.0,0.0,0.0,0.019583620957430502,0.02221294241315384,0.0,0.022060301898172423,0.0,0.0,0.2894028280226895,0.0,0.08807396963254124
2024-01-19,0.04272707023706832,0.04625243186172783,0.04218094581562201,0.04752602459294541,0.04747203040299753,0.0355479853870832,0.03739005086469831,0.03684096728739453,0.051891686377645976,0.05649943668428682,0.052681371303489224,0.03695600782833583,0.024700328432717425,0.0,0.0,0.0,0.019583620957430502,0.02221294241315384,0.0,0.022060301898172423,0.0,0.0,0.2894028280226895,0.0,0.08807396963254124
2024-01-22,0.04272707023706832,0.04625243186172783,0.04218094581562201,0.04752602459294541,0.04747203040299753,0.0355479853870832,0.03739005086469831,0.03684096728739453,0.051891686377645976,0.05649943668428682,0.052681371303489224,0.03695600782833583,0.024700328432717425,0.0,0.0,0.0,0.019583620957430502,0.02221294241315384,0.0,0.022060301898172423,0.0,0.0,0.2894028280226895,0.0,0.08807396963254124
2024-01-23,0.04272707023706832,0.04625243186172783,0.04218094581562201,0.04752602459294541,0.04747203040299753,0.0355479853870832,0.03739005086469831,0.03684096728739453,0.051891686377645976,0.05649943668428682,0.052681371303489224,0.03695600782833583,0.024700328432717425,0.0,0.0,0.0,0.019583620957430502,0.02221294241315384,0.0,0.022060301898172423,0.0,0.0,0.2894028280226895,0.0,0.08807396963254124
2024-01-24,0.04272707023706832,0.04625243186172783,0.04218094581562201,0.04752602459294541,0.04747203040299753,0.0355479853870832,0.03739005086469831,0.03684096728739453,0.051891686377645976,0.05649943668428682,0.052681371303489224,0.03695600782833583,0.024700328432717425,0.0,0.0,0.0,0.019583620957430502,0.02221294241315384,0.0,0.022060301898172423,0.0,0.0,0.2894028280226895,0.0,0.08807396963254124
2024-01-25,0.04272707023706832,0.04625243186172783,0.04218094581562201,0.04752602459294541,0.04747203040299753,0.0355479853870832,0.03739005086469831,0.03684096728739453,0.051891686377645976,0.05649943668428682,0.052681371303489224,0.03695600782833583,0.024700328432717425,0.0,0.0,0.0,0.019583620957430502,0.02221294241315384,0.0,0.022060301898172423,0.0,0.0,0.2894028280226895,0.0,0.08807396963254124
2024-01-26,0.04272707023706832,0.04625243186172783,0.04218094581562201,0.04752602459294541,0.04747203040299753,0.0355479853870832,0.03739005086469831,0.03684096728739453,0.051891686377645976,0.05649943668428682,0.052681371303489224,0.03695600782833583,0.024700328432717425,0.0,0.0,0.0,0.019583620957430502,0.02221294241315384,0.0,0.022060301898172423,0.0,0.0,0.2894028280226895,0.0,0.08807396963254124
2024-01-29,0.04272707023706832,0.04625243186172783,0.04218094581562201,0.04752602459294541,0.04747203040299753,0.0355479853870832,0.03739005086469831,0.03684096728739453,0.051891686377645976,0.05649943668428682,0.052681371303489224,0.03695600782833583,0.024700328432717425,0.0,0.0,0.0,0.019583620957430502,0.02221294241315384,0.0,0.022060301898172423,0.0,0.0,0.2894028280226895,0.0,0.08807396963254124
2024-01-30,0.04272707023706832,0.04625243186172783,0.04218094581562201,0.04752602459294541,0.04747203040299753,0.0355479853870832,0.03739005086469831,0.03684096728739453,0.051891686377645976,0.05649943668428682,0.052681371303489224,0.03695600782833583,0.024700328432717425,0.0,0.0,0.0,0.019583620957430502,0.02221294241315384,0.0,0.022060301898172423,0.0,0.0,0.2894028280226895,0.0,0.08807396963254124
2024-01-31,0.04272707023706832,0.04625243186172783,0.04218094581562201,0.04752602459294541,0.04747203040299753,0.0355479853870832,0.03739005086469831,0.03684096728739453,0.051891686377645976,0.05649943668428682,0.052681371303489224,0.03695600782833583,0.024700328432717425,0.0,0.0,0.0,0.019583620957430502,0.02221294241315384,0.0,0.022060301898172423,0.0,0.0,0.2894028280226895,0.0,0.08807396963254124
2024-02-01,0.03610942997692755,0.03968373415191421,0.03719492145660389,0.04100772138010499,0.040438581185340085,0.03143021233069745,0.03242868620944959,0.03198822930577359,0.043506295523969354,0.051503748937185054,0.04531446735449068,0.03178499096167949,0.022737478548204217,0.0,0.0,0.04127395870068224,0.016131582750804167,0.01914719085065771,0.0,0.01941798245060838,0.0,0.05632717185983226,0.23983262304321687,0.04956948808701931,0.07317150493483882
2024-02-02,0.03610942997692755,0.03968373415191421,0.03719492145660389,0.04100772138010499,0.040438581185340085,0.03143021233069745,0.03242868620944959,0.03198822930577359,0.043506295523969354,0.051503748937185054,0.04531446735449068,0.03178499096167949,0.022737478548204217,0.0,0.0,0.04127395870068224,0.016131582750804167,0.01914719085065771,0.0,0.01941798245060838,0.0,0.05632717185983226,0.23983262304321687,0.04956948808701931,0.07317150493483882
2024-02-05,0.03610942997692755,0.03968373415191421,0.03719492145660389,0.04100772138010499,0.040438581185340085,0.03143021233069745,0.03242868620944959,0.03198822930577359,0.043506295523969354,0.051503748937185054,0.04531446735449068,0.03178499096167949,0.022737478548204217,0.0,0.0,0.04127395870068224,0.016131582750804167,0.01914719085065771,0.0,0.01941798245060838,0.0,0.05632717185983226,0.23983262304321687,0.04956948808701931,0.07317150493483882
2024-02-06,0.03610942997692755,0.03968373415191421,0.03719492145660389,0.04100772138010499,0.040438581185340085,0.03143021233069745,0.03242868620944959,0.03198822930577359,0.043506295523969354,0.051503748937185054,0.04531446735449068,0.03178499096167949,0.022737478548204217,0.0,0.0,0.04127395870068224,0.016131582750804167,0.01914719085065771,0.0,0.01941798245060838,0.0,0.05632717185983226,0.23983262304321687,0.04956948808701931,0.07317150493483882
2024-02-07,0.03610942997692755,0.03968373415191421,0.03719492145660389,0.04100772138010499,0.040438581185340085,0.03143021233069745,0.03242868620944959,0.03198822930577359,0.043506295523969354,0.051503748937185054,0.04531446735449068,0.03178499096167949,0.022737478548204217,0.0,0.0,0.04127395870068224,0.016131582750804167,0.01914719085065771,0.0,0.01941798245060838,0.0,0.05632717185983226,0.23983262304321687,0.04956948808701931,0.07317150493483882
2024-02-08,0.03610942997692755,0.03968373415191421,0.03719492145660389,0.04100772138010499,0.040438581185340085,0.03143021233069745,0.03242868620944959,0.03198822930577359,0.043506295523969354,0.051503748937185054,0.04531446735449068,0.03178499096167949,0.022737478548204217,0.0,0.0,0.04127395870068224,0.016131582750804167,0.01914719085065771,0.0,0.01941798245060838,0.0,0.05632717185983226,0.23983262304321687,0.04956948808701931,0.07317150493483882
2024-02-09,0.03610942997692755,0.03968373415191421,0.03719492145660389,0.04100772138010499,0.040438581185340085,0.03143021233069745,0.03242868620944959,0.03198822930577359,0.043506295523969354,0.051503748937185054,0.04531446735449068,0.03178499096167949,0.022737478548204217,0.0,0.0,0.04127395870068224,0.016131582750804167,0.01914719085065771,0.0,0.01941798245060838,0.0,0.05632717185983226,0.23983262304321687,0.04956948808701931,0.07317150493483882
2024-02-12,0.03610942997692755,0.03968373415191421,0.03719492145660389,0.04100772138010499,0.040438581185340085,0.03143021233069745,0.03242868620944959,0.03198822930577359,0.043506295523969354,0.051503748937185054,0.04531446735449068,0.03178499096167949,0.022737478548204217,0.0,0.0,0.04127395870068224,0.016131582750804167,0.01914719085065771,0.0,0.01941798245060838,0.0,0.05632717185983226,0.23983262304321687,0.04956948808701931,0.07317150493483882
2024-02-13,0.03610942997692755,0.03968373415191421,0.03719492145660389,0.04100772138010499,0.040438581185340085,0.03143021233069745,0.03242868620944959,0.03198822930577359,0.043506295523969354,0.051503748937185054,0.04531446735449068,0.03178499096167949,0.022737478548204217,0.0,0.0,0.04127395870068224,0.016131582750804167,0.01914719085065771,0.0,0.01941798245060838,0.0,0.05632717185983226,0.23983262304321687,0.04956948808701931,0.07317150493483882
2024-02-14,0.03610942997692755,0.03968373415191421,0.03719492145660389,0.04100772138010499,0.040438581185340085,0.03143021233069745,0.03242868620944959,0.03198822930577359,0.043506295523969354,0.051503748937185054,0.04531446735449068,0.03178499096167949,0.022737478548204217,0.0,0.0,0.04127395870068224,0.016131582750804167,0.01914719085065771,0.0,0.01941798245060838,0.0,0.05632717185983226,0.23983262304321687,0.04956948808701931,0.07317150493483882
2024-02-15,0.03610942997692755,0.03968373415191421,0.03719492145660389,0.04100772138010499,0.040438581185340085,0.03143021233069745,0.03242868620944959,0.03198822930577359,0.043506295523969354,0.051503748937185054,0.04531446735449068,0.03178499096167949,0.022737478548204217,0.0,0.0,0.04127395870068224,0.016131582750804167,0.01914719085065771,0.0,0.01941798245060838,0.0,0.05632717185983226,0.23983262304321687,0.04956948808701931,0.07317150493483882
2024-02-16,0.03610942997692755,0.03968373415191421,0.03719492145660389,0.04100772138010499,0.040438581185340085,0.03143021233069745,0.03242868620944959,0.03198822930577359,0.043506295523969354,0.051503748937185054,0.04531446735449068,0.03178499096167949,0.022737478548204217,0.0,0.0,0.04127395870068224,0.016131582750804167,0.01914719085065771,0.0,0.01941798245060838,0.0,0.05632717185983226,0.23983262304321687,0.04956948808701931,0.07317150493483882
2024-02-19,0.03610942997692755,0.03968373415191421,0.03719492145660389,0.04100772138010499,0.040438581185340085,0.03143021233069745,0.03242868620944959,0.03198822930577359,0.043506295523969354,0.051503748937185054,0.04531446735449068,0.03178499096167949,0.022737478548204217,0.0,0.0,0.04127395870068224,0.016131582750804167,0.01914719085065771,0.0,0.01941798245060838,0.0,0.05632717185983226,0.23983262304321687,0.04956948808701931,0.07317150493483882
2024-02-20,0.03610942997692755,0.03968373415191421,0.03719492145660389,0.04100772138010499,0.040438581185340085,0.03143021233069745,0.03242868620944959,0.03198822930577359,0.043506295523969354,0.051503748937185054,0.04531446735449068,0.03178499096167949,0.022737478548204217,0.0,0.0,0.04127395870068224,0.016131582750804167,0.01914719085065771,0.0,0.01941798245060838,0.0,0.05632717185983226,0.23983262304321687,0.04956948808701931,0.07317150493483882
2024-02-21,0.03610942997692755,0.03968373415191421,0.03719492145660389,0.04100772138010499,0.040438581185340085,0.03143021233069745,0.03242868620944959,0.03198822930577359,0.043506295523969354,0.051503748937185054,0.04531446735449068,0.03178499096167949,0.022737478548204217,0.0,0.0,0.04127395870068224,0.016131582750804167,0.01914719085065771,0.0,0.01941798245060838,0.0,0.05632717185983226,0.23983262304321687,0.04956948808701931,0.07317150493483882
2024-02-22,0.03610942997692755,0.03968373415191421,0.03719492145660389,0.04100772138010499,0.040438581185340085,0.03143021233069745,0.03242868620944959,0.03198822930577359,0.043506295523969354,0.051503748937185054,0.04531446735449068,0.03178499096167949,0.022737478548204217,0.0,0.0,0.04127395870068224,0.016131582750804167,0.01914719085065771,0.0,0.01941798245060838,0.0,0.05632717185983226,0.23983262304321687,0.04956948808701931,0.07317150493483882
2024-02-23,0.03610942997692755,0.03968373415191421,0.03719492145660389,0.04100772138010499,0.040438581185340085,0.03143021233069745,0.03242868620944959,0.03198822930577359,0.043506295523969354,0.051503748937185054,0.04531446735449068,0.03178499096167949,0.022737478548204217,0.0,0.0,0.04127395870068224,0.016131582750804167,0.01914719085065771,0.0,0.01941798245060838,0.0,0.05632717185983226,0.23983262304321687,0.04956948808701931,0.07317150493483882
2024-02-26,0.03610942997692755,0.03968373415191421,0.03719492145660389,0.04100772138010499,0.040438581185340085,0.03143021233069745,0.03242868620944959,0.03198822930577359,0.043506295523969354,0.051503748937185054,0.04531446735449068,0.03178499096167949,0.022737478548204217,0.0,0.0,0.04127395870068224,0.016131582750804167,0.01914719085065771,0.0,0.01941798245060838,0.0,0.05632717185983226,0.23983262304321687,0.04956948808701931,0.07317150493483882
2024-02-27,0.03610942997692755,0.03968373415191421,0.03719492145660389,0.04100772138010499,0.040438581185340085,0.03143021233069745,0.03242868620944959,0.03198822930577359,0.043506295523969354,0.051503748937185054,0.04531446735449068,0.03178499096167949,0.022737478548204217,0.0,0.0,0.04127395870068224,0.016131582750804167,0.01914719085065771,0.0,0.01941798245060838,0.0,0.05632717185983226,0.23983262304321687,0.04956948808701931,0.07317150493483882
2024-02-28,0.03610942997692755,0.03968373415191421,0.03719492145660389,0.04100772138010499,0.040438581185340085,0.03143021233069745,0.03242868620944959,0.03198822930577359,0.043506295523969354,0.051503748937185054,0.04531446735449068,0.03178499096167949,0.022737478548204217,0.0,0.0,0.04127395870068224,0.016131582750804167,0.01914719085065771,0.0,0.01941798245060838,0.0,0.05632717185983226,0.23983262304321687,0.04956948808701931,0.07317150493483882
2024-02-29,0.03610942997692755,0.03968373415191421,0.03719492145660389,0.04100772138010499,0.040438581185340085,0.03143021233069745,0.03242868620944959,0.03198822930577359,0.043506295523969354,0.051503748937185054,0.04531446735449068,0.03178499096167949,0.022737478548204217,0.0,0.0,0.04127395870068224,0.016131582750804167,0.01914719085065771,0.0,0.01941798245060838,0.0,0.05632717185983226,0.23983262304321687,0.04956948808701931,0.07317150493483882
2024-03-01,0.03610942997692755,0.03968373415191421,0.03719492145660389,0.04100772138010499,0.040438581185340085,0.03143021233069745,0.03242868620944959,0.03198822930577359,0.043506295523969354,0.051503748937185054,0.04531446735449068,0.03178499096167949,0.022737478548204217,0.0,0.0,0.04127395870068224,0.016131582750804167,0.01914719085065771,0.0,0.01941798245060838,0.0,0.05632717185983226,0.23983262304321687,0.04956948808701931,0.07317150493483882
2024-03-04,0.03610942997692755,0.03968373415191421,0.03719492145660389,0.04100772138010499,0.040438581185340085,0.03143021233069745,0.03242868620944959,0.03198822930577359,0.043506295523969354,0.051503748937185054,0.04531446735449068,0.03178499096167949,0.022737478548204217,0.0,0.0,0.04127395870068224,0.016131582750804167,0.01914719085065771,0.0,0.01941798245060838,0.0,0.05632717185983226,0.23983262304321687,0.04956948808701931,0.07317150493483882
2024-03-05,0.03610942997692755,0.03968373415191421,0.03719492145660389,0.04100772138010499,0.040438581185340085,0.03143021233069745,0.03242868620944959,0.03198822930577359,0.043506295523969354,0.051503748937185054,0.04531446735449068,0.03178499096167949,0.022737478548204217,0.0,0.0,0.04127395870068224,0.016131582750804167,0.01914719085065771,0.0,0.01941798245060838,0.0,0.05632717185983226,0.23983262304321687,0.04956948808701931,0.07317150493483882
2024-03-06,0.03610942997692755,0.03968373415191421,0.03719492145660389,0.04100772138010499,0.040438581185340085,0.03143021233069745,0.03242868620944959,0.03198822930577359,0.043506295523969354,0.051503748937185054,0.04531446735449068,0.03178499096167949,0.022737478548204217,0.0,0.0,0.04127395870068224,0.016131582750804167,0.01914719085065771,0.0,0.01941798245060838,0.0,0.05632717185983226,0.23983262304321687,0.04956948808701931,0.07317150493483882
2024-03-07,0.03610942997692755,0.03968373415191421,0.03719492145660389,0.04100772138010499,0.040438581185340085,0.03143021233069745,0.03242868620944959,0.03198822930577359,0.043506295523969354,0.051503748937185054,0.04531446735449068,0.03178499096167949,0.022737478548204217,0.0,0.0,0.04127395870068224,0.016131582750804167,0.01914719085065771,0.0,0.01941798245060838,0.0,0.05632717185983226,0.23983262304321687,0.04956948808701931,0.07317150493483882
2024-03-08,0.03610942997692755,0.03968373415191421,0.03719492145660389,0.04100772138010499,0.040438581185340085,0.03143021233069745,0.03242868620944959,0.03198822930577359,0.043506295523969354,0.051503748937185054,0.04531446735449068,0.03178499096167949,0.022737478548204217,0.0,0.0,0.04127395870068224,0.016131582750804167,0.01914719085065771,0.0,0.01941798245060838,0.0,0.05632717185983226,0.23983262304321687,0.04956948808701931,0.07317150493483882
2024-03-11,0.03610942997692755,0.03968373415191421,0.03719492145660389,0.04100772138010499,0.040438581185340085,0.03143021233069745,0.03242868620944959,0.03198822930577359,0.043506295523969354,0.051503748937185054,0.04531446735449068,0.03178499096167949,0.022737478548204217,0.0,0.0,0.04127395870068224,0.016131582750804167,0.01914719085065771,0.0,0.01941798245060838,0.0,0.05632717185983226,0.23983262304321687,0.04956948808701931,0.07317150493483882
2024-03-12,0.03610942997692755,0.03968373415191421,0.03719492145660389,0.04100772138010499,0.040438581185340085,0.03143021233069745,0.03242868620944959,0.03198822930577359,0.043506295523969354,0.051503748937185054,0.04531446735449068,0.03178499096167949,0.022737478548204217,0.0,0.0,0.04127395870068224,0.016131582750804167,0.01914719085065771,0.0,0.01941798245060838,0.0,0.05632717185983226,0.23983262304321687,0.04956948808701931,0.07317150493483882
2024-03-13,0.03610942997692755,0.03968373415191421,0.03719492145660389,0.04100772138010499,0.040438581185340085,0.03143021233069745,0.03242868620944959,0.03198822930577359,0.043506295523969354,0.051503748937185054,0.04531446735449068,0.03178499096167949,0.022737478548204217,0.0,0.0,0.04127395870068224,0.016131582750804167,0.01914719085065771,0.0,0.01941798245060838,0.0,0.05632717185983226,0.23983262304321687,0.04956948808701931,0.07317150493483882
2024-03-14,0.03610942997692755,0.03968373415191421,0.03719492145660389,0.04100772138010499,0.040438581185340085,0.03143021233069745,0.03242868620944959,0.03198822930577359,0.043506295523969354,0.051503748937185054,0.04531446735449068,0.03178499096167949,0.022737478548204217,0.0,0.0,0.04127395870068224,0.016131582750804167,0.01914719085065771,0.0,0.01941798245060838,0.0,0.05632717185983226,0.23983262304321687,0.04956948808701931,0.07317150493483882
2024-03-15,0.03610942997692755,0.03968373415191421,0.03719492145660389,0.04100772138010499,0.040438581185340085,0.03143021233069745,0.03242868620944959,0.03198822930577359,0.043506295523969354,0.051503748937185054,0.04531446735449068,0.03178499096167949,0.022737478548204217,0.0,0.0,0.04127395870068224,0.016131582750804167,0.01914719085065771,0.0,0.01941798245060838,0.0,0.05632717185983226,0.23983262304321687,0.04956948808701931,0.07317150493483882
2024-03-18,0.03610942997692755,0.03968373415191421,0.03719492145660389,0.04100772138010499,0.040438581185340085,0.03143021233069745,0.03242868620944959,0.03198822930577359,0.043506295523969354,0.051503748937185054,0.04531446735449068,0.03178499096167949,0.022737478548204217,0.0,0.0,0.04127395870068224,0.016131582750804167,0.01914719085065771,0.0,0.01941798245060838,0.0,0.05632717185983226,0.23983262304321687,0.04956948808701931,0.07317150493483882
2024-03-19,0.03610942997692755,0.03968373415191421,0.03719492145660389,0.04100772138010499,0.040438581185340085,0.03143021233069745,0.03242868620944959,0.03198822930577359,0.043506295523969354,0.051503748937185054,0.04531446735449068,0.03178499096167949,0.022737478548204217,0.0,0.0,0.04127395870068224,0.016131582750804167,0.01914719085065771,0.0,0.01941798245060838,0.0,0.05632717185983226,0.23983262304321687,0.04956948808701931,0.07317150493483882
2024-03-20,0.03610942997692755,0.03968373415191421,0.03719492145660389,0.04100772138010499,0.040438581185340085,0.03143021233069745,0.03242868620944959,0.03198822930577359,0.043506295523969354,0.051503748937185054,0.04531446735449068,0.03178499096167949,0.022737478548204217,0.0,0.0,0.04127395870068224,0.016131582750804167,0.01914719085065771,0.0,0.01941798245060838,0.0,0.05632717185983226,0.23983262304321687,0.04956948808701931,0.07317150493483882
2024-03-21,0.03610942997692755,0.03968373415191421,0.03719492145660389,0.04100772138010499,0.040438581185340085,0.03143021233069745,0.03242868620944959,0.03198822930577359,0.043506295523969354,0.051503748937185054,0.04531446735449068,0.03178499096167949,0.022737478548204217,0.0,0.0,0.04127395870068224,0.016131582750804167,0.01914719085065771,0.0,0.01941798245060838,0.0,0.05632717185983226,0.23983262304321687,0.04956948808701931,0.07317150493483882
2024-03-22,0.03610942997692755,0.03968373415191421,0.03719492145660389,0.04100772138010499,0.040438581185340085,0.03143021233069745,0.03242868620944959,0.03198822930577359,0.043506295523969354,0.051503748937185054,0.04531446735449068,0.03178499096167949,0.022737478548204217,0.0,0.0,0.04127395870068224,0.016131582750804167,0.01914719085065771,0.0,0.01941798245060838,0.0,0.05632717185983226,0.23983262304321687,0.04956948808701931,0.07317150493483882
2024-03-25,0.03610942997692755,0.03968373415191421,0.03719492145660389,0.04100772138010499,0.040438581185340085,0.03143021233069745,0.03242868620944959,0.03198822930577359,0.043506295523969354,0.051503748937185054,0.04531446735449068,0.03178499096167949,0.022737478548204217,0.0,0.0,0.04127395870068224,0.016131582750804167,0.01914719085065771,0.0,0.01941798245060838,0.0,0.05632717185983226,0.23983262304321687,0.04956948808701931,0.07317150493483882
2024-03-26,0.03610942997692755,0.03968373415191421,0.03719492145660389,0.04100772138010499,0.040438581185340085,0.03143021233069745,0.03242868620944959,0.03198822930577359,0.043506295523969354,0.051503748937185054,0.04531446735449068,0.03178499096167949,0.022737478548204217,0.0,0.0,0.04127395870068224,0.016131582750804167,0.01914719085065771,0.0,0.01941798245060838,0.0,0.05632717185983226,0.23983262304321687,0.04956948808701931,0.07317150493483882
2024-03-27,0.03610942997692755,0.03968373415191421,0.03719492145660389,0.04100772138010499,0.040438581185340085,0.03143021233069745,0.03242868620944959,0.03198822930577359,0.043506295523969354,0.051503748937185054,0.04531446735449068,0.03178499096167949,0.022737478548204217,0.0,0.0,0.04127395870068224,0.016131582750804167,0.01914719085065771,0.0,0.01941798245060838,0.0,0.05632717185983226,0.23983262304321687,0.04956948808701931,0.07317150493483882
2024-03-28,0.03610942997692755,0.03968373415191421,0.03719492145660389,0.04100772138010499,0.040438581185340085,0.03143021233069745,0.03242868620944959,0.03198822930577359,0.043506295523969354,0.051503748937185054,0.04531446735449068,0.03178499096167949,0.022737478548204217,0.0,0.0,0.04127395870068224,0.016131582750804167,0.01914719085065771,0.0,0.01941798245060838,0.0,0.05632717185983226,0.23983262304321687,0.04956948808701931,0.07317150493483882
2024-03-29,0.03610942997692755,0.03968373415191421,0.03719492145660389,0.04100772138010499,0.040438581185340085,0.03143021233069745,0.03242868620944959,0.03198822930577359,0.043506295523969354,0.051503748937185054,0.04531446735449068,0.03178499096167949,0.022737478548204217,0.0,0.0,0.04127395870068224,0.016131582750804167,0.01914719085065771,0.0,0.01941798245060838,0.0,0.05632717185983226,0.23983262304321687,0.04956948808701931,0.07317150493483882
2024-04-01,0.03284175705698231,0.03603623689004364,0.03524609768940469,0.041150515402754974,0.04095510400241636,0.031865586208401804,0.03278009234389473,0.044102476013798686,0.0,0.05681091465648247,0.04674238689422934,0.03553168994737781,0.02448721870884166,0.0,0.0,0.03762829768523979,0.0,0.01992780833263937,0.0,0.020505781269769922,0.02712104320693155,0.05931369671622074,0.24340133767158217,0.053828163255201754,0.07972379604778626
2024-04-02,0.03284175705698231,0.03603623689004364,0.03524609768940469,0.041150515402754974,0.04095510400241636,0.031865586208401804,0.03278009234389473,0.044102476013798686,0.0,0.05681091465648247,0.04674238689422934,0.03553168994737781,0.02448721870884166,0.0,0.0,0.03762829768523979,0.0,0.01992780833263937,0.0,0.020505781269769922,0.02712104320693155,0.05931369671622074,0.24340133767158217,0.053828163255201754,0.07972379604778626
2024-04-03,0.03284175705698231,0.03603623689004364,0.03524609768940469,0.041150515402754974,0.04095510400241636,0.031865586208401804,0.03278009234389473,0.044102476013798686,0.0,0.05681091465648247,0.04674238689422934,0.03553168994737781,0.02448721870884166,0.0,0.0,0.03762829768523979,0.0,0.01992780833263937,0.0,0.020505781269769922,0.02712104320693155,0.05931369671622074,0.24340133767158217,0.053828163255201754,0.07972379604778626
2024-04-04,0.03284175705698231,0.03603623689004364,0.03524609768940469,0.041150515402754974,0.04095510400241636,0.031865586208401804,0.03278009234389473,0.044102476013798686,0.0,0.05681091465648247,0.04674238689422934,0.03553168994737781,0.02448721870884166,0.0,0.0,0.03762829768523979,0.0,0.01992780833263937,0.0,0.020505781269769922,0.02712104320693155,0.05931369671622074,0.24340133767158217,0.053828163255201754,0.07972379604778626
2024-04-05,0.03284175705698231,0.03603623689004364,0.03524609768940469,0.041150515402754974,0.04095510400241636,0.031865586208401804,0.03278009234389473,0.044102476013798686,0.0,0.05681091465648247,0.04674238689422934,0.03553168994737781,0.02448721870884166,0.0,0.0,0.03762829768523979,0.0,0.01992780833263937,0.0,0.020505781269769922,0.02712104320693155,0.05931369671622074,0.24340133767158217,0.053828163255201754,0.07972379604778626
2024-04-08,0.03284175705698231,0.03603623689004364,0.03524609768940469,0.041150515402754974,0.04095510400241636,0.031865586208401804,0.03278009234389473,0.044102476013798686,0.0,0.05681091465648247,0.04674238689422934,0.03553168994737781,0.02448721870884166,0.0,0.0,0.03762829768523979,0.0,0.01992780833263937,0.0,0.020505781269769922,0.02712104320693155,0.05931369671622074,0.24340133767158217,0.053828163255201754,0.07972379604778626
2024-04-09,0.03284175705698231,0.03603623689004364,0.03524609768940469,0.041150515402754974,0.04095510400241636,0.031865586208401804,0.03278009234389473,0.044102476013798686,0.0,0.05681091465648247,0.04674238689422934,0.03553168994737781,0.02448721870884166,0.0,0.0,0.03762829768523979,0.0,0.01992780833263937,0.0,0.020505781269769922,0.02712104320693155,0.05931369671622074,0.24340133767158217,0.053828163255201754,0.07972379604778626
2024-04-10,0.03284175705698231,0.03603623689004364,0.03524609768940469,0.041150515402754974,0.04095510400241636,0.031865586208401804,0.03278009234389473,0.044102476013798686,0.0,0.05681091465648247,0.04674238689422934,0.03553168994737781,0.02448721870884166,0.0,0.0,0.03762829768523979,0.0,0.01992780833263937,0.0,0.020505781269769922,0.02712104320693155,0.05931369671622074,0.24340133767158217,0.053828163255201754,0.07972379604778626
2024-04-11,0.03284175705698231,0.03603623689004364,0.03524609768940469,0.041150515402754974,0.04095510400241636,0.031865586208401804,0.03278009234389473,0.044102476013798686,0.0,0.05681091465648247,0.04674238689422934,0.03553168994737781,0.02448721870884166,0.0,0.0,0.03762829768523979,0.0,0.01992780833263937,0.0,0.020505781269769922,0.02712104320693155,0.05931369671622074,0.24340133767158217,0.053828163255201754,0.07972379604778626
2024-04-12,0.03284175705698231,0.03603623689004364,0.03524609768940469,0.041150515402754974,0.04095510400241636,0.031865586208401804,0.03278009234389473,0.044102476013798686,0.0,0.05681091465648247,0.04674238689422934,0.03553168994737781,0.02448721870884166,0.0,0.0,0.03762829768523979,0.0,0.01992780833263937,0.0,0.020505781269769922,0.02712104320693155,0.05931369671622074,0.24340133767158217,0.053828163255201754,0.07972379604778626
2024-04-15,0.03284175705698231,0.03603623689004364,0.03524609768940469,0.041150515402754974,0.04095510400241636,0.031865586208401804,0.03278009234389473,0.044102476013798686,0.0,0.05681091465648247,0.04674238689422934,0.03553168994737781,0.02448721870884166,0.0,0.0,0.03762829768523979,0.0,0.01992780833263937,0.0,0.020505781269769922,0.02712104320693155,0.05931369671622074,0.24340133767158217,0.053828163255201754,0.07972379604778626
2024-04-16,0.03284175705698231,0.03603623689004364,0.03524609768940469,0.041150515402754974,0.04095510400241636,0.031865586208401804,0.03278009234389473,0.044102476013798686,0.0,0.05681091465648247,0.04674238689422934,0.03553168994737781,0.02448721870884166,0.0,0.0,0.03762829768523979,0.0,0.01992780833263937,0.0,0.020505781269769922,0.02712104320693155,0.05931369671622074,0.24340133767158217,0.053828163255201754,0.07972379604778626
2024-04-17,0.03284175705698231,0.03603623689004364,0.03524609768940469,0.041150515402754974,0.04095510400241636,0.031865586208401804,0.03278009234389473,0.044102476013798686,0.0,0.05681091465648247,0.04674238689422934,0.03553168994737781,0.02448721870884166,0.0,0.0,0.03762829768523979,0.0,0.01992780833263937,0.0,0.020505781269769922,0.02712104320693155,0.05931369671622074,0.24340133767158217,0.053828163255201754,0.07972379604778626
2024-04-18,0.03284175705698231,0.03603623689004364,0.03524609768940469,0.041150515402754974,0.04095510400241636,0.031865586208401804,0.03278009234389473,0.044102476013798686,0.0,0.05681091465648247,0.04674238689422934,0.03553168994737781,0.02448721870884166,0.0,0.0,0.03762829768523979,0.0,0.01992780833263937,0.0,0.020505781269769922,0.02712104320693155,0.05931369671622074,0.24340133767158217,0.053828163255201754,0.07972379604778626
2024-04-19,0.03284175705698231,0.03603623689004364,0.03524609768940469,0.041150515402754974,0.04095510400241636,0.031865586208401804,0.03278009234389473,0.044102476013798686,0.0,0.05681091465648247,0.04674238689422934,0.03553168994737781,0.02448721870884166,0.0,0.0,0.03762829768523979,0.0,0.01992780833263937,0.0,0.020505781269769922,0.02712104320693155,0.05931369671622074,0.24340133767158217,0.053828163255201754,0.07972379604778626
2024-04-22,0.03284175705698231,0.03603623689004364,0.03524609768940469,0.041150515402754974,0.04095510400241636,0.031865586208401804,0.03278009234389473,0.044102476013798686,0.0,0.05681091465648247,0.04674238689422934,0.03553168994737781,0.02448721870884166,0.0,0.0,0.03762829768523979,0.0,0.01992780833263937,0.0,0.020505781269769922,0.02712104320693155,0.05931369671622074,0.24340133767158217,0.053828163255201754,0.07972379604778626
2024-04-23,0.03284175705698231,0.03603623689004364,0.03524609768940469,0.041150515402754974,0.04095510400241636,0.031865586208401804,0.03278009234389473,0.044102476013798686,0.0,0.05681091465648247,0.04674238689422934,0.03553168994737781,0.02448721870884166,0.0,0.0,0.03762829768523979,0.0,0.01992780833263937,0.0,0.020505781269769922,0.02712104320693155,0.05931369671622074,0.24340133767158217,0.053828163255201754,0.07972379604778626
2024-04-24,0.03284175705698231,0.03603623689004364,0.03524609768940469,0.041150515402754974,0.04095510400241636,0.031865586208401804,0.03278009234389473,0.044102476013798686,0.0,0.05681091465648247,0.04674238689422934,0.03553168994737781,0.02448721870884166,0.0,0.0,0.03762829768523979,0.0,0.01992780833263937,0.0,0.020505781269769922,0.02712104320693155,0.05931369671622074,0.24340133767158217,0.053828163255201754,0.07972379604778626
2024-04-25,0.03284175705698231,0.03603623689004364,0.03524609768940469,0.041150515402754974,0.04095510400241636,0.031865586208401804,0.03278009234389473,0.044102476013798686,0.0,0.05681091465648247,0.04674238689422934,0.03553168994737781,0.02448721870884166,0.0,0.0,0.03762829768523979,0.0,0.01992780833263937,0.0,0.020505781269769922,0.02712104320693155,0.05931369671622074,0.24340133767158217,0.053828163255201754,0.07972379604778626
2024-04-26,0.03284175705698231,0.03603623689004364,0.03524609768940469,0.041150515402754974,0.04095510400241636,0.031865586208401804,0.03278009234389473,0.044102476013798686,0.0,0.05681091465648247,0.04674238689422934,0.03553168994737781,0.02448721870884166,0.0,0.0,0.03762829768523979,0.0,0.01992780833263937,0.0,0.020505781269769922,0.02712104320693155,0.05931369671622074,0.24340133767158217,0.053828163255201754,0.07972379604778626
2024-04-29,0.03284175705698231,0.03603623689004364,0.03524609768940469,0.041150515402754974,0.04095510400241636,0.031865586208401804,0.03278009234389473,0.044102476013798686,0.0,0.05681091465648247,0.04674238689422934,0.03553168994737781,0.02448721870884166,0.0,0.0,0.03762829768523979,0.0,0.01992780833263937,0.0,0.020505781269769922,0.02712104320693155,0.05931369671622074,0.24340133767158217,0.053828163255201754,0.07972379604778626
2024-04-30,0.03284175705698231,0.03603623689004364,0.03524609768940469,0.041150515402754974,0.04095510400241636,0.031865586208401804,0.03278009234389473,0.044102476013798686,0.0,0.05681091465648247,0.04674238689422934,0.03553168994737781,0.02448721870884166,0.0,0.0,0.03762829768523979,0.0,0.01992780833263937,0.0,0.020505781269769922,0.02712104320693155,0.05931369671622074,0.24340133767158217,0.053828163255201754,0.07972379604778626
2024-05-01,0.03284175705698231,0.03603623689004364,0.03524609768940469,0.041150515402754974,0.04095510400241636,0.031865586208401804,0.03278009234389473,0.044102476013798686,0.0,0.05681091465648247,0.04674238689422934,0.03553168994737781,0.02448721870884166,0.0,0.0,0.03762829768523979,0.0,0.01992780833263937,0.0,0.020505781269769922,0.02712104320693155,0.05931369671622074,0.24340133767158217,0.053828163255201754,0.07972379604778626
2024-05-02,0.03284175705698231,0.03603623689004364,0.03524609768940469,0.041150515402754974,0.04095510400241636,0.031865586208401804,0.03278009234389473,0.044102476013798686,0.0,0.05681091465648247,0.04674238689422934,0.03553168994737781,0.02448721870884166,0.0,0.0,0.03762829768523979,0.0,0.01992780833263937,0.0,0.020505781269769922,0.02712104320693155,0.05931369671622074,0.24340133767158217,0.053828163255201754,0.07972379604778626
2024-05-03,0.03284175705698231,0.03603623689004364,0.03524609768940469,0.041150515402754974,0.04095510400241636,0.031865586208401804,0.03278009234389473,0.044102476013798686,0.0,0.05681091465648247,0.04674238689422934,0.03553168994737781,0.02448721870884166,0.0,0.0,0.03762829768523979,0.0,0.01992780833263937,0.0,0.020505781269769922,0.02712104320693155,0.05931369671622074,0.24340133767158217,0.053828163255201754,0.07972379604778626
2024-05-06,0.03284175705698231,0.03603623689004364,0.03524609768940469,0.041150515402754974,0.04095510400241636,0.031865586208401804,0.03278009234389473,0.044102476013798686,0.0,0.05681091465648247,0.04674238689422934,0.03553168994737781,0.02448721870884166,0.0,0.0,0.03762829768523979,0.0,0.01992780833263937,0.0,0.020505781269769922,0.02712104320693155,0.05931369671622074,0.24340133767158217,0.053828163255201754,0.07972379604778626
2024-05-07,0.03284175705698231,0.03603623689004364,0.03524609768940469,0.041150515402754974,0.04095510400241636,0.031865586208401804,0.03278009234389473,0.044102476013798686,0.0,0.05681091465648247,0.04674238689422934,0.03553168994737781,0.02448721870884166,0.0,0.0,0.03762829768523979,0.0,0.01992780833263937,0.0,0.020505781269769922,0.02712104320693155,0.05931369671622074,0.24340133767158217,0.053828163255201754,0.07972379604778626
2024-05-08,0.03284175705698231,0.03603623689004364,0.03524609768940469,0.041150515402754974,0.04095510400241636,0.031865586208401804,0.03278009234389473,0.044102476013798686,0.0,0.05681091465648247,0.04674238689422934,0.03553168994737781,0.02448721870884166,0.0,0.0,0.03762829768523979,0.0,0.01992780833263937,0.0,0.020505781269769922,0.02712104320693155,0.05931369671622074,0.24340133767158217,0.053828163255201754,0.07972379604778626
2024-05-09,0.03284175705698231,0.03603623689004364,0.03524609768940469,0.041150515402754974,0.04095510400241636,0.031865586208401804,0.03278009234389473,0.044102476013798686,0.0,0.05681091465648247,0.04674238689422934,0.03553168994737781,0.02448721870884166,0.0,0.0,0.03762829768523979,0.0,0.01992780833263937,0.0,0.020505781269769922,0.02712104320693155,0.05931369671622074,0.24340133767158217,0.053828163255201754,0.07972379604778626
2024-05-10,0.03284175705698231,0.03603623689004364,0.03524609768940469,0.041150515402754974,0.04095510400241636,0.031865586208401804,0.03278009234389473,0.044102476013798686,0.0,0.05681091465648247,0.04674238689422934,0.03553168994737781,0.02448721870884166,0.0,0.0,0.03762829768523979,0.0,0.01992780833263937,0.0,0.020505781269769922,0.02712104320693155,0.05931369671622074,0.24340133767158217,0.053828163255201754,0.07972379604778626
2024-05-13,0.03284175705698231,0.03603623689004364,0.03524609768940469,0.041150515402754974,0.04095510400241636,0.031865586208401804,0.03278009234389473,0.044102476013798686,0.0,0.05681091465648247,0.04674238689422934,0.03553168994737781,0.02448721870884166,0.0,0.0,0.03762829768523979,0.0,0.01992780833263937,0.0,0.020505781269769922,0.02712104320693155,0.05931369671622074,0.24340133767158217,0.053828163255201754,0.07972379604778626
2024-05-14,0.03284175705698231,0.03603623689004364,0.03524609768940469,0.041150515402754974,0.04095510400241636,0.031865586208401804,0.03278009234389473,0.044102476013798686,0.0,0.05681091465648247,0.04674238689422934,0.03553168994737781,0.02448721870884166,0.0,0.0,0.03762829768523979,0.0,0.01992780833263937,0.0,0.020505781269769922,0.02712104320693155,0.05931369671622074,0.24340133767158217,0.053828163255201754,0.07972379604778626
2024-05-15,0.03284175705698231,0.03603623689004364,0.03524609768940469,0.041150515402754974,0.04095510400241636,0.031865586208401804,0.03278009234389473,0.044102476013798686,0.0,0.05681091465648247,0.04674238689422934,0.03553168994737781,0.02448721870884166,0.0,0.0,0.03762829768523979,0.0,0.01992780833263937,0.0,0.020505781269769922,0.02712104320693155,0.05931369671622074,0.24340133767158217,0.053828163255201754,0.07972379604778626
2024-05-16,0.03284175705698231,0.03603623689004364,0.03524609768940469,0.041150515402754974,0.04095510400241636,0.031865586208401804,0.03278009234389473,0.044102476013798686,0.0,0.05681091465648247,0.04674238689422934,0.03553168994737781,0.02448721870884166,0.0,0.0,0.03762829768523979,0.0,0.01992780833263937,0.0,0.020505781269769922,0.02712104320693155,0.05931369671622074,0.24340133767158217,0.053828163255201754,0.07972379604778626
2024-05-17,0.03284175705698231,0.03603623689004364,0.03524609768940469,0.041150515402754974,0.04095510400241636,0.031865586208401804,0.03278009234389473,0.044102476013798686,0.0,0.05681091465648247,0.04674238689422934,0.03553168994737781,0.02448721870884166,0.0,0.0,0.03762829768523979,0.0,0.01992780833263937,0.0,0.020505781269769922,0.02712104320693155,0.05931369671622074,0.24340133767158217,0.053828163255201754,0.07972379604778626
2024-05-20,0.03284175705698231,0.03603623689004364,0.03524609768940469,0.041150515402754974,0.04095510400241636,0.031865586208401804,0.03278009234389473,0.044102476013798686,0.0,0.05681091465648247,0.04674238689422934,0.03553168994737781,0.02448721870884166,0.0,0.0,0.03762829768523979,0.0,0.01992780833263937,0.0,0.020505781269769922,0.02712104320693155,0.05931369671622074,0.24340133767158217,0.053828163255201754,0.07972379604778626
2024-05-21,0.03284175705698231,0.03603623689004364,0.03524609768940469,0.041150515402754974,0.04095510400241636,0.031865586208401804,0.03278009234389473,0.044102476013798686,0.0,0.05681091465648247,0.04674238689422934,0.03553168994737781,0.02448721870884166,0.0,0.0,0.03762829768523979,0.0,0.01992780833263937,0.0,0.020505781269769922,0.02712104320693155,0.05931369671622074,0.24340133767158217,0.053828163255201754,0.07972379604778626
2024-05-22,0.03284175705698231,0.03603623689004364,0.03524609768940469,0.041150515402754974,0.04095510400241636,0.031865586208401804,0.03278009234389473,0.044102476013798686,0.0,0.05681091465648247,0.04674238689422934,0.03553168994737781,0.02448721870884166,0.0,0.0,0.03762829768523979,0.0,0.01992780833263937,0.0,0.020505781269769922,0.02712104320693155,0.05931369671622074,0.24340133767158217,0.053828163255201754,0.07972379604778626
2024-05-23,0.03284175705698231,0.03603623689004364,0.03524609768940469,0.041150515402754974,0.04095510400241636,0.031865586208401804,0.03278009234389473,0.044102476013798686,0.0,0.05681091465648247,0.04674238689422934,0.03553168994737781,0.02448721870884166,0.0,0.0,0.03762829768523979,0.0,0.01992780833263937,0.0,0.020505781269769922,0.02712104320693155,0.05931369671622074,0.24340133767158217,0.053828163255201754,0.07972379604778626
2024-05-24,0.03284175705698231,0.03603623689004364,0.03524609768940469,0.041150515402754974,0.04095510400241636,0.031865586208401804,0.03278009234389473,0.044102476013798686,0.0,0.05681091465648247,0.04674238689422934,0.03553168994737781,0.02448721870884166,0.0,0.0,0.03762829768523979,0.0,0.01992780833263937,0.0,0.020505781269769922,0.02712104320693155,0.05931369671622074,0.24340133767158217,0.053828163255201754,0.07972379604778626
2024-05-27,0.03284175705698231,0.03603623689004364,0.03524609768940469,0.041150515402754974,0.04095510400241636,0.031865586208401804,0.03278009234389473,0.044102476013798686,0.0,0.05681091465648247,0.04674238689422934,0.03553168994737781,0.02448721870884166,0.0,0.0,0.03762829768523979,0.0,0.01992780833263937,0.0,0.020505781269769922,0.02712104320693155,0.05931369671622074,0.24340133767158217,0.053828163255201754,0.07972379604778626
2024-05-28,0.03284175705698231,0.03603623689004364,0.03524609768940469,0.041150515402754974,0.04095510400241636,0.031865586208401804,0.03278009234389473,0.044102476013798686,0.0,0.05681091465648247,0.04674238689422934,0.03553168994737781,0.02448721870884166,0.0,0.0,0.03762829768523979,0.0,0.01992780833263937,0.0,0.020505781269769922,0.02712104320693155,0.05931369671622074,0.24340133767158217,0.053828163255201754,0.07972379604778626
2024-05-29,0.03284175705698231,0.03603623689004364,0.03524609768940469,0.041150515402754974,0.04095510400241636,0.031865586208401804,0.03278009234389473,0.044102476013798686,0.0,0.05681091465648247,0.04674238689422934,0.03553168994737781,0.02448721870884166,0.0,0.0,0.03762829768523979,0.0,0.01992780833263937,0.0,0.020505781269769922,0.02712104320693155,0.05931369671622074,0.24340133767158217,0.053828163255201754,0.07972379604778626
2024-05-30,0.03284175705698231,0.03603623689004364,0.03524609768940469,0.041150515402754974,0.04095510400241636,0.031865586208401804,0.03278009234389473,0.044102476013798686,0.0,0.05681091465648247,0.04674238689422934,0.03553168994737781,0.02448721870884166,0.0,0.0,0.03762829768523979,0.0,0.01992780833263937,0.0,0.020505781269769922,0.02712104320693155,0.05931369671622074,0.24340133767158217,0.053828163255201754,0.07972379604778626
2024-05-31,0.03284175705698231,0.03603623689004364,0.03524609768940469,0.041150515402754974,0.04095510400241636,0.031865586208401804,0.03278009234389473,0.044102476013798686,0.0,0.05681091465648247,0.04674238689422934,0.03553168994737781,0.02448721870884166,0.0,0.0,0.03762829768523979,0.0,0.01992780833263937,0.0,0.020505781269769922,0.02712104320693155,0.05931369671622074,0.24340133767158217,0.053828163255201754,0.07972379604778626
2024-06-03,0.026274227710627054,0.0281123296819467,0.028100281048615307,0.03369271776878517,0.03224870591083961,0.02519057499531778,0.025600820021687173,0.04062110954369314,0.043697978343984076,0.05174141856020848,0.04613722896216654,0.03497632031726506,0.02178456481911152,0.033303034741804,0.0,0.03244422306990004,0.0,0.016200401632853783,0.0,0.016998143071207762,0.03003551168372859,0.06060697201947762,0.23277816530011075,0.05654429644224445,0.08291097435442535
2024-06-04,0.026274227710627054,0.0281123296819467,0.028100281048615307,0.03369271776878517,0.03224870591083961,0.02519057499531778,0.025600820021687173,0.04062110954369314,0.043697978343984076,0.05174141856020848,0.04613722896216654,0.03497632031726506,0.02178456481911152,0.033303034741804,0.0,0.03244422306990004,0.0,0.016200401632853783,0.0,0.016998143071207762,0.03003551168372859,0.06060697201947762,0.23277816530011075,0.05654429644224445,0.08291097435442535
2024-06-05,0.026274227710627054,0.0281123296819467,0.028100281048615307,0.03369271776878517,0.03224870591083961,0.02519057499531778,0.025600820021687173,0.04062110954369314,0.043697978343984076,0.05174141856020848,0.04613722896216654,0.03497632031726506,0.02178456481911152,0.033303034741804,0.0,0.03244422306990004,0.0,0.016200401632853783,0.0,0.016998143071207762,0.03003551168372859,0.06060697201947762,0.23277816530011075,0.05654429644224445,0.08291097435442535
2024-06-06,0.026274227710627054,0.0281123296819467,0.028100281048615307,0.03369271776878517,0.03224870591083961,0.02519057499531778,0.025600820021687173,0.04062110954369314,0.043697978343984076,0.05174141856020848,0.04613722896216654,0.03497632031726506,0.02178456481911152,0.033303034741804,0.0,0.03244422306990004,0.0,0.016200401632853783,0.0,0.016998143071207762,0.03003551168372859,0.06060697201947762,0.23277816530011075,0.05654429644224445,0.08291097435442535
2024-06-07,0.026274227710627054,0.0281123296819467,0.028100281048615307,0.03369271776878517,0.03224870591083961,0.02519057499531778,0.025600820021687173,0.04062110954369314,0.043697978343984076,0.05174141856020848,0.04613722896216654,0.03497632031726506,0.02178456481911152,0.033303034741804,0.0,0.03244422306990004,0.0,0.016200401632853783,0.0,0.016998143071207762,0.03003551168372859,0.06060697201947762,0.23277816530011075,0.05654429644224445,0.08291097435442535
2024-06-10,0.026274227710627054,0.0281123296819467,0.028100281048615307,0.03369271776878517,0.03224870591083961,0.02519057499531778,0.025600820021687173,0.04062110954369314,0.043697978343984076,0.05174141856020848,0.04613722896216654,0.03497632031726506,0.02178456481911152,0.033303034741804,0.0,0.03244422306990004,0.0,0.016200401632853783,0.0,0.016998143071207762,0.03003551168372859,0.06060697201947762,0.23277816530011075,0.05654429644224445,0.08291097435442535
2024-06-11,0.026274227710627054,0.0281123296819467,0.028100281048615307,0.03369271776878517,0.03224870591083961,0.02519057499531778,0.025600820021687173,0.04062110954369314,0.043697978343984076,0.05174141856020848,0.04613722896216654,0.03497632031726506,0.02178456481911152,0.033303034741804,0.0,0.03244422306990004,0.0,0.016200401632853783,0.0,0.016998143071207762,0.03003551168372859,0.06060697201947762,0.23277816530011075,0.05654429644224445,0.08291097435442535
2024-06-12,0.026274227710627054,0.0281123296819467,0.028100281048615307,0.03369271776878517,0.03224870591083961,0.02519057499531778,0.025600820021687173,0.04062110954369314,0.043697978343984076,0.05174141856020848,0.04613722896216654,0.03497632031726506,0.02178456481911152,0.033303034741804,0.0,0.03244422306990004,0.0,0.016200401632853783,0.0,0.016998143071207762,0.03003551168372859,0.06060697201947762,0.23277816530011075,0.05654429644224445,0.08291097435442535
2024-06-13,0.026274227710627054,0.0281123296819467,0.028100281048615307,0.03369271776878517,0.03224870591083961,0.02519057499531778,0.025600820021687173,0.04062110954369314,0.043697978343984076,0.05174141856020848,0.04613722896216654,0.03497632031726506,0.02178456481911152,0.033303034741804,0.0,0.03244422306990004,0.0,0.016200401632853783,0.0,0.016998143071207762,0.03003551168372859,0.06060697201947762,0.23277816530011075,0.05654429644224445,0.08291097435442535
2024-06-14,0.026274227710627054,0.0281123296819467,0.028100281048615307,0.03369271776878517,0.03224870591083961,0.02519057499531778,0.025600820021687173,0.04062110954369314,0.043697978343984076,0.05174141856020848,0.04613722896216654,0.03497632031726506,0.02178456481911152,0.033303034741804,0.0,0.03244422306990004,0.0,0.016200401632853783,0.0,0.016998143071207762,0.03003551168372859,0.06060697201947762,0.23277816530011075,0.05654429644224445,0.08291097435442535
2024-06-17,0.026274227710627054,0.0281123296819467,0.028100281048615307,0.03369271776878517,0.03224870591083961,0.02519057499531778,0.025600820021687173,0.04062110954369314,0.043697978343984076,0.05174141856020848,0.04613722896216654,0.03497632031726506,0.02178456481911152,0.033303034741804,0.0,0.03244422306990004,0.0,0.016200401632853783,0.0,0.016998143071207762,0.03003551168372859,0.06060697201947762,0.23277816530011075,0.05654429644224445,0.08291097435442535
2024-06-18,0.026274227710627054,0.0281123296819467,0.028100281048615307,0.03369271776878517,0.03224870591083961,0.02519057499531778,0.025600820021687173,0.04062110954369314,0.043697978343984076,0.05174141856020848,0.04613722896216654,0.03497632031726506,0.02178456481911152,0.033303034741804,0.0,0.03244422306990004,0.0,0.016200401632853783,0.0,0.016998143071207762,0.03003551168372859,0.06060697201947762,0.23277816530011075,0.05654429644224445,0.08291097435442535
2024-06-19,0.026274227710627054,0.0281123296819467,0.028100281048615307,0.03369271776878517,0.03224870591083961,0.02519057499531778,0.025600820021687173,0.04062110954369314,0.043697978343984076,0.05174141856020848,0.04613722896216654,0.03497632031726506,0.02178456481911152,0.033303034741804,0.0,0.03244422306990004,0.0,0.016200401632853783,0.0,0.016998143071207762,0.03003551168372859,0.06060697201947762,0.23277816530011075,0.05654429644224445,0.08291097435442535
2024-06-20,0.026274227710627054,0.0281123296819467,0.028100281048615307,0.03369271776878517,0.03224870591083961,0.02519057499531778,0.025600820021687173,0.04062110954369314,0.043697978343984076,0.05174141856020848,0.04613722896216654,0.03497632031726506,0.02178456481911152,0.033303034741804,0.0,0.03244422306990004,0.0,0.016200401632853783,0.0,0.016998143071207762,0.03003551168372859,0.06060697201947762,0.23277816530011075,0.05654429644224445,0.08291097435442535
2024-06-21,0.026274227710627054,0.0281123296819467,0.028100281048615307,0.03369271776878517,0.03224870591083961,0.02519057499531778,0.025600820021687173,0.04062110954369314,0.043697978343984076,0.05174141856020848,0.04613722896216654,0.03497632031726506,0.02178456481911152,0.033303034741804,0.0,0.03244422306990004,0.0,0.016200401632853783,0.0,0.016998143071207762,0.03003551168372859,0.06060697201947762,0.23277816530011075,0.05654429644224445,0.08291097435442535
2024-06-24,0.026274227710627054,0.0281123296819467,0.028100281048615307,0.03369271776878517,0.03224870591083961,0.02519057499531778,0.025600820021687173,0.04062110954369314,0.043697978343984076,0.05174141856020848,0.04613722896216654,0.03497632031726506,0.02178456481911152,0.033303034741804,0.0,0.03244422306990004,0.0,0.016200401632853783,0.0,0.016998143071207762,0.03003551168372859,0.06060697201947762,0.23277816530011075,0.05654429644224445,0.08291097435442535
2024-06-25,0.026274227710627054,0.0281123296819467,0.028100281048615307,0.03369271776878517,0.03224870591083961,0.02519057499531778,0.025600820021687173,0.04062110954369314,0.043697978343984076,0.05174141856020848,0.04613722896216654,0.03497632031726506,0.02178456481911152,0.033303034741804,0.0,0.03244422306990004,0.0,0.016200401632853783,0.0,0.016998143071207762,0.03003551168372859,0.06060697201947762,0.23277816530011075,0.05654429644224445,0.08291097435442535
2024-06-26,0.026274227710627054,0.0281123296819467,0.028100281048615307,0.03369271776878517,0.03224870591083961,0.02519057499531778,0.025600820021687173,0.04062110954369314,0.043697978343984076,0.05174141856020848,0.04613722896216654,0.03497632031726506,0.02178456481911152,0.033303034741804,0.0,0.03244422306990004,0.0,0.016200401632853783,0.0,0.016998143071207762,0.03003551168372859,0.06060697201947762,0.23277816530011075,0.05654429644224445,0.08291097435442535
2024-06-27,0.026274227710627054,0.0281123296819467,0.028100281048615307,0.03369271776878517,0.03224870591083961,0.02519057499531778,0.025600820021687173,0.04062110954369314,0.043697978343984076,0.05174141856020848,0.04613722896216654,0.03497632031726506,0.02178456481911152,0.033303034741804,0.0,0.03244422306990004,0.0,0.016200401632853783,0.0,0.016998143071207762,0.03003551168372859,0.06060697201947762,0.23277816530011075,0.05654429644224445,0.08291097435442535
2024-06-28,0.026274227710627054,0.0281123296819467,0.028100281048615307,0.03369271776878517,0.03224870591083961,0.02519057499531778,0.025600820021687173,0.04062110954369314,0.043697978343984076,0.05174141856020848,0.04613722896216654,0.03497632031726506,0.02178456481911152,0.033303034741804,0.0,0.03244422306990004,0.0,0.016200401632853783,0.0,0.016998143071207762,0.03003551168372859,0.06060697201947762,0.23277816530011075,0.05654429644224445,0.08291097435442535
2024-07-01,0.026274227710627054,0.0281123296819467,0.028100281048615307,0.03369271776878517,0.03224870591083961,0.02519057499531778,0.025600820021687173,0.04062110954369314,0.043697978343984076,0.05174141856020848,0.04613722896216654,0.03497632031726506,0.02178456481911152,0.033303034741804,0.0,0.03244422306990004,0.0,0.016200401632853783,0.0,0.016998143071207762,0.03003551168372859,0.06060697201947762,0.23277816530011075,0.05654429644224445,0.08291097435442535
2024-07-02,0.026274227710627054,0.0281123296819467,0.028100281048615307,0.03369271776878517,0.03224870591083961,0.02519057499531778,0.025600820021687173,0.04062110954369314,0.043697978343984076,0.05174141856020848,0.04613722896216654,0.03497632031726506,0.02178456481911152,0.033303034741804,0.0,0.03244422306990004,0.0,0.016200401632853783,0.0,0.016998143071207762,0.03003551168372859,0.06060697201947762,0.23277816530011075,0.05654429644224445,0.08291097435442535
2024-07-03,0.026274227710627054,0.0281123296819467,0.028100281048615307,0.03369271776878517,0.03224870591083961,0.02519057499531778,0.025600820021687173,0.04062110954369314,0.043697978343984076,0.05174141856020848,0.04613722896216654,0.03497632031726506,0.02178456481911152,0.033303034741804,0.0,0.03244422306990004,0.0,0.016200401632853783,0.0,0.016998143071207762,0.03003551168372859,0.06060697201947762,0.23277816530011075,0.05654429644224445,0.08291097435442535
2024-07-04,0.026274227710627054,0.0281123296819467,0.028100281048615307,0.03369271776878517,0.03224870591083961,0.02519057499531778,0.025600820021687173,0.04062110954369314,0.043697978343984076,0.05174141856020848,0.04613722896216654,0.03497632031726506,0.02178456481911152,0.033303034741804,0.0,0.03244422306990004,0.0,0.016200401632853783,0.0,0.016998143071207762,0.03003551168372859,0.06060697201947762,0.23277816530011075,0.05654429644224445,0.08291097435442535
2024-07-05,0.026274227710627054,0.0281123296819467,0.028100281048615307,0.03369271776878517,0.03224870591083961,0.02519057499531778,0.025600820021687173,0.04062110954369314,0.043697978343984076,0.05174141856020848,0.04613722896216654,0.03497632031726506,0.02178456481911152,0.033303034741804,0.0,0.03244422306990004,0.0,0.016200401632853783,0.0,0.016998143071207762,0.03003551168372859,0.06060697201947762,0.23277816530011075,0.05654429644224445,0.08291097435442535
2024-07-08,0.026274227710627054,0.0281123296819467,0.028100281048615307,0.03369271776878517,0.03224870591083961,0.02519057499531778,0.025600820021687173,0.04062110954369314,0.043697978343984076,0.05174141856020848,0.04613722896216654,0.03497632031726506,0.02178456481911152,0.033303034741804,0.0,0.03244422306990004,0.0,0.016200401632853783,0.0,0.016998143071207762,0.03003551168372859,0.06060697201947762,0.23277816530011075,0.05654429644224445,0.08291097435442535
2024-07-09,0.026274227710627054,0.0281123296819467,0.028100281048615307,0.03369271776878517,0.03224870591083961,0.02519057499531778,0.025600820021687173,0.04062110954369314,0.043697978343984076,0.05174141856020848,0.04613722896216654,0.03497632031726506,0.02178456481911152,0.033303034741804,0.0,0.03244422306990004,0.0,0.016200401632853783,0.0,0.016998143071207762,0.03003551168372859,0.06060697201947762,0.23277816530011075,0.05654429644224445,0.08291097435442535
2024-07-10,0.026274227710627054,0.0281123296819467,0.028100281048615307,0.03369271776878517,0.03224870591083961,0.02519057499531778,0.025600820021687173,0.04062110954369314,0.043697978343984076,0.05174141856020848,0.04613722896216654,0.03497632031726506,0.02178456481911152,0.033303034741804,0.0,0.03244422306990004,0.0,0.016200401632853783,0.0,0.016998143071207762,0.03003551168372859,0.06060697201947762,0.23277816530011075,0.05654429644224445,0.08291097435442535
2024-07-11,0.026274227710627054,0.0281123296819467,0.028100281048615307,0.03369271776878517,0.03224870591083961,0.02519057499531778,0.025600820021687173,0.04062110954369314,0.043697978343984076,0.05174141856020848,0.04613722896216654,0.03497632031726506,0.02178456481911152,0.033303034741804,0.0,0.03244422306990004,0.0,0.016200401632853783,0.0,0.016998143071207762,0.03003551168372859,0.06060697201947762,0.23277816530011075,0.05654429644224445,0.08291097435442535
2024-07-12,0.026274227710627054,0.0281123296819467,0.028100281048615307,0.03369271776878517,0.03224870591083961,0.02519057499531778,0.025600820021687173,0.04062110954369314,0.043697978343984076,0.05174141856020848,0.04613722896216654,0.03497632031726506,0.02178456481911152,0.033303034741804,0.0,0.03244422306990004,0.0,0.016200401632853783,0.0,0.016998143071207762,0.03003551168372859,0.06060697201947762,0.23277816530011075,0.05654429644224445,0.08291097435442535
2024-07-15,0.026274227710627054,0.0281123296819467,0.028100281048615307,0.03369271776878517,0.03224870591083961,0.02519057499531778,0.025600820021687173,0.04062110954369314,0.043697978343984076,0.05174141856020848,0.04613722896216654,0.03497632031726506,0.02178456481911152,0.033303034741804,0.0,0.03244422306990004,0.0,0.016200401632853783,0.0,0.016998143071207762,0.03003551168372859,0.06060697201947762,0.23277816530011075,0.05654429644224445,0.08291097435442535
2024-07-16,0.026274227710627054,0.0281123296819467,0.028100281048615307,0.03369271776878517,0.03224870591083961,0.02519057499531778,0.025600820021687173,0.04062110954369314,0.043697978343984076,0.05174141856020848,0.04613722896216654,0.03497632031726506,0.02178456481911152,0.033303034741804,0.0,0.03244422306990004,0.0,0.016200401632853783,0.0,0.016998143071207762,0.03003551168372859,0.06060697201947762,0.23277816530011075,0.05654429644224445,0.08291097435442535
2024-07-17,0.026274227710627054,0.0281123296819467,0.028100281048615307,0.03369271776878517,0.03224870591083961,0.02519057499531778,0.025600820021687173,0.04062110954369314,0.043697978343984076,0.05174141856020848,0.04613722896216654,0.03497632031726506,0.02178456481911152,0.033303034741804,0.0,0.03244422306990004,0.0,0.016200401632853783,0.0,0.016998143071207762,0.03003551168372859,0.06060697201947762,0.23277816530011075,0.05654429644224445,0.08291097435442535
2024-07-18,0.026274227710627054,0.0281123296819467,0.028100281048615307,0.03369271776878517,0.03224870591083961,0.02519057499531778,0.025600820021687173,0.04062110954369314,0.043697978343984076,0.05174141856020848,0.04613722896216654,0.03497632031726506,0.02178456481911152,0.033303034741804,0.0,0.03244422306990004,0.0,0.016200401632853783,0.0,0.016998143071207762,0.03003551168372859,0.06060697201947762,0.23277816530011075,0.05654429644224445,0.08291097435442535
2024-07-19,0.026274227710627054,0.0281123296819467,0.028100281048615307,0.03369271776878517,0.03224870591083961,0.02519057499531778,0.025600820021687173,0.04062110954369314,0.043697978343984076,0.05174141856020848,0.04613722896216654,0.03497632031726506,0.02178456481911152,0.033303034741804,0.0,0.03244422306990004,0.0,0.016200401632853783,0.0,0.016998143071207762,0.03003551168372859,0.06060697201947762,0.23277816530011075,0.05654429644224445,0.08291097435442535
2024-07-22,0.026274227710627054,0.0281123296819467,0.028100281048615307,0.03369271776878517,0.03224870591083961,0.02519057499531778,0.025600820021687173,0.04062110954369314,0.043697978343984076,0.05174141856020848,0.04613722896216654,0.03497632031726506,0.02178456481911152,0.033303034741804,0.0,0.03244422306990004,0.0,0.016200401632853783,0.0,0.016998143071207762,0.03003551168372859,0.06060697201947762,0.23277816530011075,0.05654429644224445,0.08291097435442535
2024-07-23,0.026274227710627054,0.0281123296819467,0.028100281048615307,0.03369271776878517,0.03224870591083961,0.02519057499531778,0.025600820021687173,0.04062110954369314,0.043697978343984076,0.05174141856020848,0.04613722896216654,0.03497632031726506,0.02178456481911152,0.033303034741804,0.0,0.03244422306990004,0.0,0.016200401632853783,0.0,0.016998143071207762,0.03003551168372859,0.06060697201947762,0.23277816530011075,0.05654429644224445,0.08291097435442535
2024-07-24,0.026274227710627054,0.0281123296819467,0.028100281048615307,0.03369271776878517,0.03224870591083961,0.02519057499531778,0.025600820021687173,0.04062110954369314,0.043697978343984076,0.05174141856020848,0.04613722896216654,0.03497632031726506,0.02178456481911152,0.033303034741804,0.0,0.03244422306990004,0.0,0.016200401632853783,0.0,0.016998143071207762,0.03003551168372859,0.06060697201947762,0.23277816530011075,0.05654429644224445,0.08291097435442535
2024-07-25,0.026274227710627054,0.0281123296819467,0.028100281048615307,0.03369271776878517,0.03224870591083961,0.02519057499531778,0.025600820021687173,0.04062110954369314,0.043697978343984076,0.05174141856020848,0.04613722896216654,0.03497632031726506,0.02178456481911152,0.033303034741804,0.0,0.03244422306990004,0.0,0.016200401632853783,0.0,0.016998143071207762,0.03003551168372859,0.06060697201947762,0.23277816530011075,0.05654429644224445,0.08291097435442535
2024-07-26,0.026274227710627054,0.0281123296819467,0.028100281048615307,0.03369271776878517,0.03224870591083961,0.02519057499531778,0.025600820021687173,0.04062110954369314,0.043697978343984076,0.05174141856020848,0.04613722896216654,0.03497632031726506,0.02178456481911152,0.033303034741804,0.0,0.03244422306990004,0.0,0.016200401632853783,0.0,0.016998143071207762,0.03003551168372859,0.06060697201947762,0.23277816530011075,0.05654429644224445,0.08291097435442535
2024-07-29,0.026274227710627054,0.0281123296819467,0.028100281048615307,0.03369271776878517,0.03224870591083961,0.02519057499531778,0.025600820021687173,0.04062110954369314,0.043697978343984076,0.05174141856020848,0.04613722896216654,0.03497632031726506,0.02178456481911152,0.033303034741804,0.0,0.03244422306990004,0.0,0.016200401632853783,0.0,0.016998143071207762,0.03003551168372859,0.06060697201947762,0.23277816530011075,0.05654429644224445,0.08291097435442535
2024-07-30,0.026274227710627054,0.0281123296819467,0.028100281048615307,0.03369271776878517,0.03224870591083961,0.02519057499531778,0.025600820021687173,0.04062110954369314,0.043697978343984076,0.05174141856020848,0.04613722896216654,0.03497632031726506,0.02178456481911152,0.033303034741804,0.0,0.03244422306990004,0.0,0.016200401632853783,0.0,0.016998143071207762,0.03003551168372859,0.06060697201947762,0.23277816530011075,0.05654429644224445,0.08291097435442535
2024-07-31,0.026274227710627054,0.0281123296819467,0.028100281048615307,0.03369271776878517,0.03224870591083961,0.02519057499531778,0.025600820021687173,0.04062110954369314,0.043697978343984076,0.05174141856020848,0.04613722896216654,0.03497632031726506,0.02178456481911152,0.033303034741804,0.0,0.03244422306990004,0.0,0.016200401632853783,0.0,0.016998143071207762,0.03003551168372859,0.06060697201947762,0.23277816530011075,0.05654429644224445,0.08291097435442535
2024-08-01,0.020375473027074584,0.021603997654504433,0.02212790341298469,0.027287568032335945,0.025793366501879,0.018983316403207204,0.020148963896729353,0.03708228796970447,0.040740886937668974,0.0484200421933005,0.043412076531997114,0.0298267155791924,0.019130677902407817,0.03215491169532347,0.029673619655589484,0.03198554803984298,0.020425704194936188,0.012975773285913452,0.0,0.013450164573138381,0.0,0.06546792298788587,0.2585219400608104,0.06382153730645723,0.09658960215711626
2024-08-02,0.020375473027074584,0.021603997654504433,0.02212790341298469,0.027287568032335945,0.025793366501879,0.018983316403207204,0.020148963896729353,0.03708228796970447,0.040740886937668974,0.0484200421933005,0.043412076531997114,0.0298267155791924,0.019130677902407817,0.03215491169532347,0.029673619655589484,0.03198554803984298,0.020425704194936188,0.012975773285913452,0.0,0.013450164573138381,0.0,0.06546792298788587,0.2585219400608104,0.06382153730645723,0.09658960215711626
2024-08-05,0.020375473027074584,0.021603997654504433,0.02212790341298469,0.027287568032335945,0.025793366501879,0.018983316403207204,0.020148963896729353,0.03708228796970447,0.040740886937668974,0.0484200421933005,0.043412076531997114,0.0298267155791924,0.019130677902407817,0.03215491169532347,0.029673619655589484,0.03198554803984298,0.020425704194936188,0.012975773285913452,0.0,0.013450164573138381,0.0,0.06546792298788587,0.2585219400608104,0.06382153730645723,0.09658960215711626
2024-08-06,0.020375473027074584,0.021603997654504433,0.02212790341298469,0.027287568032335945,0.025793366501879,0.018983316403207204,0.020148963896729353,0.03708228796970447,0.040740886937668974,0.0484200421933005,0.043412076531997114,0.0298267155791924,0.019130677902407817,0.03215491169532347,0.029673619655589484,0.03198554803984298,0.020425704194936188,0.012975773285913452,0.0,0.013450164573138381,0.0,0.06546792298788587,0.2585219400608104,0.06382153730645723,0.09658960215711626
2024-08-07,0.020375473027074584,0.021603997654504433,0.02212790341298469,0.027287568032335945,0.025793366501879,0.018983316403207204,0.020148963896729353,0.03708228796970447,0.040740886937668974,0.0484200421933005,0.043412076531997114,0.0298267155791924,0.019130677902407817,0.03215491169532347,0.029673619655589484,0.03198554803984298,0.020425704194936188,0.012975773285913452,0.0,0.013450164573138381,0.0,0.06546792298788587,0.2585219400608104,0.06382153730645723,0.09658960215711626
2024-08-08,0.020375473027074584,0.021603997654504433,0.02212790341298469,0.027287568032335945,0.025793366501879,0.018983316403207204,0.020148963896729353,0.03708228796970447,0.040740886937668974,0.0484200421933005,0.043412076531997114,0.0298267155791924,0.019130677902407817,0.03215491169532347,0.029673619655589484,0.03198554803984298,0.020425704194936188,0.012975773285913452,0.0,0.013450164573138381,0.0,0.06546792298788587,0.2585219400608104,0.06382153730645723,0.09658960215711626
2024-08-09,0.020375473027074584,0.021603997654504433,0.02212790341298469,0.027287568032335945,0.025793366501879,0.018983316403207204,0.020148963896729353,0.03708228796970447,0.040740886937668974,0.0484200421933005,0.043412076531997114,0.0298267155791924,0.019130677902407817,0.03215491169532347,0.029673619655589484,0.03198554803984298,0.020425704194936188,0.012975773285913452,0.0,0.013450164573138381,0.0,0.06546792298788587,0.2585219400608104,0.06382153730645723,0.09658960215711626
2024-08-12,0.020375473027074584,0.021603997654504433,0.02212790341298469,0.027287568032335945,0.025793366501879,0.018983316403207204,0.020148963896729353,0.03708228796970447,0.040740886937668974,0.0484200421933005,0.043412076531997114,0.0298267155791924,0.019130677902407817,0.03215491169532347,0.029673619655589484,0.03198554803984298,0.020425704194936188,0.012975773285913452,0.0,0.013450164573138381,0.0,0.06546792298788587,0.2585219400608104,0.06382153730645723,0.09658960215711626
2024-08-13,0.020375473027074584,0.021603997654504433,0.02212790341298469,0.027287568032335945,0.025793366501879,0.018983316403207204,0.020148963896729353,0.03708228796970447,0.040740886937668974,0.0484200421933005,0.043412076531997114,0.0298267155791924,0.019130677902407817,0.03215491169532347,0.029673619655589484,0.03198554803984298,0.020425704194936188,0.012975773285913452,0.0,0.013450164573138381,0.0,0.06546792298788587,0.2585219400608104,0.06382153730645723,0.09658960215711626
2024-08-14,0.020375473027074584,0.021603997654504433,0.02212790341298469,0.027287568032335945,0.025793366501879,0.018983316403207204,0.020148963896729353,0.03708228796970447,0.040740886937668974,0.0484200421933005,0.043412076531997114,0.0298267155791924,0.019130677902407817,0.03215491169532347,0.029673619655589484,0.03198554803984298,0.020425704194936188,0.012975773285913452,0.0,0.013450164573138381,0.0,0.06546792298788587,0.2585219400608104,0.06382153730645723,0.09658960215711626
2024-08-15,0.020375473027074584,0.021603997654504433,0.02212790341298469,0.027287568032335945,0.025793366501879,0.018983316403207204,0.020148963896729353,0.03708228796970447,0.040740886937668974,0.0484200421933005,0.043412076531997114,0.0298267155791924,0.019130677902407817,0.03215491169532347,0.029673619655589484,0.03198554803984298,0.020425704194936188,0.012975773285913452,0.0,0.013450164573138381,0.0,0.06546792298788587,0.2585219400608104,0.06382153730645723,0.09658960215711626
2024-08-16,0.020375473027074584,0.021603997654504433,0.02212790341298469,0.027287568032335945,0.025793366501879,0.018983316403207204,0.020148963896729353,0.03708228796970447,0.040740886937668974,0.0484200421933005,0.043412076531997114,0.0298267155791924,0.019130677902407817,0.03215491169532347,0.029673619655589484,0.03198554803984298,0.020425704194936188,0.012975773285913452,0.0,0.013450164573138381,0.0,0.06546792298788587,0.2585219400608104,0.06382153730645723,0.09658960215711626
2024-08-19,0.020375473027074584,0.021603997654504433,0.02212790341298469,0.027287568032335945,0.025793366501879,0.018983316403207204,0.020148963896729353,0.03708228796970447,0.040740886937668974,0.0484200421933005,0.043412076531997114,0.0298267155791924,0.019130677902407817,0.03215491169532347,0.029673619655589484,0.03198554803984298,0.020425704194936188,0.012975773285913452,0.0,0.013450164573138381,0.0,0.06546792298788587,0.2585219400608104,0.06382153730645723,0.09658960215711626
2024-08-20,0.020375473027074584,0.021603997654504433,0.02212790341298469,0.027287568032335945,0.025793366501879,0.018983316403207204,0.020148963896729353,0.03708228796970447,0.040740886937668974,0.0484200421933005,0.043412076531997114,0.0298267155791924,0.019130677902407817,0.03215491169532347,0.029673619655589484,0.03198554803984298,0.020425704194936188,0.012975773285913452,0.0,0.013450164573138381,0.0,0.06546792298788587,0.2585219400608104,0.06382153730645723,0.09658960215711626
2024-08-21,0.020375473027074584,0.021603997654504433,0.02212790341298469,0.027287568032335945,0.025793366501879,0.018983316403207204,0.020148963896729353,0.03708228796970447,0.040740886937668974,0.0484200421933005,0.043412076531997114,0.0298267155791924,0.019130677902407817,0.03215491169532347,0.029673619655589484,0.03198554803984298,0.020425704194936188,0.012975773285913452,0.0,0.013450164573138381,0.0,0.06546792298788587,0.2585219400608104,0.06382153730645723,0.09658960215711626
2024-08-22,0.020375473027074584,0.021603997654504433,0.02212790341298469,0.027287568032335945,0.025793366501879,0.018983316403207204,0.020148963896729353,0.03708228796970447,0.040740886937668974,0.0484200421933005,0.043412076531997114,0.0298267155791924,0.019130677902407817,0.03215491169532347,0.029673619655589484,0.03198554803984298,0.020425704194936188,0.012975773285913452,0.0,0.013450164573138381,0.0,0.06546792298788587,0.2585219400608104,0.06382153730645723,0.09658960215711626
2024-08-23,0.020375473027074584,0.021603997654504433,0.02212790341298469,0.027287568032335945,0.025793366501879,0.018983316403207204,0.020148963896729353,0.03708228796970447,0.040740886937668974,0.0484200421933005,0.043412076531997114,0.0298267155791924,0.019130677902407817,0.03215491169532347,0.029673619655589484,0.03198554803984298,0.020425704194936188,0.012975773285913452,0.0,0.013450164573138381,0.0,0.06546792298788587,0.2585219400608104,0.06382153730645723,0.09658960215711626
2024-08-26,0.020375473027074584,0.021603997654504433,0.02212790341298469,0.027287568032335945,0.025793366501879,0.018983316403207204,0.020148963896729353,0.03708228796970447,0.040740886937668974,0.0484200421933005,0.043412076531997114,0.0298267155791924,0.019130677902407817,0.03215491169532347,0.029673619655589484,0.03198554803984298,0.020425704194936188,0.012975773285913452,0.0,0.013450164573138381,0.0,0.06546792298788587,0.2585219400608104,0.06382153730645723,0.09658960215711626
2024-08-27,0.020375473027074584,0.021603997654504433,0.02212790341298469,0.027287568032335945,0.025793366501879,0.018983316403207204,0.020148963896729353,0.03708228796970447,0.040740886937668974,0.0484200421933005,0.043412076531997114,0.0298267155791924,0.019130677902407817,0.03215491169532347,0.029673619655589484,0.03198554803984298,0.020425704194936188,0.012975773285913452,0.0,0.013450164573138381,0.0,0.06546792298788587,0.2585219400608104,0.06382153730645723,0.09658960215711626
2024-08-28,0.020375473027074584,0.021603997654504433,0.02212790341298469,0.027287568032335945,0.025793366501879,0.018983316403207204,0.020148963896729353,0.03708228796970447,0.040740886937668974,0.0484200421933005,0.043412076531997114,0.0298267155791924,0.019130677902407817,0.03215491169532347,0.029673619655589484,0.03198554803984298,0.020425704194936188,0.012975773285913452,0.0,0.013450164573138381,0.0,0.06546792298788587,0.2585219400608104,0.06382153730645723,0.09658960215711626
2024-08-29,0.020375473027074584,0.021603997654504433,0.02212790341298469,0.027287568032335945,0.025793366501879,0.018983316403207204,0.020148963896729353,0.03708228796970447,0.040740886937668974,0.0484200421933005,0.043412076531997114,0.0298267155791924,0.019130677902407817,0.03215491169532347,0.029673619655589484,0.03198554803984298,0.020425704194936188,0.012975773285913452,0.0,0.013450164573138381,0.0,0.06546792298788587,0.2585219400608104,0.06382153730645723,0.09658960215711626
2024-08-30,0.020375473027074584,0.021603997654504433,0.02212790341298469,0.027287568032335945,0.025793366501879,0.018983316403207204,0.020148963896729353,0.03708228796970447,0.040740886937668974,0.0484200421933005,0.043412076531997114,0.0298267155791924,0.019130677902407817,0.03215491169532347,0.029673619655589484,0.03198554803984298,0.020425704194936188,0.012975773285913452,0.0,0.013450164573138381,0.0,0.06546792298788587,0.2585219400608104,0.06382153730645723,0.09658960215711626
2024-09-02,0.020375473027074584,0.021603997654504433,0.02212790341298469,0.027287568032335945,0.025793366501879,0.018983316403207204,0.020148963896729353,0.03708228796970447,0.040740886937668974,0.0484200421933005,0.043412076531997114,0.0298267155791924,0.019130677902407817,0.03215491169532347,0.029673619655589484,0.03198554803984298,0.020425704194936188,0.012975773285913452,0.0,0.013450164573138381,0.0,0.06546792298788587,0.2585219400608104,0.06382153730645723,0.09658960215711626
2024-09-03,0.020375473027074584,0.021603997654504433,0.02212790341298469,0.027287568032335945,0.025793366501879,0.018983316403207204,0.020148963896729353,0.03708228796970447,0.040740886937668974,0.0484200421933005,0.043412076531997114,0.0298267155791924,0.019130677902407817,0.03215491169532347,0.029673619655589484,0.03198554803984298,0.020425704194936188,0.012975773285913452,0.0,0.013450164573138381,0.0,0.06546792298788587,0.2585219400608104,0.06382153730645723,0.09658960215711626
2024-09-04,0.020375473027074584,0.021603997654504433,0.02212790341298469,0.027287568032335945,0.025793366501879,0.018983316403207204,0.020148963896729353,0.03708228796970447,0.040740886937668974,0.0484200421933005,0.043412076531997114,0.0298267155791924,0.019130677902407817,0.03215491169532347,0.029673619655589484,0.03198554803984298,0.020425704194936188,0.012975773285913452,0.0,0.013450164573138381,0.0,0.06546792298788587,0.2585219400608104,0.06382153730645723,0.09658960215711626
2024-09-05,0.020375473027074584,0.021603997654504433,0.02212790341298469,0.027287568032335945,0.025793366501879,0.018983316403207204,0.020148963896729353,0.03708228796970447,0.040740886937668974,0.0484200421933005,0.043412076531997114,0.0298267155791924,0.019130677902407817,0.03215491169532347,0.029673619655589484,0.03198554803984298,0.020425704194936188,0.012975773285913452,0.0,0.013450164573138381,0.0,0.06546792298788587,0.2585219400608104,0.06382153730645723,0.09658960215711626
2024-09-06,0.020375473027074584,0.021603997654504433,0.02212790341298469,0.027287568032335945,0.025793366501879,0.018983316403207204,0.020148963896729353,0.03708228796970447,0.040740886937668974,0.0484200421933005,0.043412076531997114,0.0298267155791924,0.019130677902407817,0.03215491169532347,0.029673619655589484,0.03198554803984298,0.020425704194936188,0.012975773285913452,0.0,0.013450164573138381,0.0,0.06546792298788587,0.2585219400608104,0.06382153730645723,0.09658960215711626
2024-09-09,0.020375473027074584,0.021603997654504433,0.02212790341298469,0.027287568032335945,0.025793366501879,0.018983316403207204,0.020148963896729353,0.03708228796970447,0.040740886937668974,0.0484200421933005,0.043412076531997114,0.0298267155791924,0.019130677902407817,0.03215491169532347,0.029673619655589484,0.03198554803984298,0.020425704194936188,0.012975773285913452,0.0,0.013450164573138381,0.0,0.06546792298788587,0.2585219400608104,0.06382153730645723,0.09658960215711626
2024-09-10,0.020375473027074584,0.021603997654504433,0.02212790341298469,0.027287568032335945,0.025793366501879,0.018983316403207204,0.020148963896729353,0.03708228796970447,0.040740886937668974,0.0484200421933005,0.043412076531997114,0.0298267155791924,0.019130677902407817,0.03215491169532347,0.029673619655589484,0.03198554803984298,0.020425704194936188,0.012975773285913452,0.0,0.013450164573138381,0.0,0.06546792298788587,0.2585219400608104,0.06382153730645723,0.09658960215711626
2024-09-11,0.020375473027074584,0.021603997654504433,0.02212790341298469,0.027287568032335945,0.025793366501879,0.018983316403207204,0.020148963896729353,0.03708228796970447,0.040740886937668974,0.0484200421933005,0.043412076531997114,0.0298267155791924,0.019130677902407817,0.03215491169532347,0.029673619655589484,0.03198554803984298,0.020425704194936188,0.012975773285913452,0.0,0.013450164573138381,0.0,0.06546792298788587,0.2585219400608104,0.06382153730645723,0.09658960215711626
2024-09-12,0.020375473027074584,0.021603997654504433,0.02212790341298469,0.027287568032335945,0.025793366501879,0.018983316403207204,0.020148963896729353,0.03708228796970447,0.040740886937668974,0.0484200421933005,0.043412076531997114,0.0298267155791924,0.019130677902407817,0.03215491169532347,0.029673619655589484,0.03198554803984298,0.020425704194936188,0.012975773285913452,0.0,0.013450164573138381,0.0,0.06546792298788587,0.2585219400608104,0.06382153730645723,0.09658960215711626
2024-09-13,0.020375473027074584,0.021603997654504433,0.02212790341298469,0.027287568032335945,0.025793366501879,0.018983316403207204,0.020148963896729353,0.03708228796970447,0.040740886937668974,0.0484200421933005,0.043412076531997114,0.0298267155791924,0.019130677902407817,0.03215491169532347,0.029673619655589484,0.03198554803984298,0.020425704194936188,0.012975773285913452,0.0,0.013450164573138381,0.0,0.06546792298788587,0.2585219400608104,0.06382153730645723,0.09658960215711626
2024-09-16,0.020375473027074584,0.021603997654504433,0.02212790341298469,0.027287568032335945,0.025793366501879,0.018983316403207204,0.020148963896729353,0.03708228796970447,0.040740886937668974,0.0484200421933005,0.043412076531997114,0.0298267155791924,0.019130677902407817,0.03215491169532347,0.029673619655589484,0.03198554803984298,0.020425704194936188,0.012975773285913452,0.0,0.013450164573138381,0.0,0.06546792298788587,0.2585219400608104,0.06382153730645723,0.09658960215711626
2024-09-17,0.020375473027074584,0.021603997654504433,0.02212790341298469,0.027287568032335945,0.025793366501879,0.018983316403207204,0.020148963896729353,0.03708228796970447,0.040740886937668974,0.0484200421933005,0.043412076531997114,0.0298267155791924,0.019130677902407817,0.03215491169532347,0.029673619655589484,0.03198554803984298,0.020425704194936188,0.012975773285913452,0.0,0.013450164573138381,0.0,0.06546792298788587,0.2585219400608104,0.06382153730645723,0.09658960215711626
2024-09-18,0.020375473027074584,0.021603997654504433,0.02212790341298469,0.027287568032335945,0.025793366501879,0.018983316403207204,0.020148963896729353,0.03708228796970447,0.040740886937668974,0.0484200421933005,0.043412076531997114,0.0298267155791924,0.019130677902407817,0.03215491169532347,0.029673619655589484,0.03198554803984298,0.020425704194936188,0.012975773285913452,0.0,0.013450164573138381,0.0,0.06546792298788587,0.2585219400608104,0.06382153730645723,0.09658960215711626
2024-09-19,0.020375473027074584,0.021603997654504433,0.02212790341298469,0.027287568032335945,0.025793366501879,0.018983316403207204,0.020148963896729353,0.03708228796970447,0.040740886937668974,0.0484200421933005,0.043412076531997114,0.0298267155791924,0.019130677902407817,0.03215491169532347,0.029673619655589484,0.03198554803984298,0.020425704194936188,0.012975773285913452,0.0,0.013450164573138381,0.0,0.06546792298788587,0.2585219400608104,0.06382153730645723,0.09658960215711626
2024-09-20,0.020375473027074584,0.021603997654504433,0.02212790341298469,0.027287568032335945,0.025793366501879,0.018983316403207204,0.020148963896729353,0.03708228796970447,0.040740886937668974,0.0484200421933005,0.043412076531997114,0.0298267155791924,0.019130677902407817,0.03215491169532347,0.029673619655589484,0.03198554803984298,0.020425704194936188,0.012975773285913452,0.0,0.013450164573138381,0.0,0.06546792298788587,0.2585219400608104,0.06382153730645723,0.09658960215711626
2024-09-23,0.020375473027074584,0.021603997654504433,0.02212790341298469,0.027287568032335945,0.025793366501879,0.018983316403207204,0.020148963896729353,0.03708228796970447,0.040740886937668974,0.0484200421933005,0.043412076531997114,0.0298267155791924,0.019130677902407817,0.03215491169532347,0.029673619655589484,0.03198554803984298,0.020425704194936188,0.012975773285913452,0.0,0.013450164573138381,0.0,0.06546792298788587,0.2585219400608104,0.06382153730645723,0.09658960215711626
2024-09-24,0.020375473027074584,0.021603997654504433,0.02212790341298469,0.027287568032335945,0.025793366501879,0.018983316403207204,0.020148963896729353,0.03708228796970447,0.040740886937668974,0.0484200421933005,0.043412076531997114,0.0298267155791924,0.019130677902407817,0.03215491169532347,0.029673619655589484,0.03198554803984298,0.020425704194936188,0.012975773285913452,0.0,0.013450164573138381,0.0,0.06546792298788587,0.2585219400608104,0.06382153730645723,0.09658960215711626
2024-09-25,0.020375473027074584,0.021603997654504433,0.02212790341298469,0.027287568032335945,0.025793366501879,0.018983316403207204,0.020148963896729353,0.03708228796970447,0.040740886937668974,0.0484200421933005,0.043412076531997114,0.0298267155791924,0.019130677902407817,0.03215491169532347,0.029673619655589484,0.03198554803984298,0.020425704194936188,0.012975773285913452,0.0,0.013450164573138381,0.0,0.06546792298788587,0.2585219400608104,0.06382153730645723,0.09658960215711626
2024-09-26,0.020375473027074584,0.021603997654504433,0.02212790341298469,0.027287568032335945,0.025793366501879,0.018983316403207204,0.020148963896729353,0.03708228796970447,0.040740886937668974,0.0484200421933005,0.043412076531997114,0.0298267155791924,0.019130677902407817,0.03215491169532347,0.029673619655589484,0.03198554803984298,0.020425704194936188,0.012975773285913452,0.0,0.013450164573138381,0.0,0.06546792298788587,0.2585219400608104,0.06382153730645723,0.09658960215711626
2024-09-27,0.020375473027074584,0.021603997654504433,0.02212790341298469,0.027287568032335945,0.025793366501879,0.018983316403207204,0.020148963896729353,0.03708228796970447,0.040740886937668974,0.0484200421933005,0.043412076531997114,0.0298267155791924,0.019130677902407817,0.03215491169532347,0.029673619655589484,0.03198554803984298,0.020425704194936188,0.012975773285913452,0.0,0.013450164573138381,0.0,0.06546792298788587,0.2585219400608104,0.06382153730645723,0.09658960215711626
2024-09-30,0.020375473027074584,0.021603997654504433,0.02212790341298469,0.027287568032335945,0.025793366501879,0.018983316403207204,0.020148963896729353,0.03708228796970447,0.040740886937668974,0.0484200421933005,0.043412076531997114,0.0298267155791924,0.019130677902407817,0.03215491169532347,0.029673619655589484,0.03198554803984298,0.020425704194936188,0.012975773285913452,0.0,0.013450164573138381,0.0,0.06546792298788587,0.2585219400608104,0.06382153730645723,0.09658960215711626
2024-10-01,0.016992771601906202,0.018021998786861067,0.01858687925939051,0.020639738837187893,0.020108505963189003,0.016210025097405743,0.016655706066397317,0.02664646618370725,0.03176904583745111,0.03744528859236007,0.03741376671397724,0.024426810115954302,0.017540120710369003,0.028224273677792046,0.025425757832731124,0.034117575938610555,0.01911745172840473,0.009451522855266365,0.0,0.009545690516498541,0.03556989095701546,0.07394162816258788,0.2754548132352787,0.07334615296667203,0.1133481183629857
2024-10-02,0.016992771601906202,0.018021998786861067,0.01858687925939051,0.020639738837187893,0.020108505963189003,0.016210025097405743,0.016655706066397317,0.02664646618370725,0.03176904583745111,0.03744528859236007,0.03741376671397724,0.024426810115954302,0.017540120710369003,0.028224273677792046,0.025425757832731124,0.034117575938610555,0.01911745172840473,0.009451522855266365,0.0,0.009545690516498541,0.03556989095701546,0.07394162816258788,0.2754548132352787,0.07334615296667203,0.1133481183629857
2024-10-03,0.016992771601906202,0.018021998786861067,0.01858687925939051,0.020639738837187893,0.020108505963189003,0.016210025097405743,0.016655706066397317,0.02664646618370725,0.03176904583745111,0.03744528859236007,0.03741376671397724,0.024426810115954302,0.017540120710369003,0.028224273677792046,0.025425757832731124,0.034117575938610555,0.01911745172840473,0.009451522855266365,0.0,0.009545690516498541,0.03556989095701546,0.07394162816258788,0.2754548132352787,0.07334615296667203,0.1133481183629857
2024-10-04,0.016992771601906202,0.018021998786861067,0.01858687925939051,0.020639738837187893,0.020108505963189003,0.016210025097405743,0.016655706066397317,0.02664646618370725,0.03176904583745111,0.03744528859236007,0.03741376671397724,0.024426810115954302,0.017540120710369003,0.028224273677792046,0.025425757832731124,0.034117575938610555,0.01911745172840473,0.009451522855266365,0.0,0.009545690516498541,0.03556989095701546,0.07394162816258788,0.2754548132352787,0.07334615296667203,0.1133481183629857
2024-10-07,0.016992771601906202,0.018021998786861067,0.01858687925939051,0.020639738837187893,0.020108505963189003,0.016210025097405743,0.016655706066397317,0.02664646618370725,0.03176904583745111,0.03744528859236007,0.03741376671397724,0.024426810115954302,0.017540120710369003,0.028224273677792046,0.025425757832731124,0.034117575938610555,0.01911745172840473,0.009451522855266365,0.0,0.009545690516498541,0.03556989095701546,0.07394162816258788,0.2754548132352787,0.07334615296667203,0.1133481183629857
2024-10-08,0.016992771601906202,0.018021998786861067,0.01858687925939051,0.020639738837187893,0.020108505963189003,0.016210025097405743,0.016655706066397317,0.02664646618370725,0.03176904583745111,0.03744528859236007,0.03741376671397724,0.024426810115954302,0.017540120710369003,0.028224273677792046,0.025425757832731124,0.034117575938610555,0.01911745172840473,0.009451522855266365,0.0,0.009545690516498541,0.03556989095701546,0.07394162816258788,0.2754548132352787,0.07334615296667203,0.1133481183629857
2024-10-09,0.016992771601906202,0.018021998786861067,0.01858687925939051,0.020639738837187893,0.020108505963189003,0.016210025097405743,0.016655706066397317,0.02664646618370725,0.03176904583745111,0.03744528859236007,0.03741376671397724,0.024426810115954302,0.017540120710369003,0.028224273677792046,0.025425757832731124,0.034117575938610555,0.01911745172840473,0.009451522855266365,0.0,0.009545690516498541,0.03556989095701546,0.07394162816258788,0.2754548132352787,0.07334615296667203,0.1133481183629857
2024-10-10,0.016992771601906202,0.018021998786861067,0.01858687925939051,0.020639738837187893,0.020108505963189003,0.016210025097405743,0.016655706066397317,0.02664646618370725,0.03176904583745111,0.03744528859236007,0.03741376671397724,0.024426810115954302,0.017540120710369003,0.028224273677792046,0.025425757832731124,0.034117575938610555,0.01911745172840473,0.009451522855266365,0.0,0.009545690516498541,0.03556989095701546,0.07394162816258788,0.2754548132352787,0.07334615296667203,0.1133481183629857
2024-10-11,0.016992771601906202,0.018021998786861067,0.01858687925939051,0.020639738837187893,0.020108505963189003,0.016210025097405743,0.016655706066397317,0.02664646618370725,0.03176904583745111,0.03744528859236007,0.03741376671397724,0.024426810115954302,0.017540120710369003,0.028224273677792046,0.025425757832731124,0.034117575938610555,0.01911745172840473,0.009451522855266365,0.0,0.009545690516498541,0.03556989095701546,0.07394162816258788,0.2754548132352787,0.07334615296667203,0.1133481183629857
2024-10-14,0.016992771601906202,0.018021998786861067,0.01858687925939051,0.020639738837187893,0.020108505963189003,0.016210025097405743,0.016655706066397317,0.02664646618370725,0.03176904583745111,0.03744528859236007,0.03741376671397724,0.024426810115954302,0.017540120710369003,0.028224273677792046,0.025425757832731124,0.034117575938610555,0.01911745172840473,0.009451522855266365,0.0,0.009545690516498541,0.03556989095701546,0.07394162816258788,0.2754548132352787,0.07334615296667203,0.1133481183629857
2024-10-15,0.016992771601906202,0.018021998786861067,0.01858687925939051,0.020639738837187893,0.020108505963189003,0.016210025097405743,0.016655706066397317,0.02664646618370725,0.03176904583745111,0.03744528859236007,0.03741376671397724,0.024426810115954302,0.017540120710369003,0.028224273677792046,0.025425757832731124,0.034117575938610555,0.01911745172840473,0.009451522855266365,0.0,0.009545690516498541,0.03556989095701546,0.07394162816258788,0.2754548132352787,0.07334615296667203,0.1133481183629857
2024-10-16,0.016992771601906202,0.018021998786861067,0.01858687925939051,0.020639738837187893,0.020108505963189003,0.016210025097405743,0.016655706066397317,0.02664646618370725,0.03176904583745111,0.03744528859236007,0.03741376671397724,0.024426810115954302,0.017540120710369003,0.028224273677792046,0.025425757832731124,0.034117575938610555,0.01911745172840473,0.009451522855266365,0.0,0.009545690516498541,0.03556989095701546,0.07394162816258788,0.2754548132352787,0.07334615296667203,0.1133481183629857
2024-10-17,0.016992771601906202,0.018021998786861067,0.01858687925939051,0.020639738837187893,0.020108505963189003,0.016210025097405743,0.016655706066397317,0.02664646618370725,0.03176904583745111,0.03744528859236007,0.03741376671397724,0.024426810115954302,0.017540120710369003,0.028224273677792046,0.025425757832731124,0.034117575938610555,0.01911745172840473,0.009451522855266365,0.0,0.009545690516498541,0.03556989095701546,0.07394162816258788,0.2754548132352787,0.07334615296667203,0.1133481183629857
2024-10-18,0.016992771601906202,0.018021998786861067,0.01858687925939051,0.020639738837187893,0.020108505963189003,0.016210025097405743,0.016655706066397317,0.02664646618370725,0.03176904583745111,0.03744528859236007,0.03741376671397724,0.024426810115954302,0.017540120710369003,0.028224273677792046,0.025425757832731124,0.034117575938610555,0.01911745172840473,0.009451522855266365,0.0,0.009545690516498541,0.03556989095701546,0.07394162816258788,0.2754548132352787,0.07334615296667203,0.1133481183629857
2024-10-21,0.016992771601906202,0.018021998786861067,0.01858687925939051,0.020639738837187893,0.020108505963189003,0.016210025097405743,0.016655706066397317,0.02664646618370725,0.03176904583745111,0.03744528859236007,0.03741376671397724,0.024426810115954302,0.017540120710369003,0.028224273677792046,0.025425757832731124,0.034117575938610555,0.01911745172840473,0.009451522855266365,0.0,0.009545690516498541,0.03556989095701546,0.07394162816258788,0.2754548132352787,0.07334615296667203,0.1133481183629857
2024-10-22,0.016992771601906202,0.018021998786861067,0.01858687925939051,0.020639738837187893,0.020108505963189003,0.016210025097405743,0.016655706066397317,0.02664646618370725,0.03176904583745111,0.03744528859236007,0.03741376671397724,0.024426810115954302,0.017540120710369003,0.028224273677792046,0.025425757832731124,0.034117575938610555,0.01911745172840473,0.009451522855266365,0.0,0.009545690516498541,0.03556989095701546,0.07394162816258788,0.2754548132352787,0.07334615296667203,0.1133481183629857
2024-10-23,0.016992771601906202,0.018021998786861067,0.01858687925939051,0.020639738837187893,0.020108505963189003,0.016210025097405743,0.016655706066397317,0.02664646618370725,0.03176904583745111,0.03744528859236007,0.03741376671397724,0.024426810115954302,0.017540120710369003,0.028224273677792046,0.025425757832731124,0.034117575938610555,0.01911745172840473,0.009451522855266365,0.0,0.009545690516498541,0.03556989095701546,0.07394162816258788,0.2754548132352787,0.07334615296667203,0.1133481183629857
2024-10-24,0.016992771601906202,0.018021998786861067,0.01858687925939051,0.020639738837187893,0.020108505963189003,0.016210025097405743,0.016655706066397317,0.02664646618370725,0.03176904583745111,0.03744528859236007,0.03741376671397724,0.024426810115954302,0.017540120710369003,0.028224273677792046,0.025425757832731124,0.034117575938610555,0.01911745172840473,0.009451522855266365,0.0,0.009545690516498541,0.03556989095701546,0.07394162816258788,0.2754548132352787,0.07334615296667203,0.1133481183629857
2024-10-25,0.016992771601906202,0.018021998786861067,0.01858687925939051,0.020639738837187893,0.020108505963189003,0.016210025097405743,0.016655706066397317,0.02664646618370725,0.03176904583745111,0.03744528859236007,0.03741376671397724,0.024426810115954302,0.017540120710369003,0.028224273677792046,0.025425757832731124,0.034117575938610555,0.01911745172840473,0.009451522855266365,0.0,0.009545690516498541,0.03556989095701546,0.07394162816258788,0.2754548132352787,0.07334615296667203,0.1133481183629857
2024-10-28,0.016992771601906202,0.018021998786861067,0.01858687925939051,0.020639738837187893,0.020108505963189003,0.016210025097405743,0.016655706066397317,0.02664646618370725,0.03176904583745111,0.03744528859236007,0.03741376671397724,0.024426810115954302,0.017540120710369003,0.028224273677792046,0.025425757832731124,0.034117575938610555,0.01911745172840473,0.009451522855266365,0.0,0.009545690516498541,0.03556989095701546,0.07394162816258788,0.2754548132352787,0.07334615296667203,0.1133481183629857
2024-10-29,0.016992771601906202,0.018021998786861067,0.01858687925939051,0.020639738837187893,0.020108505963189003,0.016210025097405743,0.016655706066397317,0.02664646618370725,0.03176904583745111,0.03744528859236007,0.03741376671397724,0.024426810115954302,0.017540120710369003,0.028224273677792046,0.025425757832731124,0.034117575938610555,0.01911745172840473,0.009451522855266365,0.0,0.009545690516498541,0.03556989095701546,0.07394162816258788,0.2754548132352787,0.07334615296667203,0.1133481183629857
2024-10-30,0.016992771601906202,0.018021998786861067,0.01858687925939051,0.020639738837187893,0.020108505963189003,0.016210025097405743,0.016655706066397317,0.02664646618370725,0.03176904583745111,0.03744528859236007,0.03741376671397724,0.024426810115954302,0.017540120710369003,0.028224273677792046,0.025425757832731124,0.034117575938610555,0.01911745172840473,0.009451522855266365,0.0,0.009545690516498541,0.03556989095701546,0.07394162816258788,0.2754548132352787,0.07334615296667203,0.1133481183629857
2024-10-31,0.016992771601906202,0.018021998786861067,0.01858687925939051,0.020639738837187893,0.020108505963189003,0.016210025097405743,0.016655706066397317,0.02664646618370725,0.03176904583745111,0.03744528859236007,0.03741376671397724,0.024426810115954302,0.017540120710369003,0.028224273677792046,0.025425757832731124,0.034117575938610555,0.01911745172840473,0.009451522855266365,0.0,0.009545690516498541,0.03556989095701546,0.07394162816258788,0.2754548132352787,0.07334615296667203,0.1133481183629857
2024-11-01,0.016992771601906202,0.018021998786861067,0.01858687925939051,0.020639738837187893,0.020108505963189003,0.016210025097405743,0.016655706066397317,0.02664646618370725,0.03176904583745111,0.03744528859236007,0.03741376671397724,0.024426810115954302,0.017540120710369003,0.028224273677792046,0.025425757832731124,0.034117575938610555,0.01911745172840473,0.009451522855266365,0.0,0.009545690516498541,0.03556989095701546,0.07394162816258788,0.2754548132352787,0.07334615296667203,0.1133481183629857
2024-11-04,0.016992771601906202,0.018021998786861067,0.01858687925939051,0.020639738837187893,0.020108505963189003,0.016210025097405743,0.016655706066397317,0.02664646618370725,0.03176904583745111,0.03744528859236007,0.03741376671397724,0.024426810115954302,0.017540120710369003,0.028224273677792046,0.025425757832731124,0.034117575938610555,0.01911745172840473,0.009451522855266365,0.0,0.009545690516498541,0.03556989095701546,0.07394162816258788,0.2754548132352787,0.07334615296667203,0.1133481183629857
2024-11-05,0.016992771601906202,0.018021998786861067,0.01858687925939051,0.020639738837187893,0.020108505963189003,0.016210025097405743,0.016655706066397317,0.02664646618370725,0.03176904583745111,0.03744528859236007,0.03741376671397724,0.024426810115954302,0.017540120710369003,0.028224273677792046,0.025425757832731124,0.034117575938610555,0.01911745172840473,0.009451522855266365,0.0,0.009545690516498541,0.03556989095701546,0.07394162816258788,0.2754548132352787,0.07334615296667203,0.1133481183629857
2024-11-06,0.016992771601906202,0.018021998786861067,0.01858687925939051,0.020639738837187893,0.020108505963189003,0.016210025097405743,0.016655706066397317,0.02664646618370725,0.03176904583745111,0.03744528859236007,0.03741376671397724,0.024426810115954302,0.017540120710369003,0.028224273677792046,0.025425757832731124,0.034117575938610555,0.01911745172840473,0.009451522855266365,0.0,0.009545690516498541,0.03556989095701546,0.07394162816258788,0.2754548132352787,0.07334615296667203,0.1133481183629857
2024-11-07,0.016992771601906202,0.018021998786861067,0.01858687925939051,0.020639738837187893,0.020108505963189003,0.016210025097405743,0.016655706066397317,0.02664646618370725,0.03176904583745111,0.03744528859236007,0.03741376671397724,0.024426810115954302,0.017540120710369003,0.028224273677792046,0.025425757832731124,0.034117575938610555,0.01911745172840473,0.009451522855266365,0.0,0.009545690516498541,0.03556989095701546,0.07394162816258788,0.2754548132352787,0.07334615296667203,0.1133481183629857
2024-11-08,0.016992771601906202,0.018021998786861067,0.01858687925939051,0.020639738837187893,0.020108505963189003,0.016210025097405743,0.016655706066397317,0.02664646618370725,0.03176904583745111,0.03744528859236007,0.03741376671397724,0.024426810115954302,0.017540120710369003,0.028224273677792046,0.025425757832731124,0.034117575938610555,0.01911745172840473,0.009451522855266365,0.0,0.009545690516498541,0.03556989095701546,0.07394162816258788,0.2754548132352787,0.07334615296667203,0.1133481183629857
2024-11-11,0.016992771601906202,0.018021998786861067,0.01858687925939051,0.020639738837187893,0.020108505963189003,0.016210025097405743,0.016655706066397317,0.02664646618370725,0.03176904583745111,0.03744528859236007,0.03741376671397724,0.024426810115954302,0.017540120710369003,0.028224273677792046,0.025425757832731124,0.034117575938610555,0.01911745172840473,0.009451522855266365,0.0,0.009545690516498541,0.03556989095701546,0.07394162816258788,0.2754548132352787,0.07334615296667203,0.1133481183629857
2024-11-12,0.016992771601906202,0.018021998786861067,0.01858687925939051,0.020639738837187893,0.020108505963189003,0.016210025097405743,0.016655706066397317,0.02664646618370725,0.03176904583745111,0.03744528859236007,0.03741376671397724,0.024426810115954302,0.017540120710369003,0.028224273677792046,0.025425757832731124,0.034117575938610555,0.01911745172840473,0.009451522855266365,0.0,0.009545690516498541,0.03556989095701546,0.07394162816258788,0.2754548132352787,0.07334615296667203,0.1133481183629857
2024-11-13,0.016992771601906202,0.018021998786861067,0.01858687925939051,0.020639738837187893,0.020108505963189003,0.016210025097405743,0.016655706066397317,0.02664646618370725,0.03176904583745111,0.03744528859236007,0.03741376671397724,0.024426810115954302,0.017540120710369003,0.028224273677792046,0.025425757832731124,0.034117575938610555,0.01911745172840473,0.009451522855266365,0.0,0.009545690516498541,0.03556989095701546,0.07394162816258788,0.2754548132352787,0.07334615296667203,0.1133481183629857
2024-11-14,0.016992771601906202,0.018021998786861067,0.01858687925939051,0.020639738837187893,0.020108505963189003,0.016210025097405743,0.016655706066397317,0.02664646618370725,0.03176904583745111,0.03744528859236007,0.03741376671397724,0.024426810115954302,0.017540120710369003,0.028224273677792046,0.025425757832731124,0.034117575938610555,0.01911745172840473,0.009451522855266365,0.0,0.009545690516498541,0.03556989095701546,0.07394162816258788,0.2754548132352787,0.07334615296667203,0.1133481183629857
2024-11-15,0.016992771601906202,0.018021998786861067,0.01858687925939051,0.020639738837187893,0.020108505963189003,0.016210025097405743,0.016655706066397317,0.02664646618370725,0.03176904583745111,0.03744528859236007,0.03741376671397724,0.024426810115954302,0.017540120710369003,0.028224273677792046,0.025425757832731124,0.034117575938610555,0.01911745172840473,0.009451522855266365,0.0,0.009545690516498541,0.03556989095701546,0.07394162816258788,0.2754548132352787,0.07334615296667203,0.1133481183629857
2024-11-18,0.016992771601906202,0.018021998786861067,0.01858687925939051,0.020639738837187893,0.020108505963189003,0.016210025097405743,0.016655706066397317,0.02664646618370725,0.03176904583745111,0.03744528859236007,0.03741376671397724,0.024426810115954302,0.017540120710369003,0.028224273677792046,0.025425757832731124,0.034117575938610555,0.01911745172840473,0.009451522855266365,0.0,0.009545690516498541,0.03556989095701546,0.07394162816258788,0.2754548132352787,0.07334615296667203,0.1133481183629857
2024-11-19,0.016992771601906202,0.018021998786861067,0.01858687925939051,0.020639738837187893,0.020108505963189003,0.016210025097405743,0.016655706066397317,0.02664646618370725,0.03176904583745111,0.03744528859236007,0.03741376671397724,0.024426810115954302,0.017540120710369003,0.028224273677792046,0.025425757832731124,0.034117575938610555,0.01911745172840473,0.009451522855266365,0.0,0.009545690516498541,0.03556989095701546,0.07394162816258788,0.2754548132352787,0.07334615296667203,0.1133481183629857
2024-11-20,0.016992771601906202,0.018021998786861067,0.01858687925939051,0.020639738837187893,0.020108505963189003,0.016210025097405743,0.016655706066397317,0.02664646618370725,0.03176904583745111,0.03744528859236007,0.03741376671397724,0.024426810115954302,0.017540120710369003,0.028224273677792046,0.025425757832731124,0.034117575938610555,0.01911745172840473,0.009451522855266365,0.0,0.009545690516498541,0.03556989095701546,0.07394162816258788,0.2754548132352787,0.07334615296667203,0.1133481183629857
2024-11-21,0.016992771601906202,0.018021998786861067,0.01858687925939051,0.020639738837187893,0.020108505963189003,0.016210025097405743,0.016655706066397317,0.02664646618370725,0.03176904583745111,0.03744528859236007,0.03741376671397724,0.024426810115954302,0.017540120710369003,0.028224273677792046,0.025425757832731124,0.034117575938610555,0.01911745172840473,0.009451522855266365,0.0,0.009545690516498541,0.03556989095701546,0.07394162816258788,0.2754548132352787,0.07334615296667203,0.1133481183629857
2024-11-22,0.016992771601906202,0.018021998786861067,0.01858687925939051,0.020639738837187893,0.020108505963189003,0.016210025097405743,0.016655706066397317,0.02664646618370725,0.03176904583745111,0.03744528859236007,0.03741376671397724,0.024426810115954302,0.017540120710369003,0.028224273677792046,0.025425757832731124,0.034117575938610555,0.01911745172840473,0.009451522855266365,0.0,0.009545690516498541,0.03556989095701546,0.07394162816258788,0.2754548132352787,0.07334615296667203,0.1133481183629857
2024-11-25,0.016992771601906202,0.018021998786861067,0.01858687925939051,0.020639738837187893,0.020108505963189003,0.016210025097405743,0.016655706066397317,0.02664646618370725,0.03176904583745111,0.03744528859236007,0.03741376671397724,0.024426810115954302,0.017540120710369003,0.028224273677792046,0.025425757832731124,0.034117575938610555,0.01911745172840473,0.009451522855266365,0.0,0.009545690516498541,0.03556989095701546,0.07394162816258788,0.2754548132352787,0.07334615296667203,0.1133481183629857
2024-11-26,0.016992771601906202,0.018021998786861067,0.01858687925939051,0.020639738837187893,0.020108505963189003,0.016210025097405743,0.016655706066397317,0.02664646618370725,0.03176904583745111,0.03744528859236007,0.03741376671397724,0.024426810115954302,0.017540120710369003,0.028224273677792046,0.025425757832731124,0.034117575938610555,0.01911745172840473,0.009451522855266365,0.0,0.009545690516498541,0.03556989095701546,0.07394162816258788,0.2754548132352787,0.07334615296667203,0.1133481183629857
2024-11-27,0.016992771601906202,0.018021998786861067,0.01858687925939051,0.020639738837187893,0.020108505963189003,0.016210025097405743,0.016655706066397317,0.02664646618370725,0.03176904583745111,0.03744528859236007,0.03741376671397724,0.024426810115954302,0.017540120710369003,0.028224273677792046,0.025425757832731124,0.034117575938610555,0.01911745172840473,0.009451522855266365,0.0,0.009545690516498541,0.03556989095701546,0.07394162816258788,0.2754548132352787,0.07334615296667203,0.1133481183629857
2024-11-28,0.016992771601906202,0.018021998786861067,0.01858687925939051,0.020639738837187893,0.020108505963189003,0.016210025097405743,0.016655706066397317,0.02664646618370725,0.03176904583745111,0.03744528859236007,0.03741376671397724,0.024426810115954302,0.017540120710369003,0.028224273677792046,0.025425757832731124,0.034117575938610555,0.01911745172840473,0.009451522855266365,0.0,0.009545690516498541,0.03556989095701546,0.07394162816258788,0.2754548132352787,0.07334615296667203,0.1133481183629857
2024-11-29,0.016992771601906202,0.018021998786861067,0.01858687925939051,0.020639738837187893,0.020108505963189003,0.016210025097405743,0.016655706066397317,0.02664646618370725,0.03176904583745111,0.03744528859236007,0.03741376671397724,0.024426810115954302,0.017540120710369003,0.028224273677792046,0.025425757832731124,0.034117575938610555,0.01911745172840473,0.009451522855266365,0.0,0.009545690516498541,0.03556989095701546,0.07394162816258788,0.2754548132352787,0.07334615296667203,0.1133481183629857
2024-12-02,0.01766808830729851,0.018835388135041525,0.019576576143316215,0.021574100830704934,0.021100738029296393,0.017015064027187565,0.017765158037968933,0.028575533592988433,0.034902567250907034,0.04191772824847065,0.03667523019224558,0.024654074184066444,0.018455399101498494,0.016903156953991676,0.01610882416213532,0.03275314968575233,0.0,0.00975245695558492,0.0,0.009866859594951656,0.03389913347546177,0.07469672798806372,0.2827276081559488,0.07166176660148064,0.13291467034563847
2024-12-03,0.01766808830729851,0.018835388135041525,0.019576576143316215,0.021574100830704934,0.021100738029296393,0.017015064027187565,0.017765158037968933,0.028575533592988433,0.034902567250907034,0.04191772824847065,0.03667523019224558,0.024654074184066444,0.018455399101498494,0.016903156953991676,0.01610882416213532,0.03275314968575233,0.0,0.00975245695558492,0.0,0.009866859594951656,0.03389913347546177,0.07469672798806372,0.2827276081559488,0.07166176660148064,0.13291467034563847
2024-12-04,0.01766808830729851,0.018835388135041525,0.019576576143316215,0.021574100830704934,0.021100738029296393,0.017015064027187565,0.017765158037968933,0.028575533592988433,0.034902567250907034,0.04191772824847065,0.03667523019224558,0.024654074184066444,0.018455399101498494,0.016903156953991676,0.01610882416213532,0.03275314968575233,0.0,0.00975245695558492,0.0,0.009866859594951656,0.03389913347546177,0.07469672798806372,0.2827276081559488,0.07166176660148064,0.13291467034563847
2024-12-05,0.01766808830729851,0.018835388135041525,0.019576576143316215,0.021574100830704934,0.021100738029296393,0.017015064027187565,0.017765158037968933,0.028575533592988433,0.034902567250907034,0.04191772824847065,0.03667523019224558,0.024654074184066444,0.018455399101498494,0.016903156953991676,0.01610882416213532,0.03275314968575233,0.0,0.00975245695558492,0.0,0.009866859594951656,0.03389913347546177,0.07469672798806372,0.2827276081559488,0.07166176660148064,0.13291467034563847
2024-12-06,0.01766808830729851,0.018835388135041525,0.019576576143316215,0.021574100830704934,0.021100738029296393,0.017015064027187565,0.017765158037968933,0.028575533592988433,0.034902567250907034,0.04191772824847065,0.03667523019224558,0.024654074184066444,0.018455399101498494,0.016903156953991676,0.01610882416213532,0.03275314968575233,0.0,0.00975245695558492,0.0,0.009866859594951656,0.03389913347546177,0.07469672798806372,0.2827276081559488,0.07166176660148064,0.13291467034563847
2024-12-09,0.01766808830729851,0.018835388135041525,0.019576576143316215,0.021574100830704934,0.021100738029296393,0.017015064027187565,0.017765158037968933,0.028575533592988433,0.034902567250907034,0.04191772824847065,0.03667523019224558,0.024654074184066444,0.018455399101498494,0.016903156953991676,0.01610882416213532,0.03275314968575233,0.0,0.00975245695558492,0.0,0.009866859594951656,0.03389913347546177,0.07469672798806372,0.2827276081559488,0.07166176660148064,0.13291467034563847
2024-12-10,0.01766808830729851,0.018835388135041525,0.019576576143316215,0.021574100830704934,0.021100738029296393,0.017015064027187565,0.017765158037968933,0.028575533592988433,0.034902567250907034,0.04191772824847065,0.03667523019224558,0.024654074184066444,0.018455399101498494,0.016903156953991676,0.01610882416213532,0.03275314968575233,0.0,0.00975245695558492,0.0,0.009866859594951656,0.03389913347546177,0.07469672798806372,0.2827276081559488,0.07166176660148064,0.13291467034563847
2024-12-11,0.01766808830729851,0.018835388135041525,0.019576576143316215,0.021574100830704934,0.021100738029296393,0.017015064027187565,0.017765158037968933,0.028575533592988433,0.034902567250907034,0.04191772824847065,0.03667523019224558,0.024654074184066444,0.018455399101498494,0.016903156953991676,0.01610882416213532,0.03275314968575233,0.0,0.00975245695558492,0.0,0.009866859594951656,0.03389913347546177,0.07469672798806372,0.2827276081559488,0.07166176660148064,0.13291467034563847
2024-12-12,0.01766808830729851,0.018835388135041525,0.019576576143316215,0.021574100830704934,0.021100738029296393,0.017015064027187565,0.017765158037968933,0.028575533592988433,0.034902567250907034,0.04191772824847065,0.03667523019224558,0.024654074184066444,0.018455399101498494,0.016903156953991676,0.01610882416213532,0.03275314968575233,0.0,0.00975245695558492,0.0,0.009866859594951656,0.03389913347546177,0.07469672798806372,0.2827276081559488,0.07166176660148064,0.13291467034563847
2024-12-13,0.01766808830729851,0.018835388135041525,0.019576576143316215,0.021574100830704934,0.021100738029296393,0.017015064027187565,0.017765158037968933,0.028575533592988433,0.034902567250907034,0.04191772824847065,0.03667523019224558,0.024654074184066444,0.018455399101498494,0.016903156953991676,0.01610882416213532,0.03275314968575233,0.0,0.00975245695558492,0.0,0.009866859594951656,0.03389913347546177,0.07469672798806372,0.2827276081559488,0.07166176660148064,0.13291467034563847
2024-12-16,0.01766808830729851,0.018835388135041525,0.019576576143316215,0.021574100830704934,0.021100738029296393,0.017015064027187565,0.017765158037968933,0.028575533592988433,0.034902567250907034,0.04191772824847065,0.03667523019224558,0.024654074184066444,0.018455399101498494,0.016903156953991676,0.01610882416213532,0.03275314968575233,0.0,0.00975245695558492,0.0,0.009866859594951656,0.03389913347546177,0.07469672798806372,0.2827276081559488,0.07166176660148064,0.13291467034563847
2024-12-17,0.01766808830729851,0.018835388135041525,0.019576576143316215,0.021574100830704934,0.021100738029296393,0.017015064027187565,0.017765158037968933,0.028575533592988433,0.034902567250907034,0.04191772824847065,0.03667523019224558,0.024654074184066444,0.018455399101498494,0.016903156953991676,0.01610882416213532,0.03275314968575233,0.0,0.00975245695558492,0.0,0.009866859594951656,0.03389913347546177,0.07469672798806372,0.2827276081559488,0.07166176660148064,0.13291467034563847
2024-12-18,0.01766808830729851,0.018835388135041525,0.019576576143316215,0.021574100830704934,0.021100738029296393,0.017015064027187565,0.017765158037968933,0.028575533592988433,0.034902567250907034,0.04191772824847065,0.03667523019224558,0.024654074184066444,0.018455399101498494,0.016903156953991676,0.01610882416213532,0.03275314968575233,0.0,0.00975245695558492,0.0,0.009866859594951656,0.03389913347546177,0.07469672798806372,0.2827276081559488,0.07166176660148064,0.13291467034563847
2024-12-19,0.01766808830729851,0.018835388135041525,0.019576576143316215,0.021574100830704934,0.021100738029296393,0.017015064027187565,0.017765158037968933,0.028575533592988433,0.034902567250907034,0.04191772824847065,0.03667523019224558,0.024654074184066444,0.018455399101498494,0.016903156953991676,0.01610882416213532,0.03275314968575233,0.0,0.00975245695558492,0.0,0.009866859594951656,0.03389913347546177,0.07469672798806372,0.2827276081559488,0.07166176660148064,0.13291467034563847
2024-12-20,0.01766808830729851,0.018835388135041525,0.019576576143316215,0.021574100830704934,0.021100738029296393,0.017015064027187565,0.017765158037968933,0.028575533592988433,0.034902567250907034,0.04191772824847065,0.03667523019224558,0.024654074184066444,0.018455399101498494,0.016903156953991676,0.01610882416213532,0.03275314968575233,0.0,0.00975245695558492,0.0,0.009866859594951656,0.03389913347546177,0.07469672798806372,0.2827276081559488,0.07166176660148064,0.13291467034563847
2024-12-23,0.01766808830729851,0.018835388135041525,0.019576576143316215,0.021574100830704934,0.021100738029296393,0.017015064027187565,0.017765158037968933,0.028575533592988433,0.034902567250907034,0.04191772824847065,0.03667523019224558,0.024654074184066444,0.018455399101498494,0.016903156953991676,0.01610882416213532,0.03275314968575233,0.0,0.00975245695558492,0.0,0.009866859594951656,0.03389913347546177,0.07469672798806372,0.2827276081559488,0.07166176660148064,0.13291467034563847
2024-12-24,0.01766808830729851,0.018835388135041525,0.019576576143316215,0.021574100830704934,0.021100738029296393,0.017015064027187565,0.017765158037968933,0.028575533592988433,0.034902567250907034,0.04191772824847065,0.03667523019224558,0.024654074184066444,0.018455399101498494,0.016903156953991676,0.01610882416213532,0.03275314968575233,0.0,0.00975245695558492,0.0,0.009866859594951656,0.03389913347546177,0.07469672798806372,0.2827276081559488,0.07166176660148064,0.13291467034563847
2024-12-25,0.01766808830729851,0.018835388135041525,0.019576576143316215,0.021574100830704934,0.021100738029296393,0.017015064027187565,0.017765158037968933,0.028575533592988433,0.034902567250907034,0.04191772824847065,0.03667523019224558,0.024654074184066444,0.018455399101498494,0.016903156953991676,0.01610882416213532,0.03275314968575233,0.0,0.00975245695558492,0.0,0.009866859594951656,0.03389913347546177,0.07469672798806372,0.2827276081559488,0.07166176660148064,0.13291467034563847
2024-12-26,0.01766808830729851,0.018835388135041525,0.019576576143316215,0.021574100830704934,0.021100738029296393,0.017015064027187565,0.017765158037968933,0.028575533592988433,0.034902567250907034,0.04191772824847065,0.03667523019224558,0.024654074184066444,0.018455399101498494,0.016903156953991676,0.01610882416213532,0.03275314968575233,0.0,0.00975245695558492,0.0,0.009866859594951656,0.03389913347546177,0.07469672798806372,0.2827276081559488,0.07166176660148064,0.13291467034563847
2024-12-27,0.01766808830729851,0.018835388135041525,0.019576576143316215,0.021574100830704934,0.021100738029296393,0.017015064027187565,0.017765158037968933,0.028575533592988433,0.034902567250907034,0.04191772824847065,0.03667523019224558,0.024654074184066444,0.018455399101498494,0.016903156953991676,0.01610882416213532,0.03275314968575233,0.0,0.00975245695558492,0.0,0.009866859594951656,0.03389913347546177,0.07469672798806372,0.2827276081559488,0.07166176660148064,0.13291467034563847
2024-12-30,0.01766808830729851,0.018835388135041525,0.019576576143316215,0.021574100830704934,0.021100738029296393,0.017015064027187565,0.017765158037968933,0.028575533592988433,0.034902567250907034,0.04191772824847065,0.03667523019224558,0.024654074184066444,0.018455399101498494,0.016903156953991676,0.01610882416213532,0.03275314968575233,0.0,0.00975245695558492,0.0,0.009866859594951656,0.03389913347546177,0.07469672798806372,0.2827276081559488,0.07166176660148064,0.13291467034563847
2024-12-31,0.01766808830729851,0.018835388135041525,0.019576576143316215,0.021574100830704934,0.021100738029296393,0.017015064027187565,0.017765158037968933,0.028575533592988433,0.034902567250907034,0.04191772824847065,0.03667523019224558,0.024654074184066444,0.018455399101498494,0.016903156953991676,0.01610882416213532,0.03275314968575233,0.0,0.00975245695558492,0.0,0.009866859594951656,0.03389913347546177,0.07469672798806372,0.2827276081559488,0.07166176660148064,0.13291467034563847
2025-01-02,0.01766808830729851,0.018835388135041525,0.019576576143316215,0.021574100830704934,0.021100738029296393,0.017015064027187565,0.017765158037968933,0.028575533592988433,0.034902567250907034,0.04191772824847065,0.03667523019224558,0.024654074184066444,0.018455399101498494,0.016903156953991676,0.01610882416213532,0.03275314968575233,0.0,0.00975245695558492,0.0,0.009866859594951656,0.03389913347546177,0.07469672798806372,0.2827276081559488,0.07166176660148064,0.13291467034563847
2025-01-03,0.01766808830729851,0.018835388135041525,0.019576576143316215,0.021574100830704934,0.021100738029296393,0.017015064027187565,0.017765158037968933,0.028575533592988433,0.034902567250907034,0.04191772824847065,0.03667523019224558,0.024654074184066444,0.018455399101498494,0.016903156953991676,0.01610882416213532,0.03275314968575233,0.0,0.00975245695558492,0.0,0.009866859594951656,0.03389913347546177,0.07469672798806372,0.2827276081559488,0.07166176660148064,0.13291467034563847
2025-01-06,0.01766808830729851,0.018835388135041525,0.019576576143316215,0.021574100830704934,0.021100738029296393,0.017015064027187565,0.017765158037968933,0.028575533592988433,0.034902567250907034,0.04191772824847065,0.03667523019224558,0.024654074184066444,0.018455399101498494,0.016903156953991676,0.01610882416213532,0.03275314968575233,0.0,0.00975245695558492,0.0,0.009866859594951656,0.03389913347546177,0.07469672798806372,0.2827276081559488,0.07166176660148064,0.13291467034563847
2025-01-07,0.01766808830729851,0.018835388135041525,0.019576576143316215,0.021574100830704934,0.021100738029296393,0.017015064027187565,0.017765158037968933,0.028575533592988433,0.034902567250907034,0.04191772824847065,0.03667523019224558,0.024654074184066444,0.018455399101498494,0.016903156953991676,0.01610882416213532,0.03275314968575233,0.0,0.00975245695558492,0.0,0.009866859594951656,0.03389913347546177,0.07469672798806372,0.2827276081559488,0.07166176660148064,0.13291467034563847
2025-01-08,0.01766808830729851,0.018835388135041525,0.019576576143316215,0.021574100830704934,0.021100738029296393,0.017015064027187565,0.017765158037968933,0.028575533592988433,0.034902567250907034,0.04191772824847065,0.03667523019224558,0.024654074184066444,0.018455399101498494,0.016903156953991676,0.01610882416213532,0.03275314968575233,0.0,0.00975245695558492,0.0,0.009866859594951656,0.03389913347546177,0.07469672798806372,0.2827276081559488,0.07166176660148064,0.13291467034563847
2025-01-09,0.01766808830729851,0.018835388135041525,0.019576576143316215,0.021574100830704934,0.021100738029296393,0.017015064027187565,0.017765158037968933,0.028575533592988433,0.034902567250907034,0.04191772824847065,0.03667523019224558,0.024654074184066444,0.018455399101498494,0.016903156953991676,0.01610882416213532,0.03275314968575233,0.0,0.00975245695558492,0.0,0.009866859594951656,0.03389913347546177,0.07469672798806372,0.2827276081559488,0.07166176660148064,0.13291467034563847
2025-01-10,0.01766808830729851,0.018835388135041525,0.019576576143316215,0.021574100830704934,0.021100738029296393,0.017015064027187565,0.017765158037968933,0.028575533592988433,0.034902567250907034,0.04191772824847065,0.03667523019224558,0.024654074184066444,0.018455399101498494,0.016903156953991676,0.01610882416213532,0.03275314968575233,0.0,0.00975245695558492,0.0,0.009866859594951656,0.03389913347546177,0.07469672798806372,0.2827276081559488,0.07166176660148064,0.13291467034563847
2025-01-13,0.01766808830729851,0.018835388135041525,0.019576576143316215,0.021574100830704934,0.021100738029296393,0.017015064027187565,0.017765158037968933,0.028575533592988433,0.034902567250907034,0.04191772824847065,0.03667523019224558,0.024654074184066444,0.018455399101498494,0.016903156953991676,0.01610882416213532,0.03275314968575233,0.0,0.00975245695558492,0.0,0.009866859594951656,0.03389913347546177,0.07469672798806372,0.2827276081559488,0.07166176660148064,0.13291467034563847
2025-01-14,0.01766808830729851,0.018835388135041525,0.019576576143316215,0.021574100830704934,0.021100738029296393,0.017015064027187565,0.017765158037968933,0.028575533592988433,0.034902567250907034,0.04191772824847065,0.03667523019224558,0.024654074184066444,0.018455399101498494,0.016903156953991676,0.01610882416213532,0.03275314968575233,0.0,0.00975245695558492,0.0,0.009866859594951656,0.03389913347546177,0.07469672798806372,0.2827276081559488,0.07166176660148064,0.13291467034563847
2025-01-15,0.01766808830729851,0.018835388135041525,0.019576576143316215,0.021574100830704934,0.021100738029296393,0.017015064027187565,0.017765158037968933,0.028575533592988433,0.034902567250907034,0.04191772824847065,0.03667523019224558,0.024654074184066444,0.018455399101498494,0.016903156953991676,0.01610882416213532,0.03275314968575233,0.0,0.00975245695558492,0.0,0.009866859594951656,0.03389913347546177,0.07469672798806372,0.2827276081559488,0.07166176660148064,0.13291467034563847
2025-01-16,0.01766808830729851,0.018835388135041525,0.019576576143316215,0.021574100830704934,0.021100738029296393,0.017015064027187565,0.017765158037968933,0.028575533592988433,0.034902567250907034,0.04191772824847065,0.03667523019224558,0.024654074184066444,0.018455399101498494,0.016903156953991676,0.01610882416213532,0.03275314968575233,0.0,0.00975245695558492,0.0,0.009866859594951656,0.03389913347546177,0.07469672798806372,0.2827276081559488,0.07166176660148064,0.13291467034563847
2025-01-17,0.01766808830729851,0.018835388135041525,0.019576576143316215,0.021574100830704934,0.021100738029296393,0.017015064027187565,0.017765158037968933,0.028575533592988433,0.034902567250907034,0.04191772824847065,0.03667523019224558,0.024654074184066444,0.018455399101498494,0.016903156953991676,0.01610882416213532,0.03275314968575233,0.0,0.00975245695558492,0.0,0.009866859594951656,0.03389913347546177,0.07469672798806372,0.2827276081559488,0.07166176660148064,0.13291467034563847
2025-01-20,0.01766808830729851,0.018835388135041525,0.019576576143316215,0.021574100830704934,0.021100738029296393,0.017015064027187565,0.017765158037968933,0.028575533592988433,0.034902567250907034,0.04191772824847065,0.03667523019224558,0.024654074184066444,0.018455399101498494,0.016903156953991676,0.01610882416213532,0.03275314968575233,0.0,0.00975245695558492,0.0,0.009866859594951656,0.03389913347546177,0.07469672798806372,0.2827276081559488,0.07166176660148064,0.13291467034563847
2025-01-21,0.01766808830729851,0.018835388135041525,0.019576576143316215,0.021574100830704934,0.021100738029296393,0.017015064027187565,0.017765158037968933,0.028575533592988433,0.034902567250907034,0.04191772824847065,0.03667523019224558,0.024654074184066444,0.018455399101498494,0.016903156953991676,0.01610882416213532,0.03275314968575233,0.0,0.00975245695558492,0.0,0.009866859594951656,0.03389913347546177,0.07469672798806372,0.2827276081559488,0.07166176660148064,0.13291467034563847
2025-01-22,0.01766808830729851,0.018835388135041525,0.019576576143316215,0.021574100830704934,0.021100738029296393,0.017015064027187565,0.017765158037968933,0.028575533592988433,0.034902567250907034,0.04191772824847065,0.03667523019224558,0.024654074184066444,0.018455399101498494,0.016903156953991676,0.01610882416213532,0.03275314968575233,0.0,0.00975245695558492,0.0,0.009866859594951656,0.03389913347546177,0.07469672798806372,0.2827276081559488,0.07166176660148064,0.13291467034563847
2025-01-23,0.01766808830729851,0.018835388135041525,0.019576576143316215,0.021574100830704934,0.021100738029296393,0.017015064027187565,0.017765158037968933,0.028575533592988433,0.034902567250907034,0.04191772824847065,0.03667523019224558,0.024654074184066444,0.018455399101498494,0.016903156953991676,0.01610882416213532,0.03275314968575233,0.0,0.00975245695558492,0.0,0.009866859594951656,0.03389913347546177,0.07469672798806372,0.2827276081559488,0.07166176660148064,0.13291467034563847
2025-01-24,0.01766808830729851,0.018835388135041525,0.019576576143316215,0.021574100830704934,0.021100738029296393,0.017015064027187565,0.017765158037968933,0.028575533592988433,0.034902567250907034,0.04191772824847065,0.03667523019224558,0.024654074184066444,0.018455399101498494,0.016903156953991676,0.01610882416213532,0.03275314968575233,0.0,0.00975245695558492,0.0,0.009866859594951656,0.03389913347546177,0.07469672798806372,0.2827276081559488,0.07166176660148064,0.13291467034563847
2025-01-27,0.01766808830729851,0.018835388135041525,0.019576576143316215,0.021574100830704934,0.021100738029296393,0.017015064027187565,0.017765158037968933,0.028575533592988433,0.034902567250907034,0.04191772824847065,0.03667523019224558,0.024654074184066444,0.018455399101498494,0.016903156953991676,0.01610882416213532,0.03275314968575233,0.0,0.00975245695558492,0.0,0.009866859594951656,0.03389913347546177,0.07469672798806372,0.2827276081559488,0.07166176660148064,0.13291467034563847
2025-01-28,0.01766808830729851,0.018835388135041525,0.019576576143316215,0.021574100830704934,0.021100738029296393,0.017015064027187565,0.017765158037968933,0.028575533592988433,0.034902567250907034,0.04191772824847065,0.03667523019224558,0.024654074184066444,0.018455399101498494,0.016903156953991676,0.01610882416213532,0.03275314968575233,0.0,0.00975245695558492,0.0,0.009866859594951656,0.03389913347546177,0.07469672798806372,0.2827276081559488,0.07166176660148064,0.13291467034563847
2025-01-29,0.01766808830729851,0.018835388135041525,0.019576576143316215,0.021574100830704934,0.021100738029296393,0.017015064027187565,0.017765158037968933,0.028575533592988433,0.034902567250907034,0.04191772824847065,0.03667523019224558,0.024654074184066444,0.018455399101498494,0.016903156953991676,0.01610882416213532,0.03275314968575233,0.0,0.00975245695558492,0.0,0.009866859594951656,0.03389913347546177,0.07469672798806372,0.2827276081559488,0.07166176660148064,0.13291467034563847
2025-01-30,0.01766808830729851,0.018835388135041525,0.019576576143316215,0.021574100830704934,0.021100738029296393,0.017015064027187565,0.017765158037968933,0.028575533592988433,0.034902567250907034,0.04191772824847065,0.03667523019224558,0.024654074184066444,0.018455399101498494,0.016903156953991676,0.01610882416213532,0.03275314968575233,0.0,0.00975245695558492,0.0,0.009866859594951656,0.03389913347546177,0.07469672798806372,0.2827276081559488,0.07166176660148064,0.13291467034563847
2025-01-31,0.01766808830729851,0.018835388135041525,0.019576576143316215,0.021574100830704934,0.021100738029296393,0.017015064027187565,0.017765158037968933,0.028575533592988433,0.034902567250907034,0.04191772824847065,0.03667523019224558,0.024654074184066444,0.018455399101498494,0.016903156953991676,0.01610882416213532,0.03275314968575233,0.0,0.00975245695558492,0.0,0.009866859594951656,0.03389913347546177,0.07469672798806372,0.2827276081559488,0.07166176660148064,0.13291467034563847
2025-02-03,0.019712048736826786,0.021047635510006685,0.021188202799493697,0.023404266141460205,0.023707009375770822,0.018634196804382004,0.020186541725109787,0.0,0.04025380983293389,0.0,0.03680398780744831,0.025493646092374804,0.019538111822340724,0.018041048138841182,0.017115406955204464,0.0385256772935108,0.01869590870121312,0.010601057224321945,0.0006862103849656099,0.010619718251136287,0.0,0.0853754078890539,0.3188298019599551,0.07820999225503639,0.13333031429861356
2025-02-04,0.019712048736826786,0.021047635510006685,0.021188202799493697,0.023404266141460205,0.023707009375770822,0.018634196804382004,0.020186541725109787,0.0,0.04025380983293389,0.0,0.03680398780744831,0.025493646092374804,0.019538111822340724,0.018041048138841182,0.017115406955204464,0.0385256772935108,0.01869590870121312,0.010601057224321945,0.0006862103849656099,0.010619718251136287,0.0,0.0853754078890539,0.3188298019599551,0.07820999225503639,0.13333031429861356
2025-02-05,0.019712048736826786,0.021047635510006685,0.021188202799493697,0.023404266141460205,0.023707009375770822,0.018634196804382004,0.020186541725109787,0.0,0.04025380983293389,0.0,0.03680398780744831,0.025493646092374804,0.019538111822340724,0.018041048138841182,0.017115406955204464,0.0385256772935108,0.01869590870121312,0.010601057224321945,0.0006862103849656099,0.010619718251136287,0.0,0.0853754078890539,0.3188298019599551,0.07820999225503639,0.13333031429861356
2025-02-06,0.019712048736826786,0.021047635510006685,0.021188202799493697,0.023404266141460205,0.023707009375770822,0.018634196804382004,0.020186541725109787,0.0,0.04025380983293389,0.0,0.03680398780744831,0.025493646092374804,0.019538111822340724,0.018041048138841182,0.017115406955204464,0.0385256772935108,0.01869590870121312,0.010601057224321945,0.0006862103849656099,0.010619718251136287,0.0,0.0853754078890539,0.3188298019599551,0.07820999225503639,0.13333031429861356
2025-02-07,0.019712048736826786,0.021047635510006685,0.021188202799493697,0.023404266141460205,0.023707009375770822,0.018634196804382004,0.020186541725109787,0.0,0.04025380983293389,0.0,0.03680398780744831,0.025493646092374804,0.019538111822340724,0.018041048138841182,0.017115406955204464,0.0385256772935108,0.01869590870121312,0.010601057224321945,0.0006862103849656099,0.010619718251136287,0.0,0.0853754078890539,0.3188298019599551,0.07820999225503639,0.13333031429861356
2025-02-10,0.019712048736826786,0.021047635510006685,0.021188202799493697,0.023404266141460205,0.023707009375770822,0.018634196804382004,0.020186541725109787,0.0,0.04025380983293389,0.0,0.03680398780744831,0.025493646092374804,0.019538111822340724,0.018041048138841182,0.017115406955204464,0.0385256772935108,0.01869590870121312,0.010601057224321945,0.0006862103849656099,0.010619718251136287,0.0,0.0853754078890539,0.3188298019599551,0.07820999225503639,0.13333031429861356
2025-02-11,0.019712048736826786,0.021047635510006685,0.021188202799493697,0.023404266141460205,0.023707009375770822,0.018634196804382004,0.020186541725109787,0.0,0.04025380983293389,0.0,0.03680398780744831,0.025493646092374804,0.019538111822340724,0.018041048138841182,0.017115406955204464,0.0385256772935108,0.01869590870121312,0.010601057224321945,0.0006862103849656099,0.010619718251136287,0.0,0.0853754078890539,0.3188298019599551,0.07820999225503639,0.13333031429861356
2025-02-12,0.019712048736826786,0.021047635510006685,0.021188202799493697,0.023404266141460205,0.023707009375770822,0.018634196804382004,0.020186541725109787,0.0,0.04025380983293389,0.0,0.03680398780744831,0.025493646092374804,0.019538111822340724,0.018041048138841182,0.017115406955204464,0.0385256772935108,0.01869590870121312,0.010601057224321945,0.0006862103849656099,0.010619718251136287,0.0,0.0853754078890539,0.3188298019599551,0.07820999225503639,0.13333031429861356
2025-02-13,0.019712048736826786,0.021047635510006685,0.021188202799493697,0.023404266141460205,0.023707009375770822,0.018634196804382004,0.020186541725109787,0.0,0.04025380983293389,0.0,0.03680398780744831,0.025493646092374804,0.019538111822340724,0.018041048138841182,0.017115406955204464,0.0385256772935108,0.01869590870121312,0.010601057224321945,0.0006862103849656099,0.010619718251136287,0.0,0.0853754078890539,0.3188298019599551,0.07820999225503639,0.13333031429861356
2025-02-14,0.019712048736826786,0.021047635510006685,0.021188202799493697,0.023404266141460205,0.023707009375770822,0.018634196804382004,0.020186541725109787,0.0,0.04025380983293389,0.0,0.03680398780744831,0.025493646092374804,0.019538111822340724,0.018041048138841182,0.017115406955204464,0.0385256772935108,0.01869590870121312,0.010601057224321945,0.0006862103849656099,0.010619718251136287,0.0,0.0853754078890539,0.3188298019599551,0.07820999225503639,0.13333031429861356
2025-02-17,0.019712048736826786,0.021047635510006685,0.021188202799493697,0.023404266141460205,0.023707009375770822,0.018634196804382004,0.020186541725109787,0.0,0.04025380983293389,0.0,0.03680398780744831,0.025493646092374804,0.019538111822340724,0.018041048138841182,0.017115406955204464,0.0385256772935108,0.01869590870121312,0.010601057224321945,0.0006862103849656099,0.010619718251136287,0.0,0.0853754078890539,0.3188298019599551,0.07820999225503639,0.13333031429861356
2025-02-18,0.019712048736826786,0.021047635510006685,0.021188202799493697,0.023404266141460205,0.023707009375770822,0.018634196804382004,0.020186541725109787,0.0,0.04025380983293389,0.0,0.03680398780744831,0.025493646092374804,0.019538111822340724,0.018041048138841182,0.017115406955204464,0.0385256772935108,0.01869590870121312,0.010601057224321945,0.0006862103849656099,0.010619718251136287,0.0,0.0853754078890539,0.3188298019599551,0.07820999225503639,0.13333031429861356
2025-02-19,0.019712048736826786,0.021047635510006685,0.021188202799493697,0.023404266141460205,0.023707009375770822,0.018634196804382004,0.020186541725109787,0.0,0.04025380983293389,0.0,0.03680398780744831,0.025493646092374804,0.019538111822340724,0.018041048138841182,0.017115406955204464,0.0385256772935108,0.01869590870121312,0.010601057224321945,0.0006862103849656099,0.010619718251136287,0.0,0.0853754078890539,0.3188298019599551,0.07820999225503639,0.13333031429861356
2025-02-20,0.019712048736826786,0.021047635510006685,0.021188202799493697,0.023404266141460205,0.023707009375770822,0.018634196804382004,0.020186541725109787,0.0,0.04025380983293389,0.0,0.03680398780744831,0.025493646092374804,0.019538111822340724,0.018041048138841182,0.017115406955204464,0.0385256772935108,0.01869590870121312,0.010601057224321945,0.0006862103849656099,0.010619718251136287,0.0,0.0853754078890539,0.3188298019599551,0.07820999225503639,0.13333031429861356
2025-02-21,0.019712048736826786,0.021047635510006685,0.021188202799493697,0.023404266141460205,0.023707009375770822,0.018634196804382004,0.020186541725109787,0.0,0.04025380983293389,0.0,0.03680398780744831,0.025493646092374804,0.019538111822340724,0.018041048138841182,0.017115406955204464,0.0385256772935108,0.01869590870121312,0.010601057224321945,0.0006862103849656099,0.010619718251136287,0.0,0.0853754078890539,0.3188298019599551,0.07820999225503639,0.13333031429861356
2025-02-24,0.019712048736826786,0.021047635510006685,0.021188202799493697,0.023404266141460205,0.023707009375770822,0.018634196804382004,0.020186541725109787,0.0,0.04025380983293389,0.0,0.03680398780744831,0.025493646092374804,0.019538111822340724,0.018041048138841182,0.017115406955204464,0.0385256772935108,0.01869590870121312,0.010601057224321945,0.0006862103849656099,0.010619718251136287,0.0,0.0853754078890539,0.3188298019599551,0.07820999225503639,0.13333031429861356
2025-02-25,0.019712048736826786,0.021047635510006685,0.021188202799493697,0.023404266141460205,0.023707009375770822,0.018634196804382004,0.020186541725109787,0.0,0.04025380983293389,0.0,0.03680398780744831,0.025493646092374804,0.019538111822340724,0.018041048138841182,0.017115406955204464,0.0385256772935108,0.01869590870121312,0.010601057224321945,0.0006862103849656099,0.010619718251136287,0.0,0.0853754078890539,0.3188298019599551,0.07820999225503639,0.13333031429861356
2025-02-26,0.019712048736826786,0.021047635510006685,0.021188202799493697,0.023404266141460205,0.023707009375770822,0.018634196804382004,0.020186541725109787,0.0,0.04025380983293389,0.0,0.03680398780744831,0.025493646092374804,0.019538111822340724,0.018041048138841182,0.017115406955204464,0.0385256772935108,0.01869590870121312,0.010601057224321945,0.0006862103849656099,0.010619718251136287,0.0,0.0853754078890539,0.3188298019599551,0.07820999225503639,0.13333031429861356
2025-02-27,0.019712048736826786,0.021047635510006685,0.021188202799493697,0.023404266141460205,0.023707009375770822,0.018634196804382004,0.020186541725109787,0.0,0.04025380983293389,0.0,0.03680398780744831,0.025493646092374804,0.019538111822340724,0.018041048138841182,0.017115406955204464,0.0385256772935108,0.01869590870121312,0.010601057224321945,0.0006862103849656099,0.010619718251136287,0.0,0.0853754078890539,0.3188298019599551,0.07820999225503639,0.13333031429861356
2025-02-28,0.019712048736826786,0.021047635510006685,0.021188202799493697,0.023404266141460205,0.023707009375770822,0.018634196804382004,0.020186541725109787,0.0,0.04025380983293389,0.0,0.03680398780744831,0.025493646092374804,0.019538111822340724,0.018041048138841182,0.017115406955204464,0.0385256772935108,0.01869590870121312,0.010601057224321945,0.0006862103849656099,0.010619718251136287,0.0,0.0853754078890539,0.3188298019599551,0.07820999225503639,0.13333031429861356
2025-03-03,0.019712048736826786,0.021047635510006685,0.021188202799493697,0.023404266141460205,0.023707009375770822,0.018634196804382004,0.020186541725109787,0.0,0.04025380983293389,0.0,0.03680398780744831,0.025493646092374804,0.019538111822340724,0.018041048138841182,0.017115406955204464,0.0385256772935108,0.01869590870121312,0.010601057224321945,0.0006862103849656099,0.010619718251136287,0.0,0.0853754078890539,0.3188298019599551,0.07820999225503639,0.13333031429861356
2025-03-04,0.019712048736826786,0.021047635510006685,0.021188202799493697,0.023404266141460205,0.023707009375770822,0.018634196804382004,0.020186541725109787,0.0,0.04025380983293389,0.0,0.03680398780744831,0.025493646092374804,0.019538111822340724,0.018041048138841182,0.017115406955204464,0.0385256772935108,0.01869590870121312,0.010601057224321945,0.0006862103849656099,0.010619718251136287,0.0,0.0853754078890539,0.3188298019599551,0.07820999225503639,0.13333031429861356
2025-03-05,0.019712048736826786,0.021047635510006685,0.021188202799493697,0.023404266141460205,0.023707009375770822,0.018634196804382004,0.020186541725109787,0.0,0.04025380983293389,0.0,0.03680398780744831,0.025493646092374804,0.019538111822340724,0.018041048138841182,0.017115406955204464,0.0385256772935108,0.01869590870121312,0.010601057224321945,0.0006862103849656099,0.010619718251136287,0.0,0.0853754078890539,0.3188298019599551,0.07820999225503639,0.13333031429861356
2025-03-06,0.019712048736826786,0.021047635510006685,0.021188202799493697,0.023404266141460205,0.023707009375770822,0.018634196804382004,0.020186541725109787,0.0,0.04025380983293389,0.0,0.03680398780744831,0.025493646092374804,0.019538111822340724,0.018041048138841182,0.017115406955204464,0.0385256772935108,0.01869590870121312,0.010601057224321945,0.0006862103849656099,0.010619718251136287,0.0,0.0853754078890539,0.3188298019599551,0.07820999225503639,0.13333031429861356
2025-03-07,0.019712048736826786,0.021047635510006685,0.021188202799493697,0.023404266141460205,0.023707009375770822,0.018634196804382004,0.020186541725109787,0.0,0.04025380983293389,0.0,0.03680398780744831,0.025493646092374804,0.019538111822340724,0.018041048138841182,0.017115406955204464,0.0385256772935108,0.01869590870121312,0.010601057224321945,0.0006862103849656099,0.010619718251136287,0.0,0.0853754078890539,0.3188298019599551,0.07820999225503639,0.13333031429861356
2025-03-10,0.019712048736826786,0.021047635510006685,0.021188202799493697,0.023404266141460205,0.023707009375770822,0.018634196804382004,0.020186541725109787,0.0,0.04025380983293389,0.0,0.03680398780744831,0.025493646092374804,0.019538111822340724,0.018041048138841182,0.017115406955204464,0.0385256772935108,0.01869590870121312,0.010601057224321945,0.0006862103849656099,0.010619718251136287,0.0,0.0853754078890539,0.3188298019599551,0.07820999225503639,0.13333031429861356
2025-03-11,0.019712048736826786,0.021047635510006685,0.021188202799493697,0.023404266141460205,0.023707009375770822,0.018634196804382004,0.020186541725109787,0.0,0.04025380983293389,0.0,0.03680398780744831,0.025493646092374804,0.019538111822340724,0.018041048138841182,0.017115406955204464,0.0385256772935108,0.01869590870121312,0.010601057224321945,0.0006862103849656099,0.010619718251136287,0.0,0.0853754078890539,0.3188298019599551,0.07820999225503639,0.13333031429861356
2025-03-12,0.019712048736826786,0.021047635510006685,0.021188202799493697,0.023404266141460205,0.023707009375770822,0.018634196804382004,0.020186541725109787,0.0,0.04025380983293389,0.0,0.03680398780744831,0.025493646092374804,0.019538111822340724,0.018041048138841182,0.017115406955204464,0.0385256772935108,0.01869590870121312,0.010601057224321945,0.0006862103849656099,0.010619718251136287,0.0,0.0853754078890539,0.3188298019599551,0.07820999225503639,0.13333031429861356
2025-03-13,0.019712048736826786,0.021047635510006685,0.021188202799493697,0.023404266141460205,0.023707009375770822,0.018634196804382004,0.020186541725109787,0.0,0.04025380983293389,0.0,0.03680398780744831,0.025493646092374804,0.019538111822340724,0.018041048138841182,0.017115406955204464,0.0385256772935108,0.01869590870121312,0.010601057224321945,0.0006862103849656099,0.010619718251136287,0.0,0.0853754078890539,0.3188298019599551,0.07820999225503639,0.13333031429861356
2025-03-14,0.019712048736826786,0.021047635510006685,0.021188202799493697,0.023404266141460205,0.023707009375770822,0.018634196804382004,0.020186541725109787,0.0,0.04025380983293389,0.0,0.03680398780744831,0.025493646092374804,0.019538111822340724,0.018041048138841182,0.017115406955204464,0.0385256772935108,0.01869590870121312,0.010601057224321945,0.0006862103849656099,0.010619718251136287,0.0,0.0853754078890539,0.3188298019599551,0.07820999225503639,0.13333031429861356
2025-03-17,0.019712048736826786,0.021047635510006685,0.021188202799493697,0.023404266141460205,0.023707009375770822,0.018634196804382004,0.020186541725109787,0.0,0.04025380983293389,0.0,0.03680398780744831,0.025493646092374804,0.019538111822340724,0.018041048138841182,0.017115406955204464,0.0385256772935108,0.01869590870121312,0.010601057224321945,0.0006862103849656099,0.010619718251136287,0.0,0.0853754078890539,0.3188298019599551,0.07820999225503639,0.13333031429861356
2025-03-18,0.019712048736826786,0.021047635510006685,0.021188202799493697,0.023404266141460205,0.023707009375770822,0.018634196804382004,0.020186541725109787,0.0,0.04025380983293389,0.0,0.03680398780744831,0.025493646092374804,0.019538111822340724,0.018041048138841182,0.017115406955204464,0.0385256772935108,0.01869590870121312,0.010601057224321945,0.0006862103849656099,0.010619718251136287,0.0,0.0853754078890539,0.3188298019599551,0.07820999225503639,0.13333031429861356
2025-03-19,0.019712048736826786,0.021047635510006685,0.021188202799493697,0.023404266141460205,0.023707009375770822,0.018634196804382004,0.020186541725109787,0.0,0.04025380983293389,0.0,0.03680398780744831,0.025493646092374804,0.019538111822340724,0.018041048138841182,0.017115406955204464,0.0385256772935108,0.01869590870121312,0.010601057224321945,0.0006862103849656099,0.010619718251136287,0.0,0.0853754078890539,0.3188298019599551,0.07820999225503639,0.13333031429861356
2025-03-20,0.019712048736826786,0.021047635510006685,0.021188202799493697,0.023404266141460205,0.023707009375770822,0.018634196804382004,0.020186541725109787,0.0,0.04025380983293389,0.0,0.03680398780744831,0.025493646092374804,0.019538111822340724,0.018041048138841182,0.017115406955204464,0.0385256772935108,0.01869590870121312,0.010601057224321945,0.0006862103849656099,0.010619718251136287,0.0,0.0853754078890539,0.3188298019599551,0.07820999225503639,0.13333031429861356
2025-03-21,0.019712048736826786,0.021047635510006685,0.021188202799493697,0.023404266141460205,0.023707009375770822,0.018634196804382004,0.020186541725109787,0.0,0.04025380983293389,0.0,0.03680398780744831,0.025493646092374804,0.019538111822340724,0.018041048138841182,0.017115406955204464,0.0385256772935108,0.01869590870121312,0.010601057224321945,0.0006862103849656099,0.010619718251136287,0.0,0.0853754078890539,0.3188298019599551,0.07820999225503639,0.13333031429861356
2025-03-24,0.019712048736826786,0.021047635510006685,0.021188202799493697,0.023404266141460205,0.023707009375770822,0.018634196804382004,0.020186541725109787,0.0,0.04025380983293389,0.0,0.03680398780744831,0.025493646092374804,0.019538111822340724,0.018041048138841182,0.017115406955204464,0.0385256772935108,0.01869590870121312,0.010601057224321945,0.0006862103849656099,0.010619718251136287,0.0,0.0853754078890539,0.3188298019599551,0.07820999225503639,0.13333031429861356
2025-03-25,0.019712048736826786,0.021047635510006685,0.021188202799493697,0.023404266141460205,0.023707009375770822,0.018634196804382004,0.020186541725109787,0.0,0.04025380983293389,0.0,0.03680398780744831,0.025493646092374804,0.019538111822340724,0.018041048138841182,0.017115406955204464,0.0385256772935108,0.01869590870121312,0.010601057224321945,0.0006862103849656099,0.010619718251136287,0.0,0.0853754078890539,0.3188298019599551,0.07820999225503639,0.13333031429861356
2025-03-26,0.019712048736826786,0.021047635510006685,0.021188202799493697,0.023404266141460205,0.023707009375770822,0.018634196804382004,0.020186541725109787,0.0,0.04025380983293389,0.0,0.03680398780744831,0.025493646092374804,0.019538111822340724,0.018041048138841182,0.017115406955204464,0.0385256772935108,0.01869590870121312,0.010601057224321945,0.0006862103849656099,0.010619718251136287,0.0,0.0853754078890539,0.3188298019599551,0.07820999225503639,0.13333031429861356
2025-03-27,0.019712048736826786,0.021047635510006685,0.021188202799493697,0.023404266141460205,0.023707009375770822,0.018634196804382004,0.020186541725109787,0.0,0.04025380983293389,0.0,0.03680398780744831,0.025493646092374804,0.019538111822340724,0.018041048138841182,0.017115406955204464,0.0385256772935108,0.01869590870121312,0.010601057224321945,0.0006862103849656099,0.010619718251136287,0.0,0.0853754078890539,0.3188298019599551,0.07820999225503639,0.13333031429861356
2025-03-28,0.019712048736826786,0.021047635510006685,0.021188202799493697,0.023404266141460205,0.023707009375770822,0.018634196804382004,0.020186541725109787,0.0,0.04025380983293389,0.0,0.03680398780744831,0.025493646092374804,0.019538111822340724,0.018041048138841182,0.017115406955204464,0.0385256772935108,0.01869590870121312,0.010601057224321945,0.0006862103849656099,0.010619718251136287,0.0,0.0853754078890539,0.3188298019599551,0.07820999225503639,0.13333031429861356
2025-03-31,0.019712048736826786,0.021047635510006685,0.021188202799493697,0.023404266141460205,0.023707009375770822,0.018634196804382004,0.020186541725109787,0.0,0.04025380983293389,0.0,0.03680398780744831,0.025493646092374804,0.019538111822340724,0.018041048138841182,0.017115406955204464,0.0385256772935108,0.01869590870121312,0.010601057224321945,0.0006862103849656099,0.010619718251136287,0.0,0.0853754078890539,0.3188298019599551,0.07820999225503639,0.13333031429861356
2025-04-01,0.021489274871607247,0.022226985531328458,0.021630360290897658,0.02591536182640982,0.02633681274502466,0.019558230627128272,0.021737063163361714,0.040531753843798576,0.05665701568389899,0.06369699126419147,0.03233448303608084,0.02399620526431466,0.0180582919600221,0.01406096429210333,0.013457493053138035,0.02871312079883516,0.0,0.011554372350139619,0.0005378723394431819,0.011669755688973845,0.0,0.06940953995683702,0.289728664630021,0.06272825536162521,0.10397113142081901
2025-04-02,0.021489274871607247,0.022226985531328458,0.021630360290897658,0.02591536182640982,0.02633681274502466,0.019558230627128272,0.021737063163361714,0.040531753843798576,0.05665701568389899,0.06369699126419147,0.03233448303608084,0.02399620526431466,0.0180582919600221,0.01406096429210333,0.013457493053138035,0.02871312079883516,0.0,0.011554372350139619,0.0005378723394431819,0.011669755688973845,0.0,0.06940953995683702,0.289728664630021,0.06272825536162521,0.10397113142081901
2025-04-03,0.021489274871607247,0.022226985531328458,0.021630360290897658,0.02591536182640982,0.02633681274502466,0.019558230627128272,0.021737063163361714,0.040531753843798576,0.05665701568389899,0.06369699126419147,0.03233448303608084,0.02399620526431466,0.0180582919600221,0.01406096429210333,0.013457493053138035,0.02871312079883516,0.0,0.011554372350139619,0.0005378723394431819,0.011669755688973845,0.0,0.06940953995683702,0.289728664630021,0.06272825536162521,0.10397113142081901
2025-04-04,0.021489274871607247,0.022226985531328458,0.021630360290897658,0.02591536182640982,0.02633681274502466,0.019558230627128272,0.021737063163361714,0.040531753843798576,0.05665701568389899,0.06369699126419147,0.03233448303608084,0.02399620526431466,0.0180582919600221,0.01406096429210333,0.013457493053138035,0.02871312079883516,0.0,0.011554372350139619,0.0005378723394431819,0.011669755688973845,0.0,0.06940953995683702,0.289728664630021,0.06272825536162521,0.10397113142081901
2025-04-07,0.021489274871607247,0.022226985531328458,0.021630360290897658,0.02591536182640982,0.02633681274502466,0.019558230627128272,0.021737063163361714,0.040531753843798576,0.05665701568389899,0.06369699126419147,0.03233448303608084,0.02399620526431466,0.0180582919600221,0.01406096429210333,0.013457493053138035,0.02871312079883516,0.0,0.011554372350139619,0.0005378723394431819,0.011669755688973845,0.0,0.06940953995683702,0.289728664630021,0.06272825536162521,0.10397113142081901
2025-04-08,0.021489274871607247,0.022226985531328458,0.021630360290897658,0.02591536182640982,0.02633681274502466,0.019558230627128272,0.021737063163361714,0.040531753843798576,0.05665701568389899,0.06369699126419147,0.03233448303608084,0.02399620526431466,0.0180582919600221,0.01406096429210333,0.013457493053138035,0.02871312079883516,0.0,0.011554372350139619,0.0005378723394431819,0.011669755688973845,0.0,0.06940953995683702,0.289728664630021,0.06272825536162521,0.10397113142081901
2025-04-09,0.021489274871607247,0.022226985531328458,0.021630360290897658,0.02591536182640982,0.02633681274502466,0.019558230627128272,0.021737063163361714,0.040531753843798576,0.05665701568389899,0.06369699126419147,0.03233448303608084,0.02399620526431466,0.0180582919600221,0.01406096429210333,0.013457493053138035,0.02871312079883516,0.0,0.011554372350139619,0.0005378723394431819,0.011669755688973845,0.0,0.06940953995683702,0.289728664630021,0.06272825536162521,0.10397113142081901
2025-04-10,0.021489274871607247,0.022226985531328458,0.021630360290897658,0.02591536182640982,0.02633681274502466,0.019558230627128272,0.021737063163361714,0.040531753843798576,0.05665701568389899,0.06369699126419147,0.03233448303608084,0.02399620526431466,0.0180582919600221,0.01406096429210333,0.013457493053138035,0.02871312079883516,0.0,0.011554372350139619,0.0005378723394431819,0.011669755688973845,0.0,0.06940953995683702,0.289728664630021,0.06272825536162521,0.10397113142081901
2025-04-11,0.021489274871607247,0.022226985531328458,0.021630360290897658,0.02591536182640982,0.02633681274502466,0.019558230627128272,0.021737063163361714,0.040531753843798576,0.05665701568389899,0.06369699126419147,0.03233448303608084,0.02399620526431466,0.0180582919600221,0.01406096429210333,0.013457493053138035,0.02871312079883516,0.0,0.011554372350139619,0.0005378723394431819,0.011669755688973845,0.0,0.06940953995683702,0.289728664630021,0.06272825536162521,0.10397113142081901
2025-04-14,0.021489274871607247,0.022226985531328458,0.021630360290897658,0.02591536182640982,0.02633681274502466,0.019558230627128272,0.021737063163361714,0.040531753843798576,0.05665701568389899,0.06369699126419147,0.03233448303608084,0.02399620526431466,0.0180582919600221,0.01406096429210333,0.013457493053138035,0.02871312079883516,0.0,0.011554372350139619,0.0005378723394431819,0.011669755688973845,0.0,0.06940953995683702,0.289728664630021,0.06272825536162521,0.10397113142081901
2025-04-15,0.021489274871607247,0.022226985531328458,0.021630360290897658,0.02591536182640982,0.02633681274502466,0.019558230627128272,0.021737063163361714,0.040531753843798576,0.05665701568389899,0.06369699126419147,0.03233448303608084,0.02399620526431466,0.0180582919600221,0.01406096429210333,0.013457493053138035,0.02871312079883516,0.0,0.011554372350139619,0.0005378723394431819,0.011669755688973845,0.0,0.06940953995683702,0.289728664630021,0.06272825536162521,0.10397113142081901
2025-04-16,0.021489274871607247,0.022226985531328458,0.021630360290897658,0.02591536182640982,0.02633681274502466,0.019558230627128272,0.021737063163361714,0.040531753843798576,0.05665701568389899,0.06369699126419147,0.03233448303608084,0.02399620526431466,0.0180582919600221,0.01406096429210333,0.013457493053138035,0.02871312079883516,0.0,0.011554372350139619,0.0005378723394431819,0.011669755688973845,0.0,0.06940953995683702,0.289728664630021,0.06272825536162521,0.10397113142081901
2025-04-17,0.021489274871607247,0.022226985531328458,0.021630360290897658,0.02591536182640982,0.02633681274502466,0.019558230627128272,0.021737063163361714,0.040531753843798576,0.05665701568389899,0.06369699126419147,0.03233448303608084,0.02399620526431466,0.0180582919600221,0.01406096429210333,0.013457493053138035,0.02871312079883516,0.0,0.011554372350139619,0.0005378723394431819,0.011669755688973845,0.0,0.06940953995683702,0.289728664630021,0.06272825536162521,0.10397113142081901
2025-04-18,0.021489274871607247,0.022226985531328458,0.021630360290897658,0.02591536182640982,0.02633681274502466,0.019558230627128272,0.021737063163361714,0.040531753843798576,0.05665701568389899,0.06369699126419147,0.03233448303608084,0.02399620526431466,0.0180582919600221,0.01406096429210333,0.013457493053138035,0.02871312079883516,0.0,0.011554372350139619,0.0005378723394431819,0.011669755688973845,0.0,0.06940953995683702,0.289728664630021,0.06272825536162521,0.10397113142081901
2025-04-21,0.021489274871607247,0.022226985531328458,0.021630360290897658,0.02591536182640982,0.02633681274502466,0.019558230627128272,0.021737063163361714,0.040531753843798576,0.05665701568389899,0.06369699126419147,0.03233448303608084,0.02399620526431466,0.0180582919600221,0.01406096429210333,0.013457493053138035,0.02871312079883516,0.0,0.011554372350139619,0.0005378723394431819,0.011669755688973845,0.0,0.06940953995683702,0.289728664630021,0.06272825536162521,0.10397113142081901
2025-04-22,0.021489274871607247,0.022226985531328458,0.021630360290897658,0.02591536182640982,0.02633681274502466,0.019558230627128272,0.021737063163361714,0.040531753843798576,0.05665701568389899,0.06369699126419147,0.03233448303608084,0.02399620526431466,0.0180582919600221,0.01406096429210333,0.013457493053138035,0.02871312079883516,0.0,0.011554372350139619,0.0005378723394431819,0.011669755688973845,0.0,0.06940953995683702,0.289728664630021,0.06272825536162521,0.10397113142081901
2025-04-23,0.021489274871607247,0.022226985531328458,0.021630360290897658,0.02591536182640982,0.02633681274502466,0.019558230627128272,0.021737063163361714,0.040531753843798576,0.05665701568389899,0.06369699126419147,0.03233448303608084,0.02399620526431466,0.0180582919600221,0.01406096429210333,0.013457493053138035,0.02871312079883516,0.0,0.011554372350139619,0.0005378723394431819,0.011669755688973845,0.0,0.06940953995683702,0.289728664630021,0.06272825536162521,0.10397113142081901
2025-04-24,0.021489274871607247,0.022226985531328458,0.021630360290897658,0.02591536182640982,0.02633681274502466,0.019558230627128272,0.021737063163361714,0.040531753843798576,0.05665701568389899,0.06369699126419147,0.03233448303608084,0.02399620526431466,0.0180582919600221,0.01406096429210333,0.013457493053138035,0.02871312079883516,0.0,0.011554372350139619,0.0005378723394431819,0.011669755688973845,0.0,0.06940953995683702,0.289728664630021,0.06272825536162521,0.10397113142081901
2025-04-25,0.021489274871607247,0.022226985531328458,0.021630360290897658,0.02591536182640982,0.02633681274502466,0.019558230627128272,0.021737063163361714,0.040531753843798576,0.05665701568389899,0.06369699126419147,0.03233448303608084,0.02399620526431466,0.0180582919600221,0.01406096429210333,0.013457493053138035,0.02871312079883516,0.0,0.011554372350139619,0.0005378723394431819,0.011669755688973845,0.0,0.06940953995683702,0.289728664630021,0.06272825536162521,0.10397113142081901
2025-04-28,0.021489274871607247,0.022226985531328458,0.021630360290897658,0.02591536182640982,0.02633681274502466,0.019558230627128272,0.021737063163361714,0.040531753843798576,0.05665701568389899,0.06369699126419147,0.03233448303608084,0.02399620526431466,0.0180582919600221,0.01406096429210333,0.013457493053138035,0.02871312079883516,0.0,0.011554372350139619,0.0005378723394431819,0.011669755688973845,0.0,0.06940953995683702,0.289728664630021,0.06272825536162521,0.10397113142081901
2025-04-29,0.021489274871607247,0.022226985531328458,0.021630360290897658,0.02591536182640982,0.02633681274502466,0.019558230627128272,0.021737063163361714,0.040531753843798576,0.05665701568389899,0.06369699126419147,0.03233448303608084,0.02399620526431466,0.0180582919600221,0.01406096429210333,0.013457493053138035,0.02871312079883516,0.0,0.011554372350139619,0.0005378723394431819,0.011669755688973845,0.0,0.06940953995683702,0.289728664630021,0.06272825536162521,0.10397113142081901
2025-04-30,0.021489274871607247,0.022226985531328458,0.021630360290897658,0.02591536182640982,0.02633681274502466,0.019558230627128272,0.021737063163361714,0.040531753843798576,0.05665701568389899,0.06369699126419147,0.03233448303608084,0.02399620526431466,0.0180582919600221,0.01406096429210333,0.013457493053138035,0.02871312079883516,0.0,0.011554372350139619,0.0005378723394431819,0.011669755688973845,0.0,0.06940953995683702,0.289728664630021,0.06272825536162521,0.10397113142081901
2025-05-01,0.021489274871607247,0.022226985531328458,0.021630360290897658,0.02591536182640982,0.02633681274502466,0.019558230627128272,0.021737063163361714,0.040531753843798576,0.05665701568389899,0.06369699126419147,0.03233448303608084,0.02399620526431466,0.0180582919600221,0.01406096429210333,0.013457493053138035,0.02871312079883516,0.0,0.011554372350139619,0.0005378723394431819,0.011669755688973845,0.0,0.06940953995683702,0.289728664630021,0.06272825536162521,0.10397113142081901
2025-05-02,0.021489274871607247,0.022226985531328458,0.021630360290897658,0.02591536182640982,0.02633681274502466,0.019558230627128272,0.021737063163361714,0.040531753843798576,0.05665701568389899,0.06369699126419147,0.03233448303608084,0.02399620526431466,0.0180582919600221,0.01406096429210333,0.013457493053138035,0.02871312079883516,0.0,0.011554372350139619,0.0005378723394431819,0.011669755688973845,0.0,0.06940953995683702,0.289728664630021,0.06272825536162521,0.10397113142081901
2025-05-05,0.021489274871607247,0.022226985531328458,0.021630360290897658,0.02591536182640982,0.02633681274502466,0.019558230627128272,0.021737063163361714,0.040531753843798576,0.05665701568389899,0.06369699126419147,0.03233448303608084,0.02399620526431466,0.0180582919600221,0.01406096429210333,0.013457493053138035,0.02871312079883516,0.0,0.011554372350139619,0.0005378723394431819,0.011669755688973845,0.0,0.06940953995683702,0.289728664630021,0.06272825536162521,0.10397113142081901
2025-05-06,0.021489274871607247,0.022226985531328458,0.021630360290897658,0.02591536182640982,0.02633681274502466,0.019558230627128272,0.021737063163361714,0.040531753843798576,0.05665701568389899,0.06369699126419147,0.03233448303608084,0.02399620526431466,0.0180582919600221,0.01406096429210333,0.013457493053138035,0.02871312079883516,0.0,0.011554372350139619,0.0005378723394431819,0.011669755688973845,0.0,0.06940953995683702,0.289728664630021,0.06272825536162521,0.10397113142081901
2025-05-07,0.021489274871607247,0.022226985531328458,0.021630360290897658,0.02591536182640982,0.02633681274502466,0.019558230627128272,0.021737063163361714,0.040531753843798576,0.05665701568389899,0.06369699126419147,0.03233448303608084,0.02399620526431466,0.0180582919600221,0.01406096429210333,0.013457493053138035,0.02871312079883516,0.0,0.011554372350139619,0.0005378723394431819,0.011669755688973845,0.0,0.06940953995683702,0.289728664630021,0.06272825536162521,0.10397113142081901
2025-05-08,0.021489274871607247,0.022226985531328458,0.021630360290897658,0.02591536182640982,0.02633681274502466,0.019558230627128272,0.021737063163361714,0.040531753843798576,0.05665701568389899,0.06369699126419147,0.03233448303608084,0.02399620526431466,0.0180582919600221,0.01406096429210333,0.013457493053138035,0.02871312079883516,0.0,0.011554372350139619,0.0005378723394431819,0.011669755688973845,0.0,0.06940953995683702,0.289728664630021,0.06272825536162521,0.10397113142081901
2025-05-09,0.021489274871607247,0.022226985531328458,0.021630360290897658,0.02591536182640982,0.02633681274502466,0.019558230627128272,0.021737063163361714,0.040531753843798576,0.05665701568389899,0.06369699126419147,0.03233448303608084,0.02399620526431466,0.0180582919600221,0.01406096429210333,0.013457493053138035,0.02871312079883516,0.0,0.011554372350139619,0.0005378723394431819,0.011669755688973845,0.0,0.06940953995683702,0.289728664630021,0.06272825536162521,0.10397113142081901
2025-05-12,0.021489274871607247,0.022226985531328458,0.021630360290897658,0.02591536182640982,0.02633681274502466,0.019558230627128272,0.021737063163361714,0.040531753843798576,0.05665701568389899,0.06369699126419147,0.03233448303608084,0.02399620526431466,0.0180582919600221,0.01406096429210333,0.013457493053138035,0.02871312079883516,0.0,0.011554372350139619,0.0005378723394431819,0.011669755688973845,0.0,0.06940953995683702,0.289728664630021,0.06272825536162521,0.10397113142081901
2025-05-13,0.021489274871607247,0.022226985531328458,0.021630360290897658,0.02591536182640982,0.02633681274502466,0.019558230627128272,0.021737063163361714,0.040531753843798576,0.05665701568389899,0.06369699126419147,0.03233448303608084,0.02399620526431466,0.0180582919600221,0.01406096429210333,0.013457493053138035,0.02871312079883516,0.0,0.011554372350139619,0.0005378723394431819,0.011669755688973845,0.0,0.06940953995683702,0.289728664630021,0.06272825536162521,0.10397113142081901
2025-05-14,0.021489274871607247,0.022226985531328458,0.021630360290897658,0.02591536182640982,0.02633681274502466,0.019558230627128272,0.021737063163361714,0.040531753843798576,0.05665701568389899,0.06369699126419147,0.03233448303608084,0.02399620526431466,0.0180582919600221,0.01406096429210333,0.013457493053138035,0.02871312079883516,0.0,0.011554372350139619,0.0005378723394431819,0.011669755688973845,0.0,0.06940953995683702,0.289728664630021,0.06272825536162521,0.10397113142081901
2025-05-15,0.021489274871607247,0.022226985531328458,0.021630360290897658,0.02591536182640982,0.02633681274502466,0.019558230627128272,0.021737063163361714,0.040531753843798576,0.05665701568389899,0.06369699126419147,0.03233448303608084,0.02399620526431466,0.0180582919600221,0.01406096429210333,0.013457493053138035,0.02871312079883516,0.0,0.011554372350139619,0.0005378723394431819,0.011669755688973845,0.0,0.06940953995683702,0.289728664630021,0.06272825536162521,0.10397113142081901
2025-05-16,0.021489274871607247,0.022226985531328458,0.021630360290897658,0.02591536182640982,0.02633681274502466,0.019558230627128272,0.021737063163361714,0.040531753843798576,0.05665701568389899,0.06369699126419147,0.03233448303608084,0.02399620526431466,0.0180582919600221,0.01406096429210333,0.013457493053138035,0.02871312079883516,0.0,0.011554372350139619,0.0005378723394431819,0.011669755688973845,0.0,0.06940953995683702,0.289728664630021,0.06272825536162521,0.10397113142081901
2025-05-19,0.021489274871607247,0.022226985531328458,0.021630360290897658,0.02591536182640982,0.02633681274502466,0.019558230627128272,0.021737063163361714,0.040531753843798576,0.05665701568389899,0.06369699126419147,0.03233448303608084,0.02399620526431466,0.0180582919600221,0.01406096429210333,0.013457493053138035,0.02871312079883516,0.0,0.011554372350139619,0.0005378723394431819,0.011669755688973845,0.0,0.06940953995683702,0.289728664630021,0.06272825536162521,0.10397113142081901
2025-05-20,0.021489274871607247,0.022226985531328458,0.021630360290897658,0.02591536182640982,0.02633681274502466,0.019558230627128272,0.021737063163361714,0.040531753843798576,0.05665701568389899,0.06369699126419147,0.03233448303608084,0.02399620526431466,0.0180582919600221,0.01406096429210333,0.013457493053138035,0.02871312079883516,0.0,0.011554372350139619,0.0005378723394431819,0.011669755688973845,0.0,0.06940953995683702,0.289728664630021,0.06272825536162521,0.10397113142081901
2025-05-21,0.021489274871607247,0.022226985531328458,0.021630360290897658,0.02591536182640982,0.02633681274502466,0.019558230627128272,0.021737063163361714,0.040531753843798576,0.05665701568389899,0.06369699126419147,0.03233448303608084,0.02399620526431466,0.0180582919600221,0.01406096429210333,0.013457493053138035,0.02871312079883516,0.0,0.011554372350139619,0.0005378723394431819,0.011669755688973845,0.0,0.06940953995683702,0.289728664630021,0.06272825536162521,0.10397113142081901
2025-05-22,0.021489274871607247,0.022226985531328458,0.021630360290897658,0.02591536182640982,0.02633681274502466,0.019558230627128272,0.021737063163361714,0.040531753843798576,0.05665701568389899,0.06369699126419147,0.03233448303608084,0.02399620526431466,0.0180582919600221,0.01406096429210333,0.013457493053138035,0.02871312079883516,0.0,0.011554372350139619,0.0005378723394431819,0.011669755688973845,0.0,0.06940953995683702,0.289728664630021,0.06272825536162521,0.10397113142081901
2025-05-23,0.021489274871607247,0.022226985531328458,0.021630360290897658,0.02591536182640982,0.02633681274502466,0.019558230627128272,0.021737063163361714,0.040531753843798576,0.05665701568389899,0.06369699126419147,0.03233448303608084,0.02399620526431466,0.0180582919600221,0.01406096429210333,0.013457493053138035,0.02871312079883516,0.0,0.011554372350139619,0.0005378723394431819,0.011669755688973845,0.0,0.06940953995683702,0.289728664630021,0.06272825536162521,0.10397113142081901
2025-05-26,0.021489274871607247,0.022226985531328458,0.021630360290897658,0.02591536182640982,0.02633681274502466,0.019558230627128272,0.021737063163361714,0.040531753843798576,0.05665701568389899,0.06369699126419147,0.03233448303608084,0.02399620526431466,0.0180582919600221,0.01406096429210333,0.013457493053138035,0.02871312079883516,0.0,0.011554372350139619,0.0005378723394431819,0.011669755688973845,0.0,0.06940953995683702,0.289728664630021,0.06272825536162521,0.10397113142081901
2025-05-27,0.021489274871607247,0.022226985531328458,0.021630360290897658,0.02591536182640982,0.02633681274502466,0.019558230627128272,0.021737063163361714,0.040531753843798576,0.05665701568389899,0.06369699126419147,0.03233448303608084,0.02399620526431466,0.0180582919600221,0.01406096429210333,0.013457493053138035,0.02871312079883516,0.0,0.011554372350139619,0.0005378723394431819,0.011669755688973845,0.0,0.06940953995683702,0.289728664630021,0.06272825536162521,0.10397113142081901
2025-05-28,0.021489274871607247,0.022226985531328458,0.021630360290897658,0.02591536182640982,0.02633681274502466,0.019558230627128272,0.021737063163361714,0.040531753843798576,0.05665701568389899,0.06369699126419147,0.03233448303608084,0.02399620526431466,0.0180582919600221,0.01406096429210333,0.013457493053138035,0.02871312079883516,0.0,0.011554372350139619,0.0005378723394431819,0.011669755688973845,0.0,0.06940953995683702,0.289728664630021,0.06272825536162521,0.10397113142081901
2025-05-29,0.021489274871607247,0.022226985531328458,0.021630360290897658,0.02591536182640982,0.02633681274502466,0.019558230627128272,0.021737063163361714,0.040531753843798576,0.05665701568389899,0.06369699126419147,0.03233448303608084,0.02399620526431466,0.0180582919600221,0.01406096429210333,0.013457493053138035,0.02871312079883516,0.0,0.011554372350139619,0.0005378723394431819,0.011669755688973845,0.0,0.06940953995683702,0.289728664630021,0.06272825536162521,0.10397113142081901
2025-05-30,0.021489274871607247,0.022226985531328458,0.021630360290897658,0.02591536182640982,0.02633681274502466,0.019558230627128272,0.021737063163361714,0.040531753843798576,0.05665701568389899,0.06369699126419147,0.03233448303608084,0.02399620526431466,0.0180582919600221,0.01406096429210333,0.013457493053138035,0.02871312079883516,0.0,0.011554372350139619,0.0005378723394431819,0.011669755688973845,0.0,0.06940953995683702,0.289728664630021,0.06272825536162521,0.10397113142081901
2025-06-02,0.0,0.0,0.0,0.0,0.0,0.0,0.0,0.0,0.0,0.0,0.0,0.0,0.02389134484335548,0.0,0.0,0.05152516528567167,0.0,0.0,0.0012487448584195466,0.0,0.0,0.14575496938630547,0.6362042632734403,0.0,0.1413755123528077
2025-06-03,0.0,0.0,0.0,0.0,0.0,0.0,0.0,0.0,0.0,0.0,0.0,0.0,0.02389134484335548,0.0,0.0,0.05152516528567167,0.0,0.0,0.0012487448584195466,0.0,0.0,0.14575496938630547,0.6362042632734403,0.0,0.1413755123528077
2025-06-04,0.0,0.0,0.0,0.0,0.0,0.0,0.0,0.0,0.0,0.0,0.0,0.0,0.02389134484335548,0.0,0.0,0.05152516528567167,0.0,0.0,0.0012487448584195466,0.0,0.0,0.14575496938630547,0.6362042632734403,0.0,0.1413755123528077
2025-06-05,0.0,0.0,0.0,0.0,0.0,0.0,0.0,0.0,0.0,0.0,0.0,0.0,0.02389134484335548,0.0,0.0,0.05152516528567167,0.0,0.0,0.0012487448584195466,0.0,0.0,0.14575496938630547,0.6362042632734403,0.0,0.1413755123528077
2025-06-06,0.0,0.0,0.0,0.0,0.0,0.0,0.0,0.0,0.0,0.0,0.0,0.0,0.02389134484335548,0.0,0.0,0.05152516528567167,0.0,0.0,0.0012487448584195466,0.0,0.0,0.14575496938630547,0.6362042632734403,0.0,0.1413755123528077
2025-06-09,0.0,0.0,0.0,0.0,0.0,0.0,0.0,0.0,0.0,0.0,0.0,0.0,0.02389134484335548,0.0,0.0,0.05152516528567167,0.0,0.0,0.0012487448584195466,0.0,0.0,0.14575496938630547,0.6362042632734403,0.0,0.1413755123528077
2025-06-10,0.0,0.0,0.0,0.0,0.0,0.0,0.0,0.0,0.0,0.0,0.0,0.0,0.02389134484335548,0.0,0.0,0.05152516528567167,0.0,0.0,0.0012487448584195466,0.0,0.0,0.14575496938630547,0.6362042632734403,0.0,0.1413755123528077
2025-06-11,0.0,0.0,0.0,0.0,0.0,0.0,0.0,0.0,0.0,0.0,0.0,0.0,0.02389134484335548,0.0,0.0,0.05152516528567167,0.0,0.0,0.0012487448584195466,0.0,0.0,0.14575496938630547,0.6362042632734403,0.0,0.1413755123528077
2025-06-12,0.0,0.0,0.0,0.0,0.0,0.0,0.0,0.0,0.0,0.0,0.0,0.0,0.02389134484335548,0.0,0.0,0.05152516528567167,0.0,0.0,0.0012487448584195466,0.0,0.0,0.14575496938630547,0.6362042632734403,0.0,0.1413755123528077
2025-06-13,0.0,0.0,0.0,0.0,0.0,0.0,0.0,0.0,0.0,0.0,0.0,0.0,0.02389134484335548,0.0,0.0,0.05152516528567167,0.0,0.0,0.0012487448584195466,0.0,0.0,0.14575496938630547,0.6362042632734403,0.0,0.1413755123528077
2025-06-16,0.0,0.0,0.0,0.0,0.0,0.0,0.0,0.0,0.0,0.0,0.0,0.0,0.02389134484335548,0.0,0.0,0.05152516528567167,0.0,0.0,0.0012487448584195466,0.0,0.0,0.14575496938630547,0.6362042632734403,0.0,0.1413755123528077
2025-06-17,0.0,0.0,0.0,0.0,0.0,0.0,0.0,0.0,0.0,0.0,0.0,0.0,0.02389134484335548,0.0,0.0,0.05152516528567167,0.0,0.0,0.0012487448584195466,0.0,0.0,0.14575496938630547,0.6362042632734403,0.0,0.1413755123528077
2025-06-18,0.0,0.0,0.0,0.0,0.0,0.0,0.0,0.0,0.0,0.0,0.0,0.0,0.02389134484335548,0.0,0.0,0.05152516528567167,0.0,0.0,0.0012487448584195466,0.0,0.0,0.14575496938630547,0.6362042632734403,0.0,0.1413755123528077
2025-06-19,0.0,0.0,0.0,0.0,0.0,0.0,0.0,0.0,0.0,0.0,0.0,0.0,0.02389134484335548,0.0,0.0,0.05152516528567167,0.0,0.0,0.0012487448584195466,0.0,0.0,0.14575496938630547,0.6362042632734403,0.0,0.1413755123528077
2025-06-20,0.0,0.0,0.0,0.0,0.0,0.0,0.0,0.0,0.0,0.0,0.0,0.0,0.02389134484335548,0.0,0.0,0.05152516528567167,0.0,0.0,0.0012487448584195466,0.0,0.0,0.14575496938630547,0.6362042632734403,0.0,0.1413755123528077
2025-06-23,0.0,0.0,0.0,0.0,0.0,0.0,0.0,0.0,0.0,0.0,0.0,0.0,0.02389134484335548,0.0,0.0,0.05152516528567167,0.0,0.0,0.0012487448584195466,0.0,0.0,0.14575496938630547,0.6362042632734403,0.0,0.1413755123528077
2025-06-24,0.0,0.0,0.0,0.0,0.0,0.0,0.0,0.0,0.0,0.0,0.0,0.0,0.02389134484335548,0.0,0.0,0.05152516528567167,0.0,0.0,0.0012487448584195466,0.0,0.0,0.14575496938630547,0.6362042632734403,0.0,0.1413755123528077
2025-06-25,0.0,0.0,0.0,0.0,0.0,0.0,0.0,0.0,0.0,0.0,0.0,0.0,0.02389134484335548,0.0,0.0,0.05152516528567167,0.0,0.0,0.0012487448584195466,0.0,0.0,0.14575496938630547,0.6362042632734403,0.0,0.1413755123528077
2025-06-26,0.0,0.0,0.0,0.0,0.0,0.0,0.0,0.0,0.0,0.0,0.0,0.0,0.02389134484335548,0.0,0.0,0.05152516528567167,0.0,0.0,0.0012487448584195466,0.0,0.0,0.14575496938630547,0.6362042632734403,0.0,0.1413755123528077
2025-06-27,0.0,0.0,0.0,0.0,0.0,0.0,0.0,0.0,0.0,0.0,0.0,0.0,0.02389134484335548,0.0,0.0,0.05152516528567167,0.0,0.0,0.0012487448584195466,0.0,0.0,0.14575496938630547,0.6362042632734403,0.0,0.1413755123528077
2025-06-30,0.0,0.0,0.0,0.0,0.0,0.0,0.0,0.0,0.0,0.0,0.0,0.0,0.02389134484335548,0.0,0.0,0.05152516528567167,0.0,0.0,0.0012487448584195466,0.0,0.0,0.14575496938630547,0.6362042632734403,0.0,0.1413755123528077
2025-07-01,0.0,0.0,0.0,0.0,0.0,0.0,0.0,0.0,0.0,0.0,0.0,0.0,0.02389134484335548,0.0,0.0,0.05152516528567167,0.0,0.0,0.0012487448584195466,0.0,0.0,0.14575496938630547,0.6362042632734403,0.0,0.1413755123528077
2025-07-02,0.0,0.0,0.0,0.0,0.0,0.0,0.0,0.0,0.0,0.0,0.0,0.0,0.02389134484335548,0.0,0.0,0.05152516528567167,0.0,0.0,0.0012487448584195466,0.0,0.0,0.14575496938630547,0.6362042632734403,0.0,0.1413755123528077
2025-07-03,0.0,0.0,0.0,0.0,0.0,0.0,0.0,0.0,0.0,0.0,0.0,0.0,0.02389134484335548,0.0,0.0,0.05152516528567167,0.0,0.0,0.0012487448584195466,0.0,0.0,0.14575496938630547,0.6362042632734403,0.0,0.1413755123528077
2025-07-04,0.0,0.0,0.0,0.0,0.0,0.0,0.0,0.0,0.0,0.0,0.0,0.0,0.02389134484335548,0.0,0.0,0.05152516528567167,0.0,0.0,0.0012487448584195466,0.0,0.0,0.14575496938630547,0.6362042632734403,0.0,0.1413755123528077
2025-07-07,0.0,0.0,0.0,0.0,0.0,0.0,0.0,0.0,0.0,0.0,0.0,0.0,0.02389134484335548,0.0,0.0,0.05152516528567167,0.0,0.0,0.0012487448584195466,0.0,0.0,0.14575496938630547,0.6362042632734403,0.0,0.1413755123528077
2025-07-08,0.0,0.0,0.0,0.0,0.0,0.0,0.0,0.0,0.0,0.0,0.0,0.0,0.02389134484335548,0.0,0.0,0.05152516528567167,0.0,0.0,0.0012487448584195466,0.0,0.0,0.14575496938630547,0.6362042632734403,0.0,0.1413755123528077
2025-07-09,0.0,0.0,0.0,0.0,0.0,0.0,0.0,0.0,0.0,0.0,0.0,0.0,0.02389134484335548,0.0,0.0,0.05152516528567167,0.0,0.0,0.0012487448584195466,0.0,0.0,0.14575496938630547,0.6362042632734403,0.0,0.1413755123528077
2025-07-10,0.0,0.0,0.0,0.0,0.0,0.0,0.0,0.0,0.0,0.0,0.0,0.0,0.02389134484335548,0.0,0.0,0.05152516528567167,0.0,0.0,0.0012487448584195466,0.0,0.0,0.14575496938630547,0.6362042632734403,0.0,0.1413755123528077
2025-07-11,0.0,0.0,0.0,0.0,0.0,0.0,0.0,0.0,0.0,0.0,0.0,0.0,0.02389134484335548,0.0,0.0,0.05152516528567167,0.0,0.0,0.0012487448584195466,0.0,0.0,0.14575496938630547,0.6362042632734403,0.0,0.1413755123528077
2025-07-14,0.0,0.0,0.0,0.0,0.0,0.0,0.0,0.0,0.0,0.0,0.0,0.0,0.02389134484335548,0.0,0.0,0.05152516528567167,0.0,0.0,0.0012487448584195466,0.0,0.0,0.14575496938630547,0.6362042632734403,0.0,0.1413755123528077
2025-07-15,0.0,0.0,0.0,0.0,0.0,0.0,0.0,0.0,0.0,0.0,0.0,0.0,0.02389134484335548,0.0,0.0,0.05152516528567167,0.0,0.0,0.0012487448584195466,0.0,0.0,0.14575496938630547,0.6362042632734403,0.0,0.1413755123528077
2025-07-16,0.0,0.0,0.0,0.0,0.0,0.0,0.0,0.0,0.0,0.0,0.0,0.0,0.02389134484335548,0.0,0.0,0.05152516528567167,0.0,0.0,0.0012487448584195466,0.0,0.0,0.14575496938630547,0.6362042632734403,0.0,0.1413755123528077
2025-07-17,0.0,0.0,0.0,0.0,0.0,0.0,0.0,0.0,0.0,0.0,0.0,0.0,0.02389134484335548,0.0,0.0,0.05152516528567167,0.0,0.0,0.0012487448584195466,0.0,0.0,0.14575496938630547,0.6362042632734403,0.0,0.1413755123528077
2025-07-18,0.0,0.0,0.0,0.0,0.0,0.0,0.0,0.0,0.0,0.0,0.0,0.0,0.02389134484335548,0.0,0.0,0.05152516528567167,0.0,0.0,0.0012487448584195466,0.0,0.0,0.14575496938630547,0.6362042632734403,0.0,0.1413755123528077
2025-07-21,0.0,0.0,0.0,0.0,0.0,0.0,0.0,0.0,0.0,0.0,0.0,0.0,0.02389134484335548,0.0,0.0,0.05152516528567167,0.0,0.0,0.0012487448584195466,0.0,0.0,0.14575496938630547,0.6362042632734403,0.0,0.1413755123528077
2025-07-22,0.0,0.0,0.0,0.0,0.0,0.0,0.0,0.0,0.0,0.0,0.0,0.0,0.02389134484335548,0.0,0.0,0.05152516528567167,0.0,0.0,0.0012487448584195466,0.0,0.0,0.14575496938630547,0.6362042632734403,0.0,0.1413755123528077
2025-07-23,0.0,0.0,0.0,0.0,0.0,0.0,0.0,0.0,0.0,0.0,0.0,0.0,0.02389134484335548,0.0,0.0,0.05152516528567167,0.0,0.0,0.0012487448584195466,0.0,0.0,0.14575496938630547,0.6362042632734403,0.0,0.1413755123528077
2025-07-24,0.0,0.0,0.0,0.0,0.0,0.0,0.0,0.0,0.0,0.0,0.0,0.0,0.02389134484335548,0.0,0.0,0.05152516528567167,0.0,0.0,0.0012487448584195466,0.0,0.0,0.14575496938630547,0.6362042632734403,0.0,0.1413755123528077
2025-07-25,0.0,0.0,0.0,0.0,0.0,0.0,0.0,0.0,0.0,0.0,0.0,0.0,0.02389134484335548,0.0,0.0,0.05152516528567167,0.0,0.0,0.0012487448584195466,0.0,0.0,0.14575496938630547,0.6362042632734403,0.0,0.1413755123528077
2025-07-28,0.0,0.0,0.0,0.0,0.0,0.0,0.0,0.0,0.0,0.0,0.0,0.0,0.02389134484335548,0.0,0.0,0.05152516528567167,0.0,0.0,0.0012487448584195466,0.0,0.0,0.14575496938630547,0.6362042632734403,0.0,0.1413755123528077
2025-07-29,0.0,0.0,0.0,0.0,0.0,0.0,0.0,0.0,0.0,0.0,0.0,0.0,0.02389134484335548,0.0,0.0,0.05152516528567167,0.0,0.0,0.0012487448584195466,0.0,0.0,0.14575496938630547,0.6362042632734403,0.0,0.1413755123528077
2025-07-30,0.0,0.0,0.0,0.0,0.0,0.0,0.0,0.0,0.0,0.0,0.0,0.0,0.02389134484335548,0.0,0.0,0.05152516528567167,0.0,0.0,0.0012487448584195466,0.0,0.0,0.14575496938630547,0.6362042632734403,0.0,0.1413755123528077
2025-07-31,0.0,0.0,0.0,0.0,0.0,0.0,0.0,0.0,0.0,0.0,0.0,0.0,0.02389134484335548,0.0,0.0,0.05152516528567167,0.0,0.0,0.0012487448584195466,0.0,0.0,0.14575496938630547,0.6362042632734403,0.0,0.1413755123528077
2025-08-01,0.026358754154255648,0.026227703495823575,0.0,0.0,0.0,0.023217839177918153,0.024281379423011312,0.0,0.03753273189396321,0.0,0.0,0.0,0.018544030341477752,0.0,0.0,0.041095868520691387,0.0,0.0,0.0,0.0,0.0,0.11445365447440661,0.48169980573614674,0.09562313753408697,0.11096509524821853
2025-08-04,0.026358754154255648,0.026227703495823575,0.0,0.0,0.0,0.023217839177918153,0.024281379423011312,0.0,0.03753273189396321,0.0,0.0,0.0,0.018544030341477752,0.0,0.0,0.041095868520691387,0.0,0.0,0.0,0.0,0.0,0.11445365447440661,0.48169980573614674,0.09562313753408697,0.11096509524821853
2025-08-05,0.026358754154255648,0.026227703495823575,0.0,0.0,0.0,0.023217839177918153,0.024281379423011312,0.0,0.03753273189396321,0.0,0.0,0.0,0.018544030341477752,0.0,0.0,0.041095868520691387,0.0,0.0,0.0,0.0,0.0,0.11445365447440661,0.48169980573614674,0.09562313753408697,0.11096509524821853
2025-08-06,0.026358754154255648,0.026227703495823575,0.0,0.0,0.0,0.023217839177918153,0.024281379423011312,0.0,0.03753273189396321,0.0,0.0,0.0,0.018544030341477752,0.0,0.0,0.041095868520691387,0.0,0.0,0.0,0.0,0.0,0.11445365447440661,0.48169980573614674,0.09562313753408697,0.11096509524821853
2025-08-07,0.026358754154255648,0.026227703495823575,0.0,0.0,0.0,0.023217839177918153,0.024281379423011312,0.0,0.03753273189396321,0.0,0.0,0.0,0.018544030341477752,0.0,0.0,0.041095868520691387,0.0,0.0,0.0,0.0,0.0,0.11445365447440661,0.48169980573614674,0.09562313753408697,0.11096509524821853
2025-08-08,0.026358754154255648,0.026227703495823575,0.0,0.0,0.0,0.023217839177918153,0.024281379423011312,0.0,0.03753273189396321,0.0,0.0,0.0,0.018544030341477752,0.0,0.0,0.041095868520691387,0.0,0.0,0.0,0.0,0.0,0.11445365447440661,0.48169980573614674,0.09562313753408697,0.11096509524821853
2025-08-11,0.026358754154255648,0.026227703495823575,0.0,0.0,0.0,0.023217839177918153,0.024281379423011312,0.0,0.03753273189396321,0.0,0.0,0.0,0.018544030341477752,0.0,0.0,0.041095868520691387,0.0,0.0,0.0,0.0,0.0,0.11445365447440661,0.48169980573614674,0.09562313753408697,0.11096509524821853
2025-08-12,0.026358754154255648,0.026227703495823575,0.0,0.0,0.0,0.023217839177918153,0.024281379423011312,0.0,0.03753273189396321,0.0,0.0,0.0,0.018544030341477752,0.0,0.0,0.041095868520691387,0.0,0.0,0.0,0.0,0.0,0.11445365447440661,0.48169980573614674,0.09562313753408697,0.11096509524821853
2025-08-13,0.026358754154255648,0.026227703495823575,0.0,0.0,0.0,0.023217839177918153,0.024281379423011312,0.0,0.03753273189396321,0.0,0.0,0.0,0.018544030341477752,0.0,0.0,0.041095868520691387,0.0,0.0,0.0,0.0,0.0,0.11445365447440661,0.48169980573614674,0.09562313753408697,0.11096509524821853
2025-08-14,0.026358754154255648,0.026227703495823575,0.0,0.0,0.0,0.023217839177918153,0.024281379423011312,0.0,0.03753273189396321,0.0,0.0,0.0,0.018544030341477752,0.0,0.0,0.041095868520691387,0.0,0.0,0.0,0.0,0.0,0.11445365447440661,0.48169980573614674,0.09562313753408697,0.11096509524821853
2025-08-15,0.026358754154255648,0.026227703495823575,0.0,0.0,0.0,0.023217839177918153,0.024281379423011312,0.0,0.03753273189396321,0.0,0.0,0.0,0.018544030341477752,0.0,0.0,0.041095868520691387,0.0,0.0,0.0,0.0,0.0,0.11445365447440661,0.48169980573614674,0.09562313753408697,0.11096509524821853
2025-08-18,0.026358754154255648,0.026227703495823575,0.0,0.0,0.0,0.023217839177918153,0.024281379423011312,0.0,0.03753273189396321,0.0,0.0,0.0,0.018544030341477752,0.0,0.0,0.041095868520691387,0.0,0.0,0.0,0.0,0.0,0.11445365447440661,0.48169980573614674,0.09562313753408697,0.11096509524821853
2025-08-19,0.026358754154255648,0.026227703495823575,0.0,0.0,0.0,0.023217839177918153,0.024281379423011312,0.0,0.03753273189396321,0.0,0.0,0.0,0.018544030341477752,0.0,0.0,0.041095868520691387,0.0,0.0,0.0,0.0,0.0,0.11445365447440661,0.48169980573614674,0.09562313753408697,0.11096509524821853
2025-08-20,0.026358754154255648,0.026227703495823575,0.0,0.0,0.0,0.023217839177918153,0.024281379423011312,0.0,0.03753273189396321,0.0,0.0,0.0,0.018544030341477752,0.0,0.0,0.041095868520691387,0.0,0.0,0.0,0.0,0.0,0.11445365447440661,0.48169980573614674,0.09562313753408697,0.11096509524821853
2025-08-21,0.026358754154255648,0.026227703495823575,0.0,0.0,0.0,0.023217839177918153,0.024281379423011312,0.0,0.03753273189396321,0.0,0.0,0.0,0.018544030341477752,0.0,0.0,0.041095868520691387,0.0,0.0,0.0,0.0,0.0,0.11445365447440661,0.48169980573614674,0.09562313753408697,0.11096509524821853
2025-08-22,0.026358754154255648,0.026227703495823575,0.0,0.0,0.0,0.023217839177918153,0.024281379423011312,0.0,0.03753273189396321,0.0,0.0,0.0,0.018544030341477752,0.0,0.0,0.041095868520691387,0.0,0.0,0.0,0.0,0.0,0.11445365447440661,0.48169980573614674,0.09562313753408697,0.11096509524821853
2025-08-25,0.026358754154255648,0.026227703495823575,0.0,0.0,0.0,0.023217839177918153,0.024281379423011312,0.0,0.03753273189396321,0.0,0.0,0.0,0.018544030341477752,0.0,0.0,0.041095868520691387,0.0,0.0,0.0,0.0,0.0,0.11445365447440661,0.48169980573614674,0.09562313753408697,0.11096509524821853
2025-08-26,0.026358754154255648,0.026227703495823575,0.0,0.0,0.0,0.023217839177918153,0.024281379423011312,0.0,0.03753273189396321,0.0,0.0,0.0,0.018544030341477752,0.0,0.0,0.041095868520691387,0.0,0.0,0.0,0.0,0.0,0.11445365447440661,0.48169980573614674,0.09562313753408697,0.11096509524821853
2025-08-27,0.026358754154255648,0.026227703495823575,0.0,0.0,0.0,0.023217839177918153,0.024281379423011312,0.0,0.03753273189396321,0.0,0.0,0.0,0.018544030341477752,0.0,0.0,0.041095868520691387,0.0,0.0,0.0,0.0,0.0,0.11445365447440661,0.48169980573614674,0.09562313753408697,0.11096509524821853
2025-08-28,0.026358754154255648,0.026227703495823575,0.0,0.0,0.0,0.023217839177918153,0.024281379423011312,0.0,0.03753273189396321,0.0,0.0,0.0,0.018544030341477752,0.0,0.0,0.041095868520691387,0.0,0.0,0.0,0.0,0.0,0.11445365447440661,0.48169980573614674,0.09562313753408697,0.11096509524821853
2025-08-29,0.026358754154255648,0.026227703495823575,0.0,0.0,0.0,0.023217839177918153,0.024281379423011312,0.0,0.03753273189396321,0.0,0.0,0.0,0.018544030341477752,0.0,0.0,0.041095868520691387,0.0,0.0,0.0,0.0,0.0,0.11445365447440661,0.48169980573614674,0.09562313753408697,0.11096509524821853
2025-09-01,0.026358754154255648,0.026227703495823575,0.0,0.0,0.0,0.023217839177918153,0.024281379423011312,0.0,0.03753273189396321,0.0,0.0,0.0,0.018544030341477752,0.0,0.0,0.041095868520691387,0.0,0.0,0.0,0.0,0.0,0.11445365447440661,0.48169980573614674,0.09562313753408697,0.11096509524821853
2025-09-02,0.026358754154255648,0.026227703495823575,0.0,0.0,0.0,0.023217839177918153,0.024281379423011312,0.0,0.03753273189396321,0.0,0.0,0.0,0.018544030341477752,0.0,0.0,0.041095868520691387,0.0,0.0,0.0,0.0,0.0,0.11445365447440661,0.48169980573614674,0.09562313753408697,0.11096509524821853
2025-09-03,0.026358754154255648,0.026227703495823575,0.0,0.0,0.0,0.023217839177918153,0.024281379423011312,0.0,0.03753273189396321,0.0,0.0,0.0,0.018544030341477752,0.0,0.0,0.041095868520691387,0.0,0.0,0.0,0.0,0.0,0.11445365447440661,0.48169980573614674,0.09562313753408697,0.11096509524821853
2025-09-04,0.026358754154255648,0.026227703495823575,0.0,0.0,0.0,0.023217839177918153,0.024281379423011312,0.0,0.03753273189396321,0.0,0.0,0.0,0.018544030341477752,0.0,0.0,0.041095868520691387,0.0,0.0,0.0,0.0,0.0,0.11445365447440661,0.48169980573614674,0.09562313753408697,0.11096509524821853
2025-09-05,0.026358754154255648,0.026227703495823575,0.0,0.0,0.0,0.023217839177918153,0.024281379423011312,0.0,0.03753273189396321,0.0,0.0,0.0,0.018544030341477752,0.0,0.0,0.041095868520691387,0.0,0.0,0.0,0.0,0.0,0.11445365447440661,0.48169980573614674,0.09562313753408697,0.11096509524821853
2025-09-08,0.026358754154255648,0.026227703495823575,0.0,0.0,0.0,0.023217839177918153,0.024281379423011312,0.0,0.03753273189396321,0.0,0.0,0.0,0.018544030341477752,0.0,0.0,0.041095868520691387,0.0,0.0,0.0,0.0,0.0,0.11445365447440661,0.48169980573614674,0.09562313753408697,0.11096509524821853
2025-09-09,0.026358754154255648,0.026227703495823575,0.0,0.0,0.0,0.023217839177918153,0.024281379423011312,0.0,0.03753273189396321,0.0,0.0,0.0,0.018544030341477752,0.0,0.0,0.041095868520691387,0.0,0.0,0.0,0.0,0.0,0.11445365447440661,0.48169980573614674,0.09562313753408697,0.11096509524821853
2025-09-10,0.026358754154255648,0.026227703495823575,0.0,0.0,0.0,0.023217839177918153,0.024281379423011312,0.0,0.03753273189396321,0.0,0.0,0.0,0.018544030341477752,0.0,0.0,0.041095868520691387,0.0,0.0,0.0,0.0,0.0,0.11445365447440661,0.48169980573614674,0.09562313753408697,0.11096509524821853
2025-09-11,0.026358754154255648,0.026227703495823575,0.0,0.0,0.0,0.023217839177918153,0.024281379423011312,0.0,0.03753273189396321,0.0,0.0,0.0,0.018544030341477752,0.0,0.0,0.041095868520691387,0.0,0.0,0.0,0.0,0.0,0.11445365447440661,0.48169980573614674,0.09562313753408697,0.11096509524821853
2025-09-12,0.026358754154255648,0.026227703495823575,0.0,0.0,0.0,0.023217839177918153,0.024281379423011312,0.0,0.03753273189396321,0.0,0.0,0.0,0.018544030341477752,0.0,0.0,0.041095868520691387,0.0,0.0,0.0,0.0,0.0,0.11445365447440661,0.48169980573614674,0.09562313753408697,0.11096509524821853
2025-09-15,0.026358754154255648,0.026227703495823575,0.0,0.0,0.0,0.023217839177918153,0.024281379423011312,0.0,0.03753273189396321,0.0,0.0,0.0,0.018544030341477752,0.0,0.0,0.041095868520691387,0.0,0.0,0.0,0.0,0.0,0.11445365447440661,0.48169980573614674,0.09562313753408697,0.11096509524821853
2025-09-16,0.026358754154255648,0.026227703495823575,0.0,0.0,0.0,0.023217839177918153,0.024281379423011312,0.0,0.03753273189396321,0.0,0.0,0.0,0.018544030341477752,0.0,0.0,0.041095868520691387,0.0,0.0,0.0,0.0,0.0,0.11445365447440661,0.48169980573614674,0.09562313753408697,0.11096509524821853
2025-09-17,0.026358754154255648,0.026227703495823575,0.0,0.0,0.0,0.023217839177918153,0.024281379423011312,0.0,0.03753273189396321,0.0,0.0,0.0,0.018544030341477752,0.0,0.0,0.041095868520691387,0.0,0.0,0.0,0.0,0.0,0.11445365447440661,0.48169980573614674,0.09562313753408697,0.11096509524821853
2025-09-18,0.026358754154255648,0.026227703495823575,0.0,0.0,0.0,0.023217839177918153,0.024281379423011312,0.0,0.03753273189396321,0.0,0.0,0.0,0.018544030341477752,0.0,0.0,0.041095868520691387,0.0,0.0,0.0,0.0,0.0,0.11445365447440661,0.48169980573614674,0.09562313753408697,0.11096509524821853
2025-09-19,0.026358754154255648,0.026227703495823575,0.0,0.0,0.0,0.023217839177918153,0.024281379423011312,0.0,0.03753273189396321,0.0,0.0,0.0,0.018544030341477752,0.0,0.0,0.041095868520691387,0.0,0.0,0.0,0.0,0.0,0.11445365447440661,0.48169980573614674,0.09562313753408697,0.11096509524821853
2025-09-22,0.026358754154255648,0.026227703495823575,0.0,0.0,0.0,0.023217839177918153,0.024281379423011312,0.0,0.03753273189396321,0.0,0.0,0.0,0.018544030341477752,0.0,0.0,0.041095868520691387,0.0,0.0,0.0,0.0,0.0,0.11445365447440661,0.48169980573614674,0.09562313753408697,0.11096509524821853
2025-09-23,0.026358754154255648,0.026227703495823575,0.0,0.0,0.0,0.023217839177918153,0.024281379423011312,0.0,0.03753273189396321,0.0,0.0,0.0,0.018544030341477752,0.0,0.0,0.041095868520691387,0.0,0.0,0.0,0.0,0.0,0.11445365447440661,0.48169980573614674,0.09562313753408697,0.11096509524821853
2025-09-24,0.026358754154255648,0.026227703495823575,0.0,0.0,0.0,0.023217839177918153,0.024281379423011312,0.0,0.03753273189396321,0.0,0.0,0.0,0.018544030341477752,0.0,0.0,0.041095868520691387,0.0,0.0,0.0,0.0,0.0,0.11445365447440661,0.48169980573614674,0.09562313753408697,0.11096509524821853
2025-09-25,0.026358754154255648,0.026227703495823575,0.0,0.0,0.0,0.023217839177918153,0.024281379423011312,0.0,0.03753273189396321,0.0,0.0,0.0,0.018544030341477752,0.0,0.0,0.041095868520691387,0.0,0.0,0.0,0.0,0.0,0.11445365447440661,0.48169980573614674,0.09562313753408697,0.11096509524821853
2025-09-26,0.026358754154255648,0.026227703495823575,0.0,0.0,0.0,0.023217839177918153,0.024281379423011312,0.0,0.03753273189396321,0.0,0.0,0.0,0.018544030341477752,0.0,0.0,0.041095868520691387,0.0,0.0,0.0,0.0,0.0,0.11445365447440661,0.48169980573614674,0.09562313753408697,0.11096509524821853
2025-09-29,0.026358754154255648,0.026227703495823575,0.0,0.0,0.0,0.023217839177918153,0.024281379423011312,0.0,0.03753273189396321,0.0,0.0,0.0,0.018544030341477752,0.0,0.0,0.041095868520691387,0.0,0.0,0.0,0.0,0.0,0.11445365447440661,0.48169980573614674,0.09562313753408697,0.11096509524821853
2025-09-30,0.026358754154255648,0.026227703495823575,0.0,0.0,0.0,0.023217839177918153,0.024281379423011312,0.0,0.03753273189396321,0.0,0.0,0.0,0.018544030341477752,0.0,0.0,0.041095868520691387,0.0,0.0,0.0,0.0,0.0,0.11445365447440661,0.48169980573614674,0.09562313753408697,0.11096509524821853
2025-10-01,0.021999083826042046,0.02162213852893324,0.021874445799227402,0.023106138229874517,0.022737908048775943,0.019017792852980397,0.01994921605025269,0.024983378857939928,0.030747252456624116,0.0,0.0,0.018604594114969224,0.015494564113151085,0.03167868557659828,0.03221569928654614,0.03230082142656713,0.0,0.010679818469547799,0.0,0.0,0.0,0.10010834584860061,0.37967924799501646,0.0808650289111552,0.09233583960719799
2025-10-02,0.021999083826042046,0.02162213852893324,0.021874445799227402,0.023106138229874517,0.022737908048775943,0.019017792852980397,0.01994921605025269,0.024983378857939928,0.030747252456624116,0.0,0.0,0.018604594114969224,0.015494564113151085,0.03167868557659828,0.03221569928654614,0.03230082142656713,0.0,0.010679818469547799,0.0,0.0,0.0,0.10010834584860061,0.37967924799501646,0.0808650289111552,0.09233583960719799
2025-10-03,0.021999083826042046,0.02162213852893324,0.021874445799227402,0.023106138229874517,0.022737908048775943,0.019017792852980397,0.01994921605025269,0.024983378857939928,0.030747252456624116,0.0,0.0,0.018604594114969224,0.015494564113151085,0.03167868557659828,0.03221569928654614,0.03230082142656713,0.0,0.010679818469547799,0.0,0.0,0.0,0.10010834584860061,0.37967924799501646,0.0808650289111552,0.09233583960719799
2025-10-06,0.021999083826042046,0.02162213852893324,0.021874445799227402,0.023106138229874517,0.022737908048775943,0.019017792852980397,0.01994921605025269,0.024983378857939928,0.030747252456624116,0.0,0.0,0.018604594114969224,0.015494564113151085,0.03167868557659828,0.03221569928654614,0.03230082142656713,0.0,0.010679818469547799,0.0,0.0,0.0,0.10010834584860061,0.37967924799501646,0.0808650289111552,0.09233583960719799
2025-10-07,0.021999083826042046,0.02162213852893324,0.021874445799227402,0.023106138229874517,0.022737908048775943,0.019017792852980397,0.01994921605025269,0.024983378857939928,0.030747252456624116,0.0,0.0,0.018604594114969224,0.015494564113151085,0.03167868557659828,0.03221569928654614,0.03230082142656713,0.0,0.010679818469547799,0.0,0.0,0.0,0.10010834584860061,0.37967924799501646,0.0808650289111552,0.09233583960719799
2025-10-08,0.021999083826042046,0.02162213852893324,0.021874445799227402,0.023106138229874517,0.022737908048775943,0.019017792852980397,0.01994921605025269,0.024983378857939928,0.030747252456624116,0.0,0.0,0.018604594114969224,0.015494564113151085,0.03167868557659828,0.03221569928654614,0.03230082142656713,0.0,0.010679818469547799,0.0,0.0,0.0,0.10010834584860061,0.37967924799501646,0.0808650289111552,0.09233583960719799
2025-10-09,0.021999083826042046,0.02162213852893324,0.021874445799227402,0.023106138229874517,0.022737908048775943,0.019017792852980397,0.01994921605025269,0.024983378857939928,0.030747252456624116,0.0,0.0,0.018604594114969224,0.015494564113151085,0.03167868557659828,0.03221569928654614,0.03230082142656713,0.0,0.010679818469547799,0.0,0.0,0.0,0.10010834584860061,0.37967924799501646,0.0808650289111552,0.09233583960719799
2025-10-10,0.021999083826042046,0.02162213852893324,0.021874445799227402,0.023106138229874517,0.022737908048775943,0.019017792852980397,0.01994921605025269,0.024983378857939928,0.030747252456624116,0.0,0.0,0.018604594114969224,0.015494564113151085,0.03167868557659828,0.03221569928654614,0.03230082142656713,0.0,0.010679818469547799,0.0,0.0,0.0,0.10010834584860061,0.37967924799501646,0.0808650289111552,0.09233583960719799
2025-10-13,0.021999083826042046,0.02162213852893324,0.021874445799227402,0.023106138229874517,0.022737908048775943,0.019017792852980397,0.01994921605025269,0.024983378857939928,0.030747252456624116,0.0,0.0,0.018604594114969224,0.015494564113151085,0.03167868557659828,0.03221569928654614,0.03230082142656713,0.0,0.010679818469547799,0.0,0.0,0.0,0.10010834584860061,0.37967924799501646,0.0808650289111552,0.09233583960719799
2025-10-14,0.021999083826042046,0.02162213852893324,0.021874445799227402,0.023106138229874517,0.022737908048775943,0.019017792852980397,0.01994921605025269,0.024983378857939928,0.030747252456624116,0.0,0.0,0.018604594114969224,0.015494564113151085,0.03167868557659828,0.03221569928654614,0.03230082142656713,0.0,0.010679818469547799,0.0,0.0,0.0,0.10010834584860061,0.37967924799501646,0.0808650289111552,0.09233583960719799
2025-10-15,0.021999083826042046,0.02162213852893324,0.021874445799227402,0.023106138229874517,0.022737908048775943,0.019017792852980397,0.01994921605025269,0.024983378857939928,0.030747252456624116,0.0,0.0,0.018604594114969224,0.015494564113151085,0.03167868557659828,0.03221569928654614,0.03230082142656713,0.0,0.010679818469547799,0.0,0.0,0.0,0.10010834584860061,0.37967924799501646,0.0808650289111552,0.09233583960719799
2025-10-16,0.021999083826042046,0.02162213852893324,0.021874445799227402,0.023106138229874517,0.022737908048775943,0.019017792852980397,0.01994921605025269,0.024983378857939928,0.030747252456624116,0.0,0.0,0.018604594114969224,0.015494564113151085,0.03167868557659828,0.03221569928654614,0.03230082142656713,0.0,0.010679818469547799,0.0,0.0,0.0,0.10010834584860061,0.37967924799501646,0.0808650289111552,0.09233583960719799
2025-10-17,0.021999083826042046,0.02162213852893324,0.021874445799227402,0.023106138229874517,0.022737908048775943,0.019017792852980397,0.01994921605025269,0.024983378857939928,0.030747252456624116,0.0,0.0,0.018604594114969224,0.015494564113151085,0.03167868557659828,0.03221569928654614,0.03230082142656713,0.0,0.010679818469547799,0.0,0.0,0.0,0.10010834584860061,0.37967924799501646,0.0808650289111552,0.09233583960719799
2025-10-20,0.021999083826042046,0.02162213852893324,0.021874445799227402,0.023106138229874517,0.022737908048775943,0.019017792852980397,0.01994921605025269,0.024983378857939928,0.030747252456624116,0.0,0.0,0.018604594114969224,0.015494564113151085,0.03167868557659828,0.03221569928654614,0.03230082142656713,0.0,0.010679818469547799,0.0,0.0,0.0,0.10010834584860061,0.37967924799501646,0.0808650289111552,0.09233583960719799
2025-10-21,0.021999083826042046,0.02162213852893324,0.021874445799227402,0.023106138229874517,0.022737908048775943,0.019017792852980397,0.01994921605025269,0.024983378857939928,0.030747252456624116,0.0,0.0,0.018604594114969224,0.015494564113151085,0.03167868557659828,0.03221569928654614,0.03230082142656713,0.0,0.010679818469547799,0.0,0.0,0.0,0.10010834584860061,0.37967924799501646,0.0808650289111552,0.09233583960719799
2025-10-22,0.021999083826042046,0.02162213852893324,0.021874445799227402,0.023106138229874517,0.022737908048775943,0.019017792852980397,0.01994921605025269,0.024983378857939928,0.030747252456624116,0.0,0.0,0.018604594114969224,0.015494564113151085,0.03167868557659828,0.03221569928654614,0.03230082142656713,0.0,0.010679818469547799,0.0,0.0,0.0,0.10010834584860061,0.37967924799501646,0.0808650289111552,0.09233583960719799
2025-10-23,0.021999083826042046,0.02162213852893324,0.021874445799227402,0.023106138229874517,0.022737908048775943,0.019017792852980397,0.01994921605025269,0.024983378857939928,0.030747252456624116,0.0,0.0,0.018604594114969224,0.015494564113151085,0.03167868557659828,0.03221569928654614,0.03230082142656713,0.0,0.010679818469547799,0.0,0.0,0.0,0.10010834584860061,0.37967924799501646,0.0808650289111552,0.09233583960719799
2025-10-24,0.021999083826042046,0.02162213852893324,0.021874445799227402,0.023106138229874517,0.022737908048775943,0.019017792852980397,0.01994921605025269,0.024983378857939928,0.030747252456624116,0.0,0.0,0.018604594114969224,0.015494564113151085,0.03167868557659828,0.03221569928654614,0.03230082142656713,0.0,0.010679818469547799,0.0,0.0,0.0,0.10010834584860061,0.37967924799501646,0.0808650289111552,0.09233583960719799
2025-10-27,0.021999083826042046,0.02162213852893324,0.021874445799227402,0.023106138229874517,0.022737908048775943,0.019017792852980397,0.01994921605025269,0.024983378857939928,0.030747252456624116,0.0,0.0,0.018604594114969224,0.015494564113151085,0.03167868557659828,0.03221569928654614,0.03230082142656713,0.0,0.010679818469547799,0.0,0.0,0.0,0.10010834584860061,0.37967924799501646,0.0808650289111552,0.09233583960719799
2025-10-28,0.021999083826042046,0.02162213852893324,0.021874445799227402,0.023106138229874517,0.022737908048775943,0.019017792852980397,0.01994921605025269,0.024983378857939928,0.030747252456624116,0.0,0.0,0.018604594114969224,0.015494564113151085,0.03167868557659828,0.03221569928654614,0.03230082142656713,0.0,0.010679818469547799,0.0,0.0,0.0,0.10010834584860061,0.37967924799501646,0.0808650289111552,0.09233583960719799
2025-10-29,0.021999083826042046,0.02162213852893324,0.021874445799227402,0.023106138229874517,0.022737908048775943,0.019017792852980397,0.01994921605025269,0.024983378857939928,0.030747252456624116,0.0,0.0,0.018604594114969224,0.015494564113151085,0.03167868557659828,0.03221569928654614,0.03230082142656713,0.0,0.010679818469547799,0.0,0.0,0.0,0.10010834584860061,0.37967924799501646,0.0808650289111552,0.09233583960719799
2025-10-30,0.021999083826042046,0.02162213852893324,0.021874445799227402,0.023106138229874517,0.022737908048775943,0.019017792852980397,0.01994921605025269,0.024983378857939928,0.030747252456624116,0.0,0.0,0.018604594114969224,0.015494564113151085,0.03167868557659828,0.03221569928654614,0.03230082142656713,0.0,0.010679818469547799,0.0,0.0,0.0,0.10010834584860061,0.37967924799501646,0.0808650289111552,0.09233583960719799
2025-10-31,0.021999083826042046,0.02162213852893324,0.021874445799227402,0.023106138229874517,0.022737908048775943,0.019017792852980397,0.01994921605025269,0.024983378857939928,0.030747252456624116,0.0,0.0,0.018604594114969224,0.015494564113151085,0.03167868557659828,0.03221569928654614,0.03230082142656713,0.0,0.010679818469547799,0.0,0.0,0.0,0.10010834584860061,0.37967924799501646,0.0808650289111552,0.09233583960719799
2025-11-03,0.021999083826042046,0.02162213852893324,0.021874445799227402,0.023106138229874517,0.022737908048775943,0.019017792852980397,0.01994921605025269,0.024983378857939928,0.030747252456624116,0.0,0.0,0.018604594114969224,0.015494564113151085,0.03167868557659828,0.03221569928654614,0.03230082142656713,0.0,0.010679818469547799,0.0,0.0,0.0,0.10010834584860061,0.37967924799501646,0.0808650289111552,0.09233583960719799
2025-11-04,0.021999083826042046,0.02162213852893324,0.021874445799227402,0.023106138229874517,0.022737908048775943,0.019017792852980397,0.01994921605025269,0.024983378857939928,0.030747252456624116,0.0,0.0,0.018604594114969224,0.015494564113151085,0.03167868557659828,0.03221569928654614,0.03230082142656713,0.0,0.010679818469547799,0.0,0.0,0.0,0.10010834584860061,0.37967924799501646,0.0808650289111552,0.09233583960719799
2025-11-05,0.021999083826042046,0.02162213852893324,0.021874445799227402,0.023106138229874517,0.022737908048775943,0.019017792852980397,0.01994921605025269,0.024983378857939928,0.030747252456624116,0.0,0.0,0.018604594114969224,0.015494564113151085,0.03167868557659828,0.03221569928654614,0.03230082142656713,0.0,0.010679818469547799,0.0,0.0,0.0,0.10010834584860061,0.37967924799501646,0.0808650289111552,0.09233583960719799
2025-11-06,0.021999083826042046,0.02162213852893324,0.021874445799227402,0.023106138229874517,0.022737908048775943,0.019017792852980397,0.01994921605025269,0.024983378857939928,0.030747252456624116,0.0,0.0,0.018604594114969224,0.015494564113151085,0.03167868557659828,0.03221569928654614,0.03230082142656713,0.0,0.010679818469547799,0.0,0.0,0.0,0.10010834584860061,0.37967924799501646,0.0808650289111552,0.09233583960719799
2025-11-07,0.021999083826042046,0.02162213852893324,0.021874445799227402,0.023106138229874517,0.022737908048775943,0.019017792852980397,0.01994921605025269,0.024983378857939928,0.030747252456624116,0.0,0.0,0.018604594114969224,0.015494564113151085,0.03167868557659828,0.03221569928654614,0.03230082142656713,0.0,0.010679818469547799,0.0,0.0,0.0,0.10010834584860061,0.37967924799501646,0.0808650289111552,0.09233583960719799
2025-11-10,0.021999083826042046,0.02162213852893324,0.021874445799227402,0.023106138229874517,0.022737908048775943,0.019017792852980397,0.01994921605025269,0.024983378857939928,0.030747252456624116,0.0,0.0,0.018604594114969224,0.015494564113151085,0.03167868557659828,0.03221569928654614,0.03230082142656713,0.0,0.010679818469547799,0.0,0.0,0.0,0.10010834584860061,0.37967924799501646,0.0808650289111552,0.09233583960719799
2025-11-11,0.021999083826042046,0.02162213852893324,0.021874445799227402,0.023106138229874517,0.022737908048775943,0.019017792852980397,0.01994921605025269,0.024983378857939928,0.030747252456624116,0.0,0.0,0.018604594114969224,0.015494564113151085,0.03167868557659828,0.03221569928654614,0.03230082142656713,0.0,0.010679818469547799,0.0,0.0,0.0,0.10010834584860061,0.37967924799501646,0.0808650289111552,0.09233583960719799
2025-11-12,0.021999083826042046,0.02162213852893324,0.021874445799227402,0.023106138229874517,0.022737908048775943,0.019017792852980397,0.01994921605025269,0.024983378857939928,0.030747252456624116,0.0,0.0,0.018604594114969224,0.015494564113151085,0.03167868557659828,0.03221569928654614,0.03230082142656713,0.0,0.010679818469547799,0.0,0.0,0.0,0.10010834584860061,0.37967924799501646,0.0808650289111552,0.09233583960719799
2025-11-13,0.021999083826042046,0.02162213852893324,0.021874445799227402,0.023106138229874517,0.022737908048775943,0.019017792852980397,0.01994921605025269,0.024983378857939928,0.030747252456624116,0.0,0.0,0.018604594114969224,0.015494564113151085,0.03167868557659828,0.03221569928654614,0.03230082142656713,0.0,0.010679818469547799,0.0,0.0,0.0,0.10010834584860061,0.37967924799501646,0.0808650289111552,0.09233583960719799
2025-11-14,0.021999083826042046,0.02162213852893324,0.021874445799227402,0.023106138229874517,0.022737908048775943,0.019017792852980397,0.01994921605025269,0.024983378857939928,0.030747252456624116,0.0,0.0,0.018604594114969224,0.015494564113151085,0.03167868557659828,0.03221569928654614,0.03230082142656713,0.0,0.010679818469547799,0.0,0.0,0.0,0.10010834584860061,0.37967924799501646,0.0808650289111552,0.09233583960719799
2025-11-17,0.021999083826042046,0.02162213852893324,0.021874445799227402,0.023106138229874517,0.022737908048775943,0.019017792852980397,0.01994921605025269,0.024983378857939928,0.030747252456624116,0.0,0.0,0.018604594114969224,0.015494564113151085,0.03167868557659828,0.03221569928654614,0.03230082142656713,0.0,0.010679818469547799,0.0,0.0,0.0,0.10010834584860061,0.37967924799501646,0.0808650289111552,0.09233583960719799
2025-11-18,0.021999083826042046,0.02162213852893324,0.021874445799227402,0.023106138229874517,0.022737908048775943,0.019017792852980397,0.01994921605025269,0.024983378857939928,0.030747252456624116,0.0,0.0,0.018604594114969224,0.015494564113151085,0.03167868557659828,0.03221569928654614,0.03230082142656713,0.0,0.010679818469547799,0.0,0.0,0.0,0.10010834584860061,0.37967924799501646,0.0808650289111552,0.09233583960719799
2025-11-19,0.021999083826042046,0.02162213852893324,0.021874445799227402,0.023106138229874517,0.022737908048775943,0.019017792852980397,0.01994921605025269,0.024983378857939928,0.030747252456624116,0.0,0.0,0.018604594114969224,0.015494564113151085,0.03167868557659828,0.03221569928654614,0.03230082142656713,0.0,0.010679818469547799,0.0,0.0,0.0,0.10010834584860061,0.37967924799501646,0.0808650289111552,0.09233583960719799
2025-11-20,0.021999083826042046,0.02162213852893324,0.021874445799227402,0.023106138229874517,0.022737908048775943,0.019017792852980397,0.01994921605025269,0.024983378857939928,0.030747252456624116,0.0,0.0,0.018604594114969224,0.015494564113151085,0.03167868557659828,0.03221569928654614,0.03230082142656713,0.0,0.010679818469547799,0.0,0.0,0.0,0.10010834584860061,0.37967924799501646,0.0808650289111552,0.09233583960719799
2025-11-21,0.021999083826042046,0.02162213852893324,0.021874445799227402,0.023106138229874517,0.022737908048775943,0.019017792852980397,0.01994921605025269,0.024983378857939928,0.030747252456624116,0.0,0.0,0.018604594114969224,0.015494564113151085,0.03167868557659828,0.03221569928654614,0.03230082142656713,0.0,0.010679818469547799,0.0,0.0,0.0,0.10010834584860061,0.37967924799501646,0.0808650289111552,0.09233583960719799
2025-11-24,0.021999083826042046,0.02162213852893324,0.021874445799227402,0.023106138229874517,0.022737908048775943,0.019017792852980397,0.01994921605025269,0.024983378857939928,0.030747252456624116,0.0,0.0,0.018604594114969224,0.015494564113151085,0.03167868557659828,0.03221569928654614,0.03230082142656713,0.0,0.010679818469547799,0.0,0.0,0.0,0.10010834584860061,0.37967924799501646,0.0808650289111552,0.09233583960719799
2025-11-25,0.021999083826042046,0.02162213852893324,0.021874445799227402,0.023106138229874517,0.022737908048775943,0.019017792852980397,0.01994921605025269,0.024983378857939928,0.030747252456624116,0.0,0.0,0.018604594114969224,0.015494564113151085,0.03167868557659828,0.03221569928654614,0.03230082142656713,0.0,0.010679818469547799,0.0,0.0,0.0,0.10010834584860061,0.37967924799501646,0.0808650289111552,0.09233583960719799
2025-11-26,0.021999083826042046,0.02162213852893324,0.021874445799227402,0.023106138229874517,0.022737908048775943,0.019017792852980397,0.01994921605025269,0.024983378857939928,0.030747252456624116,0.0,0.0,0.018604594114969224,0.015494564113151085,0.03167868557659828,0.03221569928654614,0.03230082142656713,0.0,0.010679818469547799,0.0,0.0,0.0,0.10010834584860061,0.37967924799501646,0.0808650289111552,0.09233583960719799
2025-11-27,0.021999083826042046,0.02162213852893324,0.021874445799227402,0.023106138229874517,0.022737908048775943,0.019017792852980397,0.01994921605025269,0.024983378857939928,0.030747252456624116,0.0,0.0,0.018604594114969224,0.015494564113151085,0.03167868557659828,0.03221569928654614,0.03230082142656713,0.0,0.010679818469547799,0.0,0.0,0.0,0.10010834584860061,0.37967924799501646,0.0808650289111552,0.09233583960719799
2025-11-28,0.021999083826042046,0.02162213852893324,0.021874445799227402,0.023106138229874517,0.022737908048775943,0.019017792852980397,0.01994921605025269,0.024983378857939928,0.030747252456624116,0.0,0.0,0.018604594114969224,0.015494564113151085,0.03167868557659828,0.03221569928654614,0.03230082142656713,0.0,0.010679818469547799,0.0,0.0,0.0,0.10010834584860061,0.37967924799501646,0.0808650289111552,0.09233583960719799
2025-12-01,0.020931148310743476,0.020026816640852145,0.021024991624244222,0.021801895081453613,0.024119831291224417,0.015904828465128144,0.01858055521094016,0.03348122160423755,0.053932759109486174,0.05445547060430546,0.031327102867184195,0.024336587641152957,0.020866529974138466,0.024744922071182927,0.023823159373260797,0.01975022815426085,0.012637986011819691,0.010796422241125453,0.0,0.0,0.0352453626397045,0.07407465191631418,0.2676581869498535,0.06780550253885997,0.1026738396785272
2025-12-02,0.020931148310743476,0.020026816640852145,0.021024991624244222,0.021801895081453613,0.024119831291224417,0.015904828465128144,0.01858055521094016,0.03348122160423755,0.053932759109486174,0.05445547060430546,0.031327102867184195,0.024336587641152957,0.020866529974138466,0.024744922071182927,0.023823159373260797,0.01975022815426085,0.012637986011819691,0.010796422241125453,0.0,0.0,0.0352453626397045,0.07407465191631418,0.2676581869498535,0.06780550253885997,0.1026738396785272
2025-12-03,0.020931148310743476,0.020026816640852145,0.021024991624244222,0.021801895081453613,0.024119831291224417,0.015904828465128144,0.01858055521094016,0.03348122160423755,0.053932759109486174,0.05445547060430546,0.031327102867184195,0.024336587641152957,0.020866529974138466,0.024744922071182927,0.023823159373260797,0.01975022815426085,0.012637986011819691,0.010796422241125453,0.0,0.0,0.0352453626397045,0.07407465191631418,0.2676581869498535,0.06780550253885997,0.1026738396785272
2025-12-04,0.020931148310743476,0.020026816640852145,0.021024991624244222,0.021801895081453613,0.024119831291224417,0.015904828465128144,0.01858055521094016,0.03348122160423755,0.053932759109486174,0.05445547060430546,0.031327102867184195,0.024336587641152957,0.020866529974138466,0.024744922071182927,0.023823159373260797,0.01975022815426085,0.012637986011819691,0.010796422241125453,0.0,0.0,0.0352453626397045,0.07407465191631418,0.2676581869498535,0.06780550253885997,0.1026738396785272
2025-12-05,0.020931148310743476,0.020026816640852145,0.021024991624244222,0.021801895081453613,0.024119831291224417,0.015904828465128144,0.01858055521094016,0.03348122160423755,0.053932759109486174,0.05445547060430546,0.031327102867184195,0.024336587641152957,0.020866529974138466,0.024744922071182927,0.023823159373260797,0.01975022815426085,0.012637986011819691,0.010796422241125453,0.0,0.0,0.0352453626397045,0.07407465191631418,0.2676581869498535,0.06780550253885997,0.1026738396785272
2025-12-08,0.020931148310743476,0.020026816640852145,0.021024991624244222,0.021801895081453613,0.024119831291224417,0.015904828465128144,0.01858055521094016,0.03348122160423755,0.053932759109486174,0.05445547060430546,0.031327102867184195,0.024336587641152957,0.020866529974138466,0.024744922071182927,0.023823159373260797,0.01975022815426085,0.012637986011819691,0.010796422241125453,0.0,0.0,0.0352453626397045,0.07407465191631418,0.2676581869498535,0.06780550253885997,0.1026738396785272
2025-12-09,0.020931148310743476,0.020026816640852145,0.021024991624244222,0.021801895081453613,0.024119831291224417,0.015904828465128144,0.01858055521094016,0.03348122160423755,0.053932759109486174,0.05445547060430546,0.031327102867184195,0.024336587641152957,0.020866529974138466,0.024744922071182927,0.023823159373260797,0.01975022815426085,0.012637986011819691,0.010796422241125453,0.0,0.0,0.0352453626397045,0.07407465191631418,0.2676581869498535,0.06780550253885997,0.1026738396785272
2025-12-10,0.020931148310743476,0.020026816640852145,0.021024991624244222,0.021801895081453613,0.024119831291224417,0.015904828465128144,0.01858055521094016,0.03348122160423755,0.053932759109486174,0.05445547060430546,0.031327102867184195,0.024336587641152957,0.020866529974138466,0.024744922071182927,0.023823159373260797,0.01975022815426085,0.012637986011819691,0.010796422241125453,0.0,0.0,0.0352453626397045,0.07407465191631418,0.2676581869498535,0.06780550253885997,0.1026738396785272
2025-12-11,0.020931148310743476,0.020026816640852145,0.021024991624244222,0.021801895081453613,0.024119831291224417,0.015904828465128144,0.01858055521094016,0.03348122160423755,0.053932759109486174,0.05445547060430546,0.031327102867184195,0.024336587641152957,0.020866529974138466,0.024744922071182927,0.023823159373260797,0.01975022815426085,0.012637986011819691,0.010796422241125453,0.0,0.0,0.0352453626397045,0.07407465191631418,0.2676581869498535,0.06780550253885997,0.1026738396785272
2025-12-12,0.020931148310743476,0.020026816640852145,0.021024991624244222,0.021801895081453613,0.024119831291224417,0.015904828465128144,0.01858055521094016,0.03348122160423755,0.053932759109486174,0.05445547060430546,0.031327102867184195,0.024336587641152957,0.020866529974138466,0.024744922071182927,0.023823159373260797,0.01975022815426085,0.012637986011819691,0.010796422241125453,0.0,0.0,0.0352453626397045,0.07407465191631418,0.2676581869498535,0.06780550253885997,0.1026738396785272
2025-12-15,0.020931148310743476,0.020026816640852145,0.021024991624244222,0.021801895081453613,0.024119831291224417,0.015904828465128144,0.01858055521094016,0.03348122160423755,0.053932759109486174,0.05445547060430546,0.031327102867184195,0.024336587641152957,0.020866529974138466,0.024744922071182927,0.023823159373260797,0.01975022815426085,0.012637986011819691,0.010796422241125453,0.0,0.0,0.0352453626397045,0.07407465191631418,0.2676581869498535,0.06780550253885997,0.1026738396785272
2025-12-16,0.020931148310743476,0.020026816640852145,0.021024991624244222,0.021801895081453613,0.024119831291224417,0.015904828465128144,0.01858055521094016,0.03348122160423755,0.053932759109486174,0.05445547060430546,0.031327102867184195,0.024336587641152957,0.020866529974138466,0.024744922071182927,0.023823159373260797,0.01975022815426085,0.012637986011819691,0.010796422241125453,0.0,0.0,0.0352453626397045,0.07407465191631418,0.2676581869498535,0.06780550253885997,0.1026738396785272
2025-12-17,0.020931148310743476,0.020026816640852145,0.021024991624244222,0.021801895081453613,0.024119831291224417,0.015904828465128144,0.01858055521094016,0.03348122160423755,0.053932759109486174,0.05445547060430546,0.031327102867184195,0.024336587641152957,0.020866529974138466,0.024744922071182927,0.023823159373260797,0.01975022815426085,0.012637986011819691,0.010796422241125453,0.0,0.0,0.0352453626397045,0.07407465191631418,0.2676581869498535,0.06780550253885997,0.1026738396785272
2025-12-18,0.020931148310743476,0.020026816640852145,0.021024991624244222,0.021801895081453613,0.024119831291224417,0.015904828465128144,0.01858055521094016,0.03348122160423755,0.053932759109486174,0.05445547060430546,0.031327102867184195,0.024336587641152957,0.020866529974138466,0.024744922071182927,0.023823159373260797,0.01975022815426085,0.012637986011819691,0.010796422241125453,0.0,0.0,0.0352453626397045,0.07407465191631418,0.2676581869498535,0.06780550253885997,0.1026738396785272
2025-12-19,0.020931148310743476,0.020026816640852145,0.021024991624244222,0.021801895081453613,0.024119831291224417,0.015904828465128144,0.01858055521094016,0.03348122160423755,0.053932759109486174,0.05445547060430546,0.031327102867184195,0.024336587641152957,0.020866529974138466,0.024744922071182927,0.023823159373260797,0.01975022815426085,0.012637986011819691,0.010796422241125453,0.0,0.0,0.0352453626397045,0.07407465191631418,0.2676581869498535,0.06780550253885997,0.1026738396785272
2025-12-22,0.020931148310743476,0.020026816640852145,0.021024991624244222,0.021801895081453613,0.024119831291224417,0.015904828465128144,0.01858055521094016,0.03348122160423755,0.053932759109486174,0.05445547060430546,0.031327102867184195,0.024336587641152957,0.020866529974138466,0.024744922071182927,0.023823159373260797,0.01975022815426085,0.012637986011819691,0.010796422241125453,0.0,0.0,0.0352453626397045,0.07407465191631418,0.2676581869498535,0.06780550253885997,0.1026738396785272
2025-12-23,0.020931148310743476,0.020026816640852145,0.021024991624244222,0.021801895081453613,0.024119831291224417,0.015904828465128144,0.01858055521094016,0.03348122160423755,0.053932759109486174,0.05445547060430546,0.031327102867184195,0.024336587641152957,0.020866529974138466,0.024744922071182927,0.023823159373260797,0.01975022815426085,0.012637986011819691,0.010796422241125453,0.0,0.0,0.0352453626397045,0.07407465191631418,0.2676581869498535,0.06780550253885997,0.1026738396785272
2025-12-24,0.020931148310743476,0.020026816640852145,0.021024991624244222,0.021801895081453613,0.024119831291224417,0.015904828465128144,0.01858055521094016,0.03348122160423755,0.053932759109486174,0.05445547060430546,0.031327102867184195,0.024336587641152957,0.020866529974138466,0.024744922071182927,0.023823159373260797,0.01975022815426085,0.012637986011819691,0.010796422241125453,0.0,0.0,0.0352453626397045,0.07407465191631418,0.2676581869498535,0.06780550253885997,0.1026738396785272
2025-12-26,0.020931148310743476,0.020026816640852145,0.021024991624244222,0.021801895081453613,0.024119831291224417,0.015904828465128144,0.01858055521094016,0.03348122160423755,0.053932759109486174,0.05445547060430546,0.031327102867184195,0.024336587641152957,0.020866529974138466,0.024744922071182927,0.023823159373260797,0.01975022815426085,0.012637986011819691,0.010796422241125453,0.0,0.0,0.0352453626397045,0.07407465191631418,0.2676581869498535,0.06780550253885997,0.1026738396785272
2025-12-29,0.020931148310743476,0.020026816640852145,0.021024991624244222,0.021801895081453613,0.024119831291224417,0.015904828465128144,0.01858055521094016,0.03348122160423755,0.053932759109486174,0.05445547060430546,0.031327102867184195,0.024336587641152957,0.020866529974138466,0.024744922071182927,0.023823159373260797,0.01975022815426085,0.012637986011819691,0.010796422241125453,0.0,0.0,0.0352453626397045,0.07407465191631418,0.2676581869498535,0.06780550253885997,0.1026738396785272
2025-12-30,0.020931148310743476,0.020026816640852145,0.021024991624244222,0.021801895081453613,0.024119831291224417,0.015904828465128144,0.01858055521094016,0.03348122160423755,0.053932759109486174,0.05445547060430546,0.031327102867184195,0.024336587641152957,0.020866529974138466,0.024744922071182927,0.023823159373260797,0.01975022815426085,0.012637986011819691,0.010796422241125453,0.0,0.0,0.0352453626397045,0.07407465191631418,0.2676581869498535,0.06780550253885997,0.1026738396785272
