Date,0050.TW,006208.TW,006203.TW,006204.TW,00850.TW,0053.TW,00881.TW,0056.TW,00701.TW,00713.TW,00646.TW,00662.TW,00757.TW,00636.TW,006207.TW,00635U.TW,00642U.TW,00631L.TW,00632R.TW,00663L.TW,TLT,IEF,SHY,LQD,HYG
2022-01-03,0.026065708629355387,0.028494454811666715,0.022944061284674428,0.06041156668218699,0.02635646845065338,0.025563913679329447,0.024188225257427035,0.048705124878301795,0.05223950341833345,0.0657515716848336,0.03805286110716973,0.029521950703436814,0.012889025760847819,0.0,0.0,0.023772905406097125,0.007188062253292512,0.01565915640321089,0.0,0.016192526980212046,0.018737423184410393,0.051355093625112855,0.2901643752810128,0.0459173817859491,0.06982863873248563
2022-01-04,0.026065708629355387,0.028494454811666715,0.022944061284674428,0.06041156668218699,0.02635646845065338,0.025563913679329447,0.024188225257427035,0.048705124878301795,0.05223950341833345,0.0657515716848336,0.03805286110716973,0.029521950703436814,0.012889025760847819,0.0,0.0,0.023772905406097125,0.007188062253292512,0.01565915640321089,0.0,0.016192526980212046,0.018737423184410393,0.051355093625112855,0.2901643752810128,0.0459173817859491,0.06982863873248563
2022-01-05,0.026065708629355387,0.028494454811666715,0.022944061284674428,0.06041156668218699,0.02635646845065338,0.025563913679329447,0.024188225257427035,0.048705124878301795,0.05223950341833345,0.0657515716848336,0.03805286110716973,0.029521950703436814,0.012889025760847819,0.0,0.0,0.023772905406097125,0.007188062253292512,0.01565915640321089,0.0,0.016192526980212046,0.018737423184410393,0.051355093625112855,0.2901643752810128,0.0459173817859491,0.06982863873248563
2022-01-06,0.026065708629355387,0.028494454811666715,0.022944061284674428,0.06041156668218699,0.02635646845065338,0.025563913679329447,0.024188225257427035,0.048705124878301795,0.05223950341833345,0.0657515716848336,0.03805286110716973,0.029521950703436814,0.012889025760847819,0.0,0.0,0.023772905406097125,0.007188062253292512,0.01565915640321089,0.0,0.016192526980212046,0.018737423184410393,0.051355093625112855,0.2901643752810128,0.0459173817859491,0.06982863873248563
2022-01-07,0.026065708629355387,0.028494454811666715,0.022944061284674428,0.06041156668218699,0.02635646845065338,0.025563913679329447,0.024188225257427035,0.048705124878301795,0.05223950341833345,0.0657515716848336,0.03805286110716973,0.029521950703436814,0.012889025760847819,0.0,0.0,0.023772905406097125,0.007188062253292512,0.01565915640321089,0.0,0.016192526980212046,0.018737423184410393,0.051355093625112855,0.2901643752810128,0.0459173817859491,0.06982863873248563
2022-01-10,0.026065708629355387,0.028494454811666715,0.022944061284674428,0.06041156668218699,0.02635646845065338,0.025563913679329447,0.024188225257427035,0.048705124878301795,0.05223950341833345,0.0657515716848336,0.03805286110716973,0.029521950703436814,0.012889025760847819,0.0,0.0,0.023772905406097125,0.007188062253292512,0.01565915640321089,0.0,0.016192526980212046,0.018737423184410393,0.051355093625112855,0.2901643752810128,0.0459173817859491,0.06982863873248563
2022-01-11,0.026065708629355387,0.028494454811666715,0.022944061284674428,0.06041156668218699,0.02635646845065338,0.025563913679329447,0.024188225257427035,0.048705124878301795,0.05223950341833345,0.0657515716848336,0.03805286110716973,0.029521950703436814,0.012889025760847819,0.0,0.0,0.023772905406097125,0.007188062253292512,0.01565915640321089,0.0,0.016192526980212046,0.018737423184410393,0.051355093625112855,0.2901643752810128,0.0459173817859491,0.06982863873248563
2022-01-12,0.026065708629355387,0.028494454811666715,0.022944061284674428,0.06041156668218699,0.02635646845065338,0.025563913679329447,0.024188225257427035,0.048705124878301795,0.05223950341833345,0.0657515716848336,0.03805286110716973,0.029521950703436814,0.012889025760847819,0.0,0.0,0.023772905406097125,0.007188062253292512,0.01565915640321089,0.0,0.016192526980212046,0.018737423184410393,0.051355093625112855,0.2901643752810128,0.0459173817859491,0.06982863873248563
2022-01-13,0.026065708629355387,0.028494454811666715,0.022944061284674428,0.06041156668218699,0.02635646845065338,0.025563913679329447,0.024188225257427035,0.048705124878301795,0.05223950341833345,0.0657515716848336,0.03805286110716973,0.029521950703436814,0.012889025760847819,0.0,0.0,0.023772905406097125,0.007188062253292512,0.01565915640321089,0.0,0.016192526980212046,0.018737423184410393,0.051355093625112855,0.2901643752810128,0.0459173817859491,0.06982863873248563
2022-01-14,0.026065708629355387,0.028494454811666715,0.022944061284674428,0.06041156668218699,0.02635646845065338,0.025563913679329447,0.024188225257427035,0.048705124878301795,0.05223950341833345,0.0657515716848336,0.03805286110716973,0.029521950703436814,0.012889025760847819,0.0,0.0,0.023772905406097125,0.007188062253292512,0.01565915640321089,0.0,0.016192526980212046,0.018737423184410393,0.051355093625112855,0.2901643752810128,0.0459173817859491,0.06982863873248563
2022-01-17,0.026065708629355387,0.028494454811666715,0.022944061284674428,0.06041156668218699,0.02635646845065338,0.025563913679329447,0.024188225257427035,0.048705124878301795,0.05223950341833345,0.0657515716848336,0.03805286110716973,0.029521950703436814,0.012889025760847819,0.0,0.0,0.023772905406097125,0.007188062253292512,0.01565915640321089,0.0,0.016192526980212046,0.018737423184410393,0.051355093625112855,0.2901643752810128,0.0459173817859491,0.06982863873248563
2022-01-18,0.026065708629355387,0.028494454811666715,0.022944061284674428,0.06041156668218699,0.02635646845065338,0.025563913679329447,0.024188225257427035,0.048705124878301795,0.05223950341833345,0.0657515716848336,0.03805286110716973,0.029521950703436814,0.012889025760847819,0.0,0.0,0.023772905406097125,0.007188062253292512,0.01565915640321089,0.0,0.016192526980212046,0.018737423184410393,0.051355093625112855,0.2901643752810128,0.0459173817859491,0.06982863873248563
2022-01-19,0.026065708629355387,0.028494454811666715,0.022944061284674428,0.06041156668218699,0.02635646845065338,0.025563913679329447,0.024188225257427035,0.048705124878301795,0.05223950341833345,0.0657515716848336,0.03805286110716973,0.029521950703436814,0.012889025760847819,0.0,0.0,0.023772905406097125,0.007188062253292512,0.01565915640321089,0.0,0.016192526980212046,0.018737423184410393,0.051355093625112855,0.2901643752810128,0.0459173817859491,0.06982863873248563
2022-01-20,0.026065708629355387,0.028494454811666715,0.022944061284674428,0.06041156668218699,0.02635646845065338,0.025563913679329447,0.024188225257427035,0.048705124878301795,0.05223950341833345,0.0657515716848336,0.03805286110716973,0.029521950703436814,0.012889025760847819,0.0,0.0,0.023772905406097125,0.007188062253292512,0.01565915640321089,0.0,0.016192526980212046,0.018737423184410393,0.051355093625112855,0.2901643752810128,0.0459173817859491,0.06982863873248563
2022-01-21,0.026065708629355387,0.028494454811666715,0.022944061284674428,0.06041156668218699,0.02635646845065338,0.025563913679329447,0.024188225257427035,0.048705124878301795,0.05223950341833345,0.0657515716848336,0.03805286110716973,0.029521950703436814,0.012889025760847819,0.0,0.0,0.023772905406097125,0.007188062253292512,0.01565915640321089,0.0,0.016192526980212046,0.018737423184410393,0.051355093625112855,0.2901643752810128,0.0459173817859491,0.06982863873248563
2022-01-24,0.026065708629355387,0.028494454811666715,0.022944061284674428,0.06041156668218699,0.02635646845065338,0.025563913679329447,0.024188225257427035,0.048705124878301795,0.05223950341833345,0.0657515716848336,0.03805286110716973,0.029521950703436814,0.012889025760847819,0.0,0.0,0.023772905406097125,0.007188062253292512,0.01565915640321089,0.0,0.016192526980212046,0.018737423184410393,0.051355093625112855,0.2901643752810128,0.0459173817859491,0.06982863873248563
2022-01-25,0.026065708629355387,0.028494454811666715,0.022944061284674428,0.06041156668218699,0.02635646845065338,0.025563913679329447,0.024188225257427035,0.048705124878301795,0.05223950341833345,0.0657515716848336,0.03805286110716973,0.029521950703436814,0.012889025760847819,0.0,0.0,0.023772905406097125,0.007188062253292512,0.01565915640321089,0.0,0.016192526980212046,0.018737423184410393,0.051355093625112855,0.2901643752810128,0.0459173817859491,0.06982863873248563
2022-01-26,0.026065708629355387,0.028494454811666715,0.022944061284674428,0.06041156668218699,0.02635646845065338,0.025563913679329447,0.024188225257427035,0.048705124878301795,0.05223950341833345,0.0657515716848336,0.03805286110716973,0.0,0.0,0.0,0.0,0.023772905406097125,0.007188062253292512,0.01565915640321089,0.0,0.016192526980212046,0.018737423184410393,0.051355093625112855,0.2901643752810128,0.0459173817859491,0.06982863873248563
2022-01-27,0.026065708629355387,0.028494454811666715,0.022944061284674428,0.06041156668218699,0.02635646845065338,0.025563913679329447,0.024188225257427035,0.048705124878301795,0.05223950341833345,0.0657515716848336,0.03805286110716973,0.0,0.0,0.0,0.0,0.023772905406097125,0.007188062253292512,0.01565915640321089,0.0,0.016192526980212046,0.018737423184410393,0.051355093625112855,0.2901643752810128,0.0459173817859491,0.06982863873248563
2022-01-28,0.026065708629355387,0.028494454811666715,0.022944061284674428,0.06041156668218699,0.02635646845065338,0.025563913679329447,0.024188225257427035,0.048705124878301795,0.05223950341833345,0.0657515716848336,0.03805286110716973,0.0,0.0,0.0,0.0,0.023772905406097125,0.007188062253292512,0.01565915640321089,0.0,0.016192526980212046,0.018737423184410393,0.051355093625112855,0.2901643752810128,0.0459173817859491,0.06982863873248563
2022-01-31,0.026065708629355387,0.028494454811666715,0.022944061284674428,0.06041156668218699,0.02635646845065338,0.025563913679329447,0.024188225257427035,0.048705124878301795,0.05223950341833345,0.0657515716848336,0.03805286110716973,0.0,0.0,0.0,0.0,0.023772905406097125,0.007188062253292512,0.01565915640321089,0.0,0.016192526980212046,0.018737423184410393,0.051355093625112855,0.2901643752810128,0.0459173817859491,0.06982863873248563
2022-02-01,0.0357592721782445,0.03646203316543273,0.035520666169270555,0.03501668013211944,0.042812158129734754,0.04307008040216274,0.039154616734608995,0.05744469856628703,0.04866398804778506,0.089026119015055,0.04373144545279811,0.0,0.0,0.0,0.0,0.0,0.021480228946442758,0.01944672163879213,0.0,0.019772065821997514,0.035459543245625585,0.09146531998457318,0.0,0.08974375270466642,0.1543512226173214
2022-02-02,0.0357592721782445,0.03646203316543273,0.035520666169270555,0.03501668013211944,0.042812158129734754,0.04307008040216274,0.039154616734608995,0.05744469856628703,0.04866398804778506,0.089026119015055,0.04373144545279811,0.0,0.0,0.0,0.0,0.0,0.021480228946442758,0.01944672163879213,0.0,0.019772065821997514,0.035459543245625585,0.09146531998457318,0.0,0.08974375270466642,0.1543512226173214
2022-02-03,0.0357592721782445,0.03646203316543273,0.035520666169270555,0.03501668013211944,0.042812158129734754,0.04307008040216274,0.039154616734608995,0.05744469856628703,0.04866398804778506,0.089026119015055,0.04373144545279811,0.0,0.0,0.0,0.0,0.0,0.021480228946442758,0.01944672163879213,0.0,0.019772065821997514,0.035459543245625585,0.09146531998457318,0.0,0.08974375270466642,0.1543512226173214
2022-02-04,0.0357592721782445,0.03646203316543273,0.035520666169270555,0.03501668013211944,0.042812158129734754,0.04307008040216274,0.039154616734608995,0.05744469856628703,0.04866398804778506,0.089026119015055,0.04373144545279811,0.0,0.0,0.0,0.0,0.0,0.021480228946442758,0.01944672163879213,0.0,0.019772065821997514,0.035459543245625585,0.09146531998457318,0.0,0.08974375270466642,0.1543512226173214
2022-02-07,0.0357592721782445,0.03646203316543273,0.035520666169270555,0.03501668013211944,0.042812158129734754,0.04307008040216274,0.039154616734608995,0.05744469856628703,0.04866398804778506,0.089026119015055,0.04373144545279811,0.0,0.0,0.0,0.0,0.0,0.021480228946442758,0.01944672163879213,0.0,0.019772065821997514,0.035459543245625585,0.09146531998457318,0.0,0.08974375270466642,0.1543512226173214
2022-02-08,0.0357592721782445,0.03646203316543273,0.035520666169270555,0.03501668013211944,0.042812158129734754,0.04307008040216274,0.039154616734608995,0.05744469856628703,0.04866398804778506,0.089026119015055,0.04373144545279811,0.0,0.0,0.0,0.0,0.0,0.021480228946442758,0.01944672163879213,0.0,0.019772065821997514,0.035459543245625585,0.09146531998457318,0.0,0.08974375270466642,0.1543512226173214
2022-02-09,0.0357592721782445,0.03646203316543273,0.035520666169270555,0.03501668013211944,0.042812158129734754,0.04307008040216274,0.039154616734608995,0.05744469856628703,0.04866398804778506,0.089026119015055,0.04373144545279811,0.0,0.0,0.0,0.0,0.0,0.021480228946442758,0.01944672163879213,0.0,0.019772065821997514,0.035459543245625585,0.09146531998457318,0.0,0.08974375270466642,0.1543512226173214
2022-02-10,0.0357592721782445,0.03646203316543273,0.035520666169270555,0.03501668013211944,0.042812158129734754,0.04307008040216274,0.039154616734608995,0.05744469856628703,0.04866398804778506,0.089026119015055,0.04373144545279811,0.0,0.0,0.0,0.0,0.0,0.021480228946442758,0.01944672163879213,0.0,0.019772065821997514,0.035459543245625585,0.09146531998457318,0.0,0.08974375270466642,0.1543512226173214
2022-02-11,0.0357592721782445,0.03646203316543273,0.035520666169270555,0.03501668013211944,0.042812158129734754,0.04307008040216274,0.039154616734608995,0.05744469856628703,0.04866398804778506,0.089026119015055,0.04373144545279811,0.0,0.0,0.0,0.0,0.0,0.021480228946442758,0.01944672163879213,0.0,0.019772065821997514,0.035459543245625585,0.09146531998457318,0.0,0.08974375270466642,0.1543512226173214
2022-02-14,0.0357592721782445,0.03646203316543273,0.035520666169270555,0.03501668013211944,0.042812158129734754,0.04307008040216274,0.039154616734608995,0.05744469856628703,0.04866398804778506,0.089026119015055,0.04373144545279811,0.0,0.0,0.0,0.0,0.0,0.021480228946442758,0.01944672163879213,0.0,0.019772065821997514,0.035459543245625585,0.09146531998457318,0.0,0.08974375270466642,0.1543512226173214
2022-02-15,0.0357592721782445,0.03646203316543273,0.035520666169270555,0.03501668013211944,0.042812158129734754,0.04307008040216274,0.039154616734608995,0.05744469856628703,0.04866398804778506,0.089026119015055,0.04373144545279811,0.0,0.0,0.0,0.0,0.0,0.021480228946442758,0.01944672163879213,0.0,0.019772065821997514,0.035459543245625585,0.09146531998457318,0.0,0.08974375270466642,0.1543512226173214
2022-02-16,0.0357592721782445,0.03646203316543273,0.035520666169270555,0.03501668013211944,0.042812158129734754,0.04307008040216274,0.039154616734608995,0.05744469856628703,0.04866398804778506,0.089026119015055,0.04373144545279811,0.0,0.0,0.0,0.0,0.0,0.021480228946442758,0.01944672163879213,0.0,0.019772065821997514,0.035459543245625585,0.09146531998457318,0.0,0.08974375270466642,0.1543512226173214
2022-02-17,0.0357592721782445,0.03646203316543273,0.035520666169270555,0.03501668013211944,0.042812158129734754,0.04307008040216274,0.039154616734608995,0.05744469856628703,0.04866398804778506,0.089026119015055,0.04373144545279811,0.0,0.0,0.0,0.0,0.0,0.021480228946442758,0.01944672163879213,0.0,0.019772065821997514,0.035459543245625585,0.09146531998457318,0.0,0.08974375270466642,0.1543512226173214
2022-02-18,0.0357592721782445,0.03646203316543273,0.035520666169270555,0.03501668013211944,0.042812158129734754,0.04307008040216274,0.039154616734608995,0.05744469856628703,0.04866398804778506,0.089026119015055,0.04373144545279811,0.0,0.0,0.0,0.0,0.0,0.021480228946442758,0.01944672163879213,0.0,0.019772065821997514,0.035459543245625585,0.09146531998457318,0.0,0.08974375270466642,0.1543512226173214
2022-02-21,0.0357592721782445,0.03646203316543273,0.035520666169270555,0.03501668013211944,0.042812158129734754,0.04307008040216274,0.039154616734608995,0.05744469856628703,0.04866398804778506,0.089026119015055,0.04373144545279811,0.0,0.0,0.0,0.0,0.0,0.021480228946442758,0.01944672163879213,0.0,0.019772065821997514,0.035459543245625585,0.09146531998457318,0.0,0.08974375270466642,0.1543512226173214
2022-02-22,0.0357592721782445,0.03646203316543273,0.035520666169270555,0.03501668013211944,0.042812158129734754,0.04307008040216274,0.039154616734608995,0.05744469856628703,0.04866398804778506,0.089026119015055,0.04373144545279811,0.0,0.0,0.0,0.0,0.0,0.021480228946442758,0.01944672163879213,0.0,0.019772065821997514,0.035459543245625585,0.09146531998457318,0.0,0.08974375270466642,0.1543512226173214
2022-02-23,0.0357592721782445,0.03646203316543273,0.035520666169270555,0.03501668013211944,0.042812158129734754,0.04307008040216274,0.039154616734608995,0.05744469856628703,0.04866398804778506,0.089026119015055,0.04373144545279811,0.0,0.0,0.0,0.0,0.0,0.021480228946442758,0.01944672163879213,0.0,0.019772065821997514,0.035459543245625585,0.09146531998457318,0.0,0.08974375270466642,0.1543512226173214
2022-02-24,0.0357592721782445,0.03646203316543273,0.035520666169270555,0.03501668013211944,0.042812158129734754,0.04307008040216274,0.039154616734608995,0.05744469856628703,0.04866398804778506,0.089026119015055,0.04373144545279811,0.0,0.0,0.0,0.0,0.0,0.021480228946442758,0.01944672163879213,0.0,0.019772065821997514,0.035459543245625585,0.09146531998457318,0.0,0.08974375270466642,0.1543512226173214
2022-02-25,0.0357592721782445,0.03646203316543273,0.035520666169270555,0.03501668013211944,0.042812158129734754,0.04307008040216274,0.039154616734608995,0.05744469856628703,0.04866398804778506,0.089026119015055,0.04373144545279811,0.0,0.0,0.0,0.0,0.0,0.021480228946442758,0.01944672163879213,0.0,0.019772065821997514,0.035459543245625585,0.09146531998457318,0.0,0.08974375270466642,0.1543512226173214
2022-02-28,0.0357592721782445,0.03646203316543273,0.035520666169270555,0.03501668013211944,0.042812158129734754,0.04307008040216274,0.039154616734608995,0.05744469856628703,0.04866398804778506,0.089026119015055,0.04373144545279811,0.0,0.0,0.0,0.0,0.0,0.021480228946442758,0.01944672163879213,0.0,0.019772065821997514,0.035459543245625585,0.09146531998457318,0.0,0.08974375270466642,0.1543512226173214
2022-03-01,0.0357592721782445,0.03646203316543273,0.035520666169270555,0.03501668013211944,0.042812158129734754,0.04307008040216274,0.039154616734608995,0.05744469856628703,0.04866398804778506,0.089026119015055,0.04373144545279811,0.0,0.0,0.0,0.0,0.0,0.021480228946442758,0.01944672163879213,0.0,0.019772065821997514,0.035459543245625585,0.09146531998457318,0.0,0.08974375270466642,0.1543512226173214
2022-03-02,0.0357592721782445,0.03646203316543273,0.035520666169270555,0.03501668013211944,0.042812158129734754,0.04307008040216274,0.039154616734608995,0.05744469856628703,0.04866398804778506,0.089026119015055,0.04373144545279811,0.0,0.0,0.0,0.0,0.0,0.021480228946442758,0.01944672163879213,0.0,0.019772065821997514,0.035459543245625585,0.09146531998457318,0.0,0.08974375270466642,0.1543512226173214
2022-03-03,0.0357592721782445,0.03646203316543273,0.035520666169270555,0.03501668013211944,0.042812158129734754,0.04307008040216274,0.039154616734608995,0.05744469856628703,0.04866398804778506,0.089026119015055,0.04373144545279811,0.0,0.0,0.0,0.0,0.0,0.021480228946442758,0.01944672163879213,0.0,0.019772065821997514,0.035459543245625585,0.09146531998457318,0.0,0.08974375270466642,0.1543512226173214
2022-03-04,0.0357592721782445,0.03646203316543273,0.035520666169270555,0.03501668013211944,0.042812158129734754,0.04307008040216274,0.039154616734608995,0.05744469856628703,0.04866398804778506,0.089026119015055,0.04373144545279811,0.0,0.0,0.0,0.0,0.0,0.021480228946442758,0.01944672163879213,0.0,0.019772065821997514,0.035459543245625585,0.09146531998457318,0.0,0.08974375270466642,0.1543512226173214
2022-03-07,0.0357592721782445,0.03646203316543273,0.035520666169270555,0.03501668013211944,0.042812158129734754,0.04307008040216274,0.039154616734608995,0.05744469856628703,0.04866398804778506,0.089026119015055,0.04373144545279811,0.0,0.0,0.0,0.0,0.0,0.021480228946442758,0.01944672163879213,0.0,0.019772065821997514,0.035459543245625585,0.09146531998457318,0.0,0.08974375270466642,0.1543512226173214
2022-03-08,0.0357592721782445,0.03646203316543273,0.035520666169270555,0.03501668013211944,0.042812158129734754,0.04307008040216274,0.039154616734608995,0.05744469856628703,0.04866398804778506,0.089026119015055,0.04373144545279811,0.0,0.0,0.0,0.0,0.0,0.021480228946442758,0.01944672163879213,0.0,0.019772065821997514,0.035459543245625585,0.09146531998457318,0.0,0.08974375270466642,0.1543512226173214
2022-03-09,0.0357592721782445,0.03646203316543273,0.035520666169270555,0.03501668013211944,0.042812158129734754,0.04307008040216274,0.039154616734608995,0.05744469856628703,0.04866398804778506,0.089026119015055,0.04373144545279811,0.0,0.0,0.0,0.0,0.0,0.021480228946442758,0.01944672163879213,0.0,0.019772065821997514,0.035459543245625585,0.09146531998457318,0.0,0.08974375270466642,0.1543512226173214
2022-03-10,0.0357592721782445,0.03646203316543273,0.035520666169270555,0.03501668013211944,0.042812158129734754,0.04307008040216274,0.039154616734608995,0.05744469856628703,0.04866398804778506,0.089026119015055,0.04373144545279811,0.0,0.0,0.0,0.0,0.0,0.021480228946442758,0.01944672163879213,0.0,0.019772065821997514,0.035459543245625585,0.09146531998457318,0.0,0.08974375270466642,0.1543512226173214
2022-03-11,0.0357592721782445,0.03646203316543273,0.035520666169270555,0.03501668013211944,0.042812158129734754,0.04307008040216274,0.039154616734608995,0.05744469856628703,0.04866398804778506,0.089026119015055,0.04373144545279811,0.0,0.0,0.0,0.0,0.0,0.021480228946442758,0.01944672163879213,0.0,0.019772065821997514,0.035459543245625585,0.09146531998457318,0.0,0.08974375270466642,0.1543512226173214
2022-03-14,0.0357592721782445,0.03646203316543273,0.035520666169270555,0.03501668013211944,0.042812158129734754,0.04307008040216274,0.039154616734608995,0.05744469856628703,0.04866398804778506,0.089026119015055,0.04373144545279811,0.0,0.0,0.0,0.0,0.0,0.021480228946442758,0.01944672163879213,0.0,0.019772065821997514,0.035459543245625585,0.09146531998457318,0.0,0.08974375270466642,0.1543512226173214
2022-03-15,0.0357592721782445,0.03646203316543273,0.035520666169270555,0.03501668013211944,0.042812158129734754,0.04307008040216274,0.039154616734608995,0.05744469856628703,0.04866398804778506,0.089026119015055,0.04373144545279811,0.0,0.0,0.0,0.0,0.0,0.021480228946442758,0.01944672163879213,0.0,0.019772065821997514,0.035459543245625585,0.09146531998457318,0.0,0.08974375270466642,0.1543512226173214
2022-03-16,0.0357592721782445,0.03646203316543273,0.035520666169270555,0.03501668013211944,0.042812158129734754,0.04307008040216274,0.039154616734608995,0.05744469856628703,0.04866398804778506,0.089026119015055,0.04373144545279811,0.0,0.0,0.0,0.0,0.0,0.021480228946442758,0.01944672163879213,0.0,0.019772065821997514,0.035459543245625585,0.09146531998457318,0.0,0.08974375270466642,0.1543512226173214
2022-03-17,0.0357592721782445,0.03646203316543273,0.035520666169270555,0.03501668013211944,0.042812158129734754,0.04307008040216274,0.039154616734608995,0.05744469856628703,0.04866398804778506,0.089026119015055,0.04373144545279811,0.0,0.0,0.0,0.0,0.0,0.021480228946442758,0.01944672163879213,0.0,0.019772065821997514,0.035459543245625585,0.09146531998457318,0.0,0.08974375270466642,0.1543512226173214
2022-03-18,0.0357592721782445,0.03646203316543273,0.035520666169270555,0.03501668013211944,0.042812158129734754,0.04307008040216274,0.039154616734608995,0.05744469856628703,0.04866398804778506,0.089026119015055,0.04373144545279811,0.0,0.0,0.0,0.0,0.0,0.021480228946442758,0.01944672163879213,0.0,0.019772065821997514,0.035459543245625585,0.09146531998457318,0.0,0.08974375270466642,0.1543512226173214
2022-03-21,0.0357592721782445,0.03646203316543273,0.035520666169270555,0.03501668013211944,0.042812158129734754,0.04307008040216274,0.039154616734608995,0.05744469856628703,0.04866398804778506,0.089026119015055,0.04373144545279811,0.0,0.0,0.0,0.0,0.0,0.021480228946442758,0.01944672163879213,0.0,0.019772065821997514,0.035459543245625585,0.09146531998457318,0.0,0.08974375270466642,0.1543512226173214
2022-03-22,0.0357592721782445,0.03646203316543273,0.035520666169270555,0.03501668013211944,0.042812158129734754,0.04307008040216274,0.039154616734608995,0.05744469856628703,0.04866398804778506,0.089026119015055,0.04373144545279811,0.0,0.0,0.0,0.0,0.0,0.021480228946442758,0.01944672163879213,0.0,0.019772065821997514,0.035459543245625585,0.09146531998457318,0.0,0.08974375270466642,0.1543512226173214
2022-03-23,0.0357592721782445,0.03646203316543273,0.035520666169270555,0.03501668013211944,0.042812158129734754,0.04307008040216274,0.039154616734608995,0.05744469856628703,0.04866398804778506,0.089026119015055,0.04373144545279811,0.0,0.0,0.0,0.0,0.0,0.021480228946442758,0.01944672163879213,0.0,0.019772065821997514,0.035459543245625585,0.09146531998457318,0.0,0.08974375270466642,0.1543512226173214
2022-03-24,0.0357592721782445,0.03646203316543273,0.035520666169270555,0.03501668013211944,0.042812158129734754,0.04307008040216274,0.039154616734608995,0.05744469856628703,0.04866398804778506,0.089026119015055,0.04373144545279811,0.0,0.0,0.0,0.0,0.0,0.021480228946442758,0.01944672163879213,0.0,0.019772065821997514,0.035459543245625585,0.09146531998457318,0.0,0.08974375270466642,0.1543512226173214
2022-03-25,0.0357592721782445,0.03646203316543273,0.035520666169270555,0.03501668013211944,0.042812158129734754,0.04307008040216274,0.039154616734608995,0.05744469856628703,0.04866398804778506,0.089026119015055,0.04373144545279811,0.0,0.0,0.0,0.0,0.0,0.021480228946442758,0.01944672163879213,0.0,0.019772065821997514,0.035459543245625585,0.09146531998457318,0.0,0.08974375270466642,0.1543512226173214
2022-03-28,0.0357592721782445,0.03646203316543273,0.035520666169270555,0.03501668013211944,0.042812158129734754,0.04307008040216274,0.039154616734608995,0.05744469856628703,0.04866398804778506,0.089026119015055,0.04373144545279811,0.0,0.0,0.0,0.0,0.0,0.021480228946442758,0.01944672163879213,0.0,0.019772065821997514,0.035459543245625585,0.09146531998457318,0.0,0.08974375270466642,0.1543512226173214
2022-03-29,0.0357592721782445,0.03646203316543273,0.035520666169270555,0.03501668013211944,0.042812158129734754,0.04307008040216274,0.039154616734608995,0.05744469856628703,0.04866398804778506,0.089026119015055,0.04373144545279811,0.0,0.0,0.0,0.0,0.0,0.021480228946442758,0.01944672163879213,0.0,0.019772065821997514,0.035459543245625585,0.09146531998457318,0.0,0.08974375270466642,0.1543512226173214
2022-03-30,0.0357592721782445,0.03646203316543273,0.035520666169270555,0.03501668013211944,0.042812158129734754,0.04307008040216274,0.039154616734608995,0.05744469856628703,0.04866398804778506,0.089026119015055,0.04373144545279811,0.0,0.0,0.0,0.0,0.0,0.021480228946442758,0.01944672163879213,0.0,0.019772065821997514,0.035459543245625585,0.09146531998457318,0.0,0.08974375270466642,0.1543512226173214
2022-03-31,0.0357592721782445,0.03646203316543273,0.035520666169270555,0.03501668013211944,0.042812158129734754,0.04307008040216274,0.039154616734608995,0.05744469856628703,0.04866398804778506,0.089026119015055,0.04373144545279811,0.0,0.0,0.0,0.0,0.0,0.021480228946442758,0.01944672163879213,0.0,0.019772065821997514,0.035459543245625585,0.09146531998457318,0.0,0.08974375270466642,0.1543512226173214
2022-04-01,0.0357592721782445,0.03646203316543273,0.035520666169270555,0.03501668013211944,0.042812158129734754,0.04307008040216274,0.039154616734608995,0.05744469856628703,0.04866398804778506,0.089026119015055,0.04373144545279811,0.0,0.0,0.0,0.0,0.0,0.021480228946442758,0.01944672163879213,0.0,0.019772065821997514,0.035459543245625585,0.09146531998457318,0.0,0.08974375270466642,0.1543512226173214
2022-04-04,0.0357592721782445,0.03646203316543273,0.035520666169270555,0.03501668013211944,0.042812158129734754,0.04307008040216274,0.039154616734608995,0.05744469856628703,0.04866398804778506,0.089026119015055,0.04373144545279811,0.0,0.0,0.0,0.0,0.0,0.021480228946442758,0.01944672163879213,0.0,0.019772065821997514,0.035459543245625585,0.09146531998457318,0.0,0.08974375270466642,0.1543512226173214
2022-04-05,0.0357592721782445,0.03646203316543273,0.035520666169270555,0.03501668013211944,0.042812158129734754,0.04307008040216274,0.039154616734608995,0.05744469856628703,0.04866398804778506,0.089026119015055,0.04373144545279811,0.0,0.0,0.0,0.0,0.0,0.021480228946442758,0.01944672163879213,0.0,0.019772065821997514,0.035459543245625585,0.09146531998457318,0.0,0.08974375270466642,0.1543512226173214
2022-04-06,0.0357592721782445,0.03646203316543273,0.035520666169270555,0.03501668013211944,0.042812158129734754,0.04307008040216274,0.039154616734608995,0.05744469856628703,0.04866398804778506,0.089026119015055,0.04373144545279811,0.0,0.0,0.0,0.0,0.0,0.021480228946442758,0.01944672163879213,0.0,0.019772065821997514,0.035459543245625585,0.09146531998457318,0.0,0.08974375270466642,0.1543512226173214
2022-04-07,0.0357592721782445,0.03646203316543273,0.035520666169270555,0.03501668013211944,0.042812158129734754,0.04307008040216274,0.039154616734608995,0.05744469856628703,0.04866398804778506,0.089026119015055,0.04373144545279811,0.0,0.0,0.0,0.0,0.0,0.021480228946442758,0.01944672163879213,0.0,0.019772065821997514,0.035459543245625585,0.09146531998457318,0.0,0.08974375270466642,0.1543512226173214
2022-04-08,0.0357592721782445,0.03646203316543273,0.035520666169270555,0.03501668013211944,0.042812158129734754,0.04307008040216274,0.039154616734608995,0.05744469856628703,0.04866398804778506,0.089026119015055,0.04373144545279811,0.0,0.0,0.0,0.0,0.0,0.021480228946442758,0.01944672163879213,0.0,0.019772065821997514,0.035459543245625585,0.09146531998457318,0.0,0.08974375270466642,0.1543512226173214
2022-04-11,0.0357592721782445,0.03646203316543273,0.035520666169270555,0.03501668013211944,0.042812158129734754,0.04307008040216274,0.039154616734608995,0.05744469856628703,0.04866398804778506,0.089026119015055,0.04373144545279811,0.0,0.0,0.0,0.0,0.0,0.021480228946442758,0.01944672163879213,0.0,0.019772065821997514,0.035459543245625585,0.09146531998457318,0.0,0.08974375270466642,0.1543512226173214
2022-04-12,0.0357592721782445,0.03646203316543273,0.035520666169270555,0.03501668013211944,0.042812158129734754,0.04307008040216274,0.039154616734608995,0.05744469856628703,0.04866398804778506,0.089026119015055,0.04373144545279811,0.0,0.0,0.0,0.0,0.0,0.021480228946442758,0.01944672163879213,0.0,0.019772065821997514,0.0,0.09146531998457318,0.0,0.08974375270466642,0.1543512226173214
2022-04-13,0.0357592721782445,0.03646203316543273,0.035520666169270555,0.03501668013211944,0.042812158129734754,0.04307008040216274,0.039154616734608995,0.05744469856628703,0.04866398804778506,0.089026119015055,0.04373144545279811,0.0,0.0,0.0,0.0,0.0,0.021480228946442758,0.01944672163879213,0.0,0.019772065821997514,0.0,0.09146531998457318,0.0,0.08974375270466642,0.1543512226173214
2022-04-14,0.0357592721782445,0.03646203316543273,0.035520666169270555,0.03501668013211944,0.042812158129734754,0.04307008040216274,0.039154616734608995,0.05744469856628703,0.04866398804778506,0.089026119015055,0.04373144545279811,0.0,0.0,0.0,0.0,0.0,0.021480228946442758,0.01944672163879213,0.0,0.019772065821997514,0.0,0.09146531998457318,0.0,0.08974375270466642,0.1543512226173214
2022-04-15,0.0357592721782445,0.03646203316543273,0.035520666169270555,0.03501668013211944,0.042812158129734754,0.04307008040216274,0.039154616734608995,0.05744469856628703,0.04866398804778506,0.089026119015055,0.04373144545279811,0.0,0.0,0.0,0.0,0.0,0.021480228946442758,0.01944672163879213,0.0,0.019772065821997514,0.0,0.09146531998457318,0.0,0.08974375270466642,0.1543512226173214
2022-04-18,0.0357592721782445,0.03646203316543273,0.035520666169270555,0.03501668013211944,0.042812158129734754,0.04307008040216274,0.039154616734608995,0.05744469856628703,0.04866398804778506,0.089026119015055,0.04373144545279811,0.0,0.0,0.0,0.0,0.0,0.021480228946442758,0.01944672163879213,0.0,0.019772065821997514,0.0,0.09146531998457318,0.0,0.08974375270466642,0.1543512226173214
2022-04-19,0.0357592721782445,0.03646203316543273,0.035520666169270555,0.03501668013211944,0.042812158129734754,0.04307008040216274,0.039154616734608995,0.05744469856628703,0.04866398804778506,0.089026119015055,0.04373144545279811,0.0,0.0,0.0,0.0,0.0,0.021480228946442758,0.01944672163879213,0.0,0.019772065821997514,0.0,0.09146531998457318,0.0,0.08974375270466642,0.1543512226173214
2022-04-20,0.0357592721782445,0.03646203316543273,0.035520666169270555,0.03501668013211944,0.042812158129734754,0.04307008040216274,0.039154616734608995,0.05744469856628703,0.04866398804778506,0.089026119015055,0.04373144545279811,0.0,0.0,0.0,0.0,0.0,0.021480228946442758,0.01944672163879213,0.0,0.019772065821997514,0.0,0.09146531998457318,0.0,0.08974375270466642,0.1543512226173214
2022-04-21,0.0357592721782445,0.03646203316543273,0.035520666169270555,0.03501668013211944,0.042812158129734754,0.04307008040216274,0.039154616734608995,0.05744469856628703,0.04866398804778506,0.089026119015055,0.04373144545279811,0.0,0.0,0.0,0.0,0.0,0.021480228946442758,0.01944672163879213,0.0,0.019772065821997514,0.0,0.09146531998457318,0.0,0.08974375270466642,0.1543512226173214
2022-04-22,0.0357592721782445,0.03646203316543273,0.035520666169270555,0.03501668013211944,0.042812158129734754,0.04307008040216274,0.039154616734608995,0.05744469856628703,0.04866398804778506,0.089026119015055,0.04373144545279811,0.0,0.0,0.0,0.0,0.0,0.021480228946442758,0.01944672163879213,0.0,0.019772065821997514,0.0,0.09146531998457318,0.0,0.08974375270466642,0.1543512226173214
2022-04-25,0.0357592721782445,0.03646203316543273,0.035520666169270555,0.03501668013211944,0.042812158129734754,0.04307008040216274,0.039154616734608995,0.05744469856628703,0.04866398804778506,0.089026119015055,0.04373144545279811,0.0,0.0,0.0,0.0,0.0,0.021480228946442758,0.01944672163879213,0.0,0.019772065821997514,0.0,0.09146531998457318,0.0,0.08974375270466642,0.1543512226173214
2022-04-26,0.0357592721782445,0.03646203316543273,0.035520666169270555,0.03501668013211944,0.042812158129734754,0.04307008040216274,0.0,0.05744469856628703,0.04866398804778506,0.089026119015055,0.04373144545279811,0.0,0.0,0.0,0.0,0.0,0.021480228946442758,0.0,0.0,0.0,0.0,0.09146531998457318,0.0,0.08974375270466642,0.1543512226173214
2022-04-27,0.0357592721782445,0.03646203316543273,0.035520666169270555,0.03501668013211944,0.042812158129734754,0.04307008040216274,0.0,0.05744469856628703,0.04866398804778506,0.089026119015055,0.04373144545279811,0.0,0.0,0.0,0.0,0.0,0.021480228946442758,0.0,0.0,0.0,0.0,0.09146531998457318,0.0,0.08974375270466642,0.1543512226173214
2022-04-28,0.0357592721782445,0.03646203316543273,0.035520666169270555,0.03501668013211944,0.042812158129734754,0.0,0.0,0.05744469856628703,0.04866398804778506,0.089026119015055,0.04373144545279811,0.0,0.0,0.0,0.0,0.0,0.021480228946442758,0.0,0.0,0.0,0.0,0.09146531998457318,0.0,0.08974375270466642,0.1543512226173214
2022-04-29,0.0357592721782445,0.03646203316543273,0.035520666169270555,0.03501668013211944,0.042812158129734754,0.0,0.0,0.05744469856628703,0.04866398804778506,0.089026119015055,0.04373144545279811,0.0,0.0,0.0,0.0,0.0,0.021480228946442758,0.0,0.0,0.0,0.0,0.09146531998457318,0.0,0.08974375270466642,0.1543512226173214
2022-05-02,0.0,0.0,0.0,0.09367239342151655,0.11791491479406335,0.0,0.0,0.11535225506473805,0.15007026716725677,0.17864229088891895,0.07736539161074636,0.0,0.0,0.0,0.0,0.11799854530874668,0.04850425409146093,0.0,0.0,0.0,0.0,0.0,0.0,0.0,0.0
2022-05-03,0.0,0.0,0.0,0.09367239342151655,0.11791491479406335,0.0,0.0,0.11535225506473805,0.15007026716725677,0.17864229088891895,0.07736539161074636,0.0,0.0,0.0,0.0,0.11799854530874668,0.04850425409146093,0.0,0.0,0.0,0.0,0.0,0.0,0.0,0.0
2022-05-04,0.0,0.0,0.0,0.09367239342151655,0.11791491479406335,0.0,0.0,0.11535225506473805,0.15007026716725677,0.17864229088891895,0.07736539161074636,0.0,0.0,0.0,0.0,0.11799854530874668,0.04850425409146093,0.0,0.0,0.0,0.0,0.0,0.0,0.0,0.0
2022-05-05,0.0,0.0,0.0,0.09367239342151655,0.11791491479406335,0.0,0.0,0.11535225506473805,0.15007026716725677,0.17864229088891895,0.07736539161074636,0.0,0.0,0.0,0.0,0.11799854530874668,0.04850425409146093,0.0,0.0,0.0,0.0,0.0,0.0,0.0,0.0
2022-05-06,0.0,0.0,0.0,0.09367239342151655,0.11791491479406335,0.0,0.0,0.11535225506473805,0.15007026716725677,0.17864229088891895,0.07736539161074636,0.0,0.0,0.0,0.0,0.11799854530874668,0.04850425409146093,0.0,0.0,0.0,0.0,0.0,0.0,0.0,0.0
2022-05-09,0.0,0.0,0.0,0.09367239342151655,0.11791491479406335,0.0,0.0,0.11535225506473805,0.15007026716725677,0.17864229088891895,0.07736539161074636,0.0,0.0,0.0,0.0,0.11799854530874668,0.04850425409146093,0.0,0.0,0.0,0.0,0.0,0.0,0.0,0.0
2022-05-10,0.0,0.0,0.0,0.09367239342151655,0.11791491479406335,0.0,0.0,0.11535225506473805,0.15007026716725677,0.17864229088891895,0.07736539161074636,0.0,0.0,0.0,0.0,0.11799854530874668,0.04850425409146093,0.0,0.0,0.0,0.0,0.0,0.0,0.0,0.0
2022-05-11,0.0,0.0,0.0,0.09367239342151655,0.11791491479406335,0.0,0.0,0.11535225506473805,0.15007026716725677,0.17864229088891895,0.07736539161074636,0.0,0.0,0.0,0.0,0.11799854530874668,0.04850425409146093,0.0,0.0,0.0,0.0,0.0,0.0,0.0,0.0
2022-05-12,0.0,0.0,0.0,0.09367239342151655,0.11791491479406335,0.0,0.0,0.11535225506473805,0.15007026716725677,0.17864229088891895,0.07736539161074636,0.0,0.0,0.0,0.0,0.11799854530874668,0.04850425409146093,0.0,0.0,0.0,0.0,0.0,0.0,0.0,0.0
2022-05-13,0.0,0.0,0.0,0.09367239342151655,0.11791491479406335,0.0,0.0,0.11535225506473805,0.15007026716725677,0.17864229088891895,0.07736539161074636,0.0,0.0,0.0,0.0,0.11799854530874668,0.04850425409146093,0.0,0.0,0.0,0.0,0.0,0.0,0.0,0.0
2022-05-16,0.0,0.0,0.0,0.09367239342151655,0.11791491479406335,0.0,0.0,0.11535225506473805,0.15007026716725677,0.17864229088891895,0.07736539161074636,0.0,0.0,0.0,0.0,0.11799854530874668,0.04850425409146093,0.0,0.0,0.0,0.0,0.0,0.0,0.0,0.0
2022-05-17,0.0,0.0,0.0,0.09367239342151655,0.11791491479406335,0.0,0.0,0.11535225506473805,0.15007026716725677,0.17864229088891895,0.07736539161074636,0.0,0.0,0.0,0.0,0.11799854530874668,0.04850425409146093,0.0,0.0,0.0,0.0,0.0,0.0,0.0,0.0
2022-05-18,0.0,0.0,0.0,0.09367239342151655,0.11791491479406335,0.0,0.0,0.11535225506473805,0.15007026716725677,0.17864229088891895,0.07736539161074636,0.0,0.0,0.0,0.0,0.11799854530874668,0.04850425409146093,0.0,0.0,0.0,0.0,0.0,0.0,0.0,0.0
2022-05-19,0.0,0.0,0.0,0.09367239342151655,0.11791491479406335,0.0,0.0,0.11535225506473805,0.15007026716725677,0.17864229088891895,0.07736539161074636,0.0,0.0,0.0,0.0,0.11799854530874668,0.04850425409146093,0.0,0.0,0.0,0.0,0.0,0.0,0.0,0.0
2022-05-20,0.0,0.0,0.0,0.09367239342151655,0.11791491479406335,0.0,0.0,0.11535225506473805,0.15007026716725677,0.17864229088891895,0.07736539161074636,0.0,0.0,0.0,0.0,0.11799854530874668,0.04850425409146093,0.0,0.0,0.0,0.0,0.0,0.0,0.0,0.0
2022-05-23,0.0,0.0,0.0,0.09367239342151655,0.11791491479406335,0.0,0.0,0.11535225506473805,0.15007026716725677,0.17864229088891895,0.07736539161074636,0.0,0.0,0.0,0.0,0.11799854530874668,0.04850425409146093,0.0,0.0,0.0,0.0,0.0,0.0,0.0,0.0
2022-05-24,0.0,0.0,0.0,0.09367239342151655,0.11791491479406335,0.0,0.0,0.11535225506473805,0.15007026716725677,0.17864229088891895,0.07736539161074636,0.0,0.0,0.0,0.0,0.11799854530874668,0.04850425409146093,0.0,0.0,0.0,0.0,0.0,0.0,0.0,0.0
2022-05-25,0.0,0.0,0.0,0.09367239342151655,0.11791491479406335,0.0,0.0,0.11535225506473805,0.15007026716725677,0.17864229088891895,0.07736539161074636,0.0,0.0,0.0,0.0,0.11799854530874668,0.04850425409146093,0.0,0.0,0.0,0.0,0.0,0.0,0.0,0.0
2022-05-26,0.0,0.0,0.0,0.09367239342151655,0.11791491479406335,0.0,0.0,0.11535225506473805,0.15007026716725677,0.17864229088891895,0.07736539161074636,0.0,0.0,0.0,0.0,0.11799854530874668,0.04850425409146093,0.0,0.0,0.0,0.0,0.0,0.0,0.0,0.0
2022-05-27,0.0,0.0,0.0,0.09367239342151655,0.11791491479406335,0.0,0.0,0.11535225506473805,0.15007026716725677,0.17864229088891895,0.07736539161074636,0.0,0.0,0.0,0.0,0.11799854530874668,0.04850425409146093,0.0,0.0,0.0,0.0,0.0,0.0,0.0,0.0
2022-05-30,0.0,0.0,0.0,0.09367239342151655,0.11791491479406335,0.0,0.0,0.11535225506473805,0.15007026716725677,0.17864229088891895,0.07736539161074636,0.0,0.0,0.0,0.0,0.11799854530874668,0.04850425409146093,0.0,0.0,0.0,0.0,0.0,0.0,0.0,0.0
2022-05-31,0.0,0.0,0.0,0.09367239342151655,0.11791491479406335,0.0,0.0,0.11535225506473805,0.15007026716725677,0.17864229088891895,0.07736539161074636,0.0,0.0,0.0,0.0,0.11799854530874668,0.04850425409146093,0.0,0.0,0.0,0.0,0.0,0.0,0.0,0.0
2022-06-01,0.0,0.0,0.0,0.09367239342151655,0.11791491479406335,0.0,0.0,0.11535225506473805,0.15007026716725677,0.17864229088891895,0.07736539161074636,0.0,0.0,0.0,0.0,0.11799854530874668,0.04850425409146093,0.0,0.0,0.0,0.0,0.0,0.0,0.0,0.0
2022-06-02,0.0,0.0,0.0,0.09367239342151655,0.11791491479406335,0.0,0.0,0.11535225506473805,0.15007026716725677,0.17864229088891895,0.07736539161074636,0.0,0.0,0.0,0.0,0.11799854530874668,0.04850425409146093,0.0,0.0,0.0,0.0,0.0,0.0,0.0,0.0
2022-06-03,0.0,0.0,0.0,0.09367239342151655,0.11791491479406335,0.0,0.0,0.11535225506473805,0.15007026716725677,0.17864229088891895,0.07736539161074636,0.0,0.0,0.0,0.0,0.11799854530874668,0.04850425409146093,0.0,0.0,0.0,0.0,0.0,0.0,0.0,0.0
2022-06-06,0.0,0.0,0.0,0.09367239342151655,0.11791491479406335,0.0,0.0,0.11535225506473805,0.15007026716725677,0.17864229088891895,0.07736539161074636,0.0,0.0,0.0,0.0,0.11799854530874668,0.04850425409146093,0.0,0.0,0.0,0.0,0.0,0.0,0.0,0.0
2022-06-07,0.0,0.0,0.0,0.09367239342151655,0.11791491479406335,0.0,0.0,0.11535225506473805,0.15007026716725677,0.17864229088891895,0.07736539161074636,0.0,0.0,0.0,0.0,0.11799854530874668,0.04850425409146093,0.0,0.0,0.0,0.0,0.0,0.0,0.0,0.0
2022-06-08,0.0,0.0,0.0,0.09367239342151655,0.11791491479406335,0.0,0.0,0.11535225506473805,0.15007026716725677,0.17864229088891895,0.07736539161074636,0.0,0.0,0.0,0.0,0.11799854530874668,0.04850425409146093,0.0,0.0,0.0,0.0,0.0,0.0,0.0,0.0
2022-06-09,0.0,0.0,0.0,0.09367239342151655,0.11791491479406335,0.0,0.0,0.11535225506473805,0.15007026716725677,0.17864229088891895,0.07736539161074636,0.0,0.0,0.0,0.0,0.11799854530874668,0.04850425409146093,0.0,0.0,0.0,0.0,0.0,0.0,0.0,0.0
2022-06-10,0.0,0.0,0.0,0.09367239342151655,0.11791491479406335,0.0,0.0,0.11535225506473805,0.15007026716725677,0.17864229088891895,0.07736539161074636,0.0,0.0,0.0,0.0,0.11799854530874668,0.04850425409146093,0.0,0.0,0.0,0.0,0.0,0.0,0.0,0.0
2022-06-13,0.0,0.0,0.0,0.09367239342151655,0.11791491479406335,0.0,0.0,0.11535225506473805,0.15007026716725677,0.17864229088891895,0.07736539161074636,0.0,0.0,0.0,0.0,0.11799854530874668,0.04850425409146093,0.0,0.0,0.0,0.0,0.0,0.0,0.0,0.0
2022-06-14,0.0,0.0,0.0,0.09367239342151655,0.11791491479406335,0.0,0.0,0.11535225506473805,0.15007026716725677,0.17864229088891895,0.07736539161074636,0.0,0.0,0.0,0.0,0.11799854530874668,0.04850425409146093,0.0,0.0,0.0,0.0,0.0,0.0,0.0,0.0
2022-06-15,0.0,0.0,0.0,0.09367239342151655,0.11791491479406335,0.0,0.0,0.11535225506473805,0.15007026716725677,0.17864229088891895,0.07736539161074636,0.0,0.0,0.0,0.0,0.11799854530874668,0.04850425409146093,0.0,0.0,0.0,0.0,0.0,0.0,0.0,0.0
2022-06-16,0.0,0.0,0.0,0.09367239342151655,0.11791491479406335,0.0,0.0,0.11535225506473805,0.15007026716725677,0.17864229088891895,0.07736539161074636,0.0,0.0,0.0,0.0,0.11799854530874668,0.04850425409146093,0.0,0.0,0.0,0.0,0.0,0.0,0.0,0.0
2022-06-17,0.0,0.0,0.0,0.09367239342151655,0.11791491479406335,0.0,0.0,0.11535225506473805,0.15007026716725677,0.17864229088891895,0.07736539161074636,0.0,0.0,0.0,0.0,0.11799854530874668,0.04850425409146093,0.0,0.0,0.0,0.0,0.0,0.0,0.0,0.0
2022-06-20,0.0,0.0,0.0,0.09367239342151655,0.11791491479406335,0.0,0.0,0.11535225506473805,0.15007026716725677,0.17864229088891895,0.0,0.0,0.0,0.0,0.0,0.11799854530874668,0.04850425409146093,0.0,0.0,0.0,0.0,0.0,0.0,0.0,0.0
2022-06-21,0.0,0.0,0.0,0.09367239342151655,0.11791491479406335,0.0,0.0,0.11535225506473805,0.15007026716725677,0.17864229088891895,0.0,0.0,0.0,0.0,0.0,0.11799854530874668,0.04850425409146093,0.0,0.0,0.0,0.0,0.0,0.0,0.0,0.0
2022-06-22,0.0,0.0,0.0,0.09367239342151655,0.11791491479406335,0.0,0.0,0.11535225506473805,0.15007026716725677,0.17864229088891895,0.0,0.0,0.0,0.0,0.0,0.11799854530874668,0.04850425409146093,0.0,0.0,0.0,0.0,0.0,0.0,0.0,0.0
2022-06-23,0.0,0.0,0.0,0.09367239342151655,0.11791491479406335,0.0,0.0,0.11535225506473805,0.15007026716725677,0.17864229088891895,0.0,0.0,0.0,0.0,0.0,0.11799854530874668,0.04850425409146093,0.0,0.0,0.0,0.0,0.0,0.0,0.0,0.0
2022-06-24,0.0,0.0,0.0,0.09367239342151655,0.11791491479406335,0.0,0.0,0.0,0.15007026716725677,0.17864229088891895,0.0,0.0,0.0,0.0,0.0,0.11799854530874668,0.04850425409146093,0.0,0.0,0.0,0.0,0.0,0.0,0.0,0.0
2022-06-27,0.0,0.0,0.0,0.09367239342151655,0.11791491479406335,0.0,0.0,0.0,0.15007026716725677,0.17864229088891895,0.0,0.0,0.0,0.0,0.0,0.11799854530874668,0.04850425409146093,0.0,0.0,0.0,0.0,0.0,0.0,0.0,0.0
2022-06-28,0.0,0.0,0.0,0.09367239342151655,0.11791491479406335,0.0,0.0,0.0,0.15007026716725677,0.17864229088891895,0.0,0.0,0.0,0.0,0.0,0.11799854530874668,0.04850425409146093,0.0,0.0,0.0,0.0,0.0,0.0,0.0,0.0
2022-06-29,0.0,0.0,0.0,0.09367239342151655,0.11791491479406335,0.0,0.0,0.0,0.15007026716725677,0.17864229088891895,0.0,0.0,0.0,0.0,0.0,0.11799854530874668,0.04850425409146093,0.0,0.0,0.0,0.0,0.0,0.0,0.0,0.0
2022-06-30,0.0,0.0,0.0,0.09367239342151655,0.11791491479406335,0.0,0.0,0.0,0.15007026716725677,0.17864229088891895,0.0,0.0,0.0,0.0,0.0,0.11799854530874668,0.04850425409146093,0.0,0.0,0.0,0.0,0.0,0.0,0.0,0.0
2022-07-01,0.0,0.0,0.0,0.09367239342151655,0.11791491479406335,0.0,0.0,0.0,0.15007026716725677,0.17864229088891895,0.0,0.0,0.0,0.0,0.0,0.11799854530874668,0.04850425409146093,0.0,0.0,0.0,0.0,0.0,0.0,0.0,0.0
2022-07-04,0.0,0.0,0.0,0.0,0.0,0.0,0.0,0.0,0.15007026716725677,0.17864229088891895,0.0,0.0,0.0,0.0,0.0,0.11799854530874668,0.04850425409146093,0.0,0.0,0.0,0.0,0.0,0.0,0.0,0.0
2022-07-05,0.0,0.0,0.0,0.0,0.0,0.0,0.0,0.0,0.15007026716725677,0.17864229088891895,0.0,0.0,0.0,0.0,0.0,0.11799854530874668,0.04850425409146093,0.0,0.0,0.0,0.0,0.0,0.0,0.0,0.0
2022-07-06,0.0,0.0,0.0,0.0,0.0,0.0,0.0,0.0,0.15007026716725677,0.17864229088891895,0.0,0.0,0.0,0.0,0.0,0.11799854530874668,0.04850425409146093,0.0,0.0,0.0,0.0,0.0,0.0,0.0,0.0
2022-07-07,0.0,0.0,0.0,0.0,0.0,0.0,0.0,0.0,0.15007026716725677,0.0,0.0,0.0,0.0,0.0,0.0,0.11799854530874668,0.04850425409146093,0.0,0.0,0.0,0.0,0.0,0.0,0.0,0.0
2022-07-08,0.0,0.0,0.0,0.0,0.0,0.0,0.0,0.0,0.15007026716725677,0.0,0.0,0.0,0.0,0.0,0.0,0.11799854530874668,0.04850425409146093,0.0,0.0,0.0,0.0,0.0,0.0,0.0,0.0
2022-07-11,0.0,0.0,0.0,0.0,0.0,0.0,0.0,0.0,0.15007026716725677,0.0,0.0,0.0,0.0,0.0,0.0,0.11799854530874668,0.04850425409146093,0.0,0.0,0.0,0.0,0.0,0.0,0.0,0.0
2022-07-12,0.0,0.0,0.0,0.0,0.0,0.0,0.0,0.0,0.15007026716725677,0.0,0.0,0.0,0.0,0.0,0.0,0.11799854530874668,0.04850425409146093,0.0,0.0,0.0,0.0,0.0,0.0,0.0,0.0
2022-07-13,0.0,0.0,0.0,0.0,0.0,0.0,0.0,0.0,0.0,0.0,0.0,0.0,0.0,0.0,0.0,0.11799854530874668,0.04850425409146093,0.0,0.0,0.0,0.0,0.0,0.0,0.0,0.0
2022-07-14,0.0,0.0,0.0,0.0,0.0,0.0,0.0,0.0,0.0,0.0,0.0,0.0,0.0,0.0,0.0,0.11799854530874668,0.04850425409146093,0.0,0.0,0.0,0.0,0.0,0.0,0.0,0.0
2022-07-15,0.0,0.0,0.0,0.0,0.0,0.0,0.0,0.0,0.0,0.0,0.0,0.0,0.0,0.0,0.0,0.11799854530874668,0.04850425409146093,0.0,0.0,0.0,0.0,0.0,0.0,0.0,0.0
2022-07-18,0.0,0.0,0.0,0.0,0.0,0.0,0.0,0.0,0.0,0.0,0.0,0.0,0.0,0.0,0.0,0.11799854530874668,0.04850425409146093,0.0,0.0,0.0,0.0,0.0,0.0,0.0,0.0
2022-07-19,0.0,0.0,0.0,0.0,0.0,0.0,0.0,0.0,0.0,0.0,0.0,0.0,0.0,0.0,0.0,0.11799854530874668,0.04850425409146093,0.0,0.0,0.0,0.0,0.0,0.0,0.0,0.0
2022-07-20,0.0,0.0,0.0,0.0,0.0,0.0,0.0,0.0,0.0,0.0,0.0,0.0,0.0,0.0,0.0,0.11799854530874668,0.04850425409146093,0.0,0.0,0.0,0.0,0.0,0.0,0.0,0.0
2022-07-21,0.0,0.0,0.0,0.0,0.0,0.0,0.0,0.0,0.0,0.0,0.0,0.0,0.0,0.0,0.0,0.11799854530874668,0.04850425409146093,0.0,0.0,0.0,0.0,0.0,0.0,0.0,0.0
2022-07-22,0.0,0.0,0.0,0.0,0.0,0.0,0.0,0.0,0.0,0.0,0.0,0.0,0.0,0.0,0.0,0.11799854530874668,0.04850425409146093,0.0,0.0,0.0,0.0,0.0,0.0,0.0,0.0
2022-07-25,0.0,0.0,0.0,0.0,0.0,0.0,0.0,0.0,0.0,0.0,0.0,0.0,0.0,0.0,0.0,0.11799854530874668,0.04850425409146093,0.0,0.0,0.0,0.0,0.0,0.0,0.0,0.0
2022-07-26,0.0,0.0,0.0,0.0,0.0,0.0,0.0,0.0,0.0,0.0,0.0,0.0,0.0,0.0,0.0,0.11799854530874668,0.04850425409146093,0.0,0.0,0.0,0.0,0.0,0.0,0.0,0.0
2022-07-27,0.0,0.0,0.0,0.0,0.0,0.0,0.0,0.0,0.0,0.0,0.0,0.0,0.0,0.0,0.0,0.11799854530874668,0.04850425409146093,0.0,0.0,0.0,0.0,0.0,0.0,0.0,0.0
2022-07-28,0.0,0.0,0.0,0.0,0.0,0.0,0.0,0.0,0.0,0.0,0.0,0.0,0.0,0.0,0.0,0.11799854530874668,0.04850425409146093,0.0,0.0,0.0,0.0,0.0,0.0,0.0,0.0
2022-07-29,0.0,0.0,0.0,0.0,0.0,0.0,0.0,0.0,0.0,0.0,0.0,0.0,0.0,0.0,0.0,0.11799854530874668,0.04850425409146093,0.0,0.0,0.0,0.0,0.0,0.0,0.0,0.0
2022-08-01,0.0,0.0,0.0,0.0,0.0,0.0,0.0,0.0,0.0,0.0,0.0,0.0,0.0,0.0,0.0,0.3603966247118882,0.12001874751556532,0.0,0.5195846277725464,0.0,0.0,0.0,0.0,0.0,0.0
2022-08-02,0.0,0.0,0.0,0.0,0.0,0.0,0.0,0.0,0.0,0.0,0.0,0.0,0.0,0.0,0.0,0.3603966247118882,0.12001874751556532,0.0,0.5195846277725464,0.0,0.0,0.0,0.0,0.0,0.0
2022-08-03,0.0,0.0,0.0,0.0,0.0,0.0,0.0,0.0,0.0,0.0,0.0,0.0,0.0,0.0,0.0,0.3603966247118882,0.12001874751556532,0.0,0.5195846277725464,0.0,0.0,0.0,0.0,0.0,0.0
2022-08-04,0.0,0.0,0.0,0.0,0.0,0.0,0.0,0.0,0.0,0.0,0.0,0.0,0.0,0.0,0.0,0.3603966247118882,0.12001874751556532,0.0,0.5195846277725464,0.0,0.0,0.0,0.0,0.0,0.0
2022-08-05,0.0,0.0,0.0,0.0,0.0,0.0,0.0,0.0,0.0,0.0,0.0,0.0,0.0,0.0,0.0,0.3603966247118882,0.12001874751556532,0.0,0.5195846277725464,0.0,0.0,0.0,0.0,0.0,0.0
2022-08-08,0.0,0.0,0.0,0.0,0.0,0.0,0.0,0.0,0.0,0.0,0.0,0.0,0.0,0.0,0.0,0.3603966247118882,0.12001874751556532,0.0,0.5195846277725464,0.0,0.0,0.0,0.0,0.0,0.0
2022-08-09,0.0,0.0,0.0,0.0,0.0,0.0,0.0,0.0,0.0,0.0,0.0,0.0,0.0,0.0,0.0,0.3603966247118882,0.12001874751556532,0.0,0.5195846277725464,0.0,0.0,0.0,0.0,0.0,0.0
2022-08-10,0.0,0.0,0.0,0.0,0.0,0.0,0.0,0.0,0.0,0.0,0.0,0.0,0.0,0.0,0.0,0.3603966247118882,0.12001874751556532,0.0,0.5195846277725464,0.0,0.0,0.0,0.0,0.0,0.0
2022-08-11,0.0,0.0,0.0,0.0,0.0,0.0,0.0,0.0,0.0,0.0,0.0,0.0,0.0,0.0,0.0,0.3603966247118882,0.12001874751556532,0.0,0.5195846277725464,0.0,0.0,0.0,0.0,0.0,0.0
2022-08-12,0.0,0.0,0.0,0.0,0.0,0.0,0.0,0.0,0.0,0.0,0.0,0.0,0.0,0.0,0.0,0.3603966247118882,0.12001874751556532,0.0,0.5195846277725464,0.0,0.0,0.0,0.0,0.0,0.0
2022-08-15,0.0,0.0,0.0,0.0,0.0,0.0,0.0,0.0,0.0,0.0,0.0,0.0,0.0,0.0,0.0,0.3603966247118882,0.12001874751556532,0.0,0.5195846277725464,0.0,0.0,0.0,0.0,0.0,0.0
2022-08-16,0.0,0.0,0.0,0.0,0.0,0.0,0.0,0.0,0.0,0.0,0.0,0.0,0.0,0.0,0.0,0.3603966247118882,0.12001874751556532,0.0,0.5195846277725464,0.0,0.0,0.0,0.0,0.0,0.0
2022-08-17,0.0,0.0,0.0,0.0,0.0,0.0,0.0,0.0,0.0,0.0,0.0,0.0,0.0,0.0,0.0,0.3603966247118882,0.12001874751556532,0.0,0.5195846277725464,0.0,0.0,0.0,0.0,0.0,0.0
2022-08-18,0.0,0.0,0.0,0.0,0.0,0.0,0.0,0.0,0.0,0.0,0.0,0.0,0.0,0.0,0.0,0.3603966247118882,0.12001874751556532,0.0,0.5195846277725464,0.0,0.0,0.0,0.0,0.0,0.0
2022-08-19,0.0,0.0,0.0,0.0,0.0,0.0,0.0,0.0,0.0,0.0,0.0,0.0,0.0,0.0,0.0,0.3603966247118882,0.12001874751556532,0.0,0.5195846277725464,0.0,0.0,0.0,0.0,0.0,0.0
2022-08-22,0.0,0.0,0.0,0.0,0.0,0.0,0.0,0.0,0.0,0.0,0.0,0.0,0.0,0.0,0.0,0.3603966247118882,0.12001874751556532,0.0,0.5195846277725464,0.0,0.0,0.0,0.0,0.0,0.0
2022-08-23,0.0,0.0,0.0,0.0,0.0,0.0,0.0,0.0,0.0,0.0,0.0,0.0,0.0,0.0,0.0,0.3603966247118882,0.12001874751556532,0.0,0.5195846277725464,0.0,0.0,0.0,0.0,0.0,0.0
2022-08-24,0.0,0.0,0.0,0.0,0.0,0.0,0.0,0.0,0.0,0.0,0.0,0.0,0.0,0.0,0.0,0.3603966247118882,0.12001874751556532,0.0,0.5195846277725464,0.0,0.0,0.0,0.0,0.0,0.0
2022-08-25,0.0,0.0,0.0,0.0,0.0,0.0,0.0,0.0,0.0,0.0,0.0,0.0,0.0,0.0,0.0,0.3603966247118882,0.12001874751556532,0.0,0.5195846277725464,0.0,0.0,0.0,0.0,0.0,0.0
2022-08-26,0.0,0.0,0.0,0.0,0.0,0.0,0.0,0.0,0.0,0.0,0.0,0.0,0.0,0.0,0.0,0.3603966247118882,0.12001874751556532,0.0,0.5195846277725464,0.0,0.0,0.0,0.0,0.0,0.0
2022-08-29,0.0,0.0,0.0,0.0,0.0,0.0,0.0,0.0,0.0,0.0,0.0,0.0,0.0,0.0,0.0,0.3603966247118882,0.12001874751556532,0.0,0.5195846277725464,0.0,0.0,0.0,0.0,0.0,0.0
2022-08-30,0.0,0.0,0.0,0.0,0.0,0.0,0.0,0.0,0.0,0.0,0.0,0.0,0.0,0.0,0.0,0.3603966247118882,0.12001874751556532,0.0,0.5195846277725464,0.0,0.0,0.0,0.0,0.0,0.0
2022-08-31,0.0,0.0,0.0,0.0,0.0,0.0,0.0,0.0,0.0,0.0,0.0,0.0,0.0,0.0,0.0,0.3603966247118882,0.12001874751556532,0.0,0.5195846277725464,0.0,0.0,0.0,0.0,0.0,0.0
2022-09-01,0.0,0.0,0.0,0.0,0.0,0.0,0.0,0.0,0.0,0.0,0.0,0.0,0.0,0.0,0.0,0.3603966247118882,0.12001874751556532,0.0,0.5195846277725464,0.0,0.0,0.0,0.0,0.0,0.0
2022-09-02,0.0,0.0,0.0,0.0,0.0,0.0,0.0,0.0,0.0,0.0,0.0,0.0,0.0,0.0,0.0,0.3603966247118882,0.12001874751556532,0.0,0.5195846277725464,0.0,0.0,0.0,0.0,0.0,0.0
2022-09-05,0.0,0.0,0.0,0.0,0.0,0.0,0.0,0.0,0.0,0.0,0.0,0.0,0.0,0.0,0.0,0.3603966247118882,0.12001874751556532,0.0,0.5195846277725464,0.0,0.0,0.0,0.0,0.0,0.0
2022-09-06,0.0,0.0,0.0,0.0,0.0,0.0,0.0,0.0,0.0,0.0,0.0,0.0,0.0,0.0,0.0,0.3603966247118882,0.12001874751556532,0.0,0.5195846277725464,0.0,0.0,0.0,0.0,0.0,0.0
2022-09-07,0.0,0.0,0.0,0.0,0.0,0.0,0.0,0.0,0.0,0.0,0.0,0.0,0.0,0.0,0.0,0.3603966247118882,0.12001874751556532,0.0,0.5195846277725464,0.0,0.0,0.0,0.0,0.0,0.0
2022-09-08,0.0,0.0,0.0,0.0,0.0,0.0,0.0,0.0,0.0,0.0,0.0,0.0,0.0,0.0,0.0,0.3603966247118882,0.12001874751556532,0.0,0.5195846277725464,0.0,0.0,0.0,0.0,0.0,0.0
2022-09-09,0.0,0.0,0.0,0.0,0.0,0.0,0.0,0.0,0.0,0.0,0.0,0.0,0.0,0.0,0.0,0.3603966247118882,0.0,0.0,0.5195846277725464,0.0,0.0,0.0,0.0,0.0,0.0
2022-09-12,0.0,0.0,0.0,0.0,0.0,0.0,0.0,0.0,0.0,0.0,0.0,0.0,0.0,0.0,0.0,0.3603966247118882,0.0,0.0,0.5195846277725464,0.0,0.0,0.0,0.0,0.0,0.0
2022-09-13,0.0,0.0,0.0,0.0,0.0,0.0,0.0,0.0,0.0,0.0,0.0,0.0,0.0,0.0,0.0,0.3603966247118882,0.0,0.0,0.5195846277725464,0.0,0.0,0.0,0.0,0.0,0.0
2022-09-14,0.0,0.0,0.0,0.0,0.0,0.0,0.0,0.0,0.0,0.0,0.0,0.0,0.0,0.0,0.0,0.3603966247118882,0.0,0.0,0.5195846277725464,0.0,0.0,0.0,0.0,0.0,0.0
2022-09-15,0.0,0.0,0.0,0.0,0.0,0.0,0.0,0.0,0.0,0.0,0.0,0.0,0.0,0.0,0.0,0.3603966247118882,0.0,0.0,0.5195846277725464,0.0,0.0,0.0,0.0,0.0,0.0
2022-09-16,0.0,0.0,0.0,0.0,0.0,0.0,0.0,0.0,0.0,0.0,0.0,0.0,0.0,0.0,0.0,0.3603966247118882,0.0,0.0,0.5195846277725464,0.0,0.0,0.0,0.0,0.0,0.0
2022-09-19,0.0,0.0,0.0,0.0,0.0,0.0,0.0,0.0,0.0,0.0,0.0,0.0,0.0,0.0,0.0,0.3603966247118882,0.0,0.0,0.5195846277725464,0.0,0.0,0.0,0.0,0.0,0.0
2022-09-20,0.0,0.0,0.0,0.0,0.0,0.0,0.0,0.0,0.0,0.0,0.0,0.0,0.0,0.0,0.0,0.3603966247118882,0.0,0.0,0.5195846277725464,0.0,0.0,0.0,0.0,0.0,0.0
2022-09-21,0.0,0.0,0.0,0.0,0.0,0.0,0.0,0.0,0.0,0.0,0.0,0.0,0.0,0.0,0.0,0.3603966247118882,0.0,0.0,0.5195846277725464,0.0,0.0,0.0,0.0,0.0,0.0
2022-09-22,0.0,0.0,0.0,0.0,0.0,0.0,0.0,0.0,0.0,0.0,0.0,0.0,0.0,0.0,0.0,0.3603966247118882,0.0,0.0,0.5195846277725464,0.0,0.0,0.0,0.0,0.0,0.0
2022-09-23,0.0,0.0,0.0,0.0,0.0,0.0,0.0,0.0,0.0,0.0,0.0,0.0,0.0,0.0,0.0,0.3603966247118882,0.0,0.0,0.5195846277725464,0.0,0.0,0.0,0.0,0.0,0.0
2022-09-26,0.0,0.0,0.0,0.0,0.0,0.0,0.0,0.0,0.0,0.0,0.0,0.0,0.0,0.0,0.0,0.3603966247118882,0.0,0.0,0.5195846277725464,0.0,0.0,0.0,0.0,0.0,0.0
2022-09-27,0.0,0.0,0.0,0.0,0.0,0.0,0.0,0.0,0.0,0.0,0.0,0.0,0.0,0.0,0.0,0.3603966247118882,0.0,0.0,0.5195846277725464,0.0,0.0,0.0,0.0,0.0,0.0
2022-09-28,0.0,0.0,0.0,0.0,0.0,0.0,0.0,0.0,0.0,0.0,0.0,0.0,0.0,0.0,0.0,0.3603966247118882,0.0,0.0,0.5195846277725464,0.0,0.0,0.0,0.0,0.0,0.0
2022-09-29,0.0,0.0,0.0,0.0,0.0,0.0,0.0,0.0,0.0,0.0,0.0,0.0,0.0,0.0,0.0,0.3603966247118882,0.0,0.0,0.5195846277725464,0.0,0.0,0.0,0.0,0.0,0.0
2022-09-30,0.0,0.0,0.0,0.0,0.0,0.0,0.0,0.0,0.0,0.0,0.0,0.0,0.0,0.0,0.0,0.3603966247118882,0.0,0.0,0.5195846277725464,0.0,0.0,0.0,0.0,0.0,0.0
2022-10-03,0.0,0.0,0.0,0.0,0.0,0.0,0.0,0.0,0.0,0.0,0.0,0.0,0.0,0.0,0.0,0.3603966247118882,0.0,0.0,0.5195846277725464,0.0,0.0,0.0,0.0,0.0,0.0
2022-10-04,0.0,0.0,0.0,0.0,0.0,0.0,0.0,0.0,0.0,0.0,0.0,0.0,0.0,0.0,0.0,0.3603966247118882,0.0,0.0,0.5195846277725464,0.0,0.0,0.0,0.0,0.0,0.0
2022-10-05,0.0,0.0,0.0,0.0,0.0,0.0,0.0,0.0,0.0,0.0,0.0,0.0,0.0,0.0,0.0,0.3603966247118882,0.0,0.0,0.5195846277725464,0.0,0.0,0.0,0.0,0.0,0.0
2022-10-06,0.0,0.0,0.0,0.0,0.0,0.0,0.0,0.0,0.0,0.0,0.0,0.0,0.0,0.0,0.0,0.3603966247118882,0.0,0.0,0.5195846277725464,0.0,0.0,0.0,0.0,0.0,0.0
2022-10-07,0.0,0.0,0.0,0.0,0.0,0.0,0.0,0.0,0.0,0.0,0.0,0.0,0.0,0.0,0.0,0.3603966247118882,0.0,0.0,0.5195846277725464,0.0,0.0,0.0,0.0,0.0,0.0
2022-10-10,0.0,0.0,0.0,0.0,0.0,0.0,0.0,0.0,0.0,0.0,0.0,0.0,0.0,0.0,0.0,0.3603966247118882,0.0,0.0,0.5195846277725464,0.0,0.0,0.0,0.0,0.0,0.0
2022-10-11,0.0,0.0,0.0,0.0,0.0,0.0,0.0,0.0,0.0,0.0,0.0,0.0,0.0,0.0,0.0,0.3603966247118882,0.0,0.0,0.5195846277725464,0.0,0.0,0.0,0.0,0.0,0.0
2022-10-12,0.0,0.0,0.0,0.0,0.0,0.0,0.0,0.0,0.0,0.0,0.0,0.0,0.0,0.0,0.0,0.3603966247118882,0.0,0.0,0.5195846277725464,0.0,0.0,0.0,0.0,0.0,0.0
2022-10-13,0.0,0.0,0.0,0.0,0.0,0.0,0.0,0.0,0.0,0.0,0.0,0.0,0.0,0.0,0.0,0.3603966247118882,0.0,0.0,0.5195846277725464,0.0,0.0,0.0,0.0,0.0,0.0
2022-10-14,0.0,0.0,0.0,0.0,0.0,0.0,0.0,0.0,0.0,0.0,0.0,0.0,0.0,0.0,0.0,0.3603966247118882,0.0,0.0,0.5195846277725464,0.0,0.0,0.0,0.0,0.0,0.0
2022-10-17,0.0,0.0,0.0,0.0,0.0,0.0,0.0,0.0,0.0,0.0,0.0,0.0,0.0,0.0,0.0,0.3603966247118882,0.0,0.0,0.5195846277725464,0.0,0.0,0.0,0.0,0.0,0.0
2022-10-18,0.0,0.0,0.0,0.0,0.0,0.0,0.0,0.0,0.0,0.0,0.0,0.0,0.0,0.0,0.0,0.3603966247118882,0.0,0.0,0.5195846277725464,0.0,0.0,0.0,0.0,0.0,0.0
2022-10-19,0.0,0.0,0.0,0.0,0.0,0.0,0.0,0.0,0.0,0.0,0.0,0.0,0.0,0.0,0.0,0.3603966247118882,0.0,0.0,0.5195846277725464,0.0,0.0,0.0,0.0,0.0,0.0
2022-10-20,0.0,0.0,0.0,0.0,0.0,0.0,0.0,0.0,0.0,0.0,0.0,0.0,0.0,0.0,0.0,0.3603966247118882,0.0,0.0,0.5195846277725464,0.0,0.0,0.0,0.0,0.0,0.0
2022-10-21,0.0,0.0,0.0,0.0,0.0,0.0,0.0,0.0,0.0,0.0,0.0,0.0,0.0,0.0,0.0,0.3603966247118882,0.0,0.0,0.5195846277725464,0.0,0.0,0.0,0.0,0.0,0.0
2022-10-24,0.0,0.0,0.0,0.0,0.0,0.0,0.0,0.0,0.0,0.0,0.0,0.0,0.0,0.0,0.0,0.3603966247118882,0.0,0.0,0.5195846277725464,0.0,0.0,0.0,0.0,0.0,0.0
2022-10-25,0.0,0.0,0.0,0.0,0.0,0.0,0.0,0.0,0.0,0.0,0.0,0.0,0.0,0.0,0.0,0.3603966247118882,0.0,0.0,0.5195846277725464,0.0,0.0,0.0,0.0,0.0,0.0
2022-10-26,0.0,0.0,0.0,0.0,0.0,0.0,0.0,0.0,0.0,0.0,0.0,0.0,0.0,0.0,0.0,0.3603966247118882,0.0,0.0,0.5195846277725464,0.0,0.0,0.0,0.0,0.0,0.0
2022-10-27,0.0,0.0,0.0,0.0,0.0,0.0,0.0,0.0,0.0,0.0,0.0,0.0,0.0,0.0,0.0,0.3603966247118882,0.0,0.0,0.5195846277725464,0.0,0.0,0.0,0.0,0.0,0.0
2022-10-28,0.0,0.0,0.0,0.0,0.0,0.0,0.0,0.0,0.0,0.0,0.0,0.0,0.0,0.0,0.0,0.3603966247118882,0.0,0.0,0.5195846277725464,0.0,0.0,0.0,0.0,0.0,0.0
2022-10-31,0.0,0.0,0.0,0.0,0.0,0.0,0.0,0.0,0.0,0.0,0.0,0.0,0.0,0.0,0.0,0.3603966247118882,0.0,0.0,0.5195846277725464,0.0,0.0,0.0,0.0,0.0,0.0
2022-11-01,0.0,0.0,0.0,0.0,0.0,0.0,0.0,0.0,0.0,0.0,0.0,0.0,0.0,0.0,0.0,0.0,0.0,0.0,1.0,0.0,0.0,0.0,0.0,0.0,0.0
2022-11-02,0.0,0.0,0.0,0.0,0.0,0.0,0.0,0.0,0.0,0.0,0.0,0.0,0.0,0.0,0.0,0.0,0.0,0.0,1.0,0.0,0.0,0.0,0.0,0.0,0.0
2022-11-03,0.0,0.0,0.0,0.0,0.0,0.0,0.0,0.0,0.0,0.0,0.0,0.0,0.0,0.0,0.0,0.0,0.0,0.0,1.0,0.0,0.0,0.0,0.0,0.0,0.0
2022-11-04,0.0,0.0,0.0,0.0,0.0,0.0,0.0,0.0,0.0,0.0,0.0,0.0,0.0,0.0,0.0,0.0,0.0,0.0,1.0,0.0,0.0,0.0,0.0,0.0,0.0
2022-11-07,0.0,0.0,0.0,0.0,0.0,0.0,0.0,0.0,0.0,0.0,0.0,0.0,0.0,0.0,0.0,0.0,0.0,0.0,1.0,0.0,0.0,0.0,0.0,0.0,0.0
2022-11-08,0.0,0.0,0.0,0.0,0.0,0.0,0.0,0.0,0.0,0.0,0.0,0.0,0.0,0.0,0.0,0.0,0.0,0.0,1.0,0.0,0.0,0.0,0.0,0.0,0.0
2022-11-09,0.0,0.0,0.0,0.0,0.0,0.0,0.0,0.0,0.0,0.0,0.0,0.0,0.0,0.0,0.0,0.0,0.0,0.0,1.0,0.0,0.0,0.0,0.0,0.0,0.0
2022-11-10,0.0,0.0,0.0,0.0,0.0,0.0,0.0,0.0,0.0,0.0,0.0,0.0,0.0,0.0,0.0,0.0,0.0,0.0,1.0,0.0,0.0,0.0,0.0,0.0,0.0
2022-11-11,0.0,0.0,0.0,0.0,0.0,0.0,0.0,0.0,0.0,0.0,0.0,0.0,0.0,0.0,0.0,0.0,0.0,0.0,1.0,0.0,0.0,0.0,0.0,0.0,0.0
2022-11-14,0.0,0.0,0.0,0.0,0.0,0.0,0.0,0.0,0.0,0.0,0.0,0.0,0.0,0.0,0.0,0.0,0.0,0.0,1.0,0.0,0.0,0.0,0.0,0.0,0.0
2022-11-15,0.0,0.0,0.0,0.0,0.0,0.0,0.0,0.0,0.0,0.0,0.0,0.0,0.0,0.0,0.0,0.0,0.0,0.0,1.0,0.0,0.0,0.0,0.0,0.0,0.0
2022-11-16,0.0,0.0,0.0,0.0,0.0,0.0,0.0,0.0,0.0,0.0,0.0,0.0,0.0,0.0,0.0,0.0,0.0,0.0,1.0,0.0,0.0,0.0,0.0,0.0,0.0
2022-11-17,0.0,0.0,0.0,0.0,0.0,0.0,0.0,0.0,0.0,0.0,0.0,0.0,0.0,0.0,0.0,0.0,0.0,0.0,1.0,0.0,0.0,0.0,0.0,0.0,0.0
2022-11-18,0.0,0.0,0.0,0.0,0.0,0.0,0.0,0.0,0.0,0.0,0.0,0.0,0.0,0.0,0.0,0.0,0.0,0.0,1.0,0.0,0.0,0.0,0.0,0.0,0.0
2022-11-21,0.0,0.0,0.0,0.0,0.0,0.0,0.0,0.0,0.0,0.0,0.0,0.0,0.0,0.0,0.0,0.0,0.0,0.0,1.0,0.0,0.0,0.0,0.0,0.0,0.0
2022-11-22,0.0,0.0,0.0,0.0,0.0,0.0,0.0,0.0,0.0,0.0,0.0,0.0,0.0,0.0,0.0,0.0,0.0,0.0,1.0,0.0,0.0,0.0,0.0,0.0,0.0
2022-11-23,0.0,0.0,0.0,0.0,0.0,0.0,0.0,0.0,0.0,0.0,0.0,0.0,0.0,0.0,0.0,0.0,0.0,0.0,1.0,0.0,0.0,0.0,0.0,0.0,0.0
2022-11-24,0.0,0.0,0.0,0.0,0.0,0.0,0.0,0.0,0.0,0.0,0.0,0.0,0.0,0.0,0.0,0.0,0.0,0.0,0.0,0.0,0.0,0.0,0.0,0.0,0.0
2022-11-25,0.0,0.0,0.0,0.0,0.0,0.0,0.0,0.0,0.0,0.0,0.0,0.0,0.0,0.0,0.0,0.0,0.0,0.0,0.0,0.0,0.0,0.0,0.0,0.0,0.0
2022-11-28,0.0,0.0,0.0,0.0,0.0,0.0,0.0,0.0,0.0,0.0,0.0,0.0,0.0,0.0,0.0,0.0,0.0,0.0,0.0,0.0,0.0,0.0,0.0,0.0,0.0
2022-11-29,0.0,0.0,0.0,0.0,0.0,0.0,0.0,0.0,0.0,0.0,0.0,0.0,0.0,0.0,0.0,0.0,0.0,0.0,0.0,0.0,0.0,0.0,0.0,0.0,0.0
2022-11-30,0.0,0.0,0.0,0.0,0.0,0.0,0.0,0.0,0.0,0.0,0.0,0.0,0.0,0.0,0.0,0.0,0.0,0.0,0.0,0.0,0.0,0.0,0.0,0.0,0.0
2022-12-01,0.0,0.0,0.0,0.0,0.0,0.0,0.0,0.0,0.0,0.0,0.0,0.0,0.0,0.0,0.0,0.0,0.0,0.0,0.0,0.0,0.0,0.0,0.0,0.0,0.0
2022-12-02,0.0,0.0,0.0,0.0,0.0,0.0,0.0,0.0,0.0,0.0,0.0,0.0,0.0,0.0,0.0,0.0,0.0,0.0,0.0,0.0,0.0,0.0,0.0,0.0,0.0
2022-12-05,0.0,0.0,0.0,0.0,0.0,0.0,0.0,0.0,0.0,0.0,0.0,0.0,0.0,0.0,0.0,0.0,0.0,0.0,0.0,0.0,0.0,0.0,0.0,0.0,0.0
2022-12-06,0.0,0.0,0.0,0.0,0.0,0.0,0.0,0.0,0.0,0.0,0.0,0.0,0.0,0.0,0.0,0.0,0.0,0.0,0.0,0.0,0.0,0.0,0.0,0.0,0.0
2022-12-07,0.0,0.0,0.0,0.0,0.0,0.0,0.0,0.0,0.0,0.0,0.0,0.0,0.0,0.0,0.0,0.0,0.0,0.0,0.0,0.0,0.0,0.0,0.0,0.0,0.0
2022-12-08,0.0,0.0,0.0,0.0,0.0,0.0,0.0,0.0,0.0,0.0,0.0,0.0,0.0,0.0,0.0,0.0,0.0,0.0,0.0,0.0,0.0,0.0,0.0,0.0,0.0
2022-12-09,0.0,0.0,0.0,0.0,0.0,0.0,0.0,0.0,0.0,0.0,0.0,0.0,0.0,0.0,0.0,0.0,0.0,0.0,0.0,0.0,0.0,0.0,0.0,0.0,0.0
2022-12-12,0.0,0.0,0.0,0.0,0.0,0.0,0.0,0.0,0.0,0.0,0.0,0.0,0.0,0.0,0.0,0.0,0.0,0.0,0.0,0.0,0.0,0.0,0.0,0.0,0.0
2022-12-13,0.0,0.0,0.0,0.0,0.0,0.0,0.0,0.0,0.0,0.0,0.0,0.0,0.0,0.0,0.0,0.0,0.0,0.0,0.0,0.0,0.0,0.0,0.0,0.0,0.0
2022-12-14,0.0,0.0,0.0,0.0,0.0,0.0,0.0,0.0,0.0,0.0,0.0,0.0,0.0,0.0,0.0,0.0,0.0,0.0,0.0,0.0,0.0,0.0,0.0,0.0,0.0
2022-12-15,0.0,0.0,0.0,0.0,0.0,0.0,0.0,0.0,0.0,0.0,0.0,0.0,0.0,0.0,0.0,0.0,0.0,0.0,0.0,0.0,0.0,0.0,0.0,0.0,0.0
2022-12-16,0.0,0.0,0.0,0.0,0.0,0.0,0.0,0.0,0.0,0.0,0.0,0.0,0.0,0.0,0.0,0.0,0.0,0.0,0.0,0.0,0.0,0.0,0.0,0.0,0.0
2022-12-19,0.0,0.0,0.0,0.0,0.0,0.0,0.0,0.0,0.0,0.0,0.0,0.0,0.0,0.0,0.0,0.0,0.0,0.0,0.0,0.0,0.0,0.0,0.0,0.0,0.0
2022-12-20,0.0,0.0,0.0,0.0,0.0,0.0,0.0,0.0,0.0,0.0,0.0,0.0,0.0,0.0,0.0,0.0,0.0,0.0,0.0,0.0,0.0,0.0,0.0,0.0,0.0
2022-12-21,0.0,0.0,0.0,0.0,0.0,0.0,0.0,0.0,0.0,0.0,0.0,0.0,0.0,0.0,0.0,0.0,0.0,0.0,0.0,0.0,0.0,0.0,0.0,0.0,0.0
2022-12-22,0.0,0.0,0.0,0.0,0.0,0.0,0.0,0.0,0.0,0.0,0.0,0.0,0.0,0.0,0.0,0.0,0.0,0.0,0.0,0.0,0.0,0.0,0.0,0.0,0.0
2022-12-23,0.0,0.0,0.0,0.0,0.0,0.0,0.0,0.0,0.0,0.0,0.0,0.0,0.0,0.0,0.0,0.0,0.0,0.0,0.0,0.0,0.0,0.0,0.0,0.0,0.0
2022-12-26,0.0,0.0,0.0,0.0,0.0,0.0,0.0,0.0,0.0,0.0,0.0,0.0,0.0,0.0,0.0,0.0,0.0,0.0,0.0,0.0,0.0,0.0,0.0,0.0,0.0
2022-12-27,0.0,0.0,0.0,0.0,0.0,0.0,0.0,0.0,0.0,0.0,0.0,0.0,0.0,0.0,0.0,0.0,0.0,0.0,0.0,0.0,0.0,0.0,0.0,0.0,0.0
2022-12-28,0.0,0.0,0.0,0.0,0.0,0.0,0.0,0.0,0.0,0.0,0.0,0.0,0.0,0.0,0.0,0.0,0.0,0.0,0.0,0.0,0.0,0.0,0.0,0.0,0.0
2022-12-29,0.0,0.0,0.0,0.0,0.0,0.0,0.0,0.0,0.0,0.0,0.0,0.0,0.0,0.0,0.0,0.0,0.0,0.0,0.0,0.0,0.0,0.0,0.0,0.0,0.0
2022-12-30,0.0,0.0,0.0,0.0,0.0,0.0,0.0,0.0,0.0,0.0,0.0,0.0,0.0,0.0,0.0,0.0,0.0,0.0,0.0,0.0,0.0,0.0,0.0,0.0,0.0
2023-01-03,0.0,0.0,0.0,0.0,0.0,0.0,0.0,0.0,0.0,0.0,0.0,0.0,0.0,0.0,0.0,0.0,0.0,0.0,0.0,0.0,0.0,0.0,0.0,0.0,0.0
2023-01-04,0.0,0.0,0.0,0.0,0.0,0.0,0.0,0.0,0.0,0.0,0.0,0.0,0.0,0.0,0.0,0.0,0.0,0.0,0.0,0.0,0.0,0.0,0.0,0.0,0.0
2023-01-05,0.0,0.0,0.0,0.0,0.0,0.0,0.0,0.0,0.0,0.0,0.0,0.0,0.0,0.0,0.0,0.0,0.0,0.0,0.0,0.0,0.0,0.0,0.0,0.0,0.0
2023-01-06,0.0,0.0,0.0,0.0,0.0,0.0,0.0,0.0,0.0,0.0,0.0,0.0,0.0,0.0,0.0,0.0,0.0,0.0,0.0,0.0,0.0,0.0,0.0,0.0,0.0
2023-01-09,0.0,0.0,0.0,0.0,0.0,0.0,0.0,0.0,0.0,0.0,0.0,0.0,0.0,0.0,0.0,0.0,0.0,0.0,0.0,0.0,0.0,0.0,0.0,0.0,0.0
2023-01-10,0.0,0.0,0.0,0.0,0.0,0.0,0.0,0.0,0.0,0.0,0.0,0.0,0.0,0.0,0.0,0.0,0.0,0.0,0.0,0.0,0.0,0.0,0.0,0.0,0.0
2023-01-11,0.0,0.0,0.0,0.0,0.0,0.0,0.0,0.0,0.0,0.0,0.0,0.0,0.0,0.0,0.0,0.0,0.0,0.0,0.0,0.0,0.0,0.0,0.0,0.0,0.0
2023-01-12,0.0,0.0,0.0,0.0,0.0,0.0,0.0,0.0,0.0,0.0,0.0,0.0,0.0,0.0,0.0,0.0,0.0,0.0,0.0,0.0,0.0,0.0,0.0,0.0,0.0
2023-01-13,0.0,0.0,0.0,0.0,0.0,0.0,0.0,0.0,0.0,0.0,0.0,0.0,0.0,0.0,0.0,0.0,0.0,0.0,0.0,0.0,0.0,0.0,0.0,0.0,0.0
2023-01-16,0.0,0.0,0.0,0.0,0.0,0.0,0.0,0.0,0.0,0.0,0.0,0.0,0.0,0.0,0.0,0.0,0.0,0.0,0.0,0.0,0.0,0.0,0.0,0.0,0.0
2023-01-17,0.0,0.0,0.0,0.0,0.0,0.0,0.0,0.0,0.0,0.0,0.0,0.0,0.0,0.0,0.0,0.0,0.0,0.0,0.0,0.0,0.0,0.0,0.0,0.0,0.0
2023-01-18,0.0,0.0,0.0,0.0,0.0,0.0,0.0,0.0,0.0,0.0,0.0,0.0,0.0,0.0,0.0,0.0,0.0,0.0,0.0,0.0,0.0,0.0,0.0,0.0,0.0
2023-01-19,0.0,0.0,0.0,0.0,0.0,0.0,0.0,0.0,0.0,0.0,0.0,0.0,0.0,0.0,0.0,0.0,0.0,0.0,0.0,0.0,0.0,0.0,0.0,0.0,0.0
2023-01-20,0.0,0.0,0.0,0.0,0.0,0.0,0.0,0.0,0.0,0.0,0.0,0.0,0.0,0.0,0.0,0.0,0.0,0.0,0.0,0.0,0.0,0.0,0.0,0.0,0.0
2023-01-23,0.0,0.0,0.0,0.0,0.0,0.0,0.0,0.0,0.0,0.0,0.0,0.0,0.0,0.0,0.0,0.0,0.0,0.0,0.0,0.0,0.0,0.0,0.0,0.0,0.0
2023-01-24,0.0,0.0,0.0,0.0,0.0,0.0,0.0,0.0,0.0,0.0,0.0,0.0,0.0,0.0,0.0,0.0,0.0,0.0,0.0,0.0,0.0,0.0,0.0,0.0,0.0
2023-01-25,0.0,0.0,0.0,0.0,0.0,0.0,0.0,0.0,0.0,0.0,0.0,0.0,0.0,0.0,0.0,0.0,0.0,0.0,0.0,0.0,0.0,0.0,0.0,0.0,0.0
2023-01-26,0.0,0.0,0.0,0.0,0.0,0.0,0.0,0.0,0.0,0.0,0.0,0.0,0.0,0.0,0.0,0.0,0.0,0.0,0.0,0.0,0.0,0.0,0.0,0.0,0.0
2023-01-27,0.0,0.0,0.0,0.0,0.0,0.0,0.0,0.0,0.0,0.0,0.0,0.0,0.0,0.0,0.0,0.0,0.0,0.0,0.0,0.0,0.0,0.0,0.0,0.0,0.0
2023-01-30,0.0,0.0,0.0,0.0,0.0,0.0,0.0,0.0,0.0,0.0,0.0,0.0,0.0,0.0,0.0,0.0,0.0,0.0,0.0,0.0,0.0,0.0,0.0,0.0,0.0
2023-01-31,0.0,0.0,0.0,0.0,0.0,0.0,0.0,0.0,0.0,0.0,0.0,0.0,0.0,0.0,0.0,0.0,0.0,0.0,0.0,0.0,0.0,0.0,0.0,0.0,0.0
2023-02-01,0.0,0.0,0.0,0.0,0.0,0.0,0.0,0.0,0.0,0.0,0.0,0.0,0.0,0.0,0.0,0.0,0.0,0.0,0.0,0.0,0.0,0.0,0.0,0.0,0.0
2023-02-02,0.0,0.0,0.0,0.0,0.0,0.0,0.0,0.0,0.0,0.0,0.0,0.0,0.0,0.0,0.0,0.0,0.0,0.0,0.0,0.0,0.0,0.0,0.0,0.0,0.0
2023-02-03,0.0,0.0,0.0,0.0,0.0,0.0,0.0,0.0,0.0,0.0,0.0,0.0,0.0,0.0,0.0,0.0,0.0,0.0,0.0,0.0,0.0,0.0,0.0,0.0,0.0
2023-02-06,0.0,0.0,0.0,0.0,0.0,0.0,0.0,0.0,0.0,0.0,0.0,0.0,0.0,0.0,0.0,0.0,0.0,0.0,0.0,0.0,0.0,0.0,0.0,0.0,0.0
2023-02-07,0.0,0.0,0.0,0.0,0.0,0.0,0.0,0.0,0.0,0.0,0.0,0.0,0.0,0.0,0.0,0.0,0.0,0.0,0.0,0.0,0.0,0.0,0.0,0.0,0.0
2023-02-08,0.0,0.0,0.0,0.0,0.0,0.0,0.0,0.0,0.0,0.0,0.0,0.0,0.0,0.0,0.0,0.0,0.0,0.0,0.0,0.0,0.0,0.0,0.0,0.0,0.0
2023-02-09,0.0,0.0,0.0,0.0,0.0,0.0,0.0,0.0,0.0,0.0,0.0,0.0,0.0,0.0,0.0,0.0,0.0,0.0,0.0,0.0,0.0,0.0,0.0,0.0,0.0
2023-02-10,0.0,0.0,0.0,0.0,0.0,0.0,0.0,0.0,0.0,0.0,0.0,0.0,0.0,0.0,0.0,0.0,0.0,0.0,0.0,0.0,0.0,0.0,0.0,0.0,0.0
2023-02-13,0.0,0.0,0.0,0.0,0.0,0.0,0.0,0.0,0.0,0.0,0.0,0.0,0.0,0.0,0.0,0.0,0.0,0.0,0.0,0.0,0.0,0.0,0.0,0.0,0.0
2023-02-14,0.0,0.0,0.0,0.0,0.0,0.0,0.0,0.0,0.0,0.0,0.0,0.0,0.0,0.0,0.0,0.0,0.0,0.0,0.0,0.0,0.0,0.0,0.0,0.0,0.0
2023-02-15,0.0,0.0,0.0,0.0,0.0,0.0,0.0,0.0,0.0,0.0,0.0,0.0,0.0,0.0,0.0,0.0,0.0,0.0,0.0,0.0,0.0,0.0,0.0,0.0,0.0
2023-02-16,0.0,0.0,0.0,0.0,0.0,0.0,0.0,0.0,0.0,0.0,0.0,0.0,0.0,0.0,0.0,0.0,0.0,0.0,0.0,0.0,0.0,0.0,0.0,0.0,0.0
2023-02-17,0.0,0.0,0.0,0.0,0.0,0.0,0.0,0.0,0.0,0.0,0.0,0.0,0.0,0.0,0.0,0.0,0.0,0.0,0.0,0.0,0.0,0.0,0.0,0.0,0.0
2023-02-20,0.0,0.0,0.0,0.0,0.0,0.0,0.0,0.0,0.0,0.0,0.0,0.0,0.0,0.0,0.0,0.0,0.0,0.0,0.0,0.0,0.0,0.0,0.0,0.0,0.0
2023-02-21,0.0,0.0,0.0,0.0,0.0,0.0,0.0,0.0,0.0,0.0,0.0,0.0,0.0,0.0,0.0,0.0,0.0,0.0,0.0,0.0,0.0,0.0,0.0,0.0,0.0
2023-02-22,0.0,0.0,0.0,0.0,0.0,0.0,0.0,0.0,0.0,0.0,0.0,0.0,0.0,0.0,0.0,0.0,0.0,0.0,0.0,0.0,0.0,0.0,0.0,0.0,0.0
2023-02-23,0.0,0.0,0.0,0.0,0.0,0.0,0.0,0.0,0.0,0.0,0.0,0.0,0.0,0.0,0.0,0.0,0.0,0.0,0.0,0.0,0.0,0.0,0.0,0.0,0.0
2023-02-24,0.0,0.0,0.0,0.0,0.0,0.0,0.0,0.0,0.0,0.0,0.0,0.0,0.0,0.0,0.0,0.0,0.0,0.0,0.0,0.0,0.0,0.0,0.0,0.0,0.0
2023-02-27,0.0,0.0,0.0,0.0,0.0,0.0,0.0,0.0,0.0,0.0,0.0,0.0,0.0,0.0,0.0,0.0,0.0,0.0,0.0,0.0,0.0,0.0,0.0,0.0,0.0
2023-02-28,0.0,0.0,0.0,0.0,0.0,0.0,0.0,0.0,0.0,0.0,0.0,0.0,0.0,0.0,0.0,0.0,0.0,0.0,0.0,0.0,0.0,0.0,0.0,0.0,0.0
2023-03-01,0.0,0.0,0.0,0.0,0.0,0.0,0.0,0.0,0.0,0.0,0.0,0.0,0.0,0.0,0.0,0.0,0.0,0.0,0.0,0.0,0.0,0.0,0.0,0.0,0.0
2023-03-02,0.0,0.0,0.0,0.0,0.0,0.0,0.0,0.0,0.0,0.0,0.0,0.0,0.0,0.0,0.0,0.0,0.0,0.0,0.0,0.0,0.0,0.0,0.0,0.0,0.0
2023-03-03,0.0,0.0,0.0,0.0,0.0,0.0,0.0,0.0,0.0,0.0,0.0,0.0,0.0,0.0,0.0,0.0,0.0,0.0,0.0,0.0,0.0,0.0,0.0,0.0,0.0
2023-03-06,0.0,0.0,0.0,0.0,0.0,0.0,0.0,0.0,0.0,0.0,0.0,0.0,0.0,0.0,0.0,0.0,0.0,0.0,0.0,0.0,0.0,0.0,0.0,0.0,0.0
2023-03-07,0.0,0.0,0.0,0.0,0.0,0.0,0.0,0.0,0.0,0.0,0.0,0.0,0.0,0.0,0.0,0.0,0.0,0.0,0.0,0.0,0.0,0.0,0.0,0.0,0.0
2023-03-08,0.0,0.0,0.0,0.0,0.0,0.0,0.0,0.0,0.0,0.0,0.0,0.0,0.0,0.0,0.0,0.0,0.0,0.0,0.0,0.0,0.0,0.0,0.0,0.0,0.0
2023-03-09,0.0,0.0,0.0,0.0,0.0,0.0,0.0,0.0,0.0,0.0,0.0,0.0,0.0,0.0,0.0,0.0,0.0,0.0,0.0,0.0,0.0,0.0,0.0,0.0,0.0
2023-03-10,0.0,0.0,0.0,0.0,0.0,0.0,0.0,0.0,0.0,0.0,0.0,0.0,0.0,0.0,0.0,0.0,0.0,0.0,0.0,0.0,0.0,0.0,0.0,0.0,0.0
2023-03-13,0.0,0.0,0.0,0.0,0.0,0.0,0.0,0.0,0.0,0.0,0.0,0.0,0.0,0.0,0.0,0.0,0.0,0.0,0.0,0.0,0.0,0.0,0.0,0.0,0.0
2023-03-14,0.0,0.0,0.0,0.0,0.0,0.0,0.0,0.0,0.0,0.0,0.0,0.0,0.0,0.0,0.0,0.0,0.0,0.0,0.0,0.0,0.0,0.0,0.0,0.0,0.0
2023-03-15,0.0,0.0,0.0,0.0,0.0,0.0,0.0,0.0,0.0,0.0,0.0,0.0,0.0,0.0,0.0,0.0,0.0,0.0,0.0,0.0,0.0,0.0,0.0,0.0,0.0
2023-03-16,0.0,0.0,0.0,0.0,0.0,0.0,0.0,0.0,0.0,0.0,0.0,0.0,0.0,0.0,0.0,0.0,0.0,0.0,0.0,0.0,0.0,0.0,0.0,0.0,0.0
2023-03-17,0.0,0.0,0.0,0.0,0.0,0.0,0.0,0.0,0.0,0.0,0.0,0.0,0.0,0.0,0.0,0.0,0.0,0.0,0.0,0.0,0.0,0.0,0.0,0.0,0.0
2023-03-20,0.0,0.0,0.0,0.0,0.0,0.0,0.0,0.0,0.0,0.0,0.0,0.0,0.0,0.0,0.0,0.0,0.0,0.0,0.0,0.0,0.0,0.0,0.0,0.0,0.0
2023-03-21,0.0,0.0,0.0,0.0,0.0,0.0,0.0,0.0,0.0,0.0,0.0,0.0,0.0,0.0,0.0,0.0,0.0,0.0,0.0,0.0,0.0,0.0,0.0,0.0,0.0
2023-03-22,0.0,0.0,0.0,0.0,0.0,0.0,0.0,0.0,0.0,0.0,0.0,0.0,0.0,0.0,0.0,0.0,0.0,0.0,0.0,0.0,0.0,0.0,0.0,0.0,0.0
2023-03-23,0.0,0.0,0.0,0.0,0.0,0.0,0.0,0.0,0.0,0.0,0.0,0.0,0.0,0.0,0.0,0.0,0.0,0.0,0.0,0.0,0.0,0.0,0.0,0.0,0.0
2023-03-24,0.0,0.0,0.0,0.0,0.0,0.0,0.0,0.0,0.0,0.0,0.0,0.0,0.0,0.0,0.0,0.0,0.0,0.0,0.0,0.0,0.0,0.0,0.0,0.0,0.0
2023-03-27,0.0,0.0,0.0,0.0,0.0,0.0,0.0,0.0,0.0,0.0,0.0,0.0,0.0,0.0,0.0,0.0,0.0,0.0,0.0,0.0,0.0,0.0,0.0,0.0,0.0
2023-03-28,0.0,0.0,0.0,0.0,0.0,0.0,0.0,0.0,0.0,0.0,0.0,0.0,0.0,0.0,0.0,0.0,0.0,0.0,0.0,0.0,0.0,0.0,0.0,0.0,0.0
2023-03-29,0.0,0.0,0.0,0.0,0.0,0.0,0.0,0.0,0.0,0.0,0.0,0.0,0.0,0.0,0.0,0.0,0.0,0.0,0.0,0.0,0.0,0.0,0.0,0.0,0.0
2023-03-30,0.0,0.0,0.0,0.0,0.0,0.0,0.0,0.0,0.0,0.0,0.0,0.0,0.0,0.0,0.0,0.0,0.0,0.0,0.0,0.0,0.0,0.0,0.0,0.0,0.0
2023-03-31,0.0,0.0,0.0,0.0,0.0,0.0,0.0,0.0,0.0,0.0,0.0,0.0,0.0,0.0,0.0,0.0,0.0,0.0,0.0,0.0,0.0,0.0,0.0,0.0,0.0
2023-04-03,0.0,0.0,0.0,0.0,0.0,0.0,0.0,0.0,0.0,0.0,0.0,0.0,0.0,0.0,0.0,0.0,0.0,0.0,0.0,0.0,0.0,0.0,0.0,0.0,0.0
2023-04-04,0.0,0.0,0.0,0.0,0.0,0.0,0.0,0.0,0.0,0.0,0.0,0.0,0.0,0.0,0.0,0.0,0.0,0.0,0.0,0.0,0.0,0.0,0.0,0.0,0.0
2023-04-05,0.0,0.0,0.0,0.0,0.0,0.0,0.0,0.0,0.0,0.0,0.0,0.0,0.0,0.0,0.0,0.0,0.0,0.0,0.0,0.0,0.0,0.0,0.0,0.0,0.0
2023-04-06,0.0,0.0,0.0,0.0,0.0,0.0,0.0,0.0,0.0,0.0,0.0,0.0,0.0,0.0,0.0,0.0,0.0,0.0,0.0,0.0,0.0,0.0,0.0,0.0,0.0
2023-04-07,0.0,0.0,0.0,0.0,0.0,0.0,0.0,0.0,0.0,0.0,0.0,0.0,0.0,0.0,0.0,0.0,0.0,0.0,0.0,0.0,0.0,0.0,0.0,0.0,0.0
2023-04-10,0.0,0.0,0.0,0.0,0.0,0.0,0.0,0.0,0.0,0.0,0.0,0.0,0.0,0.0,0.0,0.0,0.0,0.0,0.0,0.0,0.0,0.0,0.0,0.0,0.0
2023-04-11,0.0,0.0,0.0,0.0,0.0,0.0,0.0,0.0,0.0,0.0,0.0,0.0,0.0,0.0,0.0,0.0,0.0,0.0,0.0,0.0,0.0,0.0,0.0,0.0,0.0
2023-04-12,0.0,0.0,0.0,0.0,0.0,0.0,0.0,0.0,0.0,0.0,0.0,0.0,0.0,0.0,0.0,0.0,0.0,0.0,0.0,0.0,0.0,0.0,0.0,0.0,0.0
2023-04-13,0.0,0.0,0.0,0.0,0.0,0.0,0.0,0.0,0.0,0.0,0.0,0.0,0.0,0.0,0.0,0.0,0.0,0.0,0.0,0.0,0.0,0.0,0.0,0.0,0.0
2023-04-14,0.0,0.0,0.0,0.0,0.0,0.0,0.0,0.0,0.0,0.0,0.0,0.0,0.0,0.0,0.0,0.0,0.0,0.0,0.0,0.0,0.0,0.0,0.0,0.0,0.0
2023-04-17,0.0,0.0,0.0,0.0,0.0,0.0,0.0,0.0,0.0,0.0,0.0,0.0,0.0,0.0,0.0,0.0,0.0,0.0,0.0,0.0,0.0,0.0,0.0,0.0,0.0
2023-04-18,0.0,0.0,0.0,0.0,0.0,0.0,0.0,0.0,0.0,0.0,0.0,0.0,0.0,0.0,0.0,0.0,0.0,0.0,0.0,0.0,0.0,0.0,0.0,0.0,0.0
2023-04-19,0.0,0.0,0.0,0.0,0.0,0.0,0.0,0.0,0.0,0.0,0.0,0.0,0.0,0.0,0.0,0.0,0.0,0.0,0.0,0.0,0.0,0.0,0.0,0.0,0.0
2023-04-20,0.0,0.0,0.0,0.0,0.0,0.0,0.0,0.0,0.0,0.0,0.0,0.0,0.0,0.0,0.0,0.0,0.0,0.0,0.0,0.0,0.0,0.0,0.0,0.0,0.0
2023-04-21,0.0,0.0,0.0,0.0,0.0,0.0,0.0,0.0,0.0,0.0,0.0,0.0,0.0,0.0,0.0,0.0,0.0,0.0,0.0,0.0,0.0,0.0,0.0,0.0,0.0
2023-04-24,0.0,0.0,0.0,0.0,0.0,0.0,0.0,0.0,0.0,0.0,0.0,0.0,0.0,0.0,0.0,0.0,0.0,0.0,0.0,0.0,0.0,0.0,0.0,0.0,0.0
2023-04-25,0.0,0.0,0.0,0.0,0.0,0.0,0.0,0.0,0.0,0.0,0.0,0.0,0.0,0.0,0.0,0.0,0.0,0.0,0.0,0.0,0.0,0.0,0.0,0.0,0.0
2023-04-26,0.0,0.0,0.0,0.0,0.0,0.0,0.0,0.0,0.0,0.0,0.0,0.0,0.0,0.0,0.0,0.0,0.0,0.0,0.0,0.0,0.0,0.0,0.0,0.0,0.0
2023-04-27,0.0,0.0,0.0,0.0,0.0,0.0,0.0,0.0,0.0,0.0,0.0,0.0,0.0,0.0,0.0,0.0,0.0,0.0,0.0,0.0,0.0,0.0,0.0,0.0,0.0
2023-04-28,0.0,0.0,0.0,0.0,0.0,0.0,0.0,0.0,0.0,0.0,0.0,0.0,0.0,0.0,0.0,0.0,0.0,0.0,0.0,0.0,0.0,0.0,0.0,0.0,0.0
2023-05-01,0.04859798849216728,0.04796512380902718,0.0358645774897763,0.0,0.0,0.0,0.0,0.0,0.0,0.0,0.0,0.0,0.0,0.0,0.0,0.058999159891176184,0.0,0.0,0.0,0.0,0.0,0.0,0.17374965215925603,0.08007020692883014,0.11647138703747881
2023-05-02,0.04859798849216728,0.04796512380902718,0.0358645774897763,0.0,0.0,0.0,0.0,0.0,0.0,0.0,0.0,0.0,0.0,0.0,0.0,0.058999159891176184,0.0,0.0,0.0,0.0,0.0,0.0,0.17374965215925603,0.08007020692883014,0.11647138703747881
2023-05-03,0.04859798849216728,0.04796512380902718,0.0358645774897763,0.0,0.0,0.0,0.0,0.0,0.0,0.0,0.0,0.0,0.0,0.0,0.0,0.058999159891176184,0.0,0.0,0.0,0.0,0.0,0.0,0.17374965215925603,0.08007020692883014,0.11647138703747881
2023-05-04,0.04859798849216728,0.04796512380902718,0.0358645774897763,0.0,0.0,0.0,0.0,0.0,0.0,0.0,0.0,0.0,0.0,0.0,0.0,0.058999159891176184,0.0,0.0,0.0,0.0,0.0,0.0,0.17374965215925603,0.08007020692883014,0.11647138703747881
2023-05-05,0.04859798849216728,0.04796512380902718,0.0358645774897763,0.0,0.0,0.0,0.0,0.0,0.0,0.0,0.0,0.0,0.0,0.0,0.0,0.058999159891176184,0.0,0.0,0.0,0.0,0.0,0.0,0.17374965215925603,0.08007020692883014,0.11647138703747881
2023-05-08,0.04859798849216728,0.04796512380902718,0.0358645774897763,0.0,0.0,0.0,0.0,0.0,0.0,0.0,0.0,0.0,0.0,0.0,0.0,0.058999159891176184,0.0,0.0,0.0,0.0,0.0,0.0,0.17374965215925603,0.08007020692883014,0.11647138703747881
2023-05-09,0.04859798849216728,0.04796512380902718,0.0358645774897763,0.0,0.0,0.0,0.0,0.0,0.0,0.0,0.0,0.0,0.0,0.0,0.0,0.058999159891176184,0.0,0.0,0.0,0.0,0.0,0.0,0.17374965215925603,0.08007020692883014,0.11647138703747881
2023-05-10,0.04859798849216728,0.04796512380902718,0.0358645774897763,0.0,0.0,0.0,0.0,0.0,0.0,0.0,0.0,0.0,0.0,0.0,0.0,0.058999159891176184,0.0,0.0,0.0,0.0,0.0,0.0,0.17374965215925603,0.08007020692883014,0.11647138703747881
2023-05-11,0.04859798849216728,0.04796512380902718,0.0358645774897763,0.0,0.0,0.0,0.0,0.0,0.0,0.0,0.0,0.0,0.0,0.0,0.0,0.058999159891176184,0.0,0.0,0.0,0.0,0.0,0.0,0.17374965215925603,0.08007020692883014,0.11647138703747881
2023-05-12,0.04859798849216728,0.04796512380902718,0.0358645774897763,0.0,0.0,0.0,0.0,0.0,0.0,0.0,0.0,0.0,0.0,0.0,0.0,0.058999159891176184,0.0,0.0,0.0,0.0,0.0,0.0,0.17374965215925603,0.08007020692883014,0.11647138703747881
2023-05-15,0.04859798849216728,0.04796512380902718,0.0358645774897763,0.0,0.0,0.0,0.0,0.0,0.0,0.0,0.0,0.0,0.0,0.0,0.0,0.058999159891176184,0.0,0.0,0.0,0.0,0.0,0.0,0.17374965215925603,0.08007020692883014,0.11647138703747881
2023-05-16,0.04859798849216728,0.04796512380902718,0.0358645774897763,0.0,0.0,0.0,0.0,0.0,0.0,0.0,0.0,0.0,0.0,0.0,0.0,0.058999159891176184,0.0,0.0,0.0,0.0,0.0,0.0,0.17374965215925603,0.08007020692883014,0.11647138703747881
2023-05-17,0.04859798849216728,0.04796512380902718,0.0358645774897763,0.0,0.0,0.0,0.0,0.0,0.0,0.0,0.0,0.0,0.0,0.0,0.0,0.058999159891176184,0.0,0.0,0.0,0.0,0.0,0.0,0.17374965215925603,0.08007020692883014,0.11647138703747881
2023-05-18,0.04859798849216728,0.04796512380902718,0.0358645774897763,0.0,0.0,0.0,0.0,0.0,0.0,0.0,0.0,0.0,0.0,0.0,0.0,0.058999159891176184,0.0,0.0,0.0,0.0,0.0,0.0,0.17374965215925603,0.08007020692883014,0.11647138703747881
2023-05-19,0.04859798849216728,0.04796512380902718,0.0358645774897763,0.0,0.0,0.0,0.0,0.0,0.0,0.0,0.0,0.0,0.0,0.0,0.0,0.058999159891176184,0.0,0.0,0.0,0.0,0.0,0.0,0.17374965215925603,0.08007020692883014,0.11647138703747881
2023-05-22,0.04859798849216728,0.04796512380902718,0.0358645774897763,0.0,0.0,0.0,0.0,0.0,0.0,0.0,0.0,0.0,0.0,0.0,0.0,0.058999159891176184,0.0,0.0,0.0,0.0,0.0,0.0,0.17374965215925603,0.08007020692883014,0.11647138703747881
2023-05-23,0.04859798849216728,0.04796512380902718,0.0358645774897763,0.0,0.0,0.0,0.0,0.0,0.0,0.0,0.0,0.0,0.0,0.0,0.0,0.058999159891176184,0.0,0.0,0.0,0.0,0.0,0.0,0.17374965215925603,0.08007020692883014,0.11647138703747881
2023-05-24,0.04859798849216728,0.04796512380902718,0.0358645774897763,0.0,0.0,0.0,0.0,0.0,0.0,0.0,0.0,0.0,0.0,0.0,0.0,0.058999159891176184,0.0,0.0,0.0,0.0,0.0,0.0,0.17374965215925603,0.08007020692883014,0.11647138703747881
2023-05-25,0.04859798849216728,0.04796512380902718,0.0358645774897763,0.0,0.0,0.0,0.0,0.0,0.0,0.0,0.0,0.0,0.0,0.0,0.0,0.058999159891176184,0.0,0.0,0.0,0.0,0.0,0.0,0.17374965215925603,0.08007020692883014,0.11647138703747881
2023-05-26,0.04859798849216728,0.04796512380902718,0.0358645774897763,0.0,0.0,0.0,0.0,0.0,0.0,0.0,0.0,0.0,0.0,0.0,0.0,0.058999159891176184,0.0,0.0,0.0,0.0,0.0,0.0,0.17374965215925603,0.08007020692883014,0.11647138703747881
2023-05-29,0.04859798849216728,0.04796512380902718,0.0358645774897763,0.0,0.0,0.0,0.0,0.0,0.0,0.0,0.0,0.0,0.0,0.0,0.0,0.058999159891176184,0.0,0.0,0.0,0.0,0.0,0.0,0.17374965215925603,0.08007020692883014,0.11647138703747881
2023-05-30,0.04859798849216728,0.04796512380902718,0.0358645774897763,0.0,0.0,0.0,0.0,0.0,0.0,0.0,0.0,0.0,0.0,0.0,0.0,0.058999159891176184,0.0,0.0,0.0,0.0,0.0,0.0,0.17374965215925603,0.08007020692883014,0.11647138703747881
2023-05-31,0.04859798849216728,0.04796512380902718,0.0358645774897763,0.0,0.0,0.0,0.0,0.0,0.0,0.0,0.0,0.0,0.0,0.0,0.0,0.058999159891176184,0.0,0.0,0.0,0.0,0.0,0.0,0.17374965215925603,0.08007020692883014,0.11647138703747881
2023-06-01,0.04859798849216728,0.04796512380902718,0.0358645774897763,0.0,0.0,0.0,0.0,0.0,0.0,0.0,0.0,0.0,0.0,0.0,0.0,0.058999159891176184,0.0,0.0,0.0,0.0,0.0,0.0,0.17374965215925603,0.08007020692883014,0.11647138703747881
2023-06-02,0.04859798849216728,0.04796512380902718,0.0358645774897763,0.0,0.0,0.0,0.0,0.0,0.0,0.0,0.0,0.0,0.0,0.0,0.0,0.058999159891176184,0.0,0.0,0.0,0.0,0.0,0.0,0.17374965215925603,0.08007020692883014,0.11647138703747881
2023-06-05,0.04859798849216728,0.04796512380902718,0.0358645774897763,0.0,0.0,0.0,0.0,0.0,0.0,0.0,0.0,0.0,0.0,0.0,0.0,0.058999159891176184,0.0,0.0,0.0,0.0,0.0,0.0,0.17374965215925603,0.08007020692883014,0.11647138703747881
2023-06-06,0.04859798849216728,0.04796512380902718,0.0358645774897763,0.0,0.0,0.0,0.0,0.0,0.0,0.0,0.0,0.0,0.0,0.0,0.0,0.058999159891176184,0.0,0.0,0.0,0.0,0.0,0.0,0.17374965215925603,0.08007020692883014,0.11647138703747881
2023-06-07,0.04859798849216728,0.04796512380902718,0.0358645774897763,0.0,0.0,0.0,0.0,0.0,0.0,0.0,0.0,0.0,0.0,0.0,0.0,0.058999159891176184,0.0,0.0,0.0,0.0,0.0,0.0,0.17374965215925603,0.08007020692883014,0.11647138703747881
2023-06-08,0.04859798849216728,0.04796512380902718,0.0358645774897763,0.0,0.0,0.0,0.0,0.0,0.0,0.0,0.0,0.0,0.0,0.0,0.0,0.058999159891176184,0.0,0.0,0.0,0.0,0.0,0.0,0.17374965215925603,0.08007020692883014,0.11647138703747881
2023-06-09,0.04859798849216728,0.04796512380902718,0.0358645774897763,0.0,0.0,0.0,0.0,0.0,0.0,0.0,0.0,0.0,0.0,0.0,0.0,0.058999159891176184,0.0,0.0,0.0,0.0,0.0,0.0,0.17374965215925603,0.08007020692883014,0.11647138703747881
2023-06-12,0.04859798849216728,0.04796512380902718,0.0358645774897763,0.0,0.0,0.0,0.0,0.0,0.0,0.0,0.0,0.0,0.0,0.0,0.0,0.058999159891176184,0.0,0.0,0.0,0.0,0.0,0.0,0.17374965215925603,0.08007020692883014,0.11647138703747881
2023-06-13,0.04859798849216728,0.04796512380902718,0.0358645774897763,0.0,0.0,0.0,0.0,0.0,0.0,0.0,0.0,0.0,0.0,0.0,0.0,0.058999159891176184,0.0,0.0,0.0,0.0,0.0,0.0,0.17374965215925603,0.08007020692883014,0.11647138703747881
2023-06-14,0.04859798849216728,0.04796512380902718,0.0358645774897763,0.0,0.0,0.0,0.0,0.0,0.0,0.0,0.0,0.0,0.0,0.0,0.0,0.058999159891176184,0.0,0.0,0.0,0.0,0.0,0.0,0.17374965215925603,0.08007020692883014,0.11647138703747881
2023-06-15,0.04859798849216728,0.04796512380902718,0.0358645774897763,0.0,0.0,0.0,0.0,0.0,0.0,0.0,0.0,0.0,0.0,0.0,0.0,0.058999159891176184,0.0,0.0,0.0,0.0,0.0,0.0,0.17374965215925603,0.08007020692883014,0.11647138703747881
2023-06-16,0.04859798849216728,0.04796512380902718,0.0358645774897763,0.0,0.0,0.0,0.0,0.0,0.0,0.0,0.0,0.0,0.0,0.0,0.0,0.058999159891176184,0.0,0.0,0.0,0.0,0.0,0.0,0.17374965215925603,0.08007020692883014,0.11647138703747881
2023-06-19,0.04859798849216728,0.04796512380902718,0.0358645774897763,0.0,0.0,0.0,0.0,0.0,0.0,0.0,0.0,0.0,0.0,0.0,0.0,0.058999159891176184,0.0,0.0,0.0,0.0,0.0,0.0,0.17374965215925603,0.08007020692883014,0.11647138703747881
2023-06-20,0.04859798849216728,0.04796512380902718,0.0358645774897763,0.0,0.0,0.0,0.0,0.0,0.0,0.0,0.0,0.0,0.0,0.0,0.0,0.058999159891176184,0.0,0.0,0.0,0.0,0.0,0.0,0.17374965215925603,0.08007020692883014,0.11647138703747881
2023-06-21,0.04859798849216728,0.04796512380902718,0.0358645774897763,0.0,0.0,0.0,0.0,0.0,0.0,0.0,0.0,0.0,0.0,0.0,0.0,0.058999159891176184,0.0,0.0,0.0,0.0,0.0,0.0,0.17374965215925603,0.08007020692883014,0.11647138703747881
2023-06-22,0.04859798849216728,0.04796512380902718,0.0358645774897763,0.0,0.0,0.0,0.0,0.0,0.0,0.0,0.0,0.0,0.0,0.0,0.0,0.058999159891176184,0.0,0.0,0.0,0.0,0.0,0.0,0.17374965215925603,0.08007020692883014,0.11647138703747881
2023-06-23,0.04859798849216728,0.04796512380902718,0.0358645774897763,0.0,0.0,0.0,0.0,0.0,0.0,0.0,0.0,0.0,0.0,0.0,0.0,0.058999159891176184,0.0,0.0,0.0,0.0,0.0,0.0,0.17374965215925603,0.08007020692883014,0.11647138703747881
2023-06-26,0.04859798849216728,0.04796512380902718,0.0358645774897763,0.0,0.0,0.0,0.0,0.0,0.0,0.0,0.0,0.0,0.0,0.0,0.0,0.058999159891176184,0.0,0.0,0.0,0.0,0.0,0.0,0.17374965215925603,0.08007020692883014,0.11647138703747881
2023-06-27,0.04859798849216728,0.04796512380902718,0.0358645774897763,0.0,0.0,0.0,0.0,0.0,0.0,0.0,0.0,0.0,0.0,0.0,0.0,0.058999159891176184,0.0,0.0,0.0,0.0,0.0,0.0,0.17374965215925603,0.08007020692883014,0.11647138703747881
2023-06-28,0.04859798849216728,0.04796512380902718,0.0358645774897763,0.0,0.0,0.0,0.0,0.0,0.0,0.0,0.0,0.0,0.0,0.0,0.0,0.058999159891176184,0.0,0.0,0.0,0.0,0.0,0.0,0.17374965215925603,0.08007020692883014,0.11647138703747881
2023-06-29,0.04859798849216728,0.04796512380902718,0.0358645774897763,0.0,0.0,0.0,0.0,0.0,0.0,0.0,0.0,0.0,0.0,0.0,0.0,0.058999159891176184,0.0,0.0,0.0,0.0,0.0,0.0,0.17374965215925603,0.08007020692883014,0.11647138703747881
2023-06-30,0.04859798849216728,0.04796512380902718,0.0358645774897763,0.0,0.0,0.0,0.0,0.0,0.0,0.0,0.0,0.0,0.0,0.0,0.0,0.058999159891176184,0.0,0.0,0.0,0.0,0.0,0.0,0.17374965215925603,0.08007020692883014,0.11647138703747881
2023-07-03,0.04859798849216728,0.04796512380902718,0.0358645774897763,0.0,0.0,0.0,0.0,0.0,0.0,0.0,0.0,0.0,0.0,0.0,0.0,0.058999159891176184,0.0,0.0,0.0,0.0,0.0,0.0,0.17374965215925603,0.08007020692883014,0.11647138703747881
2023-07-04,0.04859798849216728,0.04796512380902718,0.0358645774897763,0.0,0.0,0.0,0.0,0.0,0.0,0.0,0.0,0.0,0.0,0.0,0.0,0.058999159891176184,0.0,0.0,0.0,0.0,0.0,0.0,0.17374965215925603,0.08007020692883014,0.11647138703747881
2023-07-05,0.04859798849216728,0.04796512380902718,0.0358645774897763,0.0,0.0,0.0,0.0,0.0,0.0,0.0,0.0,0.0,0.0,0.0,0.0,0.058999159891176184,0.0,0.0,0.0,0.0,0.0,0.0,0.17374965215925603,0.08007020692883014,0.11647138703747881
2023-07-06,0.04859798849216728,0.04796512380902718,0.0358645774897763,0.0,0.0,0.0,0.0,0.0,0.0,0.0,0.0,0.0,0.0,0.0,0.0,0.058999159891176184,0.0,0.0,0.0,0.0,0.0,0.0,0.17374965215925603,0.08007020692883014,0.11647138703747881
2023-07-07,0.04859798849216728,0.04796512380902718,0.0358645774897763,0.0,0.0,0.0,0.0,0.0,0.0,0.0,0.0,0.0,0.0,0.0,0.0,0.058999159891176184,0.0,0.0,0.0,0.0,0.0,0.0,0.17374965215925603,0.08007020692883014,0.11647138703747881
2023-07-10,0.04859798849216728,0.04796512380902718,0.0358645774897763,0.0,0.0,0.0,0.0,0.0,0.0,0.0,0.0,0.0,0.0,0.0,0.0,0.058999159891176184,0.0,0.0,0.0,0.0,0.0,0.0,0.17374965215925603,0.08007020692883014,0.11647138703747881
2023-07-11,0.04859798849216728,0.04796512380902718,0.0358645774897763,0.0,0.0,0.0,0.0,0.0,0.0,0.0,0.0,0.0,0.0,0.0,0.0,0.058999159891176184,0.0,0.0,0.0,0.0,0.0,0.0,0.17374965215925603,0.08007020692883014,0.11647138703747881
2023-07-12,0.04859798849216728,0.04796512380902718,0.0358645774897763,0.0,0.0,0.0,0.0,0.0,0.0,0.0,0.0,0.0,0.0,0.0,0.0,0.058999159891176184,0.0,0.0,0.0,0.0,0.0,0.0,0.17374965215925603,0.08007020692883014,0.11647138703747881
2023-07-13,0.04859798849216728,0.04796512380902718,0.0358645774897763,0.0,0.0,0.0,0.0,0.0,0.0,0.0,0.0,0.0,0.0,0.0,0.0,0.058999159891176184,0.0,0.0,0.0,0.0,0.0,0.0,0.17374965215925603,0.08007020692883014,0.11647138703747881
2023-07-14,0.04859798849216728,0.04796512380902718,0.0358645774897763,0.0,0.0,0.0,0.0,0.0,0.0,0.0,0.0,0.0,0.0,0.0,0.0,0.058999159891176184,0.0,0.0,0.0,0.0,0.0,0.0,0.17374965215925603,0.08007020692883014,0.11647138703747881
2023-07-17,0.04859798849216728,0.04796512380902718,0.0358645774897763,0.0,0.0,0.0,0.0,0.0,0.0,0.0,0.0,0.0,0.0,0.0,0.0,0.058999159891176184,0.0,0.0,0.0,0.0,0.0,0.0,0.17374965215925603,0.08007020692883014,0.11647138703747881
2023-07-18,0.04859798849216728,0.04796512380902718,0.0358645774897763,0.0,0.0,0.0,0.0,0.0,0.0,0.0,0.0,0.0,0.0,0.0,0.0,0.058999159891176184,0.0,0.0,0.0,0.0,0.0,0.0,0.17374965215925603,0.08007020692883014,0.11647138703747881
2023-07-19,0.04859798849216728,0.04796512380902718,0.0358645774897763,0.0,0.0,0.0,0.0,0.0,0.0,0.0,0.0,0.0,0.0,0.0,0.0,0.058999159891176184,0.0,0.0,0.0,0.0,0.0,0.0,0.17374965215925603,0.08007020692883014,0.11647138703747881
2023-07-20,0.04859798849216728,0.04796512380902718,0.0358645774897763,0.0,0.0,0.0,0.0,0.0,0.0,0.0,0.0,0.0,0.0,0.0,0.0,0.058999159891176184,0.0,0.0,0.0,0.0,0.0,0.0,0.17374965215925603,0.08007020692883014,0.11647138703747881
2023-07-21,0.04859798849216728,0.04796512380902718,0.0358645774897763,0.0,0.0,0.0,0.0,0.0,0.0,0.0,0.0,0.0,0.0,0.0,0.0,0.058999159891176184,0.0,0.0,0.0,0.0,0.0,0.0,0.17374965215925603,0.08007020692883014,0.11647138703747881
2023-07-24,0.04859798849216728,0.04796512380902718,0.0358645774897763,0.0,0.0,0.0,0.0,0.0,0.0,0.0,0.0,0.0,0.0,0.0,0.0,0.058999159891176184,0.0,0.0,0.0,0.0,0.0,0.0,0.17374965215925603,0.08007020692883014,0.11647138703747881
2023-07-25,0.04859798849216728,0.04796512380902718,0.0358645774897763,0.0,0.0,0.0,0.0,0.0,0.0,0.0,0.0,0.0,0.0,0.0,0.0,0.058999159891176184,0.0,0.0,0.0,0.0,0.0,0.0,0.17374965215925603,0.08007020692883014,0.11647138703747881
2023-07-26,0.04859798849216728,0.04796512380902718,0.0358645774897763,0.0,0.0,0.0,0.0,0.0,0.0,0.0,0.0,0.0,0.0,0.0,0.0,0.058999159891176184,0.0,0.0,0.0,0.0,0.0,0.0,0.17374965215925603,0.08007020692883014,0.11647138703747881
2023-07-27,0.04859798849216728,0.04796512380902718,0.0358645774897763,0.0,0.0,0.0,0.0,0.0,0.0,0.0,0.0,0.0,0.0,0.0,0.0,0.058999159891176184,0.0,0.0,0.0,0.0,0.0,0.0,0.17374965215925603,0.08007020692883014,0.11647138703747881
2023-07-28,0.04859798849216728,0.04796512380902718,0.0358645774897763,0.0,0.0,0.0,0.0,0.0,0.0,0.0,0.0,0.0,0.0,0.0,0.0,0.058999159891176184,0.0,0.0,0.0,0.0,0.0,0.0,0.17374965215925603,0.08007020692883014,0.11647138703747881
2023-07-31,0.04859798849216728,0.04796512380902718,0.0358645774897763,0.0,0.0,0.0,0.0,0.0,0.0,0.0,0.0,0.0,0.0,0.0,0.0,0.058999159891176184,0.0,0.0,0.0,0.0,0.0,0.0,0.17374965215925603,0.08007020692883014,0.11647138703747881
2023-08-01,0.0318375997232458,0.03777359383210065,0.03325910190348711,0.0,0.0,0.0,0.0,0.0,0.0,0.0,0.0,0.0,0.0,0.0,0.0,0.05049845983492863,0.0,0.0,0.0,0.0,0.0,0.0,0.2847883470492351,0.04849960411810697,0.0655426661035914
2023-08-02,0.0318375997232458,0.03777359383210065,0.03325910190348711,0.0,0.0,0.0,0.0,0.0,0.0,0.0,0.0,0.0,0.0,0.0,0.0,0.05049845983492863,0.0,0.0,0.0,0.0,0.0,0.0,0.2847883470492351,0.04849960411810697,0.0655426661035914
2023-08-03,0.0318375997232458,0.03777359383210065,0.03325910190348711,0.0,0.0,0.0,0.0,0.0,0.0,0.0,0.0,0.0,0.0,0.0,0.0,0.05049845983492863,0.0,0.0,0.0,0.0,0.0,0.0,0.2847883470492351,0.04849960411810697,0.0655426661035914
2023-08-04,0.0318375997232458,0.03777359383210065,0.03325910190348711,0.0,0.0,0.0,0.0,0.0,0.0,0.0,0.0,0.0,0.0,0.0,0.0,0.05049845983492863,0.0,0.0,0.0,0.0,0.0,0.0,0.2847883470492351,0.04849960411810697,0.0655426661035914
2023-08-07,0.0318375997232458,0.03777359383210065,0.03325910190348711,0.0,0.0,0.0,0.0,0.0,0.0,0.0,0.0,0.0,0.0,0.0,0.0,0.05049845983492863,0.0,0.0,0.0,0.0,0.0,0.0,0.2847883470492351,0.04849960411810697,0.0655426661035914
2023-08-08,0.0318375997232458,0.03777359383210065,0.03325910190348711,0.0,0.0,0.0,0.0,0.0,0.0,0.0,0.0,0.0,0.0,0.0,0.0,0.05049845983492863,0.0,0.0,0.0,0.0,0.0,0.0,0.2847883470492351,0.04849960411810697,0.0655426661035914
2023-08-09,0.0318375997232458,0.03777359383210065,0.03325910190348711,0.0,0.0,0.0,0.0,0.0,0.0,0.0,0.0,0.0,0.0,0.0,0.0,0.05049845983492863,0.0,0.0,0.0,0.0,0.0,0.0,0.2847883470492351,0.04849960411810697,0.0655426661035914
2023-08-10,0.0318375997232458,0.03777359383210065,0.03325910190348711,0.0,0.0,0.0,0.0,0.0,0.0,0.0,0.0,0.0,0.0,0.0,0.0,0.05049845983492863,0.0,0.0,0.0,0.0,0.0,0.0,0.2847883470492351,0.04849960411810697,0.0655426661035914
2023-08-11,0.0318375997232458,0.03777359383210065,0.03325910190348711,0.0,0.0,0.0,0.0,0.0,0.0,0.0,0.0,0.0,0.0,0.0,0.0,0.05049845983492863,0.0,0.0,0.0,0.0,0.0,0.0,0.2847883470492351,0.04849960411810697,0.0655426661035914
2023-08-14,0.0318375997232458,0.03777359383210065,0.03325910190348711,0.0,0.0,0.0,0.0,0.0,0.0,0.0,0.0,0.0,0.0,0.0,0.0,0.05049845983492863,0.0,0.0,0.0,0.0,0.0,0.0,0.2847883470492351,0.04849960411810697,0.0655426661035914
2023-08-15,0.0318375997232458,0.03777359383210065,0.03325910190348711,0.0,0.0,0.0,0.0,0.0,0.0,0.0,0.0,0.0,0.0,0.0,0.0,0.05049845983492863,0.0,0.0,0.0,0.0,0.0,0.0,0.2847883470492351,0.04849960411810697,0.0655426661035914
2023-08-16,0.0318375997232458,0.03777359383210065,0.03325910190348711,0.0,0.0,0.0,0.0,0.0,0.0,0.0,0.0,0.0,0.0,0.0,0.0,0.05049845983492863,0.0,0.0,0.0,0.0,0.0,0.0,0.2847883470492351,0.04849960411810697,0.0655426661035914
2023-08-17,0.0318375997232458,0.03777359383210065,0.03325910190348711,0.0,0.0,0.0,0.0,0.0,0.0,0.0,0.0,0.0,0.0,0.0,0.0,0.05049845983492863,0.0,0.0,0.0,0.0,0.0,0.0,0.2847883470492351,0.04849960411810697,0.0655426661035914
2023-08-18,0.0318375997232458,0.03777359383210065,0.03325910190348711,0.0,0.0,0.0,0.0,0.0,0.0,0.0,0.0,0.0,0.0,0.0,0.0,0.05049845983492863,0.0,0.0,0.0,0.0,0.0,0.0,0.2847883470492351,0.04849960411810697,0.0655426661035914
2023-08-21,0.0318375997232458,0.03777359383210065,0.03325910190348711,0.0,0.0,0.0,0.0,0.0,0.0,0.0,0.0,0.0,0.0,0.0,0.0,0.05049845983492863,0.0,0.0,0.0,0.0,0.0,0.0,0.2847883470492351,0.04849960411810697,0.0655426661035914
2023-08-22,0.0318375997232458,0.03777359383210065,0.03325910190348711,0.0,0.0,0.0,0.0,0.0,0.0,0.0,0.0,0.0,0.0,0.0,0.0,0.05049845983492863,0.0,0.0,0.0,0.0,0.0,0.0,0.2847883470492351,0.04849960411810697,0.0655426661035914
2023-08-23,0.0318375997232458,0.03777359383210065,0.03325910190348711,0.0,0.0,0.0,0.0,0.0,0.0,0.0,0.0,0.0,0.0,0.0,0.0,0.05049845983492863,0.0,0.0,0.0,0.0,0.0,0.0,0.2847883470492351,0.04849960411810697,0.0655426661035914
2023-08-24,0.0318375997232458,0.03777359383210065,0.03325910190348711,0.0,0.0,0.0,0.0,0.0,0.0,0.0,0.0,0.0,0.0,0.0,0.0,0.05049845983492863,0.0,0.0,0.0,0.0,0.0,0.0,0.2847883470492351,0.04849960411810697,0.0655426661035914
2023-08-25,0.0318375997232458,0.03777359383210065,0.03325910190348711,0.0,0.0,0.0,0.0,0.0,0.0,0.0,0.0,0.0,0.0,0.0,0.0,0.05049845983492863,0.0,0.0,0.0,0.0,0.0,0.0,0.2847883470492351,0.04849960411810697,0.0655426661035914
2023-08-28,0.0318375997232458,0.03777359383210065,0.03325910190348711,0.0,0.0,0.0,0.0,0.0,0.0,0.0,0.0,0.0,0.0,0.0,0.0,0.05049845983492863,0.0,0.0,0.0,0.0,0.0,0.0,0.2847883470492351,0.04849960411810697,0.0655426661035914
2023-08-29,0.0318375997232458,0.03777359383210065,0.03325910190348711,0.0,0.0,0.0,0.0,0.0,0.0,0.0,0.0,0.0,0.0,0.0,0.0,0.05049845983492863,0.0,0.0,0.0,0.0,0.0,0.0,0.2847883470492351,0.04849960411810697,0.0655426661035914
2023-08-30,0.0318375997232458,0.03777359383210065,0.03325910190348711,0.0,0.0,0.0,0.0,0.0,0.0,0.0,0.0,0.0,0.0,0.0,0.0,0.05049845983492863,0.0,0.0,0.0,0.0,0.0,0.0,0.2847883470492351,0.04849960411810697,0.0655426661035914
2023-08-31,0.0318375997232458,0.03777359383210065,0.03325910190348711,0.0,0.0,0.0,0.0,0.0,0.0,0.0,0.0,0.0,0.0,0.0,0.0,0.05049845983492863,0.0,0.0,0.0,0.0,0.0,0.0,0.2847883470492351,0.04849960411810697,0.0655426661035914
2023-09-01,0.0318375997232458,0.03777359383210065,0.03325910190348711,0.0,0.0,0.0,0.0,0.0,0.0,0.0,0.0,0.0,0.0,0.0,0.0,0.05049845983492863,0.0,0.0,0.0,0.0,0.0,0.0,0.2847883470492351,0.04849960411810697,0.0655426661035914
2023-09-04,0.0318375997232458,0.03777359383210065,0.03325910190348711,0.0,0.0,0.0,0.0,0.0,0.0,0.0,0.0,0.0,0.0,0.0,0.0,0.05049845983492863,0.0,0.0,0.0,0.0,0.0,0.0,0.2847883470492351,0.04849960411810697,0.0655426661035914
2023-09-05,0.0318375997232458,0.03777359383210065,0.03325910190348711,0.0,0.0,0.0,0.0,0.0,0.0,0.0,0.0,0.0,0.0,0.0,0.0,0.05049845983492863,0.0,0.0,0.0,0.0,0.0,0.0,0.2847883470492351,0.04849960411810697,0.0655426661035914
2023-09-06,0.0318375997232458,0.03777359383210065,0.03325910190348711,0.0,0.0,0.0,0.0,0.0,0.0,0.0,0.0,0.0,0.0,0.0,0.0,0.05049845983492863,0.0,0.0,0.0,0.0,0.0,0.0,0.2847883470492351,0.04849960411810697,0.0655426661035914
2023-09-07,0.0318375997232458,0.03777359383210065,0.03325910190348711,0.0,0.0,0.0,0.0,0.0,0.0,0.0,0.0,0.0,0.0,0.0,0.0,0.05049845983492863,0.0,0.0,0.0,0.0,0.0,0.0,0.2847883470492351,0.04849960411810697,0.0655426661035914
2023-09-08,0.0318375997232458,0.03777359383210065,0.03325910190348711,0.0,0.0,0.0,0.0,0.0,0.0,0.0,0.0,0.0,0.0,0.0,0.0,0.05049845983492863,0.0,0.0,0.0,0.0,0.0,0.0,0.2847883470492351,0.04849960411810697,0.0655426661035914
2023-09-11,0.0318375997232458,0.03777359383210065,0.03325910190348711,0.0,0.0,0.0,0.0,0.0,0.0,0.0,0.0,0.0,0.0,0.0,0.0,0.05049845983492863,0.0,0.0,0.0,0.0,0.0,0.0,0.2847883470492351,0.04849960411810697,0.0655426661035914
2023-09-12,0.0318375997232458,0.03777359383210065,0.03325910190348711,0.0,0.0,0.0,0.0,0.0,0.0,0.0,0.0,0.0,0.0,0.0,0.0,0.05049845983492863,0.0,0.0,0.0,0.0,0.0,0.0,0.2847883470492351,0.04849960411810697,0.0655426661035914
2023-09-13,0.0318375997232458,0.03777359383210065,0.03325910190348711,0.0,0.0,0.0,0.0,0.0,0.0,0.0,0.0,0.0,0.0,0.0,0.0,0.05049845983492863,0.0,0.0,0.0,0.0,0.0,0.0,0.2847883470492351,0.04849960411810697,0.0655426661035914
2023-09-14,0.0318375997232458,0.03777359383210065,0.03325910190348711,0.0,0.0,0.0,0.0,0.0,0.0,0.0,0.0,0.0,0.0,0.0,0.0,0.05049845983492863,0.0,0.0,0.0,0.0,0.0,0.0,0.2847883470492351,0.04849960411810697,0.0655426661035914
2023-09-15,0.0318375997232458,0.03777359383210065,0.03325910190348711,0.0,0.0,0.0,0.0,0.0,0.0,0.0,0.0,0.0,0.0,0.0,0.0,0.05049845983492863,0.0,0.0,0.0,0.0,0.0,0.0,0.2847883470492351,0.04849960411810697,0.0655426661035914
2023-09-18,0.0318375997232458,0.03777359383210065,0.03325910190348711,0.0,0.0,0.0,0.0,0.0,0.0,0.0,0.0,0.0,0.0,0.0,0.0,0.05049845983492863,0.0,0.0,0.0,0.0,0.0,0.0,0.2847883470492351,0.04849960411810697,0.0655426661035914
2023-09-19,0.0318375997232458,0.03777359383210065,0.03325910190348711,0.0,0.0,0.0,0.0,0.0,0.0,0.0,0.0,0.0,0.0,0.0,0.0,0.05049845983492863,0.0,0.0,0.0,0.0,0.0,0.0,0.2847883470492351,0.04849960411810697,0.0655426661035914
2023-09-20,0.0318375997232458,0.03777359383210065,0.03325910190348711,0.0,0.0,0.0,0.0,0.0,0.0,0.0,0.0,0.0,0.0,0.0,0.0,0.05049845983492863,0.0,0.0,0.0,0.0,0.0,0.0,0.2847883470492351,0.04849960411810697,0.0655426661035914
2023-09-21,0.0318375997232458,0.03777359383210065,0.03325910190348711,0.0,0.0,0.0,0.0,0.0,0.0,0.0,0.0,0.0,0.0,0.0,0.0,0.05049845983492863,0.0,0.0,0.0,0.0,0.0,0.0,0.2847883470492351,0.04849960411810697,0.0655426661035914
2023-09-22,0.0318375997232458,0.03777359383210065,0.03325910190348711,0.0,0.0,0.0,0.0,0.0,0.0,0.0,0.0,0.0,0.0,0.0,0.0,0.05049845983492863,0.0,0.0,0.0,0.0,0.0,0.0,0.2847883470492351,0.04849960411810697,0.0655426661035914
2023-09-25,0.0318375997232458,0.03777359383210065,0.03325910190348711,0.0,0.0,0.0,0.0,0.0,0.0,0.0,0.0,0.0,0.0,0.0,0.0,0.05049845983492863,0.0,0.0,0.0,0.0,0.0,0.0,0.2847883470492351,0.04849960411810697,0.0655426661035914
2023-09-26,0.0318375997232458,0.03777359383210065,0.03325910190348711,0.0,0.0,0.0,0.0,0.0,0.0,0.0,0.0,0.0,0.0,0.0,0.0,0.05049845983492863,0.0,0.0,0.0,0.0,0.0,0.0,0.2847883470492351,0.04849960411810697,0.0655426661035914
2023-09-27,0.0318375997232458,0.03777359383210065,0.03325910190348711,0.0,0.0,0.0,0.0,0.0,0.0,0.0,0.0,0.0,0.0,0.0,0.0,0.05049845983492863,0.0,0.0,0.0,0.0,0.0,0.0,0.2847883470492351,0.04849960411810697,0.0655426661035914
2023-09-28,0.0318375997232458,0.03777359383210065,0.03325910190348711,0.0,0.0,0.0,0.0,0.0,0.0,0.0,0.0,0.0,0.0,0.0,0.0,0.05049845983492863,0.0,0.0,0.0,0.0,0.0,0.0,0.2847883470492351,0.04849960411810697,0.0655426661035914
2023-09-29,0.0318375997232458,0.03777359383210065,0.03325910190348711,0.0,0.0,0.0,0.0,0.0,0.0,0.0,0.0,0.0,0.0,0.0,0.0,0.05049845983492863,0.0,0.0,0.0,0.0,0.0,0.0,0.2847883470492351,0.04849960411810697,0.0655426661035914
2023-10-02,0.0318375997232458,0.03777359383210065,0.03325910190348711,0.0,0.0,0.0,0.0,0.0,0.0,0.0,0.0,0.0,0.0,0.0,0.0,0.05049845983492863,0.0,0.0,0.0,0.0,0.0,0.0,0.2847883470492351,0.04849960411810697,0.0655426661035914
2023-10-03,0.0318375997232458,0.03777359383210065,0.03325910190348711,0.0,0.0,0.0,0.0,0.0,0.0,0.0,0.0,0.0,0.0,0.0,0.0,0.05049845983492863,0.0,0.0,0.0,0.0,0.0,0.0,0.2847883470492351,0.04849960411810697,0.0655426661035914
2023-10-04,0.0318375997232458,0.03777359383210065,0.03325910190348711,0.0,0.0,0.0,0.0,0.0,0.0,0.0,0.0,0.0,0.0,0.0,0.0,0.05049845983492863,0.0,0.0,0.0,0.0,0.0,0.0,0.2847883470492351,0.04849960411810697,0.0655426661035914
2023-10-05,0.0318375997232458,0.03777359383210065,0.03325910190348711,0.0,0.0,0.0,0.0,0.0,0.0,0.0,0.0,0.0,0.0,0.0,0.0,0.05049845983492863,0.0,0.0,0.0,0.0,0.0,0.0,0.2847883470492351,0.04849960411810697,0.0655426661035914
2023-10-06,0.0318375997232458,0.03777359383210065,0.03325910190348711,0.0,0.0,0.0,0.0,0.0,0.0,0.0,0.0,0.0,0.0,0.0,0.0,0.05049845983492863,0.0,0.0,0.0,0.0,0.0,0.0,0.2847883470492351,0.04849960411810697,0.0655426661035914
2023-10-09,0.0318375997232458,0.03777359383210065,0.03325910190348711,0.0,0.0,0.0,0.0,0.0,0.0,0.0,0.0,0.0,0.0,0.0,0.0,0.05049845983492863,0.0,0.0,0.0,0.0,0.0,0.0,0.2847883470492351,0.04849960411810697,0.0655426661035914
2023-10-10,0.0318375997232458,0.03777359383210065,0.03325910190348711,0.0,0.0,0.0,0.0,0.0,0.0,0.0,0.0,0.0,0.0,0.0,0.0,0.05049845983492863,0.0,0.0,0.0,0.0,0.0,0.0,0.2847883470492351,0.04849960411810697,0.0655426661035914
2023-10-11,0.0318375997232458,0.03777359383210065,0.03325910190348711,0.0,0.0,0.0,0.0,0.0,0.0,0.0,0.0,0.0,0.0,0.0,0.0,0.05049845983492863,0.0,0.0,0.0,0.0,0.0,0.0,0.2847883470492351,0.04849960411810697,0.0655426661035914
2023-10-12,0.0318375997232458,0.03777359383210065,0.03325910190348711,0.0,0.0,0.0,0.0,0.0,0.0,0.0,0.0,0.0,0.0,0.0,0.0,0.05049845983492863,0.0,0.0,0.0,0.0,0.0,0.0,0.2847883470492351,0.04849960411810697,0.0655426661035914
2023-10-13,0.0318375997232458,0.03777359383210065,0.03325910190348711,0.0,0.0,0.0,0.0,0.0,0.0,0.0,0.0,0.0,0.0,0.0,0.0,0.05049845983492863,0.0,0.0,0.0,0.0,0.0,0.0,0.2847883470492351,0.04849960411810697,0.0655426661035914
2023-10-16,0.0318375997232458,0.03777359383210065,0.03325910190348711,0.0,0.0,0.0,0.0,0.0,0.0,0.0,0.0,0.0,0.0,0.0,0.0,0.05049845983492863,0.0,0.0,0.0,0.0,0.0,0.0,0.2847883470492351,0.04849960411810697,0.0655426661035914
2023-10-17,0.0318375997232458,0.03777359383210065,0.03325910190348711,0.0,0.0,0.0,0.0,0.0,0.0,0.0,0.0,0.0,0.0,0.0,0.0,0.05049845983492863,0.0,0.0,0.0,0.0,0.0,0.0,0.2847883470492351,0.04849960411810697,0.0655426661035914
2023-10-18,0.0318375997232458,0.03777359383210065,0.03325910190348711,0.0,0.0,0.0,0.0,0.0,0.0,0.0,0.0,0.0,0.0,0.0,0.0,0.05049845983492863,0.0,0.0,0.0,0.0,0.0,0.0,0.2847883470492351,0.04849960411810697,0.0655426661035914
2023-10-19,0.0318375997232458,0.03777359383210065,0.03325910190348711,0.0,0.0,0.0,0.0,0.0,0.0,0.0,0.0,0.0,0.0,0.0,0.0,0.05049845983492863,0.0,0.0,0.0,0.0,0.0,0.0,0.2847883470492351,0.04849960411810697,0.0655426661035914
2023-10-20,0.0318375997232458,0.03777359383210065,0.03325910190348711,0.0,0.0,0.0,0.0,0.0,0.0,0.0,0.0,0.0,0.0,0.0,0.0,0.05049845983492863,0.0,0.0,0.0,0.0,0.0,0.0,0.2847883470492351,0.04849960411810697,0.0655426661035914
2023-10-23,0.0318375997232458,0.03777359383210065,0.03325910190348711,0.0,0.0,0.0,0.0,0.0,0.0,0.0,0.0,0.0,0.0,0.0,0.0,0.05049845983492863,0.0,0.0,0.0,0.0,0.0,0.0,0.2847883470492351,0.04849960411810697,0.0655426661035914
2023-10-24,0.0318375997232458,0.03777359383210065,0.03325910190348711,0.0,0.0,0.0,0.0,0.0,0.0,0.0,0.0,0.0,0.0,0.0,0.0,0.05049845983492863,0.0,0.0,0.0,0.0,0.0,0.0,0.2847883470492351,0.04849960411810697,0.0655426661035914
2023-10-25,0.0318375997232458,0.03777359383210065,0.03325910190348711,0.0,0.0,0.0,0.0,0.0,0.0,0.0,0.0,0.0,0.0,0.0,0.0,0.05049845983492863,0.0,0.0,0.0,0.0,0.0,0.0,0.2847883470492351,0.04849960411810697,0.0655426661035914
2023-10-26,0.0318375997232458,0.03777359383210065,0.03325910190348711,0.0,0.0,0.0,0.0,0.0,0.0,0.0,0.0,0.0,0.0,0.0,0.0,0.05049845983492863,0.0,0.0,0.0,0.0,0.0,0.0,0.2847883470492351,0.04849960411810697,0.0655426661035914
2023-10-27,0.0318375997232458,0.03777359383210065,0.03325910190348711,0.0,0.0,0.0,0.0,0.0,0.0,0.0,0.0,0.0,0.0,0.0,0.0,0.05049845983492863,0.0,0.0,0.0,0.0,0.0,0.0,0.2847883470492351,0.04849960411810697,0.0655426661035914
2023-10-30,0.0318375997232458,0.03777359383210065,0.03325910190348711,0.0,0.0,0.0,0.0,0.0,0.0,0.0,0.0,0.0,0.0,0.0,0.0,0.05049845983492863,0.0,0.0,0.0,0.0,0.0,0.0,0.2847883470492351,0.04849960411810697,0.0655426661035914
2023-10-31,0.0318375997232458,0.03777359383210065,0.03325910190348711,0.0,0.0,0.0,0.0,0.0,0.0,0.0,0.0,0.0,0.0,0.0,0.0,0.05049845983492863,0.0,0.0,0.0,0.0,0.0,0.0,0.2847883470492351,0.04849960411810697,0.0655426661035914
2023-11-01,0.03894114540150438,0.0491083784424059,0.03727813769826251,0.0,0.0,0.0,0.0,0.0,0.0,0.0,0.0,0.0,0.0,0.0,0.0,0.0,0.0,0.0,0.0,0.0,0.0,0.0,0.3371250128946076,0.0,0.09254039224052808
2023-11-02,0.03894114540150438,0.0491083784424059,0.03727813769826251,0.0,0.0,0.0,0.0,0.0,0.0,0.0,0.0,0.0,0.0,0.0,0.0,0.0,0.0,0.0,0.0,0.0,0.0,0.0,0.3371250128946076,0.0,0.09254039224052808
2023-11-03,0.03894114540150438,0.0491083784424059,0.03727813769826251,0.0,0.0,0.0,0.0,0.0,0.0,0.0,0.0,0.0,0.0,0.0,0.0,0.0,0.0,0.0,0.0,0.0,0.0,0.0,0.3371250128946076,0.0,0.09254039224052808
2023-11-06,0.03894114540150438,0.0491083784424059,0.03727813769826251,0.0,0.0,0.0,0.0,0.0,0.0,0.0,0.0,0.0,0.0,0.0,0.0,0.0,0.0,0.0,0.0,0.0,0.0,0.0,0.3371250128946076,0.0,0.09254039224052808
2023-11-07,0.03894114540150438,0.0491083784424059,0.03727813769826251,0.0,0.0,0.0,0.0,0.0,0.0,0.0,0.0,0.0,0.0,0.0,0.0,0.0,0.0,0.0,0.0,0.0,0.0,0.0,0.3371250128946076,0.0,0.09254039224052808
2023-11-08,0.03894114540150438,0.0491083784424059,0.03727813769826251,0.0,0.0,0.0,0.0,0.0,0.0,0.0,0.0,0.0,0.0,0.0,0.0,0.0,0.0,0.0,0.0,0.0,0.0,0.0,0.3371250128946076,0.0,0.09254039224052808
2023-11-09,0.03894114540150438,0.0491083784424059,0.03727813769826251,0.0,0.0,0.0,0.0,0.0,0.0,0.0,0.0,0.0,0.0,0.0,0.0,0.0,0.0,0.0,0.0,0.0,0.0,0.0,0.3371250128946076,0.0,0.09254039224052808
2023-11-10,0.03894114540150438,0.0491083784424059,0.03727813769826251,0.0,0.0,0.0,0.0,0.0,0.0,0.0,0.0,0.0,0.0,0.0,0.0,0.0,0.0,0.0,0.0,0.0,0.0,0.0,0.3371250128946076,0.0,0.09254039224052808
2023-11-13,0.03894114540150438,0.0491083784424059,0.03727813769826251,0.0,0.0,0.0,0.0,0.0,0.0,0.0,0.0,0.0,0.0,0.0,0.0,0.0,0.0,0.0,0.0,0.0,0.0,0.0,0.3371250128946076,0.0,0.09254039224052808
2023-11-14,0.03894114540150438,0.0491083784424059,0.03727813769826251,0.0,0.0,0.0,0.0,0.0,0.0,0.0,0.0,0.0,0.0,0.0,0.0,0.0,0.0,0.0,0.0,0.0,0.0,0.0,0.3371250128946076,0.0,0.09254039224052808
2023-11-15,0.03894114540150438,0.0491083784424059,0.03727813769826251,0.0,0.0,0.0,0.0,0.0,0.0,0.0,0.0,0.0,0.0,0.0,0.0,0.0,0.0,0.0,0.0,0.0,0.0,0.0,0.3371250128946076,0.0,0.09254039224052808
2023-11-16,0.03894114540150438,0.0491083784424059,0.03727813769826251,0.0,0.0,0.0,0.0,0.0,0.0,0.0,0.0,0.0,0.0,0.0,0.0,0.0,0.0,0.0,0.0,0.0,0.0,0.0,0.3371250128946076,0.0,0.09254039224052808
2023-11-17,0.03894114540150438,0.0491083784424059,0.03727813769826251,0.0,0.0,0.0,0.0,0.0,0.0,0.0,0.0,0.0,0.0,0.0,0.0,0.0,0.0,0.0,0.0,0.0,0.0,0.0,0.3371250128946076,0.0,0.09254039224052808
2023-11-20,0.03894114540150438,0.0491083784424059,0.03727813769826251,0.0,0.0,0.0,0.0,0.0,0.0,0.0,0.0,0.0,0.0,0.0,0.0,0.0,0.0,0.0,0.0,0.0,0.0,0.0,0.3371250128946076,0.0,0.09254039224052808
2023-11-21,0.03894114540150438,0.0491083784424059,0.03727813769826251,0.0,0.0,0.0,0.0,0.0,0.0,0.0,0.0,0.0,0.0,0.0,0.0,0.0,0.0,0.0,0.0,0.0,0.0,0.0,0.3371250128946076,0.0,0.09254039224052808
2023-11-22,0.03894114540150438,0.0491083784424059,0.03727813769826251,0.0,0.0,0.0,0.0,0.0,0.0,0.0,0.0,0.0,0.0,0.0,0.0,0.0,0.0,0.0,0.0,0.0,0.0,0.0,0.3371250128946076,0.0,0.09254039224052808
2023-11-23,0.03894114540150438,0.0491083784424059,0.03727813769826251,0.0,0.0,0.0,0.0,0.0,0.0,0.0,0.0,0.0,0.0,0.0,0.0,0.0,0.0,0.0,0.0,0.0,0.0,0.0,0.3371250128946076,0.0,0.09254039224052808
2023-11-24,0.03894114540150438,0.0491083784424059,0.03727813769826251,0.0,0.0,0.0,0.0,0.0,0.0,0.0,0.0,0.0,0.0,0.0,0.0,0.0,0.0,0.0,0.0,0.0,0.0,0.0,0.3371250128946076,0.0,0.09254039224052808
2023-11-27,0.03894114540150438,0.0491083784424059,0.03727813769826251,0.0,0.0,0.0,0.0,0.0,0.0,0.0,0.0,0.0,0.0,0.0,0.0,0.0,0.0,0.0,0.0,0.0,0.0,0.0,0.3371250128946076,0.0,0.09254039224052808
2023-11-28,0.03894114540150438,0.0491083784424059,0.03727813769826251,0.0,0.0,0.0,0.0,0.0,0.0,0.0,0.0,0.0,0.0,0.0,0.0,0.0,0.0,0.0,0.0,0.0,0.0,0.0,0.3371250128946076,0.0,0.09254039224052808
2023-11-29,0.03894114540150438,0.0491083784424059,0.03727813769826251,0.0,0.0,0.0,0.0,0.0,0.0,0.0,0.0,0.0,0.0,0.0,0.0,0.0,0.0,0.0,0.0,0.0,0.0,0.0,0.3371250128946076,0.0,0.09254039224052808
2023-11-30,0.03894114540150438,0.0491083784424059,0.03727813769826251,0.0,0.0,0.0,0.0,0.0,0.0,0.0,0.0,0.0,0.0,0.0,0.0,0.0,0.0,0.0,0.0,0.0,0.0,0.0,0.3371250128946076,0.0,0.09254039224052808
2023-12-01,0.03894114540150438,0.0491083784424059,0.03727813769826251,0.0,0.0,0.0,0.0,0.0,0.0,0.0,0.0,0.0,0.0,0.0,0.0,0.0,0.0,0.0,0.0,0.0,0.0,0.0,0.3371250128946076,0.0,0.09254039224052808
2023-12-04,0.03894114540150438,0.0491083784424059,0.03727813769826251,0.0,0.0,0.0,0.0,0.0,0.0,0.0,0.0,0.0,0.0,0.0,0.0,0.0,0.0,0.0,0.0,0.0,0.0,0.0,0.3371250128946076,0.0,0.09254039224052808
2023-12-05,0.03894114540150438,0.0491083784424059,0.03727813769826251,0.0,0.0,0.0,0.0,0.0,0.0,0.0,0.0,0.0,0.0,0.0,0.0,0.0,0.0,0.0,0.0,0.0,0.0,0.0,0.3371250128946076,0.0,0.09254039224052808
2023-12-06,0.03894114540150438,0.0491083784424059,0.03727813769826251,0.0,0.0,0.0,0.0,0.0,0.0,0.0,0.0,0.0,0.0,0.0,0.0,0.0,0.0,0.0,0.0,0.0,0.0,0.0,0.3371250128946076,0.0,0.09254039224052808
2023-12-07,0.03894114540150438,0.0491083784424059,0.03727813769826251,0.0,0.0,0.0,0.0,0.0,0.0,0.0,0.0,0.0,0.0,0.0,0.0,0.0,0.0,0.0,0.0,0.0,0.0,0.0,0.3371250128946076,0.0,0.09254039224052808
2023-12-08,0.03894114540150438,0.0491083784424059,0.03727813769826251,0.0,0.0,0.0,0.0,0.0,0.0,0.0,0.0,0.0,0.0,0.0,0.0,0.0,0.0,0.0,0.0,0.0,0.0,0.0,0.3371250128946076,0.0,0.09254039224052808
2023-12-11,0.03894114540150438,0.0491083784424059,0.03727813769826251,0.0,0.0,0.0,0.0,0.0,0.0,0.0,0.0,0.0,0.0,0.0,0.0,0.0,0.0,0.0,0.0,0.0,0.0,0.0,0.3371250128946076,0.0,0.09254039224052808
2023-12-12,0.03894114540150438,0.0491083784424059,0.03727813769826251,0.0,0.0,0.0,0.0,0.0,0.0,0.0,0.0,0.0,0.0,0.0,0.0,0.0,0.0,0.0,0.0,0.0,0.0,0.0,0.3371250128946076,0.0,0.09254039224052808
2023-12-13,0.03894114540150438,0.0491083784424059,0.03727813769826251,0.0,0.0,0.0,0.0,0.0,0.0,0.0,0.0,0.0,0.0,0.0,0.0,0.0,0.0,0.0,0.0,0.0,0.0,0.0,0.3371250128946076,0.0,0.09254039224052808
2023-12-14,0.03894114540150438,0.0491083784424059,0.03727813769826251,0.0,0.0,0.0,0.0,0.0,0.0,0.0,0.0,0.0,0.0,0.0,0.0,0.0,0.0,0.0,0.0,0.0,0.0,0.0,0.3371250128946076,0.0,0.09254039224052808
2023-12-15,0.03894114540150438,0.0491083784424059,0.03727813769826251,0.0,0.0,0.0,0.0,0.0,0.0,0.0,0.0,0.0,0.0,0.0,0.0,0.0,0.0,0.0,0.0,0.0,0.0,0.0,0.3371250128946076,0.0,0.09254039224052808
2023-12-18,0.03894114540150438,0.0491083784424059,0.03727813769826251,0.0,0.0,0.0,0.0,0.0,0.0,0.0,0.0,0.0,0.0,0.0,0.0,0.0,0.0,0.0,0.0,0.0,0.0,0.0,0.3371250128946076,0.0,0.09254039224052808
2023-12-19,0.03894114540150438,0.0491083784424059,0.03727813769826251,0.0,0.0,0.0,0.0,0.0,0.0,0.0,0.0,0.0,0.0,0.0,0.0,0.0,0.0,0.0,0.0,0.0,0.0,0.0,0.3371250128946076,0.0,0.09254039224052808
2023-12-20,0.03894114540150438,0.0491083784424059,0.03727813769826251,0.0,0.0,0.0,0.0,0.0,0.0,0.0,0.0,0.0,0.0,0.0,0.0,0.0,0.0,0.0,0.0,0.0,0.0,0.0,0.3371250128946076,0.0,0.09254039224052808
2023-12-21,0.03894114540150438,0.0491083784424059,0.03727813769826251,0.0,0.0,0.0,0.0,0.0,0.0,0.0,0.0,0.0,0.0,0.0,0.0,0.0,0.0,0.0,0.0,0.0,0.0,0.0,0.3371250128946076,0.0,0.09254039224052808
2023-12-22,0.03894114540150438,0.0491083784424059,0.03727813769826251,0.0,0.0,0.0,0.0,0.0,0.0,0.0,0.0,0.0,0.0,0.0,0.0,0.0,0.0,0.0,0.0,0.0,0.0,0.0,0.3371250128946076,0.0,0.09254039224052808
2023-12-25,0.03894114540150438,0.0491083784424059,0.03727813769826251,0.0,0.0,0.0,0.0,0.0,0.0,0.0,0.0,0.0,0.0,0.0,0.0,0.0,0.0,0.0,0.0,0.0,0.0,0.0,0.3371250128946076,0.0,0.09254039224052808
2023-12-26,0.03894114540150438,0.0491083784424059,0.03727813769826251,0.0,0.0,0.0,0.0,0.0,0.0,0.0,0.0,0.0,0.0,0.0,0.0,0.0,0.0,0.0,0.0,0.0,0.0,0.0,0.3371250128946076,0.0,0.09254039224052808
2023-12-27,0.03894114540150438,0.0491083784424059,0.03727813769826251,0.0,0.0,0.0,0.0,0.0,0.0,0.0,0.0,0.0,0.0,0.0,0.0,0.0,0.0,0.0,0.0,0.0,0.0,0.0,0.3371250128946076,0.0,0.09254039224052808
2023-12-28,0.03894114540150438,0.0491083784424059,0.03727813769826251,0.0,0.0,0.0,0.0,0.0,0.0,0.0,0.0,0.0,0.0,0.0,0.0,0.0,0.0,0.0,0.0,0.0,0.0,0.0,0.3371250128946076,0.0,0.09254039224052808
2023-12-29,0.03894114540150438,0.0491083784424059,0.03727813769826251,0.0,0.0,0.0,0.0,0.0,0.0,0.0,0.0,0.0,0.0,0.0,0.0,0.0,0.0,0.0,0.0,0.0,0.0,0.0,0.3371250128946076,0.0,0.09254039224052808
2024-01-02,0.03894114540150438,0.0491083784424059,0.03727813769826251,0.0,0.0,0.0,0.0,0.0,0.0,0.0,0.0,0.0,0.0,0.0,0.0,0.0,0.0,0.0,0.0,0.0,0.0,0.0,0.3371250128946076,0.0,0.09254039224052808
2024-01-03,0.03894114540150438,0.0491083784424059,0.03727813769826251,0.0,0.0,0.0,0.0,0.0,0.0,0.0,0.0,0.0,0.0,0.0,0.0,0.0,0.0,0.0,0.0,0.0,0.0,0.0,0.3371250128946076,0.0,0.09254039224052808
2024-01-04,0.03894114540150438,0.0491083784424059,0.03727813769826251,0.0,0.0,0.0,0.0,0.0,0.0,0.0,0.0,0.0,0.0,0.0,0.0,0.0,0.0,0.0,0.0,0.0,0.0,0.0,0.3371250128946076,0.0,0.09254039224052808
2024-01-05,0.03894114540150438,0.0491083784424059,0.03727813769826251,0.0,0.0,0.0,0.0,0.0,0.0,0.0,0.0,0.0,0.0,0.0,0.0,0.0,0.0,0.0,0.0,0.0,0.0,0.0,0.3371250128946076,0.0,0.09254039224052808
2024-01-08,0.03894114540150438,0.0491083784424059,0.03727813769826251,0.0,0.0,0.0,0.0,0.0,0.0,0.0,0.0,0.0,0.0,0.0,0.0,0.0,0.0,0.0,0.0,0.0,0.0,0.0,0.3371250128946076,0.0,0.09254039224052808
2024-01-09,0.03894114540150438,0.0491083784424059,0.03727813769826251,0.0,0.0,0.0,0.0,0.0,0.0,0.0,0.0,0.0,0.0,0.0,0.0,0.0,0.0,0.0,0.0,0.0,0.0,0.0,0.3371250128946076,0.0,0.09254039224052808
2024-01-10,0.03894114540150438,0.0491083784424059,0.03727813769826251,0.0,0.0,0.0,0.0,0.0,0.0,0.0,0.0,0.0,0.0,0.0,0.0,0.0,0.0,0.0,0.0,0.0,0.0,0.0,0.3371250128946076,0.0,0.09254039224052808
2024-01-11,0.03894114540150438,0.0491083784424059,0.03727813769826251,0.0,0.0,0.0,0.0,0.0,0.0,0.0,0.0,0.0,0.0,0.0,0.0,0.0,0.0,0.0,0.0,0.0,0.0,0.0,0.3371250128946076,0.0,0.09254039224052808
2024-01-12,0.03894114540150438,0.0491083784424059,0.03727813769826251,0.0,0.0,0.0,0.0,0.0,0.0,0.0,0.0,0.0,0.0,0.0,0.0,0.0,0.0,0.0,0.0,0.0,0.0,0.0,0.3371250128946076,0.0,0.09254039224052808
2024-01-15,0.03894114540150438,0.0491083784424059,0.03727813769826251,0.0,0.0,0.0,0.0,0.0,0.0,0.0,0.0,0.0,0.0,0.0,0.0,0.0,0.0,0.0,0.0,0.0,0.0,0.0,0.3371250128946076,0.0,0.09254039224052808
2024-01-16,0.03894114540150438,0.0491083784424059,0.03727813769826251,0.0,0.0,0.0,0.0,0.0,0.0,0.0,0.0,0.0,0.0,0.0,0.0,0.0,0.0,0.0,0.0,0.0,0.0,0.0,0.3371250128946076,0.0,0.09254039224052808
2024-01-17,0.03894114540150438,0.0491083784424059,0.03727813769826251,0.0,0.0,0.0,0.0,0.0,0.0,0.0,0.0,0.0,0.0,0.0,0.0,0.0,0.0,0.0,0.0,0.0,0.0,0.0,0.3371250128946076,0.0,0.09254039224052808
2024-01-18,0.03894114540150438,0.0491083784424059,0.03727813769826251,0.0,0.0,0.0,0.0,0.0,0.0,0.0,0.0,0.0,0.0,0.0,0.0,0.0,0.0,0.0,0.0,0.0,0.0,0.0,0.3371250128946076,0.0,0.09254039224052808
2024-01-19,0.03894114540150438,0.0491083784424059,0.03727813769826251,0.0,0.0,0.0,0.0,0.0,0.0,0.0,0.0,0.0,0.0,0.0,0.0,0.0,0.0,0.0,0.0,0.0,0.0,0.0,0.3371250128946076,0.0,0.09254039224052808
2024-01-22,0.03894114540150438,0.0491083784424059,0.03727813769826251,0.0,0.0,0.0,0.0,0.0,0.0,0.0,0.0,0.0,0.0,0.0,0.0,0.0,0.0,0.0,0.0,0.0,0.0,0.0,0.3371250128946076,0.0,0.09254039224052808
2024-01-23,0.03894114540150438,0.0491083784424059,0.03727813769826251,0.0,0.0,0.0,0.0,0.0,0.0,0.0,0.0,0.0,0.0,0.0,0.0,0.0,0.0,0.0,0.0,0.0,0.0,0.0,0.3371250128946076,0.0,0.09254039224052808
2024-01-24,0.03894114540150438,0.0491083784424059,0.03727813769826251,0.0,0.0,0.0,0.0,0.0,0.0,0.0,0.0,0.0,0.0,0.0,0.0,0.0,0.0,0.0,0.0,0.0,0.0,0.0,0.3371250128946076,0.0,0.09254039224052808
2024-01-25,0.03894114540150438,0.0491083784424059,0.03727813769826251,0.0,0.0,0.0,0.0,0.0,0.0,0.0,0.0,0.0,0.0,0.0,0.0,0.0,0.0,0.0,0.0,0.0,0.0,0.0,0.3371250128946076,0.0,0.09254039224052808
2024-01-26,0.03894114540150438,0.0491083784424059,0.03727813769826251,0.0,0.0,0.0,0.0,0.0,0.0,0.0,0.0,0.0,0.0,0.0,0.0,0.0,0.0,0.0,0.0,0.0,0.0,0.0,0.3371250128946076,0.0,0.09254039224052808
2024-01-29,0.03894114540150438,0.0491083784424059,0.03727813769826251,0.0,0.0,0.0,0.0,0.0,0.0,0.0,0.0,0.0,0.0,0.0,0.0,0.0,0.0,0.0,0.0,0.0,0.0,0.0,0.3371250128946076,0.0,0.09254039224052808
2024-01-30,0.03894114540150438,0.0491083784424059,0.03727813769826251,0.0,0.0,0.0,0.0,0.0,0.0,0.0,0.0,0.0,0.0,0.0,0.0,0.0,0.0,0.0,0.0,0.0,0.0,0.0,0.3371250128946076,0.0,0.09254039224052808
2024-01-31,0.03894114540150438,0.0491083784424059,0.03727813769826251,0.0,0.0,0.0,0.0,0.0,0.0,0.0,0.0,0.0,0.0,0.0,0.0,0.0,0.0,0.0,0.0,0.0,0.0,0.0,0.3371250128946076,0.0,0.09254039224052808
2024-02-01,0.027608680857434807,0.029026575287782,0.031329585842134626,0.0,0.0,0.0,0.0,0.0,0.0,0.0,0.0,0.0,0.0,0.0,0.0,0.08325306809359177,0.0,0.0,0.0,0.0,0.0,0.048612694044023574,0.19479274821758927,0.05517734742525569,0.06212212549896022
2024-02-02,0.027608680857434807,0.029026575287782,0.031329585842134626,0.0,0.0,0.0,0.0,0.0,0.0,0.0,0.0,0.0,0.0,0.0,0.0,0.08325306809359177,0.0,0.0,0.0,0.0,0.0,0.048612694044023574,0.19479274821758927,0.05517734742525569,0.06212212549896022
2024-02-05,0.027608680857434807,0.029026575287782,0.031329585842134626,0.0,0.0,0.0,0.0,0.0,0.0,0.0,0.0,0.0,0.0,0.0,0.0,0.08325306809359177,0.0,0.0,0.0,0.0,0.0,0.048612694044023574,0.19479274821758927,0.05517734742525569,0.06212212549896022
2024-02-06,0.027608680857434807,0.029026575287782,0.031329585842134626,0.0,0.0,0.0,0.0,0.0,0.0,0.0,0.0,0.0,0.0,0.0,0.0,0.08325306809359177,0.0,0.0,0.0,0.0,0.0,0.048612694044023574,0.19479274821758927,0.05517734742525569,0.06212212549896022
2024-02-07,0.027608680857434807,0.029026575287782,0.031329585842134626,0.0,0.0,0.0,0.0,0.0,0.0,0.0,0.0,0.0,0.0,0.0,0.0,0.08325306809359177,0.0,0.0,0.0,0.0,0.0,0.048612694044023574,0.19479274821758927,0.05517734742525569,0.06212212549896022
2024-02-08,0.027608680857434807,0.029026575287782,0.031329585842134626,0.0,0.0,0.0,0.0,0.0,0.0,0.0,0.0,0.0,0.0,0.0,0.0,0.08325306809359177,0.0,0.0,0.0,0.0,0.0,0.048612694044023574,0.19479274821758927,0.05517734742525569,0.06212212549896022
2024-02-09,0.027608680857434807,0.029026575287782,0.031329585842134626,0.0,0.0,0.0,0.0,0.0,0.0,0.0,0.0,0.0,0.0,0.0,0.0,0.08325306809359177,0.0,0.0,0.0,0.0,0.0,0.048612694044023574,0.19479274821758927,0.05517734742525569,0.06212212549896022
2024-02-12,0.027608680857434807,0.029026575287782,0.031329585842134626,0.0,0.0,0.0,0.0,0.0,0.0,0.0,0.0,0.0,0.0,0.0,0.0,0.08325306809359177,0.0,0.0,0.0,0.0,0.0,0.048612694044023574,0.19479274821758927,0.05517734742525569,0.06212212549896022
2024-02-13,0.027608680857434807,0.029026575287782,0.031329585842134626,0.0,0.0,0.0,0.0,0.0,0.0,0.0,0.0,0.0,0.0,0.0,0.0,0.08325306809359177,0.0,0.0,0.0,0.0,0.0,0.048612694044023574,0.19479274821758927,0.05517734742525569,0.06212212549896022
2024-02-14,0.027608680857434807,0.029026575287782,0.031329585842134626,0.0,0.0,0.0,0.0,0.0,0.0,0.0,0.0,0.0,0.0,0.0,0.0,0.08325306809359177,0.0,0.0,0.0,0.0,0.0,0.048612694044023574,0.19479274821758927,0.05517734742525569,0.06212212549896022
2024-02-15,0.027608680857434807,0.029026575287782,0.031329585842134626,0.0,0.0,0.0,0.0,0.0,0.0,0.0,0.0,0.0,0.0,0.0,0.0,0.08325306809359177,0.0,0.0,0.0,0.0,0.0,0.048612694044023574,0.19479274821758927,0.05517734742525569,0.06212212549896022
2024-02-16,0.027608680857434807,0.029026575287782,0.031329585842134626,0.0,0.0,0.0,0.0,0.0,0.0,0.0,0.0,0.0,0.0,0.0,0.0,0.08325306809359177,0.0,0.0,0.0,0.0,0.0,0.048612694044023574,0.19479274821758927,0.05517734742525569,0.06212212549896022
2024-02-19,0.027608680857434807,0.029026575287782,0.031329585842134626,0.0,0.0,0.0,0.0,0.0,0.0,0.0,0.0,0.0,0.0,0.0,0.0,0.08325306809359177,0.0,0.0,0.0,0.0,0.0,0.048612694044023574,0.19479274821758927,0.05517734742525569,0.06212212549896022
2024-02-20,0.027608680857434807,0.029026575287782,0.031329585842134626,0.0,0.0,0.0,0.0,0.0,0.0,0.0,0.0,0.0,0.0,0.0,0.0,0.08325306809359177,0.0,0.0,0.0,0.0,0.0,0.048612694044023574,0.19479274821758927,0.05517734742525569,0.06212212549896022
2024-02-21,0.027608680857434807,0.029026575287782,0.031329585842134626,0.0,0.0,0.0,0.0,0.0,0.0,0.0,0.0,0.0,0.0,0.0,0.0,0.08325306809359177,0.0,0.0,0.0,0.0,0.0,0.048612694044023574,0.19479274821758927,0.05517734742525569,0.06212212549896022
2024-02-22,0.027608680857434807,0.029026575287782,0.031329585842134626,0.0,0.0,0.0,0.0,0.0,0.0,0.0,0.0,0.0,0.0,0.0,0.0,0.08325306809359177,0.0,0.0,0.0,0.0,0.0,0.048612694044023574,0.19479274821758927,0.05517734742525569,0.06212212549896022
2024-02-23,0.027608680857434807,0.029026575287782,0.031329585842134626,0.0,0.0,0.0,0.0,0.0,0.0,0.0,0.0,0.0,0.0,0.0,0.0,0.08325306809359177,0.0,0.0,0.0,0.0,0.0,0.048612694044023574,0.19479274821758927,0.05517734742525569,0.06212212549896022
2024-02-26,0.027608680857434807,0.029026575287782,0.031329585842134626,0.0,0.0,0.0,0.0,0.0,0.0,0.0,0.0,0.0,0.0,0.0,0.0,0.08325306809359177,0.0,0.0,0.0,0.0,0.0,0.048612694044023574,0.19479274821758927,0.05517734742525569,0.06212212549896022
2024-02-27,0.027608680857434807,0.029026575287782,0.031329585842134626,0.0,0.0,0.0,0.0,0.0,0.0,0.0,0.0,0.0,0.0,0.0,0.0,0.08325306809359177,0.0,0.0,0.0,0.0,0.0,0.048612694044023574,0.19479274821758927,0.05517734742525569,0.06212212549896022
2024-02-28,0.027608680857434807,0.029026575287782,0.031329585842134626,0.0,0.0,0.0,0.0,0.0,0.0,0.0,0.0,0.0,0.0,0.0,0.0,0.08325306809359177,0.0,0.0,0.0,0.0,0.0,0.048612694044023574,0.19479274821758927,0.05517734742525569,0.06212212549896022
2024-02-29,0.027608680857434807,0.029026575287782,0.031329585842134626,0.0,0.0,0.0,0.0,0.0,0.0,0.0,0.0,0.0,0.0,0.0,0.0,0.08325306809359177,0.0,0.0,0.0,0.0,0.0,0.048612694044023574,0.19479274821758927,0.05517734742525569,0.06212212549896022
2024-03-01,0.027608680857434807,0.029026575287782,0.031329585842134626,0.0,0.0,0.0,0.0,0.0,0.0,0.0,0.0,0.0,0.0,0.0,0.0,0.08325306809359177,0.0,0.0,0.0,0.0,0.0,0.048612694044023574,0.19479274821758927,0.05517734742525569,0.06212212549896022
2024-03-04,0.027608680857434807,0.029026575287782,0.031329585842134626,0.0,0.0,0.0,0.0,0.0,0.0,0.0,0.0,0.0,0.0,0.0,0.0,0.08325306809359177,0.0,0.0,0.0,0.0,0.0,0.048612694044023574,0.19479274821758927,0.05517734742525569,0.06212212549896022
2024-03-05,0.027608680857434807,0.029026575287782,0.031329585842134626,0.0,0.0,0.0,0.0,0.0,0.0,0.0,0.0,0.0,0.0,0.0,0.0,0.08325306809359177,0.0,0.0,0.0,0.0,0.0,0.048612694044023574,0.19479274821758927,0.05517734742525569,0.06212212549896022
2024-03-06,0.027608680857434807,0.029026575287782,0.031329585842134626,0.0,0.0,0.0,0.0,0.0,0.0,0.0,0.0,0.0,0.0,0.0,0.0,0.08325306809359177,0.0,0.0,0.0,0.0,0.0,0.048612694044023574,0.19479274821758927,0.05517734742525569,0.06212212549896022
2024-03-07,0.027608680857434807,0.029026575287782,0.031329585842134626,0.0,0.0,0.0,0.0,0.0,0.0,0.0,0.0,0.0,0.0,0.0,0.0,0.08325306809359177,0.0,0.0,0.0,0.0,0.0,0.048612694044023574,0.19479274821758927,0.05517734742525569,0.06212212549896022
2024-03-08,0.027608680857434807,0.029026575287782,0.031329585842134626,0.0,0.0,0.0,0.0,0.0,0.0,0.0,0.0,0.0,0.0,0.0,0.0,0.08325306809359177,0.0,0.0,0.0,0.0,0.0,0.048612694044023574,0.19479274821758927,0.05517734742525569,0.06212212549896022
2024-03-11,0.027608680857434807,0.029026575287782,0.031329585842134626,0.0,0.0,0.0,0.0,0.0,0.0,0.0,0.0,0.0,0.0,0.0,0.0,0.08325306809359177,0.0,0.0,0.0,0.0,0.0,0.048612694044023574,0.19479274821758927,0.05517734742525569,0.06212212549896022
2024-03-12,0.027608680857434807,0.029026575287782,0.031329585842134626,0.0,0.0,0.0,0.0,0.0,0.0,0.0,0.0,0.0,0.0,0.0,0.0,0.08325306809359177,0.0,0.0,0.0,0.0,0.0,0.048612694044023574,0.19479274821758927,0.05517734742525569,0.06212212549896022
2024-03-13,0.027608680857434807,0.029026575287782,0.031329585842134626,0.0,0.0,0.0,0.0,0.0,0.0,0.0,0.0,0.0,0.0,0.0,0.0,0.08325306809359177,0.0,0.0,0.0,0.0,0.0,0.048612694044023574,0.19479274821758927,0.05517734742525569,0.06212212549896022
2024-03-14,0.027608680857434807,0.029026575287782,0.031329585842134626,0.0,0.0,0.0,0.0,0.0,0.0,0.0,0.0,0.0,0.0,0.0,0.0,0.08325306809359177,0.0,0.0,0.0,0.0,0.0,0.048612694044023574,0.19479274821758927,0.05517734742525569,0.06212212549896022
2024-03-15,0.027608680857434807,0.029026575287782,0.031329585842134626,0.0,0.0,0.0,0.0,0.0,0.0,0.0,0.0,0.0,0.0,0.0,0.0,0.08325306809359177,0.0,0.0,0.0,0.0,0.0,0.048612694044023574,0.19479274821758927,0.05517734742525569,0.06212212549896022
2024-03-18,0.027608680857434807,0.029026575287782,0.031329585842134626,0.0,0.0,0.0,0.0,0.0,0.0,0.0,0.0,0.0,0.0,0.0,0.0,0.08325306809359177,0.0,0.0,0.0,0.0,0.0,0.048612694044023574,0.19479274821758927,0.05517734742525569,0.06212212549896022
2024-03-19,0.027608680857434807,0.029026575287782,0.031329585842134626,0.0,0.0,0.0,0.0,0.0,0.0,0.0,0.0,0.0,0.0,0.0,0.0,0.08325306809359177,0.0,0.0,0.0,0.0,0.0,0.048612694044023574,0.19479274821758927,0.05517734742525569,0.06212212549896022
2024-03-20,0.027608680857434807,0.029026575287782,0.031329585842134626,0.0,0.0,0.0,0.0,0.0,0.0,0.0,0.0,0.0,0.0,0.0,0.0,0.08325306809359177,0.0,0.0,0.0,0.0,0.0,0.048612694044023574,0.19479274821758927,0.05517734742525569,0.06212212549896022
2024-03-21,0.027608680857434807,0.029026575287782,0.031329585842134626,0.0,0.0,0.0,0.0,0.0,0.0,0.0,0.0,0.0,0.0,0.0,0.0,0.08325306809359177,0.0,0.0,0.0,0.0,0.0,0.048612694044023574,0.19479274821758927,0.05517734742525569,0.06212212549896022
2024-03-22,0.027608680857434807,0.029026575287782,0.031329585842134626,0.0,0.0,0.0,0.0,0.0,0.0,0.0,0.0,0.0,0.0,0.0,0.0,0.08325306809359177,0.0,0.0,0.0,0.0,0.0,0.048612694044023574,0.19479274821758927,0.05517734742525569,0.06212212549896022
2024-03-25,0.027608680857434807,0.029026575287782,0.031329585842134626,0.0,0.0,0.0,0.0,0.0,0.0,0.0,0.0,0.0,0.0,0.0,0.0,0.08325306809359177,0.0,0.0,0.0,0.0,0.0,0.048612694044023574,0.19479274821758927,0.05517734742525569,0.06212212549896022
2024-03-26,0.027608680857434807,0.029026575287782,0.031329585842134626,0.0,0.0,0.0,0.0,0.0,0.0,0.0,0.0,0.0,0.0,0.0,0.0,0.08325306809359177,0.0,0.0,0.0,0.0,0.0,0.048612694044023574,0.19479274821758927,0.05517734742525569,0.06212212549896022
2024-03-27,0.027608680857434807,0.029026575287782,0.031329585842134626,0.0,0.0,0.0,0.0,0.0,0.0,0.0,0.0,0.0,0.0,0.0,0.0,0.08325306809359177,0.0,0.0,0.0,0.0,0.0,0.048612694044023574,0.19479274821758927,0.05517734742525569,0.06212212549896022
2024-03-28,0.027608680857434807,0.029026575287782,0.031329585842134626,0.0,0.0,0.0,0.0,0.0,0.0,0.0,0.0,0.0,0.0,0.0,0.0,0.08325306809359177,0.0,0.0,0.0,0.0,0.0,0.048612694044023574,0.19479274821758927,0.05517734742525569,0.06212212549896022
2024-03-29,0.027608680857434807,0.029026575287782,0.031329585842134626,0.0,0.0,0.0,0.0,0.0,0.0,0.0,0.0,0.0,0.0,0.0,0.0,0.08325306809359177,0.0,0.0,0.0,0.0,0.0,0.048612694044023574,0.19479274821758927,0.05517734742525569,0.06212212549896022
2024-04-01,0.027608680857434807,0.029026575287782,0.031329585842134626,0.0,0.0,0.0,0.0,0.0,0.0,0.0,0.0,0.0,0.0,0.0,0.0,0.08325306809359177,0.0,0.0,0.0,0.0,0.0,0.048612694044023574,0.19479274821758927,0.05517734742525569,0.06212212549896022
2024-04-02,0.027608680857434807,0.029026575287782,0.031329585842134626,0.0,0.0,0.0,0.0,0.0,0.0,0.0,0.0,0.0,0.0,0.0,0.0,0.08325306809359177,0.0,0.0,0.0,0.0,0.0,0.048612694044023574,0.19479274821758927,0.05517734742525569,0.06212212549896022
2024-04-03,0.027608680857434807,0.029026575287782,0.031329585842134626,0.0,0.0,0.0,0.0,0.0,0.0,0.0,0.0,0.0,0.0,0.0,0.0,0.08325306809359177,0.0,0.0,0.0,0.0,0.0,0.048612694044023574,0.19479274821758927,0.05517734742525569,0.06212212549896022
2024-04-04,0.027608680857434807,0.029026575287782,0.031329585842134626,0.0,0.0,0.0,0.0,0.0,0.0,0.0,0.0,0.0,0.0,0.0,0.0,0.08325306809359177,0.0,0.0,0.0,0.0,0.0,0.048612694044023574,0.19479274821758927,0.05517734742525569,0.06212212549896022
2024-04-05,0.027608680857434807,0.029026575287782,0.031329585842134626,0.0,0.0,0.0,0.0,0.0,0.0,0.0,0.0,0.0,0.0,0.0,0.0,0.08325306809359177,0.0,0.0,0.0,0.0,0.0,0.048612694044023574,0.19479274821758927,0.05517734742525569,0.06212212549896022
2024-04-08,0.027608680857434807,0.029026575287782,0.031329585842134626,0.0,0.0,0.0,0.0,0.0,0.0,0.0,0.0,0.0,0.0,0.0,0.0,0.08325306809359177,0.0,0.0,0.0,0.0,0.0,0.048612694044023574,0.19479274821758927,0.05517734742525569,0.06212212549896022
2024-04-09,0.027608680857434807,0.029026575287782,0.031329585842134626,0.0,0.0,0.0,0.0,0.0,0.0,0.0,0.0,0.0,0.0,0.0,0.0,0.08325306809359177,0.0,0.0,0.0,0.0,0.0,0.048612694044023574,0.19479274821758927,0.05517734742525569,0.06212212549896022
2024-04-10,0.027608680857434807,0.029026575287782,0.031329585842134626,0.0,0.0,0.0,0.0,0.0,0.0,0.0,0.0,0.0,0.0,0.0,0.0,0.08325306809359177,0.0,0.0,0.0,0.0,0.0,0.048612694044023574,0.19479274821758927,0.05517734742525569,0.06212212549896022
2024-04-11,0.027608680857434807,0.029026575287782,0.031329585842134626,0.0,0.0,0.0,0.0,0.0,0.0,0.0,0.0,0.0,0.0,0.0,0.0,0.08325306809359177,0.0,0.0,0.0,0.0,0.0,0.048612694044023574,0.19479274821758927,0.05517734742525569,0.06212212549896022
2024-04-12,0.027608680857434807,0.029026575287782,0.031329585842134626,0.0,0.0,0.0,0.0,0.0,0.0,0.0,0.0,0.0,0.0,0.0,0.0,0.08325306809359177,0.0,0.0,0.0,0.0,0.0,0.048612694044023574,0.19479274821758927,0.05517734742525569,0.06212212549896022
2024-04-15,0.027608680857434807,0.029026575287782,0.031329585842134626,0.0,0.0,0.0,0.0,0.0,0.0,0.0,0.0,0.0,0.0,0.0,0.0,0.08325306809359177,0.0,0.0,0.0,0.0,0.0,0.048612694044023574,0.19479274821758927,0.05517734742525569,0.06212212549896022
2024-04-16,0.027608680857434807,0.029026575287782,0.031329585842134626,0.0,0.0,0.0,0.0,0.0,0.0,0.0,0.0,0.0,0.0,0.0,0.0,0.08325306809359177,0.0,0.0,0.0,0.0,0.0,0.048612694044023574,0.19479274821758927,0.05517734742525569,0.06212212549896022
2024-04-17,0.027608680857434807,0.029026575287782,0.031329585842134626,0.0,0.0,0.0,0.0,0.0,0.0,0.0,0.0,0.0,0.0,0.0,0.0,0.08325306809359177,0.0,0.0,0.0,0.0,0.0,0.048612694044023574,0.19479274821758927,0.05517734742525569,0.06212212549896022
2024-04-18,0.027608680857434807,0.029026575287782,0.031329585842134626,0.0,0.0,0.0,0.0,0.0,0.0,0.0,0.0,0.0,0.0,0.0,0.0,0.08325306809359177,0.0,0.0,0.0,0.0,0.0,0.048612694044023574,0.19479274821758927,0.05517734742525569,0.06212212549896022
2024-04-19,0.027608680857434807,0.029026575287782,0.031329585842134626,0.0,0.0,0.0,0.0,0.0,0.0,0.0,0.0,0.0,0.0,0.0,0.0,0.08325306809359177,0.0,0.0,0.0,0.0,0.0,0.048612694044023574,0.19479274821758927,0.05517734742525569,0.06212212549896022
2024-04-22,0.027608680857434807,0.029026575287782,0.031329585842134626,0.0,0.0,0.0,0.0,0.0,0.0,0.0,0.0,0.0,0.0,0.0,0.0,0.08325306809359177,0.0,0.0,0.0,0.0,0.0,0.048612694044023574,0.19479274821758927,0.05517734742525569,0.06212212549896022
2024-04-23,0.027608680857434807,0.029026575287782,0.031329585842134626,0.0,0.0,0.0,0.0,0.0,0.0,0.0,0.0,0.0,0.0,0.0,0.0,0.08325306809359177,0.0,0.0,0.0,0.0,0.0,0.048612694044023574,0.19479274821758927,0.05517734742525569,0.06212212549896022
2024-04-24,0.027608680857434807,0.029026575287782,0.031329585842134626,0.0,0.0,0.0,0.0,0.0,0.0,0.0,0.0,0.0,0.0,0.0,0.0,0.08325306809359177,0.0,0.0,0.0,0.0,0.0,0.048612694044023574,0.19479274821758927,0.05517734742525569,0.06212212549896022
2024-04-25,0.027608680857434807,0.029026575287782,0.031329585842134626,0.0,0.0,0.0,0.0,0.0,0.0,0.0,0.0,0.0,0.0,0.0,0.0,0.08325306809359177,0.0,0.0,0.0,0.0,0.0,0.048612694044023574,0.19479274821758927,0.05517734742525569,0.06212212549896022
2024-04-26,0.027608680857434807,0.029026575287782,0.031329585842134626,0.0,0.0,0.0,0.0,0.0,0.0,0.0,0.0,0.0,0.0,0.0,0.0,0.08325306809359177,0.0,0.0,0.0,0.0,0.0,0.048612694044023574,0.19479274821758927,0.05517734742525569,0.06212212549896022
2024-04-29,0.027608680857434807,0.029026575287782,0.031329585842134626,0.0,0.0,0.0,0.0,0.0,0.0,0.0,0.0,0.0,0.0,0.0,0.0,0.08325306809359177,0.0,0.0,0.0,0.0,0.0,0.048612694044023574,0.19479274821758927,0.05517734742525569,0.06212212549896022
2024-04-30,0.027608680857434807,0.029026575287782,0.031329585842134626,0.0,0.0,0.0,0.0,0.0,0.0,0.0,0.0,0.0,0.0,0.0,0.0,0.08325306809359177,0.0,0.0,0.0,0.0,0.0,0.048612694044023574,0.19479274821758927,0.05517734742525569,0.06212212549896022
2024-05-01,0.018260966510230955,0.019203919984103972,0.02186321966339865,0.0,0.0,0.0,0.0,0.0,0.0,0.0,0.0,0.0,0.0,0.0,0.0,0.027323224109463747,0.0,0.0,0.0,0.0,0.0,0.08621870062072065,0.3862789628437902,0.07383311651026787,0.06420679300752663
2024-05-02,0.018260966510230955,0.019203919984103972,0.02186321966339865,0.0,0.0,0.0,0.0,0.0,0.0,0.0,0.0,0.0,0.0,0.0,0.0,0.027323224109463747,0.0,0.0,0.0,0.0,0.0,0.08621870062072065,0.3862789628437902,0.07383311651026787,0.06420679300752663
2024-05-03,0.018260966510230955,0.019203919984103972,0.02186321966339865,0.0,0.0,0.0,0.0,0.0,0.0,0.0,0.0,0.0,0.0,0.0,0.0,0.027323224109463747,0.0,0.0,0.0,0.0,0.0,0.08621870062072065,0.3862789628437902,0.07383311651026787,0.06420679300752663
2024-05-06,0.018260966510230955,0.019203919984103972,0.02186321966339865,0.0,0.0,0.0,0.0,0.0,0.0,0.0,0.0,0.0,0.0,0.0,0.0,0.027323224109463747,0.0,0.0,0.0,0.0,0.0,0.08621870062072065,0.3862789628437902,0.07383311651026787,0.06420679300752663
2024-05-07,0.018260966510230955,0.019203919984103972,0.02186321966339865,0.0,0.0,0.0,0.0,0.0,0.0,0.0,0.0,0.0,0.0,0.0,0.0,0.027323224109463747,0.0,0.0,0.0,0.0,0.0,0.08621870062072065,0.3862789628437902,0.07383311651026787,0.06420679300752663
2024-05-08,0.018260966510230955,0.019203919984103972,0.02186321966339865,0.0,0.0,0.0,0.0,0.0,0.0,0.0,0.0,0.0,0.0,0.0,0.0,0.027323224109463747,0.0,0.0,0.0,0.0,0.0,0.08621870062072065,0.3862789628437902,0.07383311651026787,0.06420679300752663
2024-05-09,0.018260966510230955,0.019203919984103972,0.02186321966339865,0.0,0.0,0.0,0.0,0.0,0.0,0.0,0.0,0.0,0.0,0.0,0.0,0.027323224109463747,0.0,0.0,0.0,0.0,0.0,0.08621870062072065,0.3862789628437902,0.07383311651026787,0.06420679300752663
2024-05-10,0.018260966510230955,0.019203919984103972,0.02186321966339865,0.0,0.0,0.0,0.0,0.0,0.0,0.0,0.0,0.0,0.0,0.0,0.0,0.027323224109463747,0.0,0.0,0.0,0.0,0.0,0.08621870062072065,0.3862789628437902,0.07383311651026787,0.06420679300752663
2024-05-13,0.018260966510230955,0.019203919984103972,0.02186321966339865,0.0,0.0,0.0,0.0,0.0,0.0,0.0,0.0,0.0,0.0,0.0,0.0,0.027323224109463747,0.0,0.0,0.0,0.0,0.0,0.08621870062072065,0.3862789628437902,0.07383311651026787,0.06420679300752663
2024-05-14,0.018260966510230955,0.019203919984103972,0.02186321966339865,0.0,0.0,0.0,0.0,0.0,0.0,0.0,0.0,0.0,0.0,0.0,0.0,0.027323224109463747,0.0,0.0,0.0,0.0,0.0,0.08621870062072065,0.3862789628437902,0.07383311651026787,0.06420679300752663
2024-05-15,0.018260966510230955,0.019203919984103972,0.02186321966339865,0.0,0.0,0.0,0.0,0.0,0.0,0.0,0.0,0.0,0.0,0.0,0.0,0.027323224109463747,0.0,0.0,0.0,0.0,0.0,0.08621870062072065,0.3862789628437902,0.07383311651026787,0.06420679300752663
2024-05-16,0.018260966510230955,0.019203919984103972,0.02186321966339865,0.0,0.0,0.0,0.0,0.0,0.0,0.0,0.0,0.0,0.0,0.0,0.0,0.027323224109463747,0.0,0.0,0.0,0.0,0.0,0.08621870062072065,0.3862789628437902,0.07383311651026787,0.06420679300752663
2024-05-17,0.018260966510230955,0.019203919984103972,0.02186321966339865,0.0,0.0,0.0,0.0,0.0,0.0,0.0,0.0,0.0,0.0,0.0,0.0,0.027323224109463747,0.0,0.0,0.0,0.0,0.0,0.08621870062072065,0.3862789628437902,0.07383311651026787,0.06420679300752663
2024-05-20,0.018260966510230955,0.019203919984103972,0.02186321966339865,0.0,0.0,0.0,0.0,0.0,0.0,0.0,0.0,0.0,0.0,0.0,0.0,0.027323224109463747,0.0,0.0,0.0,0.0,0.0,0.08621870062072065,0.3862789628437902,0.07383311651026787,0.06420679300752663
2024-05-21,0.018260966510230955,0.019203919984103972,0.02186321966339865,0.0,0.0,0.0,0.0,0.0,0.0,0.0,0.0,0.0,0.0,0.0,0.0,0.027323224109463747,0.0,0.0,0.0,0.0,0.0,0.08621870062072065,0.3862789628437902,0.07383311651026787,0.06420679300752663
2024-05-22,0.018260966510230955,0.019203919984103972,0.02186321966339865,0.0,0.0,0.0,0.0,0.0,0.0,0.0,0.0,0.0,0.0,0.0,0.0,0.027323224109463747,0.0,0.0,0.0,0.0,0.0,0.08621870062072065,0.3862789628437902,0.07383311651026787,0.06420679300752663
2024-05-23,0.018260966510230955,0.019203919984103972,0.02186321966339865,0.0,0.0,0.0,0.0,0.0,0.0,0.0,0.0,0.0,0.0,0.0,0.0,0.027323224109463747,0.0,0.0,0.0,0.0,0.0,0.08621870062072065,0.3862789628437902,0.07383311651026787,0.06420679300752663
2024-05-24,0.018260966510230955,0.019203919984103972,0.02186321966339865,0.0,0.0,0.0,0.0,0.0,0.0,0.0,0.0,0.0,0.0,0.0,0.0,0.027323224109463747,0.0,0.0,0.0,0.0,0.0,0.08621870062072065,0.3862789628437902,0.07383311651026787,0.06420679300752663
2024-05-27,0.018260966510230955,0.019203919984103972,0.02186321966339865,0.0,0.0,0.0,0.0,0.0,0.0,0.0,0.0,0.0,0.0,0.0,0.0,0.027323224109463747,0.0,0.0,0.0,0.0,0.0,0.08621870062072065,0.3862789628437902,0.07383311651026787,0.06420679300752663
2024-05-28,0.018260966510230955,0.019203919984103972,0.02186321966339865,0.0,0.0,0.0,0.0,0.0,0.0,0.0,0.0,0.0,0.0,0.0,0.0,0.027323224109463747,0.0,0.0,0.0,0.0,0.0,0.08621870062072065,0.3862789628437902,0.07383311651026787,0.06420679300752663
2024-05-29,0.018260966510230955,0.019203919984103972,0.02186321966339865,0.0,0.0,0.0,0.0,0.0,0.0,0.0,0.0,0.0,0.0,0.0,0.0,0.027323224109463747,0.0,0.0,0.0,0.0,0.0,0.08621870062072065,0.3862789628437902,0.07383311651026787,0.06420679300752663
2024-05-30,0.018260966510230955,0.019203919984103972,0.02186321966339865,0.0,0.0,0.0,0.0,0.0,0.0,0.0,0.0,0.0,0.0,0.0,0.0,0.027323224109463747,0.0,0.0,0.0,0.0,0.0,0.08621870062072065,0.3862789628437902,0.07383311651026787,0.06420679300752663
2024-05-31,0.018260966510230955,0.019203919984103972,0.02186321966339865,0.0,0.0,0.0,0.0,0.0,0.0,0.0,0.0,0.0,0.0,0.0,0.0,0.027323224109463747,0.0,0.0,0.0,0.0,0.0,0.08621870062072065,0.3862789628437902,0.07383311651026787,0.06420679300752663
2024-06-03,0.018260966510230955,0.019203919984103972,0.02186321966339865,0.0,0.0,0.0,0.0,0.0,0.0,0.0,0.0,0.0,0.0,0.0,0.0,0.027323224109463747,0.0,0.0,0.0,0.0,0.0,0.08621870062072065,0.3862789628437902,0.07383311651026787,0.06420679300752663
2024-06-04,0.018260966510230955,0.019203919984103972,0.02186321966339865,0.0,0.0,0.0,0.0,0.0,0.0,0.0,0.0,0.0,0.0,0.0,0.0,0.027323224109463747,0.0,0.0,0.0,0.0,0.0,0.08621870062072065,0.3862789628437902,0.07383311651026787,0.06420679300752663
2024-06-05,0.018260966510230955,0.019203919984103972,0.02186321966339865,0.0,0.0,0.0,0.0,0.0,0.0,0.0,0.0,0.0,0.0,0.0,0.0,0.027323224109463747,0.0,0.0,0.0,0.0,0.0,0.08621870062072065,0.3862789628437902,0.07383311651026787,0.06420679300752663
2024-06-06,0.018260966510230955,0.019203919984103972,0.02186321966339865,0.0,0.0,0.0,0.0,0.0,0.0,0.0,0.0,0.0,0.0,0.0,0.0,0.027323224109463747,0.0,0.0,0.0,0.0,0.0,0.08621870062072065,0.3862789628437902,0.07383311651026787,0.06420679300752663
2024-06-07,0.018260966510230955,0.019203919984103972,0.02186321966339865,0.0,0.0,0.0,0.0,0.0,0.0,0.0,0.0,0.0,0.0,0.0,0.0,0.027323224109463747,0.0,0.0,0.0,0.0,0.0,0.08621870062072065,0.3862789628437902,0.07383311651026787,0.06420679300752663
2024-06-10,0.018260966510230955,0.019203919984103972,0.02186321966339865,0.0,0.0,0.0,0.0,0.0,0.0,0.0,0.0,0.0,0.0,0.0,0.0,0.027323224109463747,0.0,0.0,0.0,0.0,0.0,0.08621870062072065,0.3862789628437902,0.07383311651026787,0.06420679300752663
2024-06-11,0.018260966510230955,0.019203919984103972,0.02186321966339865,0.0,0.0,0.0,0.0,0.0,0.0,0.0,0.0,0.0,0.0,0.0,0.0,0.027323224109463747,0.0,0.0,0.0,0.0,0.0,0.08621870062072065,0.3862789628437902,0.07383311651026787,0.06420679300752663
2024-06-12,0.018260966510230955,0.019203919984103972,0.02186321966339865,0.0,0.0,0.0,0.0,0.0,0.0,0.0,0.0,0.0,0.0,0.0,0.0,0.027323224109463747,0.0,0.0,0.0,0.0,0.0,0.08621870062072065,0.3862789628437902,0.07383311651026787,0.06420679300752663
2024-06-13,0.018260966510230955,0.019203919984103972,0.02186321966339865,0.0,0.0,0.0,0.0,0.0,0.0,0.0,0.0,0.0,0.0,0.0,0.0,0.027323224109463747,0.0,0.0,0.0,0.0,0.0,0.08621870062072065,0.3862789628437902,0.07383311651026787,0.06420679300752663
2024-06-14,0.018260966510230955,0.019203919984103972,0.02186321966339865,0.0,0.0,0.0,0.0,0.0,0.0,0.0,0.0,0.0,0.0,0.0,0.0,0.027323224109463747,0.0,0.0,0.0,0.0,0.0,0.08621870062072065,0.3862789628437902,0.07383311651026787,0.06420679300752663
2024-06-17,0.018260966510230955,0.019203919984103972,0.02186321966339865,0.0,0.0,0.0,0.0,0.0,0.0,0.0,0.0,0.0,0.0,0.0,0.0,0.027323224109463747,0.0,0.0,0.0,0.0,0.0,0.08621870062072065,0.3862789628437902,0.07383311651026787,0.06420679300752663
2024-06-18,0.018260966510230955,0.019203919984103972,0.02186321966339865,0.0,0.0,0.0,0.0,0.0,0.0,0.0,0.0,0.0,0.0,0.0,0.0,0.027323224109463747,0.0,0.0,0.0,0.0,0.0,0.08621870062072065,0.3862789628437902,0.07383311651026787,0.06420679300752663
2024-06-19,0.018260966510230955,0.019203919984103972,0.02186321966339865,0.0,0.0,0.0,0.0,0.0,0.0,0.0,0.0,0.0,0.0,0.0,0.0,0.027323224109463747,0.0,0.0,0.0,0.0,0.0,0.08621870062072065,0.3862789628437902,0.07383311651026787,0.06420679300752663
2024-06-20,0.018260966510230955,0.019203919984103972,0.02186321966339865,0.0,0.0,0.0,0.0,0.0,0.0,0.0,0.0,0.0,0.0,0.0,0.0,0.027323224109463747,0.0,0.0,0.0,0.0,0.0,0.08621870062072065,0.3862789628437902,0.07383311651026787,0.06420679300752663
2024-06-21,0.018260966510230955,0.019203919984103972,0.02186321966339865,0.0,0.0,0.0,0.0,0.0,0.0,0.0,0.0,0.0,0.0,0.0,0.0,0.027323224109463747,0.0,0.0,0.0,0.0,0.0,0.08621870062072065,0.3862789628437902,0.07383311651026787,0.06420679300752663
2024-06-24,0.018260966510230955,0.019203919984103972,0.02186321966339865,0.0,0.0,0.0,0.0,0.0,0.0,0.0,0.0,0.0,0.0,0.0,0.0,0.027323224109463747,0.0,0.0,0.0,0.0,0.0,0.08621870062072065,0.3862789628437902,0.07383311651026787,0.06420679300752663
2024-06-25,0.018260966510230955,0.019203919984103972,0.02186321966339865,0.0,0.0,0.0,0.0,0.0,0.0,0.0,0.0,0.0,0.0,0.0,0.0,0.027323224109463747,0.0,0.0,0.0,0.0,0.0,0.08621870062072065,0.3862789628437902,0.07383311651026787,0.06420679300752663
2024-06-26,0.018260966510230955,0.019203919984103972,0.02186321966339865,0.0,0.0,0.0,0.0,0.0,0.0,0.0,0.0,0.0,0.0,0.0,0.0,0.027323224109463747,0.0,0.0,0.0,0.0,0.0,0.08621870062072065,0.3862789628437902,0.07383311651026787,0.06420679300752663
2024-06-27,0.018260966510230955,0.019203919984103972,0.02186321966339865,0.0,0.0,0.0,0.0,0.0,0.0,0.0,0.0,0.0,0.0,0.0,0.0,0.027323224109463747,0.0,0.0,0.0,0.0,0.0,0.08621870062072065,0.3862789628437902,0.07383311651026787,0.06420679300752663
2024-06-28,0.018260966510230955,0.019203919984103972,0.02186321966339865,0.0,0.0,0.0,0.0,0.0,0.0,0.0,0.0,0.0,0.0,0.0,0.0,0.027323224109463747,0.0,0.0,0.0,0.0,0.0,0.08621870062072065,0.3862789628437902,0.07383311651026787,0.06420679300752663
2024-07-01,0.018260966510230955,0.019203919984103972,0.02186321966339865,0.0,0.0,0.0,0.0,0.0,0.0,0.0,0.0,0.0,0.0,0.0,0.0,0.027323224109463747,0.0,0.0,0.0,0.0,0.0,0.08621870062072065,0.3862789628437902,0.07383311651026787,0.06420679300752663
2024-07-02,0.018260966510230955,0.019203919984103972,0.02186321966339865,0.0,0.0,0.0,0.0,0.0,0.0,0.0,0.0,0.0,0.0,0.0,0.0,0.027323224109463747,0.0,0.0,0.0,0.0,0.0,0.08621870062072065,0.3862789628437902,0.07383311651026787,0.06420679300752663
2024-07-03,0.018260966510230955,0.019203919984103972,0.02186321966339865,0.0,0.0,0.0,0.0,0.0,0.0,0.0,0.0,0.0,0.0,0.0,0.0,0.027323224109463747,0.0,0.0,0.0,0.0,0.0,0.08621870062072065,0.3862789628437902,0.07383311651026787,0.06420679300752663
2024-07-04,0.018260966510230955,0.019203919984103972,0.02186321966339865,0.0,0.0,0.0,0.0,0.0,0.0,0.0,0.0,0.0,0.0,0.0,0.0,0.027323224109463747,0.0,0.0,0.0,0.0,0.0,0.08621870062072065,0.3862789628437902,0.07383311651026787,0.06420679300752663
2024-07-05,0.018260966510230955,0.019203919984103972,0.02186321966339865,0.0,0.0,0.0,0.0,0.0,0.0,0.0,0.0,0.0,0.0,0.0,0.0,0.027323224109463747,0.0,0.0,0.0,0.0,0.0,0.08621870062072065,0.3862789628437902,0.07383311651026787,0.06420679300752663
2024-07-08,0.018260966510230955,0.019203919984103972,0.02186321966339865,0.0,0.0,0.0,0.0,0.0,0.0,0.0,0.0,0.0,0.0,0.0,0.0,0.027323224109463747,0.0,0.0,0.0,0.0,0.0,0.08621870062072065,0.3862789628437902,0.07383311651026787,0.06420679300752663
2024-07-09,0.018260966510230955,0.019203919984103972,0.02186321966339865,0.0,0.0,0.0,0.0,0.0,0.0,0.0,0.0,0.0,0.0,0.0,0.0,0.027323224109463747,0.0,0.0,0.0,0.0,0.0,0.08621870062072065,0.3862789628437902,0.07383311651026787,0.06420679300752663
2024-07-10,0.018260966510230955,0.019203919984103972,0.02186321966339865,0.0,0.0,0.0,0.0,0.0,0.0,0.0,0.0,0.0,0.0,0.0,0.0,0.027323224109463747,0.0,0.0,0.0,0.0,0.0,0.08621870062072065,0.3862789628437902,0.07383311651026787,0.06420679300752663
2024-07-11,0.018260966510230955,0.019203919984103972,0.02186321966339865,0.0,0.0,0.0,0.0,0.0,0.0,0.0,0.0,0.0,0.0,0.0,0.0,0.027323224109463747,0.0,0.0,0.0,0.0,0.0,0.08621870062072065,0.3862789628437902,0.07383311651026787,0.06420679300752663
2024-07-12,0.018260966510230955,0.019203919984103972,0.02186321966339865,0.0,0.0,0.0,0.0,0.0,0.0,0.0,0.0,0.0,0.0,0.0,0.0,0.027323224109463747,0.0,0.0,0.0,0.0,0.0,0.08621870062072065,0.3862789628437902,0.07383311651026787,0.06420679300752663
2024-07-15,0.018260966510230955,0.019203919984103972,0.02186321966339865,0.0,0.0,0.0,0.0,0.0,0.0,0.0,0.0,0.0,0.0,0.0,0.0,0.027323224109463747,0.0,0.0,0.0,0.0,0.0,0.08621870062072065,0.3862789628437902,0.07383311651026787,0.06420679300752663
2024-07-16,0.018260966510230955,0.019203919984103972,0.02186321966339865,0.0,0.0,0.0,0.0,0.0,0.0,0.0,0.0,0.0,0.0,0.0,0.0,0.027323224109463747,0.0,0.0,0.0,0.0,0.0,0.08621870062072065,0.3862789628437902,0.07383311651026787,0.06420679300752663
2024-07-17,0.018260966510230955,0.019203919984103972,0.02186321966339865,0.0,0.0,0.0,0.0,0.0,0.0,0.0,0.0,0.0,0.0,0.0,0.0,0.027323224109463747,0.0,0.0,0.0,0.0,0.0,0.08621870062072065,0.3862789628437902,0.07383311651026787,0.06420679300752663
2024-07-18,0.018260966510230955,0.019203919984103972,0.02186321966339865,0.0,0.0,0.0,0.0,0.0,0.0,0.0,0.0,0.0,0.0,0.0,0.0,0.027323224109463747,0.0,0.0,0.0,0.0,0.0,0.08621870062072065,0.3862789628437902,0.07383311651026787,0.06420679300752663
2024-07-19,0.018260966510230955,0.019203919984103972,0.02186321966339865,0.0,0.0,0.0,0.0,0.0,0.0,0.0,0.0,0.0,0.0,0.0,0.0,0.027323224109463747,0.0,0.0,0.0,0.0,0.0,0.08621870062072065,0.3862789628437902,0.07383311651026787,0.06420679300752663
2024-07-22,0.018260966510230955,0.019203919984103972,0.02186321966339865,0.0,0.0,0.0,0.0,0.0,0.0,0.0,0.0,0.0,0.0,0.0,0.0,0.027323224109463747,0.0,0.0,0.0,0.0,0.0,0.08621870062072065,0.3862789628437902,0.07383311651026787,0.06420679300752663
2024-07-23,0.018260966510230955,0.019203919984103972,0.02186321966339865,0.0,0.0,0.0,0.0,0.0,0.0,0.0,0.0,0.0,0.0,0.0,0.0,0.027323224109463747,0.0,0.0,0.0,0.0,0.0,0.08621870062072065,0.3862789628437902,0.07383311651026787,0.06420679300752663
2024-07-24,0.018260966510230955,0.019203919984103972,0.02186321966339865,0.0,0.0,0.0,0.0,0.0,0.0,0.0,0.0,0.0,0.0,0.0,0.0,0.027323224109463747,0.0,0.0,0.0,0.0,0.0,0.08621870062072065,0.3862789628437902,0.07383311651026787,0.06420679300752663
2024-07-25,0.018260966510230955,0.019203919984103972,0.02186321966339865,0.0,0.0,0.0,0.0,0.0,0.0,0.0,0.0,0.0,0.0,0.0,0.0,0.027323224109463747,0.0,0.0,0.0,0.0,0.0,0.08621870062072065,0.3862789628437902,0.07383311651026787,0.06420679300752663
2024-07-26,0.018260966510230955,0.019203919984103972,0.02186321966339865,0.0,0.0,0.0,0.0,0.0,0.0,0.0,0.0,0.0,0.0,0.0,0.0,0.027323224109463747,0.0,0.0,0.0,0.0,0.0,0.08621870062072065,0.3862789628437902,0.07383311651026787,0.06420679300752663
2024-07-29,0.018260966510230955,0.019203919984103972,0.02186321966339865,0.0,0.0,0.0,0.0,0.0,0.0,0.0,0.0,0.0,0.0,0.0,0.0,0.027323224109463747,0.0,0.0,0.0,0.0,0.0,0.08621870062072065,0.3862789628437902,0.07383311651026787,0.06420679300752663
2024-07-30,0.018260966510230955,0.019203919984103972,0.02186321966339865,0.0,0.0,0.0,0.0,0.0,0.0,0.0,0.0,0.0,0.0,0.0,0.0,0.027323224109463747,0.0,0.0,0.0,0.0,0.0,0.08621870062072065,0.3862789628437902,0.07383311651026787,0.06420679300752663
2024-07-31,0.018260966510230955,0.019203919984103972,0.02186321966339865,0.0,0.0,0.0,0.0,0.0,0.0,0.0,0.0,0.0,0.0,0.0,0.0,0.027323224109463747,0.0,0.0,0.0,0.0,0.0,0.08621870062072065,0.3862789628437902,0.07383311651026787,0.06420679300752663
2024-08-01,0.012886154032245752,0.014084706701590094,0.013563926210997923,0.0,0.0,0.0,0.0,0.0,0.0,0.0,0.0,0.0,0.0,0.018264037987234374,0.016302498059956812,0.033700123209057804,0.0,0.0,0.0,0.0,0.0,0.08844834484719362,0.3683399195679252,0.0640012224792691,0.11449066187930486
2024-08-02,0.012886154032245752,0.014084706701590094,0.013563926210997923,0.0,0.0,0.0,0.0,0.0,0.0,0.0,0.0,0.0,0.0,0.018264037987234374,0.016302498059956812,0.033700123209057804,0.0,0.0,0.0,0.0,0.0,0.08844834484719362,0.3683399195679252,0.0640012224792691,0.11449066187930486
2024-08-05,0.012886154032245752,0.014084706701590094,0.013563926210997923,0.0,0.0,0.0,0.0,0.0,0.0,0.0,0.0,0.0,0.0,0.018264037987234374,0.016302498059956812,0.033700123209057804,0.0,0.0,0.0,0.0,0.0,0.08844834484719362,0.3683399195679252,0.0640012224792691,0.11449066187930486
2024-08-06,0.0,0.014084706701590094,0.013563926210997923,0.0,0.0,0.0,0.0,0.0,0.0,0.0,0.0,0.0,0.0,0.018264037987234374,0.016302498059956812,0.033700123209057804,0.0,0.0,0.0,0.0,0.0,0.08844834484719362,0.3683399195679252,0.0640012224792691,0.11449066187930486
2024-08-07,0.0,0.014084706701590094,0.013563926210997923,0.0,0.0,0.0,0.0,0.0,0.0,0.0,0.0,0.0,0.0,0.018264037987234374,0.016302498059956812,0.033700123209057804,0.0,0.0,0.0,0.0,0.0,0.08844834484719362,0.3683399195679252,0.0640012224792691,0.11449066187930486
2024-08-08,0.0,0.014084706701590094,0.013563926210997923,0.0,0.0,0.0,0.0,0.0,0.0,0.0,0.0,0.0,0.0,0.018264037987234374,0.016302498059956812,0.033700123209057804,0.0,0.0,0.0,0.0,0.0,0.08844834484719362,0.3683399195679252,0.0640012224792691,0.11449066187930486
2024-08-09,0.0,0.014084706701590094,0.013563926210997923,0.0,0.0,0.0,0.0,0.0,0.0,0.0,0.0,0.0,0.0,0.018264037987234374,0.016302498059956812,0.033700123209057804,0.0,0.0,0.0,0.0,0.0,0.08844834484719362,0.3683399195679252,0.0640012224792691,0.11449066187930486
2024-08-12,0.0,0.014084706701590094,0.013563926210997923,0.0,0.0,0.0,0.0,0.0,0.0,0.0,0.0,0.0,0.0,0.018264037987234374,0.016302498059956812,0.033700123209057804,0.0,0.0,0.0,0.0,0.0,0.08844834484719362,0.3683399195679252,0.0640012224792691,0.11449066187930486
2024-08-13,0.0,0.014084706701590094,0.013563926210997923,0.0,0.0,0.0,0.0,0.0,0.0,0.0,0.0,0.0,0.0,0.018264037987234374,0.016302498059956812,0.033700123209057804,0.0,0.0,0.0,0.0,0.0,0.08844834484719362,0.3683399195679252,0.0640012224792691,0.11449066187930486
2024-08-14,0.0,0.014084706701590094,0.013563926210997923,0.0,0.0,0.0,0.0,0.0,0.0,0.0,0.0,0.0,0.0,0.018264037987234374,0.016302498059956812,0.033700123209057804,0.0,0.0,0.0,0.0,0.0,0.08844834484719362,0.3683399195679252,0.0640012224792691,0.11449066187930486
2024-08-15,0.0,0.014084706701590094,0.013563926210997923,0.0,0.0,0.0,0.0,0.0,0.0,0.0,0.0,0.0,0.0,0.018264037987234374,0.016302498059956812,0.033700123209057804,0.0,0.0,0.0,0.0,0.0,0.08844834484719362,0.3683399195679252,0.0640012224792691,0.11449066187930486
2024-08-16,0.0,0.014084706701590094,0.013563926210997923,0.0,0.0,0.0,0.0,0.0,0.0,0.0,0.0,0.0,0.0,0.018264037987234374,0.016302498059956812,0.033700123209057804,0.0,0.0,0.0,0.0,0.0,0.08844834484719362,0.3683399195679252,0.0640012224792691,0.11449066187930486
2024-08-19,0.0,0.014084706701590094,0.013563926210997923,0.0,0.0,0.0,0.0,0.0,0.0,0.0,0.0,0.0,0.0,0.018264037987234374,0.016302498059956812,0.033700123209057804,0.0,0.0,0.0,0.0,0.0,0.08844834484719362,0.3683399195679252,0.0640012224792691,0.11449066187930486
2024-08-20,0.0,0.014084706701590094,0.013563926210997923,0.0,0.0,0.0,0.0,0.0,0.0,0.0,0.0,0.0,0.0,0.018264037987234374,0.016302498059956812,0.033700123209057804,0.0,0.0,0.0,0.0,0.0,0.08844834484719362,0.3683399195679252,0.0640012224792691,0.11449066187930486
2024-08-21,0.0,0.014084706701590094,0.013563926210997923,0.0,0.0,0.0,0.0,0.0,0.0,0.0,0.0,0.0,0.0,0.018264037987234374,0.016302498059956812,0.033700123209057804,0.0,0.0,0.0,0.0,0.0,0.08844834484719362,0.3683399195679252,0.0640012224792691,0.11449066187930486
2024-08-22,0.0,0.014084706701590094,0.013563926210997923,0.0,0.0,0.0,0.0,0.0,0.0,0.0,0.0,0.0,0.0,0.018264037987234374,0.016302498059956812,0.033700123209057804,0.0,0.0,0.0,0.0,0.0,0.08844834484719362,0.3683399195679252,0.0640012224792691,0.11449066187930486
2024-08-23,0.0,0.014084706701590094,0.013563926210997923,0.0,0.0,0.0,0.0,0.0,0.0,0.0,0.0,0.0,0.0,0.018264037987234374,0.016302498059956812,0.033700123209057804,0.0,0.0,0.0,0.0,0.0,0.08844834484719362,0.3683399195679252,0.0640012224792691,0.11449066187930486
2024-08-26,0.0,0.014084706701590094,0.013563926210997923,0.0,0.0,0.0,0.0,0.0,0.0,0.0,0.0,0.0,0.0,0.018264037987234374,0.016302498059956812,0.033700123209057804,0.0,0.0,0.0,0.0,0.0,0.08844834484719362,0.3683399195679252,0.0640012224792691,0.11449066187930486
2024-08-27,0.0,0.014084706701590094,0.013563926210997923,0.0,0.0,0.0,0.0,0.0,0.0,0.0,0.0,0.0,0.0,0.018264037987234374,0.016302498059956812,0.033700123209057804,0.0,0.0,0.0,0.0,0.0,0.08844834484719362,0.3683399195679252,0.0640012224792691,0.11449066187930486
2024-08-28,0.0,0.014084706701590094,0.013563926210997923,0.0,0.0,0.0,0.0,0.0,0.0,0.0,0.0,0.0,0.0,0.018264037987234374,0.016302498059956812,0.033700123209057804,0.0,0.0,0.0,0.0,0.0,0.08844834484719362,0.3683399195679252,0.0640012224792691,0.11449066187930486
2024-08-29,0.0,0.014084706701590094,0.013563926210997923,0.0,0.0,0.0,0.0,0.0,0.0,0.0,0.0,0.0,0.0,0.018264037987234374,0.016302498059956812,0.033700123209057804,0.0,0.0,0.0,0.0,0.0,0.08844834484719362,0.3683399195679252,0.0640012224792691,0.11449066187930486
2024-08-30,0.0,0.014084706701590094,0.013563926210997923,0.0,0.0,0.0,0.0,0.0,0.0,0.0,0.0,0.0,0.0,0.018264037987234374,0.016302498059956812,0.033700123209057804,0.0,0.0,0.0,0.0,0.0,0.08844834484719362,0.3683399195679252,0.0640012224792691,0.11449066187930486
2024-09-02,0.0,0.014084706701590094,0.013563926210997923,0.0,0.0,0.0,0.0,0.0,0.0,0.0,0.0,0.0,0.0,0.018264037987234374,0.016302498059956812,0.033700123209057804,0.0,0.0,0.0,0.0,0.0,0.08844834484719362,0.3683399195679252,0.0640012224792691,0.11449066187930486
2024-09-03,0.0,0.014084706701590094,0.013563926210997923,0.0,0.0,0.0,0.0,0.0,0.0,0.0,0.0,0.0,0.0,0.018264037987234374,0.016302498059956812,0.033700123209057804,0.0,0.0,0.0,0.0,0.0,0.08844834484719362,0.3683399195679252,0.0640012224792691,0.11449066187930486
2024-09-04,0.0,0.014084706701590094,0.013563926210997923,0.0,0.0,0.0,0.0,0.0,0.0,0.0,0.0,0.0,0.0,0.018264037987234374,0.016302498059956812,0.033700123209057804,0.0,0.0,0.0,0.0,0.0,0.08844834484719362,0.3683399195679252,0.0640012224792691,0.11449066187930486
2024-09-05,0.0,0.014084706701590094,0.013563926210997923,0.0,0.0,0.0,0.0,0.0,0.0,0.0,0.0,0.0,0.0,0.018264037987234374,0.016302498059956812,0.033700123209057804,0.0,0.0,0.0,0.0,0.0,0.08844834484719362,0.3683399195679252,0.0640012224792691,0.11449066187930486
2024-09-06,0.0,0.014084706701590094,0.013563926210997923,0.0,0.0,0.0,0.0,0.0,0.0,0.0,0.0,0.0,0.0,0.018264037987234374,0.016302498059956812,0.033700123209057804,0.0,0.0,0.0,0.0,0.0,0.08844834484719362,0.3683399195679252,0.0640012224792691,0.11449066187930486
2024-09-09,0.0,0.014084706701590094,0.013563926210997923,0.0,0.0,0.0,0.0,0.0,0.0,0.0,0.0,0.0,0.0,0.018264037987234374,0.016302498059956812,0.033700123209057804,0.0,0.0,0.0,0.0,0.0,0.08844834484719362,0.3683399195679252,0.0640012224792691,0.11449066187930486
2024-09-10,0.0,0.014084706701590094,0.013563926210997923,0.0,0.0,0.0,0.0,0.0,0.0,0.0,0.0,0.0,0.0,0.018264037987234374,0.016302498059956812,0.033700123209057804,0.0,0.0,0.0,0.0,0.0,0.08844834484719362,0.3683399195679252,0.0640012224792691,0.11449066187930486
2024-09-11,0.0,0.014084706701590094,0.013563926210997923,0.0,0.0,0.0,0.0,0.0,0.0,0.0,0.0,0.0,0.0,0.018264037987234374,0.016302498059956812,0.033700123209057804,0.0,0.0,0.0,0.0,0.0,0.08844834484719362,0.3683399195679252,0.0640012224792691,0.11449066187930486
2024-09-12,0.0,0.014084706701590094,0.013563926210997923,0.0,0.0,0.0,0.0,0.0,0.0,0.0,0.0,0.0,0.0,0.018264037987234374,0.016302498059956812,0.033700123209057804,0.0,0.0,0.0,0.0,0.0,0.08844834484719362,0.3683399195679252,0.0640012224792691,0.11449066187930486
2024-09-13,0.0,0.014084706701590094,0.013563926210997923,0.0,0.0,0.0,0.0,0.0,0.0,0.0,0.0,0.0,0.0,0.018264037987234374,0.016302498059956812,0.033700123209057804,0.0,0.0,0.0,0.0,0.0,0.08844834484719362,0.3683399195679252,0.0640012224792691,0.11449066187930486
2024-09-16,0.0,0.014084706701590094,0.013563926210997923,0.0,0.0,0.0,0.0,0.0,0.0,0.0,0.0,0.0,0.0,0.018264037987234374,0.016302498059956812,0.033700123209057804,0.0,0.0,0.0,0.0,0.0,0.08844834484719362,0.3683399195679252,0.0640012224792691,0.11449066187930486
2024-09-17,0.0,0.014084706701590094,0.013563926210997923,0.0,0.0,0.0,0.0,0.0,0.0,0.0,0.0,0.0,0.0,0.018264037987234374,0.016302498059956812,0.033700123209057804,0.0,0.0,0.0,0.0,0.0,0.08844834484719362,0.3683399195679252,0.0640012224792691,0.11449066187930486
2024-09-18,0.0,0.014084706701590094,0.013563926210997923,0.0,0.0,0.0,0.0,0.0,0.0,0.0,0.0,0.0,0.0,0.018264037987234374,0.016302498059956812,0.033700123209057804,0.0,0.0,0.0,0.0,0.0,0.08844834484719362,0.3683399195679252,0.0640012224792691,0.11449066187930486
2024-09-19,0.0,0.014084706701590094,0.013563926210997923,0.0,0.0,0.0,0.0,0.0,0.0,0.0,0.0,0.0,0.0,0.018264037987234374,0.016302498059956812,0.033700123209057804,0.0,0.0,0.0,0.0,0.0,0.08844834484719362,0.3683399195679252,0.0640012224792691,0.11449066187930486
2024-09-20,0.0,0.014084706701590094,0.013563926210997923,0.0,0.0,0.0,0.0,0.0,0.0,0.0,0.0,0.0,0.0,0.018264037987234374,0.016302498059956812,0.033700123209057804,0.0,0.0,0.0,0.0,0.0,0.08844834484719362,0.3683399195679252,0.0640012224792691,0.11449066187930486
2024-09-23,0.0,0.014084706701590094,0.013563926210997923,0.0,0.0,0.0,0.0,0.0,0.0,0.0,0.0,0.0,0.0,0.018264037987234374,0.016302498059956812,0.033700123209057804,0.0,0.0,0.0,0.0,0.0,0.08844834484719362,0.3683399195679252,0.0640012224792691,0.11449066187930486
2024-09-24,0.0,0.014084706701590094,0.013563926210997923,0.0,0.0,0.0,0.0,0.0,0.0,0.0,0.0,0.0,0.0,0.018264037987234374,0.016302498059956812,0.033700123209057804,0.0,0.0,0.0,0.0,0.0,0.08844834484719362,0.3683399195679252,0.0640012224792691,0.11449066187930486
2024-09-25,0.0,0.014084706701590094,0.013563926210997923,0.0,0.0,0.0,0.0,0.0,0.0,0.0,0.0,0.0,0.0,0.018264037987234374,0.016302498059956812,0.033700123209057804,0.0,0.0,0.0,0.0,0.0,0.08844834484719362,0.3683399195679252,0.0640012224792691,0.11449066187930486
2024-09-26,0.0,0.014084706701590094,0.013563926210997923,0.0,0.0,0.0,0.0,0.0,0.0,0.0,0.0,0.0,0.0,0.018264037987234374,0.016302498059956812,0.033700123209057804,0.0,0.0,0.0,0.0,0.0,0.08844834484719362,0.3683399195679252,0.0640012224792691,0.11449066187930486
2024-09-27,0.0,0.014084706701590094,0.013563926210997923,0.0,0.0,0.0,0.0,0.0,0.0,0.0,0.0,0.0,0.0,0.018264037987234374,0.016302498059956812,0.033700123209057804,0.0,0.0,0.0,0.0,0.0,0.08844834484719362,0.3683399195679252,0.0640012224792691,0.11449066187930486
2024-09-30,0.0,0.014084706701590094,0.013563926210997923,0.0,0.0,0.0,0.0,0.0,0.0,0.0,0.0,0.0,0.0,0.018264037987234374,0.016302498059956812,0.033700123209057804,0.0,0.0,0.0,0.0,0.0,0.08844834484719362,0.3683399195679252,0.0640012224792691,0.11449066187930486
2024-10-01,0.0,0.014084706701590094,0.013563926210997923,0.0,0.0,0.0,0.0,0.0,0.0,0.0,0.0,0.0,0.0,0.018264037987234374,0.016302498059956812,0.033700123209057804,0.0,0.0,0.0,0.0,0.0,0.08844834484719362,0.3683399195679252,0.0640012224792691,0.11449066187930486
2024-10-02,0.0,0.014084706701590094,0.013563926210997923,0.0,0.0,0.0,0.0,0.0,0.0,0.0,0.0,0.0,0.0,0.018264037987234374,0.016302498059956812,0.033700123209057804,0.0,0.0,0.0,0.0,0.0,0.08844834484719362,0.3683399195679252,0.0640012224792691,0.11449066187930486
2024-10-03,0.0,0.014084706701590094,0.013563926210997923,0.0,0.0,0.0,0.0,0.0,0.0,0.0,0.0,0.0,0.0,0.018264037987234374,0.016302498059956812,0.033700123209057804,0.0,0.0,0.0,0.0,0.0,0.08844834484719362,0.3683399195679252,0.0640012224792691,0.11449066187930486
2024-10-04,0.0,0.014084706701590094,0.013563926210997923,0.0,0.0,0.0,0.0,0.0,0.0,0.0,0.0,0.0,0.0,0.018264037987234374,0.016302498059956812,0.033700123209057804,0.0,0.0,0.0,0.0,0.0,0.08844834484719362,0.3683399195679252,0.0640012224792691,0.11449066187930486
2024-10-07,0.0,0.014084706701590094,0.013563926210997923,0.0,0.0,0.0,0.0,0.0,0.0,0.0,0.0,0.0,0.0,0.018264037987234374,0.016302498059956812,0.033700123209057804,0.0,0.0,0.0,0.0,0.0,0.08844834484719362,0.3683399195679252,0.0640012224792691,0.11449066187930486
2024-10-08,0.0,0.014084706701590094,0.013563926210997923,0.0,0.0,0.0,0.0,0.0,0.0,0.0,0.0,0.0,0.0,0.018264037987234374,0.016302498059956812,0.033700123209057804,0.0,0.0,0.0,0.0,0.0,0.08844834484719362,0.3683399195679252,0.0640012224792691,0.11449066187930486
2024-10-09,0.0,0.014084706701590094,0.013563926210997923,0.0,0.0,0.0,0.0,0.0,0.0,0.0,0.0,0.0,0.0,0.018264037987234374,0.016302498059956812,0.033700123209057804,0.0,0.0,0.0,0.0,0.0,0.08844834484719362,0.3683399195679252,0.0640012224792691,0.11449066187930486
2024-10-10,0.0,0.014084706701590094,0.013563926210997923,0.0,0.0,0.0,0.0,0.0,0.0,0.0,0.0,0.0,0.0,0.018264037987234374,0.016302498059956812,0.033700123209057804,0.0,0.0,0.0,0.0,0.0,0.08844834484719362,0.3683399195679252,0.0640012224792691,0.11449066187930486
2024-10-11,0.0,0.014084706701590094,0.013563926210997923,0.0,0.0,0.0,0.0,0.0,0.0,0.0,0.0,0.0,0.0,0.018264037987234374,0.016302498059956812,0.033700123209057804,0.0,0.0,0.0,0.0,0.0,0.08844834484719362,0.3683399195679252,0.0640012224792691,0.11449066187930486
2024-10-14,0.0,0.014084706701590094,0.013563926210997923,0.0,0.0,0.0,0.0,0.0,0.0,0.0,0.0,0.0,0.0,0.018264037987234374,0.016302498059956812,0.033700123209057804,0.0,0.0,0.0,0.0,0.0,0.08844834484719362,0.3683399195679252,0.0640012224792691,0.11449066187930486
2024-10-15,0.0,0.014084706701590094,0.013563926210997923,0.0,0.0,0.0,0.0,0.0,0.0,0.0,0.0,0.0,0.0,0.018264037987234374,0.016302498059956812,0.033700123209057804,0.0,0.0,0.0,0.0,0.0,0.08844834484719362,0.3683399195679252,0.0640012224792691,0.11449066187930486
2024-10-16,0.0,0.014084706701590094,0.013563926210997923,0.0,0.0,0.0,0.0,0.0,0.0,0.0,0.0,0.0,0.0,0.018264037987234374,0.016302498059956812,0.033700123209057804,0.0,0.0,0.0,0.0,0.0,0.08844834484719362,0.3683399195679252,0.0640012224792691,0.11449066187930486
2024-10-17,0.0,0.014084706701590094,0.013563926210997923,0.0,0.0,0.0,0.0,0.0,0.0,0.0,0.0,0.0,0.0,0.018264037987234374,0.016302498059956812,0.033700123209057804,0.0,0.0,0.0,0.0,0.0,0.08844834484719362,0.3683399195679252,0.0640012224792691,0.11449066187930486
2024-10-18,0.0,0.014084706701590094,0.013563926210997923,0.0,0.0,0.0,0.0,0.0,0.0,0.0,0.0,0.0,0.0,0.018264037987234374,0.016302498059956812,0.033700123209057804,0.0,0.0,0.0,0.0,0.0,0.08844834484719362,0.3683399195679252,0.0640012224792691,0.11449066187930486
2024-10-21,0.0,0.014084706701590094,0.013563926210997923,0.0,0.0,0.0,0.0,0.0,0.0,0.0,0.0,0.0,0.0,0.018264037987234374,0.016302498059956812,0.033700123209057804,0.0,0.0,0.0,0.0,0.0,0.08844834484719362,0.3683399195679252,0.0640012224792691,0.11449066187930486
2024-10-22,0.0,0.014084706701590094,0.013563926210997923,0.0,0.0,0.0,0.0,0.0,0.0,0.0,0.0,0.0,0.0,0.018264037987234374,0.016302498059956812,0.033700123209057804,0.0,0.0,0.0,0.0,0.0,0.08844834484719362,0.3683399195679252,0.0640012224792691,0.11449066187930486
2024-10-23,0.0,0.014084706701590094,0.013563926210997923,0.0,0.0,0.0,0.0,0.0,0.0,0.0,0.0,0.0,0.0,0.018264037987234374,0.016302498059956812,0.033700123209057804,0.0,0.0,0.0,0.0,0.0,0.08844834484719362,0.3683399195679252,0.0640012224792691,0.11449066187930486
2024-10-24,0.0,0.014084706701590094,0.013563926210997923,0.0,0.0,0.0,0.0,0.0,0.0,0.0,0.0,0.0,0.0,0.018264037987234374,0.016302498059956812,0.033700123209057804,0.0,0.0,0.0,0.0,0.0,0.08844834484719362,0.3683399195679252,0.0640012224792691,0.11449066187930486
2024-10-25,0.0,0.014084706701590094,0.013563926210997923,0.0,0.0,0.0,0.0,0.0,0.0,0.0,0.0,0.0,0.0,0.018264037987234374,0.016302498059956812,0.033700123209057804,0.0,0.0,0.0,0.0,0.0,0.08844834484719362,0.3683399195679252,0.0640012224792691,0.11449066187930486
2024-10-28,0.0,0.014084706701590094,0.013563926210997923,0.0,0.0,0.0,0.0,0.0,0.0,0.0,0.0,0.0,0.0,0.018264037987234374,0.016302498059956812,0.033700123209057804,0.0,0.0,0.0,0.0,0.0,0.08844834484719362,0.3683399195679252,0.0640012224792691,0.11449066187930486
2024-10-29,0.0,0.014084706701590094,0.013563926210997923,0.0,0.0,0.0,0.0,0.0,0.0,0.0,0.0,0.0,0.0,0.018264037987234374,0.016302498059956812,0.033700123209057804,0.0,0.0,0.0,0.0,0.0,0.08844834484719362,0.3683399195679252,0.0640012224792691,0.11449066187930486
2024-10-30,0.0,0.014084706701590094,0.013563926210997923,0.0,0.0,0.0,0.0,0.0,0.0,0.0,0.0,0.0,0.0,0.018264037987234374,0.016302498059956812,0.033700123209057804,0.0,0.0,0.0,0.0,0.0,0.08844834484719362,0.3683399195679252,0.0640012224792691,0.11449066187930486
2024-10-31,0.0,0.014084706701590094,0.013563926210997923,0.0,0.0,0.0,0.0,0.0,0.0,0.0,0.0,0.0,0.0,0.018264037987234374,0.016302498059956812,0.033700123209057804,0.0,0.0,0.0,0.0,0.0,0.08844834484719362,0.3683399195679252,0.0640012224792691,0.11449066187930486
2024-11-01,0.0,0.021323138128249312,0.024385294716311727,0.0,0.0,0.0,0.0,0.0,0.0,0.0,0.0,0.0,0.0,0.019397519555825304,0.013623585222036601,0.025943041858813336,0.0,0.0,0.0,0.0,0.0,0.09600727374446773,0.3115489394176702,0.0743824989413089,0.0685013787092039
2024-11-04,0.0,0.021323138128249312,0.024385294716311727,0.0,0.0,0.0,0.0,0.0,0.0,0.0,0.0,0.0,0.0,0.019397519555825304,0.013623585222036601,0.025943041858813336,0.0,0.0,0.0,0.0,0.0,0.09600727374446773,0.3115489394176702,0.0743824989413089,0.0685013787092039
2024-11-05,0.0,0.021323138128249312,0.024385294716311727,0.0,0.0,0.0,0.0,0.0,0.0,0.0,0.0,0.0,0.0,0.019397519555825304,0.013623585222036601,0.025943041858813336,0.0,0.0,0.0,0.0,0.0,0.09600727374446773,0.3115489394176702,0.0743824989413089,0.0685013787092039
2024-11-06,0.0,0.021323138128249312,0.024385294716311727,0.0,0.0,0.0,0.0,0.0,0.0,0.0,0.0,0.0,0.0,0.019397519555825304,0.013623585222036601,0.025943041858813336,0.0,0.0,0.0,0.0,0.0,0.09600727374446773,0.3115489394176702,0.0743824989413089,0.0685013787092039
2024-11-07,0.0,0.021323138128249312,0.024385294716311727,0.0,0.0,0.0,0.0,0.0,0.0,0.0,0.0,0.0,0.0,0.019397519555825304,0.013623585222036601,0.025943041858813336,0.0,0.0,0.0,0.0,0.0,0.09600727374446773,0.3115489394176702,0.0743824989413089,0.0685013787092039
2024-11-08,0.0,0.021323138128249312,0.024385294716311727,0.0,0.0,0.0,0.0,0.0,0.0,0.0,0.0,0.0,0.0,0.019397519555825304,0.013623585222036601,0.025943041858813336,0.0,0.0,0.0,0.0,0.0,0.09600727374446773,0.3115489394176702,0.0743824989413089,0.0685013787092039
2024-11-11,0.0,0.021323138128249312,0.024385294716311727,0.0,0.0,0.0,0.0,0.0,0.0,0.0,0.0,0.0,0.0,0.019397519555825304,0.013623585222036601,0.025943041858813336,0.0,0.0,0.0,0.0,0.0,0.09600727374446773,0.3115489394176702,0.0743824989413089,0.0685013787092039
2024-11-12,0.0,0.021323138128249312,0.024385294716311727,0.0,0.0,0.0,0.0,0.0,0.0,0.0,0.0,0.0,0.0,0.019397519555825304,0.013623585222036601,0.025943041858813336,0.0,0.0,0.0,0.0,0.0,0.09600727374446773,0.3115489394176702,0.0743824989413089,0.0685013787092039
2024-11-13,0.0,0.021323138128249312,0.024385294716311727,0.0,0.0,0.0,0.0,0.0,0.0,0.0,0.0,0.0,0.0,0.019397519555825304,0.013623585222036601,0.025943041858813336,0.0,0.0,0.0,0.0,0.0,0.09600727374446773,0.3115489394176702,0.0743824989413089,0.0685013787092039
2024-11-14,0.0,0.021323138128249312,0.024385294716311727,0.0,0.0,0.0,0.0,0.0,0.0,0.0,0.0,0.0,0.0,0.019397519555825304,0.013623585222036601,0.025943041858813336,0.0,0.0,0.0,0.0,0.0,0.09600727374446773,0.3115489394176702,0.0743824989413089,0.0685013787092039
2024-11-15,0.0,0.021323138128249312,0.024385294716311727,0.0,0.0,0.0,0.0,0.0,0.0,0.0,0.0,0.0,0.0,0.019397519555825304,0.013623585222036601,0.025943041858813336,0.0,0.0,0.0,0.0,0.0,0.09600727374446773,0.3115489394176702,0.0743824989413089,0.0685013787092039
2024-11-18,0.0,0.021323138128249312,0.024385294716311727,0.0,0.0,0.0,0.0,0.0,0.0,0.0,0.0,0.0,0.0,0.019397519555825304,0.013623585222036601,0.025943041858813336,0.0,0.0,0.0,0.0,0.0,0.09600727374446773,0.3115489394176702,0.0743824989413089,0.0685013787092039
2024-11-19,0.0,0.021323138128249312,0.024385294716311727,0.0,0.0,0.0,0.0,0.0,0.0,0.0,0.0,0.0,0.0,0.019397519555825304,0.013623585222036601,0.025943041858813336,0.0,0.0,0.0,0.0,0.0,0.09600727374446773,0.3115489394176702,0.0743824989413089,0.0685013787092039
2024-11-20,0.0,0.021323138128249312,0.024385294716311727,0.0,0.0,0.0,0.0,0.0,0.0,0.0,0.0,0.0,0.0,0.019397519555825304,0.013623585222036601,0.025943041858813336,0.0,0.0,0.0,0.0,0.0,0.09600727374446773,0.3115489394176702,0.0743824989413089,0.0685013787092039
2024-11-21,0.0,0.021323138128249312,0.024385294716311727,0.0,0.0,0.0,0.0,0.0,0.0,0.0,0.0,0.0,0.0,0.019397519555825304,0.013623585222036601,0.025943041858813336,0.0,0.0,0.0,0.0,0.0,0.09600727374446773,0.3115489394176702,0.0743824989413089,0.0685013787092039
2024-11-22,0.0,0.021323138128249312,0.024385294716311727,0.0,0.0,0.0,0.0,0.0,0.0,0.0,0.0,0.0,0.0,0.019397519555825304,0.013623585222036601,0.025943041858813336,0.0,0.0,0.0,0.0,0.0,0.09600727374446773,0.3115489394176702,0.0743824989413089,0.0685013787092039
2024-11-25,0.0,0.021323138128249312,0.024385294716311727,0.0,0.0,0.0,0.0,0.0,0.0,0.0,0.0,0.0,0.0,0.019397519555825304,0.013623585222036601,0.025943041858813336,0.0,0.0,0.0,0.0,0.0,0.09600727374446773,0.3115489394176702,0.0743824989413089,0.0685013787092039
2024-11-26,0.0,0.021323138128249312,0.024385294716311727,0.0,0.0,0.0,0.0,0.0,0.0,0.0,0.0,0.0,0.0,0.019397519555825304,0.013623585222036601,0.025943041858813336,0.0,0.0,0.0,0.0,0.0,0.09600727374446773,0.3115489394176702,0.0743824989413089,0.0685013787092039
2024-11-27,0.0,0.021323138128249312,0.024385294716311727,0.0,0.0,0.0,0.0,0.0,0.0,0.0,0.0,0.0,0.0,0.019397519555825304,0.013623585222036601,0.025943041858813336,0.0,0.0,0.0,0.0,0.0,0.09600727374446773,0.3115489394176702,0.0743824989413089,0.0685013787092039
2024-11-28,0.0,0.021323138128249312,0.024385294716311727,0.0,0.0,0.0,0.0,0.0,0.0,0.0,0.0,0.0,0.0,0.019397519555825304,0.013623585222036601,0.025943041858813336,0.0,0.0,0.0,0.0,0.0,0.09600727374446773,0.3115489394176702,0.0743824989413089,0.0685013787092039
2024-11-29,0.0,0.021323138128249312,0.024385294716311727,0.0,0.0,0.0,0.0,0.0,0.0,0.0,0.0,0.0,0.0,0.019397519555825304,0.013623585222036601,0.025943041858813336,0.0,0.0,0.0,0.0,0.0,0.09600727374446773,0.3115489394176702,0.0743824989413089,0.0685013787092039
2024-12-02,0.0,0.021323138128249312,0.024385294716311727,0.0,0.0,0.0,0.0,0.0,0.0,0.0,0.0,0.0,0.0,0.019397519555825304,0.013623585222036601,0.025943041858813336,0.0,0.0,0.0,0.0,0.0,0.09600727374446773,0.3115489394176702,0.0743824989413089,0.0685013787092039
2024-12-03,0.0,0.021323138128249312,0.024385294716311727,0.0,0.0,0.0,0.0,0.0,0.0,0.0,0.0,0.0,0.0,0.019397519555825304,0.013623585222036601,0.025943041858813336,0.0,0.0,0.0,0.0,0.0,0.09600727374446773,0.3115489394176702,0.0743824989413089,0.0685013787092039
2024-12-04,0.0,0.021323138128249312,0.024385294716311727,0.0,0.0,0.0,0.0,0.0,0.0,0.0,0.0,0.0,0.0,0.019397519555825304,0.013623585222036601,0.025943041858813336,0.0,0.0,0.0,0.0,0.0,0.09600727374446773,0.3115489394176702,0.0743824989413089,0.0685013787092039
2024-12-05,0.0,0.021323138128249312,0.024385294716311727,0.0,0.0,0.0,0.0,0.0,0.0,0.0,0.0,0.0,0.0,0.019397519555825304,0.013623585222036601,0.025943041858813336,0.0,0.0,0.0,0.0,0.0,0.09600727374446773,0.3115489394176702,0.0743824989413089,0.0685013787092039
2024-12-06,0.0,0.021323138128249312,0.024385294716311727,0.0,0.0,0.0,0.0,0.0,0.0,0.0,0.0,0.0,0.0,0.019397519555825304,0.013623585222036601,0.025943041858813336,0.0,0.0,0.0,0.0,0.0,0.09600727374446773,0.3115489394176702,0.0743824989413089,0.0685013787092039
2024-12-09,0.0,0.021323138128249312,0.024385294716311727,0.0,0.0,0.0,0.0,0.0,0.0,0.0,0.0,0.0,0.0,0.019397519555825304,0.013623585222036601,0.025943041858813336,0.0,0.0,0.0,0.0,0.0,0.09600727374446773,0.3115489394176702,0.0743824989413089,0.0685013787092039
2024-12-10,0.0,0.021323138128249312,0.024385294716311727,0.0,0.0,0.0,0.0,0.0,0.0,0.0,0.0,0.0,0.0,0.019397519555825304,0.013623585222036601,0.025943041858813336,0.0,0.0,0.0,0.0,0.0,0.09600727374446773,0.3115489394176702,0.0743824989413089,0.0685013787092039
2024-12-11,0.0,0.021323138128249312,0.024385294716311727,0.0,0.0,0.0,0.0,0.0,0.0,0.0,0.0,0.0,0.0,0.019397519555825304,0.013623585222036601,0.025943041858813336,0.0,0.0,0.0,0.0,0.0,0.09600727374446773,0.3115489394176702,0.0743824989413089,0.0685013787092039
2024-12-12,0.0,0.021323138128249312,0.024385294716311727,0.0,0.0,0.0,0.0,0.0,0.0,0.0,0.0,0.0,0.0,0.019397519555825304,0.013623585222036601,0.025943041858813336,0.0,0.0,0.0,0.0,0.0,0.09600727374446773,0.3115489394176702,0.0743824989413089,0.0685013787092039
2024-12-13,0.0,0.021323138128249312,0.024385294716311727,0.0,0.0,0.0,0.0,0.0,0.0,0.0,0.0,0.0,0.0,0.019397519555825304,0.013623585222036601,0.025943041858813336,0.0,0.0,0.0,0.0,0.0,0.09600727374446773,0.3115489394176702,0.0743824989413089,0.0685013787092039
2024-12-16,0.0,0.021323138128249312,0.024385294716311727,0.0,0.0,0.0,0.0,0.0,0.0,0.0,0.0,0.0,0.0,0.019397519555825304,0.013623585222036601,0.025943041858813336,0.0,0.0,0.0,0.0,0.0,0.09600727374446773,0.3115489394176702,0.0743824989413089,0.0685013787092039
2024-12-17,0.0,0.021323138128249312,0.024385294716311727,0.0,0.0,0.0,0.0,0.0,0.0,0.0,0.0,0.0,0.0,0.019397519555825304,0.013623585222036601,0.025943041858813336,0.0,0.0,0.0,0.0,0.0,0.09600727374446773,0.3115489394176702,0.0743824989413089,0.0685013787092039
2024-12-18,0.0,0.021323138128249312,0.024385294716311727,0.0,0.0,0.0,0.0,0.0,0.0,0.0,0.0,0.0,0.0,0.019397519555825304,0.013623585222036601,0.025943041858813336,0.0,0.0,0.0,0.0,0.0,0.09600727374446773,0.3115489394176702,0.0743824989413089,0.0685013787092039
2024-12-19,0.0,0.021323138128249312,0.024385294716311727,0.0,0.0,0.0,0.0,0.0,0.0,0.0,0.0,0.0,0.0,0.019397519555825304,0.013623585222036601,0.025943041858813336,0.0,0.0,0.0,0.0,0.0,0.09600727374446773,0.3115489394176702,0.0743824989413089,0.0685013787092039
2024-12-20,0.0,0.021323138128249312,0.024385294716311727,0.0,0.0,0.0,0.0,0.0,0.0,0.0,0.0,0.0,0.0,0.019397519555825304,0.013623585222036601,0.025943041858813336,0.0,0.0,0.0,0.0,0.0,0.09600727374446773,0.3115489394176702,0.0743824989413089,0.0685013787092039
2024-12-23,0.0,0.021323138128249312,0.024385294716311727,0.0,0.0,0.0,0.0,0.0,0.0,0.0,0.0,0.0,0.0,0.019397519555825304,0.013623585222036601,0.025943041858813336,0.0,0.0,0.0,0.0,0.0,0.09600727374446773,0.3115489394176702,0.0743824989413089,0.0685013787092039
2024-12-24,0.0,0.021323138128249312,0.024385294716311727,0.0,0.0,0.0,0.0,0.0,0.0,0.0,0.0,0.0,0.0,0.019397519555825304,0.013623585222036601,0.025943041858813336,0.0,0.0,0.0,0.0,0.0,0.09600727374446773,0.3115489394176702,0.0743824989413089,0.0685013787092039
2024-12-25,0.0,0.021323138128249312,0.024385294716311727,0.0,0.0,0.0,0.0,0.0,0.0,0.0,0.0,0.0,0.0,0.019397519555825304,0.013623585222036601,0.025943041858813336,0.0,0.0,0.0,0.0,0.0,0.09600727374446773,0.3115489394176702,0.0743824989413089,0.0685013787092039
2024-12-26,0.0,0.021323138128249312,0.024385294716311727,0.0,0.0,0.0,0.0,0.0,0.0,0.0,0.0,0.0,0.0,0.019397519555825304,0.013623585222036601,0.025943041858813336,0.0,0.0,0.0,0.0,0.0,0.09600727374446773,0.3115489394176702,0.0743824989413089,0.0685013787092039
2024-12-27,0.0,0.021323138128249312,0.024385294716311727,0.0,0.0,0.0,0.0,0.0,0.0,0.0,0.0,0.0,0.0,0.019397519555825304,0.013623585222036601,0.025943041858813336,0.0,0.0,0.0,0.0,0.0,0.09600727374446773,0.3115489394176702,0.0743824989413089,0.0685013787092039
2024-12-30,0.0,0.021323138128249312,0.024385294716311727,0.0,0.0,0.0,0.0,0.0,0.0,0.0,0.0,0.0,0.0,0.019397519555825304,0.013623585222036601,0.025943041858813336,0.0,0.0,0.0,0.0,0.0,0.09600727374446773,0.3115489394176702,0.0743824989413089,0.0685013787092039
2024-12-31,0.0,0.021323138128249312,0.024385294716311727,0.0,0.0,0.0,0.0,0.0,0.0,0.0,0.0,0.0,0.0,0.019397519555825304,0.013623585222036601,0.025943041858813336,0.0,0.0,0.0,0.0,0.0,0.09600727374446773,0.3115489394176702,0.0743824989413089,0.0685013787092039
2025-01-02,0.0,0.021323138128249312,0.024385294716311727,0.0,0.0,0.0,0.0,0.0,0.0,0.0,0.0,0.0,0.0,0.019397519555825304,0.013623585222036601,0.025943041858813336,0.0,0.0,0.0,0.0,0.0,0.09600727374446773,0.3115489394176702,0.0743824989413089,0.0685013787092039
2025-01-03,0.0,0.021323138128249312,0.024385294716311727,0.0,0.0,0.0,0.0,0.0,0.0,0.0,0.0,0.0,0.0,0.019397519555825304,0.013623585222036601,0.025943041858813336,0.0,0.0,0.0,0.0,0.0,0.09600727374446773,0.3115489394176702,0.0743824989413089,0.0685013787092039
2025-01-06,0.0,0.021323138128249312,0.024385294716311727,0.0,0.0,0.0,0.0,0.0,0.0,0.0,0.0,0.0,0.0,0.019397519555825304,0.013623585222036601,0.025943041858813336,0.0,0.0,0.0,0.0,0.0,0.09600727374446773,0.3115489394176702,0.0743824989413089,0.0685013787092039
2025-01-07,0.0,0.021323138128249312,0.024385294716311727,0.0,0.0,0.0,0.0,0.0,0.0,0.0,0.0,0.0,0.0,0.019397519555825304,0.013623585222036601,0.025943041858813336,0.0,0.0,0.0,0.0,0.0,0.09600727374446773,0.3115489394176702,0.0743824989413089,0.0685013787092039
2025-01-08,0.0,0.021323138128249312,0.024385294716311727,0.0,0.0,0.0,0.0,0.0,0.0,0.0,0.0,0.0,0.0,0.019397519555825304,0.013623585222036601,0.025943041858813336,0.0,0.0,0.0,0.0,0.0,0.09600727374446773,0.3115489394176702,0.0743824989413089,0.0685013787092039
2025-01-09,0.0,0.021323138128249312,0.024385294716311727,0.0,0.0,0.0,0.0,0.0,0.0,0.0,0.0,0.0,0.0,0.019397519555825304,0.013623585222036601,0.025943041858813336,0.0,0.0,0.0,0.0,0.0,0.09600727374446773,0.3115489394176702,0.0743824989413089,0.0685013787092039
2025-01-10,0.0,0.021323138128249312,0.024385294716311727,0.0,0.0,0.0,0.0,0.0,0.0,0.0,0.0,0.0,0.0,0.019397519555825304,0.013623585222036601,0.025943041858813336,0.0,0.0,0.0,0.0,0.0,0.09600727374446773,0.3115489394176702,0.0743824989413089,0.0685013787092039
2025-01-13,0.0,0.021323138128249312,0.024385294716311727,0.0,0.0,0.0,0.0,0.0,0.0,0.0,0.0,0.0,0.0,0.019397519555825304,0.013623585222036601,0.025943041858813336,0.0,0.0,0.0,0.0,0.0,0.09600727374446773,0.3115489394176702,0.0743824989413089,0.0685013787092039
2025-01-14,0.0,0.021323138128249312,0.024385294716311727,0.0,0.0,0.0,0.0,0.0,0.0,0.0,0.0,0.0,0.0,0.019397519555825304,0.013623585222036601,0.025943041858813336,0.0,0.0,0.0,0.0,0.0,0.09600727374446773,0.3115489394176702,0.0743824989413089,0.0685013787092039
2025-01-15,0.0,0.021323138128249312,0.024385294716311727,0.0,0.0,0.0,0.0,0.0,0.0,0.0,0.0,0.0,0.0,0.019397519555825304,0.013623585222036601,0.025943041858813336,0.0,0.0,0.0,0.0,0.0,0.09600727374446773,0.3115489394176702,0.0743824989413089,0.0685013787092039
2025-01-16,0.0,0.021323138128249312,0.024385294716311727,0.0,0.0,0.0,0.0,0.0,0.0,0.0,0.0,0.0,0.0,0.019397519555825304,0.013623585222036601,0.025943041858813336,0.0,0.0,0.0,0.0,0.0,0.09600727374446773,0.3115489394176702,0.0743824989413089,0.0685013787092039
2025-01-17,0.0,0.021323138128249312,0.024385294716311727,0.0,0.0,0.0,0.0,0.0,0.0,0.0,0.0,0.0,0.0,0.019397519555825304,0.013623585222036601,0.025943041858813336,0.0,0.0,0.0,0.0,0.0,0.09600727374446773,0.3115489394176702,0.0743824989413089,0.0685013787092039
2025-01-20,0.0,0.021323138128249312,0.024385294716311727,0.0,0.0,0.0,0.0,0.0,0.0,0.0,0.0,0.0,0.0,0.019397519555825304,0.013623585222036601,0.025943041858813336,0.0,0.0,0.0,0.0,0.0,0.09600727374446773,0.3115489394176702,0.0743824989413089,0.0685013787092039
2025-01-21,0.0,0.021323138128249312,0.024385294716311727,0.0,0.0,0.0,0.0,0.0,0.0,0.0,0.0,0.0,0.0,0.019397519555825304,0.013623585222036601,0.025943041858813336,0.0,0.0,0.0,0.0,0.0,0.09600727374446773,0.3115489394176702,0.0743824989413089,0.0685013787092039
2025-01-22,0.0,0.021323138128249312,0.024385294716311727,0.0,0.0,0.0,0.0,0.0,0.0,0.0,0.0,0.0,0.0,0.019397519555825304,0.013623585222036601,0.025943041858813336,0.0,0.0,0.0,0.0,0.0,0.09600727374446773,0.3115489394176702,0.0743824989413089,0.0685013787092039
2025-01-23,0.0,0.021323138128249312,0.024385294716311727,0.0,0.0,0.0,0.0,0.0,0.0,0.0,0.0,0.0,0.0,0.019397519555825304,0.013623585222036601,0.025943041858813336,0.0,0.0,0.0,0.0,0.0,0.09600727374446773,0.3115489394176702,0.0743824989413089,0.0685013787092039
2025-01-24,0.0,0.021323138128249312,0.024385294716311727,0.0,0.0,0.0,0.0,0.0,0.0,0.0,0.0,0.0,0.0,0.019397519555825304,0.013623585222036601,0.025943041858813336,0.0,0.0,0.0,0.0,0.0,0.09600727374446773,0.3115489394176702,0.0743824989413089,0.0685013787092039
2025-01-27,0.0,0.021323138128249312,0.024385294716311727,0.0,0.0,0.0,0.0,0.0,0.0,0.0,0.0,0.0,0.0,0.019397519555825304,0.013623585222036601,0.025943041858813336,0.0,0.0,0.0,0.0,0.0,0.09600727374446773,0.3115489394176702,0.0743824989413089,0.0685013787092039
2025-01-28,0.0,0.021323138128249312,0.024385294716311727,0.0,0.0,0.0,0.0,0.0,0.0,0.0,0.0,0.0,0.0,0.019397519555825304,0.013623585222036601,0.025943041858813336,0.0,0.0,0.0,0.0,0.0,0.09600727374446773,0.3115489394176702,0.0743824989413089,0.0685013787092039
2025-01-29,0.0,0.021323138128249312,0.024385294716311727,0.0,0.0,0.0,0.0,0.0,0.0,0.0,0.0,0.0,0.0,0.019397519555825304,0.013623585222036601,0.025943041858813336,0.0,0.0,0.0,0.0,0.0,0.09600727374446773,0.3115489394176702,0.0743824989413089,0.0685013787092039
2025-01-30,0.0,0.021323138128249312,0.024385294716311727,0.0,0.0,0.0,0.0,0.0,0.0,0.0,0.0,0.0,0.0,0.019397519555825304,0.013623585222036601,0.025943041858813336,0.0,0.0,0.0,0.0,0.0,0.09600727374446773,0.3115489394176702,0.0743824989413089,0.0685013787092039
2025-01-31,0.0,0.021323138128249312,0.024385294716311727,0.0,0.0,0.0,0.0,0.0,0.0,0.0,0.0,0.0,0.0,0.019397519555825304,0.013623585222036601,0.025943041858813336,0.0,0.0,0.0,0.0,0.0,0.09600727374446773,0.3115489394176702,0.0743824989413089,0.0685013787092039
2025-02-03,0.0,0.0,0.0,0.0,0.0,0.0,0.0,0.0,0.0,0.0,0.0,0.0,0.0,0.0,0.0,0.0,0.0,0.0,0.0,0.0,0.0,0.11086640486333273,0.534803603017441,0.10001237347374348,0.25431761864548286
2025-02-04,0.0,0.0,0.0,0.0,0.0,0.0,0.0,0.0,0.0,0.0,0.0,0.0,0.0,0.0,0.0,0.0,0.0,0.0,0.0,0.0,0.0,0.11086640486333273,0.534803603017441,0.10001237347374348,0.25431761864548286
2025-02-05,0.0,0.0,0.0,0.0,0.0,0.0,0.0,0.0,0.0,0.0,0.0,0.0,0.0,0.0,0.0,0.0,0.0,0.0,0.0,0.0,0.0,0.11086640486333273,0.534803603017441,0.10001237347374348,0.25431761864548286
2025-02-06,0.0,0.0,0.0,0.0,0.0,0.0,0.0,0.0,0.0,0.0,0.0,0.0,0.0,0.0,0.0,0.0,0.0,0.0,0.0,0.0,0.0,0.11086640486333273,0.534803603017441,0.10001237347374348,0.25431761864548286
2025-02-07,0.0,0.0,0.0,0.0,0.0,0.0,0.0,0.0,0.0,0.0,0.0,0.0,0.0,0.0,0.0,0.0,0.0,0.0,0.0,0.0,0.0,0.11086640486333273,0.534803603017441,0.10001237347374348,0.25431761864548286
2025-02-10,0.0,0.0,0.0,0.0,0.0,0.0,0.0,0.0,0.0,0.0,0.0,0.0,0.0,0.0,0.0,0.0,0.0,0.0,0.0,0.0,0.0,0.11086640486333273,0.534803603017441,0.10001237347374348,0.25431761864548286
2025-02-11,0.0,0.0,0.0,0.0,0.0,0.0,0.0,0.0,0.0,0.0,0.0,0.0,0.0,0.0,0.0,0.0,0.0,0.0,0.0,0.0,0.0,0.11086640486333273,0.534803603017441,0.10001237347374348,0.25431761864548286
2025-02-12,0.0,0.0,0.0,0.0,0.0,0.0,0.0,0.0,0.0,0.0,0.0,0.0,0.0,0.0,0.0,0.0,0.0,0.0,0.0,0.0,0.0,0.11086640486333273,0.534803603017441,0.10001237347374348,0.25431761864548286
2025-02-13,0.0,0.0,0.0,0.0,0.0,0.0,0.0,0.0,0.0,0.0,0.0,0.0,0.0,0.0,0.0,0.0,0.0,0.0,0.0,0.0,0.0,0.11086640486333273,0.534803603017441,0.10001237347374348,0.25431761864548286
2025-02-14,0.0,0.0,0.0,0.0,0.0,0.0,0.0,0.0,0.0,0.0,0.0,0.0,0.0,0.0,0.0,0.0,0.0,0.0,0.0,0.0,0.0,0.11086640486333273,0.534803603017441,0.10001237347374348,0.25431761864548286
2025-02-17,0.0,0.0,0.0,0.0,0.0,0.0,0.0,0.0,0.0,0.0,0.0,0.0,0.0,0.0,0.0,0.0,0.0,0.0,0.0,0.0,0.0,0.11086640486333273,0.534803603017441,0.10001237347374348,0.25431761864548286
2025-02-18,0.0,0.0,0.0,0.0,0.0,0.0,0.0,0.0,0.0,0.0,0.0,0.0,0.0,0.0,0.0,0.0,0.0,0.0,0.0,0.0,0.0,0.11086640486333273,0.534803603017441,0.10001237347374348,0.25431761864548286
2025-02-19,0.0,0.0,0.0,0.0,0.0,0.0,0.0,0.0,0.0,0.0,0.0,0.0,0.0,0.0,0.0,0.0,0.0,0.0,0.0,0.0,0.0,0.11086640486333273,0.534803603017441,0.10001237347374348,0.25431761864548286
2025-02-20,0.0,0.0,0.0,0.0,0.0,0.0,0.0,0.0,0.0,0.0,0.0,0.0,0.0,0.0,0.0,0.0,0.0,0.0,0.0,0.0,0.0,0.11086640486333273,0.534803603017441,0.10001237347374348,0.25431761864548286
2025-02-21,0.0,0.0,0.0,0.0,0.0,0.0,0.0,0.0,0.0,0.0,0.0,0.0,0.0,0.0,0.0,0.0,0.0,0.0,0.0,0.0,0.0,0.11086640486333273,0.534803603017441,0.10001237347374348,0.25431761864548286
2025-02-24,0.0,0.0,0.0,0.0,0.0,0.0,0.0,0.0,0.0,0.0,0.0,0.0,0.0,0.0,0.0,0.0,0.0,0.0,0.0,0.0,0.0,0.11086640486333273,0.534803603017441,0.10001237347374348,0.25431761864548286
2025-02-25,0.0,0.0,0.0,0.0,0.0,0.0,0.0,0.0,0.0,0.0,0.0,0.0,0.0,0.0,0.0,0.0,0.0,0.0,0.0,0.0,0.0,0.11086640486333273,0.534803603017441,0.10001237347374348,0.25431761864548286
2025-02-26,0.0,0.0,0.0,0.0,0.0,0.0,0.0,0.0,0.0,0.0,0.0,0.0,0.0,0.0,0.0,0.0,0.0,0.0,0.0,0.0,0.0,0.11086640486333273,0.534803603017441,0.10001237347374348,0.25431761864548286
2025-02-27,0.0,0.0,0.0,0.0,0.0,0.0,0.0,0.0,0.0,0.0,0.0,0.0,0.0,0.0,0.0,0.0,0.0,0.0,0.0,0.0,0.0,0.11086640486333273,0.534803603017441,0.10001237347374348,0.25431761864548286
2025-02-28,0.0,0.0,0.0,0.0,0.0,0.0,0.0,0.0,0.0,0.0,0.0,0.0,0.0,0.0,0.0,0.0,0.0,0.0,0.0,0.0,0.0,0.11086640486333273,0.534803603017441,0.10001237347374348,0.25431761864548286
2025-03-03,0.0,0.0,0.0,0.0,0.0,0.0,0.0,0.0,0.0,0.0,0.0,0.0,0.0,0.0,0.0,0.0,0.0,0.0,0.0,0.0,0.0,0.11086640486333273,0.534803603017441,0.10001237347374348,0.25431761864548286
2025-03-04,0.0,0.0,0.0,0.0,0.0,0.0,0.0,0.0,0.0,0.0,0.0,0.0,0.0,0.0,0.0,0.0,0.0,0.0,0.0,0.0,0.0,0.11086640486333273,0.534803603017441,0.10001237347374348,0.25431761864548286
2025-03-05,0.0,0.0,0.0,0.0,0.0,0.0,0.0,0.0,0.0,0.0,0.0,0.0,0.0,0.0,0.0,0.0,0.0,0.0,0.0,0.0,0.0,0.11086640486333273,0.534803603017441,0.10001237347374348,0.25431761864548286
2025-03-06,0.0,0.0,0.0,0.0,0.0,0.0,0.0,0.0,0.0,0.0,0.0,0.0,0.0,0.0,0.0,0.0,0.0,0.0,0.0,0.0,0.0,0.11086640486333273,0.534803603017441,0.10001237347374348,0.25431761864548286
2025-03-07,0.0,0.0,0.0,0.0,0.0,0.0,0.0,0.0,0.0,0.0,0.0,0.0,0.0,0.0,0.0,0.0,0.0,0.0,0.0,0.0,0.0,0.11086640486333273,0.534803603017441,0.10001237347374348,0.25431761864548286
2025-03-10,0.0,0.0,0.0,0.0,0.0,0.0,0.0,0.0,0.0,0.0,0.0,0.0,0.0,0.0,0.0,0.0,0.0,0.0,0.0,0.0,0.0,0.11086640486333273,0.534803603017441,0.10001237347374348,0.25431761864548286
2025-03-11,0.0,0.0,0.0,0.0,0.0,0.0,0.0,0.0,0.0,0.0,0.0,0.0,0.0,0.0,0.0,0.0,0.0,0.0,0.0,0.0,0.0,0.11086640486333273,0.534803603017441,0.10001237347374348,0.25431761864548286
2025-03-12,0.0,0.0,0.0,0.0,0.0,0.0,0.0,0.0,0.0,0.0,0.0,0.0,0.0,0.0,0.0,0.0,0.0,0.0,0.0,0.0,0.0,0.11086640486333273,0.534803603017441,0.10001237347374348,0.25431761864548286
2025-03-13,0.0,0.0,0.0,0.0,0.0,0.0,0.0,0.0,0.0,0.0,0.0,0.0,0.0,0.0,0.0,0.0,0.0,0.0,0.0,0.0,0.0,0.11086640486333273,0.534803603017441,0.10001237347374348,0.25431761864548286
2025-03-14,0.0,0.0,0.0,0.0,0.0,0.0,0.0,0.0,0.0,0.0,0.0,0.0,0.0,0.0,0.0,0.0,0.0,0.0,0.0,0.0,0.0,0.11086640486333273,0.534803603017441,0.10001237347374348,0.25431761864548286
2025-03-17,0.0,0.0,0.0,0.0,0.0,0.0,0.0,0.0,0.0,0.0,0.0,0.0,0.0,0.0,0.0,0.0,0.0,0.0,0.0,0.0,0.0,0.11086640486333273,0.534803603017441,0.10001237347374348,0.25431761864548286
2025-03-18,0.0,0.0,0.0,0.0,0.0,0.0,0.0,0.0,0.0,0.0,0.0,0.0,0.0,0.0,0.0,0.0,0.0,0.0,0.0,0.0,0.0,0.11086640486333273,0.534803603017441,0.10001237347374348,0.25431761864548286
2025-03-19,0.0,0.0,0.0,0.0,0.0,0.0,0.0,0.0,0.0,0.0,0.0,0.0,0.0,0.0,0.0,0.0,0.0,0.0,0.0,0.0,0.0,0.11086640486333273,0.534803603017441,0.10001237347374348,0.25431761864548286
2025-03-20,0.0,0.0,0.0,0.0,0.0,0.0,0.0,0.0,0.0,0.0,0.0,0.0,0.0,0.0,0.0,0.0,0.0,0.0,0.0,0.0,0.0,0.11086640486333273,0.534803603017441,0.10001237347374348,0.25431761864548286
2025-03-21,0.0,0.0,0.0,0.0,0.0,0.0,0.0,0.0,0.0,0.0,0.0,0.0,0.0,0.0,0.0,0.0,0.0,0.0,0.0,0.0,0.0,0.11086640486333273,0.534803603017441,0.10001237347374348,0.25431761864548286
2025-03-24,0.0,0.0,0.0,0.0,0.0,0.0,0.0,0.0,0.0,0.0,0.0,0.0,0.0,0.0,0.0,0.0,0.0,0.0,0.0,0.0,0.0,0.11086640486333273,0.534803603017441,0.10001237347374348,0.25431761864548286
2025-03-25,0.0,0.0,0.0,0.0,0.0,0.0,0.0,0.0,0.0,0.0,0.0,0.0,0.0,0.0,0.0,0.0,0.0,0.0,0.0,0.0,0.0,0.11086640486333273,0.534803603017441,0.10001237347374348,0.25431761864548286
2025-03-26,0.0,0.0,0.0,0.0,0.0,0.0,0.0,0.0,0.0,0.0,0.0,0.0,0.0,0.0,0.0,0.0,0.0,0.0,0.0,0.0,0.0,0.11086640486333273,0.534803603017441,0.10001237347374348,0.25431761864548286
2025-03-27,0.0,0.0,0.0,0.0,0.0,0.0,0.0,0.0,0.0,0.0,0.0,0.0,0.0,0.0,0.0,0.0,0.0,0.0,0.0,0.0,0.0,0.11086640486333273,0.534803603017441,0.10001237347374348,0.25431761864548286
2025-03-28,0.0,0.0,0.0,0.0,0.0,0.0,0.0,0.0,0.0,0.0,0.0,0.0,0.0,0.0,0.0,0.0,0.0,0.0,0.0,0.0,0.0,0.11086640486333273,0.534803603017441,0.10001237347374348,0.25431761864548286
2025-03-31,0.0,0.0,0.0,0.0,0.0,0.0,0.0,0.0,0.0,0.0,0.0,0.0,0.0,0.0,0.0,0.0,0.0,0.0,0.0,0.0,0.0,0.11086640486333273,0.534803603017441,0.10001237347374348,0.25431761864548286
2025-04-01,0.0,0.0,0.0,0.0,0.0,0.0,0.0,0.0,0.0,0.0,0.0,0.0,0.0,0.0,0.0,0.0,0.0,0.0,0.0,0.0,0.0,0.11086640486333273,0.534803603017441,0.10001237347374348,0.25431761864548286
2025-04-02,0.0,0.0,0.0,0.0,0.0,0.0,0.0,0.0,0.0,0.0,0.0,0.0,0.0,0.0,0.0,0.0,0.0,0.0,0.0,0.0,0.0,0.11086640486333273,0.534803603017441,0.10001237347374348,0.25431761864548286
2025-04-03,0.0,0.0,0.0,0.0,0.0,0.0,0.0,0.0,0.0,0.0,0.0,0.0,0.0,0.0,0.0,0.0,0.0,0.0,0.0,0.0,0.0,0.11086640486333273,0.534803603017441,0.10001237347374348,0.25431761864548286
2025-04-04,0.0,0.0,0.0,0.0,0.0,0.0,0.0,0.0,0.0,0.0,0.0,0.0,0.0,0.0,0.0,0.0,0.0,0.0,0.0,0.0,0.0,0.11086640486333273,0.534803603017441,0.10001237347374348,0.25431761864548286
2025-04-07,0.0,0.0,0.0,0.0,0.0,0.0,0.0,0.0,0.0,0.0,0.0,0.0,0.0,0.0,0.0,0.0,0.0,0.0,0.0,0.0,0.0,0.11086640486333273,0.534803603017441,0.10001237347374348,0.25431761864548286
2025-04-08,0.0,0.0,0.0,0.0,0.0,0.0,0.0,0.0,0.0,0.0,0.0,0.0,0.0,0.0,0.0,0.0,0.0,0.0,0.0,0.0,0.0,0.11086640486333273,0.534803603017441,0.10001237347374348,0.25431761864548286
2025-04-09,0.0,0.0,0.0,0.0,0.0,0.0,0.0,0.0,0.0,0.0,0.0,0.0,0.0,0.0,0.0,0.0,0.0,0.0,0.0,0.0,0.0,0.11086640486333273,0.534803603017441,0.10001237347374348,0.25431761864548286
2025-04-10,0.0,0.0,0.0,0.0,0.0,0.0,0.0,0.0,0.0,0.0,0.0,0.0,0.0,0.0,0.0,0.0,0.0,0.0,0.0,0.0,0.0,0.11086640486333273,0.534803603017441,0.10001237347374348,0.25431761864548286
2025-04-11,0.0,0.0,0.0,0.0,0.0,0.0,0.0,0.0,0.0,0.0,0.0,0.0,0.0,0.0,0.0,0.0,0.0,0.0,0.0,0.0,0.0,0.11086640486333273,0.534803603017441,0.10001237347374348,0.25431761864548286
2025-04-14,0.0,0.0,0.0,0.0,0.0,0.0,0.0,0.0,0.0,0.0,0.0,0.0,0.0,0.0,0.0,0.0,0.0,0.0,0.0,0.0,0.0,0.11086640486333273,0.534803603017441,0.10001237347374348,0.25431761864548286
2025-04-15,0.0,0.0,0.0,0.0,0.0,0.0,0.0,0.0,0.0,0.0,0.0,0.0,0.0,0.0,0.0,0.0,0.0,0.0,0.0,0.0,0.0,0.11086640486333273,0.534803603017441,0.10001237347374348,0.25431761864548286
2025-04-16,0.0,0.0,0.0,0.0,0.0,0.0,0.0,0.0,0.0,0.0,0.0,0.0,0.0,0.0,0.0,0.0,0.0,0.0,0.0,0.0,0.0,0.11086640486333273,0.534803603017441,0.10001237347374348,0.25431761864548286
2025-04-17,0.0,0.0,0.0,0.0,0.0,0.0,0.0,0.0,0.0,0.0,0.0,0.0,0.0,0.0,0.0,0.0,0.0,0.0,0.0,0.0,0.0,0.11086640486333273,0.534803603017441,0.10001237347374348,0.25431761864548286
2025-04-18,0.0,0.0,0.0,0.0,0.0,0.0,0.0,0.0,0.0,0.0,0.0,0.0,0.0,0.0,0.0,0.0,0.0,0.0,0.0,0.0,0.0,0.11086640486333273,0.534803603017441,0.10001237347374348,0.25431761864548286
2025-04-21,0.0,0.0,0.0,0.0,0.0,0.0,0.0,0.0,0.0,0.0,0.0,0.0,0.0,0.0,0.0,0.0,0.0,0.0,0.0,0.0,0.0,0.11086640486333273,0.534803603017441,0.10001237347374348,0.25431761864548286
2025-04-22,0.0,0.0,0.0,0.0,0.0,0.0,0.0,0.0,0.0,0.0,0.0,0.0,0.0,0.0,0.0,0.0,0.0,0.0,0.0,0.0,0.0,0.11086640486333273,0.534803603017441,0.10001237347374348,0.25431761864548286
2025-04-23,0.0,0.0,0.0,0.0,0.0,0.0,0.0,0.0,0.0,0.0,0.0,0.0,0.0,0.0,0.0,0.0,0.0,0.0,0.0,0.0,0.0,0.11086640486333273,0.534803603017441,0.10001237347374348,0.25431761864548286
2025-04-24,0.0,0.0,0.0,0.0,0.0,0.0,0.0,0.0,0.0,0.0,0.0,0.0,0.0,0.0,0.0,0.0,0.0,0.0,0.0,0.0,0.0,0.11086640486333273,0.534803603017441,0.10001237347374348,0.25431761864548286
2025-04-25,0.0,0.0,0.0,0.0,0.0,0.0,0.0,0.0,0.0,0.0,0.0,0.0,0.0,0.0,0.0,0.0,0.0,0.0,0.0,0.0,0.0,0.11086640486333273,0.534803603017441,0.10001237347374348,0.25431761864548286
2025-04-28,0.0,0.0,0.0,0.0,0.0,0.0,0.0,0.0,0.0,0.0,0.0,0.0,0.0,0.0,0.0,0.0,0.0,0.0,0.0,0.0,0.0,0.11086640486333273,0.534803603017441,0.10001237347374348,0.25431761864548286
2025-04-29,0.0,0.0,0.0,0.0,0.0,0.0,0.0,0.0,0.0,0.0,0.0,0.0,0.0,0.0,0.0,0.0,0.0,0.0,0.0,0.0,0.0,0.11086640486333273,0.534803603017441,0.10001237347374348,0.25431761864548286
2025-04-30,0.0,0.0,0.0,0.0,0.0,0.0,0.0,0.0,0.0,0.0,0.0,0.0,0.0,0.0,0.0,0.0,0.0,0.0,0.0,0.0,0.0,0.11086640486333273,0.534803603017441,0.10001237347374348,0.25431761864548286
2025-05-01,0.0,0.01876813423210745,0.01761908682490016,0.0,0.0,0.0,0.0,0.0,0.0,0.0,0.0,0.0,0.0,0.05396977093318736,0.06209631429981072,0.019746305854325373,0.0,0.0,0.0,0.0,0.0,0.0,0.5001947884376755,0.0,0.08477781817632832
2025-05-02,0.0,0.01876813423210745,0.01761908682490016,0.0,0.0,0.0,0.0,0.0,0.0,0.0,0.0,0.0,0.0,0.05396977093318736,0.06209631429981072,0.019746305854325373,0.0,0.0,0.0,0.0,0.0,0.0,0.5001947884376755,0.0,0.08477781817632832
2025-05-05,0.0,0.01876813423210745,0.01761908682490016,0.0,0.0,0.0,0.0,0.0,0.0,0.0,0.0,0.0,0.0,0.05396977093318736,0.06209631429981072,0.019746305854325373,0.0,0.0,0.0,0.0,0.0,0.0,0.5001947884376755,0.0,0.08477781817632832
2025-05-06,0.0,0.01876813423210745,0.01761908682490016,0.0,0.0,0.0,0.0,0.0,0.0,0.0,0.0,0.0,0.0,0.05396977093318736,0.06209631429981072,0.019746305854325373,0.0,0.0,0.0,0.0,0.0,0.0,0.5001947884376755,0.0,0.08477781817632832
2025-05-07,0.0,0.01876813423210745,0.01761908682490016,0.0,0.0,0.0,0.0,0.0,0.0,0.0,0.0,0.0,0.0,0.05396977093318736,0.06209631429981072,0.019746305854325373,0.0,0.0,0.0,0.0,0.0,0.0,0.5001947884376755,0.0,0.08477781817632832
2025-05-08,0.0,0.01876813423210745,0.01761908682490016,0.0,0.0,0.0,0.0,0.0,0.0,0.0,0.0,0.0,0.0,0.05396977093318736,0.06209631429981072,0.019746305854325373,0.0,0.0,0.0,0.0,0.0,0.0,0.5001947884376755,0.0,0.08477781817632832
2025-05-09,0.0,0.01876813423210745,0.01761908682490016,0.0,0.0,0.0,0.0,0.0,0.0,0.0,0.0,0.0,0.0,0.05396977093318736,0.06209631429981072,0.019746305854325373,0.0,0.0,0.0,0.0,0.0,0.0,0.5001947884376755,0.0,0.08477781817632832
2025-05-12,0.0,0.01876813423210745,0.01761908682490016,0.0,0.0,0.0,0.0,0.0,0.0,0.0,0.0,0.0,0.0,0.05396977093318736,0.06209631429981072,0.019746305854325373,0.0,0.0,0.0,0.0,0.0,0.0,0.5001947884376755,0.0,0.08477781817632832
2025-05-13,0.0,0.01876813423210745,0.01761908682490016,0.0,0.0,0.0,0.0,0.0,0.0,0.0,0.0,0.0,0.0,0.05396977093318736,0.06209631429981072,0.019746305854325373,0.0,0.0,0.0,0.0,0.0,0.0,0.5001947884376755,0.0,0.08477781817632832
2025-05-14,0.0,0.01876813423210745,0.01761908682490016,0.0,0.0,0.0,0.0,0.0,0.0,0.0,0.0,0.0,0.0,0.05396977093318736,0.06209631429981072,0.019746305854325373,0.0,0.0,0.0,0.0,0.0,0.0,0.5001947884376755,0.0,0.08477781817632832
2025-05-15,0.0,0.01876813423210745,0.01761908682490016,0.0,0.0,0.0,0.0,0.0,0.0,0.0,0.0,0.0,0.0,0.05396977093318736,0.06209631429981072,0.019746305854325373,0.0,0.0,0.0,0.0,0.0,0.0,0.5001947884376755,0.0,0.08477781817632832
2025-05-16,0.0,0.01876813423210745,0.01761908682490016,0.0,0.0,0.0,0.0,0.0,0.0,0.0,0.0,0.0,0.0,0.05396977093318736,0.06209631429981072,0.019746305854325373,0.0,0.0,0.0,0.0,0.0,0.0,0.5001947884376755,0.0,0.08477781817632832
2025-05-19,0.0,0.01876813423210745,0.01761908682490016,0.0,0.0,0.0,0.0,0.0,0.0,0.0,0.0,0.0,0.0,0.05396977093318736,0.06209631429981072,0.019746305854325373,0.0,0.0,0.0,0.0,0.0,0.0,0.5001947884376755,0.0,0.08477781817632832
2025-05-20,0.0,0.01876813423210745,0.01761908682490016,0.0,0.0,0.0,0.0,0.0,0.0,0.0,0.0,0.0,0.0,0.05396977093318736,0.06209631429981072,0.019746305854325373,0.0,0.0,0.0,0.0,0.0,0.0,0.5001947884376755,0.0,0.08477781817632832
2025-05-21,0.0,0.01876813423210745,0.01761908682490016,0.0,0.0,0.0,0.0,0.0,0.0,0.0,0.0,0.0,0.0,0.05396977093318736,0.06209631429981072,0.019746305854325373,0.0,0.0,0.0,0.0,0.0,0.0,0.5001947884376755,0.0,0.08477781817632832
2025-05-22,0.0,0.01876813423210745,0.01761908682490016,0.0,0.0,0.0,0.0,0.0,0.0,0.0,0.0,0.0,0.0,0.05396977093318736,0.06209631429981072,0.019746305854325373,0.0,0.0,0.0,0.0,0.0,0.0,0.5001947884376755,0.0,0.08477781817632832
2025-05-23,0.0,0.01876813423210745,0.01761908682490016,0.0,0.0,0.0,0.0,0.0,0.0,0.0,0.0,0.0,0.0,0.05396977093318736,0.06209631429981072,0.019746305854325373,0.0,0.0,0.0,0.0,0.0,0.0,0.5001947884376755,0.0,0.08477781817632832
2025-05-26,0.0,0.01876813423210745,0.01761908682490016,0.0,0.0,0.0,0.0,0.0,0.0,0.0,0.0,0.0,0.0,0.05396977093318736,0.06209631429981072,0.019746305854325373,0.0,0.0,0.0,0.0,0.0,0.0,0.5001947884376755,0.0,0.08477781817632832
2025-05-27,0.0,0.01876813423210745,0.01761908682490016,0.0,0.0,0.0,0.0,0.0,0.0,0.0,0.0,0.0,0.0,0.05396977093318736,0.06209631429981072,0.019746305854325373,0.0,0.0,0.0,0.0,0.0,0.0,0.5001947884376755,0.0,0.08477781817632832
2025-05-28,0.0,0.01876813423210745,0.01761908682490016,0.0,0.0,0.0,0.0,0.0,0.0,0.0,0.0,0.0,0.0,0.05396977093318736,0.06209631429981072,0.019746305854325373,0.0,0.0,0.0,0.0,0.0,0.0,0.5001947884376755,0.0,0.08477781817632832
2025-05-29,0.0,0.01876813423210745,0.01761908682490016,0.0,0.0,0.0,0.0,0.0,0.0,0.0,0.0,0.0,0.0,0.05396977093318736,0.06209631429981072,0.019746305854325373,0.0,0.0,0.0,0.0,0.0,0.0,0.5001947884376755,0.0,0.08477781817632832
2025-05-30,0.0,0.01876813423210745,0.01761908682490016,0.0,0.0,0.0,0.0,0.0,0.0,0.0,0.0,0.0,0.0,0.05396977093318736,0.06209631429981072,0.019746305854325373,0.0,0.0,0.0,0.0,0.0,0.0,0.5001947884376755,0.0,0.08477781817632832
2025-06-02,0.0,0.01876813423210745,0.01761908682490016,0.0,0.0,0.0,0.0,0.0,0.0,0.0,0.0,0.0,0.0,0.05396977093318736,0.06209631429981072,0.019746305854325373,0.0,0.0,0.0,0.0,0.0,0.0,0.5001947884376755,0.0,0.08477781817632832
2025-06-03,0.0,0.01876813423210745,0.01761908682490016,0.0,0.0,0.0,0.0,0.0,0.0,0.0,0.0,0.0,0.0,0.05396977093318736,0.06209631429981072,0.019746305854325373,0.0,0.0,0.0,0.0,0.0,0.0,0.5001947884376755,0.0,0.08477781817632832
2025-06-04,0.0,0.01876813423210745,0.01761908682490016,0.0,0.0,0.0,0.0,0.0,0.0,0.0,0.0,0.0,0.0,0.05396977093318736,0.06209631429981072,0.019746305854325373,0.0,0.0,0.0,0.0,0.0,0.0,0.5001947884376755,0.0,0.08477781817632832
2025-06-05,0.0,0.01876813423210745,0.01761908682490016,0.0,0.0,0.0,0.0,0.0,0.0,0.0,0.0,0.0,0.0,0.05396977093318736,0.06209631429981072,0.019746305854325373,0.0,0.0,0.0,0.0,0.0,0.0,0.5001947884376755,0.0,0.08477781817632832
2025-06-06,0.0,0.01876813423210745,0.01761908682490016,0.0,0.0,0.0,0.0,0.0,0.0,0.0,0.0,0.0,0.0,0.05396977093318736,0.06209631429981072,0.019746305854325373,0.0,0.0,0.0,0.0,0.0,0.0,0.5001947884376755,0.0,0.08477781817632832
2025-06-09,0.0,0.01876813423210745,0.01761908682490016,0.0,0.0,0.0,0.0,0.0,0.0,0.0,0.0,0.0,0.0,0.05396977093318736,0.06209631429981072,0.019746305854325373,0.0,0.0,0.0,0.0,0.0,0.0,0.5001947884376755,0.0,0.08477781817632832
2025-06-10,0.0,0.01876813423210745,0.01761908682490016,0.0,0.0,0.0,0.0,0.0,0.0,0.0,0.0,0.0,0.0,0.05396977093318736,0.06209631429981072,0.019746305854325373,0.0,0.0,0.0,0.0,0.0,0.0,0.5001947884376755,0.0,0.08477781817632832
2025-06-11,0.0,0.01876813423210745,0.01761908682490016,0.0,0.0,0.0,0.0,0.0,0.0,0.0,0.0,0.0,0.0,0.05396977093318736,0.06209631429981072,0.019746305854325373,0.0,0.0,0.0,0.0,0.0,0.0,0.5001947884376755,0.0,0.08477781817632832
2025-06-12,0.0,0.01876813423210745,0.01761908682490016,0.0,0.0,0.0,0.0,0.0,0.0,0.0,0.0,0.0,0.0,0.05396977093318736,0.06209631429981072,0.019746305854325373,0.0,0.0,0.0,0.0,0.0,0.0,0.5001947884376755,0.0,0.08477781817632832
2025-06-13,0.0,0.01876813423210745,0.01761908682490016,0.0,0.0,0.0,0.0,0.0,0.0,0.0,0.0,0.0,0.0,0.05396977093318736,0.06209631429981072,0.019746305854325373,0.0,0.0,0.0,0.0,0.0,0.0,0.5001947884376755,0.0,0.08477781817632832
2025-06-16,0.0,0.01876813423210745,0.01761908682490016,0.0,0.0,0.0,0.0,0.0,0.0,0.0,0.0,0.0,0.0,0.05396977093318736,0.06209631429981072,0.019746305854325373,0.0,0.0,0.0,0.0,0.0,0.0,0.5001947884376755,0.0,0.08477781817632832
2025-06-17,0.0,0.01876813423210745,0.01761908682490016,0.0,0.0,0.0,0.0,0.0,0.0,0.0,0.0,0.0,0.0,0.05396977093318736,0.06209631429981072,0.019746305854325373,0.0,0.0,0.0,0.0,0.0,0.0,0.5001947884376755,0.0,0.08477781817632832
2025-06-18,0.0,0.01876813423210745,0.01761908682490016,0.0,0.0,0.0,0.0,0.0,0.0,0.0,0.0,0.0,0.0,0.05396977093318736,0.06209631429981072,0.019746305854325373,0.0,0.0,0.0,0.0,0.0,0.0,0.5001947884376755,0.0,0.08477781817632832
2025-06-19,0.0,0.01876813423210745,0.01761908682490016,0.0,0.0,0.0,0.0,0.0,0.0,0.0,0.0,0.0,0.0,0.05396977093318736,0.06209631429981072,0.019746305854325373,0.0,0.0,0.0,0.0,0.0,0.0,0.5001947884376755,0.0,0.08477781817632832
2025-06-20,0.0,0.01876813423210745,0.01761908682490016,0.0,0.0,0.0,0.0,0.0,0.0,0.0,0.0,0.0,0.0,0.05396977093318736,0.06209631429981072,0.019746305854325373,0.0,0.0,0.0,0.0,0.0,0.0,0.5001947884376755,0.0,0.08477781817632832
2025-06-23,0.0,0.01876813423210745,0.01761908682490016,0.0,0.0,0.0,0.0,0.0,0.0,0.0,0.0,0.0,0.0,0.05396977093318736,0.06209631429981072,0.019746305854325373,0.0,0.0,0.0,0.0,0.0,0.0,0.5001947884376755,0.0,0.08477781817632832
2025-06-24,0.0,0.01876813423210745,0.01761908682490016,0.0,0.0,0.0,0.0,0.0,0.0,0.0,0.0,0.0,0.0,0.05396977093318736,0.06209631429981072,0.019746305854325373,0.0,0.0,0.0,0.0,0.0,0.0,0.5001947884376755,0.0,0.08477781817632832
2025-06-25,0.0,0.01876813423210745,0.01761908682490016,0.0,0.0,0.0,0.0,0.0,0.0,0.0,0.0,0.0,0.0,0.05396977093318736,0.06209631429981072,0.019746305854325373,0.0,0.0,0.0,0.0,0.0,0.0,0.5001947884376755,0.0,0.08477781817632832
2025-06-26,0.0,0.01876813423210745,0.01761908682490016,0.0,0.0,0.0,0.0,0.0,0.0,0.0,0.0,0.0,0.0,0.05396977093318736,0.06209631429981072,0.019746305854325373,0.0,0.0,0.0,0.0,0.0,0.0,0.5001947884376755,0.0,0.08477781817632832
2025-06-27,0.0,0.01876813423210745,0.01761908682490016,0.0,0.0,0.0,0.0,0.0,0.0,0.0,0.0,0.0,0.0,0.05396977093318736,0.06209631429981072,0.019746305854325373,0.0,0.0,0.0,0.0,0.0,0.0,0.5001947884376755,0.0,0.08477781817632832
2025-06-30,0.0,0.01876813423210745,0.01761908682490016,0.0,0.0,0.0,0.0,0.0,0.0,0.0,0.0,0.0,0.0,0.05396977093318736,0.06209631429981072,0.019746305854325373,0.0,0.0,0.0,0.0,0.0,0.0,0.5001947884376755,0.0,0.08477781817632832
2025-07-01,0.0,0.01876813423210745,0.01761908682490016,0.0,0.0,0.0,0.0,0.0,0.0,0.0,0.0,0.0,0.0,0.05396977093318736,0.06209631429981072,0.019746305854325373,0.0,0.0,0.0,0.0,0.0,0.0,0.5001947884376755,0.0,0.08477781817632832
2025-07-02,0.0,0.01876813423210745,0.01761908682490016,0.0,0.0,0.0,0.0,0.0,0.0,0.0,0.0,0.0,0.0,0.05396977093318736,0.06209631429981072,0.019746305854325373,0.0,0.0,0.0,0.0,0.0,0.0,0.5001947884376755,0.0,0.08477781817632832
2025-07-03,0.0,0.01876813423210745,0.01761908682490016,0.0,0.0,0.0,0.0,0.0,0.0,0.0,0.0,0.0,0.0,0.05396977093318736,0.06209631429981072,0.019746305854325373,0.0,0.0,0.0,0.0,0.0,0.0,0.5001947884376755,0.0,0.08477781817632832
2025-07-04,0.0,0.01876813423210745,0.01761908682490016,0.0,0.0,0.0,0.0,0.0,0.0,0.0,0.0,0.0,0.0,0.05396977093318736,0.06209631429981072,0.019746305854325373,0.0,0.0,0.0,0.0,0.0,0.0,0.5001947884376755,0.0,0.08477781817632832
2025-07-07,0.0,0.01876813423210745,0.01761908682490016,0.0,0.0,0.0,0.0,0.0,0.0,0.0,0.0,0.0,0.0,0.05396977093318736,0.06209631429981072,0.019746305854325373,0.0,0.0,0.0,0.0,0.0,0.0,0.5001947884376755,0.0,0.08477781817632832
2025-07-08,0.0,0.01876813423210745,0.01761908682490016,0.0,0.0,0.0,0.0,0.0,0.0,0.0,0.0,0.0,0.0,0.05396977093318736,0.06209631429981072,0.019746305854325373,0.0,0.0,0.0,0.0,0.0,0.0,0.5001947884376755,0.0,0.08477781817632832
2025-07-09,0.0,0.01876813423210745,0.01761908682490016,0.0,0.0,0.0,0.0,0.0,0.0,0.0,0.0,0.0,0.0,0.05396977093318736,0.06209631429981072,0.019746305854325373,0.0,0.0,0.0,0.0,0.0,0.0,0.5001947884376755,0.0,0.08477781817632832
2025-07-10,0.0,0.01876813423210745,0.01761908682490016,0.0,0.0,0.0,0.0,0.0,0.0,0.0,0.0,0.0,0.0,0.05396977093318736,0.06209631429981072,0.019746305854325373,0.0,0.0,0.0,0.0,0.0,0.0,0.5001947884376755,0.0,0.08477781817632832
2025-07-11,0.0,0.01876813423210745,0.01761908682490016,0.0,0.0,0.0,0.0,0.0,0.0,0.0,0.0,0.0,0.0,0.05396977093318736,0.06209631429981072,0.019746305854325373,0.0,0.0,0.0,0.0,0.0,0.0,0.5001947884376755,0.0,0.08477781817632832
2025-07-14,0.0,0.01876813423210745,0.01761908682490016,0.0,0.0,0.0,0.0,0.0,0.0,0.0,0.0,0.0,0.0,0.05396977093318736,0.06209631429981072,0.019746305854325373,0.0,0.0,0.0,0.0,0.0,0.0,0.5001947884376755,0.0,0.08477781817632832
2025-07-15,0.0,0.01876813423210745,0.01761908682490016,0.0,0.0,0.0,0.0,0.0,0.0,0.0,0.0,0.0,0.0,0.05396977093318736,0.06209631429981072,0.019746305854325373,0.0,0.0,0.0,0.0,0.0,0.0,0.5001947884376755,0.0,0.08477781817632832
2025-07-16,0.0,0.01876813423210745,0.01761908682490016,0.0,0.0,0.0,0.0,0.0,0.0,0.0,0.0,0.0,0.0,0.05396977093318736,0.06209631429981072,0.019746305854325373,0.0,0.0,0.0,0.0,0.0,0.0,0.5001947884376755,0.0,0.08477781817632832
2025-07-17,0.0,0.01876813423210745,0.01761908682490016,0.0,0.0,0.0,0.0,0.0,0.0,0.0,0.0,0.0,0.0,0.05396977093318736,0.06209631429981072,0.019746305854325373,0.0,0.0,0.0,0.0,0.0,0.0,0.5001947884376755,0.0,0.08477781817632832
2025-07-18,0.0,0.01876813423210745,0.01761908682490016,0.0,0.0,0.0,0.0,0.0,0.0,0.0,0.0,0.0,0.0,0.05396977093318736,0.06209631429981072,0.019746305854325373,0.0,0.0,0.0,0.0,0.0,0.0,0.5001947884376755,0.0,0.08477781817632832
2025-07-21,0.0,0.01876813423210745,0.01761908682490016,0.0,0.0,0.0,0.0,0.0,0.0,0.0,0.0,0.0,0.0,0.05396977093318736,0.06209631429981072,0.019746305854325373,0.0,0.0,0.0,0.0,0.0,0.0,0.5001947884376755,0.0,0.08477781817632832
2025-07-22,0.0,0.01876813423210745,0.01761908682490016,0.0,0.0,0.0,0.0,0.0,0.0,0.0,0.0,0.0,0.0,0.05396977093318736,0.06209631429981072,0.019746305854325373,0.0,0.0,0.0,0.0,0.0,0.0,0.5001947884376755,0.0,0.08477781817632832
2025-07-23,0.0,0.01876813423210745,0.01761908682490016,0.0,0.0,0.0,0.0,0.0,0.0,0.0,0.0,0.0,0.0,0.05396977093318736,0.06209631429981072,0.019746305854325373,0.0,0.0,0.0,0.0,0.0,0.0,0.5001947884376755,0.0,0.08477781817632832
2025-07-24,0.0,0.01876813423210745,0.01761908682490016,0.0,0.0,0.0,0.0,0.0,0.0,0.0,0.0,0.0,0.0,0.05396977093318736,0.06209631429981072,0.019746305854325373,0.0,0.0,0.0,0.0,0.0,0.0,0.5001947884376755,0.0,0.08477781817632832
2025-07-25,0.0,0.01876813423210745,0.01761908682490016,0.0,0.0,0.0,0.0,0.0,0.0,0.0,0.0,0.0,0.0,0.05396977093318736,0.06209631429981072,0.019746305854325373,0.0,0.0,0.0,0.0,0.0,0.0,0.5001947884376755,0.0,0.08477781817632832
2025-07-28,0.0,0.01876813423210745,0.01761908682490016,0.0,0.0,0.0,0.0,0.0,0.0,0.0,0.0,0.0,0.0,0.05396977093318736,0.06209631429981072,0.019746305854325373,0.0,0.0,0.0,0.0,0.0,0.0,0.5001947884376755,0.0,0.08477781817632832
2025-07-29,0.0,0.01876813423210745,0.01761908682490016,0.0,0.0,0.0,0.0,0.0,0.0,0.0,0.0,0.0,0.0,0.05396977093318736,0.06209631429981072,0.019746305854325373,0.0,0.0,0.0,0.0,0.0,0.0,0.5001947884376755,0.0,0.08477781817632832
2025-07-30,0.0,0.01876813423210745,0.01761908682490016,0.0,0.0,0.0,0.0,0.0,0.0,0.0,0.0,0.0,0.0,0.05396977093318736,0.06209631429981072,0.019746305854325373,0.0,0.0,0.0,0.0,0.0,0.0,0.5001947884376755,0.0,0.08477781817632832
2025-07-31,0.0,0.01876813423210745,0.01761908682490016,0.0,0.0,0.0,0.0,0.0,0.0,0.0,0.0,0.0,0.0,0.05396977093318736,0.06209631429981072,0.019746305854325373,0.0,0.0,0.0,0.0,0.0,0.0,0.5001947884376755,0.0,0.08477781817632832
2025-08-01,0.0,0.03221061435969588,0.0,0.0,0.0,0.0,0.0,0.0,0.0,0.0,0.0,0.0,0.0,0.0,0.0,0.03244420960058731,0.0,0.0,0.0,0.0,0.0,0.07467808614649149,0.36310497439478284,0.07670614742768646,0.24800534162788873
2025-08-04,0.0,0.03221061435969588,0.0,0.0,0.0,0.0,0.0,0.0,0.0,0.0,0.0,0.0,0.0,0.0,0.0,0.03244420960058731,0.0,0.0,0.0,0.0,0.0,0.07467808614649149,0.36310497439478284,0.07670614742768646,0.24800534162788873
2025-08-05,0.0,0.03221061435969588,0.0,0.0,0.0,0.0,0.0,0.0,0.0,0.0,0.0,0.0,0.0,0.0,0.0,0.03244420960058731,0.0,0.0,0.0,0.0,0.0,0.07467808614649149,0.36310497439478284,0.07670614742768646,0.24800534162788873
2025-08-06,0.0,0.03221061435969588,0.0,0.0,0.0,0.0,0.0,0.0,0.0,0.0,0.0,0.0,0.0,0.0,0.0,0.03244420960058731,0.0,0.0,0.0,0.0,0.0,0.07467808614649149,0.36310497439478284,0.07670614742768646,0.24800534162788873
2025-08-07,0.0,0.03221061435969588,0.0,0.0,0.0,0.0,0.0,0.0,0.0,0.0,0.0,0.0,0.0,0.0,0.0,0.03244420960058731,0.0,0.0,0.0,0.0,0.0,0.07467808614649149,0.36310497439478284,0.07670614742768646,0.24800534162788873
2025-08-08,0.0,0.03221061435969588,0.0,0.0,0.0,0.0,0.0,0.0,0.0,0.0,0.0,0.0,0.0,0.0,0.0,0.03244420960058731,0.0,0.0,0.0,0.0,0.0,0.07467808614649149,0.36310497439478284,0.07670614742768646,0.24800534162788873
2025-08-11,0.0,0.03221061435969588,0.0,0.0,0.0,0.0,0.0,0.0,0.0,0.0,0.0,0.0,0.0,0.0,0.0,0.03244420960058731,0.0,0.0,0.0,0.0,0.0,0.07467808614649149,0.36310497439478284,0.07670614742768646,0.24800534162788873
2025-08-12,0.0,0.03221061435969588,0.0,0.0,0.0,0.0,0.0,0.0,0.0,0.0,0.0,0.0,0.0,0.0,0.0,0.03244420960058731,0.0,0.0,0.0,0.0,0.0,0.07467808614649149,0.36310497439478284,0.07670614742768646,0.24800534162788873
2025-08-13,0.0,0.03221061435969588,0.0,0.0,0.0,0.0,0.0,0.0,0.0,0.0,0.0,0.0,0.0,0.0,0.0,0.03244420960058731,0.0,0.0,0.0,0.0,0.0,0.07467808614649149,0.36310497439478284,0.07670614742768646,0.24800534162788873
2025-08-14,0.0,0.03221061435969588,0.0,0.0,0.0,0.0,0.0,0.0,0.0,0.0,0.0,0.0,0.0,0.0,0.0,0.03244420960058731,0.0,0.0,0.0,0.0,0.0,0.07467808614649149,0.36310497439478284,0.07670614742768646,0.24800534162788873
2025-08-15,0.0,0.03221061435969588,0.0,0.0,0.0,0.0,0.0,0.0,0.0,0.0,0.0,0.0,0.0,0.0,0.0,0.03244420960058731,0.0,0.0,0.0,0.0,0.0,0.07467808614649149,0.36310497439478284,0.07670614742768646,0.24800534162788873
2025-08-18,0.0,0.03221061435969588,0.0,0.0,0.0,0.0,0.0,0.0,0.0,0.0,0.0,0.0,0.0,0.0,0.0,0.03244420960058731,0.0,0.0,0.0,0.0,0.0,0.07467808614649149,0.36310497439478284,0.07670614742768646,0.24800534162788873
2025-08-19,0.0,0.03221061435969588,0.0,0.0,0.0,0.0,0.0,0.0,0.0,0.0,0.0,0.0,0.0,0.0,0.0,0.03244420960058731,0.0,0.0,0.0,0.0,0.0,0.07467808614649149,0.36310497439478284,0.07670614742768646,0.24800534162788873
2025-08-20,0.0,0.03221061435969588,0.0,0.0,0.0,0.0,0.0,0.0,0.0,0.0,0.0,0.0,0.0,0.0,0.0,0.03244420960058731,0.0,0.0,0.0,0.0,0.0,0.07467808614649149,0.36310497439478284,0.07670614742768646,0.24800534162788873
2025-08-21,0.0,0.03221061435969588,0.0,0.0,0.0,0.0,0.0,0.0,0.0,0.0,0.0,0.0,0.0,0.0,0.0,0.03244420960058731,0.0,0.0,0.0,0.0,0.0,0.07467808614649149,0.36310497439478284,0.07670614742768646,0.24800534162788873
2025-08-22,0.0,0.03221061435969588,0.0,0.0,0.0,0.0,0.0,0.0,0.0,0.0,0.0,0.0,0.0,0.0,0.0,0.03244420960058731,0.0,0.0,0.0,0.0,0.0,0.07467808614649149,0.36310497439478284,0.07670614742768646,0.24800534162788873
2025-08-25,0.0,0.03221061435969588,0.0,0.0,0.0,0.0,0.0,0.0,0.0,0.0,0.0,0.0,0.0,0.0,0.0,0.03244420960058731,0.0,0.0,0.0,0.0,0.0,0.07467808614649149,0.36310497439478284,0.07670614742768646,0.24800534162788873
2025-08-26,0.0,0.03221061435969588,0.0,0.0,0.0,0.0,0.0,0.0,0.0,0.0,0.0,0.0,0.0,0.0,0.0,0.03244420960058731,0.0,0.0,0.0,0.0,0.0,0.07467808614649149,0.36310497439478284,0.07670614742768646,0.24800534162788873
2025-08-27,0.0,0.03221061435969588,0.0,0.0,0.0,0.0,0.0,0.0,0.0,0.0,0.0,0.0,0.0,0.0,0.0,0.03244420960058731,0.0,0.0,0.0,0.0,0.0,0.07467808614649149,0.36310497439478284,0.07670614742768646,0.24800534162788873
2025-08-28,0.0,0.03221061435969588,0.0,0.0,0.0,0.0,0.0,0.0,0.0,0.0,0.0,0.0,0.0,0.0,0.0,0.03244420960058731,0.0,0.0,0.0,0.0,0.0,0.07467808614649149,0.36310497439478284,0.07670614742768646,0.24800534162788873
2025-08-29,0.0,0.03221061435969588,0.0,0.0,0.0,0.0,0.0,0.0,0.0,0.0,0.0,0.0,0.0,0.0,0.0,0.03244420960058731,0.0,0.0,0.0,0.0,0.0,0.07467808614649149,0.36310497439478284,0.07670614742768646,0.24800534162788873
2025-09-01,0.0,0.03221061435969588,0.0,0.0,0.0,0.0,0.0,0.0,0.0,0.0,0.0,0.0,0.0,0.0,0.0,0.03244420960058731,0.0,0.0,0.0,0.0,0.0,0.07467808614649149,0.36310497439478284,0.07670614742768646,0.24800534162788873
2025-09-02,0.0,0.03221061435969588,0.0,0.0,0.0,0.0,0.0,0.0,0.0,0.0,0.0,0.0,0.0,0.0,0.0,0.03244420960058731,0.0,0.0,0.0,0.0,0.0,0.07467808614649149,0.36310497439478284,0.07670614742768646,0.24800534162788873
2025-09-03,0.0,0.03221061435969588,0.0,0.0,0.0,0.0,0.0,0.0,0.0,0.0,0.0,0.0,0.0,0.0,0.0,0.03244420960058731,0.0,0.0,0.0,0.0,0.0,0.07467808614649149,0.36310497439478284,0.07670614742768646,0.24800534162788873
2025-09-04,0.0,0.03221061435969588,0.0,0.0,0.0,0.0,0.0,0.0,0.0,0.0,0.0,0.0,0.0,0.0,0.0,0.03244420960058731,0.0,0.0,0.0,0.0,0.0,0.07467808614649149,0.36310497439478284,0.07670614742768646,0.24800534162788873
2025-09-05,0.0,0.03221061435969588,0.0,0.0,0.0,0.0,0.0,0.0,0.0,0.0,0.0,0.0,0.0,0.0,0.0,0.03244420960058731,0.0,0.0,0.0,0.0,0.0,0.07467808614649149,0.36310497439478284,0.07670614742768646,0.24800534162788873
2025-09-08,0.0,0.03221061435969588,0.0,0.0,0.0,0.0,0.0,0.0,0.0,0.0,0.0,0.0,0.0,0.0,0.0,0.03244420960058731,0.0,0.0,0.0,0.0,0.0,0.07467808614649149,0.36310497439478284,0.07670614742768646,0.24800534162788873
2025-09-09,0.0,0.03221061435969588,0.0,0.0,0.0,0.0,0.0,0.0,0.0,0.0,0.0,0.0,0.0,0.0,0.0,0.03244420960058731,0.0,0.0,0.0,0.0,0.0,0.07467808614649149,0.36310497439478284,0.07670614742768646,0.24800534162788873
2025-09-10,0.0,0.03221061435969588,0.0,0.0,0.0,0.0,0.0,0.0,0.0,0.0,0.0,0.0,0.0,0.0,0.0,0.03244420960058731,0.0,0.0,0.0,0.0,0.0,0.07467808614649149,0.36310497439478284,0.07670614742768646,0.24800534162788873
2025-09-11,0.0,0.03221061435969588,0.0,0.0,0.0,0.0,0.0,0.0,0.0,0.0,0.0,0.0,0.0,0.0,0.0,0.03244420960058731,0.0,0.0,0.0,0.0,0.0,0.07467808614649149,0.36310497439478284,0.07670614742768646,0.24800534162788873
2025-09-12,0.0,0.03221061435969588,0.0,0.0,0.0,0.0,0.0,0.0,0.0,0.0,0.0,0.0,0.0,0.0,0.0,0.03244420960058731,0.0,0.0,0.0,0.0,0.0,0.07467808614649149,0.36310497439478284,0.07670614742768646,0.24800534162788873
2025-09-15,0.0,0.03221061435969588,0.0,0.0,0.0,0.0,0.0,0.0,0.0,0.0,0.0,0.0,0.0,0.0,0.0,0.03244420960058731,0.0,0.0,0.0,0.0,0.0,0.07467808614649149,0.36310497439478284,0.07670614742768646,0.24800534162788873
2025-09-16,0.0,0.03221061435969588,0.0,0.0,0.0,0.0,0.0,0.0,0.0,0.0,0.0,0.0,0.0,0.0,0.0,0.03244420960058731,0.0,0.0,0.0,0.0,0.0,0.07467808614649149,0.36310497439478284,0.07670614742768646,0.24800534162788873
2025-09-17,0.0,0.03221061435969588,0.0,0.0,0.0,0.0,0.0,0.0,0.0,0.0,0.0,0.0,0.0,0.0,0.0,0.03244420960058731,0.0,0.0,0.0,0.0,0.0,0.07467808614649149,0.36310497439478284,0.07670614742768646,0.24800534162788873
2025-09-18,0.0,0.03221061435969588,0.0,0.0,0.0,0.0,0.0,0.0,0.0,0.0,0.0,0.0,0.0,0.0,0.0,0.03244420960058731,0.0,0.0,0.0,0.0,0.0,0.07467808614649149,0.36310497439478284,0.07670614742768646,0.24800534162788873
2025-09-19,0.0,0.03221061435969588,0.0,0.0,0.0,0.0,0.0,0.0,0.0,0.0,0.0,0.0,0.0,0.0,0.0,0.03244420960058731,0.0,0.0,0.0,0.0,0.0,0.07467808614649149,0.36310497439478284,0.07670614742768646,0.24800534162788873
2025-09-22,0.0,0.03221061435969588,0.0,0.0,0.0,0.0,0.0,0.0,0.0,0.0,0.0,0.0,0.0,0.0,0.0,0.03244420960058731,0.0,0.0,0.0,0.0,0.0,0.07467808614649149,0.36310497439478284,0.07670614742768646,0.24800534162788873
2025-09-23,0.0,0.03221061435969588,0.0,0.0,0.0,0.0,0.0,0.0,0.0,0.0,0.0,0.0,0.0,0.0,0.0,0.03244420960058731,0.0,0.0,0.0,0.0,0.0,0.07467808614649149,0.36310497439478284,0.07670614742768646,0.24800534162788873
2025-09-24,0.0,0.03221061435969588,0.0,0.0,0.0,0.0,0.0,0.0,0.0,0.0,0.0,0.0,0.0,0.0,0.0,0.03244420960058731,0.0,0.0,0.0,0.0,0.0,0.07467808614649149,0.36310497439478284,0.07670614742768646,0.24800534162788873
2025-09-25,0.0,0.03221061435969588,0.0,0.0,0.0,0.0,0.0,0.0,0.0,0.0,0.0,0.0,0.0,0.0,0.0,0.03244420960058731,0.0,0.0,0.0,0.0,0.0,0.07467808614649149,0.36310497439478284,0.07670614742768646,0.24800534162788873
2025-09-26,0.0,0.03221061435969588,0.0,0.0,0.0,0.0,0.0,0.0,0.0,0.0,0.0,0.0,0.0,0.0,0.0,0.03244420960058731,0.0,0.0,0.0,0.0,0.0,0.07467808614649149,0.36310497439478284,0.07670614742768646,0.24800534162788873
2025-09-29,0.0,0.03221061435969588,0.0,0.0,0.0,0.0,0.0,0.0,0.0,0.0,0.0,0.0,0.0,0.0,0.0,0.03244420960058731,0.0,0.0,0.0,0.0,0.0,0.07467808614649149,0.36310497439478284,0.07670614742768646,0.24800534162788873
2025-09-30,0.0,0.03221061435969588,0.0,0.0,0.0,0.0,0.0,0.0,0.0,0.0,0.0,0.0,0.0,0.0,0.0,0.03244420960058731,0.0,0.0,0.0,0.0,0.0,0.07467808614649149,0.36310497439478284,0.07670614742768646,0.24800534162788873
2025-10-01,0.0,0.03221061435969588,0.0,0.0,0.0,0.0,0.0,0.0,0.0,0.0,0.0,0.0,0.0,0.0,0.0,0.03244420960058731,0.0,0.0,0.0,0.0,0.0,0.07467808614649149,0.36310497439478284,0.07670614742768646,0.24800534162788873
2025-10-02,0.0,0.03221061435969588,0.0,0.0,0.0,0.0,0.0,0.0,0.0,0.0,0.0,0.0,0.0,0.0,0.0,0.03244420960058731,0.0,0.0,0.0,0.0,0.0,0.07467808614649149,0.36310497439478284,0.07670614742768646,0.24800534162788873
2025-10-03,0.0,0.03221061435969588,0.0,0.0,0.0,0.0,0.0,0.0,0.0,0.0,0.0,0.0,0.0,0.0,0.0,0.03244420960058731,0.0,0.0,0.0,0.0,0.0,0.07467808614649149,0.36310497439478284,0.07670614742768646,0.24800534162788873
2025-10-06,0.0,0.03221061435969588,0.0,0.0,0.0,0.0,0.0,0.0,0.0,0.0,0.0,0.0,0.0,0.0,0.0,0.03244420960058731,0.0,0.0,0.0,0.0,0.0,0.07467808614649149,0.36310497439478284,0.07670614742768646,0.24800534162788873
2025-10-07,0.0,0.03221061435969588,0.0,0.0,0.0,0.0,0.0,0.0,0.0,0.0,0.0,0.0,0.0,0.0,0.0,0.03244420960058731,0.0,0.0,0.0,0.0,0.0,0.07467808614649149,0.36310497439478284,0.07670614742768646,0.24800534162788873
2025-10-08,0.0,0.03221061435969588,0.0,0.0,0.0,0.0,0.0,0.0,0.0,0.0,0.0,0.0,0.0,0.0,0.0,0.03244420960058731,0.0,0.0,0.0,0.0,0.0,0.07467808614649149,0.36310497439478284,0.07670614742768646,0.24800534162788873
2025-10-09,0.0,0.03221061435969588,0.0,0.0,0.0,0.0,0.0,0.0,0.0,0.0,0.0,0.0,0.0,0.0,0.0,0.03244420960058731,0.0,0.0,0.0,0.0,0.0,0.07467808614649149,0.36310497439478284,0.07670614742768646,0.24800534162788873
2025-10-10,0.0,0.03221061435969588,0.0,0.0,0.0,0.0,0.0,0.0,0.0,0.0,0.0,0.0,0.0,0.0,0.0,0.03244420960058731,0.0,0.0,0.0,0.0,0.0,0.07467808614649149,0.36310497439478284,0.07670614742768646,0.24800534162788873
2025-10-13,0.0,0.03221061435969588,0.0,0.0,0.0,0.0,0.0,0.0,0.0,0.0,0.0,0.0,0.0,0.0,0.0,0.03244420960058731,0.0,0.0,0.0,0.0,0.0,0.07467808614649149,0.36310497439478284,0.07670614742768646,0.24800534162788873
2025-10-14,0.0,0.03221061435969588,0.0,0.0,0.0,0.0,0.0,0.0,0.0,0.0,0.0,0.0,0.0,0.0,0.0,0.03244420960058731,0.0,0.0,0.0,0.0,0.0,0.07467808614649149,0.36310497439478284,0.07670614742768646,0.24800534162788873
2025-10-15,0.0,0.03221061435969588,0.0,0.0,0.0,0.0,0.0,0.0,0.0,0.0,0.0,0.0,0.0,0.0,0.0,0.03244420960058731,0.0,0.0,0.0,0.0,0.0,0.07467808614649149,0.36310497439478284,0.07670614742768646,0.24800534162788873
2025-10-16,0.0,0.03221061435969588,0.0,0.0,0.0,0.0,0.0,0.0,0.0,0.0,0.0,0.0,0.0,0.0,0.0,0.03244420960058731,0.0,0.0,0.0,0.0,0.0,0.07467808614649149,0.36310497439478284,0.07670614742768646,0.24800534162788873
2025-10-17,0.0,0.03221061435969588,0.0,0.0,0.0,0.0,0.0,0.0,0.0,0.0,0.0,0.0,0.0,0.0,0.0,0.03244420960058731,0.0,0.0,0.0,0.0,0.0,0.07467808614649149,0.36310497439478284,0.07670614742768646,0.24800534162788873
2025-10-20,0.0,0.03221061435969588,0.0,0.0,0.0,0.0,0.0,0.0,0.0,0.0,0.0,0.0,0.0,0.0,0.0,0.03244420960058731,0.0,0.0,0.0,0.0,0.0,0.07467808614649149,0.36310497439478284,0.07670614742768646,0.24800534162788873
2025-10-21,0.0,0.03221061435969588,0.0,0.0,0.0,0.0,0.0,0.0,0.0,0.0,0.0,0.0,0.0,0.0,0.0,0.03244420960058731,0.0,0.0,0.0,0.0,0.0,0.07467808614649149,0.36310497439478284,0.07670614742768646,0.24800534162788873
2025-10-22,0.0,0.03221061435969588,0.0,0.0,0.0,0.0,0.0,0.0,0.0,0.0,0.0,0.0,0.0,0.0,0.0,0.03244420960058731,0.0,0.0,0.0,0.0,0.0,0.07467808614649149,0.36310497439478284,0.07670614742768646,0.24800534162788873
2025-10-23,0.0,0.03221061435969588,0.0,0.0,0.0,0.0,0.0,0.0,0.0,0.0,0.0,0.0,0.0,0.0,0.0,0.03244420960058731,0.0,0.0,0.0,0.0,0.0,0.07467808614649149,0.36310497439478284,0.07670614742768646,0.24800534162788873
2025-10-24,0.0,0.03221061435969588,0.0,0.0,0.0,0.0,0.0,0.0,0.0,0.0,0.0,0.0,0.0,0.0,0.0,0.03244420960058731,0.0,0.0,0.0,0.0,0.0,0.07467808614649149,0.36310497439478284,0.07670614742768646,0.24800534162788873
2025-10-27,0.0,0.03221061435969588,0.0,0.0,0.0,0.0,0.0,0.0,0.0,0.0,0.0,0.0,0.0,0.0,0.0,0.03244420960058731,0.0,0.0,0.0,0.0,0.0,0.07467808614649149,0.36310497439478284,0.07670614742768646,0.24800534162788873
2025-10-28,0.0,0.03221061435969588,0.0,0.0,0.0,0.0,0.0,0.0,0.0,0.0,0.0,0.0,0.0,0.0,0.0,0.03244420960058731,0.0,0.0,0.0,0.0,0.0,0.07467808614649149,0.36310497439478284,0.07670614742768646,0.24800534162788873
2025-10-29,0.0,0.03221061435969588,0.0,0.0,0.0,0.0,0.0,0.0,0.0,0.0,0.0,0.0,0.0,0.0,0.0,0.03244420960058731,0.0,0.0,0.0,0.0,0.0,0.07467808614649149,0.36310497439478284,0.07670614742768646,0.24800534162788873
2025-10-30,0.0,0.03221061435969588,0.0,0.0,0.0,0.0,0.0,0.0,0.0,0.0,0.0,0.0,0.0,0.0,0.0,0.03244420960058731,0.0,0.0,0.0,0.0,0.0,0.07467808614649149,0.36310497439478284,0.07670614742768646,0.24800534162788873
2025-10-31,0.0,0.03221061435969588,0.0,0.0,0.0,0.0,0.0,0.0,0.0,0.0,0.0,0.0,0.0,0.0,0.0,0.03244420960058731,0.0,0.0,0.0,0.0,0.0,0.07467808614649149,0.36310497439478284,0.07670614742768646,0.24800534162788873
2025-11-03,0.0,0.017741755759235495,0.01942882333481991,0.0,0.0,0.0,0.0,0.0,0.0,0.0,0.0,0.0,0.0,0.014154468570909535,0.013504117974046395,0.017946018453218786,0.0,0.0,0.0,0.0,0.0,0.07855774977644837,0.2511732450874041,0.06766479861746237,0.09314098813251238
2025-11-04,0.0,0.017741755759235495,0.01942882333481991,0.0,0.0,0.0,0.0,0.0,0.0,0.0,0.0,0.0,0.0,0.014154468570909535,0.013504117974046395,0.017946018453218786,0.0,0.0,0.0,0.0,0.0,0.07855774977644837,0.2511732450874041,0.06766479861746237,0.09314098813251238
2025-11-05,0.0,0.017741755759235495,0.01942882333481991,0.0,0.0,0.0,0.0,0.0,0.0,0.0,0.0,0.0,0.0,0.014154468570909535,0.013504117974046395,0.017946018453218786,0.0,0.0,0.0,0.0,0.0,0.07855774977644837,0.2511732450874041,0.06766479861746237,0.09314098813251238
2025-11-06,0.0,0.017741755759235495,0.01942882333481991,0.0,0.0,0.0,0.0,0.0,0.0,0.0,0.0,0.0,0.0,0.014154468570909535,0.013504117974046395,0.017946018453218786,0.0,0.0,0.0,0.0,0.0,0.07855774977644837,0.2511732450874041,0.06766479861746237,0.09314098813251238
2025-11-07,0.0,0.017741755759235495,0.01942882333481991,0.0,0.0,0.0,0.0,0.0,0.0,0.0,0.0,0.0,0.0,0.014154468570909535,0.013504117974046395,0.017946018453218786,0.0,0.0,0.0,0.0,0.0,0.07855774977644837,0.2511732450874041,0.06766479861746237,0.09314098813251238
2025-11-10,0.0,0.017741755759235495,0.01942882333481991,0.0,0.0,0.0,0.0,0.0,0.0,0.0,0.0,0.0,0.0,0.014154468570909535,0.013504117974046395,0.017946018453218786,0.0,0.0,0.0,0.0,0.0,0.07855774977644837,0.2511732450874041,0.06766479861746237,0.09314098813251238
2025-11-11,0.0,0.017741755759235495,0.01942882333481991,0.0,0.0,0.0,0.0,0.0,0.0,0.0,0.0,0.0,0.0,0.014154468570909535,0.013504117974046395,0.017946018453218786,0.0,0.0,0.0,0.0,0.0,0.07855774977644837,0.2511732450874041,0.06766479861746237,0.09314098813251238
2025-11-12,0.0,0.017741755759235495,0.01942882333481991,0.0,0.0,0.0,0.0,0.0,0.0,0.0,0.0,0.0,0.0,0.014154468570909535,0.013504117974046395,0.017946018453218786,0.0,0.0,0.0,0.0,0.0,0.07855774977644837,0.2511732450874041,0.06766479861746237,0.09314098813251238
2025-11-13,0.0,0.017741755759235495,0.01942882333481991,0.0,0.0,0.0,0.0,0.0,0.0,0.0,0.0,0.0,0.0,0.014154468570909535,0.013504117974046395,0.017946018453218786,0.0,0.0,0.0,0.0,0.0,0.07855774977644837,0.2511732450874041,0.06766479861746237,0.09314098813251238
2025-11-14,0.0,0.017741755759235495,0.01942882333481991,0.0,0.0,0.0,0.0,0.0,0.0,0.0,0.0,0.0,0.0,0.014154468570909535,0.013504117974046395,0.017946018453218786,0.0,0.0,0.0,0.0,0.0,0.07855774977644837,0.2511732450874041,0.06766479861746237,0.09314098813251238
2025-11-17,0.0,0.017741755759235495,0.01942882333481991,0.0,0.0,0.0,0.0,0.0,0.0,0.0,0.0,0.0,0.0,0.014154468570909535,0.013504117974046395,0.017946018453218786,0.0,0.0,0.0,0.0,0.0,0.07855774977644837,0.2511732450874041,0.06766479861746237,0.09314098813251238
2025-11-18,0.0,0.017741755759235495,0.01942882333481991,0.0,0.0,0.0,0.0,0.0,0.0,0.0,0.0,0.0,0.0,0.014154468570909535,0.013504117974046395,0.017946018453218786,0.0,0.0,0.0,0.0,0.0,0.07855774977644837,0.2511732450874041,0.06766479861746237,0.09314098813251238
2025-11-19,0.0,0.017741755759235495,0.01942882333481991,0.0,0.0,0.0,0.0,0.0,0.0,0.0,0.0,0.0,0.0,0.014154468570909535,0.013504117974046395,0.017946018453218786,0.0,0.0,0.0,0.0,0.0,0.07855774977644837,0.2511732450874041,0.06766479861746237,0.09314098813251238
2025-11-20,0.0,0.017741755759235495,0.01942882333481991,0.0,0.0,0.0,0.0,0.0,0.0,0.0,0.0,0.0,0.0,0.014154468570909535,0.013504117974046395,0.017946018453218786,0.0,0.0,0.0,0.0,0.0,0.07855774977644837,0.2511732450874041,0.06766479861746237,0.09314098813251238
2025-11-21,0.0,0.017741755759235495,0.01942882333481991,0.0,0.0,0.0,0.0,0.0,0.0,0.0,0.0,0.0,0.0,0.014154468570909535,0.013504117974046395,0.017946018453218786,0.0,0.0,0.0,0.0,0.0,0.07855774977644837,0.2511732450874041,0.06766479861746237,0.09314098813251238
2025-11-24,0.0,0.017741755759235495,0.01942882333481991,0.0,0.0,0.0,0.0,0.0,0.0,0.0,0.0,0.0,0.0,0.014154468570909535,0.013504117974046395,0.017946018453218786,0.0,0.0,0.0,0.0,0.0,0.07855774977644837,0.2511732450874041,0.06766479861746237,0.09314098813251238
2025-11-25,0.0,0.017741755759235495,0.01942882333481991,0.0,0.0,0.0,0.0,0.0,0.0,0.0,0.0,0.0,0.0,0.014154468570909535,0.013504117974046395,0.017946018453218786,0.0,0.0,0.0,0.0,0.0,0.07855774977644837,0.2511732450874041,0.06766479861746237,0.09314098813251238
2025-11-26,0.0,0.017741755759235495,0.01942882333481991,0.0,0.0,0.0,0.0,0.0,0.0,0.0,0.0,0.0,0.0,0.014154468570909535,0.013504117974046395,0.017946018453218786,0.0,0.0,0.0,0.0,0.0,0.07855774977644837,0.2511732450874041,0.06766479861746237,0.09314098813251238
2025-11-27,0.0,0.017741755759235495,0.01942882333481991,0.0,0.0,0.0,0.0,0.0,0.0,0.0,0.0,0.0,0.0,0.014154468570909535,0.013504117974046395,0.017946018453218786,0.0,0.0,0.0,0.0,0.0,0.07855774977644837,0.2511732450874041,0.06766479861746237,0.09314098813251238
2025-11-28,0.0,0.017741755759235495,0.01942882333481991,0.0,0.0,0.0,0.0,0.0,0.0,0.0,0.0,0.0,0.0,0.014154468570909535,0.013504117974046395,0.017946018453218786,0.0,0.0,0.0,0.0,0.0,0.07855774977644837,0.2511732450874041,0.06766479861746237,0.09314098813251238
2025-12-01,0.0,0.017741755759235495,0.01942882333481991,0.0,0.0,0.0,0.0,0.0,0.0,0.0,0.0,0.0,0.0,0.014154468570909535,0.013504117974046395,0.017946018453218786,0.0,0.0,0.0,0.0,0.0,0.07855774977644837,0.2511732450874041,0.06766479861746237,0.09314098813251238
2025-12-02,0.0,0.017741755759235495,0.01942882333481991,0.0,0.0,0.0,0.0,0.0,0.0,0.0,0.0,0.0,0.0,0.014154468570909535,0.013504117974046395,0.017946018453218786,0.0,0.0,0.0,0.0,0.0,0.07855774977644837,0.2511732450874041,0.06766479861746237,0.09314098813251238
2025-12-03,0.0,0.017741755759235495,0.01942882333481991,0.0,0.0,0.0,0.0,0.0,0.0,0.0,0.0,0.0,0.0,0.014154468570909535,0.013504117974046395,0.017946018453218786,0.0,0.0,0.0,0.0,0.0,0.07855774977644837,0.2511732450874041,0.06766479861746237,0.09314098813251238
2025-12-04,0.0,0.017741755759235495,0.01942882333481991,0.0,0.0,0.0,0.0,0.0,0.0,0.0,0.0,0.0,0.0,0.014154468570909535,0.013504117974046395,0.017946018453218786,0.0,0.0,0.0,0.0,0.0,0.07855774977644837,0.2511732450874041,0.06766479861746237,0.09314098813251238
2025-12-05,0.0,0.017741755759235495,0.01942882333481991,0.0,0.0,0.0,0.0,0.0,0.0,0.0,0.0,0.0,0.0,0.014154468570909535,0.013504117974046395,0.017946018453218786,0.0,0.0,0.0,0.0,0.0,0.07855774977644837,0.2511732450874041,0.06766479861746237,0.09314098813251238
2025-12-08,0.0,0.017741755759235495,0.01942882333481991,0.0,0.0,0.0,0.0,0.0,0.0,0.0,0.0,0.0,0.0,0.014154468570909535,0.013504117974046395,0.017946018453218786,0.0,0.0,0.0,0.0,0.0,0.07855774977644837,0.2511732450874041,0.06766479861746237,0.09314098813251238
2025-12-09,0.0,0.017741755759235495,0.01942882333481991,0.0,0.0,0.0,0.0,0.0,0.0,0.0,0.0,0.0,0.0,0.014154468570909535,0.013504117974046395,0.017946018453218786,0.0,0.0,0.0,0.0,0.0,0.07855774977644837,0.2511732450874041,0.06766479861746237,0.09314098813251238
2025-12-10,0.0,0.017741755759235495,0.01942882333481991,0.0,0.0,0.0,0.0,0.0,0.0,0.0,0.0,0.0,0.0,0.014154468570909535,0.013504117974046395,0.017946018453218786,0.0,0.0,0.0,0.0,0.0,0.07855774977644837,0.2511732450874041,0.06766479861746237,0.09314098813251238
2025-12-11,0.0,0.017741755759235495,0.01942882333481991,0.0,0.0,0.0,0.0,0.0,0.0,0.0,0.0,0.0,0.0,0.014154468570909535,0.013504117974046395,0.017946018453218786,0.0,0.0,0.0,0.0,0.0,0.07855774977644837,0.2511732450874041,0.06766479861746237,0.09314098813251238
2025-12-12,0.0,0.017741755759235495,0.01942882333481991,0.0,0.0,0.0,0.0,0.0,0.0,0.0,0.0,0.0,0.0,0.014154468570909535,0.013504117974046395,0.017946018453218786,0.0,0.0,0.0,0.0,0.0,0.07855774977644837,0.2511732450874041,0.06766479861746237,0.09314098813251238
2025-12-15,0.0,0.017741755759235495,0.01942882333481991,0.0,0.0,0.0,0.0,0.0,0.0,0.0,0.0,0.0,0.0,0.014154468570909535,0.013504117974046395,0.017946018453218786,0.0,0.0,0.0,0.0,0.0,0.07855774977644837,0.2511732450874041,0.06766479861746237,0.09314098813251238
2025-12-16,0.0,0.017741755759235495,0.01942882333481991,0.0,0.0,0.0,0.0,0.0,0.0,0.0,0.0,0.0,0.0,0.014154468570909535,0.013504117974046395,0.017946018453218786,0.0,0.0,0.0,0.0,0.0,0.07855774977644837,0.2511732450874041,0.06766479861746237,0.09314098813251238
2025-12-17,0.0,0.017741755759235495,0.01942882333481991,0.0,0.0,0.0,0.0,0.0,0.0,0.0,0.0,0.0,0.0,0.014154468570909535,0.013504117974046395,0.017946018453218786,0.0,0.0,0.0,0.0,0.0,0.07855774977644837,0.2511732450874041,0.06766479861746237,0.09314098813251238
2025-12-18,0.0,0.017741755759235495,0.01942882333481991,0.0,0.0,0.0,0.0,0.0,0.0,0.0,0.0,0.0,0.0,0.014154468570909535,0.013504117974046395,0.017946018453218786,0.0,0.0,0.0,0.0,0.0,0.07855774977644837,0.2511732450874041,0.06766479861746237,0.09314098813251238
2025-12-19,0.0,0.017741755759235495,0.01942882333481991,0.0,0.0,0.0,0.0,0.0,0.0,0.0,0.0,0.0,0.0,0.014154468570909535,0.013504117974046395,0.017946018453218786,0.0,0.0,0.0,0.0,0.0,0.07855774977644837,0.2511732450874041,0.06766479861746237,0.09314098813251238
2025-12-22,0.0,0.017741755759235495,0.01942882333481991,0.0,0.0,0.0,0.0,0.0,0.0,0.0,0.0,0.0,0.0,0.014154468570909535,0.013504117974046395,0.017946018453218786,0.0,0.0,0.0,0.0,0.0,0.07855774977644837,0.2511732450874041,0.06766479861746237,0.09314098813251238
2025-12-23,0.0,0.017741755759235495,0.01942882333481991,0.0,0.0,0.0,0.0,0.0,0.0,0.0,0.0,0.0,0.0,0.014154468570909535,0.013504117974046395,0.017946018453218786,0.0,0.0,0.0,0.0,0.0,0.07855774977644837,0.2511732450874041,0.06766479861746237,0.09314098813251238
2025-12-24,0.0,0.017741755759235495,0.01942882333481991,0.0,0.0,0.0,0.0,0.0,0.0,0.0,0.0,0.0,0.0,0.014154468570909535,0.013504117974046395,0.017946018453218786,0.0,0.0,0.0,0.0,0.0,0.07855774977644837,0.2511732450874041,0.06766479861746237,0.09314098813251238
2025-12-26,0.0,0.017741755759235495,0.01942882333481991,0.0,0.0,0.0,0.0,0.0,0.0,0.0,0.0,0.0,0.0,0.014154468570909535,0.013504117974046395,0.017946018453218786,0.0,0.0,0.0,0.0,0.0,0.07855774977644837,0.2511732450874041,0.06766479861746237,0.09314098813251238
2025-12-29,0.0,0.017741755759235495,0.01942882333481991,0.0,0.0,0.0,0.0,0.0,0.0,0.0,0.0,0.0,0.0,0.014154468570909535,0.013504117974046395,0.017946018453218786,0.0,0.0,0.0,0.0,0.0,0.07855774977644837,0.2511732450874041,0.06766479861746237,0.09314098813251238
2025-12-30,0.0,0.017741755759235495,0.01942882333481991,0.0,0.0,0.0,0.0,0.0,0.0,0.0,0.0,0.0,0.0,0.014154468570909535,0.013504117974046395,0.017946018453218786,0.0,0.0,0.0,0.0,0.0,0.07855774977644837,0.2511732450874041,0.06766479861746237,0.09314098813251238
