Date,SPY_close,SPY_dividends,SPY_returns,0050.TW_close,0050.TW_dividends,0050.TW_returns
2021-01-04,368.7900085449219,0.0,,31.087499618530273,0.0,
2021-01-05,371.3299865722656,0.0,0.006887328746690624,31.149999618530273,0.0,0.002010454387356031
2021-01-06,373.54998779296875,0.0,0.005978513184986323,31.487499237060547,0.0,0.010834658833494881
2021-01-07,379.1000061035156,0.0,0.014857498305214323,32.224998474121094,0.0,0.023421969191904424
2021-01-08,381.260009765625,0.0,0.005697714659280706,32.79999923706055,0.0,0.017843313891890977
2021-01-11,378.69000244140625,0.0,-0.006740825836411779,33.07500076293945,0.0,0.008384193057181077
2021-01-12,378.7699890136719,0.0,0.00021121912844268564,33.025001525878906,0.0,-0.0015116926956074694
2021-01-13,379.7900085449219,0.0,0.0026929787492038226,33.82500076293945,0.0,0.024224048451100044
2021-01-14,378.4599914550781,0.0,-0.003501980199372312,33.51250076293945,0.0,-0.00923872854253982
2021-01-15,375.70001220703125,0.0,-0.007292657904037547,33.625,0.0,0.003356933517326688
2021-01-18,,,,33.599998474121094,0.0,-0.0007435398030901652
2021-01-19,378.6499938964844,0.0,0.007851960589843054,34.48749923706055,0.0,0.026413714382249376
2021-01-20,383.8900146484375,0.0,0.013838692292137411,34.54999923706055,0.0,0.0018122508556037698
2021-01-21,384.239990234375,0.0,0.0009116558716901757,35.75,0.0,0.03473229491861329
2021-01-22,382.8800048828125,0.0,-0.0035394164744094736,34.36249923706055,0.7625,-0.01748253882348117
2021-01-25,384.3900146484375,0.0,0.003943819855746211,33.900001525878906,0.0,-0.013459373487095694
2021-01-26,383.7900085449219,0.0,-0.001560930514972858,33.212501525878906,0.0,-0.020280235075363362
2021-01-27,374.4100036621094,0.0,-0.024440461382450485,33.26250076293945,0.0,0.0015054342420304234
2021-01-28,377.6300048828125,0.0,0.008600200820512827,32.587501525878906,0.0,-0.020293099483747135
2021-01-29,370.07000732421875,0.0,-0.02001958917681823,32.04999923706055,0.0,-0.016494123932499383
2021-02-01,376.2300109863281,0.0,0.01664550906637663,32.6875,0.0,0.01989081990998276
2021-02-02,381.54998779296875,0.0,0.014140224467191542,33.61249923706055,0.0,0.028298255818295814
2021-02-03,381.8500061035156,0.0,0.0007863145594166898,33.587501525878906,0.0,-0.000743702841176419
2021-02-04,386.19000244140625,0.0,0.011365709751263164,33.38750076293945,0.0,-0.005954618648408627
2021-02-05,387.7099914550781,0.0,0.003935858007879212,33.70000076293945,0.0,0.009359790126815426
2021-02-08,390.510009765625,0.0,0.0072219400383219945,,,
2021-02-09,390.25,0.0,-0.0006658210010571652,,,
2021-02-10,390.0799865722656,0.0,-0.00043565260149747154,,,
2021-02-11,390.7099914550781,0.0,0.0016150658954552366,,,
2021-02-12,392.6400146484375,0.0,0.004939784585931806,,,
2021-02-16,392.29998779296875,0.0,-0.0008660015352057737,,,
2021-02-17,392.3900146484375,0.0,0.00022948472666350916,35.13750076293945,0.0,0.04265578538445758
2021-02-18,390.7200012207031,0.0,-0.004256003887434856,35.087501525878906,0.0,-0.0014229594016340608
2021-02-19,390.0299987792969,0.0,-0.0017659767589335296,34.712501525878906,0.0,-0.010687566332513554
2021-02-22,387.0299987792969,0.0,-0.007691716045917785,34.70000076293945,0.0,-0.0003601227912121141
2021-02-23,387.5,0.0,0.0012143793044092632,34.625,0.0,-0.0021614052245081394
2021-02-24,391.7699890136719,0.0,0.011019326486895187,34.11249923706055,0.0,-0.014801466077673742
2021-02-25,382.3299865722656,0.0,-0.024095777385022776,34.38750076293945,0.0,0.008061605922445647
2021-02-26,380.3599853515625,0.0,-0.005152620223082494,33.349998474121094,0.0,-0.030170912854955434
2021-03-01,389.5799865722656,0.0,0.02424019764376939,,,
2021-03-02,386.5400085449219,0.0,-0.0078032191902133174,33.36249923706055,0.0,0.00037483548759831287
2021-03-03,381.4200134277344,0.0,-0.013245705500087857,33.849998474121094,0.0,0.01461219177845674
2021-03-04,376.70001220703125,0.0,-0.012374812685589154,33.1875,0.0,-0.01957159539098907
2021-03-05,383.6300048828125,0.0,0.018396582031360742,32.98749923706055,0.0,-0.006026388337158628
2021-03-08,381.7200012207031,0.0,-0.004978765054346579,32.962501525878906,0.0,-0.0007577934599406477
2021-03-09,387.1700134277344,0.0,0.014277512809395931,32.837501525878906,0.0,-0.00379218791698388
2021-03-10,389.5799865722656,0.0,0.006224586256551756,32.974998474121094,0.0,0.004187192747713286
2021-03-11,393.5299987792969,0.0,0.010139155868312377,33.67499923706055,0.0,0.021228227303446756
2021-03-12,394.05999755859375,0.0,0.0013467811372471772,33.8125,0.0,0.004083170484177057
2021-03-15,396.4100036621094,0.0,0.005963574374651337,33.724998474121094,0.0,-0.002587845497342922
2021-03-16,395.9100036621094,0.0,-0.001261320338490246,33.837501525878906,0.0,0.0033358949398958337
2021-03-17,397.260009765625,0.0,0.0034098812634899556,33.54999923706055,0.0,-0.00849655783830483
2021-03-18,391.4800109863281,0.0,-0.014549661776192768,33.724998474121094,0.0,0.00521607275827396
2021-03-19,389.4800109863281,1.278,-0.0018442831811027421,33.20000076293945,0.0,-0.01556701956812534
2021-03-22,392.5899963378906,0.0,0.00798496781307656,33.349998474121094,0.0,0.0045180032450204965
2021-03-23,389.5,0.0,-0.00787079743934982,33.400001525878906,0.0,0.0014993419503936956
2021-03-24,387.5199890136719,0.0,-0.005083468514321288,32.875,0.0,-0.015718607841144094
2021-03-25,389.70001220703125,0.0,0.005625576112623376,32.98749923706055,0.0,0.0034220300246554647
2021-03-26,395.9800109863281,0.0,0.016114956588609397,33.587501525878906,0.0,0.01818877764896687
2021-03-29,395.7799987792969,0.0,-0.0005051068273195236,33.86249923706055,0.0,0.008187501263520858
2021-03-30,394.7300109863281,0.0,-0.002652958199523048,33.974998474121094,0.0,0.003322236680552537
2021-03-31,396.3299865722656,0.0,0.0040533416294838975,33.6875,0.0,-0.008462059956826251
2021-04-01,400.6099853515625,0.0,0.010799078859294209,33.9375,0.0,0.007421150278293043
2021-04-05,406.3599853515625,0.0,0.01435311202978129,,,
2021-04-06,406.1199951171875,0.0,-0.0005905853012750928,,,
2021-04-07,406.5899963378906,0.0,0.0011572964304984446,34.45000076293945,0.0,0.015101311615158819
2021-04-08,408.5199890136719,0.0,0.004746778556197873,34.5625,0.0,0.003265580103602561
2021-04-09,411.489990234375,0.0,0.007270149076117116,34.48749923706055,0.0,-0.002170003991014968
2021-04-12,411.6400146484375,0.0,0.0003645882466716266,34.287498474121094,0.0,-0.005799224860135177
2021-04-13,412.8599853515625,0.0,0.002963683460576405,34.287498474121094,0.0,0.0
2021-04-14,411.45001220703125,0.0,-0.003415136352656223,34.474998474121094,0.0,0.005468465427465263
2021-04-15,415.8699951171875,0.0,0.01074245419619091,34.76250076293945,0.0,0.008339443119458778
2021-04-16,417.260009765625,0.0,0.0033424259137662116,34.8125,0.0,0.0014383095566545823
2021-04-19,415.2099914550781,0.0,-0.004913047650308866,34.875,0.0,0.0017953321364452268
2021-04-20,412.1700134277344,0.0,-0.007321543531961572,34.8125,0.0,-0.0017921146953404632
2021-04-21,416.07000732421875,0.0,0.009462100030156906,34.5,0.0,-0.008976660682226245
2021-04-22,412.2699890136719,0.0,-0.009133122416069117,34.474998474121094,0.0,-0.0007246819095335644
2021-04-23,416.739990234375,0.0,0.010842412350696051,34.787498474121094,0.0,0.009064539922592818
2021-04-26,417.6099853515625,0.0,0.002087620908898691,35.29999923706055,0.0,0.014732325847479633
2021-04-27,417.5199890136719,0.0,-0.00021550331899955477,35.3125,0.0,0.00035412926939470957
2021-04-28,417.3999938964844,0.0,-0.00028739969425406464,35.099998474121094,0.0,-0.0060177423257743445
2021-04-29,420.05999755859375,0.0,0.006372792767143753,35.150001525878906,0.0,0.0014245884310986057
2021-04-30,417.29998779296875,0.0,-0.006570513216365037,,,
2021-05-03,418.20001220703125,0.0,0.0021567803508037997,34.5625,0.0,-0.01671412518848292
2021-05-04,415.6199951171875,0.0,-0.006169337672248809,34.26250076293945,0.0,-0.008679905593071857
2021-05-05,415.75,0.0,0.00031279746965928723,33.9375,0.0,-0.009485611257278537
2021-05-06,419.07000732421875,0.0,0.007985585867032574,34.23749923706055,0.0,0.008839756524804399
2021-05-07,422.1199951171875,0.0,0.007277991122397465,34.849998474121094,0.0,0.01788971889621971
2021-05-10,417.94000244140625,0.0,-0.009902380186043613,34.61249923706055,0.0,-0.006814899496678906
2021-05-11,414.2099914550781,0.0,-0.008924752271950998,33.3125,0.0,-0.037558664231579164
2021-05-12,405.4100036621094,0.0,-0.021245233032779476,32.349998474121094,0.0,-0.028893103966346145
2021-05-13,410.2799987792969,0.0,0.01201251837200945,31.875,0.0,-0.014683106538662671
2021-05-14,416.5799865722656,0.0,0.015355337359152399,32.23749923706055,0.0,0.01137252508425246
2021-05-17,415.5199890136719,0.0,-0.002544523483510863,31.625,0.0,-0.01899958903624921
2021-05-18,411.94000244140625,0.0,-0.00861567834742083,33.07500076293945,0.0,0.045849826496109136
2021-05-19,410.8599853515625,0.0,-0.0026217825009537954,32.849998474121094,0.0,-0.006802790132373171
2021-05-20,415.2799987792969,0.0,0.010757955472233016,32.625,0.0,-0.006849268936750308
2021-05-21,414.94000244140625,0.0,-0.0008187158998508304,33.087501525878906,0.0,0.014176291980962707
2021-05-24,419.1700134277344,0.0,0.010194271368004548,33.037498474121094,0.0,-0.0015112368553636957
2021-05-25,418.239990234375,0.0,-0.00221872548981783,33.599998474121094,0.0,0.017026107483307795
2021-05-26,419.07000732421875,0.0,0.0019845474111135353,33.625,0.0,0.0007440930659019518
2021-05-27,419.2900085449219,0.0,0.000524974865435679,33.38750076293945,0.0,-0.007063174336373157
2021-05-28,420.0400085449219,0.0,0.001788738068438045,33.95000076293945,0.0,0.016847622228267634
2021-05-31,,,,34.275001525878906,0.0,0.009572923582795045
2021-06-01,419.6700134277344,0.0,-0.0008808568461590172,34.42499923706055,0.0,0.004376300641982134
2021-06-02,420.3299865722656,0.0,0.0015726001939970757,34.42499923706055,0.0,0.0
2021-06-03,418.7699890136719,0.0,-0.0037113639483952188,34.400001525878906,0.0,-0.0007261499414857875
2021-06-04,422.6000061035156,0.0,0.00914587289042501,34.23749923706055,0.0,-0.004723903535181817
2021-06-07,422.19000244140625,0.0,-0.0009701932233501243,34.32500076293945,0.0,0.002555721878897854
2021-06-08,422.2799987792969,0.0,0.00021316548797978285,34.125,0.0,-0.005826679052994943
2021-06-09,421.6499938964844,0.0,-0.0014919126755557066,33.875,0.0,-0.0073260073260073
2021-06-10,423.6099853515625,0.0,0.004648384877148359,34.400001525878906,0.0,0.015498200025945597
2021-06-11,424.30999755859375,0.0,0.0016524922245406692,34.525001525878906,0.0,0.0036337207690517737
2021-06-14,425.260009765625,0.0,0.002238957866883773,,,
2021-06-15,424.4800109863281,0.0,-0.0018341691233246804,34.712501525878906,0.0,0.005430846972141579
2021-06-16,422.1099853515625,0.0,-0.005583362168830042,34.67499923706055,0.0,-0.0010803683736362313
2021-06-17,421.9700012207031,0.0,-0.00033162951770204785,34.57500076293945,0.0,-0.0028838781923956613
2021-06-18,414.9200134277344,1.376,-0.013446424571781593,34.5,0.0,-0.0021692194153136724
2021-06-21,420.8599853515625,0.0,0.0143159445955785,33.67499923706055,0.0,-0.02391306559244788
2021-06-22,423.1099853515625,0.0,0.0053461960706966405,33.712501525878906,0.0,0.0011136537392133494
2021-06-23,422.6000061035156,0.0,-0.001205311303686507,34.26250076293945,0.0,0.016314400064271428
2021-06-24,425.1000061035156,0.0,0.005915759498090534,34.17499923706055,0.0,-0.0025538569552854273
2021-06-25,426.6099853515625,0.0,0.0035520565193292164,34.23749923706055,0.0,0.0018288222793059195
2021-06-28,427.4700012207031,0.0,0.0020159300032134286,34.29999923706055,0.0,0.0018254837938731505
2021-06-29,427.70001220703125,0.0,0.0005380751530430494,34.400001525878906,0.0,0.0029155186892921847
2021-06-30,428.05999755859375,0.0,0.0008416772066590639,34.73749923706055,0.0,0.0098109795410255
2021-07-01,430.42999267578125,0.0,0.00553659564244402,34.57500076293945,0.0,-0.004677897882405135
2021-07-02,433.7200012207031,0.0,0.007643539253548326,34.57500076293945,0.0,0.0
2021-07-05,,,,34.900001525878906,0.0,0.0093998772456374
2021-07-06,432.92999267578125,0.0,-0.00182147132412247,34.9375,0.0,0.0010744547988998931
2021-07-07,434.4599914550781,0.0,0.003534055863952723,34.75,0.0,-0.00536672629695889
2021-07-08,430.9200134277344,0.0,-0.008147995435639044,34.712501525878906,0.0,-0.0010790927804631423
2021-07-09,435.5199890136719,0.0,0.010674778247933281,34.4375,0.0,-0.007922261830478727
2021-07-12,437.0799865722656,0.0,0.003581919539736189,34.75,0.0,0.00907441016333932
2021-07-13,435.5899963378906,0.0,-0.0034089646750015135,35.037498474121094,0.0,0.008273337384779644
2021-07-14,436.239990234375,0.0,0.0014922149313552069,35.125,0.0,0.0024973679540374327
2021-07-15,434.75,0.0,-0.0034155287633637066,35.45000076293945,0.0,0.00925269075984203
2021-07-16,431.3399963378906,0.0,-0.007843596692603483,34.974998474121094,0.0,-0.013399218013979364
2021-07-19,424.9700012207031,0.0,-0.014767921294730924,34.57500076293945,0.0,-0.011436675586350864
2021-07-20,431.05999755859375,0.0,0.014330414665499891,34.29999923706055,0.0,-0.007953767745789264
2021-07-21,434.54998779296875,0.0,0.008096298088761111,34.17499923706055,0.0875,-0.0010932944849596604
2021-07-22,435.4599914550781,0.0,0.00209412884057647,34.412498474121094,0.0,0.006949502336871971
2021-07-23,439.94000244140625,0.0,0.010287996771777497,34.412498474121094,0.0,0.0
2021-07-26,441.0199890136719,0.0,0.002454849675574744,34.11249923706055,0.0,-0.008717740657108952
2021-07-27,439.010009765625,0.0,-0.00455756949371422,34.099998474121094,0.0,-0.0003664569650139171
2021-07-28,438.8299865722656,0.0,-0.0004100662612578354,33.5625,0.0,-0.01576241930125033
2021-07-29,440.6499938964844,0.0,0.00414740874577646,34.125,0.0,0.016759776536312776
2021-07-30,438.510009765625,0.0,-0.004856426098946209,34.01250076293945,0.0,-0.0032966809395031937
2021-08-02,437.5899963378906,0.0,-0.0020980443028566498,34.474998474121094,0.0,0.013597874334650095
2021-08-03,441.1499938964844,0.0,0.008135463763766726,34.61249923706055,0.0,0.003988419696165257
2021-08-04,438.9800109863281,0.0,-0.004918923133127029,34.8125,0.0,0.005778281469062785
2021-08-05,441.760009765625,0.0,0.006332859605726826,34.75,0.0,-0.0017953321364452268
2021-08-06,442.489990234375,0.0,0.0016524367362660275,34.70000076293945,0.0,-0.001438826965771134
2021-08-09,442.1300048828125,0.0,-0.0008135446213638486,34.599998474121094,0.0,-0.0028819102772229543
2021-08-10,442.67999267578125,0.0,0.001243950392180615,34.412498474121094,0.0,-0.005419075383492844
2021-08-11,443.7799987792969,0.0,0.002484878742467389,34.29999923706055,0.0,-0.003269138889904988
2021-08-12,445.1099853515625,0.0,0.0029969502364324274,34.23749923706055,0.0,-0.0018221574749328617
2021-08-13,445.9200134277344,0.0,0.0018198380239258238,33.912498474121094,0.0,-0.009492538011878326
2021-08-16,446.9700012207031,0.0,0.002354655008411921,33.837501525878906,0.0,-0.0022114840137602565
2021-08-17,444.0400085449219,0.0,-0.00655523338877162,33.587501525878906,0.0,-0.007388252345073454
2021-08-18,439.17999267578125,0.0,-0.01094499544098837,33.724998474121094,0.0,0.004093693844308355
2021-08-19,439.8599853515625,0.0,0.0015483234371362897,32.95000076293945,0.0,-0.022979918346811345
2021-08-20,443.3599853515625,0.0,0.00795707751684338,32.6875,0.0,-0.007966639054973856
2021-08-23,447.260009765625,0.0,0.008796518727259395,33.587501525878906,0.0,0.02753350748386718
2021-08-24,447.9700012207031,0.0,0.0015874244054374653,33.6875,0.0,0.002977252536752184
2021-08-25,448.9100036621094,0.0,0.0020983602447592897,34.01250076293945,0.0,0.0096475180093345
2021-08-26,446.260009765625,0.0,-0.005903174076911433,34.25,0.0,0.00698270435084658
2021-08-27,450.25,0.0,0.008940954033659798,34.537498474121094,0.0,0.008394116032732768
2021-08-30,452.2300109863281,0.0,0.004397581313332788,34.875,0.0,0.009772031582767848
2021-08-31,451.55999755859375,0.0,-0.0014815766566952382,35.087501525878906,0.0,0.006093233716957913
2021-09-01,451.79998779296875,0.0,0.0005314692082392103,35.25,0.0,0.004631235256270516
2021-09-02,453.19000244140625,0.0,0.0030766150641741152,34.974998474121094,0.0,-0.0078014617270611986
2021-09-03,453.0799865722656,0.0,-0.0002427588175996087,35.474998474121094,0.0,0.014295926284884963
2021-09-06,,,,35.63750076293945,0.0,0.004580755343426057
2021-09-07,451.4599914550781,0.0,-0.003575516829695813,35.474998474121094,0.0,-0.004559867705070664
2021-09-08,450.9100036621094,0.0,-0.0012182425981892564,35.162498474121094,0.0,-0.008809020815828017
2021-09-09,448.9800109863281,0.0,-0.004280217028024724,35.07500076293945,0.0,-0.002488381513789162
2021-09-10,445.44000244140625,0.0,-0.007884557125706126,35.48749923706055,0.0,0.011760469426901343
2021-09-13,446.5799865722656,0.0,0.0025592316015876637,35.36249923706055,0.0,-0.003522367106371327
2021-09-14,444.1700134277344,0.0,-0.005396509510041114,35.400001525878906,0.0,0.0010605101343927892
2021-09-15,447.8800048828125,0.0,0.008352638275707758,35.1875,0.0,-0.0060028677039337675
2021-09-16,447.1700134277344,0.0,-0.0015852269521696716,35.025001525878906,0.0,-0.004618073864897876
2021-09-17,441.3999938964844,1.428,-0.009709997094766547,35.125,0.0,0.002855059807697957
2021-09-20,434.0400085449219,0.0,-0.016674185440266553,,,
2021-09-21,433.6300048828125,0.0,-0.0009446218183523092,,,
2021-09-22,437.8599853515625,0.0,0.00975481498309394,34.29999923706055,0.0,-0.023487566204681953
2021-09-23,443.17999267578125,0.0,0.012150019417616509,34.5,0.0,0.0058309261629183595
2021-09-24,443.9100036621094,0.0,0.0016472110618543923,34.912498474121094,0.0,0.011956477510756347
2021-09-27,442.6400146484375,0.0,-0.002860915508086981,35.0,0.0,0.002506309479505253
2021-09-28,433.7200012207031,0.0,-0.02015184604315312,34.75,0.0,-0.0071428571428571175
2021-09-29,434.45001220703125,0.0,0.001683138855191224,34.0,0.0,-0.021582733812949617
2021-09-30,429.1400146484375,0.0,-0.01222234413487222,34.26250076293945,0.0,0.007720610674689876
2021-10-01,434.239990234375,0.0,0.0118841762871158,33.48749923706055,0.0,-0.022619525972172982
2021-10-04,428.6400146484375,0.0,-0.01289603839322806,33.287498474121094,0.0,-0.00597240067177407
2021-10-05,433.1000061035156,0.0,0.010404981575824479,33.23749923706055,0.0,-0.0015020424889968798
2021-10-06,434.8999938964844,0.0,0.004156055801436631,33.25,0.0,0.00037610419635636383
2021-10-07,438.6600036621094,0.0,0.008645688246479821,33.837501525878906,0.0,0.01766921882342576
2021-10-08,437.8599853515625,0.0,-0.001823777649815339,33.54999923706055,0.0,-0.00849655783830483
2021-10-11,434.69000244140625,0.0,-0.007239718211772717,,,
2021-10-12,433.6199951171875,0.0,-0.0024615411401438525,33.212501525878906,0.0,-0.010059544526273112
2021-10-13,435.17999267578125,0.0,0.00359761444619755,33.099998474121094,0.0,-0.00338737061615646
2021-10-14,442.5,0.0,0.01682064306130071,33.1875,0.0,0.002643550752647883
2021-10-15,445.8699951171875,0.0,0.007615808174435079,34.0625,0.0,0.026365348399246757
2021-10-18,447.19000244140625,0.0,0.0029605206420579844,33.962501525878906,0.0,-0.0029357350200688304
2021-10-19,450.6400146484375,0.0,0.007714868821297793,34.23749923706055,0.0,0.008097098235596567
2021-10-20,452.4100036621094,0.0,0.003927722696912994,34.150001525878906,0.0,-0.0025556104602093566
2021-10-21,453.5899963378906,0.0,0.0026082373648450563,34.025001525878906,0.0,-0.003660321944796263
2021-10-22,453.1199951171875,0.0,-0.001036180745822679,34.125,0.0,0.002938970452214029
2021-10-25,455.54998779296875,0.0,0.005362801690428132,34.099998474121094,0.0,-0.0007326454470009125
2021-10-26,455.9599914550781,0.0,0.0009000190387353779,34.38750076293945,0.0,0.008431152542031528
2021-10-27,453.94000244140625,0.0,-0.004430189164679965,34.38750076293945,0.0,0.0
2021-10-28,458.32000732421875,0.0,0.00964886297584644,34.287498474121094,0.0,-0.0029080999374672123
2021-10-29,459.25,0.0,0.0020291339259019825,33.95000076293945,0.0,-0.009843171015709196
2021-11-01,460.0400085449219,0.0,0.0017202145779464662,34.125,0.0,0.005154616586977578
2021-11-02,461.8999938964844,0.0,0.004043094767878008,34.0625,0.0,-0.001831501831501825
2021-11-03,464.7200012207031,0.0,0.006105233516956243,34.150001525878906,0.0,0.002568852135894417
2021-11-04,466.9100036621094,0.0,0.004712520303954415,34.037498474121094,0.0,-0.003294379113645385
2021-11-05,468.5299987792969,0.0,0.0034696089278050124,34.525001525878906,0.0,0.014322528787726885
2021-11-08,468.92999267578125,0.0,0.0008537209944432522,34.79999923706055,0.0,0.00796517593128887
2021-11-09,467.3800048828125,0.0,-0.003305371414023428,35.17499923706055,0.0,0.010775862305210548
2021-11-10,463.6199951171875,0.0,-0.008044866546158214,35.125,0.0,-0.001421442449041077
2021-11-11,463.7699890136719,0.0,0.0003235276693500655,34.8125,0.0,-0.008896797153024938
2021-11-12,467.2699890136719,0.0,0.007546844519723317,34.92499923706055,0.0,0.003231575929925956
2021-11-15,467.42999267578125,0.0,0.00034242229518555156,35.23749923706055,0.0,0.008947745363681925
2021-11-16,469.2799987792969,0.0,0.003957824984497371,35.29999923706055,0.0,0.0017736786478386168
2021-11-17,468.1400146484375,0.0,-0.002429219514628267,35.412498474121094,0.0,0.0031869472943908406
2021-11-18,469.7300109863281,0.0,0.0033964119454403807,35.61249923706055,0.0,0.005647745049268682
2021-11-19,468.8900146484375,0.0,-0.0017882535035962377,35.70000076293945,0.0,0.0024570453563632633
2021-11-22,467.57000732421875,0.0,-0.0028151747381706116,35.61249923706055,0.0,-0.002451023081482484
2021-11-23,468.19000244140625,0.0,0.0013259941986774049,35.275001525878906,0.0,-0.009476945409953696
2021-11-24,469.44000244140625,0.0,0.00266985624101701,35.125,0.0,-0.004252346403694984
2021-11-25,,,,35.11249923706055,0.0,-0.0003558936068172036
2021-11-26,458.9700012207031,0.0,-0.022303172218498646,34.537498474121094,0.0,-0.016375956580514495
2021-11-29,464.6000061035156,0.0,0.012266607551340236,34.537498474121094,0.0,0.0
2021-11-30,455.55999755859375,0.0,-0.019457616070086114,34.5,0.0,-0.0010857321976920353
2021-12-01,450.5,0.0,-0.011107203410551714,35.07500076293945,0.0,0.016666688780853756
2021-12-02,457.3999938964844,0.0,0.015316301657013032,35.45000076293945,0.0,0.010691375391108426
2021-12-03,453.4200134277344,0.0,-0.008701312903057756,35.4375,0.0,-0.00035263082286085545
2021-12-06,458.7900085449219,0.0,0.01184331295081531,35.337501525878906,0.0,-0.002821826430224883
2021-12-07,468.2799987792969,0.0,0.020684823247291373,35.45000076293945,0.0,0.0031835651136276066
2021-12-08,469.5199890136719,0.0,0.0026479675356780863,35.587501525878906,0.0,0.0038787238358313214
2021-12-09,466.3500061035156,0.0,-0.006751539837133391,35.5,0.0,-0.0024587712575235843
2021-12-10,470.739990234375,0.0,0.009413496458462456,35.48749923706055,0.0,-0.00035213416730850433
2021-12-13,466.57000732421875,0.0,-0.008858357047762389,35.375,0.0,-0.0031701088969114943
2021-12-14,463.3599853515625,0.0,-0.006880043556733884,35.025001525878906,0.0,-0.009893949798476132
2021-12-15,470.6000061035156,0.0,0.015625045279773042,35.07500076293945,0.0,0.0014275299038488676
2021-12-16,466.45001220703125,0.0,-0.00881851645274212,35.51250076293945,0.0,0.012473271289626497
2021-12-17,459.8699951171875,1.633,-0.010605674692635807,35.474998474121094,0.0,-0.0010560306374564066
2021-12-20,454.9800109863281,0.0,-0.010633405490204417,35.162498474121094,0.0,-0.008809020815828017
2021-12-21,463.05999755859375,0.0,0.017758992432985066,35.462501525878906,0.0,0.008531903726312517
2021-12-22,467.69000244140625,0.0,0.009998714868965974,35.462501525878906,0.0,0.0
2021-12-23,470.6000061035156,0.0,0.006222077972414919,35.662498474121094,0.0,0.005639674011610252
2021-12-24,,,,35.76250076293945,0.0,0.002804130195502852
2021-12-27,477.260009765625,0.0,0.014152153794584565,36.037498474121094,0.0,0.007689554849772184
2021-12-28,476.8699951171875,0.0,-0.0008171953242616103,36.32500076293945,0.0,0.007977864751761876
2021-12-29,477.4800109863281,0.0,0.0012792079086265673,36.48749923706055,0.0,0.0044734609967822525
2021-12-30,476.1600036621094,0.0,-0.0027645289726202504,36.375,0.0,-0.0030832268424216824
2021-12-31,474.9599914550781,0.0,-0.0025201869073463445,,,
2022-01-03,477.7099914550781,0.0,0.005789961364061735,36.599998474121094,0.0,0.006185525061748187
2022-01-04,477.54998779296875,0.0,-0.00033493890638969237,37.400001525878906,0.0,0.021858007789903988
2022-01-05,468.3800048828125,0.0,-0.019202142486770768,37.32500076293945,0.0,-0.002005367911216749
2022-01-06,467.94000244140625,0.0,-0.0009394133755055156,36.974998474121094,0.0,-0.009377154230787887
2022-01-07,466.0899963378906,0.0,-0.003953511334494841,36.650001525878906,0.0,-0.008789640612687388
2022-01-10,465.510009765625,0.0,-0.001244366059822366,36.88750076293945,0.0,0.006480197194339787
2022-01-11,469.75,0.0,0.009108268663244656,37.07500076293945,0.0,0.005083022599036591
2022-01-12,471.0199890136719,0.0,0.002703542338843734,37.38750076293945,0.0,0.008428860244620084
2022-01-13,464.5299987792969,0.0,-0.013778587715492119,37.57500076293945,0.0,0.005015045033067933
2022-01-14,464.7200012207031,0.0,0.0004090208208415991,37.57500076293945,0.0,0.0
2022-01-17,,,,38.0,0.0,0.01131069137541374
2022-01-18,456.489990234375,0.0,-0.017709612163689825,37.57500076293945,0.0,-0.011184190448961795
2022-01-19,451.75,0.0,-0.010383557878106742,37.125,0.0,-0.011976067965467463
2022-01-20,446.75,0.0,-0.011068068622025473,37.275001525878906,0.0,0.004040445141519466
2022-01-21,437.9800109863281,0.0,-0.01963064132886827,35.662498474121094,0.8,-0.02179753235405548
2022-01-24,439.8399963378906,0.0,0.004246735706896265,36.0,0.0,0.009463765589049267
2022-01-25,434.4700012207031,0.0,-0.012208974085799573,35.412498474121094,0.0,-0.016319486829969643
2022-01-26,433.3800048828125,0.0,-0.0025087953939929575,35.38750076293945,0.0,-0.0007059008050479543
2022-01-27,431.239990234375,0.0,-0.004937963506221665,,,
2022-01-28,441.95001220703125,0.0,0.024835410015744186,,,
2022-01-31,449.9100036621094,0.0,0.018011067394991365,,,
2022-02-01,452.95001220703125,0.0,0.006756925874457753,,,
2022-02-02,457.3500061035156,0.0,0.00971408274181318,,,
2022-02-03,446.6000061035156,0.0,-0.02350497399483331,,,
2022-02-04,448.70001220703125,0.0,0.004702207959730531,,,
2022-02-07,447.260009765625,0.0,-0.0032092765817484104,35.57500076293945,0.0,0.0052984809878511285
2022-02-08,450.94000244140625,0.0,0.00822785984758534,35.724998474121094,0.0,0.004216379703859463
2022-02-09,457.5400085449219,0.0,0.014636106949445393,35.849998474121094,0.0,0.003498950464351891
2022-02-10,449.32000732421875,0.0,-0.017965644680657644,36.26250076293945,0.0,0.011506340484676247
2022-02-11,440.4599914550781,0.0,-0.019718721011119933,36.23749923706055,0.0,-0.0006894595064568243
2022-02-14,439.0199890136719,0.0,-0.003269314964678527,35.67499923706055,0.0,-0.015522594324740902
2022-02-15,446.1000061035156,0.0,0.01612686726577106,35.51250076293945,0.0,-0.004554967837316237
2022-02-16,446.6000061035156,0.0,0.0011208249118113134,36.099998474121094,0.0,0.016543405802464495
2022-02-17,437.05999755859375,0.0,-0.02136141606480546,36.125,0.0,0.0006925630730103549
2022-02-18,434.2300109863281,0.0,-0.006475052825868022,36.025001525878906,0.0,-0.0027681238511029216
2022-02-21,,,,35.95000076293945,0.0,-0.0020819086679448873
2022-02-22,429.57000732421875,0.0,-0.010731648076383382,35.462501525878906,0.0,-0.013560479185388608
2022-02-23,421.95001220703125,0.0,-0.01773865723226875,35.5625,0.0,0.002819837005805015
2022-02-24,428.29998779296875,0.0,0.01504911814725074,34.70000076293945,0.0,-0.024253054117695516
2022-02-25,437.75,0.0,0.0220640029800776,34.625,0.0,-0.0021614052245081394
2022-02-28,436.6300048828125,0.0,-0.0025585268239577408,,,
2022-03-01,429.9800109863281,0.0,-0.015230272363598085,35.11249923706055,0.0,0.014079400348319115
2022-03-02,437.8900146484375,0.0,0.018396212521518462,34.912498474121094,0.0,-0.005695999068284996
2022-03-03,435.7099914550781,0.0,-0.004978472037343917,34.98749923706055,0.0,0.002148249658930901
2022-03-04,432.1700134277344,0.0,-0.008124619808514866,34.61249923706055,0.0,-0.010718113845724075
2022-03-07,419.42999267578125,0.0,-0.029479187255280204,33.5,0.0,-0.03214154601899888
2022-03-08,416.25,0.0,-0.007581700715998618,32.787498474121094,0.0,-0.02126870226504196
2022-03-09,427.4100036621094,0.0,0.026810819608671155,33.125,0.0,0.010293604013288604
2022-03-10,425.4800109863281,0.0,-0.004515553354495161,34.087501525878906,0.0,0.02905664983785372
2022-03-11,420.07000732421875,0.0,-0.012715059514942118,33.599998474121094,0.0,-0.014301519030008869
2022-03-14,417.0,0.0,-0.007308323066848366,33.599998474121094,0.0,0.0
2022-03-15,426.1700134277344,0.0,0.02199043987466287,32.912498474121094,0.0,-0.020461310453020243
2022-03-16,435.6199951171875,0.0,0.02217420604853415,33.04999923706055,0.0,0.004177767392760101
2022-03-17,441.07000732421875,0.0,0.01251093216133281,34.099998474121094,0.0,0.03177002303477017
2022-03-18,444.5199890136719,1.366,0.010918860066386215,34.025001525878906,0.0,-0.0021993240937856484
2022-03-21,444.3900146484375,0.0,-0.0002923926222593298,34.25,0.0,0.006612739574749504
2022-03-22,449.5899963378906,0.0,0.011701391836103525,34.20000076293945,0.0,-0.0014598317389941107
2022-03-23,443.79998779296875,0.0,-0.012878419431224142,34.525001525878906,0.0,0.009502946072786012
2022-03-24,450.489990234375,0.0,0.015074363734608909,34.5,0.0,-0.0007241571259646307
2022-03-25,452.69000244140625,0.0,0.004883598425542424,34.54999923706055,0.0,0.001449253248131832
2022-03-28,455.9100036621094,0.0,0.007113038068738753,34.17499923706055,0.0,-0.01085383526138406
2022-03-29,461.54998779296875,0.0,0.012370827763277914,34.212501525878906,0.0,0.0010973603410557864
2022-03-30,458.70001220703125,0.0,-0.006174792896356585,34.63750076293945,0.0,0.012422337394389915
2022-03-31,451.6400146484375,0.0,-0.015391317572948426,34.525001525878906,0.0,-0.0032479028389056364
2022-04-01,452.9200134277344,0.0,0.0028341128726010467,34.23749923706055,0.0,-0.008327364985135643
2022-04-04,456.79998779296875,0.0,0.008566577431344813,,,
2022-04-05,451.0299987792969,0.0,-0.01263132479829876,,,
2022-04-06,446.5199890136719,0.0,-0.00999935653466788,34.0625,0.0,-0.005111332339107211
2022-04-07,448.7699890136719,0.0,0.005038968143330047,33.45000076293945,0.0,-0.017981628977924324
2022-04-08,447.57000732421875,0.0,-0.002673934796955768,33.63750076293945,0.0,0.0056053810380698454
2022-04-11,439.9200134277344,0.0,-0.017092284494708676,33.11249923706055,0.0,-0.015607625833407135
2022-04-12,438.2900085449219,0.0,-0.003705230116974989,33.13750076293945,0.0,0.000755047986559898
2022-04-13,443.30999755859375,0.0,0.01145357848867623,33.76250076293945,0.0,0.01886080680830915
2022-04-14,437.7900085449219,0.0,-0.01245175846263713,33.63750076293945,0.0,-0.0037023323857932056
2022-04-15,,,,33.0625,0.0,-0.017094039387520965
2022-04-18,437.9700012207031,0.0,0.0004111392957082405,32.88750076293945,0.0,-0.0052929825954041165
2022-04-19,445.0400085449219,0.0,0.01614267485104759,33.0,0.0,0.0034207292877457274
2022-04-20,444.7099914550781,0.0,-0.0007415447679024467,33.162498474121094,0.0,0.004924196185487784
2022-04-21,438.05999755859375,0.0,-0.014953551807383003,33.1875,0.0,0.0007539095975659382
2022-04-22,426.0400085449219,0.0,-0.027439138658316153,32.900001525878906,0.0,-0.008662854210805038
2022-04-25,428.510009765625,0.0,0.005797580441186945,32.3125,0.0,-0.017857188408237024
2022-04-26,416.1000061035156,0.0,-0.028960825603343676,32.3125,0.0,0.0
2022-04-27,417.2699890136719,0.0,0.002811782968023202,31.637500762939453,0.0,-0.020889724938043974
2022-04-28,427.80999755859375,0.0,0.02525944549675363,31.774999618530273,0.0,0.004346071980245947
2022-04-29,412.0,0.0,-0.03695565238965315,32.1875,0.0,0.012981916173782304
2022-05-02,414.4800109863281,0.0,0.0060194441415730715,,,
2022-05-03,416.3800048828125,0.0,0.00458404228460374,31.950000762939453,0.0,-0.0073786170737257795
2022-05-04,429.05999755859375,0.0,0.030452933683378758,31.950000762939453,0.0,0.0
2022-05-05,413.80999755859375,0.0,-0.03554281472701826,32.3125,0.0,0.011345828745050524
2022-05-06,411.3399963378906,0.0,-0.0059689259207744705,31.662500381469727,0.0,-0.020116042352967822
2022-05-09,398.1700134277344,0.0,-0.03201726802014637,31.137500762939453,0.0,-0.016581116848166766
2022-05-10,399.0899963378906,0.0,0.0023105278627999493,31.0,0.0,-0.004415921624098651
2022-05-11,392.75,0.0,-0.015886131940332726,31.049999237060547,0.0,0.0016128786148563723
2022-05-12,392.3399963378906,0.0,-0.0010439303936584654,30.3125,0.0,-0.02375198889474639
2022-05-13,401.7200012207031,0.0,0.02390784770955201,30.587499618530273,0.0,0.009072152363885255
2022-05-16,400.0899963378906,0.0,-0.004057564666582247,30.75,0.0,0.005312640245078493
2022-05-17,408.32000732421875,0.0,0.020570399314302268,31.087499618530273,0.0,0.01097559735057807
2022-05-18,391.8599853515625,0.0,-0.04031157346543268,31.424999237060547,0.0,0.010856441420882268
2022-05-19,389.4599914550781,0.0,-0.006124621002910446,30.825000762939453,0.0,-0.019093030666282318
2022-05-20,389.6300048828125,0.0,0.0004365363104414932,31.162500381469727,0.0,0.010948892463160886
2022-05-23,396.9200134277344,0.0,0.01871007995678986,31.225000381469727,0.0,0.0020056156994758823
2022-05-24,393.8900146484375,0.0,-0.007633776773134482,30.875,0.0,-0.011208979253605755
2022-05-25,397.3699951171875,0.0,0.008834904007038569,31.112499237060547,0.0,0.0076922829817180904
2022-05-26,405.30999755859375,0.0,0.01998138394687965,30.725000381469727,0.0,-0.012454764647426342
2022-05-27,415.260009765625,0.0,0.02454914082298898,31.375,0.0,0.021155398224902422
2022-05-30,,,,32.13750076293945,0.0,0.024302813161416914
2022-05-31,412.92999267578125,0.0,-0.005610983564631744,32.45000076293945,0.0,0.00972384263185666
2022-06-01,409.5899963378906,0.0,-0.008088529283735268,32.287498474121094,0.0,-0.005007774576201274
2022-06-02,417.3900146484375,0.0,0.019043478552421167,31.950000762939453,0.0,-0.010452891277785148
2022-06-03,410.5400085449219,0.0,-0.016411523666384986,,,
2022-06-06,411.7900085449219,0.0,0.003044770239154948,32.17499923706055,0.0,0.007042205594626427
2022-06-07,415.739990234375,0.0,0.009592223238758413,31.850000381469727,0.0,-0.010100974772253357
2022-06-08,411.2200012207031,0.0,-0.010872153557139663,32.20000076293945,0.0,0.010989022834466233
2022-06-09,401.44000244140625,0.0,-0.023782886898168987,32.099998474121094,0.0,-0.003105661069842447
2022-06-10,389.79998779296875,0.0,-0.028995652096570734,31.774999618530273,0.0,-0.010124575421797344
2022-06-13,375.0,0.0,-0.03796815868765324,30.887500762939453,0.0,-0.027930727497892938
2022-06-14,373.8699951171875,0.0,-0.003013346354166613,30.837499618530273,0.0,-0.0016188148336421238
2022-06-15,379.20001220703125,0.0,0.014256338190961504,30.6875,0.0,-0.004864195229373869
2022-06-16,366.6499938964844,0.0,-0.03309603878307621,30.625,0.0,-0.0020366598778004397
2022-06-17,365.8599853515625,1.577,0.0021464379331213434,30.212499618530273,0.0,-0.013469400211256422
2022-06-20,,,,29.9375,0.0,-0.009102180289697337
2022-06-21,375.07000732421875,0.0,0.025173624723693555,30.549999237060547,0.0,0.020459264703483804
2022-06-22,374.3900146484375,0.0,-0.0018129753446093355,29.875,0.0,-0.02209490192856367
2022-06-23,378.05999755859375,0.0,0.0098025662185528,29.475000381469727,0.0,-0.013389108570051045
2022-06-24,390.0799865722656,0.0,0.03179386629448655,29.537500381469727,0.0,0.0021204410242956495
2022-06-27,388.5899963378906,0.0,-0.0038197043828572808,30.237499237060547,0.0,0.023698649057994237
2022-06-28,380.6499938964844,0.0,-0.02043285343481205,29.950000762939453,0.0,-0.009508010959078272
2022-06-29,380.3399963378906,0.0,-0.000814390026440015,29.700000762939453,0.0,-0.008347245196379194
2022-06-30,377.25,0.0,-0.008124300277758567,28.950000762939453,0.0,-0.025252524603833426
2022-07-01,381.239990234375,0.0,0.010576514869118592,27.887500762939453,0.0,-0.03670120801378929
2022-07-04,,,,27.612499237060547,0.0,-0.009861103302751473
2022-07-05,381.9599914550781,0.0,0.00188857737683934,27.75,0.0,0.0049796565591173625
2022-07-06,383.25,0.0,0.0033773394433473936,27.212499618530273,0.0,-0.019369383116026206
2022-07-07,388.989990234375,0.0,0.014977143468688947,28.024999618530273,0.0,0.0298576026234183
2022-07-08,388.6700134277344,0.0,-0.0008225836516971841,28.3125,0.0,0.010258711342840732
2022-07-11,384.2300109863281,0.0,-0.0114235785834087,28.0625,0.0,-0.008830022075055233
2022-07-12,380.8299865722656,0.0,-0.008848929851508869,27.387500762939453,0.0,-0.024053424928660916
2022-07-13,378.8299865722656,0.0,-0.005251687289652196,28.362499237060547,0.0,0.03560012585889005
2022-07-14,377.9100036621094,0.0,-0.0024284849213771498,28.5,0.0,0.0048479776690406595
2022-07-15,385.1300048828125,0.0,0.019105080973613298,28.875,0.0,0.013157894736842035
2022-07-18,381.95001220703125,0.0,-0.008256933075751594,28.549999237060547,0.45,0.004328977906858817
2022-07-19,392.2699890136719,0.0,0.027019181769385003,28.575000762939453,0.0,0.0008757102118046589
2022-07-20,394.7699890136719,0.0,0.006373161521445958,28.762500762939453,0.0,0.00656167961483245
2022-07-21,398.7900085449219,0.0,0.010183194374258298,29.087499618530273,0.0,0.011299394940289087
2022-07-22,395.0899963378906,0.0,-0.009278096561475047,29.200000762939453,0.0,0.0038676801335482125
2022-07-25,395.57000732421875,0.0,0.0012149408761987779,29.174999237060547,0.0,-0.0008562166173172736
2022-07-26,390.8900146484375,0.0,-0.01183100990754693,28.912500381469727,0.0,-0.008997390315519604
2022-07-27,401.0400085449219,0.0,0.025966367817333857,29.174999237060547,0.0,0.00907907832693211
2022-07-28,406.07000732421875,0.0,0.012542386475471679,29.225000381469727,0.0,0.0017138353287655672
2022-07-29,411.989990234375,0.0,0.014578724858715253,29.5,0.0,0.009409738749041718
2022-08-01,410.7699890136719,0.0,-0.002961239956361772,29.412500381469727,0.0,-0.0029660887637380506
2022-08-02,408.05999755859375,0.0,-0.006597345296781021,28.887500762939453,0.0575,-0.015894589459140497
2022-08-03,414.45001220703125,0.0,0.015659497835290637,29.0625,0.0,0.00605795698619449
2022-08-04,414.1700134277344,0.0,-0.0006755911956808358,29.137500762939453,0.0,0.002580671412970359
2022-08-05,413.4700012207031,0.0,-0.00169015666112049,29.875,0.0,0.025310998464171064
2022-08-08,412.989990234375,0.0,-0.0011609330420851993,29.8125,0.0,-0.0020920502092049986
2022-08-09,411.3500061035156,0.0,-0.003971002129927292,29.787500381469727,0.0,-0.0008385616278497876
2022-08-10,419.989990234375,0.0,0.021003972292843898,29.475000381469727,0.0,-0.010490977624775799
2022-08-11,419.989990234375,0.0,0.0,30.012500762939453,0.0,0.018235805751088074
2022-08-12,427.1000061035156,0.0,0.016929012677594724,30.200000762939453,0.0,0.006247396759137436
2022-08-15,428.8599853515625,0.0,0.004120766150540245,30.475000381469727,0.0,0.009105947403410086
2022-08-16,429.70001220703125,0.0,0.0019587438421893033,30.524999618530273,0.0,0.0016406640339519107
2022-08-17,426.6499938964844,0.0,-0.0070980177423810575,30.537500381469727,0.0,0.00040952540853966823
2022-08-18,427.8900146484375,0.0,0.002906412210693654,30.337499618530273,0.0,-0.006549349502777746
2022-08-19,422.1400146484375,0.0,-0.013438032679318979,30.387500762939453,0.0,0.001648163000837366
2022-08-22,413.3500061035156,0.0,-0.020822495475209313,30.012500762939453,0.0,-0.012340600266059099
2022-08-23,412.3500061035156,0.0,-0.0024192572522898637,29.549999237060547,0.0,-0.015410296180650818
2022-08-24,413.6700134277344,0.0,0.003201181774415529,29.475000381469727,0.0,-0.002538032403627266
2022-08-25,419.510009765625,0.0,0.014117523988503633,29.75,0.0,0.009329927564756257
2022-08-26,405.30999755859375,0.0,-0.033849042636585946,29.899999618530273,0.0,0.005042003984210952
2022-08-29,402.6300048828125,0.0,-0.006612204712255654,29.137500762939453,0.0,-0.02550163429160268
2022-08-30,398.2099914550781,0.0,-0.010977854044983193,29.1875,0.0,0.001715975486962229
2022-08-31,395.17999267578125,0.0,-0.00760904759879355,29.399999618530273,0.0,0.007280500849002891
2022-09-01,396.4200134277344,0.0,0.0031378631887633013,28.787500381469727,0.0,-0.02083330765332736
2022-09-02,392.239990234375,0.0,-0.010544430280438832,28.475000381469727,0.0,-0.010855405848336663
2022-09-05,,,,28.537500381469727,0.0,0.0021949077844674036
2022-09-06,390.760009765625,0.0,-0.003773150381391921,28.725000381469727,0.0,0.006570302146075457
2022-09-07,397.7799987792969,0.0,0.017964962734754897,28.049999237060547,0.0,-0.023498734045086955
2022-09-08,400.3800048828125,0.0,0.006536291697658347,28.25,0.0,0.007130152170385928
2022-09-09,406.6000061035156,0.0,0.01553524437995768,,,
2022-09-12,410.9700012207031,0.0,0.010747651381183054,28.850000381469727,0.0,0.02123895155645039
2022-09-13,393.1000061035156,0.0,-0.043482480629019826,29.0,0.0,0.005199293467830213
2022-09-14,394.6000061035156,0.0,0.003815822886568565,28.412500381469727,0.0,-0.020258607535526663
2022-09-15,390.1199951171875,0.0,-0.011353296799374357,28.462499618530273,0.0,0.0017597619494678085
2022-09-16,385.55999755859375,1.596,-0.007597656094770049,28.137500762939453,0.0,-0.011418493103087513
2022-09-19,388.54998779296875,0.0,0.007754928554071894,28.012500762939453,0.0,-0.004442469892871226
2022-09-20,384.0899963378906,0.0,-0.011478552554876287,28.262500762939453,0.0,0.008924586994773165
2022-09-21,377.3900146484375,0.0,-0.017443780763191308,28.024999618530273,0.0,-0.00840340160983255
2022-09-22,374.2200012207031,0.0,-0.008399833871300055,27.6875,0.0,-0.012042805463844397
2022-09-23,367.95001220703125,0.0,-0.016754820675589754,27.424999237060547,0.0,-0.009480840196458784
2022-09-26,364.30999755859375,0.0,-0.009892687940418976,26.912500381469727,0.0,-0.018687287870486347
2022-09-27,363.3800048828125,0.0,-0.0025527509044867003,26.875,0.0,-0.001393418706481353
2022-09-28,370.5299987792969,0.0,0.019676354781243965,26.3125,0.0,-0.020930232558139528
2022-09-29,362.7900085449219,0.0,-0.020888970555351105,26.225000381469727,0.0,-0.0033254011792978044
2022-09-30,357.17999267578125,0.0,-0.015463534653672784,25.862499237060547,0.0,-0.013822731711581548
2022-10-03,366.6099853515625,0.0,0.02640123430525132,25.549999237060547,0.0,-0.012083132304251287
2022-10-04,377.9700012207031,0.0,0.030986651545366062,26.200000762939453,0.0,0.025440373592499732
2022-10-05,377.0899963378906,0.0,-0.0023282400189708063,26.8125,0.0,0.023377832794834852
2022-10-06,373.20001220703125,0.0,-0.010315797736977772,27.0,0.0,0.006993006993007089
2022-10-07,362.7900085449219,0.0,-0.027893899575583303,26.549999237060547,0.0,-0.016666694923683445
2022-10-10,360.0199890136719,0.0,-0.00763532474987394,,,
2022-10-11,357.739990234375,0.0,-0.006332978303630554,25.174999237060547,0.0,-0.051789078701014346
2022-10-12,356.55999755859375,0.0,-0.0032984645496528797,25.049999237060547,0.0,-0.004965243447395462
2022-10-13,365.9700012207031,0.0,0.026391080677980572,24.75,0.0,-0.011976017812276418
2022-10-14,357.6300048828125,0.0,-0.022788743093893893,25.462499618530273,0.0,0.02878786337496053
2022-10-17,366.82000732421875,0.0,0.0256969558368505,24.987499237060547,0.0,-0.01865489989537583
2022-10-18,371.1300048828125,0.0,0.011749625081884707,25.274999618530273,0.0,0.011505768494164403
2022-10-19,368.5,0.0,-0.007086478722309053,24.9375,0.0,-0.013353100835769571
2022-10-20,365.4100036621094,0.0,-0.008385336059404724,24.799999237060547,0.0,-0.005513815055216198
2022-10-21,374.2900085449219,0.0,0.02430148270112431,24.725000381469727,0.0,-0.0030241474958896397
2022-10-24,378.8699951171875,0.0,0.012236464954195947,24.649999618530273,0.0,-0.003033397847615915
2022-10-25,384.9200134277344,0.0,0.015968586556123432,24.174999237060547,0.0,-0.01926979264992168
2022-10-26,382.0199890136719,0.0,-0.007534096209333541,24.399999618530273,0.0,0.009307151543765046
2022-10-27,379.9800109863281,0.0,-0.00533997718970336,24.75,0.0,0.014344278153345602
2022-10-28,389.0199890136719,0.0,0.023790667313994707,24.4375,0.0,-0.012626262626262652
2022-10-31,386.2099914550781,0.0,-0.007223272936998093,24.762500762939453,0.0,0.013299263956601637
2022-11-01,384.5199890136719,0.0,-0.004375864112264538,24.899999618530273,0.0,0.0055527047492960335
2022-11-02,374.8699951171875,0.0,-0.025096208707478307,25.0,0.0,0.004016079638624159
2022-11-03,371.010009765625,0.0,-0.010296863984421645,24.674999237060547,0.0,-0.013000030517578143
2022-11-04,376.3500061035156,0.0,0.014393132792465568,24.712499618530273,0.0,0.0015197723456623624
2022-11-07,379.95001220703125,0.0,0.009565580032235843,25.137500762939453,0.0,0.017197820980055845
2022-11-08,382.0,0.0,0.005395414467974202,25.399999618530273,0.0,0.010442520044706471
2022-11-09,374.1300048828125,0.0,-0.02060208145860598,26.125,0.0,0.028543322533785
2022-11-10,394.69000244140625,0.0,0.054954153075837064,25.875,0.0,-0.009569377990430672
2022-11-11,398.510009765625,0.0,0.009678500343534457,27.25,0.0,0.0531400966183575
2022-11-14,395.1199951171875,0.0,-0.00850672396016161,27.5,0.0,0.00917431192660545
2022-11-15,398.489990234375,0.0,0.008529042212070292,28.674999237060547,0.0,0.04272724498401992
2022-11-16,395.45001220703125,0.0,-0.007628743762310708,28.625,0.0,-0.001743652602993806
2022-11-17,394.239990234375,0.0,-0.0030598607543417256,28.637500762939453,0.0,0.00043670787561400637
2022-11-18,396.0299987792969,0.0,0.004540403280391958,28.5625,0.0,-0.0026189702642108736
2022-11-21,394.5899963378906,0.0,-0.0036360943510462818,28.462499618530273,0.0,-0.0035011074475177484
2022-11-22,399.8999938964844,0.0,0.01345699994392846,28.700000762939453,0.0,0.008344353011587202
2022-11-23,402.4200134277344,0.0,0.006301624330362854,28.899999618530273,0.0,0.006968601054850199
2022-11-24,,,,29.174999237060547,0.0,0.00951555786021352
2022-11-25,402.3299865722656,0.0,-0.0002237136634978265,29.174999237060547,0.0,0.0
2022-11-28,395.9100036621094,0.0,-0.015957008238070003,28.587499618530273,0.0,-0.02013709113602935
2022-11-29,395.2300109863281,0.0,-0.0017175435565947028,28.850000381469727,0.0,0.009182361746995937
2022-11-30,407.67999267578125,0.0,0.03150059798946736,29.087499618530273,0.0,0.008232209148014258
2022-12-01,407.3800048828125,0.0,-0.0007358413421266752,29.587499618530273,0.0,0.017189514621651192
2022-12-02,406.9100036621094,0.0,-0.0011537169597666264,29.325000762939453,0.0,-0.00887195129616225
2022-12-05,399.5899963378906,0.0,-0.017989253786685366,29.362499237060547,0.0,0.0012787203118673762
2022-12-06,393.8299865722656,0.0,-0.014414799715742554,28.825000762939453,0.0,-0.01830561049253865
2022-12-07,393.1600036621094,0.0,-0.0017011983165312605,28.649999618530273,0.0,-0.006071158361743434
2022-12-08,396.239990234375,0.0,0.007833926502128774,28.3125,0.0,-0.011780091554067118
2022-12-09,393.2799987792969,0.0,-0.007470198687737906,28.75,0.0,0.015452538631346657
2022-12-12,398.95001220703125,0.0,0.014417243300787197,28.475000381469727,0.0,-0.00956520412279216
2022-12-13,401.9700012207031,0.0,0.007569843141412624,28.350000381469727,0.0,-0.004389815568934807
2022-12-14,399.3999938964844,0.0,-0.006393530155021865,28.700000762939453,0.0,0.01234569230194782
2022-12-15,389.6300048828125,0.0,-0.024461665405543398,28.725000381469727,0.0,0.0008710668245888176
2022-12-16,383.2699890136719,1.781,-0.011752215721984368,28.25,0.0,-0.01653613142425392
2022-12-19,380.0199890136719,0.0,-0.008479662100243535,28.087499618530273,0.0,-0.00575222589273372
2022-12-20,380.5400085449219,0.0,0.001368400469142994,27.575000762939453,0.0,-0.01824651046021586
2022-12-21,386.2300109863281,0.0,0.014952442091866303,27.6875,0.0,0.004079754630931687
2022-12-22,380.7200012207031,0.0,-0.014266135745262032,28.149999618530273,0.0,0.01670427516136419
2022-12-23,382.9100036621094,0.0,0.005752265272075174,27.674999237060547,0.0,-0.016873903655652223
2022-12-26,,,,27.774999618530273,0.0,0.0036133833505518353
2022-12-27,381.3999938964844,0.0,-0.0039435108803203,27.899999618530273,0.0,0.0045004501068148794
2022-12-28,376.6600036621094,0.0,-0.01242787181496774,27.5,0.0,-0.014336904085998858
2022-12-29,383.44000244140625,0.0,0.01800031517383771,27.375,0.0,-0.004545454545454519
2022-12-30,382.42999267578125,0.0,-0.002634075107433076,27.549999237060547,0.0,0.006392666193992591
2023-01-03,380.82000732421875,0.0,-0.004209882546862387,27.6875,0.0,0.004990953420952682
2023-01-04,383.760009765625,0.0,0.007720189025949065,27.625,0.0,-0.0022573363431150906
2023-01-05,379.3800048828125,0.0,-0.011413395797773451,27.825000762939453,0.0,0.0072398466222427516
2023-01-06,388.0799865722656,0.0,0.022932103899730993,27.950000762939453,0.0,0.004492362859751964
2023-01-09,387.8599853515625,0.0,-0.0005668965891446609,28.950000762939453,0.0,0.03577817433643715
2023-01-10,390.5799865722656,0.0,0.007012843096556365,29.0625,0.0,0.003885983906589896
2023-01-11,395.5199890136719,0.0,0.01264786371867066,29.087499618530273,0.0,0.0008602019279233541
2023-01-12,396.9599914550781,0.0,0.003640782972808232,28.962499618530273,0.0,-0.004297378655412798
2023-01-13,398.5,0.0,0.0038795056884117773,29.299999237060547,0.0,0.01165298655073066
2023-01-16,,,,29.524999618530273,0.0,0.007679194106774201
2023-01-17,397.7699890136719,0.0,-0.0018318970798698597,29.524999618530273,0.0,0.0
2023-01-18,391.489990234375,0.0,-0.015788015568668268,,,
2023-01-19,388.6400146484375,0.0,-0.007279817254666643,,,
2023-01-20,395.8800048828125,0.0,0.018629039629190602,,,
2023-01-23,400.6300048828125,0.0,0.011998585281936869,,,
2023-01-24,400.20001220703125,0.0,-0.0010732912426442143,,,
2023-01-25,400.3500061035156,0.0,0.00037479733110745705,,,
2023-01-26,404.75,0.0,0.010990368001509987,,,
2023-01-27,405.67999267578125,0.0,0.0022976965430050456,,,
2023-01-30,400.5899963378906,0.0,-0.012546826143231882,30.174999237060547,0.65,0.04403047029048492
2023-01-31,406.4800109863281,0.0,0.014703349315466685,29.575000762939453,0.0,-0.019883959877095347
2023-02-01,410.79998779296875,0.0,0.010627771821197785,29.75,0.0,0.005917133813901243
2023-02-02,416.7799987792969,0.0,0.01455698920162063,30.25,0.0,0.01680672268907557
2023-02-03,412.3500061035156,0.0,-0.010629091340170427,30.25,0.0,0.0
2023-02-06,409.8299865722656,0.0,-0.006111360480051453,29.8125,0.0,-0.01446280991735538
2023-02-07,415.19000244140625,0.0,0.013078632712971272,29.75,0.0,-0.002096436058700246
2023-02-08,410.6499938964844,0.0,-0.010934773280246723,30.212499618530273,0.0,0.015546205664883184
2023-02-09,407.0899963378906,0.0,-0.00866917718618343,30.225000381469727,0.0,0.0004137612940766644
2023-02-10,408.0400085449219,0.0,0.0023336663037101246,30.25,0.0,0.0008271172279488148
2023-02-13,412.8299865722656,0.0,0.011738991096546858,30.1875,0.0,-0.0020661157024793875
2023-02-14,412.6400146484375,0.0,-0.00046016987623753725,30.412500381469727,0.0,0.007453428785746619
2023-02-15,413.9800109863281,0.0,0.0032473737163669636,29.712499618530273,0.0,-0.02301687642118244
2023-02-16,408.2799987792969,0.0,-0.013768810222142602,30.075000762939453,0.0,0.012200291091736482
2023-02-17,407.260009765625,0.0,-0.002498258589011204,29.6875,0.0,-0.012884480568890244
2023-02-20,,,,29.75,0.0,0.002105263157894832
2023-02-21,399.0899963378906,0.0,-0.0200609272499801,29.737499237060547,0.0,-0.00042019371225054947
2023-02-22,398.5400085449219,0.0,-0.0013781046831931043,29.412500381469727,0.0,-0.010928923545319158
2023-02-23,400.6600036621094,0.0,0.005319403502116682,29.850000381469727,0.0,0.01487462794137806
2023-02-24,396.3800048828125,0.0,-0.01068237093839386,29.700000762939453,0.0,-0.005025112784366681
2023-02-27,397.7300109863281,0.0,0.0034058380515806785,,,
2023-02-28,396.260009765625,0.0,-0.0036959776232566854,,,
2023-03-01,394.739990234375,0.0,-0.003835914535380569,29.837499618530273,0.0,0.0046295909784082045
2023-03-02,397.80999755859375,0.0,0.007777289862108905,29.8125,0.0,-0.0008378590314165324
2023-03-03,404.19000244140625,0.0,0.016037819365946948,29.837499618530273,0.0,0.0008385616278498986
2023-03-06,404.4700012207031,0.0,0.0006927404874084164,30.125,0.0,0.009635538672656763
2023-03-07,398.2699890136719,0.0,-0.015328731891906533,30.325000762939453,0.0,0.00663902947516859
2023-03-08,398.9200134277344,0.0,0.0016321199989792756,30.075000762939453,0.0,-0.00824402287585524
2023-03-09,391.55999755859375,0.0,-0.01844985365837981,30.049999237060547,0.0,-0.0008313059100472087
2023-03-10,385.9100036621094,0.0,-0.01442944614289643,29.575000762939453,0.0,-0.01580693797606758
2023-03-13,385.3599853515625,0.0,-0.001425250201672501,29.700000762939453,0.0,0.0042265425790499744
2023-03-14,391.7300109863281,0.0,0.016530065073970368,29.375,0.0,-0.01094278634985757
2023-03-15,389.2799987792969,0.0,-0.006254338800497861,29.399999618530273,0.0,0.0008510508435837227
2023-03-16,396.1099853515625,0.0,0.01754517723408111,29.262500762939453,0.0,-0.004676831883499655
2023-03-17,389.989990234375,1.506,-0.011648267622166614,29.737499237060547,0.0,0.016232326757345206
2023-03-20,393.739990234375,0.0,0.009615631410812231,29.524999618530273,0.0,-0.007145846960306734
2023-03-21,398.9100036621094,0.0,0.013130526631691453,29.662500381469727,0.0,0.004657096180050502
2023-03-22,392.1099853515625,0.0,-0.017046497325513887,30.225000381469727,0.0,0.01896333730353339
2023-03-23,393.1700134277344,0.0,0.0027033947508923184,30.462499618530273,0.0,0.007857708323013135
2023-03-24,395.75,0.0,0.006562012575101583,30.549999237060547,0.0,0.0028723715921541437
2023-03-27,396.489990234375,0.0,0.0018698426642451693,30.362499237060547,0.0,-0.006137479695008996
2023-03-28,395.6000061035156,0.0,-0.002244657249312332,30.100000381469727,0.0,-0.008645495666918412
2023-03-29,401.3500061035156,0.0,0.014534883496678752,30.149999618530273,0.0,0.0016611042002288023
2023-03-30,403.70001220703125,0.0,0.005855253688247242,30.299999237060547,0.0,0.004975111788660946
2023-03-31,409.3900146484375,0.0,0.014094630342711634,30.399999618530273,0.0,0.003300342705864212
2023-04-03,410.95001220703125,0.0,0.003810541299922532,,,
2023-04-04,408.6700134277344,0.0,-0.0055481170740256935,,,
2023-04-05,407.6000061035156,0.0,-0.0026182672793729767,,,
2023-04-06,409.19000244140625,0.0,0.003900874175862601,30.25,0.0,-0.004934198039885596
2023-04-07,,,,30.25,0.0,0.0
2023-04-10,409.6099853515625,0.0,0.0010263762742257487,30.25,0.0,0.0
2023-04-11,409.7200012207031,0.0,0.0002685868828276039,30.212499618530273,0.0,-0.0012396820320570434
2023-04-12,408.04998779296875,0.0,-0.004075987071070042,30.137500762939453,0.0,-0.0024823783711301894
2023-04-13,413.4700012207031,0.0,0.013282719249790409,29.875,0.0,-0.008710103900262833
2023-04-14,412.4599914550781,0.0,-0.0024427643181926806,30.162500381469727,0.0,0.009623443731204162
2023-04-17,413.94000244140625,0.0,0.003588253447581513,30.087499618530273,0.0,-0.0024865565517084853
2023-04-18,414.2099914550781,0.0,0.0006522418999843627,29.987499237060547,0.0,-0.003323652105944319
2023-04-19,414.1400146484375,0.0,-0.0001689404120717164,29.762500762939453,0.0,-0.007503075609686882
2023-04-20,411.8800048828125,0.0,-0.005457115192173623,29.725000381469727,0.0,-0.0012599875853316345
2023-04-21,412.20001220703125,0.0,0.0007769430912525355,29.649999618530273,0.0,-0.0025231543137744783
2023-04-24,412.6300048828125,0.0,0.0010431651214151128,29.537500381469727,0.0,-0.003794240759120937
2023-04-25,406.0799865722656,0.0,-0.015873829418699414,29.149999618530273,0.0,-0.013118942291493019
2023-04-26,404.3599853515625,0.0,-0.004235621743444495,29.024999618530273,0.0,-0.004288164721639953
2023-04-27,412.4100036621094,0.0,0.01990804877378749,29.0,0.0,-0.0008613133112433946
2023-04-28,415.92999267578125,0.0,0.008535168842693341,29.350000381469727,0.0,0.012068978671369912
2023-05-01,415.510009765625,0.0,-0.0010097442299229487,,,
2023-05-02,410.8399963378906,0.0,-0.011239232071373118,29.424999237060547,0.0,0.0025553272441580788
2023-05-03,408.0199890136719,0.0,-0.006864003868551016,29.299999237060547,0.0,-0.004248088470383493
2023-05-04,405.1300048828125,0.0,-0.007082947425800068,29.375,0.0,0.002559753067999715
2023-05-05,412.6300048828125,0.0,0.018512575986983304,29.450000762939453,0.0,0.00255321746176862
2023-05-08,412.739990234375,0.0,0.0002665471494098792,29.637500762939453,0.0,0.006366723094824334
2023-05-09,410.92999267578125,0.0,-0.004385321513347806,29.725000381469727,0.0,0.0029523278372949324
2023-05-10,412.8500061035156,0.0,0.0046723613801760155,29.450000762939453,0.0,-0.009251458873040241
2023-05-11,412.1300048828125,0.0,-0.001743977740241598,29.387500762939453,0.0,-0.002122241031608074
2023-05-12,411.5899963378906,0.0,-0.001310286896183177,29.299999237060547,0.0,-0.0029775082469502
2023-05-15,413.010009765625,0.0,0.0034500678839837207,29.299999237060547,0.0,0.0
2023-05-16,410.25,0.0,-0.006682670396272572,29.649999618530273,0.0,0.011945405821957245
2023-05-17,415.2300109863281,0.0,0.01213896645052559,30.137500762939453,0.0,0.01644186005670334
2023-05-18,419.2300109863281,0.0,0.009633215071565893,30.537500381469727,0.0,0.013272488043273967
2023-05-19,418.6199951171875,0.0,-0.0014550863563069782,30.625,0.0,0.002865316985255495
2023-05-22,418.7900085449219,0.0,0.0004061283018428341,30.575000762939453,0.0,-0.001632628148915849
2023-05-23,414.0899963378906,0.0,-0.011222837486886017,30.549999237060547,0.0,-0.0008177113738362385
2023-05-24,411.0899963378906,0.0,-0.007244801918740551,30.399999618530273,0.0,-0.004909971269272839
2023-05-25,414.6499938964844,0.0,0.008659898295524604,30.762500762939453,0.0,0.011924379899933113
2023-05-26,420.0199890136719,0.0,0.012950669712364915,31.487499237060547,0.0,0.02356760523821011
2023-05-29,,,,31.6875,0.0,0.006351751259561889
2023-05-30,420.17999267578125,0.0,0.00038094297008361977,31.6875,0.0,0.0
2023-05-31,417.8500061035156,0.0,-0.005545210654671728,31.537500381469727,0.0,-0.004733715772158531
2023-06-01,421.82000732421875,0.0,0.009501019894013307,31.287500381469727,0.0,-0.007927070851401097
2023-06-02,427.9200134277344,0.0,0.014461158782416605,31.6875,0.0,0.012784646061632321
2023-06-05,427.1000061035156,0.0,-0.0019162630830240612,31.587499618530273,0.0,-0.003155830578926322
2023-06-06,428.0299987792969,0.0,0.0021774588210983215,31.674999237060547,0.0,0.0027700710593421274
2023-06-07,426.54998779296875,0.0,-0.003457727240027575,32.025001525878906,0.0,0.01104979628251579
2023-06-08,429.1300048828125,0.0,0.0060485691329945634,31.712499618530273,0.0,-0.009758060654457834
2023-06-09,429.8999938964844,0.0,0.0017943024372815142,31.950000762939453,0.0,0.0074891966027932355
2023-06-12,433.79998779296875,0.0,0.009071863112013467,32.25,0.0,0.009389647258116307
2023-06-13,436.6600036621094,0.0,0.006592936721117493,32.88750076293945,0.0,0.019767465517502414
2023-06-14,437.17999267578125,0.0,0.0011908327057914558,32.875,0.0,-0.0003801068080412362
2023-06-15,442.6000061035156,0.0,0.012397670338390565,32.974998474121094,0.0,0.003041778680489493
2023-06-16,439.4599914550781,1.638,-0.003393616420525326,32.88750076293945,0.0,-0.0026534561100983733
2023-06-19,,,,32.8125,0.0,-0.0022805248559346625
2023-06-20,437.17999267578125,0.0,-0.0051881828235322835,32.63750076293945,0.0,-0.005333310081845233
2023-06-21,434.94000244140625,0.0,-0.005123725403500368,32.63750076293945,0.0,0.0
2023-06-22,436.510009765625,0.0,0.0036097101103738094,,,
2023-06-23,433.2099914550781,0.0,-0.007560006040454259,,,
2023-06-26,431.44000244140625,0.0,-0.004085752980273583,32.4375,0.0,-0.006127943569948724
2023-06-27,436.1700134277344,0.0,0.010963311143060928,32.224998474121094,0.0,-0.00655110677083337
2023-06-28,436.3900146484375,0.0,0.0005043932731050305,32.275001525878906,0.0,0.0015516851551744537
2023-06-29,438.1099853515625,0.0,0.003941361271775801,32.26250076293945,0.0,-0.00038732028964982845
2023-06-30,443.2799987792969,0.0,0.011800720368392525,32.275001525878906,0.0,0.0003874703647837041
2023-07-03,443.7900085449219,0.0,0.0011505363811348257,32.67499923706055,0.0,0.01239342191388948
2023-07-04,,,,32.75,0.0,0.002295356226187373
2023-07-05,443.1300048828125,0.0,-0.00148719811037068,32.70000076293945,0.0,-0.0015266942613907375
2023-07-06,439.6600036621094,0.0,-0.007830661842952336,31.975000381469727,0.0,-0.02217126497108235
2023-07-07,438.54998779296875,0.0,-0.00252471423348688,31.924999237060547,0.0,-0.0015637574296373247
2023-07-10,439.6600036621094,0.0,0.0025311045491687167,31.862499237060547,0.0,-0.0019577134375448058
2023-07-11,442.4599914550781,0.0,0.006368529703967729,32.29999923706055,0.0,0.013730875181665825
2023-07-12,446.0199890136719,0.0,0.008045919692956538,32.36249923706055,0.0,0.0019349845658289677
2023-07-13,449.55999755859375,0.0,0.007936883171425269,32.724998474121094,0.0,0.011201212687721673
2023-07-14,449.2799987792969,0.0,-0.0006228285007950918,33.0625,0.0,0.010313263303764586
2023-07-17,450.8399963378906,0.0,0.003472216797614669,33.0,0.0,-0.001890359168241984
2023-07-18,454.19000244140625,0.0,0.007430587638025177,32.462501525878906,0.475,-0.0018938931551846332
2023-07-19,455.20001220703125,0.0,0.002223760453105239,32.1875,0.0,-0.008471359659688482
2023-07-20,452.17999267578125,0.0,-0.006634489126235876,32.337501525878906,0.0,0.004660241580703994
2023-07-21,452.17999267578125,0.0,0.0,31.799999237060547,0.0,-0.016621639380154596
2023-07-24,454.20001220703125,0.0,0.004467290822171233,31.8125,0.0,0.00039310576224438343
2023-07-25,455.44000244140625,0.0,0.00273005328280318,32.212501525878906,0.0,0.012573721835093421
2023-07-26,455.510009765625,0.0,0.00015371360408278356,32.125,0.0,-0.002716384066248634
2023-07-27,452.489990234375,0.0,-0.006629974021435614,32.375,0.0,0.0077821011673151474
2023-07-28,456.9200134277344,0.0,0.009790323076682261,32.375,0.0,0.0
2023-07-31,457.7900085449219,0.0,0.0019040424836307412,32.20000076293945,0.0,-0.005405381839707957
2023-08-01,456.4800109863281,0.0,-0.002861568697747563,32.36249923706055,0.0,0.005046536343816577
2023-08-02,450.1300048828125,0.0,-0.013910808689727716,31.962499618530273,0.0,-0.012359973054003381
2023-08-03,448.8399963378906,0.0,-0.0028658577098359395,,,
2023-08-04,446.80999755859375,0.0,-0.004522767123829707,31.8125,0.0,-0.004692987730011922
2023-08-07,450.7099914550781,0.0,0.008728528720920004,32.125,0.0,0.00982318271119853
2023-08-08,448.75,0.0,-0.004348675405997704,31.75,0.0,-0.011673151750972721
2023-08-09,445.75,0.0,-0.006685236768802283,31.799999237060547,0.0,0.0015747791200171335
2023-08-10,445.9100036621094,0.0,0.0003589538129207259,31.600000381469727,0.0,-0.00628927233928156
2023-08-11,445.6499938964844,0.0,-0.0005830991982453959,31.575000762939453,0.0,-0.0007911271591292124
2023-08-14,448.1099853515625,0.0,0.005520007828496709,31.125,0.0,-0.014251805291090713
2023-08-15,442.8900146484375,0.0,-0.011648860489082202,31.174999237060547,0.0,0.001606401190700213
2023-08-16,439.6400146484375,0.0,-0.007338164990194795,31.012500762939453,0.0,-0.005212461206026808
2023-08-17,436.2900085449219,0.0,-0.007619884432481627,31.149999618530273,0.0,0.004433659079668084
2023-08-18,436.5,0.0,0.00048131162979969666,30.962499618530273,0.0,-0.0060192617109523505
2023-08-21,439.3399963378906,0.0,0.0065062917248353,30.75,0.0,-0.006863128660423046
2023-08-22,438.1499938964844,0.0,-0.002708613946659777,31.0,0.0,0.008130081300812941
2023-08-23,443.0299987792969,0.0,0.011137749516813678,31.212499618530273,0.0,0.006854826404202319
2023-08-24,436.8900146484375,0.0,-0.013859070825400499,31.75,0.0,0.0172206772299206
2023-08-25,439.9700012207031,0.0,0.007049798505337934,31.137500762939453,0.0,-0.01929131455308808
2023-08-28,442.760009765625,0.0,0.006341360859106304,31.337499618530273,0.0,0.006423086332891126
2023-08-29,449.1600036621094,0.0,0.014454769525983568,31.512500762939453,0.0,0.005584400368231712
2023-08-30,451.010009765625,0.0,0.004118813092065299,31.649999618530273,0.0,0.004363311456148544
2023-08-31,450.3500061035156,0.0,-0.0014633902747576144,31.424999237060547,0.0,-0.0071090168777757645
2023-09-01,451.19000244140625,0.0,0.0018652077861802674,31.475000381469727,0.0,0.0015911263523664676
2023-09-04,,,,31.6875,0.0,0.006751377790463087
2023-09-05,449.239990234375,0.0,-0.0043219313293283435,31.612499237060547,0.0,-0.0023668879823101063
2023-09-06,446.2200012207031,0.0,-0.006722440297659893,31.5,0.0,-0.003558694812988983
2023-09-07,444.8500061035156,0.0,-0.003070223462506516,31.212499618530273,0.0,-0.0091269962371342
2023-09-08,445.5199890136719,0.0,0.0015060872225780564,31.075000762939453,0.0,-0.004405249732360117
2023-09-11,448.45001220703125,0.0,0.006576636886363119,30.950000762939453,0.0,-0.004022526047660735
2023-09-12,445.989990234375,0.0,-0.005485610225651083,31.262500762939453,0.0,0.01009693028422154
2023-09-13,446.510009765625,0.0,0.001165989243338661,31.299999237060547,0.0,0.0011994713540495194
2023-09-14,450.3599853515625,0.0,0.008622372403159329,31.737499237060547,0.0,0.013977636123453374
2023-09-15,443.3699951171875,1.583,-0.012005929501383555,31.837499618530273,0.0,0.0031508588853450537
2023-09-18,443.6300048828125,0.0,0.0005864396970667318,31.5,0.0,-0.010600694859022153
2023-09-19,442.7099914550781,0.0,-0.0020738304839804655,31.362499237060547,0.0,-0.004365103585379448
2023-09-20,438.6400146484375,0.0,-0.009193324942280201,31.1875,0.0,-0.0055798881249155
2023-09-21,431.3900146484375,0.0,-0.016528359834683037,30.6875,0.0,-0.01603206412825653
2023-09-22,430.4200134277344,0.0,-0.0022485481530990503,30.662500381469727,0.0,-0.0008146515203347748
2023-09-25,432.2300109863281,0.0,0.004205189122549191,30.887500762939453,0.0,0.007337965875923835
2023-09-26,425.8800048828125,0.0,-0.014691266090073651,30.524999618530273,0.0,-0.011736175975886276
2023-09-27,426.04998779296875,0.0,0.00039913334321250993,30.537500381469727,0.0,0.00040952540853966823
2023-09-28,428.5199890136719,0.0,0.005797444646104211,30.662500381469727,0.0,0.004093327824429505
2023-09-29,427.4800109863281,0.0,-0.0024269066881511536,,,
2023-10-02,427.30999755859375,0.0,-0.00039771082475204,31.0625,0.0,0.013045238110196866
2023-10-03,421.5899963378906,0.0,-0.013386069255070021,30.875,0.0,-0.006036217303822977
2023-10-04,424.6600036621094,0.0,0.007281973839242228,30.475000381469727,0.0,-0.012955453231749736
2023-10-05,424.5,0.0,-0.0003767806262175988,30.912500381469727,0.0,0.014356029352702526
2023-10-06,429.5400085449219,0.0,0.011872811648814707,31.024999618530273,0.0,0.0036392797629525298
2023-10-09,432.2900085449219,0.0,0.00640219757250482,,,
2023-10-10,434.5400085449219,0.0,0.00520483924107662,,,
2023-10-11,436.32000732421875,0.0,0.004096282837700693,31.5625,0.0,0.01732475062300054
2023-10-12,433.6600036621094,0.0,-0.006096451268467251,31.825000762939453,0.0,0.008316855855507344
2023-10-13,431.5,0.0,-0.004980868984616693,31.737499237060547,0.0,-0.0027494587205415533
2023-10-16,436.0400085449219,0.0,0.010521456651035654,31.5625,0.0,-0.00551395797612797
2023-10-17,436.0199890136719,0.0,-4.591214305493807e-05,31.637500762939453,0.0,0.0023762617961013976
2023-10-18,430.2099914550781,0.0,-0.013325071567788949,31.200000762939453,0.0,-0.013828525940724479
2023-10-19,426.42999267578125,0.0,-0.008786403975676982,31.212499618530273,0.0,0.00040060433606359247
2023-10-20,421.19000244140625,0.0,-0.01228804334679856,31.350000381469727,0.0,0.004405310840847276
2023-10-23,420.4599914550781,0.0,-0.0017332106225139698,30.962499618530273,0.0,-0.012360470756756281
2023-10-24,423.6300048828125,0.0,0.0075393937405647815,30.987499237060547,0.0,0.0008074160303037647
2023-10-25,417.54998779296875,0.0,-0.014352187096675628,31.049999237060547,0.0,0.0020169423651086316
2023-10-26,412.54998779296875,0.0,-0.011974614168780984,30.4375,0.0,-0.01972622390049794
2023-10-27,410.67999267578125,0.0,-0.004532772203415858,30.575000762939453,0.0,0.0045174788645405695
2023-10-30,415.5899963378906,0.0,0.011955789786880722,30.5,0.0,-0.0024530093562700195
2023-10-31,418.20001220703125,0.0,0.006280266349381947,30.287500381469727,0.0,-0.0069672006075499615
2023-11-01,422.6600036621094,0.0,0.010664732962442303,30.4375,0.0,0.0049525255184823536
2023-11-02,430.760009765625,0.0,0.019164354406221662,31.125,0.0,0.022587268993839782
2023-11-03,434.69000244140625,0.0,0.009123392577504053,31.362499237060547,0.0,0.0076304975762424565
2023-11-06,435.69000244140625,0.0,0.002300489991450494,31.637500762939453,0.0,0.008768482505180586
2023-11-07,436.92999267578125,0.0,0.0028460378421049093,31.625,0.0,-0.00039512485619908055
2023-11-08,437.25,0.0,0.0007323995367289893,31.799999237060547,0.0,0.005533572713376955
2023-11-09,433.8399963378906,0.0,-0.007798750513686392,31.8125,0.0,0.00039310576224438343
2023-11-10,440.6099853515625,0.0,0.01560480608246917,31.6875,0.0,-0.003929273084479323
2023-11-13,440.19000244140625,0.0,-0.0009531851844464256,32.17499923706055,0.0,0.015384591307630702
2023-11-14,448.7300109863281,0.0,0.019400732632628648,32.25,0.0,0.0023310260984579223
2023-11-15,449.67999267578125,0.0,0.0021170451411640645,32.63750076293945,0.0,0.012015527533006276
2023-11-16,450.2300109863281,0.0,0.001223132715498565,32.650001525878906,0.0,0.0003830183882722604
2023-11-17,450.7900085449219,0.0,0.0012438032670611943,32.75,0.0,0.0030627402587357633
2023-11-20,454.260009765625,0.0,0.00769760011297449,32.73749923706055,0.0,-0.0003817026851741234
2023-11-21,453.2699890136719,0.0,-0.0021794142796411897,33.13750076293945,0.0,0.012218450865241426
2023-11-22,455.0199890136719,0.0,0.0038608335923762116,32.837501525878906,0.0,-0.00905316424454261
2023-11-23,,,,32.82500076293945,0.0,-0.0003806855685899446
2023-11-24,455.29998779296875,0.0,0.0006153548988119262,32.79999923706055,0.0,-0.0007616610905653021
2023-11-27,454.4800109863281,0.0,-0.0018009594303206589,32.587501525878906,0.0,-0.006478588906232097
2023-11-28,454.92999267578125,0.0,0.000990102267592663,32.8125,0.0,0.006904440769796905
2023-11-29,454.6099853515625,0.0,-0.0007034210304239785,32.787498474121094,0.0,-0.000761951264880989
2023-11-30,456.3999938964844,0.0,0.003937459806426347,32.837501525878906,0.0,0.0015250645546283081
2023-12-01,459.1000061035156,0.0,0.005915890103284305,32.95000076293945,0.0,0.0034259377794587653
2023-12-04,456.69000244140625,0.0,-0.005249408908885922,32.82500076293945,0.0,-0.0037936266192926116
2023-12-05,456.6000061035156,0.0,-0.00019706220282800224,32.587501525878906,0.0,-0.007235315507705731
2023-12-06,454.760009765625,0.0,-0.004029777295871284,32.70000076293945,0.0,0.0034522203848983413
2023-12-07,458.2300109863281,0.0,0.007630400972353568,32.5,0.0,-0.00611623113985138
2023-12-08,460.20001220703125,0.0,0.004299153642212783,32.76250076293945,0.0,0.00807694655198321
2023-12-11,461.989990234375,0.0,0.003889565362589442,32.79999923706055,0.0,0.0011445546966155629
2023-12-12,464.1000061035156,0.0,0.004567232870283933,32.875,0.0,0.002286608679390234
2023-12-13,470.5,0.0,0.013790118104538118,32.88750076293945,0.0,0.0003802513441659716
2023-12-14,472.010009765625,0.0,0.003209372509298536,33.287498474121094,0.0,0.012162605911130608
2023-12-15,469.3299865722656,1.906,-0.0016398448705435987,33.42499923706055,0.0,0.004130702793613272
2023-12-18,471.9700012207031,0.0,0.0056250713228847005,33.474998474121094,0.0,0.001495863521370211
2023-12-19,474.8399963378906,0.0,0.0060808846108111325,33.349998474121094,0.0,-0.003734130117933665
2023-12-20,468.260009765625,0.0,-0.013857271129248727,33.4375,0.0,0.0026237340294574807
2023-12-21,472.70001220703125,0.0,0.00948191677446153,33.150001525878906,0.0,-0.008598085207359829
2023-12-22,473.6499938964844,0.0,0.0020096925426713597,33.23749923706055,0.0,0.0026394481796128133
2023-12-25,,,,33.375,0.0,0.004136916618147302
2023-12-26,475.6499938964844,0.0,0.004222527236930729,33.5625,0.0,0.00561797752808979
2023-12-27,476.510009765625,0.0,0.0018080855254416495,33.9375,0.0,0.011173184357541999
2023-12-28,476.69000244140625,0.0,0.00037773115379002853,33.9375,0.0,0.0
2023-12-29,475.30999755859375,0.0,-0.002894973411954771,33.86249923706055,0.0,-0.0022099672321017616
2024-01-02,472.6499938964844,0.0,-0.005596355380219964,33.724998474121094,0.0,-0.004060561566258114
2024-01-03,468.7900085449219,0.0,-0.008166688673242328,33.13750076293945,0.0,-0.01742024426279687
2024-01-04,467.2799987792969,0.0,-0.0032210792425203527,33.125,0.0,-0.00037723915961196397
2024-01-05,467.9200134277344,0.0,0.00136965984015891,33.037498474121094,0.0,-0.002641555498231085
2024-01-08,474.6000061035156,0.0,0.014275928543528549,33.1875,0.0,0.004540341515154589
2024-01-09,473.8800048828125,0.0,-0.0015170695563498926,33.25,0.0,0.0018832391713747842
2024-01-10,476.55999755859375,0.0,0.0056554246817059894,33.07500076293945,0.0,-0.005263134949189396
2024-01-11,476.3500061035156,0.0,-0.00044064012118916196,33.212501525878906,0.0,0.00415724141399032
2024-01-12,476.67999267578125,0.0,0.00069273972507089,33.162498474121094,0.0,-0.0015055490993007847
2024-01-15,,,,33.162498474121094,0.0,0.0
2024-01-16,474.92999267578125,0.0,-0.0036712260361014826,32.912498474121094,0.0,-0.00753863585384229
2024-01-17,472.2900085449219,0.0,-0.0055586805878179435,31.862499237060547,0.75,-0.009115055099704273
2024-01-18,476.489990234375,0.0,0.00889280233217904,32.07500076293945,0.0,0.006669330120586903
2024-01-19,482.42999267578125,0.0,0.01246616416534696,33.224998474121094,0.0,0.03585339622221895
2024-01-22,483.45001220703125,0.0,0.002114336891851476,33.45000076293945,0.0,0.006772078228795442
2024-01-23,484.8599853515625,0.0,0.0029164817642561847,33.51250076293945,0.0,0.0018684603460232818
2024-01-24,485.3900146484375,0.0,0.0010931594952936496,33.5,0.0,-0.0003730179083882845
2024-01-25,488.0299987792969,0.0,0.0054388925424671,33.912498474121094,0.0,0.012313387287196775
2024-01-26,487.4100036621094,0.0,-0.0012704037021049608,33.912498474121094,0.0,0.0
2024-01-29,491.2699890136719,0.0,0.007919380649885843,34.125,0.0,0.006266171336242632
2024-01-30,490.8900146484375,0.0,-0.0007734532410523798,34.037498474121094,0.0,-0.0025641472785027375
2024-01-31,482.8800048828125,0.0,-0.016317320635176435,33.587501525878906,0.0,-0.013220623383481733
2024-02-01,489.20001220703125,0.0,0.013088152875065706,33.587501525878906,0.0,0.0
2024-02-02,494.3500061035156,0.0,0.010527378920638375,33.775001525878906,0.0,0.005582433687588706
2024-02-05,492.54998779296875,0.0,-0.003641181932482751,33.98749923706055,0.0,0.006291567774432849
2024-02-06,493.9800109863281,0.0,0.0029033057127196837,,,
2024-02-07,498.1000061035156,0.0,0.008340408570300495,,,
2024-02-08,498.32000732421875,0.0,0.000441680823142665,,,
2024-02-09,501.20001220703125,0.0,0.0057794285609300555,,,
2024-02-12,500.9800109863281,0.0,-0.0004389489532020674,,,
2024-02-13,494.0799865722656,0.0,-0.01377305334094614,,,
2024-02-14,498.57000732421875,0.0,0.009087639398436487,,,
2024-02-15,502.010009765625,0.0,0.00689973803251509,35.587501525878906,0.0,0.0470761993301847
2024-02-16,499.510009765625,0.0,-0.004979980381600746,35.32500076293945,0.0,-0.007376206580519962
2024-02-19,,,,35.275001525878906,0.0,-0.0014154065387311787
2024-02-20,496.760009765625,0.0,-0.0055053951797489065,35.412498474121094,0.0,0.003897858038115709
2024-02-21,497.2099914550781,0.0,0.0009058331600915182,35.29999923706055,0.0,-0.0031768229271583737
2024-02-22,507.5,0.0,0.020695498324175388,35.70000076293945,0.0,0.011331488230145847
2024-02-23,507.8500061035156,0.0,0.0006896671990455072,35.9375,0.0,0.0066526395514001635
2024-02-26,505.989990234375,0.0,-0.003662529972996542,35.98749923706055,0.0,0.0013912831182065766
2024-02-27,506.92999267578125,0.0,0.0018577490850577583,35.837501525878906,0.0,-0.004168050416439306
2024-02-28,506.260009765625,0.0,-0.0013216478011486288,,,
2024-02-29,508.0799865722656,0.0,0.003594944833748892,35.82500076293945,0.0,-0.00034881792555840896
2024-03-01,512.8499755859375,0.0,0.00938826393429193,35.70000076293945,0.0,-0.0034891834567470914
2024-03-04,512.2999877929688,0.0,-0.0010724145835053767,36.73749923706055,0.0,0.029061581287083138
2024-03-05,507.17999267578125,0.0,-0.00999413476319777,37.037498474121094,0.0,0.008166022273990547
2024-03-06,509.75,0.0,0.005067249026642129,37.212501525878906,0.0,0.0047250235293316845
2024-03-07,514.8099975585938,0.0,0.00992642973731006,38.07500076293945,0.0,0.02317767421415451
2024-03-08,511.7200012207031,0.0,-0.00600220732414769,38.61249923706055,0.0,0.01411683423114396
2024-03-11,511.2799987792969,0.0,-0.0008598499967885642,38.224998474121094,0.0,-0.010035630187012812
2024-03-12,516.780029296875,0.0,0.010757374688447952,38.625,0.0,0.010464396124167719
2024-03-13,515.969970703125,0.0,-0.0015675114126452172,38.8125,0.0,0.004854368932038833
2024-03-14,514.9500122070312,0.0,-0.001976778793354672,38.775001525878906,0.0,-0.0009661442607689086
2024-03-15,509.8299865722656,1.595,-0.006845374407620052,38.25,0.0,-0.013539690656840131
2024-03-18,512.8599853515625,0.0,0.005943155285291102,38.599998474121094,0.0,0.009150286905126537
2024-03-19,515.7100219726562,0.0,0.005557143669806974,38.51250076293945,0.0,-0.0022667801720329672
2024-03-20,520.47998046875,0.0,0.009249303470675319,38.29999923706055,0.0,-0.005517728573040226
2024-03-21,522.2000122070312,0.0,0.003304702971922424,39.349998474121094,0.0,0.027415124229154708
2024-03-22,521.2100219726562,0.0,-0.001895806609024997,39.29999923706055,0.0,-0.0012706286912165243
2024-03-25,519.77001953125,0.0,-0.0027628065092766274,39.375,0.0,0.0019084163968310364
2024-03-26,518.8099975585938,0.0,-0.0018470129799368351,39.400001525878906,0.0,0.0006349593874008796
2024-03-27,523.1699829101562,0.0,0.008403819070718743,39.412498474121094,0.0,0.0003171814151829988
2024-03-28,523.0700073242188,0.0,-0.00019109579907738983,39.224998474121094,0.0,-0.0047573741137755254
2024-03-29,,,,39.45000076293945,0.0,0.0057361962414557155
2024-04-01,522.1599731445312,0.0,-0.0017397942282005863,39.349998474121094,0.0,-0.0025349122150665204
2024-04-02,518.8400268554688,0.0,-0.006358101845817976,39.912498474121094,0.0,0.014294790897385612
2024-04-03,519.4099731445312,0.0,0.0010985010013910834,39.63750076293945,0.0,-0.006890014950077572
2024-04-04,513.0700073242188,0.0,-0.012206091812080655,,,
2024-04-05,518.4299926757812,0.0,0.010446888874904303,,,
2024-04-08,518.719970703125,0.0,0.0005593388334788063,39.86249923706055,0.0,0.005676404157435311
2024-04-09,519.3200073242188,0.0,0.0011567640634317922,40.8125,0.0,0.023831941828078573
2024-04-10,514.1199951171875,0.0,-0.010013117410638928,40.75,0.0,-0.0015313935681470214
2024-04-11,518.0,0.0,0.007546885784763369,40.625,0.0,-0.0030674846625766694
2024-04-12,510.8500061035156,0.0,-0.013803077020240084,40.525001525878906,0.0,-0.0024615009014422595
2024-04-15,504.45001220703125,0.0,-0.012528127278102708,40.0,0.0,-0.012955003235314955
2024-04-16,503.5299987792969,0.0,-0.0018237950351298604,38.912498474121094,0.0,-0.027187538146972612
2024-04-17,500.54998779296875,0.0,-0.00591823921822443,39.349998474121094,0.0,0.011243174228222852
2024-04-18,499.5199890136719,0.0,-0.00205773410131993,39.73749923706055,0.0,0.009847542006749865
2024-04-19,495.1600036621094,0.0,-0.00872835011101658,37.724998474121094,0.0,-0.050644877045068926
2024-04-22,499.7200012207031,0.0,0.00920913952029423,37.61249923706055,0.0,-0.002982087252772714
2024-04-23,505.6499938964844,0.0,0.011866630635747333,37.974998474121094,0.0,0.009637733317741537
2024-04-24,505.4100036621094,0.0,-0.00047461729906428385,39.087501525878906,0.0,0.029295670742842894
2024-04-25,503.489990234375,0.0,-0.003798922486342393,38.375,0.0,-0.018228372192251152
2024-04-26,508.260009765625,0.0,0.009473911346339792,39.0,0.0,0.016286644951140072
2024-04-29,510.05999755859375,0.0,0.0035414704253415863,39.70000076293945,0.0,0.01794873751126813
2024-04-30,501.9800109863281,0.0,-0.015841247325688257,39.5625,0.0,-0.003463495221587287
2024-05-01,500.3500061035156,0.0,-0.0032471509764099293,,,
2024-05-02,505.0299987792969,0.0,0.009353437830903255,39.037498474121094,0.0,-0.013270180748913951
2024-05-03,511.2900085449219,0.0,0.012395322615995186,39.23749923706055,0.0,0.0051232986425100435
2024-05-06,516.5700073242188,0.0,0.010326817835387025,39.79999923706055,0.0,0.01433577600349989
2024-05-07,517.1400146484375,0.0,0.0011034464179817682,40.025001525878906,0.0,0.005653323948027644
2024-05-08,517.1900024414062,0.0,9.666200942248793e-05,40.17499923706055,0.0,0.003747600386339922
2024-05-09,520.1699829101562,0.0,0.005761867891264316,40.125,0.0,-0.0012445361047928039
2024-05-10,520.8400268554688,0.0,0.0012881249732326072,40.412498474121094,0.0,0.007165071006133283
2024-05-13,520.9099731445312,0.0,0.0001342951490974631,40.82500076293945,0.0,0.010207294881372286
2024-05-14,523.2999877929688,0.0,0.004588152985457228,41.099998474121094,0.0,0.006736012395406554
2024-05-15,529.780029296875,0.0,0.012383033929039389,41.662498474121094,0.0,0.013686131894972808
2024-05-16,528.6900024414062,0.0,-0.002057508390634233,41.86249923706055,0.0,0.004800498536200015
2024-05-17,529.4500122070312,0.0,0.0014375338328991294,41.8125,0.0,-0.0011943681808725959
2024-05-20,530.0599975585938,0.0,0.0011521113183465825,41.79999923706055,0.0,-0.0002989719088658527
2024-05-21,531.3599853515625,0.0,0.0024525295229904653,41.75,0.0,-0.0011961540184961539
2024-05-22,529.8300170898438,0.0,-0.0028793441431358424,42.5,0.0,0.017964071856287456
2024-05-23,525.9600219726562,0.0,-0.007304220207159928,42.82500076293945,0.0,0.007647076775046058
2024-05-24,529.4400024414062,0.0,0.006616435324681147,42.650001525878906,0.0,-0.004086380243850218
2024-05-27,,,,43.23749923706055,0.0,0.01377485791706623
2024-05-28,529.8099975585938,0.0,0.0006988423909817243,43.29999923706055,0.0,0.0014455045065702166
2024-05-29,526.0999755859375,0.0,-0.007002551838871107,42.712501525878906,0.0,-0.013568076709775112
2024-05-30,522.6099853515625,0.0,-0.0066337015706721125,41.974998474121094,0.0,-0.017266678967771787
2024-05-31,527.3699951171875,0.0,0.009108149287317735,41.5,0.0,-0.011316223737660058
2024-06-03,527.7999877929688,0.0,0.0008153529396106585,42.38750076293945,0.0,0.021385560552757976
2024-06-04,528.3900146484375,0.0,0.0011178985773303562,41.712501525878906,0.0,-0.015924487759625516
2024-06-05,534.6699829101562,0.0,0.011885100186643571,42.11249923706055,0.0,0.00958939638116596
2024-06-06,534.6599731445312,0.0,-1.8721390661391446e-05,43.54999923706055,0.0,0.03413475870686278
2024-06-07,534.010009765625,0.0,-0.0012156574487586225,43.212501525878906,0.0,-0.0077496605532528795
2024-06-10,535.6599731445312,0.0,0.003089761144422054,,,
2024-06-11,536.9500122070312,0.0,0.0024083170801936227,43.32500076293945,0.0,0.002603395616733062
2024-06-12,541.3599853515625,0.0,0.008213005017738695,44.099998474121094,0.0,0.017888002251221558
2024-06-13,542.4500122070312,0.0,0.002013497275312748,44.73749923706055,0.0,0.014455800113316375
2024-06-14,542.780029296875,0.0,0.0006083824913212244,45.0,0.0,0.005867577924918876
2024-06-17,547.0999755859375,0.0,0.007958926371441244,45.0,0.0,0.0
2024-06-18,548.489990234375,0.0,0.0025406958699802917,45.75,0.0,0.016666666666666607
2024-06-19,,,,46.98749923706055,0.0,0.027049163651596597
2024-06-20,547.0,0.0,-0.002716531314889248,47.4375,0.0,0.009577031556182947
2024-06-21,544.510009765625,1.759,-0.0013363624028793677,47.150001525878906,0.0,-0.006060573894515864
2024-06-24,542.739990234375,0.0,-0.003250664817000981,46.0,0.0,-0.02439027547534034
2024-06-25,544.8300170898438,0.0,0.0038508805193555595,45.974998474121094,0.0,-0.0005435114321501455
2024-06-26,545.510009765625,0.0,0.0012480822540090752,46.337501525878906,0.0,0.007884786596825233
2024-06-27,546.3699951171875,0.0,0.0015764795075565718,46.32500076293945,0.0,-0.00026977636963165796
2024-06-28,544.219970703125,0.0,-0.003935107039692687,46.61249923706055,0.0,0.006206119144872124
2024-07-01,545.3400268554688,0.0,0.00205809454382333,46.650001525878906,0.0,0.0008045543455550419
2024-07-02,549.010009765625,0.0,0.006729714910746587,46.337501525878906,0.0,-0.006698820788390347
2024-07-03,551.4600219726562,0.0,0.004462600250361826,46.900001525878906,0.0,0.012139195715717532
2024-07-04,,,,48.125,0.0,0.026119369600556386
2024-07-05,554.6400146484375,0.0,0.005766497205737409,47.95000076293945,0.0,-0.0036363477830763102
2024-07-08,555.280029296875,0.0,0.0011539280101222626,49.462501525878906,0.0,0.031543289653260365
2024-07-09,555.8200073242188,0.0,0.000972442729531453,49.412498474121094,0.0,-0.0010109284855245315
2024-07-10,561.3200073242188,0.0,0.009895289711641775,49.587501525878906,0.0,0.003541675834292546
2024-07-11,556.47998046875,0.0,-0.008622580332635743,50.6875,0.0,0.022182978377061957
2024-07-12,559.989990234375,0.0,0.006307522083127459,49.087501525878906,0.0,-0.031565937837160885
2024-07-15,561.530029296875,0.0,0.002750118911688748,49.17499923706055,0.0,0.0017824845115719246
2024-07-16,564.8599853515625,0.0,0.005930147776526118,49.212501525878906,0.25,0.005846513335615646
2024-07-17,556.9400024414062,0.0,-0.014021143496696697,48.525001525878906,0.0,-0.01397002750690235
2024-07-18,552.6599731445312,0.0,-0.007684901925006371,47.650001525878906,0.0,-0.018031941730766388
2024-07-19,548.989990234375,0.0,-0.0066405802636198,46.5625,0.0,-0.0228226965593753
2024-07-22,554.6500244140625,0.0,0.01030990415193389,45.17499923706055,0.0,-0.02979867410339765
2024-07-23,553.780029296875,0.0,-0.0015685478750434578,46.57500076293945,0.0,0.03099062644212247
2024-07-24,541.22998046875,0.0,-0.022662516096977336,,,
2024-07-25,538.4099731445312,0.0,-0.005210367913795921,,,
2024-07-26,544.4400024414062,0.0,0.011199698366761712,44.75,0.0,-0.03918412738688859
2024-07-29,544.760009765625,0.0,0.0005877733502015481,45.150001525878906,0.0,0.008938581583886274
2024-07-30,542.0,0.0,-0.005066469116946526,45.150001525878906,0.0,0.0
2024-07-31,550.8099975585938,0.0,0.01625460804168588,45.212501525878906,0.0,0.001384274593305923
2024-08-01,543.010009765625,0.0,-0.014160940846283387,46.0,0.0,0.017417715179292692
2024-08-02,532.9000244140625,0.0,-0.01861841433811906,43.67499923706055,0.0,-0.050543494846509884
2024-08-05,517.3800048828125,0.0,-0.0291236982927795,39.6875,0.0,-0.09129935447547632
2024-08-06,522.1500244140625,0.0,0.00921956682947278,41.875,0.0,0.055118110236220375
2024-08-07,518.6599731445312,0.0,-0.0066840009697359815,43.537498474121094,0.0,0.039701456098414134
2024-08-08,530.6500244140625,0.0,0.023117363765007726,42.63750076293945,0.0,-0.02067178277862247
2024-08-09,532.989990234375,0.0,0.004409621620005133,43.962501525878906,0.0,0.03107594814964254
2024-08-12,533.27001953125,0.0,0.000525393163109511,44.51250076293945,0.0,0.012510644707894647
2024-08-13,542.0399780273438,0.0,0.016445624495827982,44.625,0.0,0.0025273627662414366
2024-08-14,543.75,0.0,0.0031547893918812964,45.1875,0.0,0.012605042016806678
2024-08-15,553.0700073242188,0.0,0.017140243354885065,44.837501525878906,0.0,-0.007745471073219212
2024-08-16,554.3099975585938,0.0,0.0022420131591913695,45.849998474121094,0.0,0.022581475635028436
2024-08-19,559.6099853515625,0.0,0.009561414761256382,45.912498474121094,0.0,0.0013631407214829139
2024-08-20,558.7000122070312,0.0,-0.0016260845380726696,45.9375,0.0,0.00054454727383213
2024-08-21,560.6199951171875,0.0,0.003436518468241667,45.45000076293945,0.0,-0.01061222828975339
2024-08-22,556.219970703125,0.0,-0.007848497114596786,45.212501525878906,0.0,-0.005225505678191467
2024-08-23,562.1300048828125,0.0,0.010625354160183287,45.23749923706055,0.0,0.000552893786850861
2024-08-26,560.7899780273438,0.0,-0.002383837980234005,45.3125,0.0,0.0016579334446942262
2024-08-27,561.5599975585938,0.0,0.0013730978823098816,45.11249923706055,0.0,-0.004413809940732705
2024-08-28,558.2999877929688,0.0,-0.005805274200081922,45.75,0.0,0.014131355471783236
2024-08-29,558.3499755859375,0.0,8.953572284031708e-05,45.125,0.0,-0.013661202185792365
2024-08-30,563.6799926757812,0.0,0.009546014727143781,45.337501525878906,0.0,0.004709175088729145
2024-09-02,,,,45.212501525878906,0.0,-0.00275709943850011
2024-09-03,552.0800170898438,0.0,-0.020579008899841544,45.01250076293945,0.0,-0.004423572157912448
2024-09-04,550.9500122070312,0.0,-0.0020468135919301522,42.8125,0.0,-0.04887532853430798
2024-09-05,549.6099853515625,0.0,-0.0024322113182296823,43.07500076293945,0.0,0.006131404681797514
2024-09-06,540.3599853515625,0.0,-0.01683011634892906,43.6875,0.0,0.014219366830227065
2024-09-09,546.4099731445312,0.0,0.011196217256969065,43.01250076293945,0.0,-0.015450626313259996
2024-09-10,548.7899780273438,0.0,0.0043557127427886755,43.087501525878906,0.0,0.0017436968697266408
2024-09-11,554.4199829101562,0.0,0.010258942597767273,42.962501525878906,0.0,-0.002901073294419798
2024-09-12,559.0900268554688,0.0,0.008423296578884854,44.57500076293945,0.0,0.03753271294245386
2024-09-13,562.010009765625,0.0,0.005222741901835137,44.599998474121094,0.0,0.0005608011386153411
2024-09-16,562.8400268554688,0.0,0.0014768724318450221,44.6875,0.0,0.0019619176877254674
2024-09-17,563.0700073242188,0.0,0.00040860716682655784,,,
2024-09-18,561.4000244140625,0.0,-0.0029658530705484187,44.462501525878906,0.0,-0.005034930889423084
2024-09-19,570.97998046875,0.0,0.01706440263283948,45.037498474121094,0.0,0.012932177194472816
2024-09-20,568.25,1.746,-0.001723318684382284,45.61249923706055,0.0,0.01276715586834487
2024-09-23,569.6699829101562,0.0,0.0024988700574681832,45.8125,0.0,0.00438477974863849
2024-09-24,571.2999877929688,0.0,0.0028613143253319873,46.25,0.0,0.009549795361528002
2024-09-25,570.0399780273438,0.0,-0.0022055133774685487,46.9375,0.0,0.014864864864864824
2024-09-26,572.2999877929688,0.0,0.003964651345061521,47.32500076293945,0.0,0.00825567537554095
2024-09-27,571.469970703125,0.0,-0.0014503182029491635,47.224998474121094,0.0,-0.0021130964016100595
2024-09-30,573.760009765625,0.0,0.0040072780371684935,45.98749923706055,0.0,-0.026204325612391166
2024-10-01,568.6199951171875,0.0,-0.0089584749040581,45.900001525878906,0.0,-0.0019026412097470358
2024-10-02,568.8599853515625,0.0,0.00042205732551758857,,,
2024-10-03,567.8200073242188,0.0,-0.0018281792604923908,,,
2024-10-04,572.97998046875,0.0,0.009087339434985742,45.900001525878906,0.0,0.0
2024-10-07,567.7999877929688,0.0,-0.009040442689714157,47.037498474121094,0.0,0.024782067765310556
2024-10-08,573.1699829101562,0.0,0.009457547081078044,46.8125,0.0,-0.004783385201593604
2024-10-09,577.1400146484375,0.0,0.006926447400689373,47.25,0.0,0.009345794392523255
2024-10-10,576.1300048828125,0.0,-0.0017500255397128184,,,
2024-10-11,579.5800170898438,0.0,0.005988252959907792,48.037498474121094,0.0,0.016666634372933142
2024-10-14,584.3200073242188,0.0,0.008178318945803564,48.07500076293945,0.0,0.0007806877961924474
2024-10-15,579.780029296875,0.0,-0.0077696775233381254,49.099998474121094,0.0,0.021320804886430622
2024-10-16,582.2999877929688,0.0,0.00434640444437151,48.25,0.0,-0.01731157842233133
2024-10-17,582.3499755859375,0.0,8.584543021927793e-05,48.32500076293945,0.0,0.0015544199572943285
2024-10-18,584.5900268554688,0.0,0.0038465722734466468,49.525001525878906,0.0,0.02483188295901151
2024-10-21,583.6300048828125,0.0,-0.0016422140791901851,49.51250076293945,0.0,-0.00025241317626045756
2024-10-22,583.3200073242188,0.0,-0.0005311542518380286,49.32500076293945,0.0,-0.0037869224359667886
2024-10-23,577.989990234375,0.0,-0.009137380893711078,49.0,0.0,-0.006588966201976132
2024-10-24,579.239990234375,0.0,0.0021626672107126765,48.70000076293945,0.0,-0.006122433409398886
2024-10-25,579.0399780273438,0.0,-0.00034530110213959464,49.099998474121094,0.0,0.00821350523439901
2024-10-28,580.8300170898438,0.0,0.003091391148152267,49.01250076293945,0.0,-0.0017820308330103174
2024-10-29,581.77001953125,0.0,0.0016183778622804734,47.875,0.0,-0.023208380417911068
2024-10-30,580.010009765625,0.0,-0.0030252672130528513,47.95000076293945,0.0,0.001566595570536844
2024-10-31,568.6400146484375,0.0,-0.01960310154264744,,,
2024-11-01,571.0399780273438,0.0,0.004220532001058652,47.625,0.0,-0.006777909442509222
2024-11-04,569.8099975585938,0.0,-0.0021539305759273875,48.23749923706055,0.0,0.01286087636872546
2024-11-05,576.7000122070312,0.0,0.012091775640930225,48.412498474121094,0.0,0.0036278671122755846
2024-11-06,591.0399780273438,0.0,0.024865554910313614,48.79999923706055,0.0,0.008004147175890708
2024-11-07,595.6099853515625,0.0,0.0077321458684938005,49.36249923706055,0.0,0.01152663952446975
2024-11-08,598.1900024414062,0.0,0.004331722357409529,49.75,0.0,0.007850104207214104
2024-11-11,598.760009765625,0.0,0.0009528867448342915,49.775001525878906,0.0,0.0005025432337468771
2024-11-12,596.9000244140625,0.0,-0.003106395419244068,48.5,0.0,-0.02561529857946887
2024-11-13,597.1900024414062,0.0,0.000485806693723001,48.1875,0.0,-0.006443298969072142
2024-11-14,593.3499755859375,0.0,-0.006430159312396544,47.75,0.0,-0.009079118028534339
2024-11-15,585.75,0.0,-0.012808588351979733,48.087501525878906,0.0,0.007068094782804346
2024-11-18,588.1500244140625,0.0,0.004097352819568911,47.412498474121094,0.0,-0.014036974896575849
2024-11-19,590.2999877929688,0.0,0.003655467635231613,48.0625,0.0,0.013709497427849993
2024-11-20,590.5,0.0,0.000338831460557909,47.86249923706055,0.0,-0.00416126424841512
2024-11-21,593.6699829101562,0.0,0.005368302980789608,47.337501525878906,0.0,-0.010968873743540941
2024-11-22,595.510009765625,0.0,0.003099410292649374,48.26250076293945,0.0,0.019540516656859408
2024-11-25,597.530029296875,0.0,0.003392083253218603,48.087501525878906,0.0,-0.0036259877605623325
2024-11-26,600.6500244140625,0.0,0.005221486727384761,47.462501525878906,0.0,-0.012997140216645442
2024-11-27,598.8300170898438,0.0,-0.0030300628489846604,46.775001525878906,0.0,-0.01448511936576169
2024-11-28,,,,46.70000076293945,0.0,-0.0016034368892100526
2024-11-29,602.5499877929688,0.0,0.006212064520751737,46.8125,0.0,0.0024089771996282927
2024-12-02,603.6300048828125,0.0,0.0017924107737512518,47.92499923706055,0.0,0.023765003728930312
2024-12-03,603.9099731445312,0.0,0.000463807728996235,48.57500076293945,0.0,0.013562890688086915
2024-12-04,607.6599731445312,0.0,0.006209534809425099,48.86249923706055,0.0,0.0059186509440147805
2024-12-05,606.6599731445312,0.0,-0.00164565718361398,49.125,0.0,0.005372233656447012
2024-12-06,607.8099975585938,0.0,0.0018956655539701384,48.9375,0.0,-0.003816793893129722
2024-12-09,604.6799926757812,0.0,-0.005149643631043976,49.0,0.0,0.0012771392081736277
2024-12-10,602.7999877929688,0.0,-0.003109090602606557,48.650001525878906,0.0,-0.007142826002471292
2024-12-11,607.4600219726562,0.0,0.007730647435394422,48.224998474121094,0.0,-0.008735930902936118
2024-12-12,604.3300170898438,0.0,-0.005152610492206833,48.787498474121094,0.0,0.011664075019138798
2024-12-13,604.2100219726562,0.0,-0.00019855892276432474,48.82500076293945,0.0,0.0007686864461446952
2024-12-16,606.7899780273438,0.0,0.004269965675617771,49.025001525878906,0.0,0.004096277722769992
2024-12-17,604.2899780273438,0.0,-0.004120041679210651,49.275001525878906,0.0,0.005099438902985698
2024-12-18,586.280029296875,0.0,-0.029803487374158943,49.275001525878906,0.0,0.0
2024-12-19,586.0999755859375,0.0,-0.0003071121340316729,48.599998474121094,0.0,-0.013698691645971928
2024-12-20,591.1500244140625,1.966,0.011970737280974777,48.150001525878906,0.0,-0.0092591967565967
2024-12-23,594.6900024414062,0.0,0.005988290418921238,49.3125,0.0,0.024143269725470207
2024-12-24,601.2999877929688,0.0,0.011115010046286677,49.45000076293945,0.0,0.0027883551419913832
2024-12-25,,,,49.599998474121094,0.0,0.0030333207051040922
2024-12-26,601.3400268554688,0.0,6.658749927290764e-05,49.5625,0.0,-0.0007560176466669954
2024-12-27,595.010009765625,0.0,-0.010526518786625139,49.724998474121094,0.0,0.003278657737626034
2024-12-30,588.219970703125,0.0,-0.01141163837760406,49.45000076293945,0.0,-0.005530371435300552
2024-12-31,586.0800170898438,0.0,-0.0036380159121820466,48.9375,0.0,-0.010364019313090722
2025-01-02,584.6400146484375,0.0,-0.0024570065510107764,48.51250076293945,0.0,-0.008684531025502928
2025-01-03,591.9500122070312,0.0,0.012503416419400448,49.0,0.0,0.010048940569828746
2025-01-06,595.3599853515625,0.0,0.005760576187535671,50.537498474121094,0.0,0.03137751988002235
2025-01-07,588.6300048828125,0.0,-0.011304052395755049,51.099998474121094,0.0,0.011130349086986291
2025-01-08,589.489990234375,0.0,0.0014609947580461746,50.337501525878906,0.0,-0.01492166283778551
2025-01-09,,,,49.76250076293945,0.0,-0.011422910265894703
2025-01-10,580.489990234375,0.0,-0.015267434815002923,49.75,0.0,-0.0002512084953086857
2025-01-13,581.3900146484375,0.0,0.0015504563889190415,48.599998474121094,0.0,-0.023115608560379974
2025-01-14,582.1900024414062,0.0,0.0013759916283606621,48.900001525878906,0.0,0.006172902493352117
2025-01-15,592.780029296875,0.0,0.018189984044830076,48.525001525878906,0.0,-0.007668711417146756
2025-01-16,591.6400146484375,0.0,-0.0019231664227786771,49.51250076293945,0.0,0.020350318516402455
2025-01-17,597.5800170898438,0.0,0.010039892999691435,49.07500076293945,0.675,0.004796768418891364
2025-01-20,,,,49.57500076293945,0.0,0.010188486851284706
2025-01-21,603.0499877929688,0.0,0.00915353684308795,49.67499923706055,0.0,0.002017114928535735
2025-01-22,606.4400024414062,0.0,0.005621448830210873,50.32500076293945,0.0,0.013085083761691596
2025-01-23,609.75,0.0,0.005458079192118603,,,
2025-01-24,607.969970703125,0.0,-0.0029192772396473554,,,
2025-01-27,599.3699951171875,0.0,-0.01414539533258774,,,
2025-01-28,604.52001953125,0.0,0.008592396109277312,,,
2025-01-29,601.8099975585938,0.0,-0.0044829317228528565,,,
2025-01-30,605.0399780273438,0.0,0.005367110021191612,,,
2025-01-31,601.8200073242188,0.0,-0.00532191395620385,,,
2025-02-03,597.77001953125,0.0,-0.006729566554251942,48.17499923706055,0.0,-0.0427223346902007
2025-02-04,601.780029296875,0.0,0.006708281838506247,48.462501525878906,0.0,0.005967873240715793
2025-02-05,604.219970703125,0.0,0.004054540342757651,49.20000076293945,0.0,0.015217935802730453
2025-02-06,606.3200073242188,0.0,0.003475616038725038,49.412498474121094,0.0,0.00431905910338326
2025-02-07,600.77001953125,0.0,-0.009153562023232031,49.63750076293945,0.0,0.0045535501293503255
2025-02-10,604.8499755859375,0.0,0.0067912111491030824,49.07500076293945,0.0,-0.011332157972384738
2025-02-11,605.3099975585938,0.0,0.000760555495121995,49.375,0.0,0.006113076564373765
2025-02-12,603.3599853515625,0.0,-0.0032215099947072723,49.29999923706055,0.0,-0.0015190027937104222
2025-02-13,609.72998046875,0.0,0.010557536581541571,49.087501525878906,0.0,-0.004310298467954055
2025-02-14,609.7000122070312,0.0,-4.9150054415414424e-05,48.5,0.0,-0.011968454445968835
2025-02-17,,,,49.23749923706055,0.0,0.015206169836299965
2025-02-18,611.489990234375,0.0,0.0029358340027980656,49.412498474121094,0.0,0.0035541861339867253
2025-02-19,612.9299926757812,0.0,0.0023549076262954216,49.32500076293945,0.0,-0.0017707607160861727
2025-02-20,610.3800048828125,0.0,-0.00416032470826988,49.13750076293945,0.0,-0.0038013177313699353
2025-02-21,599.9400024414062,0.0,-0.017104102948802602,49.48749923706055,0.0,0.007122838335015036
2025-02-24,597.2100219726562,0.0,-0.004550422471648163,49.04999923706055,0.0,-0.008840616453545946
2025-02-25,594.239990234375,0.0,-0.004973177992678157,48.412498474121094,0.0,-0.012996957652504526
2025-02-26,594.5399780273438,0.0,0.0005048259926943022,48.67499923706055,0.0,0.005422169299520219
2025-02-27,585.0499877929688,0.0,-0.01596190430433686,48.125,0.0,-0.01129941953120328
2025-02-28,594.1799926757812,0.0,0.015605512474676564,,,
2025-03-03,583.77001953125,0.0,-0.017519898469909534,47.01250076293945,0.0,-0.02311686726359574
2025-03-04,576.8599853515625,0.0,-0.011836911709231068,46.70000076293945,0.0,-0.006647168198428366
2025-03-05,583.0599975585938,0.0,0.010747863198125485,47.3125,0.0,0.013115615140345316
2025-03-06,572.7100219726562,0.0,-0.017751133038238276,47.025001525878906,0.0,-0.006076585978781357
2025-03-07,575.9199829101562,0.0,0.005604862520902865,46.587501525878906,0.0,-0.00930356163325663
2025-03-10,560.5800170898438,0.0,-0.02663558528182819,46.3125,0.0,-0.005902903501406875
2025-03-11,555.9199829101562,0.0,-0.008312879584754462,45.5,0.0,-0.01754385964912286
2025-03-12,558.8699951171875,0.0,0.005306541044969082,45.70000076293945,0.0,0.0043956211635045594
2025-03-13,551.4199829101562,0.0,-0.01333049237232553,45.275001525878906,0.0,-0.00929976433184665
2025-03-14,562.8099975585938,0.0,0.020655788693630495,45.125,0.0,-0.0033131202832354933
2025-03-17,567.1500244140625,0.0,0.007711353519474162,45.51250076293945,0.0,0.008587274524973987
2025-03-18,561.02001953125,0.0,-0.010808436249554187,45.70000076293945,0.0,0.004119747253103601
2025-03-19,567.1300048828125,0.0,0.010890850841058342,45.13750076293945,0.0,-0.012308533711363978
2025-03-20,565.489990234375,0.0,-0.0028917790177164227,46.11249923706055,0.0,0.021600630465602233
2025-03-21,563.97998046875,1.696,0.0003289010196235245,45.73749923706055,0.0,-0.008132285306683418
2025-03-24,574.0800170898438,0.0,0.017908502022889516,45.6875,0.0,-0.0010931781993894774
2025-03-25,575.4600219726562,0.0,0.0024038545877420603,46.162498474121094,0.0,0.010396683428095077
2025-03-26,568.5900268554688,0.0,-0.011938266525687413,46.125,0.0,-0.0008123146571478168
2025-03-27,567.0800170898438,0.0,-0.0026557092004866334,45.25,0.0,-0.01897018970189701
2025-03-28,555.6599731445312,0.0,-0.020138328985595644,44.79999923706055,0.0,-0.00994476824175583
2025-03-31,559.3900146484375,0.0,0.0067128130226792315,43.1875,0.0,-0.035993287154492126
2025-04-01,560.969970703125,0.0,0.0028244266313557365,44.07500076293945,0.0,0.02054994530684695
2025-04-02,564.52001953125,0.0,0.006328411525621025,44.0,0.0,-0.0017016622039974783
2025-04-03,536.7000122070312,0.0,-0.04928081620084812,,,
2025-04-04,505.2799987792969,0.0,-0.058542971330535654,,,
2025-04-07,504.3800048828125,0.0,-0.0017811785518102585,39.599998474121094,0.0,-0.10000003467906604
2025-04-08,496.4800109863281,0.0,-0.0156627816725603,38.3125,0.0,-0.032512588983115376
2025-04-09,548.6199951171875,0.0,0.10501930183911301,36.54999923706055,0.0,-0.04600328255633157
2025-04-10,524.5800170898438,0.0,-0.04381899719533322,40.20000076293945,0.0,0.09986324492663523
2025-04-11,533.9400024414062,0.0,0.017842817199724692,41.13750076293945,0.0,0.023320895079790294
2025-04-14,539.1199951171875,0.0,0.009701450822369617,40.92499923706055,0.0,-0.005165640156495566
2025-04-15,537.6099853515625,0.0,-0.0028008788011967267,41.337501525878906,0.0,0.01007946967644191
2025-04-16,525.6599731445312,0.0,-0.02222803246337901,40.587501525878906,0.0,-0.018143331655650963
2025-04-17,526.4099731445312,0.0,0.001426777837987947,40.13750076293945,0.0,-0.011087175756618772
2025-04-18,,,,40.224998474121094,0.0,0.0021799491627150225
2025-04-21,513.8800048828125,0.0,-0.023802680232045126,39.650001525878906,0.0,-0.014294517589904077
2025-04-22,527.25,0.0,0.02601773758493775,38.98749923706055,0.0,-0.016708758217473307
2025-04-23,535.4199829101562,0.0,0.015495463082325855,40.712501525878906,0.0,0.04424500987687385
2025-04-24,546.6900024414062,0.0,0.02104893334386637,40.474998474121094,0.0,-0.00583366393260909
2025-04-25,550.6400146484375,0.0,0.00722532365580375,41.4375,0.0,0.023780149775529003
2025-04-28,550.8499755859375,0.0,0.00038130345037501456,41.787498474121094,0.0,0.008446418681655299
2025-04-29,554.3200073242188,0.0,0.006299413437552026,41.95000076293945,0.0,0.0038887776189568957
2025-04-30,554.5399780273438,0.0,0.000396829809890642,42.150001525878906,0.0,0.0047675985530886145
2025-05-01,558.469970703125,0.0,0.007086942026725218,,,
2025-05-02,566.760009765625,0.0,0.014844198430334021,43.375,0.0,0.029062833446612757
2025-05-05,563.510009765625,0.0,-0.005734349537724115,42.98749923706055,0.0,-0.00893373516863294
2025-05-06,558.7999877929688,0.0,-0.008358364343191038,42.75,0.0,-0.005524844228570358
2025-05-07,561.1500244140625,0.0,0.0042055058561747405,42.587501525878906,0.0,-0.0038011338975694198
2025-05-08,565.0599975585938,0.0,0.0069677857514378605,43.150001525878906,0.0,0.013208100495357478
2025-05-09,564.3400268554688,0.0,-0.0012741491279434358,43.6875,0.0,0.012456511126627268
2025-05-12,582.989990234375,0.0,0.03304738719814848,44.17499923706055,0.0,0.011158780819697789
2025-05-13,586.8400268554688,0.0,0.006603949785734642,44.712501525878906,0.0,0.012167567585771977
2025-05-14,587.5900268554688,0.0,0.0012780314322096142,45.724998474121094,0.0,0.022644605282398977
2025-05-15,590.4600219726562,0.0,0.004884349607746863,45.625,0.0,-0.0021869541270228554
2025-05-16,594.2000122070312,0.0,0.00633402786844095,45.75,0.0,0.00273972602739736
2025-05-19,594.8499755859375,0.0,0.0010938461217664397,45.11249923706055,0.0,-0.013934442905780386
2025-05-20,592.8499755859375,0.0,-0.0033621922872737464,45.20000076293945,0.0,0.0019396293124682717
2025-05-21,582.8599853515625,0.0,-0.016850789652983478,45.900001525878906,0.0,0.015486742281504595
2025-05-22,583.0900268554688,0.0,0.00039467712604679406,45.400001525878906,0.0,-0.010893245825233655
2025-05-23,579.1099853515625,0.0,-0.006825775301577575,45.212501525878906,0.0,-0.004129955808330088
2025-05-26,,,,45.162498474121094,0.0,-0.0011059563189440569
2025-05-27,591.1500244140625,0.0,0.02079059136787431,44.76250076293945,0.0,-0.00885685523822044
2025-05-28,587.72998046875,0.0,-0.005785407771406903,44.837501525878906,0.0,0.001675526649787873
2025-05-29,590.0499877929688,0.0,0.003947403401760141,44.9375,0.0,0.002230241889445539
2025-05-30,589.3900146484375,0.0,-0.0011185037847383228,,,
2025-06-02,592.7100219726562,0.0,0.005632954820585345,43.974998474121094,0.0,-0.02141867095140826
2025-06-03,596.0900268554688,0.0,0.005702628195088044,44.287498474121094,0.0,0.007106310650218717
2025-06-04,595.9299926757812,0.0,-0.0002684731709600152,45.32500076293945,0.0,0.023426527226969363
2025-06-05,593.0499877929688,0.0,-0.004832790626766448,45.412498474121094,0.0,0.0019304514000844097
2025-06-06,599.1400146484375,0.0,0.010268994150278488,45.48749923706055,0.0,0.0016515445187890165
2025-06-09,599.6799926757812,0.0,0.0009012551559597348,45.92499923706055,0.0,0.009618027091793824
2025-06-10,603.0800170898438,0.0,0.005669731282665458,47.162498474121094,0.0,0.026946091619352908
2025-06-11,601.3599853515625,0.0,-0.0028520788113346462,47.162498474121094,0.0,0.0
2025-06-12,603.75,0.0,0.003974349319302073,47.162498474121094,0.0,0.0
2025-06-13,597.0,0.0,-0.011180124223602483,47.162498474121094,0.0,0.0
2025-06-16,602.6799926757812,0.0,0.00951422558757331,47.162498474121094,0.0,0.0
2025-06-17,597.530029296875,0.0,-0.008545104270081039,47.162498474121094,0.0,0.0
2025-06-18,597.4400024414062,0.0,-0.00015066498929716676,47.56999969482422,0.0,0.008640365415049533
2025-06-19,,,,47.099998474121094,0.0,-0.009880202306460473
2025-06-20,594.280029296875,1.761,-0.0023416127792153635,47.029998779296875,0.0,-0.001486193144203174
2025-06-23,600.1500244140625,0.0,0.00987749011881256,46.63999938964844,0.0,-0.00829256644208376
2025-06-24,606.780029296875,0.0,0.011047245877038092,47.4900016784668,0.0,0.01822474914112049
2025-06-25,607.1199951171875,0.0,0.0005602785258216336,48.18000030517578,0.0,0.01452934517418325
2025-06-26,611.8699951171875,0.0,0.007823824018649228,48.2400016784668,0.0,0.0012453585079070795
2025-06-27,614.9099731445312,0.0,0.004968339764334306,48.290000915527344,0.0,0.0010364683938819397
2025-06-30,617.8499755859375,0.0,0.004781191670012452,48.36000061035156,0.0,0.0014495691343363593
2025-07-01,617.6500244140625,0.0,-0.00032362414789344207,48.63999938964844,0.0,0.005789883700641152
2025-07-02,620.4500122070312,0.0,0.004533291803274775,48.650001525878906,0.0,0.000205636027055478
2025-07-03,625.3400268554688,0.0,0.00788139987465386,49.31999969482422,0.0,0.013771801601874856
2025-07-04,,,,48.86000061035156,0.0,-0.009326826587976011
2025-07-07,620.6799926757812,0.0,-0.007452000479036269,48.56999969482422,0.0,-0.005935344083190741
2025-07-08,620.3400268554688,0.0,-0.0005477312372305088,48.349998474121094,0.0,-0.004529570147939865
2025-07-09,624.0599975585938,0.0,0.005996663994070728,48.849998474121094,0.0,0.010341261960279402
2025-07-10,625.8200073242188,0.0,0.002820257303000284,49.40999984741211,0.0,0.01146369274888892
2025-07-11,623.6199951171875,0.0,-0.0035154072757080934,49.619998931884766,0.0,0.00425013327506929
2025-07-14,624.8099975585938,0.0,0.0019082172648787754,49.33000183105469,0.0,-0.005844359271917066
2025-07-15,622.1400146484375,0.0,-0.004273271747553764,50.0,0.0,0.013581961161078349
2025-07-16,624.219970703125,0.0,0.0033432282214846953,50.400001525878906,0.0,0.008000030517578027
2025-07-17,628.0399780273438,0.0,0.006119649327969823,50.70000076293945,0.0,0.005952365634483314
2025-07-18,627.5800170898438,0.0,-0.0007323752525193461,51.45000076293945,0.0,0.01479289918567872
2025-07-21,628.77001953125,0.0,0.0018961764380651669,50.900001525878906,0.36,-0.003692890850205941
2025-07-22,628.8599853515625,0.0,0.00014308223598114012,50.54999923706055,0.0,-0.006876272658664084
2025-07-23,634.2100219726562,0.0,0.008507516372031176,50.70000076293945,0.0,0.002967389280768451
2025-07-24,634.4199829101562,0.0,0.0003310590028946514,51.0,0.0,0.005917144626156334
2025-07-25,637.0999755859375,0.0,0.004224319453948855,50.900001525878906,0.0,-0.00196075439453125
2025-07-28,636.9400024414062,0.0,-0.0002510958258695739,51.04999923706055,0.0,0.0029469097580552273
2025-07-29,635.260009765625,0.0,-0.002637599568784843,50.45000076293945,0.0,-0.01175315343953065
2025-07-30,634.4600219726562,0.0,-0.0012593076546151272,51.0,0.0,0.010901867764976814
2025-07-31,632.0800170898438,0.0,-0.003751229077306739,51.54999923706055,0.0,0.010784298765893041
2025-08-01,621.719970703125,0.0,-0.01639040328219421,51.099998474121094,0.0,-0.00872940387195853
2025-08-04,631.1699829101562,0.0,0.01519978873502148,50.79999923706055,0.0,-0.005870826732264578
2025-08-05,627.969970703125,0.0,-0.0050699689365404366,51.45000076293945,0.0,0.012795305819703673
2025-08-06,632.780029296875,0.0,0.007659695237280717,51.0,0.0,-0.008746370384188573
2025-08-07,632.25,0.0,-0.0008376201402309214,52.45000076293945,0.0,0.028431387508616623
2025-08-08,637.1799926757812,0.0,0.007797536853746623,52.45000076293945,0.0,0.0
2025-08-11,635.9199829101562,0.0,-0.0019774785462639555,52.849998474121094,0.0,0.007626267023131739
2025-08-12,642.6900024414062,0.0,0.010646024206171889,52.900001525878906,0.0,0.0009461315648342516
2025-08-13,644.8900146484375,0.0,0.0034231312120525104,53.349998474121094,0.0,0.008506558322536995
2025-08-14,644.9500122070312,0.0,9.303533506632711e-05,53.150001525878906,0.0,-0.0037487713957330415
2025-08-15,643.4400024414062,0.0,-0.002341281862229483,53.150001525878906,0.0,0.0
2025-08-18,643.2999877929688,0.0,-0.00021760326977848798,53.29999923706055,0.0,0.0028221581726315392
2025-08-19,639.8099975585938,0.0,-0.005425136484688009,53.20000076293945,0.0,-0.0018761440066130675
2025-08-20,638.1099853515625,0.0,-0.0026570578976855552,51.70000076293945,0.0,-0.028195488317453887
2025-08-21,635.5499877929688,0.0,-0.004011843753210287,52.0,0.0,0.005802693087687549
2025-08-22,645.3099975585938,0.0,0.015356793254796441,51.75,0.0,-0.004807692307692291
2025-08-25,642.469970703125,0.0,-0.0044010272058598865,52.70000076293945,0.0,0.01835750266549674
2025-08-26,645.1599731445312,0.0,0.004186969919329098,52.75,0.0,0.0009487521126509968
2025-08-27,646.6300048828125,0.0,0.0022785538462906096,53.0,0.0,0.004739336492890933
2025-08-28,648.9199829101562,0.0,0.003541403909580021,52.5,0.0,-0.009433962264150941
2025-08-29,645.0499877929688,0.0,-0.0059637477949624484,52.5,0.0,0.0
2025-09-01,,,,52.0,0.0,-0.00952380952380949
2025-09-02,640.27001953125,0.0,-0.007410229210411012,52.0,0.0,0.0
2025-09-03,643.739990234375,0.0,0.005419542688669621,51.95000076293945,0.0,-0.0009615237896258844
2025-09-04,649.1199951171875,0.0,0.008357419089116691,52.29999923706055,0.0,0.0067372178822138196
2025-09-05,647.239990234375,0.0,-0.002896236284437803,52.849998474121094,0.0,0.010516237955713104
2025-09-08,648.8300170898438,0.0,0.002456626412859597,53.349998474121094,0.0,0.009460738210708364
2025-09-09,650.3300170898438,0.0,0.002311853583358836,53.900001525878906,0.0,0.0103093358479589
2025-09-10,652.2100219726562,0.0,0.0028908474672986184,54.95000076293945,0.0,0.01948050477431651
2025-09-11,657.6300048828125,0.0,0.008310180352278485,55.45000076293945,0.0,0.009099180947368168
2025-09-12,657.4099731445312,0.0,-0.00033458287585352853,56.0,0.0,0.009918831911507331
2025-09-15,660.9099731445312,0.0,0.005323922883704979,56.0,0.0,0.0
2025-09-16,660.0,0.0,-0.0013768488621856978,56.75,0.0,0.013392857142857206
2025-09-17,659.1799926757812,0.0,-0.0012424353397253451,56.349998474121094,0.0,-0.007048485037513763
2025-09-18,662.260009765625,0.0,0.004672497836806455,56.95000076293945,0.0,0.010647778262033336
2025-09-19,663.7000122070312,1.831,0.004939151380382794,57.0,0.0,0.0008779497171329531
2025-09-22,666.8400268554688,0.0,0.004731075170536503,57.400001525878906,0.0,0.007017570629454406
2025-09-23,663.2100219726562,0.0,-0.005443591771073009,58.45000076293945,0.0,0.01829266914892247
2025-09-24,661.0999755859375,0.0,-0.0031815658943793457,58.400001525878906,0.0,-0.0008554189291345438
2025-09-25,658.0499877929688,0.0,-0.004613504621998388,58.20000076293945,0.0,-0.0034246705087982443
2025-09-26,661.8200073242188,0.0,0.0057290777314567,57.25,0.0,-0.016323036949930647
2025-09-29,663.6799926757812,0.0,0.0028104096748033935,,,
2025-09-30,666.1799926757812,0.0,0.003766875644270362,57.79999923706055,0.0,0.009606973573109912
2025-10-01,668.4500122070312,0.0,0.0034075168215907947,58.099998474121094,0.0,0.0051902982875506876
2025-10-02,669.219970703125,0.0,0.0011518565068935338,59.20000076293945,0.0,0.018932914246259758
2025-10-03,669.2100219726562,0.0,-1.4866158967619114e-05,60.04999923706055,0.0,0.01435808214808687
2025-10-06,671.6099853515625,0.0,0.003586263355458641,,,
2025-10-07,669.1199951171875,0.0,-0.003707494362329311,61.70000076293945,0.0,0.02747712817389325
2025-10-08,673.1099853515625,0.0,0.005963041402874625,61.150001525878906,0.0,-0.008914088010691046
2025-10-09,671.1599731445312,0.0,-0.0028970186885769467,61.599998474121094,0.0,0.0073589033035714735
2025-10-10,653.02001953125,0.0,-0.027027764376787222,,,
2025-10-13,663.0399780273438,0.0,0.015344029580113494,61.0,0.0,-0.009740235210771275
2025-10-14,662.22998046875,0.0,-0.0012216421112398734,60.70000076293945,0.0,-0.0049180202796811345
2025-10-15,665.1699829101562,0.0,0.00443954899070742,61.79999923706055,0.0,0.01812188567207884
2025-10-16,660.6400146484375,0.0,-0.006810241559458086,63.0,0.0,0.019417488313168585
2025-10-17,664.3900146484375,0.0,0.0056763137515907225,62.04999923706055,0.0,-0.01507937718951513
2025-10-20,671.2999877929688,0.0,0.010400477117627371,63.099998474121094,0.0,0.016921825140545854
2025-10-21,671.2899780273438,0.0,-1.4911017141350236e-05,63.20000076293945,0.0,0.0015848223650809512
2025-10-22,667.7999877929688,0.0,-0.005198930936866852,62.70000076293945,0.0,-0.007911392309558285
2025-10-23,671.760009765625,0.0,0.005929952148911788,62.349998474121094,0.0,-0.0055821735974401765
2025-10-24,677.25,0.0,0.008172546972973871,,,
2025-10-27,685.239990234375,0.0,0.011797696913067535,63.79999923706055,0.0,0.023255826759022158
2025-10-28,687.0599975585938,0.0,0.002656014462314449,63.349998474121094,0.0,-0.00705330357869427
2025-10-29,687.3900146484375,0.0,0.00048033227231458753,64.4000015258789,0.0,0.016574634207556338
2025-10-30,679.8300170898438,0.0,-0.010998119550020391,64.4000015258789,0.0,0.0
2025-10-31,682.0599975585938,0.0,0.0032802030105936186,64.75,0.0,0.005434758786153848
2025-11-03,683.3400268554688,0.0,0.0018767107020742912,64.1500015258789,0.0,-0.009266385700711921
2025-11-04,675.239990234375,0.0,-0.011853596017736279,63.95000076293945,0.0,-0.003117704726145143
2025-11-05,677.5800170898438,0.0,0.0034654743340312155,63.150001525878906,0.0,-0.012509761180865664
2025-11-06,670.3099975585938,0.0,-0.010729388925125316,63.29999923706055,0.0,0.0023752606105666985
2025-11-07,670.969970703125,0.0,0.0009845789961884233,62.54999923706055,0.0,-0.011848341375032656
2025-11-10,681.4400024414062,0.0,0.01560432239211762,63.349998474121094,0.0,0.012789756144178321
2025-11-11,683.0,0.0,0.0022892661907207845,62.900001525878906,0.0,-0.007103345841847353
2025-11-12,683.3800048828125,0.0,0.0005563761095350728,63.20000076293945,0.0,0.004769463112606065
2025-11-13,672.0399780273438,0.0,-0.016594027882646856,62.900001525878906,0.0,-0.00474682331390841
2025-11-14,671.9299926757812,0.0,-0.00016365894166792128,61.70000076293945,0.0,-0.019077913097438337
2025-11-17,665.6699829101562,0.0,-0.009316461288915168,61.900001525878906,0.0,0.0032415034111246133
2025-11-18,660.0800170898438,0.0,-0.008397503213040225,60.45000076293945,0.0,-0.02342489058474806
2025-11-19,662.6300048828125,0.0,0.003863149507556951,60.04999923706055,0.0,-0.006617064033589526
2025-11-20,652.530029296875,0.0,-0.015242255122032589,61.900001525878906,0.0,0.03080769878972145
2025-11-21,659.030029296875,0.0,0.009961227389035265,59.849998474121094,0.0,-0.03311798063366367
2025-11-24,668.72998046875,0.0,0.014718526835907575,59.54999923706055,0.0,-0.005012518708588876
2025-11-25,675.02001953125,0.0,0.009405947461920139,60.349998474121094,0.0,0.01343407636120797
2025-11-26,679.6799926757812,0.0,0.006903459171132775,61.349998474121094,0.0,0.016570008703957306
2025-11-27,,,,61.900001525878906,0.0,0.008965005141602589
2025-11-28,683.3900146484375,0.0,0.0054584834225450685,62.349998474121094,0.0,0.007269740503222044
2025-12-01,680.27001953125,0.0,-0.004565467815318525,61.5,0.0,-0.013632694385291688
2025-12-02,681.530029296875,0.0,0.0018522200441719594,61.70000076293945,0.0,0.0032520449258448547
2025-12-03,683.8900146484375,0.0,0.00346277529986061,62.29999923706055,0.0,0.009724448406838393
2025-12-04,684.3900146484375,0.0,0.0007311117128343536,62.20000076293945,0.0,-0.0016051119638154088
2025-12-05,685.6900024414062,0.0,0.0018994838690575833,62.75,0.0,0.00884243135553553
2025-12-08,683.6300048828125,0.0,-0.0030042694967975514,63.70000076293945,0.0,0.015139454389473395
2025-12-09,683.0399780273438,0.0,-0.0008630792259767261,63.599998474121094,0.0,-0.001569894625127577
2025-12-10,687.5700073242188,0.0,0.006632158354709983,64.05000305175781,0.0,0.0070755438432883455
2025-12-11,689.1699829101562,0.0,0.0023270002601829542,63.349998474121094,0.0,-0.010929032697641783
2025-12-12,681.760009765625,0.0,-0.010752025375860397,63.45000076293945,0.0,0.0015785681330238166
2025-12-15,680.72998046875,0.0,-0.0015108385386657375,62.79999923706055,0.0,-0.01024431076537613
2025-12-16,678.8699951171875,0.0,-0.0027323394075896568,62.25,0.0,-0.008757949741119986
2025-12-17,671.4000244140625,0.0,-0.011003536401451242,61.900001525878906,0.0,-0.005622465447728375
2025-12-18,676.469970703125,0.0,0.007551304892321253,61.900001525878906,0.0,0.0
2025-12-19,680.5900268554688,1.993,0.009036699952829911,62.5,0.0,0.009693028422143923
2025-12-22,684.8300170898438,0.0,0.006229874178387496,63.400001525878906,0.0,0.014400024414062518
2025-12-23,687.9600219726562,0.0,0.0045704843606495515,63.70000076293945,0.0,0.004731849051109016
2025-12-24,690.3800048828125,0.0,0.003517621421107009,63.849998474121094,0.0,0.0023547521096562996
2025-12-26,690.3099975585938,0.0,-0.0001014040437492536,64.4000015258789,0.0,0.00861398692093518
2025-12-29,687.8499755859375,0.0,-0.003563648189011559,65.25,0.0,0.01319873375747549
2025-12-30,687.010009765625,0.0,-0.0012211468345215692,65.1500015258789,0.0,-0.0015325436646911328
