Date,0050.TW,006208.TW,006203.TW,006204.TW,00850.TW,0053.TW,00881.TW,0056.TW,00701.TW,00713.TW,00646.TW,00662.TW,00757.TW,00636.TW,006207.TW,00635U.TW,00642U.TW,00631L.TW,00632R.TW,00663L.TW,TLT,IEF,SHY,LQD,HYG
2022-01-03,1.206527930189527,1.2054004608307332,1.2450717740638233,1.3136035445657297,1.242626929782301,1.2340518501951625,1.253962439275535,1.1813821335699686,1.278810519035761,1.3053002501489805,1.259052880722061,1.2612903553952455,1.1434674404831753,0.8912732794091195,0.9429202296373228,0.9282150101093132,1.5921522694727606,1.5783529970031385,0.7416546055930296,1.602649021223585,0.9300580570141369,0.957474737573557,0.9915684994590315,0.9760479951781849,1.0391511125174737
2022-01-04,1.2329002270863465,1.2310161359435468,1.269083845423215,1.3272718831947012,1.2616643624921153,1.2620786859353772,1.2731321951316044,1.1810286973320219,1.3006300341353274,1.3077497323949678,1.2599813480084063,1.263440860215054,1.161457164562278,0.8873390657484098,0.9362977417617087,0.9174664229751086,1.6016647457102804,1.6284353330301637,0.7314949288125013,1.6465983741719488,0.9261908324886309,0.9569705143969072,0.9921487181448463,0.9768668943826865,1.0365224530942239
2022-01-05,1.2304278085332157,1.2368711697330004,1.2681945898629732,1.322955507959246,1.2633950141856873,1.262954441026098,1.2770983036920498,1.182442711979526,1.3044247206127568,1.311117872686098,1.2544103081592846,1.2397849790511595,1.137845673153796,0.8859084860099103,0.9303059240529956,0.923224565889634,1.6135552843083496,1.6198178156520366,0.7343976837202043,1.6375676701088486,0.921163499614036,0.9529365366300034,0.990872113076621,0.9711345999511753,1.0285170566026522
2022-01-06,1.2188898972027493,1.2215017199951197,1.2557437907011024,1.3150422997208875,1.2557799882856573,1.239306915306917,1.2566065957027108,1.181028697332022,1.298258389014107,1.3129550719730718,1.2333641838549414,1.202150570449009,1.1063638275780898,0.8762518169611043,0.923368071019054,0.9193858527591234,1.6123663098269059,1.5966638515183444,0.7402031935356103,1.6008427701728787,0.9235482323411219,0.9505834096484351,0.9900597360825188,0.9698690491067653,1.028636474824474
2022-01-07,1.2081762930599016,1.2105235735181996,1.2450717740638233,1.3078484141751168,1.2443575814758727,1.2244177423460887,1.2447081439410566,1.1725447442948569,1.3006300341353272,1.310811731206591,1.238316206157991,1.2118279241746475,1.113784515846562,0.8805436926107012,0.9299905588946682,0.912859937930992,1.6765755811289966,1.5643522004762218,0.7460087033510162,1.587597847785085,0.9169095723055003,0.9474738837839906,0.9898276663166832,0.965700149008942,1.0260079065601722
2022-01-10,1.2160055136844563,1.2134511462506667,1.2521864970560275,1.3107259244854323,1.2474728073404067,1.2235418536135105,1.2447081439410566,1.176079780913617,1.3053734148502296,1.3141797546944094,1.2342927692068113,1.202150570449009,1.1110860915472414,0.8812589483714264,0.929044463419686,0.9113243941037801,1.6587396031354005,1.5805068961718693,0.7416546055930298,1.5918120661097783,0.9191654696699797,0.9472217721956656,0.9892473590884165,0.964806845729125,1.0268442899076655
2022-01-11,1.2221864971910674,1.2193061800401201,1.2539651438785648,1.31360354456573,1.2537032590694748,1.2305485625485642,1.2394199571670235,1.1736053227044143,1.3205521607599477,1.3212222935594875,1.231197681476452,1.1999999835927002,1.109961755237638,0.8762518169611043,0.9239987411859553,0.9186180808455175,1.6504162147769859,1.5826630549914278,0.7416546055930298,1.5990367028523165,0.9252884932123602,0.9494909047263932,0.9895955080083958,0.9677101949825383,1.0316235712310857
2022-01-12,1.2324881363687528,1.2324798664720396,1.264637160515844,1.317919810031203,1.2613181529292443,1.237555271483618,1.2427250266206749,1.1700702860856542,1.3281415337148068,1.3276523158589293,1.2429587787207672,1.217204268260669,1.1266021384950375,0.8819742723492008,0.9274676977778029,0.925527881630452,1.7027348340833461,1.603663119956389,0.7373004386279073,1.6086694905989856,0.9217435537885804,0.9496589577459761,0.9892473590884165,0.9670401039286675,1.0332964290850204
2022-01-13,1.238669119875364,1.2383349002614932,1.2717518835080481,1.323674940421816,1.2699715434373655,1.2436860916860935,1.2480132133947082,1.1736053227044143,1.3428459325057887,1.3377566199290079,1.24141129388835,1.217204268260669,1.133348327915382,0.87553649298333,0.9221066103857447,0.9293665947609626,1.7229488744374917,1.617126119586371,0.7329463408699208,1.6339553517375796,0.9299291233039254,0.9526844250416786,0.9897115871625396,0.9700923749267195,1.0295923675527374
2022-01-14,1.238669119875364,1.2383349002614932,1.2690838454232147,1.3215167528040883,1.2678948142211832,1.2366793827510398,1.241403074487405,1.1718378718189637,1.3447433209807345,1.3288771153835786,1.227174244525272,1.1903225478305615,1.10209122950769,0.8644492441960245,0.9088615744847628,0.9289827820229193,1.7170035484396262,1.6085109748416129,0.7358490957776238,1.6050571722277165,0.9158783976666229,0.9461292672736237,0.9884349820943144,0.9615312489111187,1.0286364748244743
2022-01-17,1.2526793240065297,1.2507767772669065,1.2868705850526978,1.3315882584301566,1.2786249339454867,1.2576995095562007,1.2599116651563624,1.1743123300281664,1.3461662718644816,1.3285708571007604,1.2209841871300784,1.1903225478305615,1.1027658999185415,0.8615880165019764,0.9170608881520139,0.9243762237600431,1.7621878672666773,1.6365126808779875,0.730043585962218,1.6435881394842486,0.9158783976666229,0.9461292672736237,0.9884349820943144,0.9615312489111187,1.0286364748244743
2022-01-18,1.2386691198753639,1.236139248631013,1.2806452533227894,1.323674940421816,1.2689331788292744,1.252444444444446,1.2566065856162854,1.182442711979526,1.341897256362808,1.3334699383960464,1.219746152037935,1.1827956989247315,1.0960197962795588,0.8712446855507824,0.9236834361773817,0.9243762237600431,1.778834757381168,1.6112026709072782,0.7358490957776238,1.6297411334128862,0.9029877803784092,0.9389858277601767,0.9869263072602534,0.9523744927139666,1.0236181747395143
2022-01-19,1.2238347343090108,1.2215017199951195,1.2557437907011022,1.3100066017928444,1.2571645624566192,1.2366793827510396,1.2415983019655104,1.1739587589423608,1.3338378208830832,1.3310204561500592,1.201176097917879,1.155913978494624,1.0791544942914213,0.8690987136174594,0.9208452099021889,0.9216890952811819,1.8073721860937282,1.5761992108169487,0.7416546055930296,1.596628551848185,0.9092397376310012,0.941254896173003,0.9873905353343764,0.9538634261753348,1.022662282011251
2022-01-20,1.2287795714152725,1.22589302325608,1.2512971057937314,1.3150422997208877,1.2599337107985429,1.2349277389277404,1.239551664600928,1.1792612464465715,1.3323267367781657,1.3322451388713972,1.1993190452796636,1.1591398177608372,1.0845513428900626,0.8873390657484099,0.9375591422452647,0.9347409249374447,1.809750361851939,1.5885865036705202,0.7387518506853267,1.6074653232318474,0.9148471246801405,0.9432718529975042,0.9871583770260891,0.9533422568661029,1.0207505877136724
2022-01-21,1.2019952089513457,1.2002773481432665,1.235289121548429,1.284828002382647,1.2350119038822707,1.2147835008551577,1.217039174065405,1.160879460572596,1.3136892321837714,1.3190789527930067,1.1776539034292486,1.1247311663883994,1.0530694973143566,0.8823319343380879,0.9239987411859554,0.9366602815027,1.7669441053854373,1.5234276643401676,0.7532656252238414,1.5430462274230077,0.9257397120242978,0.948734505843517,0.9879707540201914,0.9595956070128379,1.0208700970944422
2022-01-24,1.2133706098480215,1.2134511462506667,1.248903622644875,1.2927412106210057,1.2436652943903916,1.215659389587736,1.231365245261319,1.1566375514779428,1.324267301298441,1.3187726945101887,1.1714638460340552,1.119354822302378,1.0218123989066645,0.8837625140765875,0.927467697777803,0.9343570389806417,1.810939336333383,1.5411982363425292,0.7503628703161385,1.5568934172245148,0.9181341966834972,0.9478941125097999,0.988551061248458,0.9566178536841092,1.019794694985409
2022-01-25,1.1935690241607344,1.1951542354557998,1.2216746204519828,1.2690013663659658,1.2287814521532023,1.1963910402477314,1.2149925367008225,1.1432046820223725,1.308652060989931,1.3105054729237726,1.1507272895355103,1.1000000328146007,0.9959523206603375,0.872675265289282,0.9164301578353591,0.9370441674595029,1.7693222811436482,1.4878864073529037,0.7619738899469501,1.5015050254787754,0.916651803232682,0.9466334904502737,0.9880868331743351,0.9539378302506503,1.0168075985787974
2022-01-26,1.192726482825699,1.1914948532968264,1.2262127874841315,1.2704402312911058,1.228435374630592,1.2051493930060841,1.2068062474799348,1.1453257039936284,1.3131855054567823,1.313567471735396,1.1544412767464165,1.0924731018722704,0.9894310499707308,0.8658798239345241,0.9050773128843415,0.9401151818951672,1.7978597098562084,1.484654541756935,0.764876644854653,1.5015050254787754,0.9055658644970099,0.9399102155447345,0.9863460000319869,0.9474610974869571,1.0133425558080542
2022-01-27,1.192726482825699,1.1914948532968264,1.2262127874841315,1.2704402312911058,1.228435374630592,1.2051493930060841,1.2068062474799348,1.1453257039936284,1.3131855054567823,1.313567471735396,1.1544412767464165,1.0924731018722704,0.9894310499707308,0.8658798239345241,0.9050773128843415,0.9401151818951672,1.7978597098562084,1.484654541756935,0.764876644854653,1.5015050254787754,0.9221947726005182,0.9438601347428961,0.9855336230378846,0.9496200084081883,1.0089217114679958
2022-01-28,1.192726482825699,1.1914948532968264,1.2262127874841315,1.2704402312911058,1.228435374630592,1.2051493930060841,1.2068062474799348,1.1453257039936284,1.3131855054567823,1.313567471735396,1.1544412767464165,1.0924731018722704,0.9894310499707308,0.8658798239345241,0.9050773128843415,0.9401151818951672,1.7978597098562084,1.484654541756935,0.764876644854653,1.5015050254787754,0.9225170577022445,0.9460452087048815,0.9858817719578639,0.9506622334326442,1.0117892984938375
2022-01-31,1.192726482825699,1.1914948532968264,1.2262127874841315,1.2704402312911058,1.228435374630592,1.2051493930060841,1.2068062474799348,1.1453257039936284,1.3131855054567823,1.313567471735396,1.1544412767464165,1.0924731018722704,0.9894310499707308,0.8658798239345241,0.9050773128843415,0.9401151818951672,1.7978597098562084,1.484654541756935,0.764876644854653,1.5015050254787754,0.9177474939004676,0.9460452087048815,0.9858817719578639,0.9511089418695566,1.0120282260964293
2022-02-01,1.192726482825699,1.1914948532968264,1.2262127874841315,1.2704402312911058,1.228435374630592,1.2051493930060841,1.2068062474799348,1.1453257039936284,1.3131855054567823,1.313567471735396,1.1544412767464165,1.0924731018722704,0.9894310499707308,0.8658798239345241,0.9050773128843415,0.9401151818951672,1.7978597098562084,1.484654541756935,0.764876644854653,1.5015050254787754,0.9147053200221618,0.9447677733927772,0.9858005480710761,0.9526871843032331,1.0160310118548053
2022-02-02,1.192726482825699,1.1914948532968264,1.2262127874841315,1.2704402312911058,1.228435374630592,1.2051493930060841,1.2068062474799348,1.1453257039936284,1.3131855054567823,1.313567471735396,1.1544412767464165,1.0924731018722704,0.9894310499707308,0.8658798239345241,0.9050773128843415,0.9401151818951672,1.7978597098562084,1.484654541756935,0.764876644854653,1.5015050254787754,0.9178033629362606,0.9467025945496349,0.9860327692578515,0.952761729346103,1.01758986038184
2022-02-03,1.192726482825699,1.1914948532968264,1.2262127874841315,1.2704402312911058,1.228435374630592,1.2051493930060841,1.2068062474799348,1.1453257039936284,1.3131855054567823,1.313567471735396,1.1544412767464165,1.0924731018722704,0.9894310499707308,0.8658798239345241,0.9050773128843415,0.9401151818951672,1.7978597098562084,1.484654541756935,0.764876644854653,1.5015050254787754,0.9106390709889636,0.9426647376125032,0.9852201722370033,0.9450793789891393,1.0084763739084224
2022-02-04,1.192726482825699,1.1914948532968264,1.2262127874841315,1.2704402312911058,1.228435374630592,1.2051493930060841,1.2068062474799348,1.1453257039936284,1.3131855054567823,1.313567471735396,1.1544412767464165,1.0924731018722704,0.9894310499707308,0.8658798239345241,0.9050773128843415,0.9401151818951672,1.7978597098562084,1.484654541756935,0.764876644854653,1.5015050254787754,0.8972140870478569,0.9354302893939964,0.9832466464151437,0.9356815252677465,1.0045191913162304
2022-02-07,1.1990461214186574,1.199545427041279,1.23165850482639,1.2833891374575075,1.2422807202194297,1.2016459717176287,1.2054418225702133,1.166535384314753,1.3298081031432205,1.3258151165719552,1.191581503052053,1.1354838545604424,1.0281088366468951,0.8630185962404759,0.9012929911341665,0.9209213233675759,1.9417360546957756,1.523965461237102,0.7532656252238412,1.5460564621107078,0.89779505011332,0.9356827075984585,0.9834788676019192,0.9373970286321756,1.003799736840228
2022-02-08,1.2041017551489985,1.2032048092002523,1.2398272885805777,1.2963381533938914,1.2471265977775359,1.2069010368293833,1.213628241909822,1.1771402244753153,1.3408898989848792,1.3408186187406312,1.1878675158411467,1.1236559139784952,1.0096694466690406,0.8508584297035582,0.8848943637996642,0.925143995673649,1.9262783658580518,1.5390420775229705,0.7489114582587187,1.5611076355492084,0.8917924873269317,0.9326543309404994,0.9824340493942956,0.9338914768604474,1.0027205551262248
2022-02-09,1.208314847544304,1.2083280335631996,1.237104360662515,1.303532038939662,1.2568184849340087,1.213907745764437,1.2245433809501531,1.1842101628649766,1.345423247375681,1.347248641040073,1.204580517322987,1.144086037912677,1.0317067643064435,0.8690987136174595,0.9038158522510319,0.9293665947609626,1.8989299116269356,1.5681218629691245,0.7445573605007324,1.5918120661097783,0.8934705733876918,0.9339161010650168,0.9823180273673408,0.937024075799374,1.0079967070953908
2022-02-10,1.2222181295928385,1.2236973716255992,1.2543493399871333,1.3121646796405906,1.2668563175728311,1.2279210299926868,1.236140732445345,1.1838567266270301,1.3519715987504881,1.3481671822819044,1.213246644902468,1.1602150701707414,1.046773059574126,0.862661002468638,0.8978240345423188,0.9324376824153866,1.9024970618665904,1.5950479752116302,0.7373004386279071,1.6092713905524099,0.8792711033393125,0.9253357433205052,0.9773263346488636,0.9242698742012189,0.9946862503668102
2022-02-11,1.2213754596844268,1.221501719995119,1.2570722679051958,1.3136035445657306,1.2647795883566488,1.2261693861693876,1.2320474577161802,1.1817357046557742,1.3529790522044662,1.3463300997982417,1.1863200310087294,1.1247311663883994,1.021362647226551,0.8705293615730082,0.9000315906506106,0.9278311241525105,1.8977408237478304,1.589124413549996,0.7373004386279071,1.6116797252866857,0.8923088442267829,0.9349255813441892,0.9803445015454814,0.9311317738497095,0.9912088260747396
2022-02-14,1.2024165439055516,1.2046686514042262,1.2380119109726244,1.292741210621006,1.2471265977775359,1.2007702166269076,1.2040773976604917,1.1711308644952119,1.34038617225789,1.3362256789248517,1.1767254361429031,1.1043010424542177,0.9991004966397721,0.860515030535315,0.8864711895913012,0.9424184244172255,1.9952438752789028,1.541198236342529,0.7489114582587189,1.560505735595784,0.8812074170925025,0.9284482593799516,0.9782549536966669,0.9228527786267214,0.9895299464855845
2022-02-15,1.1969395752210048,1.2002773481432658,1.238919599776601,1.2891442678481206,1.2436652943903916,1.204273504273506,1.2027129727507702,1.1700702860856544,1.3348452743370607,1.3337761966788644,1.1674404090828752,1.101075285224505,1.00337300892881,0.8601573685464278,0.89057081635005,0.9558541400302912,1.9964329631580082,1.5298890228987363,0.7503628703161384,1.5635159702834842,0.8712032114385277,0.9256722367468959,0.9786032854768301,0.9182284252612015,0.9912088260747397
2022-02-16,1.2167410323349153,1.2193061800401197,1.2470882450369218,1.3085677368677051,1.2627027271002063,1.2209143210576332,1.2218145311307103,1.176079780913617,1.3454232473756809,1.3429619595071118,1.1857010134626575,1.1279570056546124,1.0301326763167262,0.8690987136174595,0.9000315906506106,0.9420346116791821,1.939357878937565,1.5832008518883616,0.7387518506853267,1.5948223007974787,0.8763666819520317,0.927606993724195,0.9798802363047964,0.9195709757928291,0.9967248571939665
2022-02-17,1.217583702243327,1.2185742589381325,1.2543493399871333,1.3128841121031605,1.2627027271002063,1.219162677234334,1.2211323186758494,1.1785542391228194,1.3494530611915927,1.3460238415154238,1.1813678906401548,1.122580661568591,1.0233864868963818,0.8737482512559436,0.904761947726014,0.9539347834650359,1.952437618812401,1.5869706273638062,0.7373004386279072,1.6026490212235855,0.8828855031532626,0.9325701915390119,0.9804606121388693,0.9202422226063365,0.9925277954517138
2022-02-18,1.214213279756433,1.2141829556771722,1.250718861758961,1.3150422997208882,1.262356649577596,1.2226660985227895,1.2190858114299878,1.1842101628649766,1.3484456077376148,1.3466362412777486,1.171463846034055,1.1043010424542177,1.0137171260087026,0.8723176033003949,0.9053926178929151,0.9608445842499703,1.9227111022207355,1.5864303448509616,0.7373004386279072,1.60927139055241,0.8921797303805679,0.935598568196971,0.980576722732257,0.9224798257939198,0.9939667958908082
2022-02-21,1.2116853986045741,1.2119874157221728,1.2443654556127262,1.3150422997208882,1.2620104400147252,1.2121559682992804,1.2177213865202663,1.194815003025539,1.3464307008296588,1.3463300997982421,1.1618693692337534,1.0881720101961532,0.9901056346002206,0.8694563756063467,0.9000315906506104,0.9612284702067733,1.9310344905791503,1.5826630549914271,0.7373004386279072,1.6056592559112857,0.8921797303805679,0.935598568196971,0.980576722732257,0.9224798257939198,0.9939667958908082
2022-02-22,1.1952543639775575,1.1966179659842924,1.2271203377942408,1.2920218879284182,1.2453959460839639,1.2016459717176287,1.2020308904146304,1.18385672662703,1.3343415476100717,1.33653193720767,1.140513677123612,1.0604301370600224,0.963346052993666,0.8547925751472187,0.8867865547496284,0.9719769841222182,1.998810912120896,1.5277352367125467,0.7503628703161385,1.5526790151696774,0.8945032871873942,0.9355144287954835,0.9796480151180211,0.9212864222526452,0.9916884014006812
2022-02-23,1.1986247864644513,1.1980816965127854,1.2380119109726244,1.3049707940948199,1.250934110727551,1.2060251480968052,1.2081705422709357,1.1930475521400883,1.3403861722578898,1.341124760220138,1.15072728953551,1.0806451612903232,0.9662693960237244,0.8601573685464278,0.8962472689004353,0.9642994846424375,1.9857313990413827,1.5481975047805736,0.7445573605007326,1.573148574300009,0.8821755247265932,0.930635370382154,0.9790675507175155,0.9129328250821742,0.9898897652106757
2022-02-24,1.1695544746515176,1.1695385603429855,1.2035219523233878,1.2668432885182206,1.2204741391676917,1.1736192696192713,1.1761073376048032,1.1732517516186087,1.3152004123647376,1.3224469762808253,1.1083255911865502,1.0264516030588462,0.9102765556793089,0.8497854437368966,0.888678685549839,0.9884837141709482,2.0760998099001613,1.4652679804653184,0.7634253020043699,1.4900661704115445,0.8827564877920562,0.9328225455639153,0.9798802363047965,0.9172588275623754,0.9969646448569371
2022-02-25,1.1670265934996589,1.1688066392409986,1.2026142635194113,1.275475929219149,1.2201280616450814,1.1674884494167959,1.1754251251499424,1.1782008028848727,1.3136892321837708,1.3236717758054748,1.1377281571990512,1.0763440696142057,0.9507532632945664,0.8547925751472186,0.8956165385837804,0.9735125279494301,2.0451844322247137,1.4695755528376977,0.7634253020043699,1.4936784887828136,0.8834018600531139,0.9325701915390118,0.9798802363047965,0.9209881282719393,1.0026006155511944
2022-02-28,1.1670265934996589,1.1688066392409986,1.2026142635194113,1.275475929219149,1.2201280616450814,1.1674884494167959,1.1754251251499424,1.1782008028848727,1.3136892321837708,1.3236717758054748,1.1377281571990512,1.0763440696142057,0.9507532632945664,0.8547925751472186,0.8956165385837804,0.9735125279494301,2.0451844322247137,1.4695755528376977,0.7634253020043699,1.4936784887828136,0.9027648006149971,0.9431695098418686,0.9816214523734479,0.9308334798690036,1.0033200700271967
2022-03-01,1.1834576281266755,1.1827123584503858,1.2234898595660688,1.2956188307013037,1.2388194168322855,1.1867567987568006,1.195891108439604,1.197643032320547,1.3232598478444624,1.3386752779741509,1.1668213915368033,1.1043010424542175,0.9802113549818033,0.8648069061849118,0.9025544517674756,0.9692898556433569,2.080856161416583,1.5223495849303885,0.7489114582587192,1.5490666967984086,0.9131885681630154,0.9523471400167075,0.9838851926822735,0.934010830416445,1.0005260638123135
2022-03-02,1.1767166545795111,1.1775891340874383,1.2135058366977949,1.2948993982387338,1.2329350426258276,1.1841292662009233,1.1883869015548558,1.2008244978535014,1.3222523943904845,1.3405123604578133,1.15567931183856,1.0967741935483875,0.9856082893618064,0.8612303545130893,0.89687799921709,0.9842610418648751,2.3329371219038486,1.5126562477933096,0.7532656252238417,1.538832009098315,0.8819734063720426,0.9380337528452869,0.9806337569634872,0.9198104464391367,1.0029332549517198
2022-03-03,1.17924453573137,1.1790529762914124,1.2153210758118809,1.3013738513219346,1.2357041909677513,1.1858809100242222,1.1904335389194383,1.2096618871286133,1.3227561211174732,1.342655701224294,1.1717734138398535,1.105376376900622,0.9838092826413514,0.8540772511694442,0.8915169118250317,0.9788867849071525,2.462544525591813,1.518041899575468,0.7503628703161387,1.5472606294778464,0.8909566443406616,0.942075151093677,0.9806337569634872,0.9231736697663917,0.9999243348961764
2022-03-04,1.166605258545453,1.1666109876105182,1.2017065747154347,1.2891442678481209,1.2232432875096153,1.1736192696192713,1.1747429126950812,1.203298956062704,1.3136892321837705,1.3353071376830208,1.1612503516876818,1.0860215053763445,0.9545761096848521,0.8415594226436393,0.8807947370409152,0.9880998282141452,2.3781213273332384,1.4857302485333452,0.7590711350392475,1.5123418887275109,0.9063380541369546,0.9514209728687709,0.9816788834498096,0.9240705559302111,0.9934250565572083
2022-03-07,1.1291087619419082,1.1483140768156515,1.1635859993441589,1.2474197097286541,1.1875913608690394,1.1307033945600855,1.1426797080289488,1.182442711979526,1.2829625743697892,1.313261213452578,1.1516557568218555,1.0692473380796375,0.9296154490173908,0.8215307605682528,0.8634500142314309,1.0149712594402769,2.727705225953915,1.385570321746032,0.7822931743008711,1.413004144033408,0.8994228493583012,0.947379510383514,0.9804015558512847,0.9128597354777859,0.9847593521052507
2022-03-08,1.1050940838593157,1.1109884457994117,1.1418028529873918,1.219363600008141,1.1650924927318203,1.1088074458432748,1.1065232286336515,1.166535384314753,1.2658362499563618,1.2982578280872135,1.1265861955663325,1.040860247868364,0.9010568606903813,0.8140200634527698,0.8511510738054311,1.0165067300487292,2.636147500420708,1.3247189418055174,0.7997097729542247,1.3521974584609096,0.8903750192510419,0.9412331984783346,0.9791242282527599,0.9074038347894672,0.981268993821826
2022-03-09,1.1164694847559915,1.1168434795888653,1.1517868066087322,1.2387870690277254,1.1754765349335135,1.1219450418017325,1.120167217493426,1.1792612464465713,1.273392054785147,1.3105054729237728,1.1303001827772388,1.0479569794029322,0.9127501470292533,0.7972103592773679,0.8293913590788707,1.0529750905386563,2.7170036618372895,1.3607979956897158,0.7895500961736964,1.383503880839976,0.8816502484509366,0.9354236162297987,0.978543592583407,0.908973342810265,0.9894532600459023
2022-03-10,1.1489103476291953,1.1490459979176386,1.1826463562767302,1.2654044235930808,1.2042058547998005,1.1508474989908108,1.1529126346144192,1.1979964685584932,1.298577814678299,1.3304080563877347,1.1504177217297118,1.0763440696142057,0.9437823267062074,0.814377725441657,0.8546200303972789,1.0095969292637947,2.3912010672080743,1.433496498953499,0.7677793997623564,1.4581576643489094,0.8689832863007736,0.9311295743836258,0.9777307558018516,0.898584653752712,0.9811486113086176
2022-03-11,1.1324791844288022,1.1351403903837323,1.167216616066198,1.253174840119267,1.1924372384271453,1.1368342147625607,1.1379043509636442,1.1983500396442988,1.2935406434844585,1.3252027168096305,1.143299197048173,1.0619355068411882,0.9212952573886909,0.7918454976611096,0.8278145934369876,1.012667943699459,2.3043994663959655,1.397955241966235,0.7779390765428847,1.4232389235985738,0.8718915103628246,0.9308769950227097,0.9773824098372658,0.8982109369291587,0.9740476040535125
2022-03-14,1.1324791844288022,1.1314810082247588,1.1644936881481356,1.2603687256650378,1.1938218125981073,1.1324550383833842,1.1256247870135914,1.2064804215956586,1.297570361224321,1.3288771153835786,1.145465699426662,1.0574193154611897,0.8997076056500399,0.7943490633662705,0.8328603156707184,1.0072936867417366,2.3186682941499073,1.4017249044591384,0.7764876644854652,1.429861476657543,0.8515337447005631,0.9190895299341831,0.974827754640216,0.8852064011702762,0.9624933620592201
2022-03-15,1.1093071762546214,1.1102565246974248,1.141802852987392,1.2351901262548401,1.17270751863185,1.1035524475524485,1.0990191518676244,1.1941079957017868,1.2915257365765027,1.3245903170473057,1.1349426372744906,1.0395698957545785,0.8671014237647303,0.7610873170043541,0.8019552519516784,0.9846449278216781,2.1510107587165397,1.3446434129766098,0.793904193931683,1.3678506237179067,0.8500473366002174,0.9186685215080784,0.9751761891973666,0.8921571121316271,0.9697147518275337
2022-03-16,1.1139416036041327,1.1139159068563982,1.141802852987392,1.2323126159445246,1.1785917607980474,1.1035524475524485,1.1017478715683466,1.1916335374925842,1.3061335234310347,1.3350008794002024,1.1609407838818837,1.06989247311828,0.8952102604116261,0.7707439178361108,0.8129927918941223,0.9765835423850944,2.1284185426041833,1.3559526264204025,0.7895500961736965,1.3762793359625105,0.858384357340576,0.9174055604666315,0.9742472075634276,0.8997804449499563,0.9833150374216071
2022-03-17,1.1493315540100248,1.1505097284461319,1.1808311171626447,1.2589299705098798,1.2128592453079217,1.1473442113442125,1.1447263453935312,1.2022383776531465,1.323763574571451,1.3478610408023979,1.178582488781119,1.1000000328146005,0.970541908312762,0.8032904084373022,0.8416903596546242,0.9846449278216781,2.1296076304832887,1.4415738468013233,0.7648766448546536,1.4720047622853445,0.851986185512902,0.9156374407033525,0.9738988615988418,0.9085996259867114,0.9900550807869923
2022-03-18,1.1468038014315425,1.1461185368606523,1.1799234283586681,1.2610881581276074,1.2121669582224406,1.1473442113442125,1.141315283119227,1.1983500396442988,1.3328303674291042,1.3506167813312033,1.182915493538097,1.0978494459582917,0.9601978770142312,0.795422049332932,0.8338064111457005,0.9834933431700288,2.3115339936705976,1.430804802887834,0.769230811819776,1.454545437842713,0.8623912394432263,0.918331727614568,0.9736665718940747,0.9103933412931685,0.9933046740439999
2022-03-21,1.154387316313742,1.1534373011785992,1.1889997624229656,1.2704402312911056,1.2125130357450509,1.1543509202792661,1.148137277549114,1.2001174905297494,1.3338378208830821,1.355209604343671,1.2024140149444984,1.131182762884325,0.9968518240205646,0.795422049332932,0.8369600025792207,0.9819577993428169,2.379310415212343,1.4491132847696713,0.7634253020043701,1.4726068459689134,0.8424213224546633,0.9063758334608528,0.9704152247678531,0.8977625223578395,0.981870814562916
2022-03-22,1.1527021050702948,1.151973458974625,1.189907451226942,1.2690013663659658,1.2135515323934025,1.1525992764559672,1.1460906401845314,1.1972894612347413,1.3378675386229444,1.3594964026799436,1.2055091026748574,1.1333333497406337,1.002248672619206,0.8015021667099156,0.8404288990213146,0.9877159422573423,2.5219975587751433,1.4544989365518297,0.7619738899469506,1.4726068459689134,0.8316284198506404,0.9014082038276593,0.9697185328386813,0.8955950902278288,0.9869257782182402
2022-03-23,1.1636561710127646,1.1644154476555193,1.1989837852912397,1.280511627147192,1.225666226288668,1.16135762921432,1.156323696888723,1.2004709267676958,1.3524753254774764,1.368375907225373,1.223150689508568,1.1569892309045282,1.0445243869549186,0.8061517043483997,0.8426363949798525,0.9788867849071526,2.464922701350023,1.4830385524676803,0.7547169680741251,1.4990968744746453,0.849853461570344,0.9074703654371113,0.9705313696202367,0.8981361821602114,0.9837964756494882
2022-03-24,1.162813501104353,1.1629516054515452,1.1989837852912397,1.2776341168368766,1.224973939203187,1.1604817404817418,1.156323696888723,1.2004709267676958,1.3534827789314543,1.371744047516503,1.2135560946427417,1.1505376344086025,1.0445243869549186,0.8036480704261895,0.8413749944962966,0.9888676001277511,2.55648042688323,1.4798066868717115,0.7547169680741251,1.5033111846644112,0.8431968225741563,0.9024185855081904,0.9702990799154696,0.8985098989837648,0.985842611074222
2022-03-25,1.1644987123478001,1.1658791781840125,1.1989837852912397,1.2718789864462634,1.2228972099870048,1.1701159819726727,1.1583702041345845,1.195168574111344,1.3519715987504874,1.3674573659835418,1.2287217293576898,1.16989250593288,1.04924665092407,0.7957797113218193,0.8309681848705075,0.9984645293915467,2.5041616941792086,1.4733453283131428,0.7547169680741251,1.497290715289011,0.8314992355733596,0.8931569782656907,0.967628368458601,0.8914096784845199,0.978741511994164
2022-03-28,1.1518594351618832,1.1527053800766123,1.186276834504903,1.262526913282765,1.2149359745241042,1.1499717439000898,1.1447263453935312,1.1941079957017866,1.3514678720234985,1.3702131065123473,1.2376973066774442,1.170967758342784,1.0481223146144667,0.7904149179226102,0.8252917323201219,0.99001925799816,2.4696790528664447,1.446421588704006,0.7619738899469506,1.470800686783279,0.8386082167679341,0.8951776773898857,0.966699386824662,0.8963424668537541,0.9848797346184595
2022-03-29,1.1531234400245007,1.1541691106051053,1.1871845233088796,1.2639656684379228,1.2149359745241042,1.1455925675209135,1.141315283119227,1.1891590792833815,1.3484456077376141,1.3653140252170612,1.2503868712081048,1.1903225478305612,1.0717337202415866,0.7914878356722225,0.8265531328036778,0.9796545568207584,2.3519620743788883,1.45449893655183,0.7605224778895311,1.4732088377874102,0.8449417964569677,0.8996400840643803,0.9671638776416314,0.9038911019243178,0.9970357055288888
2022-03-30,1.1674479284538646,1.1673429087125056,1.202614263519412,1.279792194684622,1.2260123038112785,1.1648609168609183,1.1515482097046974,1.1912801012546375,1.3605347609572012,1.373274988520659,1.2534818408729391,1.2010752360026042,1.080953415230514,0.8029328146654643,0.8366446374208931,0.9800384427775612,2.3472057228624665,1.485730248533346,0.7532656252238418,1.5099337377233804,0.8515337447005628,0.9031763235909382,0.9678605695708032,0.9059837792853815,0.9940267854733453
2022-03-31,1.1636561710127649,1.1651472570820254,1.2035219523233884,1.2761952519117366,1.2239355745950962,1.1604817404817418,1.1467728526393928,1.1888056430454348,1.3635570252430858,1.3757245875699575,1.25131533849445,1.1978494787728915,1.0717337202415866,0.8065092981202375,0.8388521333794312,0.9773512410799404,2.261593436724786,1.4749612046198566,0.7561683801315447,1.5015050254787767,0.8536018765044803,0.9048602930584899,0.9678605695708032,0.9038911019243179,0.9904161365016649
2022-04-01,1.1539659813595362,1.1556328411335983,1.1917226903410285,1.2718789864462634,1.217705122866028,1.1438409236976144,1.1351755011442008,1.1859776137504268,1.3630532985160968,1.3763369873322822,1.2395542412501348,1.1827956989247312,1.0508207389137874,0.8226037465349142,0.8517818041220858,0.9865643576056928,2.233056008012226,1.4571906326174953,0.7590711350392476,1.478627315344314,0.8568462037383606,0.8989749570435817,0.9658400913934126,0.9069179778295274,0.9903438746713564
2022-04-04,1.1539659813595362,1.1556328411335983,1.1917226903410285,1.2718789864462634,1.217705122866028,1.1438409236976144,1.1351755011442008,1.1859776137504268,1.3630532985160968,1.3763369873322822,1.2395542412501348,1.1827956989247312,1.0508207389137874,0.8226037465349142,0.8517818041220858,0.9865643576056928,2.233056008012226,1.4571906326174953,0.7590711350392476,1.478627315344314,0.8508914000714106,0.898384915114399,0.9664209784806662,0.9100636613775238,0.9978364426423441
2022-04-05,1.1539659813595362,1.1556328411335983,1.1917226903410285,1.2718789864462634,1.217705122866028,1.1438409236976144,1.1351755011442008,1.1859776137504268,1.3630532985160968,1.3763369873322822,1.2395542412501348,1.1827956989247312,1.0508207389137874,0.8226037465349142,0.8517818041220858,0.9865643576056928,2.233056008012226,1.4571906326174953,0.7590711350392476,1.478627315344314,0.8316676942458175,0.8876797860009812,0.9646784058498313,0.8941107356238803,0.984905781469304
2022-04-06,1.1480676777207837,1.1497779190196258,1.1835539065868406,1.2646851009004927,1.215282184086975,1.1350825709392616,1.119485005038565,1.1831497193032776,1.3771573586436396,1.3833794093940488,1.2386257739637894,1.181720446514827,1.059140930542487,0.8208155048075276,0.8495743081635477,0.9788867849071525,2.2853745139209245,1.4453435092942268,0.7619738899469506,1.4695966112812135,0.8249361083514023,0.88456102050805,0.965375399449795,0.8888680249459877,0.977171559395665
2022-04-07,1.1274235506984613,1.131481008224759,1.1672166160661988,1.240225824182883,1.1941678901207178,1.1149383328666786,1.0990191518676244,1.1630004825438516,1.3605347609572014,1.3702131065123468,1.2209841871300788,1.1526881392284107,1.0258600782463259,0.814377725441657,0.8435824904548347,0.9769674283418973,2.1854934000293027,1.389339984238936,0.7764876644854652,1.411197984847774,0.8187223937360352,0.882369408638337,0.9660724816806844,0.8847487114553143,0.975600577230432
2022-04-08,1.1337431892914198,1.1322128176512651,1.1644936881481363,1.2517360849641088,1.2021289935433581,1.1193175092458552,1.0942437948023198,1.1725447442948567,1.3726239141767884,1.3797051276234122,1.2342927692068113,1.1655914142567625,1.0281088366468945,0.8251073122400754,0.8511510738054309,0.9819577993428168,2.165279359675157,1.4103401621864389,0.7706821546700594,1.4340757868473093,0.8098549283182679,0.8779019391302757,0.9649107075061772,0.8777833631882508,0.9696789914246774
2022-04-11,1.1160481498017856,1.1175752890153716,1.1499714982477136,1.2359095587174096,1.1848222125271157,1.0991732711732725,1.0703668142977147,1.159819017010897,1.3706090072688326,1.3757245875699575,1.2259362094331288,1.1397849462365592,0.9984259120102815,0.8040057324150767,0.83065281971218,0.9892514860845543,2.1629014107122697,1.3624139849789718,0.7837445863582906,1.3877181910297423,0.7970391079738011,0.8736873355476145,0.9651430977934491,0.8692452017178194,0.9630324433109688
2022-04-12,1.1168908197101972,1.1168434795888655,1.1481562591336276,1.234470803562252,1.1848222125271157,1.0947940947940962,1.0710490267525756,1.155576973068385,1.3635570252430858,1.3717440475165028,1.2163416145673025,1.1236559139784947,0.9788620999414616,0.8201001808297533,0.8442132207714894,0.9999999999999992,2.18192636318731,1.3667215573513511,0.7822931743008711,1.388320274713311,0.7959387734796891,0.8779019391302757,0.9675826640242476,0.8698443849785101,0.9704041381310308
2022-04-13,1.1379562816867252,1.1373359303387316,1.1690318551802852,1.2531748401192668,1.2031673581514493,1.1175657986016276,1.09424379480232,1.1704238571714594,1.3716164607228103,1.3830731511112309,1.2172701999191726,1.127957005654612,0.984034115590727,0.8236767325015758,0.8432671252965073,1.0042226723060723,2.2651604735667794,1.4124939483726286,0.7692308118197758,1.437086021535009,0.7975569298706352,0.8798406207648415,0.9680473559678654,0.8743381451511697,0.9762047585866601
2022-04-14,1.1337431892914196,1.1344084692817453,1.1681241663763087,1.2517360849641093,1.1990137676788242,1.1140624441341007,1.0935615823474591,1.1690098425239552,1.3534827789314543,1.3726627055616456,1.2277931440058194,1.1473117951423892,0.9939284809905058,0.829041525900785,0.8435824904548347,1.0049904442196782,2.337693246624947,1.4092644554100286,0.7706821546700593,1.4316676358431777,0.7815695368269342,0.8719172097600665,0.9663047833370304,0.864152258284469,0.9696789914246774
2022-04-15,1.1143629385583385,1.1146478279583854,1.1490638786906706,1.236628881409998,1.1817069866625818,1.0947940947940962,1.0696846669022144,1.1630004825438516,1.3454232473756802,1.3683759072253727,1.2200556017782087,1.1290322580645162,0.9736900842921962,0.831545091605946,0.8495743081635477,1.0111324730910065,2.3900119793289685,1.3602601987927825,0.7837445863582905,1.3810956379707728,0.7815695368269342,0.8719172097600665,0.9663047833370304,0.864152258284469,0.9696789914246774
2022-04-18,1.1084646349195857,1.1073290636404387,1.1427104725444357,1.2229605427810264,1.1740919607625517,1.0921665622382188,1.067638029537632,1.1552235368304384,1.3252746586763684,1.3576592033929695,1.2135560946427415,1.1161290650726647,0.9572745339841725,0.8201001808297533,0.8391674985377586,1.0126679436994588,2.4304400600372595,1.344105503097135,0.7880986841162768,1.3660444645322722,0.7776859713651065,0.869388421886571,0.9663047833370304,0.8575614138406523,0.9681080092594444
2022-04-19,1.1122563923606854,1.1124521763279052,1.1481562591336274,1.2359095587174103,1.1803224124916198,1.098297449261623,1.0710490267525756,1.1612328968105423,1.3298081031432198,1.357965344872476,1.2240791567949132,1.1333333497406335,0.9759388426927649,0.8218884225571399,0.8410596293379693,1.005374330176481,2.438763448395674,1.3645677711651616,0.7808418314505875,1.3889222665318073,0.771860598481258,0.8636565584417618,0.9640975187625778,0.850745832818131,0.9672620816013651
2022-04-20,1.1177333610452322,1.1175752890153718,1.1481562591336274,1.243103444263181,1.1848222125271157,1.1044282694640986,1.079235381032824,1.1605260243346491,1.3348452743370602,1.3607210854012814,1.2346022189470849,1.146236542732485,0.9536766063246243,0.8093705258142857,0.829706724237198,0.99001925799816,2.344827547104256,1.3785686806746196,0.7779390765428845,1.4039734399703077,0.7873949097107827,0.8703999498979186,0.9646784058498312,0.8595835859189078,0.9702832649801053
2022-04-21,1.1185760309536439,1.1175752890153718,1.15087918705169,1.2445421994183388,1.1848222125271157,1.105304091375748,1.0846929505529894,1.1630004825438516,1.330311829870209,1.3607210854012814,1.2445062635531845,1.1473117951423892,0.932763624996825,0.7957797113218192,0.8129927918941222,0.9927063864770211,2.3483948107415724,1.3877241079322227,0.7750363216351815,1.413004144033408,0.7815695368269342,0.8655953043860747,0.9630520283626322,0.8504462983290464,0.963636624667197
2022-04-22,1.1088859698737916,1.1117202552259182,1.1418028529873925,1.2402258241828834,1.1799763349690096,1.093042450970797,1.0717312392074365,1.1587584386013396,1.3348452743370602,1.361639743446424,1.2209841871300788,1.1161290650726647,0.8981335176603226,0.7943490633662705,0.806054878710427,0.9927063864770211,2.3305589461456377,1.3634920643887511,0.7808418314505874,1.3877181910297418,0.7766503275714383,0.8660167261584926,0.9628196380753604,0.8494726112451085,0.9578360042115678
2022-04-25,1.0890843841865048,1.089763962272078,1.119112017826649,1.207853339226915,1.158515963480142,1.0658915039631605,1.04580775145697,1.1322462707760044,1.3182226766506218,1.3460238415154233,1.1881769655814205,1.0838710005565357,0.8783449584234885,0.7725322277805466,0.782403033183656,0.9754318845146851,2.2604043488456815,1.297255032666078,0.801161115804508,1.3184827932126397,0.7844175078773077,0.8715800337562839,0.9643299090498494,0.8589095476065761,0.9659327535387836
2022-04-26,1.0890843841865048,1.089032152845572,1.1227424960548211,1.208572771689485,1.1602466151737143,1.0658915039631605,1.044443391606609,1.1287113690051032,1.3267858388573355,1.3539849216223325,1.1999380628257357,1.103225790044313,0.8938610053712847,0.766094448414676,0.7660044659989075,0.9692898556433567,2.2568370852083657,1.298871021955333,0.801161115804508,1.3202889523982744,0.7923141189662786,0.8773961429697282,0.9660724816806844,0.8584601887316884,0.9602529140348801
2022-04-27,1.0663337109665296,1.0656121293632386,1.0955134938619286,1.186271682589603,1.138440034121976,1.0387406237764525,1.0294350428964734,1.1128040413403302,1.309659514443908,1.3371442201666826,1.1742493659586162,1.0638709939936157,0.8542838011162546,0.7671674343813375,0.7675812316407908,0.9658349552508895,2.315101030512591,1.2530986309340555,0.8142235474927393,1.2691149627073728,0.782152049424212,0.872507251689249,0.9656077897370666,0.8502215617503416,0.9555398753399813
2022-04-28,1.070968074029353,1.0721989725791983,1.1018669692550969,1.1884298702073306,1.146747347107487,1.0483747984464549,1.0389857570270828,1.121287926953566,1.3086520609899301,1.3389814194536567,1.1847724281107879,1.0795699088804185,0.879244376002354,0.7896995939448356,0.7669505013241361,0.9543186694218386,2.292509041195558,1.270869202936417,0.8098693805276168,1.2901866055212734,0.7833171240009816,0.8712428577525013,0.9649107075061772,0.8527680620376471,0.9608571875903081
2022-04-29,1.0848712917911991,1.0868365012150918,1.115481470351543,1.208572771689485,1.1574774668317906,1.061512327583984,1.0505831085222748,1.1315392634522525,1.321748667663495,1.346023841515423,1.1980810101875203,1.095698941138483,0.8994827727006637,0.7893419319559485,0.7868180852504859,0.971209212208612,2.417360320162424,1.297792942545554,0.7997097729542245,1.3130644075208087,0.7731551038411291,0.8666067680876751,0.9630520283626322,0.8433311256761794,0.9490141081779987
2022-05-02,1.0848712917911991,1.0868365012150918,1.115481470351543,1.208572771689485,1.1574774668317906,1.061512327583984,1.0505831085222748,1.1315392634522525,1.321748667663495,1.346023841515423,1.1980810101875203,1.095698941138483,0.8994827727006637,0.7893419319559485,0.7868180852504859,0.971209212208612,2.417360320162424,1.297792942545554,0.7997097729542245,1.3130644075208087,0.7597762085289615,0.8601584297509832,0.9629822907140758,0.83834305291307,0.9490745871650935
2022-05-03,1.0768664419547935,1.0758583547381717,1.1054975167302026,1.203537073761442,1.1502086504946314,1.0466231546231557,1.0458077514569701,1.1343672927472603,1.3076446075359522,1.3414310185029552,1.173320898672271,1.0784946564705142,0.9008320277410049,0.7871960282396746,0.789025581209024,0.9458733248096923,2.3900119793289694,1.2827163262596857,0.8055152827696304,1.2992173095843738,0.7648984469550631,0.8611711983530265,0.9625173519817327,0.8437478525174394,0.9540485971202354
2022-05-04,1.0768664419547935,1.0780540063686521,1.1118509228764373,1.2100115268446427,1.1522855117510742,1.0580090399373856,1.047854323762192,1.1421442384606735,1.304118616523079,1.3405123604578124,1.1736303484125445,1.0763440696142055,0.894760508731512,0.7839771385567392,0.7836644938169657,0.9489443392453565,2.3590963748581983,1.28863988792132,0.8011611158045079,1.311258248335174,0.7691129519352999,0.8667412646927143,0.9650744706706216,0.8520051597924616,0.9637541133352052
2022-05-05,1.0890843841865046,1.0890321528455722,1.1218348764977777,1.2208023551632987,1.1609389022591954,1.0667673926957384,1.0621804600174667,1.150274620412033,1.30361488979609,1.341124760220137,1.2051995348690594,1.106451629310526,0.9226444266476701,0.788269014206336,0.7918638074842168,0.9669866131212984,2.4637336134709185,1.3139476382412019,0.7939041939316824,1.3491872237732097,0.7480404765018785,0.8580485434548584,0.9634472294464188,0.8389435989293823,0.9466481618320199
2022-05-06,1.0671763165882528,1.068539590420225,1.1027745888121399,1.2006594536811441,1.1429398341574721,1.051002331002332,1.0423967542420265,1.1400232164894173,1.2874960188366407,1.329489398342591,1.1727018811261993,1.0591397849462367,0.877445455063261,0.7635908827095148,0.7691579972826743,0.955086368116685,2.473246089708438,1.2633297649680695,0.8098693805276167,1.2853702116479389,0.7370179212098928,0.8531535917945796,0.963330972593834,0.8318122438459202,0.9413101186579204
2022-05-09,1.0494813413853068,1.0495107585233712,1.084621920683545,1.1762002867335164,1.1207871755831236,1.037864801864803,1.0280706179867518,1.1159855068732845,1.26130290156556,1.3004011688536934,1.1559887615788342,1.0365591561922465,0.8533842977560271,0.7467811103170638,0.7565436916983471,0.9527831255946267,2.507728957816525,1.210017935978444,0.8258345671235509,1.2323900627714028,0.7435017598047917,0.8594832506829547,0.965771834430138,0.8347398340864169,0.9313620061889744
2022-05-10,1.0448469140357954,1.046583297466385,1.0755455866192476,1.1762002867335164,1.1176719497185896,1.0264789165505728,1.0287528304416125,1.1188134687443632,1.260295448111582,1.3028506510996807,1.1389661922911956,1.017204284667969,0.829772892128907,0.7550071996273704,0.7663197710074815,0.9474088686369043,2.3436384592251507,1.2121717221646335,0.8243831550661314,1.2335941382734683,0.7502449578796181,0.8623527295277671,0.9651907275232061,0.838267970343226,0.9367000493630739
2022-05-11,1.0465321252792426,1.046583297466385,1.0855295402405882,1.1754808542709465,1.1159412980250176,1.0352372693089253,1.0314816152016952,1.1018456975178916,1.2542508234637637,1.29397102975094,1.138656742550922,1.0253763506489417,0.8349449077781724,0.7693133380976113,0.785241259458849,0.9347409249374445,2.331748034024743,1.2078641497922544,0.8287373220312537,1.2299819117672717,0.7647039397120582,0.8676696198140991,0.9653069843757908,0.8421714621780352,0.9311194099349981
2022-05-12,1.0216749058616146,1.0216995434555582,1.0646540134408642,1.143827801777548,1.0885965523296923,1.0089622110338672,1.0178376914012814,1.0827569043201641,1.2220130815448649,1.2682508237498606,1.1157535656083633,0.9862365722656252,0.7890712657829118,0.7582260893103058,0.7719962235578671,0.9416507257223788,2.3745540636959217,1.1507825453271843,0.8461538514774714,1.1703792098317665,0.7632774873063384,0.8705390986589114,0.966701711894824,0.8425467604848151,0.9307554692747027
2022-05-13,1.0309436962739493,1.0319457688304914,1.0646540134408642,1.1574961404065196,1.0996728816168666,1.0220997401713963,1.0307994027468343,1.0887663317241971,1.2255390725577384,1.2774367033814193,1.1284431301390239,1.0015053697811662,0.8025634730608769,0.7585836830821437,0.7732576841911768,0.928598896066116,2.454221137233398,1.1809380375497487,0.8345428318466597,1.2046959587636052,0.751995622002188,0.865981736532647,0.9663530300150657,0.8381178624747581,0.931847291255589
2022-05-16,1.0364207292451844,1.036337072091452,1.071915039144142,1.1582155728690895,1.1034803285467514,1.0378648018648027,1.0355748248714998,1.0859383698531186,1.2250353458307495,1.2786613861027571,1.1377281571990516,1.018709654449135,0.8212277817694693,0.7567954413547571,0.770419457915984,0.9186180808455173,2.4637336134709176,1.1917094540966067,0.8301886648815372,1.2143286546452021,0.7512175435624056,0.8696107435375269,0.9669342255999935,0.8392438719375385,0.9305127804620641
2022-05-17,1.047796065855172,1.047315218568372,1.0846219206835452,1.1639707032597024,1.1104031333814308,1.0501265090906824,1.048536536217053,1.08487792629142,1.2280576101166338,1.2768243036190945,1.140204227383339,1.0169892670005882,0.8257252127892449,0.7635908827095149,0.7773573109499254,0.926679466282101,2.574316291479165,1.2170172044164886,0.8229318122158479,1.2384105321468029,0.7421401596359946,0.8630279085957959,0.9648420456434478,0.8344396183494812,0.9296635547351539
2022-05-18,1.0591714024651595,1.0590251744717984,1.0955134938619289,1.1797972295064016,1.1252868435783596,1.0667673926957384,1.0580873154070227,1.0961897737757345,1.2461913879840392,1.2939710297509397,1.1541318270061434,1.0301075596963207,0.8398920046966999,0.7632332207206278,0.7798801720667909,0.9201535514539696,2.561236778399652,1.2417894174902635,0.8156748903430225,1.2673088035217384,0.7579607416372319,0.8691887405228539,0.9653069843757908,0.8375173164584458,0.9220205231929623
2022-05-19,1.038948610397043,1.0407282636769317,1.0782685145373105,1.1582155728690895,1.1079800625621175,1.0404923344206802,1.045125539002109,1.084524422629544,1.2245316191037605,1.2814171266315624,1.1145155305162195,0.9853763375231016,0.8021137213807631,0.7567954413547572,0.7776726761082529,0.9216890952811815,2.498216481579005,1.2030162949070307,0.8272859099738342,1.225767601577506,0.7597762085289615,0.8723113954210221,0.966701711894824,0.8397693353840066,0.9282077920939721
2022-05-20,1.0503239470070305,1.051706410153852,1.0909753268297802,1.1675676460325877,1.1145567238540564,1.0545056854698591,1.053994105737218,1.0859383698531186,1.236117141672408,1.2887658069761472,1.112039578397457,0.9875268423429102,0.810209080060087,0.778254683168643,0.7962787994012931,0.9366602815026994,2.520808697691361,1.2272507110838708,0.8185776452507254,1.2474412362099032,0.7683997257324401,0.876362341051955,0.9673991643323364,0.8438979603859075,0.9276011626210381
2022-05-23,1.0524304932046833,1.0539020617843322,1.088252468158651,1.16469002595229,1.1162873755476284,1.058009039937386,1.0512653209771352,1.090887353695453,1.2371244990503365,1.2844791254431858,1.1142060807759462,0.98494622015184,0.8034629764211043,0.7753934554745948,0.7947020337594098,0.9416507257223786,2.56361472736254,1.2299422941669949,0.8185776452507254,1.2540637892688724,0.7557562107917296,0.8710454507656231,0.9669342255999933,0.8408952875755666,0.9312407543413175
2022-05-24,1.04063382164049,1.040728263676932,1.0800837536513965,1.1553380625587737,1.1041726156322327,1.0387406237764527,1.0335281875069169,1.085231429953296,1.232591054583485,1.282029526393887,1.1108015433053136,0.9720430271599885,0.7843490018137599,0.7664521104035631,0.7855566246171766,0.942418424417225,2.5279429981706705,1.1987087225346513,0.8287373220312537,1.2233593587083027,0.7706690593471022,0.8785566408287385,0.9691425737311279,0.8519300772226175,0.9368213937693932
2022-05-25,1.0486386714768954,1.0480470279948786,1.0864371597976312,1.1675676460325877,1.1149028013766664,1.0492506871790332,1.0451255390021088,1.0915942935952756,1.2411542167901988,1.2884596654966405,1.1188486533387225,0.974408631683678,0.7780525640735292,0.7603719930265795,0.7801955372251184,0.9439539682444369,2.5624256394834344,1.223480935608426,0.8214804001584284,1.2468392443914067,0.7737164714015466,0.8803289375908493,0.9698400261686405,0.8607129052153281,0.9510156348728902
2022-05-26,1.035578123623461,1.0356051509894653,1.0710074195870989,1.1574961404065194,1.1041726156322327,1.0334856254856268,1.0321638276565557,1.0887663317241971,1.2351096882184298,1.2890719484556536,1.1173010504407805,0.9718279274561075,0.770406957074319,0.7542918756495961,0.7760959104663697,0.9355086968510502,2.5564804268832306,1.198708722534651,0.8287373220312537,1.2215531995226683,0.7702151926241697,0.8799069989647962,0.9700724511958142,0.8609380956536401,0.96423939840182
2022-05-27,1.0574861912217124,1.0582933650452924,1.0909753268297797,1.1718839114980608,1.1228639047993065,1.0562573292931583,1.0519475334319959,1.098664231984937,1.2512285591778791,1.2997887690913685,1.133704720247872,0.9987096478862149,0.8129075901407693,0.7546495376384832,0.7742037195164054,0.9381958253299114,2.625445936304082,1.2423272143871975,0.8113207925850361,1.2655026443361042,0.772095511752822,0.8811729436201952,0.9703049649009836,0.8654420762335412,0.9728530000772412
2022-05-30,1.083186080547752,1.0824451979541319,1.1127585424334803,1.193465568135373,1.1464011375446168,1.0807807437449175,1.0758244488772404,1.1110365904548793,1.273895781512136,1.3123426722107459,1.1600123165955387,1.0354839037823422,0.8482122821067613,0.7635908827095148,0.7805109023834459,0.9431861963308309,2.657550628653958,1.2977929425455539,0.7953556059891019,1.3184827932126402,0.772095511752822,0.8811729436201952,0.9703049649009836,0.8654420762335412,0.9728530000772412
2022-05-31,1.093718811536016,1.0904958833740657,1.1245578044158404,1.210730959307212,1.1557468151382189,1.0877873858590423,1.0881039477679326,1.1099760794692515,1.272384601331169,1.3239780340882918,1.155369862098287,1.0277419551726312,0.8446143544472131,0.7721745657916593,0.7893409463673517,0.9366602815026995,2.7170036618372886,1.3134097283617259,0.7910014390239795,1.3377482768409064,0.7557562107917297,0.8719738058870077,0.9687938918513698,0.8590614323060797,0.9644819946557963
2022-06-01,1.0882417142780927,1.0890321528455726,1.1309112105620753,1.204256396454029,1.1519393021882038,1.0991732711732725,1.0887861602227935,1.114218055987834,1.2683548835913068,1.3141797546944083,1.1541318270061434,1.0238709808677757,0.8452889390767028,0.7711015798249978,0.7893409463673517,0.9259117675872546,2.645659976658227,1.305332380513902,0.7910014390239795,1.3311258156470096,0.7548938840031343,0.8670704378614474,0.9669922813103292,0.854061982821388,0.9609273814136402
2022-06-02,1.0768664419547933,1.0787858157951586,1.120927256940735,1.1913074902876273,1.1429398341574724,1.0816565656565669,1.0778710211824625,1.1099760794692515,1.259287994657604,1.3083621321572911,1.1482512193512233,1.0197849068590392,0.8401169234274374,0.7725322277805465,0.7937559382844279,0.9339731530238383,2.599286683349732,1.2886398879213201,0.7953556059891019,1.3184827932126404,0.7552835913647056,0.8683379740465177,0.9672249768197972,0.8544382445441315,0.9649464915434807
2022-06-03,1.0768664419547933,1.0787858157951586,1.120927256940735,1.1913074902876273,1.1429398341574724,1.0816565656565669,1.0778710211824625,1.1099760794692515,1.259287994657604,1.3083621321572911,1.1482512193512233,1.0197849068590392,0.8401169234274374,0.7725322277805465,0.7937559382844279,0.9339731530238383,2.599286683349732,1.2886398879213201,0.7953556059891019,1.3184827932126404,0.7536597446169983,0.8666479043099011,0.9668760223029291,0.8517293208869177,0.9577608013490257
2022-06-06,1.0844499568369927,1.0861045801131053,1.1254654239728836,1.198501375833398,1.1498625729720213,1.0877873858590423,1.0867395879175714,1.11280404134033,1.266339976683351,1.3138736132149018,1.1603218844013368,1.0292473249537972,0.8495614513657407,0.7875536902285618,0.8092084701439479,0.9401151818951666,2.750297215270947,1.301024808141523,0.7953556059891019,1.3281155809593097,0.7397596204210929,0.8601413131152404,0.965596463242857,0.8457094777798918,0.950575204073379
2022-06-07,1.073495955181211,1.073662703107692,1.1127585424334805,1.192746245442785,1.1384400341219765,1.0676432146073882,1.073777811512658,1.1113900941167554,1.2552582769177418,1.3089745319196158,1.151655756821856,1.020430123934182,0.850685873456706,0.7979256150380931,0.8170924186528716,0.9332053811102322,2.7467301784289537,1.278406381253938,0.7997097729542243,1.3022275442720743,0.7477489682243958,0.8636058432535596,0.9657127222502571,0.8502243314054219,0.9527674375152184
2022-06-08,1.0852926267454046,1.086104580113105,1.1263730435299266,1.2035370737614413,1.1515932246655936,1.0877873858590423,1.0860573754627105,1.1170460178589126,1.2643251658514443,1.3144860129772264,1.1649643388985884,1.0348386867071995,0.8659770016737643,0.7989986010047546,0.8180385141278538,0.9351248108942471,2.7693223945413097,1.305870290393378,0.7910014390239795,1.3317278074655063,0.7411236457424626,0.8603948074583407,0.9650148132165209,0.8453332160571482,0.9446074006979887
2022-06-09,1.0819220756851344,1.0824451979541316,1.120927256940735,1.198501375833398,1.1464011375446168,1.0825323875682165,1.0874217353130715,1.1064411102744207,1.2532433700097858,1.3095869316819404,1.1587742815033948,1.031182812106225,0.8826174707125259,0.804721056392851,0.8205613752447192,0.9393474099815607,2.8263972519664295,1.3004868982620472,0.7924528510813988,1.323299187085975,0.7435919245147344,0.8596343244290396,0.9643169041827848,0.8397648984993104,0.9370564466685034
2022-06-10,1.0709680740293528,1.0736627031076917,1.1100356837623513,1.1920268129802152,1.1384400341219767,1.0737740348098637,1.081964165792906,1.098664231984937,1.246695114711028,1.3062187913908103,1.1361806723666343,1.0098924534295197,0.8619294081154644,0.809728187803173,0.8271838631203332,0.9351248108942473,2.7907252959792372,1.2789465507842412,0.8011611158045077,1.3034316197741398,0.7389801561420799,0.8511841691546621,0.9602456202404343,0.831638127527669,0.9211018227066905
2022-06-13,1.0410551565946957,1.0443876458359047,1.0818989927654825,1.1603737604868167,1.1100569238185602,1.045747332711506,1.0505831085222739,1.0785149952255109,1.2290650635706115,1.293664888271433,1.092850506731329,0.9595698695028984,0.8104339987908246,0.7961373733107066,0.8177231489695262,0.9466410967232982,2.7407847390334266,1.2110936427548544,0.8200290573081449,1.2360023811426721,0.7157916265670538,0.8360583834771781,0.9553599907622796,0.8124499852667962,0.8902888308821967
2022-06-14,1.0393698810645606,1.0429239153074115,1.0791761340943533,1.158935005331659,1.1110952884266516,1.039616445688102,1.0478543237621911,1.077454484239883,1.2325910545834848,1.2948896877960825,1.0764468369242375,0.9447311893586191,0.7928940263918356,0.7929184836277713,0.8082623746689657,0.9243762237600427,2.7895362081001323,1.2084019466891889,0.8214804001584283,1.2317880709529065,0.7067630426142705,0.8293827530740716,0.9534988704232052,0.8082361295375653,0.896134817700038
2022-06-15,1.0343141830475315,1.0363370720914518,1.0728226587011849,1.1560573852513614,1.1062494108685454,1.0352372693089256,1.0403501819368037,1.0742730187069283,1.2295687902976005,1.2958082290379138,1.0615907700150877,0.9348387359290996,0.7944682001629148,0.8329757395614948,0.8495743081635484,0.9193858527591232,2.747919266308059,1.1976330157582409,0.8229318122158478,1.2227573668898064,0.719948670276715,0.840959424539445,0.9572211998486878,0.8208776967252582,0.9135508686772051
2022-06-16,1.0322076368498787,1.0334094993589844,1.0710074195870987,1.1438278017775476,1.0993267380741267,1.0334856254856264,1.0321638276565555,1.0583657584660846,1.2295687902976005,1.2890719484556539,1.0767564047300355,0.9535483903782342,0.8108837504709384,0.8226037465349145,0.8404288990213151,0.928215010109313,2.6837098816083067,1.178784251363559,0.8301886648815371,1.2028897995779713,0.7256646425444018,0.8464520383617042,0.9585007589087601,0.8217806904141556,0.8990577646495547
2022-06-17,1.0183044190880324,1.0216995434555582,1.0555776793765663,1.1308787858411637,1.091711778194227,1.0142172761456218,1.016473266491559,1.0470539109817703,1.2174796370780134,1.275905645573952,1.051067707862916,0.9283870573966735,0.7908701867220047,0.8301144436503975,0.845474621255046,0.9362763955458967,2.700356658325136,1.1534741284103083,0.8403483416620654,1.173389444519467,0.7280029858255699,0.8467055327048046,0.9582680633992922,0.8234361501390616,0.9018589879603305
2022-06-20,1.0090356286756976,1.0099894758766512,1.0428707978371632,1.112174749284149,1.0771740794997782,1.0063347452989186,1.0069225523609497,1.020541743156435,1.2053904838584264,1.2593713192044313,1.0436397334411036,0.9311827792916247,0.7879469294733081,0.8376252089829297,0.8561967960391625,0.9343570389806415,2.54696795064571,1.115779198219396,0.8534107733502967,1.1372666282670658,0.7280029858255699,0.8467055327048046,0.9582680633992922,0.8234361501390616,0.9018589879603305
2022-06-21,1.02967975569802,1.0282863866715182,1.0637463246368872,1.1373533486943463,1.097249942837814,1.0133413874130437,1.0294350428964727,1.035035056173704,1.2295687902976005,1.2798861856274066,1.0597338354423969,0.9440860543199766,0.8023386401115009,0.838340532960704,0.8561967960391625,0.9312860245449773,2.5980975954706262,1.1723228928049902,0.8330914197892401,1.1908488608271708,0.71566174063182,0.8423114803287385,0.957919108882424,0.8151589089240099,0.9012499980913942
2022-06-22,1.0069290824780448,1.007062014819665,1.0446860369512492,1.1121747492841487,1.0744049971779845,0.9905696836055122,1.0021471302362845,1.007462377362741,1.2179833638050024,1.2630456009750681,1.0584958003502531,0.9443010719873575,0.798066127822463,0.8326180775726076,0.8517818041220865,0.9255278816304519,2.5017837452163203,1.1190110638153647,0.8505080184425938,1.1414810303219036,0.7353427552850939,0.8529586940259334,0.9607108337647025,0.8211034882045913,0.9010064578951045
2022-06-23,0.9934471996704044,0.9924244861837714,1.031071535854803,1.1006644885029226,1.0622902372625889,0.977432154467983,0.9823634244608443,0.9915550496979679,1.214961099519118,1.2599837189667562,1.0690188625024248,0.9509677681871643,0.8104339987908248,0.83369099532222,0.8495743081635484,0.9282150101093131,2.4601665766289242,1.1001622994206828,0.8577648711082831,1.1186032283223684,0.7413834671688,0.8577752799535457,0.9615251793005065,0.8274242717984378,0.9074613416630741
2022-06-24,0.9955537458680571,0.9953519472407577,1.0365173224439947,1.1085778065112633,1.0664438277352142,0.9809355089355098,0.985774421675788,0.9933225680073479,1.2280576101166334,1.2627394594955617,1.0866604493361354,0.9737634146085353,0.8302225580276589,0.8458512300761871,0.8662882405066242,0.9236084518464369,2.4708681407455497,1.1200867705917752,0.8519593612928772,1.139674871136269,0.7311207438298807,0.8547332188972043,0.9612924837910386,0.828402471904301,0.9139162254310438
2022-06-27,1.0191470247097558,1.0173082401945979,1.061931085522801,1.133036973458891,1.0844428958369374,1.010713921678095,1.0048759149963673,1.0201882394945592,1.238131952504314,1.2713128225614843,1.106468538548335,0.9933333038001936,0.8578817287758027,0.8569384788634927,0.872910788531992,0.9293665947609624,2.5303211739288805,1.1626295556679114,0.8345428318466596,1.1854303832702668,0.7248851782653889,0.8499166329695919,0.9602456202404345,0.8208024903082922,0.9083138717283002
2022-06-28,1.0094569636299036,1.0099894758766512,1.0510395123444176,1.1179297699047797,1.0771740794997782,0.9949488599846885,0.9939607759560363,1.0085228883483688,1.2325910545834846,1.2615146599709124,1.1030640010777024,0.9860214725617443,0.8497863700964788,0.8619456784908638,0.8773257804490682,0.92399233780324,2.6099882474663567,1.1416271180695812,0.8417997537194849,1.1637567486378695,0.7282628072519074,0.8510151299462163,0.9600129247309664,0.8205767562384375,0.8983270511418776
2022-06-29,1.0010307788392923,0.9997432505017182,1.0455936565082924,1.1064196188935358,1.0674822583634356,0.9905696836055121,0.985774421675788,0.9947365152309224,1.2280576101166334,1.2538598381468211,1.0841843791518484,0.9604301042454221,0.8228018697591866,0.8576538028412669,0.8770104152907408,0.9216890952811817,2.6183116358247713,1.1206269401220785,0.8505080184425937,1.1420830221404,0.7396297344858589,0.8578597350882002,0.9611761360363046,0.8254678141772327,0.8969873477652641
2022-06-30,0.9757522244674585,0.977055036445891,1.0201799626764196,1.0783633994030406,1.0411759432963317,0.9651704472421033,0.961215358835043,0.9742337748096204,1.2028718502234814,1.227527232383417,1.076756404730036,0.9531182730069728,0.8149314298106005,0.8780400586884913,0.8902554511917227,0.9193858527591234,2.5885851192331057,1.0592353906512604,0.8708273027965143,1.0818783283863982,0.7461251214766883,0.8644509103566522,0.9630373451227128,0.8279510037645919,0.8965001744538766
2022-07-01,0.9399409391073607,0.9433886759131436,0.9811516985011672,1.0402358938264413,1.0100237506711216,0.9213786834503395,0.9264233043494674,0.9477216069842851,1.1852418951591144,1.2045627669111432,1.0649953074857208,0.9393548452725978,0.798290960771839,0.8680257958678473,0.8839483284744359,0.9109405081469771,2.4898930932205894,0.9946167208512111,0.8998548518735437,1.0090307040630992,0.7537701721425466,0.8737037865427891,0.9659337641698171,0.8383878967908535,0.9050133666704029
2022-07-04,0.9306720844083377,0.9316787200097173,0.9711677448798267,1.0402358938264413,1.002754868313832,0.909992864957038,0.9175547376143582,0.9431261942277559,1.1837307149781475,1.199357427333039,1.079541924654597,0.9494623984059984,0.8045873127307079,0.8758941549722175,0.8883633203915121,0.9182341948887145,2.5576695147623347,0.985461293593608,0.9042090188386661,0.9951836061266643,0.7537701721425466,0.8737037865427891,0.9659337641698171,0.8383878967908535,0.9050133666704029
2022-07-05,0.9353065117578491,0.9389974843276641,0.9793364593870812,1.0503072896825274,1.0082930329574191,0.915247863247864,0.9250589444991062,0.9530240270645662,1.1907826970038944,1.2002760853781818,1.0909934540931139,0.9612903389879458,0.8158308473894662,0.8726752652892821,0.8871018597582025,0.9170825370183056,2.600475771228836,0.9994622031030661,0.8955007541155573,1.019265483628265,0.7596925829424596,0.8769197078125294,0.9658173056210532,0.8381615018191902,0.9041570452780785
2022-07-06,0.9171902016006972,0.9236280345897836,0.9575532437833807,1.0244092578097599,0.9878710920967729,0.8942278032636317,0.9032286013590834,0.9304003320959375,1.1686192974726761,1.1672071990325177,1.0875889166224812,0.9726881621986314,0.8284236370885657,0.8594421127857027,0.8748029193322028,0.8932821934465979,2.3721761147330325,0.9526117326720095,0.9172714505268973,0.9735098796291948,0.7469366288584928,0.8694723655595397,0.9631393808223973,0.8340118483454467,0.9007316663767494
2022-07-07,0.9445753021701837,0.9492437097025973,0.9784288398300383,1.0503072896825272,1.0131389765356553,0.9266337485620941,0.9373384433897983,0.9459541560988345,1.1847381684321254,1.1779240196682323,1.0965644939422357,0.9840859854093169,0.8401169234274378,0.8619456784908637,0.8804793718825884,0.8821497203555904,2.3341259829876293,1.002156158819559,0.8940493420581377,1.0210716428138995,0.7403634658876179,0.864140798364535,0.9624408071935036,0.8339363833548923,0.9154115816720645
2022-07-08,0.9542654275367242,0.9594900467530113,0.9884127934513788,1.0610981180011831,1.0221385105865168,0.9397712776996233,0.9482535824301295,0.963275430987182,1.186752979264032,1.1858849829718303,1.1043020361698466,0.99483867358136,0.8545086340656305,0.8633762582293631,0.8804793718825884,0.8794625918767291,2.4387634483956724,1.0210025505808722,0.8853410773350289,1.0397350427585967,0.7321632238773526,0.8588938131014158,0.9612763993695541,0.8325783013395219,0.9161455447706192
2022-07-11,0.9458392427461129,0.9521712824350645,0.9856898655333162,1.0531847999928425,1.0141773411437465,0.9406470996112728,0.9414316530596029,0.963275430987182,1.1731527419395273,1.1861912412546485,1.1015165162452858,0.9913978166477663,0.8479873633760239,0.8426323403932516,0.8587196571560279,0.8802303637903351,2.4530320493542908,1.005385651782159,0.8925979992078542,1.0252859530036653,0.7447889878047297,0.865664112501159,0.961625686184001,0.8349172555433342,0.9110076164166733
2022-07-12,0.9230885695261377,0.9294830683792372,0.9593684828974668,1.0258481227348994,0.9882171696193831,0.9196270396270405,0.9196013099195801,0.9410052396804294,1.1514929730592487,1.1721062803278037,1.0934695242774015,0.976559136503487,0.8196536937797522,0.838340532960704,0.8571428915141447,0.8729366770485978,2.4197384959206323,0.9531519022023128,0.9158200384694778,0.9723058041271292,0.7492145097218416,0.8676951764945381,0.9620914315472119,0.8361244075775958,0.9146775252414782
2022-07-13,0.955950638780171,0.9602218561795175,0.9884127934513787,1.0531847999928425,1.0186771411792424,0.9467779198137483,0.9448426502745464,0.957266003583149,1.1802047239652742,1.1920088637917656,1.0903744365470425,0.9746236493510593,0.8230267027085625,0.8408440986658651,0.8568275263558173,0.8717850191781888,2.2794293013207194,1.0102335066673829,0.8882438322427318,1.0301023468769996,0.7578052228958827,0.871418847621033,0.9610435711038713,0.8423866778464101,0.9136989388874159
2022-07-14,0.9605850661296824,0.9631494289119846,0.9947661995976135,1.0596593628460256,1.025253736451051,0.9467779198137483,0.9523467920999338,0.9608009727779795,1.1776860903303292,1.194764604320571,1.0826368943194318,0.969032287597657,0.8212277817694693,0.836194561027381,0.8584042919977005,0.8733205630054008,2.297265165916654,1.0258502924835546,0.882438322427326,1.0397350427585965,0.7516224814357872,0.866595030282783,0.9606942842894245,0.8370298147754831,0.9119862961027674
2022-07-15,0.9732243433155993,0.9777869575478783,1.0192723431193766,1.0704501911646815,1.0304457575518977,0.9739288000004562,0.9694017131152911,0.9576195072450249,1.1731527419395273,1.1950707458000775,1.0848033966979207,0.9787096413232954,0.8246007906982797,0.8344063192999943,0.8508357086471042,0.8641075196984082,2.280618389199825,1.0425428980586782,0.8751814697616367,1.0571944590663003,0.7558527677710112,0.8695570120577856,0.9613928579183183,0.8437447598617803,0.9236078140460304
2022-07-18,0.9774374099962295,0.9806851435475928,1.0161863895375156,1.0783633994030402,1.043252738532644,0.9818113308471594,0.9762237075451783,0.9714058129385419,1.1837307149781473,1.2082370486817795,1.1098730760189683,1.001290352113786,0.8432650994068722,0.8351216432777687,0.8489435778468936,0.8675624200908753,2.3198573820290105,1.058697593754326,0.8679245478888112,1.0752558671925008,0.7479779514992232,0.8670181336412917,0.9608106540063435,0.8378597569828162,0.914677525241478
2022-07-19,0.9782933619175631,0.9814309572356678,1.0207928553644507,1.07980226432818,1.0429065949899037,0.9783079763796326,0.9734949227850955,0.978475751328203,1.1852418951591142,1.2008884851405064,1.0981119787746532,0.9862365722656257,0.8315718130680001,0.8247496502511884,0.8394828636960866,0.864107519698408,2.412604195441323,1.0646210424334188,0.8650217929811083,1.080072169200763,0.7439429007458871,0.8630406521527797,0.9597627935630029,0.8401986536237066,0.92678847635982
2022-07-20,0.9847126095277835,0.9844139843975837,1.0272418794065237,1.0783633994030402,1.0480986821108804,0.9914455055171618,0.9816812770653438,0.9897875988125173,1.1852418951591142,1.212523730214741,1.1265861955663337,1.016989267000589,0.8619294081154646,0.828683863911898,0.8429517601381805,0.8637236337416051,2.4292509721581528,1.0770060756361632,0.8621190380734053,1.0903070406310011,0.7458953558707586,0.8621943163030417,0.9596463350142389,0.839293246425819,0.930825366733902
2022-07-21,0.9958392662055205,0.998583534109472,1.0318483452334588,1.101383920965492,1.061944093719848,0.9975763925405658,1.0028293426911452,1.0032204008441583,1.1963235949247233,1.2247714918546118,1.1290621476850962,1.0296774423250596,0.870924184373654,0.8236767325015759,0.8397981687046603,0.8548944763914155,2.407847843924902,1.0996245025237483,0.851959361292877,1.1149909099510986,0.7587814008053221,0.8720112439760336,0.9623243486447398,0.8507615073473734,0.9418352798723804
2022-07-22,0.9996908539516308,1.0030581886475378,1.04013999777976,1.1006644885029222,1.0636747454134203,0.9975763925405658,1.001464982840784,1.0039274081679104,1.204383030404448,1.2244653503751053,1.1349426372744915,1.0361290388209854,0.8792443760023538,0.8215307605682529,0.8369600025792211,0.8664107622204663,2.37455406369592,1.1017782887099379,0.851959361292877,1.116194985453164,0.7715373548892888,0.881997400079157,0.9647694451777129,0.8573255224525619,0.9406119769307788
2022-07-25,0.9988349020302973,1.002312374959463,1.0447464636066952,1.1035419988132376,1.0657516066698633,0.9993280363638648,0.9980539856258404,1.0014529499587077,1.2099239283252774,1.2348759127280018,1.1284431301390245,1.0255913683163231,0.8659770016737646,0.8186695328742047,0.8338064111457009,0.8717850191781887,2.2877526896791345,1.1050101543059068,0.849056606385174,1.1210113793264986,0.7639879147029818,0.8788661253076626,0.9639544130000552,0.8500824375582273,0.9403673536752712
2022-07-26,0.989847994555967,0.9926174797856402,1.0327696243410278,1.0920318478019937,1.0598672984835358,0.9809355089355097,0.9864566341306484,0.9940295753310999,1.2099239283252774,1.2272210909039105,1.1293717154908947,1.016989267000589,0.8623790740142163,0.8258226362178498,0.8394828636960866,0.8694817766561305,2.387633803570756,1.08777737920048,0.8563135282579994,1.1017458956982327,0.7645736711016418,0.8792046467342859,0.9634886676368444,0.8499315651400404,0.9337614057921844
2022-07-27,0.9988349020302972,1.0008208613785048,1.035533531952825,1.1006644885029222,1.064713176041642,0.9914455055171616,0.9932786285605357,0.9986249880876292,1.2149610995191178,1.2281396321457418,1.1318476676096572,1.0180645194104931,0.862603992744954,0.8168812911468181,0.833806411145701,0.8667946481772693,2.3269916825083197,1.1033941650166517,0.8505080184425936,1.1180011446387987,0.760278289688123,0.8809818357992875,0.9650022734433957,0.8555902306102632,0.9440372625000761
2022-07-28,1.0005467405730009,1.0038040023356125,1.0429038351024669,1.1028226761206497,1.0692129100570076,1.0019555689197421,0.9953252008657577,0.9961505298784267,1.22453161910376,1.233957254682859,1.1436087648539723,1.038494643344675,0.8756464483428055,0.8211730985793657,0.8401135338629877,0.8779271212682768,2.3947681040500655,1.1055479512028412,0.8505080184425936,1.1210113793264986,0.7663308409916291,0.889698552694164,0.9670980831619219,0.8626823855234887,0.9537015144031831
2022-07-29,1.009961624007998,1.012753197616552,1.0484316503260613,1.1057001864309652,1.0737127100925037,1.0037072127430413,1.0014649828407842,1.0092298282481917,1.2280576101166334,1.2431430175111062,1.16774985882315,1.0686021210044951,0.8994827727006633,0.8086552700535607,0.8252917323201225,0.8902111790109336,2.359096374858196,1.1222405567779645,0.8432510965697683,1.1324503262588024,0.7642482453631645,0.8900370741207873,0.9669817134450029,0.8647195373280052,0.9565151951676956
2022-08-01,1.0069659881832214,1.009770056659444,1.042903835102467,1.1064196188935351,1.0730204230070228,0.9958246818963381,1.0001005579310627,1.0166532702997289,1.2300725170245892,1.2468174160850545,1.175796968856559,1.072042977938089,0.89835843639106,0.8090129320424478,0.8287606889119702,0.8898272930541307,2.3721761147330325,1.1195488607122992,0.8447025086271878,1.1312461588916645,0.7826206651665665,0.895233261670872,0.966958380517274,0.8664246588311968,0.9568088072867426
2022-08-02,0.9909606772017314,0.9933631796785227,1.03092706612589,1.0877154725665383,1.0581365807698335,0.9748046887330344,0.9844100618254269,1.0056949264772905,1.2210056280908865,1.235488195687015,1.1751779513104872,1.0711828252320656,0.8902630777117361,0.7954220493329321,0.8133081570524502,0.8959693219254591,2.2806183891998253,1.0807757381290664,0.857764871108283,1.0981335773269634,0.7660607085614964,0.8828559912038725,0.9635782115355782,0.855836414592567,0.9523876580321893
2022-08-03,0.9969638743592296,0.9978378342165887,1.031848345233459,1.0927511704945816,1.0636747454134208,0.9879422178705635,0.9898676313455924,1.0053414228154145,1.2210056280908865,1.2342635129656772,1.1736303484125452,1.0741935647943976,0.8961096779904911,0.7922031596499969,0.8133081570524502,0.8936660794034008,2.300832429553971,1.08777737920048,0.8563135282579996,1.1005418201961668,0.7781220799821167,0.8865013565569442,0.9639278688567755,0.8651389517024495,0.9607387073245446
2022-08-04,0.9995367105295526,1.0008208613785046,1.0263206002989549,1.0920318478019937,1.0636747454134208,0.9896938616938626,0.9925964161056752,1.0049879191535385,1.2210056280908865,1.2327324551582097,1.1863200310087305,1.0978494459582921,0.9185967473080078,0.7932761456166584,0.8082623746689657,0.8952015500118531,2.229488744374909,1.0850856831348146,0.8563135282579996,1.0951233426392633,0.7778612873889934,0.8909944677570149,0.9652100049852144,0.8665003056333596,0.9633176954403326
2022-08-05,1.0248359826746487,1.0254312337474825,1.0558019534757033,1.1128940719767362,1.0882504087869525,1.010713921678095,1.0164732664915592,1.0205417431564354,1.238131952504314,1.2492668983310418,1.1906530357657086,1.1086021341303351,0.9309647040577314,0.7954220493329323,0.8152002878526609,0.9051823652324517,2.1771700116708876,1.1416271180695812,0.8345428318466594,1.1517158098870683,0.7593454609471505,0.8781085627175883,0.9612471034435477,0.8547775324671005,0.9584052969690281
2022-08-08,1.0226919743426934,1.0231939064784497,1.0548806743681343,1.1121747492841483,1.0868658346159905,1.0115897435897445,1.0130623343359761,1.0205417431564354,1.2401468594122698,1.2486544985687171,1.1903434679599103,1.1010752852245052,0.9188216660387455,0.8011445047210287,0.8202460100863916,0.8952015500118531,2.1866824879084077,1.135703556407947,0.8374455867543624,1.145695340511668,0.771602414377338,0.8832798964668032,0.9621795822507895,0.8581809461451774,0.9592649596742908
2022-08-09,1.0218343840958997,1.0209565792094168,1.0576445819799316,1.113613504439306,1.0875581217014714,1.004583034654691,1.0137444817314765,1.0276116141221672,1.25072483245089,1.2504916978556913,1.1891054328677666,1.096774193548388,0.9156734900593111,0.8015021667099159,0.8221381408866023,0.9021113507967875,2.2175980923791783,1.1389354220039156,0.835994243904079,1.1523178017055649,0.7686033741680719,0.8806518002585854,0.9612471034435478,0.8543237670573316,0.9521419865757097
2022-08-10,1.011114342436123,1.0112616840355941,1.0475103009294022,1.1057001864309655,1.0795970182788313,0.9949488599846885,1.004193767600867,1.0184207211851795,1.2517322859048678,1.2480420988063925,1.1819869081862278,1.0817204137002276,0.8972341000814564,0.7886266079781746,0.8117313312608131,0.9032630086671964,2.2045185792996653,1.120086770591775,0.8417997537194849,1.1354605609465023,0.7635832535384768,0.8811604995098745,0.9621795822507896,0.8624162438406293,0.9663879327728718
2022-08-11,1.0295528271769274,1.0299058882855483,1.0659361642371425,1.1244043327579623,1.0993267380741267,1.0124655655013939,1.0205664761613635,1.029379132431547,1.2708734211502017,1.2602898604462631,1.2076756050533475,1.115053730626261,0.9314143699564831,0.8036480704261898,0.82876068891197,0.9001919942315322,2.2425684842497455,1.1610136793611974,0.8258345671235507,1.175797687388669,0.7457845445513465,0.8753109432115157,0.9618298360035188,0.8540968843524471,0.9608614493565764
2022-08-12,1.0359848521727932,1.03736356998553,1.0714639794607368,1.1337564059214607,1.107287841496767,1.0212239182597467,1.0273884705912508,1.035741996073527,1.271377147877191,1.2615146599709126,1.2070565875072756,1.107526881720431,0.9291656973372762,0.8100858497920604,0.830968184870508,0.9028791227103934,2.291319953316451,1.1787842513635587,0.8200290573081449,1.1950631710169353,0.7533473805286182,0.8787867852667324,0.962063000168366,0.8640044804764238,0.9694581701054111
2022-08-15,1.0454184757474083,1.0470584651593526,1.0834407484373136,1.1438278017775467,1.1152490109395377,1.04049233442068,1.0383036096315819,1.0329140342024483,1.270873421150202,1.2621270597332375,1.2222222222222234,1.1247311663883997,0.9428828233459792,0.8082976080646738,0.8278145934369878,0.9044145933188457,2.2330560080122255,1.1970927332453958,0.8127721354353196,1.2137266628267047,0.7526953741752594,0.8815843400939428,0.9628788968931842,0.8633994791639331,0.9677388446948857
2022-08-16,1.0471336562409959,1.0478042788474276,1.085283376941542,1.1445472342401166,1.1162873755476288,1.0334856254856264,1.0396679538676963,1.0336210415262002,1.2764143190710313,1.262433201212744,1.229650196644036,1.1354838545604429,0.9518776853855305,0.8022174906876902,0.8259224626367772,0.8978886784907143,2.18430453894552,1.1981708126551749,0.8142235474927391,1.2131245791431358,0.7558248355516377,0.8805670709490888,0.9620630001683661,0.8600717122880189,0.9631948597120926
2022-08-17,1.0475624840793636,1.0500416061164604,1.086204656049111,1.1445472342401166,1.1159412980250185,1.0361131580415037,1.0396679538676963,1.0350350561737043,1.2764143190710313,1.2596774606839385,1.2308882317361798,1.1344086021505386,0.9473802543657548,0.8097281878031731,0.8322295853540639,0.896353207882262,2.1450655461163346,1.19978680194443,0.8127721354353196,1.2137266628267047,0.7479360461387876,0.8746327206623714,0.961247103443548,0.8519792355047212,0.9532473207374516
2022-08-18,1.0407016312451298,1.0410924108355206,1.080676911114607,1.141669614159819,1.1114414979895226,1.0334856254856264,1.034115660174059,1.0353885598355803,1.27285319462859,1.259371319204432,1.2206746193242817,1.1182795698924741,0.9293906160680139,0.8007868427321414,0.8240302716868128,0.8890595211405247,2.1700357111915785,1.189015385397572,0.8142235474927391,1.2065020260841666,0.7490443773537357,0.8763282770352316,0.9626457327283369,0.8541725311546098,0.9547209746914975
2022-08-19,1.042416877168659,1.0433296243093615,1.0834407484373139,1.1452665569327043,1.1124798625976138,1.0396164456881019,1.0355037666917493,1.0399839725921096,1.2733619405537049,1.2621270597332372,1.2234601392488427,1.1204300747122826,0.9314143699564829,0.799713924982529,0.8183538792861808,0.8840691501396052,2.2128419676580804,1.1933229577699513,0.8142235474927391,1.2065020260841666,0.7369830059331154,0.8687832290428747,0.9619464180859424,0.8440379946241453,0.9450190134771282
2022-08-22,1.029552827176927,1.031397401866506,1.0659361642371423,1.1452665569327043,1.10174967685318,1.023851450815624,1.023011072786785,1.0339745451880764,1.2682745783359186,1.2599837189667566,1.2076756050533477,1.1000000328146011,0.9134247316587419,0.8018598286988028,0.8218227757282747,0.880230363790335,2.209274704020764,1.1733985995814002,0.820029057308145,1.1938590955148696,0.7345055509100958,0.864968275713086,0.9606642819575035,0.8383656961956207,0.9343346475254642
2022-08-23,1.0136871131765042,1.0157362247784676,1.0585658610875004,1.1222461451402344,1.0889426298523035,1.0115897435897445,1.0091303385526922,1.022662697703762,1.2586085998254612,1.2480420988063925,1.1894150006735653,1.0763440696142064,0.8949853416808874,0.7939914695944327,0.8158310181693152,0.8752399195706559,2.2449464332126334,1.1437809042557703,0.8316400769389568,1.1637567486378686,0.7304633403283367,0.8628488787561573,0.9611305213611243,0.839273284716762,0.9366679641847728
2022-08-24,1.0111143424361229,1.0127531976165518,1.0558019534757033,1.1222461451402344,1.0865196910732504,1.0115897435897445,1.0063541917058736,1.0180672175233034,1.25301249168256,1.2455926165604052,1.1903434679599108,1.0784946564705153,0.8967843484013425,0.7918454976611097,0.8107852357858307,0.880614249747138,2.3115339936705963,1.137857342594136,0.8330914197892402,1.1547260445747682,0.7251172165220622,0.8599665299405883,0.9600815493975325,0.8367774595598263,0.9377732983465149
2022-08-25,1.020547966010738,1.0217023928974915,1.0640936060220045,1.129440030686005,1.095519225124112,1.0168447418805706,1.013988578987484,1.0230162013656379,1.2616609783427875,1.2520226388598472,1.2008665301120824,1.0870967577862496,0.9096019710498179,0.7896995939448358,0.8082623746689652,0.8856046207480575,2.3567181990999853,1.1610136793611971,0.8243831550661314,1.1836243159497035,0.7352226683648084,0.865476910285513,0.9606642819575033,0.8453993485550554,0.9466155968556214
2022-08-26,1.0256935729214425,1.0269227473284404,1.0723852585683058,1.1380726713869334,1.10174967685318,1.0247272727272738,1.0181528323519928,1.028672125107795,1.2667483405605735,1.2538598381468211,1.212008609810326,1.0989246983681968,0.9302900336468795,0.7957797113218193,0.8123620615774676,0.8852207347912545,2.305588554275069,1.1717826102921451,0.8200290573081449,1.1992774812067006,0.7407644239217512,0.8644596411406591,0.9604312067187296,0.8403321091406248,0.9310187387364453
2022-08-29,0.9995367105295525,1.0030581886475374,1.0484316503260613,1.1107358843590083,1.074404997177985,0.997576392540566,0.9910853509540906,1.0056949264772903,1.2494513672401186,1.2333448549205344,1.1689878939152942,1.04967744888798,0.8886889897220185,0.7850501245234011,0.8010091564766963,0.8675624200908751,2.3305589461456364,1.1103934334546959,0.8417997537194849,1.1312461588916642,0.7346359223361069,0.8595426246776577,0.9597318031502615,0.8341303985001687,0.9274572521871547
2022-08-30,1.00125189102314,1.0030581886475374,1.0502742085411991,1.1136135044393058,1.077520157022389,1.0054589233872693,0.9980257511654179,1.0134718047667741,1.2514863509405785,1.2385501944986383,1.1770348858831785,1.0576344151650718,0.8979086847109459,0.7821888968293529,0.7991170256764857,0.8744722208758096,2.399524455566487,1.1227807263082676,0.8374455867543624,1.1517158098870681,0.7364614207468687,0.8592883073914442,0.9592656526727142,0.8351892229240316,0.9203343727847811
2022-08-31,1.0085415062657999,1.009770056659444,1.0511954876487681,1.1208073899850766,1.085135182922419,1.0054589233872693,1.0056601384470285,1.0177137812853567,1.259117345750576,1.2443678170357555,1.1671308412770787,1.0488172141454566,0.8891387414021323,0.797567953049206,0.8066856090270821,0.8694817766561305,2.29845425379576,1.137857342594136,0.830188664881537,1.1637567486378686,0.7294201699558435,0.8557277360267311,0.9591490705902906,0.8264160403244772,0.9152991385852369
2022-09-01,0.9875302507846143,0.9888886389356489,1.0382973692755317,1.0999450560403523,1.0633286018706807,0.9870663291379855,0.9827569104136349,1.0053414228154143,1.2397854857630248,1.2327324551582095,1.1467037345188074,1.0273118378013706,0.8736226086729744,0.7907725799114973,0.8038473827518893,0.8595009614355318,2.2140310555371854,1.0877773792004795,0.8476052635348906,1.1149909099510982,0.7160939814182521,0.8489371597180325,0.9584496848070374,0.8214546768898535,0.9177062271410377
2022-09-02,0.9768102091248376,0.9799393298595174,1.0226354135795885,1.0927511704945816,1.0522522725835064,0.9835630414913873,0.9737344166143341,0.993322568007348,1.2336806316950086,1.2263024328587675,1.1581552639573245,1.0397849134219603,0.8830672223926395,0.7818312348404656,0.7965941645596204,0.8568138329566706,2.19381701518304,1.0705446040950526,0.85486211620058,1.095725426322832,0.7201448960302173,0.8536930895019041,0.9605502721871705,0.8220614341584432,0.9170891196693116
2022-09-05,0.978954217456793,0.9799393298595174,1.0318483452334586,1.0927511704945816,1.0560597855335214,0.9835630414913873,0.9737344166143341,0.9961505298784266,1.2402941346547762,1.2278333738629235,1.1532032416542746,1.0303225773637026,0.8720485206832571,0.7746781314968205,0.792494477651118,0.8629558618279991,2.2021404035414545,1.0721605933843077,0.85486211620058,1.096327510006401,0.7201448960302173,0.8536930895019041,0.9605502721871705,0.8220614341584432,0.9170891196693116
2022-09-06,0.985386242452659,0.9859054979785412,1.0309270661258896,1.0891542277216961,1.0612518066343681,0.9826871527588091,0.9737344166143341,0.992615560683596,1.2479252264981373,1.223546692329962,1.1590838493091944,1.0378494262695326,0.8774454550632603,0.7786123451575302,0.7997477559931405,0.8656429903068603,2.2045185792996653,1.075930255877211,0.85486211620058,1.099337744694101,0.7023078613553183,0.8441812299341612,0.9584496848070374,0.8109125152682262,0.9146208780971685
2022-09-07,0.9622309132095764,0.964278266566671,1.0088160160987831,1.0718889463198393,1.0390991480600196,0.9616671595955054,0.958465642051113,0.9862526296176868,1.2270671287352413,1.20701224915713,1.1488702368972965,1.0253763506489428,0.8594558167655194,0.7771816972019815,0.8035320175935617,0.8552783623482184,2.122473330003978,1.032849560921599,0.8679245478888111,1.0583985345683655,0.7134151885759166,0.8497015426016885,0.9598501060719089,0.8219855750339801,0.9278261682386333
2022-09-08,0.9690917660438101,0.9694986209976199,1.0134224819257183,1.0826797746384953,1.0498293338044535,0.9660463359746817,0.9681821229206969,0.9986249880876291,1.2311369991027974,1.222015751325806,1.1733208986722725,1.0507527012978843,0.8803687980933188,0.7793276691353046,0.804478113068544,0.864107519698408,2.0606421210624366,1.0565438075681362,0.8606676260159858,1.0806742528843318,0.7060974218134591,0.8465591948260971,0.9586831328683568,0.8200895019673052,0.931898851574312
2022-09-09,0.9690917660438101,0.9694986209976199,1.0134224819257183,1.0826797746384953,1.0498293338044535,0.9660463359746817,0.9681821229206969,0.9986249880876291,1.2311369991027974,1.222015751325806,1.1733208986722725,1.0507527012978843,0.8803687980933188,0.7793276691353046,0.804478113068544,0.864107519698408,2.0606421210624366,1.0565438075681362,0.8606676260159858,1.0806742528843318,0.7076654968881972,0.846644140656433,0.9578662427224356,0.8219855750339801,0.9356012139325267
2022-09-12,0.9896742591165695,0.9896343388285321,1.0364548110603937,1.1028226761206497,1.0674822583634362,0.9870663291379854,0.9848390040016083,1.0095833319100675,1.2458902427976775,1.2345696544451832,1.198081010187522,1.0763440696142066,0.9003822760608906,0.7839771385567395,0.8088931049856201,0.864107519698408,2.1236624178830836,1.0974707163375585,0.8432510965697682,1.122817538512133,0.7018505040481777,0.8446058294964734,0.9577495186917758,0.8201653610917684,0.9384397764821337
2022-09-13,0.994819866027274,0.9948546932594808,1.0419825559948976,1.1057001864309652,1.0723281359215424,0.9967005706289165,0.9910853509540904,1.0148857519903487,1.2499601131652338,1.2416120765069498,1.2104611249779091,1.0892473446425586,0.9129749799786284,0.8029328146654644,0.8233996015199115,0.8675624200908751,2.1771700116708876,1.107701850371572,0.8403483416620652,1.1318482425752334,0.7034839301234238,0.8398498997126019,0.9544819581080906,0.8142496223819123,0.9170891196693116
2022-09-14,0.9746662007928822,0.9754647891166436,1.0226354135795883,1.090593092646836,1.051906129040766,0.9783079763796327,0.9744284698731791,1.0021599572824598,1.2331718857698941,1.2259962913792606,1.17084494655351,1.0395698957545796,0.8686755117544468,0.7886266079781743,0.8092084701439475,0.8587332627406855,2.161712322833164,1.0662370317226737,0.8548621162005798,1.0903070406310011,0.705901418660143,0.8402745640695978,0.9536650679621692,0.8181176276397251,0.9184466807812045
2022-09-15,0.9763813812864699,0.9769563026976015,1.0272418794065235,1.0949093581123093,1.057098216161743,0.98093550893551,0.9765105634611525,1.0106438428956956,1.2377505020625654,1.231507772436871,1.1727018811262007,1.046451609621767,0.8733977757235984,0.7914878356722224,0.8060548787104272,0.8514395759989482,2.202140403541455,1.0732386727940872,0.8534107733502964,1.0975315855084669,0.7054440613530024,0.8373869889903303,0.9526147297549284,0.8141737632574491,0.9126462095135496
2022-09-16,0.9652325772182673,0.9672612937285869,1.014343761033287,1.0841185297936533,1.0484448256536218,0.9686738017096304,0.9640179357447499,0.9996854990732573,1.2316456479945492,1.2241590920922862,1.1584648317631228,1.026451603058847,0.8621542410648402,0.7800429248960298,0.7928098428094452,0.8387716322994884,2.129607630483288,1.0495445391300915,0.8606676260159857,1.0752558671925008,0.6995637175124748,0.8380664260436502,0.953081536843219,0.8122776901907742,0.9157315585574187
2022-09-19,0.9609445605543566,0.9612951256095631,1.012501202818149,1.0769246442478826,1.0429065949899046,0.9616671595955053,0.9605477356390862,0.9919085533598442,1.229102015402338,1.2189538459568314,1.1590838493091946,1.027956972840013,0.8646278324147848,0.7814735728515786,0.7883948508923692,0.8410748748215466,2.1319858062414987,1.0393110324627093,0.8635703809236887,1.067429238631466,0.7011971435877209,0.8356884611517145,0.9520312876703265,0.8136428651133223,0.9191872285787519
2022-09-20,0.969520593882178,0.9694986209976197,1.019871505967791,1.0826797746384955,1.051906129040766,0.9739288000004563,0.9688761761795419,0.9890805914887656,1.229102015402338,1.2211782045560011,1.171463846034057,1.0430107526881733,0.8758713670735432,0.7800429248960299,0.7877641205757144,0.8414587607783497,2.1403091945999133,1.0576218869779155,0.8563135282579993,1.0824804120699665,0.6942060819795959,0.8305078670108471,0.951564480582036,0.8055276747024964,0.9098077411213231
2022-09-21,0.9613733229627828,0.9620409392976381,1.010658574313921,1.0762053215552947,1.0411759432963323,0.9686738017096304,0.9591596291213961,0.9770617366806992,1.224014653184552,1.2151406771037483,1.1603218844013383,1.0350537864110816,0.8709241843736537,0.7732475517583213,0.7801955372251181,0.8380038603858825,2.114149941645564,1.041464818648899,0.8621190380734052,1.0626128447581316,0.7058360676596349,0.8338200416524267,0.9507475904361148,0.8085614031818876,0.9070926188975373
2022-09-22,0.9497956910562123,0.9501086599571865,0.999603084444913,1.0639756283114987,1.0280228187728455,0.9459020979020989,0.9473609884752767,0.9604474691161036,1.2082439176394422,1.204336597671302,1.1392757600969952,1.0135484100669956,0.8533842977560265,0.7635908827095153,0.771996223557867,0.8368522025154735,2.095124989170524,1.0145410790397622,0.873730057704217,1.0349186488852617,0.6878030298314197,0.8212507153447445,0.9489970861136126,0.7971849647818388,0.9016623744499658
2022-09-23,0.9407908298900233,0.939667894197693,0.9894688736834738,1.0539042324554124,1.0200616493300751,0.9371437451437461,0.9383385608645378,0.956558996259397,1.205191539122116,1.2030655009807902,1.1374187074587796,1.0092473183908783,0.8500112030458543,0.7693133380976115,0.771996223557867,0.8418426467351527,2.092746813412313,0.9983864963266559,0.8809869795770424,1.0222757183159648,0.6906125246747714,0.8222698709247244,0.9478301129100604,0.7949096539564058,0.8901848722404773
2022-09-26,0.9232100008259546,0.9217694467382178,0.9701217312681646,1.0301643882003726,0.9992935649266886,0.9205028615386901,0.9140472263134541,0.9307538357578137,1.1919644361692174,1.181457342115898,1.1166821509602347,0.9924731510941713,0.8340454044179444,0.7703863240642731,0.771996223557867,0.8245681447728167,1.9738407470456514,0.9493822397094096,0.901306263930963,0.9717037204435599,0.6774144639199944,0.8085965080014101,0.9457295255299273,0.7811062443455555,0.8796947043227982
2022-09-27,0.9219235827407931,0.9202779331572599,0.9664365445487985,1.03304200828067,0.9986012778412077,0.9196270396270406,0.9161293199014277,0.9307538357578137,1.18433344135922,1.1833639871516657,1.1188486533387239,0.9984946302188353,0.8374184991281167,0.7689556761087244,0.7685273271157731,0.8226487882075615,1.9536267066915058,0.9553056883885025,0.89840350902326,0.9801324326881634,0.6595774292450954,0.8030761953338829,0.9457295255299273,0.7693506260503066,0.8778434760650006
2022-09-28,0.9026275077531951,0.9008879721168267,0.9461680527368299,1.010740919180788,0.9785254145031718,0.9099928649570383,0.8918380515389057,0.9130790572075901,1.1721238302565513,1.1630268037588332,1.1030640010777042,0.9868817073042688,0.8266246303681103,0.7618025727650795,0.7628508745653875,0.8184261159014883,1.9536267066915058,0.9116871400446853,0.9201742054346,0.9349789123726621,0.6816613816852758,0.8211658343090924,0.9498139762595338,0.7848225892179999,0.893517101935989
2022-09-29,0.899625909174446,0.8979048880573148,0.9470894021334894,1.00930216402563,0.9781792709604313,0.8986069796428083,0.8897558917623705,0.9123720498838381,1.1695801006309765,1.170017714338196,1.130300182777241,1.0131182926957338,0.8491116996856268,0.7646638004591276,0.7631662397237149,0.8318618315145541,2.0570748574251208,0.9159947689083351,0.9172714505268971,0.9428055409336967,0.6781331753809593,0.8173440494801811,0.948530279025322,0.778982651769049,0.8851249487703696
2022-09-30,0.8871906215911399,0.8852267950287883,0.9323486552560247,1.003547033635017,0.9664106545877761,0.8828419847703306,0.8842035980687333,0.9113116063221396,1.157370489528308,1.1633446385406874,1.1070875560944087,0.9847312024844603,0.8257252127892446,0.7671674343813378,0.7644276402072707,0.8387716322994885,2.0380499049500806,0.8960703542285134,0.9259797152500058,0.9205297307526582,0.6693779856965721,0.8152208572845694,0.9477133888794008,0.777010719577911,0.8810522654346911
2022-10-03,0.8764705799313632,0.8755318429573696,0.9222144444945856,0.9963531480892462,0.956372689908693,0.8767110977469265,0.8744871171991492,0.907423133465433,1.1415997539831981,1.1569892763065803,1.0903744365470436,0.9634408438077551,0.8120080867805416,0.7539342136607093,0.7511826043062888,0.8383877463426855,2.0558859963413387,0.8777618723466762,0.936139322823398,0.901866330807961,0.6799887533842239,0.8248771742670217,0.9497906293165777,0.791337470815129,0.8925421278718313
2022-10-04,0.898768318927652,0.8956675607882819,0.939719028694757,1.0164960495714006,0.9781792709604312,0.8968553358195094,0.9008604791496445,0.9286328812104873,1.1533006191607518,1.1760552417904488,1.1278241125929538,0.9997849823326207,0.8378681650268686,0.767882690142063,0.7666351361658088,0.8560460610430649,2.1093935901291427,0.9213804206904934,0.9129172835617745,0.9452136919378278,0.6780895204308182,0.8265789786137644,0.9501411775436326,0.7949898231464617,0.9117645287194466
2022-10-05,0.9197795744088374,0.918040605888227,0.9655152654412295,1.0316031433555297,0.9972167036702457,0.9283853923853936,0.9244577604418832,0.9410052396804296,1.1624578517460942,1.1839994142784693,1.1389661922911973,1.0083870836483548,0.8457386907568165,0.7911302419003847,0.7902869816925798,0.8652591775688171,2.16290141071227,0.9509981160161233,0.8984035090232598,0.9741119633127632,0.6716059665315025,0.8187505747472683,0.9492064119890368,0.7889786950076633,0.9081681521697257
2022-10-06,0.9262115994047034,0.9247525307977298,0.9710430103757334,1.0337613309732574,1.0034471553993138,0.9275095704737442,0.9293160670652371,0.9392377213710495,1.1675452139638802,1.1817750556792999,1.1470133023246063,1.0167741672967083,0.8497863700964785,0.7918454976611098,0.7934405731261001,0.8664107622204664,2.1985731399041395,0.9601511706403575,0.8940493420581374,0.9843467428779291,0.6678730051997328,0.8142407348006928,0.9480377990286513,0.7871524898159115,0.9054397882079326
2022-10-07,0.9107747132426484,0.9090914106072875,0.9581448920024971,1.0229705026546012,0.9889094567048651,0.9152478632478646,0.9147412795722991,0.9289863848723632,1.155335505827848,1.1712888110287079,1.1303001827772412,1.0030107395623333,0.8387676683870962,0.7811159108626914,0.7795648069084633,0.8614203912195469,2.2140310555371867,0.9353813301999515,0.9056603616889491,0.9614689408783941,0.6613894013350662,0.8102414231742053,0.9468692752209176,0.779315214537532,0.8944023846291074
2022-10-10,0.9107747132426484,0.9090914106072875,0.9581448920024971,1.0229705026546012,0.9889094567048651,0.9152478632478646,0.9147412795722991,0.9289863848723632,1.155335505827848,1.1712888110287079,1.1303001827772412,1.0030107395623333,0.8387676683870962,0.7811159108626914,0.7795648069084633,0.8614203912195469,2.2140310555371867,0.9353813301999515,0.9056603616889491,0.9614689408783941,0.651107381528939,0.8054763190675859,0.9465187269938626,0.7723149354589961,0.8834889287819352
2022-10-11,0.863606529939631,0.8635995636169184,0.9141070899432522,0.9826848094602744,0.9484115864860528,0.8614715826572529,0.8717109703523306,0.9137860645313423,1.1243027806627433,1.147138458782792,1.096254926136439,0.961935474026589,0.795817369421894,0.743919882623016,0.7436140209556924,0.8380038603858826,2.2722950008414124,0.8492198837974568,0.9462989996039263,0.875978294120726,0.6539889832465686,0.8075184972676122,0.9469861543474866,0.7707170494553415,0.8862172927437283
2022-10-12,0.8593185132757204,0.8583791522883736,0.9083950470137802,0.9783684342248191,0.9473732218779617,0.8581434326646131,0.8696288105757953,0.9127255535457143,1.1253202725129732,1.147138458782792,1.0981119787746543,0.9569892473118292,0.784124083083022,0.7335479578134848,0.7306843502130378,0.8391555182562915,2.2223544438956018,0.846528244223062,0.9477504116613457,0.8729680594330259,0.6571980079087056,0.8101563134809657,0.9479210090547343,0.7698039468594655,0.8877055170728669
2022-10-13,0.8490272994543114,0.84793838652888,0.9028673020792761,0.9596642878978223,0.9311048054698106,0.8492098754313733,0.8619944232941847,0.9024742170470279,1.1085320451176335,1.1287080416441795,1.0925409389255325,0.951182785854546,0.779851570793984,0.7396280751904684,0.7480290128727686,0.8399232169511378,2.187871575787515,0.8142164801983979,0.9666182839578467,0.8362431594970559,0.6509109177691645,0.8067526398678057,0.9451164449329913,0.7711735717271939,0.889689721561796
2022-10-14,0.8734689813526139,0.871803002107379,0.9258996312139515,0.9855623197705897,0.9529113865215488,0.8756601381813187,0.8897558917623702,0.9159070190786688,1.113110564376941,1.1433252899297088,1.1250385926683926,0.9799999934370813,0.799865048761556,0.7600143310376927,0.764743005365598,0.8391555182562915,2.2401903084915364,0.8610669506294546,0.9390420777311007,0.882600847179695,0.6455406918188055,0.8022427999212302,0.9446490175793675,0.763792818720667,0.8868374098683498
2022-10-17,0.8571745049437649,0.8546503114383828,0.8962339800422351,0.9704551162164784,0.9397581959779318,0.8569172018031894,0.8779572511162509,0.9109581026602637,1.1014096991993874,1.1411009313305391,1.1046114859101213,0.9559139949019251,0.7746795551447186,0.7521459719333224,0.7631662397237147,0.8314779455577512,2.1747920627080015,0.8546055920708858,0.9521045094193319,0.8579168859945254,0.6423971217663594,0.8030937020946015,0.945700751413184,0.7674451710519996,0.8977507710989329
2022-10-18,0.8670369563567478,0.8650910771978764,0.9028673020792761,0.9805266218425467,0.9484115864860528,0.8672520607308829,0.8842035980687332,0.9134325608694663,1.1029359369747322,1.1439608382749646,1.141132694669686,0.9965591430664077,0.8122329197299176,0.7517883099444352,0.7634815447322885,0.8349328459502184,2.1688466233124744,0.8524517493934255,0.9433962446962231,0.876580377804295,0.6439034272002161,0.8051359452143023,0.9461681787668079,0.7720105679270374,0.904075606227036
2022-10-19,0.8554593244501775,0.8539045546479038,0.8988135896590643,0.9737211841622512,0.9383736878271001,0.8670769230769244,0.8744871171991491,0.9208559894362176,1.0942874503145048,1.1449141001836223,1.1436087648539734,0.9956989083238842,0.8210028630387312,0.7356938615297586,0.7480290128727685,0.82879081707889,2.110582678008249,0.8379106703536641,0.9521045094193318,0.8621311961842912,0.632180606535274,0.7967118384148044,0.9444153484788815,0.7614340429132012,0.8953944395652773
2022-10-20,0.850742479947899,0.8516672273788709,0.8807562520521697,0.9647330114743013,0.9345661748770852,0.8584937079725301,0.868934823505512,0.9093212152455462,1.0861477095793923,1.1382410243861136,1.1343237377939455,0.9849462201518412,0.8025634730608765,0.736409185507533,0.7502365689810602,0.8214971303371527,2.181926363187311,0.8260636035216663,0.9579100192347377,0.8470800227457909,0.6213746500595139,0.7907554582815302,0.9433637037977167,0.7548141797104855,0.8904338810346599
2022-10-21,0.8481697092075176,0.8464468729479221,0.8827831082622755,0.9639839494624652,0.929720297318979,0.8474582316080742,0.8640765168821581,0.9066297899351414,1.0876738503213739,1.1356989522235421,1.1234911078359755,0.976344118836107,0.7953676177417802,0.7278255024253885,0.7420372553138092,0.8149712155090212,2.165279359675159,0.8142164801983979,0.965166941107563,0.8392533941847562,0.6101757660642046,0.7925423723215125,0.9458176305397531,0.7569447524341959,0.8989909107315874
2022-10-24,0.8455968730371944,0.8464468729479221,0.8866525226875193,0.9669800832189929,0.9335277442488638,0.8481588490448366,0.868934823505512,0.9108592144719716,1.0912350717971786,1.1423720280210508,1.1559887615788358,1.0096774357621403,0.8142567593997486,0.7017167911900678,0.7221696713874594,0.8330134893849631,2.152199846595646,0.8212181212698112,0.9608127741424405,0.8488861819314254,0.6051330130237038,0.7915212507616621,0.9455838722866152,0.7565642785062049,0.8996110278562092
2022-10-25,0.8293023966283456,0.8278026686979679,0.8697007621831615,0.9497526855641127,0.9200284761826364,0.8302918682202142,0.8501957826480654,0.8997089400879066,1.09276121253916,1.1372877624774558,1.170535378747712,1.0227957284578728,0.8057117348216728,0.6956366738130842,0.719646810270594,0.8295585889924959,2.1605232349540606,0.7969861342176104,0.9738752058306718,0.8248043044298247,0.622749946343287,0.801391897747859,0.9465187269938627,0.7666842812481887,0.9082920999013788
2022-10-26,0.8370208397093731,0.8374976776669826,0.8750442794117879,0.957242848519207,0.925912784368964,0.8351965243821945,0.852971929494884,0.900093439894513,1.099883558457406,1.141418644893941,1.1773444536889774,1.0225806287539918,0.8081852403902557,0.6938483638686483,0.7221696713874594,0.8337811880798094,2.16765753543337,0.8056013354536394,0.9666182839578464,0.830222690121656,0.6317221744406831,0.805476319067586,0.9473367025745414,0.7701844207874565,0.9107724737832765
2022-10-27,0.8490272994543113,0.8486842002169551,0.8860997692807959,0.969976102684704,0.9356046055053064,0.8464072052215375,0.8647705701410033,0.9066297899351415,1.1014096991993874,1.1493628173819617,1.1767254361429056,1.0167741672967086,0.8041375610505938,0.6841916948198423,0.7221696713874594,0.8372360884722765,2.2425684842497478,0.8287576157294297,0.9535559214767513,0.8543045676232567,0.6383367374900825,0.8111774350408164,0.9493232019629538,0.7737606667227569,0.9174693413395169
2022-10-28,0.8383072577945346,0.8382434344574616,0.8767026099210481,0.957242848519207,0.925220497283483,0.8364226884226895,0.8536659827537291,0.8962485151642892,1.0947961962396198,1.142054193239197,1.1603218844013388,0.9868817073042689,0.7713064604345464,0.6723891220547624,0.7054557390443834,0.8357006178638242,2.2425684842497478,0.8066794148634185,0.9666182839578464,0.8332329248093561,0.6339488803039471,0.8070079040278499,0.9479210090547342,0.7753585527264115,0.9245382413238947
2022-10-31,0.849456127292679,0.8494299570074342,0.8888636768925932,0.9714741124175595,0.9356046055053064,0.8520125456412088,0.868934823505512,0.9027848652049177,1.1003922073491574,1.1519050107629853,1.1974619926414505,1.0279569728400133,0.7879469294733078,0.6623748592341184,0.6950489294185943,0.8257198026432256,2.2330560080122277,0.8287576157294297,0.9535559214767513,0.8549066513068255,0.6294300139677281,0.8033490311743204,0.9465187269938627,0.7711735717271939,0.9106484314350343
2022-11-01,0.8541729063650157,0.8539045546479039,0.8936543704254059,0.9759682559069426,0.9407966266061532,0.8549904203259316,0.8724049574226138,0.9054762905153224,1.0983573206820612,1.1579425382152382,1.1959145078090332,1.0232258458291346,0.7863728414835905,0.6702432183384887,0.7013560521358811,0.8238003728592107,2.2235435317747076,0.8422206153594118,0.9462989996039259,0.8681516655596915,0.6352979443787701,0.8032043652104304,0.9455955648352098,0.7767053110762364,0.9161050798806856
2022-11-02,0.8576033327821327,0.8576333954978947,0.891811812210268,0.9812113471173453,0.9446041395561682,0.8586689124474169,0.8786513043750961,0.9100902148587589,1.09377870438939,1.1604847315962619,1.1887959831274941,1.0103225708007826,0.7769282277639254,0.695279011824197,0.727846123937845,0.8299424749492987,2.2853745139209263,0.8486820304092512,0.943396244696223,0.8741721349350916,0.6325406437419003,0.8018399354777116,0.9451273215957496,0.7729656632845536,0.9077644254897907
2022-11-03,0.8464544632839883,0.8471926297384013,0.8862839969866736,0.973721184162251,0.9345661748770852,0.8537642562854365,0.8717109703523306,0.9066297899351413,1.0851302177291626,1.1598491832510058,1.1603218844013383,0.9782796059885345,0.746345799767085,0.6809728733539562,0.7155471835118452,0.8226487882075614,2.282996564958039,0.8330651881018087,0.9521045094193317,0.8591209614965911,0.62912685010871,0.7983436981419033,0.9433714317748407,0.7702181503114381,0.901291105881963
2022-11-04,0.8477408813691498,0.8486842002169551,0.8848099644723814,0.973721184162251,0.9380275442843596,0.8521877501160959,0.8730990106814589,0.9089367154389398,1.0881825962464888,1.1604847315962616,1.1482512193512249,0.9584946170929951,0.7519675670964643,0.712446377988486,0.7480290128727685,0.8257198026432255,2.2948869901584468,0.8395266031516482,0.9462989996039258,0.8663455063740568,0.6185571475801711,0.7966381609760048,0.9444250013906925,0.7717445787561087,0.9075154918411249
2022-11-07,0.8623201772844112,0.8628537499288434,0.8988135896590642,0.9901995198052951,0.9539497511296401,0.8730326056254412,0.8855917045864232,0.9250853406372082,1.09377870438939,1.1725599077192197,1.1550602942924904,0.9645160962176591,0.744546878827992,0.7170958474099207,0.749290473506078,0.8395394042130943,2.328180770387428,0.8648367261048988,0.9332365679156946,0.8934376185633576,0.612386003222906,0.7938240734469654,0.9436055980487038,0.7689207298039368,0.9073909775284957
2022-11-08,0.8713249730206586,0.872548758897858,0.9144756156440977,0.9976896827603894,0.9629492851805017,0.8784628083911543,0.8911439982800604,0.9316216906778366,1.0963223369816013,1.1785974351714725,1.1624883867798275,0.9735483969411554,0.744546878827992,0.7045780188841158,0.7350993421301139,0.8372360884722764,2.330558946145639,0.8772216463251018,0.9259797152500053,0.9060806409977269,0.6190823620121096,0.7991111410718648,0.9445420845276241,0.7721261421968078,0.9065195672932768
2022-11-09,0.8961954827573287,0.894921803997803,0.9369551210829595,1.0179130998809807,0.9837174356040186,0.9038619779336344,0.9182114134894009,0.9462323899855191,1.1070058073422886,1.1884482526952609,1.163416854066173,0.9782796059885345,0.7458960480869714,0.6938483638686482,0.7278461239378449,0.8564299469998675,2.255647997329261,0.9176107017063191,0.9042090188386652,0.9446116082542592,0.6211175053268652,0.8018399354777117,0.94606380807467,0.7701418725596733,0.8956891015327618
2022-11-10,0.8876194494295073,0.8867183655073423,0.9286635388257487,1.0111719989377224,0.9761024757241188,0.8951036251752816,0.9126591197957639,0.9431564648685079,1.1024271910496173,1.1820928904611538,1.1451562496863905,0.9550537601594014,0.7209354732008719,0.6859800047642781,0.7177546794703832,0.8575816048702765,2.1890606636666208,0.9003779266008923,0.9143686956191935,0.9271522838116275,0.6450142110208125,0.8198329459554993,0.9512143944004654,0.795937901888045,0.9235744190129538
2022-11-11,0.9347876327325246,0.9329559692881904,0.9701217312681644,1.047124803980338,1.0166003459429311,0.9423987434345724,0.9536073354277589,0.9612275157639684,1.118706672519842,1.2030655009807902,1.180129973613538,1.0086021833522356,0.7679334515057361,0.7042203568952287,0.7354147072884413,0.87831093400632,2.208085616141661,0.9763058663360047,0.8795355675196223,1.0030102346876986,0.6426507961642941,0.8181274738491914,0.9509802281266023,0.7980748434832924,0.9268110313285715
2022-11-14,0.9433636660603459,0.943396735047684,0.9876262451792455,1.0583600484129794,1.0245614493655715,0.9502812742812756,0.9619357759682144,0.9773761409622367,1.125320272512973,1.2106918386869567,1.1788919385213943,1.0111828055433059,0.78007640374336,0.719957075103969,0.7502365689810602,0.8786948199631229,2.255647997329261,0.9930007315619558,0.8693758907390939,1.021071642813899,0.6410752029556835,0.8161661223733058,0.9501608247846136,0.7940299100026755,0.9199642637594487
2022-11-15,0.9836709965291295,0.9814309572356673,1.0226354135795883,1.0853245664768287,1.056752072619003,0.9914455055171623,0.9945555510597539,0.9823744917764399,1.1273551591800692,1.2145051287584923,1.1838439608244442,1.0148386801442804,0.7971666244622352,0.7310443921083237,0.7625355094070599,0.8859885067048603,2.171224799070686,1.0527740320926915,0.844702508627187,1.0800721692007629,0.6514479625940467,0.8222206329281664,0.9510973112635338,0.8050962396469024,0.9280559845016776
2022-11-16,0.9819558160355419,0.9803867907615164,1.024477971794726,1.0830776090229537,1.0557136578356128,0.994248191764021,0.9966376446477274,0.9816055654990667,1.125320272512973,1.214187293976638,1.1897244504138393,1.024946233277681,0.8063863194511625,0.7260371924809526,0.7571744220150017,0.8871401645752692,2.1973840520250354,1.053311828989626,0.8432510965697675,1.0818783283863973,0.6656940659717451,0.828275143483027,0.9512143944004654,0.8119650220796911,0.9260641354059814
2022-11-17,0.9823846438739097,0.9803867907615164,1.013422481925718,1.0845756187558093,1.0549860645864395,0.9915391099260927,0.9994137914945459,0.9835279911962589,1.1207416562203016,1.215140677103748,1.1813678906401568,1.0129031929918528,0.7940184484828008,0.7088698263166635,0.7382529335636342,0.8806142497471379,2.149821670837435,1.0570816044650706,0.8403483416620645,1.083082403888463,0.6586694857279837,0.8226470334845386,0.9500438309559481,0.8076148029101402,0.9220805321911815
2022-11-18,0.9798118077035866,0.9781139616773702,1.013422481925718,1.0830776090229537,1.0509843711030982,0.996054315219205,0.9952496043185989,0.9777606407688431,1.1090406940093844,1.215140677103748,1.177344453688977,1.0098924534295208,0.7967168727821213,0.7160229296603086,0.7489751083477506,0.8794625918767289,2.1070154143709336,1.0468504704310573,0.8432510965697675,1.0764599426945662,0.6541395989051227,0.8197476528323066,0.9489902613400963,0.8075384669310838,0.9240723812868776
2022-11-21,0.9763813812864697,0.9735680722955393,1.0171076686450842,1.080830537278262,1.0466189503822816,0.9879269319122898,0.9896973106249618,0.9696862915017892,1.1126019154851894,1.2148228423218939,1.1804394233538114,1.0068817138671888,0.7850235864432493,0.700286143234519,0.7325764810132485,0.8721689051349916,2.035671955987195,1.0420049881792022,0.8476052635348899,1.070439473319166,0.6568968995419924,0.8192360242123322,0.9487561843744994,0.8063173824026388,0.9236988383489904
2022-11-22,0.984528652205865,0.9826597354524317,1.019871505967791,1.0860736284886647,1.053167150850618,0.9942481917640209,0.9938614978009087,0.9650724404941923,1.1141280562271707,1.2132340320679802,1.1764158683371069,0.9982795305149542,0.7695075394954531,0.7088698263166635,0.7426679254807101,0.8714012064401452,2.058263945304228,1.0538521115024708,0.8432510965697675,1.0782661018802007,0.6662192804036835,0.8239261700940648,0.9494585045795565,0.8134913922970702,0.9304211865820764
2022-11-23,0.9913894396101571,0.989478569525178,1.0253993211913852,1.093563791443759,1.0604428751810164,0.9978603697778238,0.9952496043185989,0.9727622166188002,1.1222677969622832,1.2227670148099143,1.1934385556902705,1.0116129229145678,0.7803013224740977,0.7081545023388892,0.7366761679217507,0.8664107622204661,2.0749109488163806,1.0694688973186426,0.8374455867543616,1.0957254263228322,0.6778393617088944,0.8283604366062196,0.9502779079215451,0.8216576534646518,0.9356497429699827
2022-11-24,1.0008230631847723,0.9985702326820705,1.0355335319528245,1.1070461076210918,1.0680824655231127,1.005987753084739,1.0084362852938467,0.9819900653056731,1.1273551591800692,1.2348421909328724,1.1946764727168893,1.017419384371851,0.7946930331122903,0.6995708192567447,0.7303689850547103,0.8760076914842617,1.9940547873997987,1.0937009408621141,0.82583456712355,1.1204093875080017,0.6778393617088944,0.8283604366062196,0.9502779079215451,0.8216576534646518,0.9356497429699827
2022-11-25,1.0008230631847723,0.99705497475705,1.0401399977797594,1.1092931793657834,1.0680824655231127,1.0068907803640483,1.005660138447028,0.9812210656924605,1.129390142880529,1.230711187297935,1.189415000673566,1.0124731576570913,0.7895210174630249,0.6984979015071323,0.7281614890961723,0.8760076914842617,2.0095124762375227,1.0856235930142903,0.8316400769389558,1.1143889181326014,0.6755416111781696,0.8281046222962325,0.9503949910584766,0.8224971163251062,0.9337824081869157
2022-11-28,0.9806693979503806,0.9803867907615164,1.021714134472019,1.0950618011766144,1.05498606458644,0.9897329864709085,0.9883092041072716,0.973531216232013,1.1232852888125129,1.2291223770440214,1.185081995916588,1.000215017667382,0.7753541397742082,0.6834764390591171,0.7171239491537285,0.8733205630054004,1.8965517358687263,1.053852111502471,0.8417997537194842,1.0848885630740972,0.677445475928543,0.8284457297294122,0.9506290680240737,0.8165441909591198,0.9239478669742489
2022-11-29,0.9896742591165697,0.9864479380683677,1.0272418794065232,1.1010539543988531,1.0629893821660115,0.9942481917640207,0.9917794042129352,0.9792985666594289,1.1314250295476254,1.2345243561510184,1.178582488781121,0.9991397652574779,0.7773779794440392,0.7153076056825342,0.7423526204721365,0.8737044489622033,2.0297265165916683,1.0764681657566875,0.8345428318466588,1.1035520548838667,0.6695017954724917,0.8249494273340133,0.950277907921545,0.8124992574785029,0.9279314701890488
2022-11-30,0.9978214646060234,0.9962972879911549,1.0355335319528245,1.1115401368196585,1.0731754794931028,1.0014725477916264,1.0028839916002095,0.9862194165066639,1.1451608784256389,1.2450107220200628,1.1708449465535102,0.9849462201518412,0.774004884733867,0.7185264953654695,0.747713647714441,0.8744722208758092,2.0214031282332536,1.0996245025237485,0.8243831550661305,1.1270318487018984,0.674425568075704,0.8323683676215927,0.9530872780500397,0.8224208385733413,0.9418741289291447
2022-12-01,1.0149735312616661,1.0114500984548986,1.048431650326061,1.1250224529969914,1.0848166939314292,1.0204363962433851,1.0195408726811208,0.9927557665472925,1.1451608784256389,1.2513660842541696,1.1959145078090334,1.0215053763440876,0.8093096624812209,0.7364091855075329,0.7615894139320778,0.8863723926616631,2.0487514690667084,1.1238564330846788,0.8156748903430217,1.1523178017055646,0.6959194687323074,0.8414416410954119,0.9551358203421527,0.8326782029490881,0.9453473248971659
2022-12-02,1.0059687355254188,1.0046313799889217,1.0429038351024666,1.1197793617865888,1.0779046968385062,1.0159211909502728,1.0181528323519924,0.989295341623675,1.1421084999083126,1.2516837978175714,1.1909624855059835,1.0172042846679703,0.8180796057900346,0.7274678404365011,0.7549669260564636,0.8944337780982469,2.0653984725788606,1.109855636557762,0.8200290573081441,1.1408789466383331,0.7046710651727476,0.8431504728846742,0.9549012690710273,0.8377312031300383,0.9445971828463282
2022-12-05,1.0072550881806386,1.0038736932230268,1.0484316503260611,1.1250224529969912,1.0793598833368527,1.0177272455088917,1.0195408726811208,0.9946782655803241,1.1461783702758688,1.254543704761997,1.1863200310087318,1.011397823210687,0.825275461109131,0.7492847442392742,0.7694733624410015,0.8986564504043201,2.052318732704024,1.1152412883399205,0.8185776452507246,1.1462973323301644,0.6948008005924403,0.8346061835628545,0.9522034372623217,0.8306110213752984,0.9355962412542551
2022-12-06,0.9888166688697761,0.9879631959933881,1.0364548110603937,1.1062970456092556,1.0644445686643582,0.9987633970571329,1.000801898012236,0.9846814906160781,1.1344774080649516,1.2399264564764676,1.1702259290074386,0.9989247475900973,0.8147065110798624,0.7589413450710311,0.7764112756246967,0.8802303637903348,1.9738407470456534,1.0780841550459428,0.8316400769389559,1.1083684487572012,0.7037498444948065,0.8397327441183955,0.9532590522162306,0.8331375506715036,0.9322209358458513
2022-12-07,0.9828134062823362,0.9811444775274112,1.0226354135795885,1.101053954398853,1.0604428751810167,0.9924421372054016,0.9890032573661166,0.9781451405754495,1.1395647702827376,1.2354777392781284,1.1606313341416123,0.9843010851131988,0.8054868160909351,0.768598014119837,0.7830337635003108,0.8806142497471379,1.9001188861083809,1.0673151111324535,0.8359942439040783,1.0975315855084664,0.7203319171032693,0.8470808381501806,0.9552531407223304,0.8424014330127958,0.9373465091213781
2022-12-08,0.9712357743757657,0.9697798696796034,1.0152650401408563,1.0920657817109032,1.0488016607426902,0.9807025758846835,0.9785927232376874,0.9723777901480336,1.1339687591732002,1.2291223770440216,1.1566077791249079,0.9765591365034878,0.7980661278224628,0.7628755587317406,0.7798801720667906,0.8856046207480573,1.8608798932791955,1.0500823360270266,0.8417997537194842,1.0782661018802002,0.718357844106103,0.842296056990043,0.9543147566593693,0.8397218072796054,0.9380965557949683
2022-12-09,0.9862438326994531,0.9841749933774523,1.0263206002989547,1.1033010261435445,1.0622618583039496,0.9942481917640204,0.991779404212935,0.9808365658858543,1.1410910080580827,1.2348421909328726,1.1662023739907341,0.991612916351648,0.8124578384606554,0.7700286620753856,0.7814569978584276,0.8936660794034008,1.8370987026853953,1.0770060756361635,0.8316400769389559,1.1077663650736322,0.6996701672647134,0.8360586971025028,0.9538455646278887,0.8334438019569338,0.9380965557949683
2022-12-12,0.976810209124838,0.9773562749114753,1.0171076686450844,1.0965598109094699,1.0546222679618533,0.9834117266191769,0.9841450169313244,0.9804520660792481,1.1370211376905264,1.2335710942423608,1.1569173469307061,0.9832258327032946,0.8086349920703695,0.7639485446984021,0.780195537225118,0.8867562786184665,1.8263971385687698,1.0597756731641055,0.8388969988117813,1.0891028732638628,0.7019074031389242,0.8348625018124685,0.9532590522162306,0.8323719516636577,0.9417219403460672
2022-12-13,0.9725221924609273,0.9720528143705187,1.0143437610332873,1.0913167196990672,1.0502568472410365,0.9770903978708806,0.9813688700845058,0.9816055654990671,1.1319337754727403,1.2291223770440216,1.1739399162183448,0.9954838906565037,0.8140319264503727,0.7618025727650791,0.7764112756246967,0.8856046207480576,1.8929845856290715,1.0516983253162817,0.8417997537194842,1.081878328386397,0.70868497678496,0.8423814529480782,0.9560742044051138,0.8396452298553829,0.9514729286117306
2022-12-14,0.9845286522058656,0.984932680143347,1.0263206002989547,1.104049973864564,1.0637169754151847,0.9915391099260922,0.9945555510597535,0.987372915926483,1.1410910080580825,1.2402441700398694,1.1804394233538118,1.0055913617534038,0.8216775334495828,0.7682403521309498,0.780195537225118,0.8982725644475174,1.9108204502250061,1.0802379412321323,0.8287373220312529,1.1107765997613324,0.7117119021013512,0.8446884475701119,0.9561914352960615,0.8404108288632287,0.9460973715707562
2022-12-15,0.9853862424526593,0.9856903669092418,1.0300057870183208,1.1047990358764,1.0629893821660115,0.9924421372054015,0.9896973106249615,0.9881419155396958,1.1410910080580825,1.2405620048217236,1.1739399162183448,0.9954838906565036,0.8129075901407692,0.7639485446984021,0.7760959104663694,0.8894434070973276,1.9453033183330934,1.0813160206419115,0.8301886648815364,1.109572524259267,0.7144821302547879,0.8463289511199014,0.9563204816289893,0.8411152070533643,0.9425470023692681
2022-12-16,0.9690917660438103,0.9682646117545826,1.0134224819257183,1.088320700233356,1.0466189503822818,0.9788965213260645,0.9737344166143335,0.9881419155396958,1.1360036458402964,1.229757901145587,1.1504177217297142,0.9664515833700872,0.7888464328335354,0.7682403521309498,0.7786187715832348,0.8825336063123932,1.9262783658580536,1.0441587743653924,0.8447025086271872,1.0740516998253624,0.7065009381765379,0.8441887302371006,0.9572609535532728,0.8375059202965587,0.9375200658471309
2022-12-19,0.963517331294738,0.9637187223727517,1.005130829379417,1.0823285470111172,1.0415258670251806,0.9716721652984588,0.9688761761795415,0.9892953416236754,1.1339687591732002,1.2274469567754431,1.1371092577185065,0.9602150865780424,0.7836743314029082,0.7650214624480144,0.7716808583995396,0.8898272930541306,1.9143877138623226,1.0344655502108548,0.8476052635348901,1.0644190039437655,0.6946280613439275,0.8373399972863949,0.956085408492088,0.8290586870761596,0.932744528885562
2022-12-20,0.9459365022306694,0.9470506539839874,0.9894688736834739,1.0621051298905262,1.025883028490624,0.9527083168467001,0.9494431482518115,0.9727622166188008,1.126846413254954,1.2135811646175565,1.1154441158680914,0.9438709546160968,0.7584888377860709,0.7432046268622905,0.7533901002648268,0.8882917492269187,1.917954750704316,0.9962325971579252,0.8621190380734048,1.0282961876913645,0.6822935146428716,0.8312617778169635,0.956085408492088,0.819305984608388,0.930356712464358
2022-12-21,0.9497956910562123,0.9493235986749028,0.9922327110061807,1.0665991590890929,1.0295208559622675,0.9545143714053189,0.9501371353220948,0.9743002158452261,1.127863905105184,1.2102798514993574,1.1290621476850975,0.9466666765110482,0.7665841964653948,0.749642338011112,0.7533901002648268,0.8998081082747292,1.933412666337363,1.0037697754754458,0.8606676260159853,1.0337145733831956,0.684008446600239,0.8322891073538767,0.9570258804163716,0.8249118507122881,0.9382741686479971
2022-12-22,0.9656613396266933,0.9652340381011568,1.005130829379417,1.0800814752664258,1.0433448501481135,0.9680599872846558,0.9612417888979309,0.9869884161198768,1.1365123917654114,1.2248058055312656,1.14237072976183,0.9572042649792102,0.779851570793984,0.7550071996273704,0.7600126482901945,0.9028791227103934,2.000000000000003,1.0382353256862993,0.8461538514774707,1.0662251631293997,0.6838765481126441,0.8320322912982379,0.9564380630416095,0.8246814806790475,0.9324931293249937
2022-12-23,0.9493668632178445,0.9515964855624335,0.99315406040284,1.0688462308337845,1.0302484492114408,0.9527083168467,0.9487490949929664,0.984296990809472,1.1339687591732002,1.2248058055312656,1.1278241125929538,0.9344086185578392,0.754441158446409,0.751788309944435,0.7533901002648268,0.8909788777057799,1.9892984358833776,1.009155427257604,0.8548621162005795,1.039133050940099,0.6738506023724494,0.8282654816439138,0.9559678270794677,0.8221472931363738,0.9348809457461977
2022-12-26,0.9527972896349615,0.953869430253349,0.9922327110061807,1.071093302578476,1.0353414631814308,0.9536113441260095,0.9494431482518115,0.9835279911962593,1.1385472784325077,1.226456588027388,1.1402042273833408,0.9365591233776477,0.7557904134867504,0.7550071996273704,0.7578051523316565,0.8955854359686561,2.0071343004793123,1.0161570683290175,0.8548621162005795,1.0451535203154991,0.6738506023724494,0.8282654816439138,0.9559678270794677,0.8221472931363738,0.9348809457461977
2022-12-27,0.957085306298872,0.9561423171408798,0.9977605262297752,1.0770854558007146,1.0371604463043638,0.9572235221398124,0.9536073354277586,0.9854504168934515,1.1405822621329678,1.2257963002163437,1.1383471747451253,0.942365584834931,0.7560152464361264,0.7621602347539662,0.7682119619574456,0.8948176640550503,2.036860817070978,1.0236941336639966,0.8490566063851737,1.0541842243785995,0.6605265905576615,0.8213311868842337,0.9546747006056626,0.8115498614877109,0.9252041720427758
2022-12-28,0.9433636660603463,0.940989506677136,0.9820985002447417,1.0606071201576706,1.0255192318660373,0.9391627009673631,0.9369504543468472,0.9758381417358117,1.1360036458402967,1.2175428914838229,1.1284431301390254,0.9221505606046303,0.7297054165096857,0.7618025727650791,0.7644276402072706,0.8978886784907144,2.021403128233254,0.995154517748146,0.862119038073405,1.0252859530036642,0.6566349561270277,0.8193621549337394,0.9546747006056626,0.8090156739450373,0.9127624825772972
2022-12-29,0.9390756493964356,0.9372013040612001,0.9738068476984405,1.058360048412979,1.018971031397701,0.9346474956742508,0.935562347829157,0.9723777901480338,1.1304075376973954,1.2122607149324904,1.1163725831544367,0.9126881425098723,0.7240836491803065,0.7557224553880956,0.7584358224985576,0.8967370938390651,1.9976218242417925,0.987615079779798,0.8650217929811079,1.0168572407590606,0.6640884536074446,0.8233857806437023,0.9553800097047058,0.8147751591301067,0.924575769022194
2022-12-30,0.9450788465539338,0.9409895066771361,0.9802559420296038,1.0665991590890926,1.0251554352414507,0.9283262358225196,0.9404206544525109,0.9766071413490245,1.1349861539900665,1.2152319471136788,1.1315382178693847,0.931612896662888,0.740948951168444,0.7646638004591273,0.766950501324136,0.9009596929263786,1.998810912120898,0.9994622031030665,0.8577648711082826,1.031908414197561,0.6567008802089619,0.8199614141683493,0.954204464643521,0.8096300330926879,0.9253297759422209
2023-01-03,0.9497956910562122,0.948565911909008,0.9811772211371727,1.0665991590890926,1.0287933321002056,0.9454839608190944,0.9487490949929664,0.9800675662726419,1.1365123917654114,1.2195236289799332,1.1312286500635864,0.9313978789955074,0.7481448064875403,0.7653791244369017,0.7757805453080419,0.9117082800605832,2.0261594797496754,1.0129252027330486,0.8534107733502962,1.042143285627799,0.6692333501270004,0.8263820768167518,0.9550273551551844,0.815235957785101,0.9270891893428431
2023-01-04,0.9476516827242569,0.944777709293072,0.9848624078565389,1.0680972831127649,1.026610552352686,0.9445809335397849,0.9473609884752763,0.9785296403820561,1.1339687591732002,1.2191935480429223,1.127205095046882,0.9273118049867708,0.740948951168444,0.7657367864257889,0.7732576841911765,0.9143954085394445,1.950059443054192,1.010233506667383,0.8563135282579992,1.0427452774462957,0.6784018298885114,0.832717112341822,0.955967827079468,0.8211490034628265,0.9377714654076996
2023-01-05,0.9545125355584908,0.9515964855624336,0.9931540604028403,1.0725913123113313,1.0313398390852007,0.9518052895673906,0.9480550417341215,0.978914066852823,1.1354948999151815,1.221834573350077,1.1324666851557301,0.9281720397292943,0.7418484545286715,0.7854077182952389,0.7909177120092346,0.9170825370183056,1.881093933633341,1.0177706849849038,0.8519593612928769,1.0481637550031992,0.6812381254472057,0.8315185938726022,0.954674700605663,0.820534644315176,0.9358863522267932
2023-01-06,0.9588005522224015,0.957657632869285,1.000524363552482,1.0785834655335702,1.0389793600401858,0.9581265494191218,0.9598536823802408,0.9866039163132706,1.1395647702827378,1.2248058055312654,1.1253481604741913,0.917849468928513,0.7299302494590617,0.7929184836277711,0.8006937913183689,0.9097889234953278,1.8917954977499665,1.0328495609215997,0.8447025086271875,1.0632149284416996,0.693770595365244,0.8422196982866061,0.9583189172018377,0.8339734430803377,0.9492076525117435
2023-01-09,0.9931046855336868,0.9887208827592828,1.0207928553644507,1.1025519641317085,1.0651721619135315,0.9825086993398673,0.9876151508484264,0.9973696908907292,1.1512656354602915,1.2373510220670634,1.1420612800215564,0.9395698629399798,0.7409489511684441,0.8025751526765771,0.8060548787104271,0.928598896066116,1.9001188861083813,1.08993116538667,0.821480400158428,1.1192052201408633,0.697464356902622,0.844359919169407,0.9592593891261212,0.8372755502633179,0.9526008754135429
2023-01-10,0.9969638743592297,0.9962972879911548,1.0364548110603937,1.1077950553421112,1.0717202929947565,0.9969573424985135,0.9945555510597538,1.0019835418983263,1.1548268569360962,1.2396619664372075,1.1340141699881474,0.9344086185578393,0.7458960480869716,0.8029328146654643,0.8073163393437366,0.9255278816304517,1.888228347510312,1.1017782887099383,0.8185776452507251,1.1288380078875326,0.685921301774589,0.8390522131812501,0.9584364986144579,0.8344342417353321,0.9514697691526633
2023-01-11,0.9978214646060235,0.9940243433002395,1.0336909034485966,1.1077950553421112,1.0699013792589347,0.9942481917640201,0.9952496043185989,1.0023680417049325,1.1527918732356364,1.2370209411300528,1.1411326946696865,0.9455914241011442,0.7614121808161297,0.807582284086899,0.8092084701439473,0.928598896066116,1.888228347510312,1.0953168171688283,0.8200290573081446,1.1252256895162636,0.6970686111161105,0.8444455462927393,0.9592593891261212,0.8415759471198455,0.9577534158351252
2023-01-12,0.9935334479421128,0.9932667721411139,1.0346122528452557,1.1047990358764002,1.0677186688985263,0.9960543152192042,0.9924734574717803,0.9992921165879214,1.14872200286808,1.2310784767676761,1.1556793118385624,0.9612903389879468,0.7762536431344361,0.8054363803706253,0.8047934782268712,0.9309021385881743,1.9631391829290286,1.0893933684897354,0.8214804001584279,1.121011379326498,0.7107883687174099,0.8519791002870292,0.9613754061115897,0.8510983381428895,0.9631573558172759
2023-01-13,1.0051110798486833,1.0046313799889217,1.0465890218218328,1.1122891988314942,1.0771771729764443,1.0059877530847383,0.9952496043185988,0.998907616781315,1.1507569865685399,1.2317387645787203,1.1544412767464187,0.9619354740265893,0.780526155423474,0.8175966151245923,0.8145695575360056,0.9358925095890938,1.977407783887647,1.1050101543059074,0.8171263024004416,1.1354605609465016,0.704126362810016,0.8474418424657887,0.9597296250882631,0.8483337805669752,0.9631573558172759
2023-01-16,1.0128295229297108,1.0129653563799192,1.050274208541199,1.1190302997747523,1.084089100682256,1.0086968349226666,0.9994137914945458,1.0004456160077402,1.154318111010981,1.234379789885875,1.1578458142170514,0.968387070522515,0.7897458504124014,0.8426323403932515,0.8372753075877946,0.9481766405505102,2.0035672636373194,1.1200867705917759,0.8113207925850356,1.1487055751993676,0.704126362810016,0.8474418424657887,0.9597296250882631,0.8483337805669752,0.9631573558172759
2023-01-17,1.0128295229297108,1.0114500984548989,1.050274208541199,1.1190302997747523,1.081542593697261,1.0077938076433572,1.0001078447533909,1.001983541898326,1.1522831273105212,1.2370209411300528,1.1559887615788358,0.963870961179017,0.786597674432967,0.8379828709718167,0.8262378277951044,0.943953968244437,2.004756351516425,1.1200867705917759,0.8098693805276161,1.1493075670178643,0.6995750849702276,0.8447879894717102,0.9603174424630251,0.8452620434172357,0.9598898326957608
2023-01-18,1.0128295229297108,1.0114500984548989,1.050274208541199,1.1190302997747523,1.081542593697261,1.0077938076433572,1.0001078447533909,1.001983541898326,1.1522831273105212,1.2370209411300528,1.1559887615788358,0.963870961179017,0.786597674432967,0.8379828709718167,0.8262378277951044,0.943953968244437,2.004756351516425,1.1200867705917759,0.8098693805276161,1.1493075670178643,0.7165268839167328,0.8562595420526308,0.9624334594484936,0.8551683649661764,0.9610209389566403
2023-01-19,1.0128295229297108,1.0114500984548989,1.050274208541199,1.1190302997747523,1.081542593697261,1.0077938076433572,1.0001078447533909,1.001983541898326,1.1522831273105212,1.2370209411300528,1.1559887615788358,0.963870961179017,0.786597674432967,0.8379828709718167,0.8262378277951044,0.943953968244437,2.004756351516425,1.1200867705917759,0.8098693805276161,1.1493075670178643,0.7120415804826052,0.8546330185954656,0.9621982966232531,0.8534020970638094,0.9553655994139211
2023-01-20,1.0128295229297108,1.0114500984548989,1.050274208541199,1.1190302997747523,1.081542593697261,1.0077938076433572,1.0001078447533909,1.001983541898326,1.1522831273105212,1.2370209411300528,1.1559887615788358,0.963870961179017,0.786597674432967,0.8379828709718167,0.8262378277951044,0.943953968244437,2.004756351516425,1.1200867705917759,0.8098693805276161,1.1493075670178643,0.7004985253545722,0.8489828041139795,0.9613754061115898,0.8489481397146257,0.9572507125948275
2023-01-23,1.0128295229297108,1.0114500984548989,1.050274208541199,1.1190302997747523,1.081542593697261,1.0077938076433572,1.0001078447533909,1.001983541898326,1.1522831273105212,1.2370209411300528,1.1559887615788358,0.963870961179017,0.786597674432967,0.8379828709718167,0.8262378277951044,0.943953968244437,2.004756351516425,1.1200867705917759,0.8098693805276161,1.1493075670178643,0.6972005096037056,0.8462433239965689,0.9604349341873063,0.8464907617125366,0.9571251086953826
2023-01-24,1.0128295229297108,1.0114500984548989,1.050274208541199,1.1190302997747523,1.081542593697261,1.0077938076433572,1.0001078447533909,1.001983541898326,1.1522831273105212,1.2370209411300528,1.1559887615788358,0.963870961179017,0.786597674432967,0.8379828709718167,0.8262378277951044,0.943953968244437,2.004756351516425,1.1200867705917759,0.8098693805276161,1.1493075670178643,0.707226505667627,0.8511230249967804,0.9607876784251669,0.8509447190617204,0.9577534158351251
2023-01-25,1.0128295229297108,1.0114500984548989,1.050274208541199,1.1190302997747523,1.081542593697261,1.0077938076433572,1.0001078447533909,1.001983541898326,1.1522831273105212,1.2370209411300528,1.1559887615788358,0.963870961179017,0.786597674432967,0.8379828709718167,0.8262378277951044,0.943953968244437,2.004756351516425,1.1200867705917759,0.8098693805276161,1.1493075670178643,0.7089414879487211,0.8520647274103613,0.9613754061115898,0.8513287081761302,0.9576277160548409
2023-01-26,1.0128295229297108,1.0114500984548989,1.050274208541199,1.1190302997747523,1.081542593697261,1.0077938076433572,1.0001078447533909,1.001983541898326,1.1522831273105212,1.2370209411300528,1.1559887615788358,0.963870961179017,0.786597674432967,0.8379828709718167,0.8262378277951044,0.943953968244437,2.004756351516425,1.1200867705917759,0.8098693805276161,1.1493075670178643,0.7056434721978545,0.8489828041139795,0.9607876784251669,0.8510215286023048,0.9600155324760449
2023-01-27,1.0128295229297108,1.0114500984548989,1.050274208541199,1.1190302997747523,1.081542593697261,1.0077938076433572,1.0001078447533909,1.001983541898326,1.1522831273105212,1.2370209411300528,1.1559887615788358,0.963870961179017,0.786597674432967,0.8379828709718167,0.8262378277951044,0.943953968244437,2.004756351516425,1.1200867705917759,0.8098693805276161,1.1493075670178643,0.7038625155110997,0.8476986585214275,0.9607876784251669,0.8485641506002157,0.9571251086953825
2023-01-30,1.0574248831483937,1.0569085298461305,1.0876786969980938,1.1497400136069653,1.1186490167597596,1.0583640931469023,1.0424441404276512,1.020054666129626,1.163475254325629,1.253857839532105,1.170535378747712,1.0081720659809743,0.871373936053768,0.839055788721429,0.8404288990213148,0.9500959971157653,1.9940547873997994,1.2014003056177762,0.7837445863582897,1.2287778362652042,0.7012900672513219,0.8450448055273491,0.9598472065008833,0.8453388529578201,0.9518467726126768
2023-01-31,1.0363990891988288,1.0394827746914712,1.068860726213404,1.1459949321294183,1.1048250919610247,1.038497217415834,1.032495773911246,1.0204391659362322,1.1587606782074422,1.2528674707840497,1.154750844552217,0.9870968070081501,0.8437148510869861,0.8236767325015759,0.8262378277951044,0.9443378542012398,1.9536267066915083,1.1771683750568462,0.7895500961736956,1.2077061934513036,0.7068966839630498,0.8493252472929507,0.9616105689368301,0.8514055177167147,0.9592615255560181
2023-02-01,1.0425316012942236,1.0447862352324275,1.0763879432412244,1.1497400136069653,1.1110094958047745,1.0475276280020587,1.040312371805458,1.0254375167504355,1.1603321702745577,1.2564989907762825,1.1658928061849356,0.9976343954763119,0.8572070583649513,0.8218884225571401,0.8256070974784495,0.946641096723298,1.9892984358833776,1.1906313746868284,0.7866473412659927,1.2209512077041695,0.7153725985334204,0.8554205963671675,0.9632798432824657,0.8600216981794163,0.9692902294964606
2023-02-02,1.0600531408117735,1.0599390456961713,1.095205914025914,1.16546940152899,1.122650710243101,1.0719097090262393,1.0573666563184074,1.03774121721848,1.164522982314933,1.2667331370049135,1.1720828635801293,1.020645141601564,0.9051045400300429,0.8211730985793658,0.826553132803678,0.9585412685091518,1.9369799299746788,1.223480935608427,0.7764876644854644,1.2540637892688706,0.7162983863581881,0.8550774250971864,0.9633976432104854,0.8612541214474579,0.9748462829154688
2023-02-03,1.0600531408117735,1.0599390456961713,1.0886195811803556,1.168465420994701,1.1237420307297494,1.0728128052021138,1.0573666563184074,1.0381257170250862,1.1592844422852537,1.267393424815958,1.1795109560674666,1.0335484166299158,0.9242185146373874,0.804363394403964,0.8079470696603915,0.9404990678519695,1.9024970618665917,1.2229406530955824,0.775036321635181,1.2540637892688706,0.7055856338051802,0.8458978063481802,0.9598643642100365,0.8514715450504575,0.9646180038950031
2023-02-06,1.0447217937339173,1.0455439219983225,1.0867378128158314,1.1602261960277707,1.114647323276418,1.0583640931469023,1.044575909049844,1.035049791908075,1.1608560342692096,1.2677236316899918,1.1788919385213947,1.0322580645161306,0.9260175213578423,0.7925608216388842,0.8010091564766963,0.9216890952811813,1.8525565049207808,1.1922472509935422,0.7837445863582897,1.2215531995226663,0.7003615669875566,0.8386055968574565,0.95715550499569,0.8449241458460419,0.9584305347885923
2023-02-07,1.0425316012942234,1.0432709773074071,1.0839150884841833,1.1587281862949153,1.1113732230422497,1.0565580385882833,1.0417335282976858,1.0358187915212878,1.1619037622585136,1.2710249448081907,1.180439423353812,1.0348386867072008,0.926692105987332,0.7975679530492061,0.8063702438687546,0.9197696654971663,1.890606409870861,1.1922472509935422,0.7851959292085732,1.2245634342103664,0.6947406474707709,0.836546634690797,0.957626614852751,0.8421511200329754,0.9618399290152451
2023-02-08,1.0587390119800835,1.058423787771151,1.0980285665727005,1.1744575742169399,1.1251972172280957,1.077328010495226,1.0616301935627936,1.0438930674525022,1.1603321702745577,1.2756468335484787,1.1937480054305443,1.0561290453839063,0.9514279337054173,0.796852697288481,0.8057395135520997,0.9213052093243783,1.9441142304539882,1.2240187325053615,0.7750363216351809,1.255869948454505,0.6980470469739848,0.8396351106673998,0.9579799247817924,0.8429984367407445,0.9577991191011901
2023-02-09,1.0591770772037699,1.059181474537046,1.0999104067220866,1.1722105024722482,1.1244696239789225,1.0701036544676203,1.0630514178227242,1.0438930674525022,1.1613798982638617,1.2746564648004235,1.187248498295077,1.0421505179456503,0.9410838166255246,0.8050787183817383,0.8111006009441579,0.9228407531515903,1.9702734834083377,1.222402856198648,0.7750363216351809,1.2546657810873671,0.691434247967557,0.8358602921508348,0.9572733049237097,0.8359117825695868,0.9516116499947794
2023-02-10,1.0600531408117735,1.0606967324620664,1.0999104067220866,1.1707124927393926,1.1251972172280957,1.075521887040042,1.0637620299526895,1.038894716638299,1.163475254325629,1.267393424815958,1.17579696885656,1.0290322252499178,0.9275916093475595,0.8007868427321414,0.8073163393437366,0.9101727362333708,1.952437618812403,1.2186330807232033,0.7764876644854644,1.248645311711967,0.6836972852384332,0.8318281115450908,0.9568021950666487,0.8300576692024269,0.944287651919146
2023-02-13,1.0578629483720796,1.058423787771151,1.0961467982081763,1.1662183492500096,1.1241058273543358,1.0682975999090014,1.0566560441884425,1.0369722176052674,1.1687137943553085,1.2703646569971463,1.1807489911596099,1.0260214856875858,0.9102765556793083,0.8104435117809475,0.8126774267357948,0.9128599379309916,1.9821641354040687,1.2137875984713482,0.7793904193931672,1.2414207668345012,0.6894504385366202,0.8338013299841754,0.9570377949226878,0.8331388155244984,0.9466869159226657
2023-02-14,1.0657476545228508,1.0644849350780023,1.1055557836005212,1.1752065219379595,1.131017824447259,1.079134065053845,1.0637620299526893,1.0431240678392897,1.173428470390336,1.2743262579263899,1.1934385556902705,1.0415053829070078,0.9262423543072184,0.8068669601091251,0.8123620615774674,0.9120921660173856,1.9881093480042724,1.2331741597629646,0.7721335667274779,1.2624924096484018,0.6878633304498878,0.8300265114676104,0.9550355555664242,0.8310590167807095,0.9469394243933221
2023-02-15,1.0412174724625334,1.0432709773074071,1.0848560444513071,1.1587281862949155,1.112100816291423,1.0529458605744806,1.0452865211798095,1.0400481427222785,1.1687137943553088,1.2683837935640132,1.1946764727168893,1.047311844364291,0.94288282334598,0.8043633944039641,0.8126774267357948,0.9059501371460572,1.9702734834083377,1.1868615992113838,0.7851959292085732,1.222757366889804,0.681448957793041,0.8275385688501677,0.9551533554944439,0.8279008844073703,0.9454241808883689
2023-02-16,1.0539206287163785,1.054635585155215,1.0942650298436518,1.1707124927393928,1.1244696239789227,1.0682975999090016,1.0559454320584771,1.0508139172997373,1.1776192824307112,1.2763071213595232,1.2030330324905718,1.064086011660998,0.9608724616437209,0.8093705258142861,0.8183538792861804,0.9021113507967871,1.990487523762483,1.2164792945370138,0.7750363216351809,1.248645311711967,0.6717942268462023,0.824793264143546,0.9552711554224635,0.821276440383709,0.9378475780015715
2023-02-17,1.0403414088545297,1.0409980326164916,1.0810924359373966,1.161724320051443,1.114647323276418,1.055655011308974,1.0474182898020024,1.0473534923761199,1.1750000623742918,1.2763071213595232,1.1850819959165877,1.0404301304971035,0.92691702471807,0.7972103592773683,0.7997477559931402,0.8959693219254586,1.956004882449719,1.1960170264689869,0.7822931743008701,1.2287778362652042,0.6770183441154786,0.8271096538526116,0.9560955752085658,0.8245116175762938,0.9415095770393881
2023-02-20,1.0425316012942236,1.043270977307407,1.085796928633569,1.1684654209947012,1.1190128133843462,1.0601702166020863,1.0488395140619327,1.0538898424167484,1.180238602403971,1.2819195047848893,1.1878675158411487,1.0387096610120565,0.9244434333681253,0.7972103592773683,0.8070009741854092,0.903263008667196,1.9334126663373628,1.2062481605030004,0.7779390765428837,1.242624842336567,0.6770183441154786,0.8271096538526116,0.9560955752085658,0.8245116175762938,0.9415095770393881
2023-02-21,1.0420935360705372,1.0417557193823863,1.084856044451307,1.1699634307275568,1.1171938302614133,1.0583640931469023,1.0523925069440563,1.0585037667601849,1.1770954184360591,1.284560530092044,1.1822964759920271,1.0356989214497245,0.9203957540284634,0.8032904084373026,0.8101545656189294,0.901727464839984,1.9250892779789481,1.2067860703824764,0.7764876644854642,1.2450330852057703,0.6638588882191501,0.8181015880119823,0.9542111357803217,0.8128032733060179,0.926987979634211
2023-02-22,1.030704575487751,1.0311487983004735,1.0679198420311415,1.1594772483067515,1.1084629194326685,1.0466246007227493,1.0381805354155624,1.0535053426101422,1.1760477903635955,1.2835701613439887,1.1711543962937836,1.0191397718203983,0.9010568606903813,0.7997139249825292,0.8098392004606021,0.900959692926378,1.9167658896205335,1.182554026839005,0.7851959292085731,1.2221552832062352,0.669942651196667,0.8195600168194815,0.9546822456373828,0.815114147739566,0.9330491463350395
2023-02-23,1.0460359225656073,1.0463016087642172,1.0895605371474795,1.1737085122051039,1.1226507102431011,1.0637823946158893,1.0545242755662494,1.0665780426913993,1.1823339584657382,1.29215365101352,1.1674404090828774,1.0232258458291348,0.9134247316587429,0.7932761456166585,0.8054242085435259,0.8963532078822615,1.8739596331540318,1.2180952838262689,0.7735849095777613,1.2618904178299053,0.6764893585382202,0.8227343019768864,0.9552711554224635,0.8215075160734682,0.9422672951323724
2023-02-24,1.0407794740782161,1.0409980326164914,1.084856044451307,1.1729595644840844,1.1161025097747648,1.0601702166020863,1.044575909049844,1.0638866173809944,1.1776192824307108,1.2961152519427637,1.1699163612016399,1.0266667027627285,0.9136496503894806,0.7832618145789653,0.7943866686010821,0.8948176640550495,1.9155768017414283,1.2046322841962867,0.7764876644854641,1.2486453117119671,0.6676943237512747,0.8177584167420011,0.9532690059212174,0.8153452234293252,0.9365848429672744
2023-02-27,1.0407794740782161,1.0409980326164914,1.084856044451307,1.1729595644840844,1.1161025097747648,1.0601702166020863,1.044575909049844,1.0638866173809944,1.1776192824307108,1.2961152519427637,1.1699163612016399,1.0266667027627285,0.9136496503894806,0.7832618145789653,0.7943866686010821,0.8948176640550495,1.9155768017414283,1.2046322841962867,0.7764876644854641,1.2486453117119671,0.66954589940081,0.8202463593594438,0.9540934257073198,0.8155762991190846,0.9428986144792671
2023-02-28,1.0407794740782161,1.0409980326164914,1.084856044451307,1.1729595644840844,1.1161025097747648,1.0601702166020863,1.044575909049844,1.0638866173809944,1.1776192824307108,1.2961152519427637,1.1699163612016399,1.0266667027627285,0.9136496503894806,0.7832618145789653,0.7943866686010821,0.8948176640550495,1.9155768017414283,1.2046322841962867,0.7764876644854641,1.2486453117119671,0.6725877808895684,0.8215332352585661,0.9538578258512805,0.8158844196280894,0.9411307661631498
2023-03-01,1.0455978573419211,1.0463016087642172,1.0876786969980934,1.1737085122051039,1.1208317271201682,1.0692006271883108,1.060919649200531,1.0658090430781864,1.1713331143285681,1.2931440197615753,1.1674404090828774,1.02215051138273,0.9152237383791979,0.7964950352995938,0.8123620615774676,0.8986564504043196,1.9500594430541922,1.2116338122851589,0.7750363216351808,1.246237160707836,0.6653798541893553,0.8149788218751111,0.9521147880293882,0.8108159626658231,0.9384790322251769
2023-03-02,1.0447217937339175,1.043270977307407,1.0886195811803556,1.1737085122051039,1.119376610008933,1.0682975999090014,1.0587878128106354,1.0681160419178244,1.1723807424010315,1.2987564031869414,1.158464831763123,1.0077419486097126,0.8985832693404364,0.7964950352995938,0.8133081570524499,0.8986564504043196,1.9548157945706137,1.2105557328753795,0.7764876644854642,1.2474412362099017,0.6594798078816146,0.8116260662540573,0.9524688073809418,0.8115117072916475,0.9396223877544457
2023-03-03,1.0455978573419213,1.0455439219983222,1.0867378128158314,1.1752065219379593,1.1204679304955816,1.0682975999090014,1.060209037070566,1.074652391958453,1.1760477903635955,1.309650837226617,1.1689878939152947,1.0215053763440876,0.8988081880711742,0.796852697288481,0.8126774267357951,0.9009596929263778,1.9607610071708175,1.2159414976400795,0.7735849095777613,1.2558699484545053,0.6754563224274344,0.8181596043117992,0.9530588996571581,0.8207105517447234,0.9492778100203076
2023-03-06,1.0556727559323864,1.05690852984613,1.0999104067220864,1.1871908283824366,1.1324729415584947,1.0818432157883382,1.0744209408313572,1.0861870928132848,1.1833816864550422,1.3221960537624147,1.1866294807490052,1.045161257507982,0.9248931850482391,0.7914878356722226,0.8082623746689654,0.9074856077545091,1.984542311162279,1.2434052937969786,0.763425302004369,1.2889825300192064,0.6702191930102894,0.8166981601874532,0.9525868438432731,0.8184687996914721,0.9492778100203076
2023-03-07,1.062681398475154,1.0622119903870866,1.0999104067220864,1.1909359098599837,1.140112531900591,1.0863584210814505,1.0836586952177971,1.091185443627488,1.1896678545571848,1.3258275737546474,1.1869389304892788,1.046881726993029,0.9244434333681254,0.7868383662507877,0.8044781130685441,0.9051823652324509,2.027348340833458,1.2600978993721021,0.7590711350392465,1.3016254605885034,0.6743293586556899,0.816784146779636,0.9505806741608424,0.8161497885503315,0.9425444578748987
2023-03-08,1.053920628716379,1.0553932719211094,1.096146798208176,1.1864417663706004,1.1339281280568412,1.0782310377745354,1.07655270945355,1.090801017156721,1.1875724984954175,1.3254974928176366,1.1757969688565602,1.037634408602152,0.9163480746888015,0.7721745657916598,0.7902869816925799,0.8875240505320715,1.9595719192917123,1.2455591929657095,0.763425302004369,1.2859722953315063,0.6749922755462857,0.8165262525916399,0.9501086183469574,0.8148356763393781,0.9380978167880274
2023-03-09,1.0530444982690064,1.0538780139960888,1.1008512909043486,1.1864417663706004,1.1306540278226729,1.0836492703469571,1.0751315529613223,1.0858025930066781,1.1791908744146669,1.3238467103215141,1.1782729209753227,1.0425806353169118,0.9235439300078979,0.7707439178361111,0.7899716165342526,0.8894434070973267,1.9357908420955736,1.238557551894296,0.7663280569120718,1.2823599769602372,0.6766495930614336,0.8215983465250357,0.9531768460840492,0.8140626136492617,0.9328890356090367
2023-03-10,1.036399089198829,1.038725203532345,1.0773288274234865,1.1639712775053177,1.1171938302614135,1.0592671893227765,1.0566560441884425,1.071191967034835,1.1708092503339163,1.3162535894000378,1.1544412767464185,1.0215053763440876,0.8992579397512881,0.7646638004591275,0.7824030331836563,0.8952015500118522,1.897740823747832,1.1954768569386838,0.779390419393167,1.2372064566447358,0.6999846014206946,0.8367287729101454,0.9583693700013433,0.8257351643484657,0.9330161074214198
2023-03-13,1.0407794740782166,1.041755719382386,1.0735652189095761,1.1677163589828647,1.1208317271201682,1.0610732438813955,1.0609196492005313,1.0738833923452398,1.1697615223446123,1.3096508372266167,1.153512809460073,1.0240859985351578,0.901731445319871,0.7714592418138854,0.7921791726425444,0.9197696654971658,1.9393578789375667,1.2046322841962867,0.776487664485464,1.243829009703705,0.7015756626509045,0.8468730263654896,0.9679282526350527,0.8264309089742901,0.9279343011274191
2023-03-14,1.0293904466560615,1.0303911115345783,1.0688607262134036,1.1542341570963484,1.1084629194326687,1.0538488878537897,1.0481289019319677,1.0635021175743875,1.1650468463095849,1.3007372666200745,1.1361806723666361,1.0150537798481618,0.8943107570513987,0.7650214624480146,0.7839798589752933,0.928598896066115,1.8656361313979557,1.1766304651773705,0.7851959292085728,1.2113184199575007,0.6900406963298081,0.8388779785948492,0.9642699326217448,0.8239572027281621,0.9346676532728281
2023-03-15,1.0302665102640651,1.0303911115345783,1.0622744651527067,1.158728186294915,1.1106456991801883,1.058364093146902,1.049550126191898,1.0635021175743875,1.163999118320281,1.3027180041161848,1.1488702368972967,1.034408569335939,0.9208455057085773,0.76824035213095,0.7893409463673515,0.9282150101093121,1.8323424645666355,1.1825540268390047,0.78229317430087,1.2203491240206008,0.7033655433132447,0.8509994645505314,0.9699345123529238,0.8318419939466878,0.931618608267385
2023-03-16,1.0254481270003601,1.0250876509936218,1.0585108566387964,1.1467439941412543,1.1022785155889188,1.050236778736552,1.0474182898020024,1.0573502673403652,1.1561413582341822,1.2974358275648523,1.1482512193512249,1.045591374879244,0.9350123833973941,0.7639485446984023,0.7776726761082529,0.9347409249374435,1.7265161380748097,1.1620917587709778,0.7910014390239788,1.1920529363292345,0.6978632370243982,0.84334829756007,0.9660401194149533,0.8306051408236238,0.9377166982782714
2023-03-17,1.0420935360705377,1.0387252035323449,1.077328827423486,1.1609752580396067,1.1146473232764182,1.0646854218951987,1.0637620299526893,1.0673470423046112,1.1655707103042368,1.3033782818522672,1.1600123165955403,1.0668817335559495,0.9642455563538933,0.7685980141198372,0.7899716165342526,0.9420346116791809,1.743162914791639,1.1954768569386833,0.7793904193931671,1.2317880709529045,0.7083374958586881,0.8533206434196009,0.9708785339452535,0.8347794316493604,0.9321267985895245
2023-03-20,1.0346468951434526,1.033421627384619,1.0707425663627892,1.1602261960277704,1.11137322304225,1.0646854218951987,1.0594984249406005,1.0673470423046112,1.1619037622585133,1.3057297273101072,1.1497988222491669,1.0636558942897365,0.9610973803744589,0.7564377793658702,0.7776726761082529,0.9642994846424363,1.6730083174916826,1.1863238023144491,0.7808418314505866,1.2311859872693356,0.7021060163943079,0.8498819012063643,0.9696984394282613,0.8323057843796353,0.9295858469788276
2023-03-21,1.0394653452465263,1.03796751676645,1.0735652189095755,1.1639712775053177,1.1164663063993514,1.069200627188311,1.0666044107048476,1.0704229674216224,1.1723807424010313,1.3144637774199406,1.1597028668552667,1.066021498813426,0.9613222133238348,0.7675250281531757,0.7833491286586385,0.9662188412076915,1.695600533604039,1.2008625087208415,0.7764876644854641,1.2354002974591014,0.696073356362058,0.842488628403899,0.9660401194149534,0.8363254980531903,0.9397494595668291
2023-03-22,1.05917707720377,1.0576662166120245,1.0970876823904376,1.181947737172034,1.133928128056841,1.0935827082124914,1.0829480830878317,1.0784972433528368,1.1776192824307103,1.324877284977755,1.1714638460340572,1.0795699088804203,0.976613427322255,0.7682403521309501,0.7846105291421943,0.945105626114845,1.7384066766728792,1.2423272143871986,0.7634253020043689,1.2781456667704716,0.7053543445623488,0.853578537607597,0.9705245145936999,0.8411954745283482,0.9406387683987248
2023-03-23,1.067499781738859,1.0644849350780017,1.1055557836005203,1.1879398903942726,1.142295242260999,1.1044192422538999,1.0900540688520788,1.081188741999081,1.1812862304764336,1.3305880297640562,1.1532032416542748,1.0602150373561428,0.9716662446223656,0.7743204695079335,0.7931252079677729,0.9635317127288304,1.758620717027025,1.2600978993721013,0.7590711350392464,1.2956049912131031,0.7053543445623488,0.8584787239451795,0.9733568494770097,0.843591803733781,0.9369544612587591
2023-03-24,1.0705660377865565,1.0705460823848532,1.1083785079321684,1.1954300533493667,1.1466607323689273,1.1071283240918282,1.0992918232385187,1.0865715926198907,1.1880963624900687,1.3332753410826588,1.1550602942924901,1.0729032126806135,0.9840341155907273,0.7732475517583212,0.7912330771675622,0.9696737416001588,1.751486303150054,1.2740988088815592,0.754716968074124,1.3106561646516035,0.708337495858688,0.8587366181331757,0.9738288152554543,0.8462200871320905,0.9350487717825847
2023-03-27,1.0639954604674753,1.063727248312107,1.1055557836005203,1.1909359098599834,1.1430228355101724,1.1053222695332092,1.0893434567221134,1.0884940183170828,1.1870486345007647,1.3383142260032679,1.1637263038064463,1.0806451612903245,0.9874072103008995,0.7625178967428536,0.7858719897755039,0.9616122829448156,1.7431629147916394,1.2590221925956908,0.7605224778895299,1.2986152259008032,0.6916980138449558,0.8481625628940223,0.9696984394282614,0.8360936028367164,0.9327619637966541
2023-03-28,1.0547966923243828,1.0546355851552145,1.0952059140259134,1.1782026556944867,1.133200534807668,1.0899705301986884,1.0772633215835152,1.078881743159443,1.1860009065114607,1.333947200948351,1.1593932990494682,1.0683871033371155,0.9754890910126515,0.7643062066872895,0.7871333902590597,0.9543186694218379,1.8204519259685665,1.2331741597629642,0.7663280569120718,1.2709211218930057,0.6929575913412094,0.8476467089294777,0.9686363813736005,0.8347021725614708,0.9322537734745147
2023-03-29,1.0565488195403903,1.0576662166120248,1.0980285665726999,1.1811986751601977,1.135747041792663,1.090873626374563,1.0779739337134804,1.0823421680830605,1.1886202264847205,1.3346190608140434,1.1640358716122445,1.069032238375758,0.9716662446223654,0.7668097723924505,0.7887102160506967,0.9577735698143051,1.8454222044414719,1.2434052937969775,0.7648766448546523,1.2709211218930057,0.6915654506977633,0.8461852648051317,0.9682823620220469,0.8385672501064414,0.9439419570289341
2023-03-30,1.0618052680277814,1.0614544192279607,1.1064966677827826,1.188688838115292,1.141931445636413,1.100807064240097,1.088632844592148,1.0877250920397097,1.190191718551836,1.3433531109238768,1.1785824887811207,1.0860215053763462,0.9851585376816925,0.7736051455301591,0.7887102160506967,0.9566219119438961,1.8252081640873266,1.2579441131859115,0.7590711350392465,1.2937988320274685,0.6947475225808664,0.8474748013336645,0.9684003084489378,0.8397267261888103,0.9495318567176811
2023-03-31,1.065309589299165,1.064484935078002,1.1055557836005203,1.1946809913375307,1.1444779526214077,1.1062252968125188,1.0928964496042368,1.0931079426605192,1.1949063945868632,1.3477200078346268,1.1838439608244442,1.0978494459582935,0.9991004966397715,0.780400586884917,0.8019552519516786,0.9646832973804796,1.8620689811583013,1.2654835511542595,0.757619722981827,1.3022275442720723,0.7051554745529016,0.8521170934832509,0.9695804930013704,0.84730230412657,0.9598225411180656
2023-04-03,1.065309589299165,1.064484935078002,1.1055557836005203,1.1946809913375307,1.1444779526214077,1.1062252968125188,1.0928964496042368,1.0931079426605192,1.1949063945868632,1.3477200078346268,1.1838439608244442,1.0978494459582935,0.9991004966397715,0.780400586884917,0.8019552519516786,0.9646832973804796,1.8620689811583013,1.2654835511542595,0.757619722981827,1.3022275442720723,0.7084634519898392,0.8561231840205757,0.9707605839169451,0.8524042041268752,0.9590856626308513
2023-04-04,1.065309589299165,1.064484935078002,1.1055557836005203,1.1946809913375307,1.1444779526214077,1.1062252968125188,1.0928964496042368,1.0931079426605192,1.1949063945868632,1.3477200078346268,1.1838439608244442,1.0978494459582935,0.9991004966397715,0.780400586884917,0.8019552519516786,0.9646832973804796,1.8620689811583013,1.2654835511542595,0.757619722981827,1.3022275442720723,0.711985823191582,0.8616359953557383,0.9730076534897422,0.8534897682857058,0.9562779445702602
2023-04-05,1.065309589299165,1.064484935078002,1.1055557836005203,1.1946809913375307,1.1444779526214077,1.1062252968125188,1.0928964496042368,1.0931079426605192,1.1949063945868632,1.3477200078346268,1.1838439608244442,1.0978494459582935,0.9991004966397715,0.780400586884917,0.8019552519516786,0.9646832973804796,1.8620689811583013,1.2654835511542595,0.757619722981827,1.3022275442720723,0.7194293599968309,0.8652537654723333,0.9743086312474657,0.8562812358823584,0.9509178086555863
2023-04-06,1.0600531408117737,1.061454419227961,1.0999104067220857,1.189437900127128,1.1382936181647691,1.0962918589469848,1.0829480830878317,1.0946458685511051,1.1954302585815153,1.350743313158159,1.1931289878844722,1.0946236887285807,0.9934787293103924,0.7721745657916597,0.8073163393437368,0.9804223287343634,2.0047563515164253,1.2493288554586117,0.7619738899469494,1.287176370833572,0.7212902315219065,0.865512233953143,0.9739538355377022,0.8555058413630237,0.9551292883779731
2023-04-07,1.0600531408117737,1.059939045696171,1.100851290904348,1.192433919592839,1.1382936181647691,1.089067502919379,1.0829480830878317,1.0931079426605192,1.193334902519748,1.3510793071630884,1.1968429750953784,1.104301042454219,1.0011243363096025,0.7757511174634822,0.8114159661024856,0.9754318845146843,1.997621824241793,1.255790326999722,0.7590711350392464,1.2962070748966723,0.7212902315219065,0.865512233953143,0.9739538355377022,0.8555058413630237,0.9551292883779731
2023-04-10,1.0600531408117737,1.061454419227961,1.1027330592688722,1.196179001070386,1.140112531900591,1.100807064240097,1.0829480830878317,1.095799367970924,1.1985733426325869,1.3577976495316784,1.1971525429011767,1.1010752852245063,1.000224832949375,0.7764663732242074,0.8111006009441581,0.9692898556433559,2.0214031282332545,1.2638676748475457,0.7576197229818269,1.302829536090569,0.7096597337852372,0.8569845484695897,0.9705239932885118,0.8515512524079641,0.9542359323921941
2023-04-11,1.0587390119800837,1.059939045696171,1.10179217508661,1.1984260728150775,1.1422952422609993,1.1017100915194065,1.083658695217797,1.1034892174313713,1.203811882662266,1.3655239739150569,1.1999380628257377,1.1010752852245063,1.0035979276595473,0.7721745657916598,0.8054242085435261,0.973896413906232,2.0154579156330508,1.2697911235266386,0.7547169680741239,1.3100541728331072,0.7111218616134956,0.8566399895464052,0.9704057882071816,0.8513186399680447,0.9562779445702602
2023-04-12,1.0561108211560726,1.057666216612025,1.0989695225398235,1.2014220922807886,1.1422952422609993,1.0935827082124912,1.0822374709578664,1.1092565678587873,1.2053834746462218,1.3732501701542685,1.1980810101875223,1.096774193548389,0.9977512415994303,0.7678826901420629,0.8066856090270821,0.9815739133860126,2.043995344345611,1.2697911235266386,0.7532656252238404,1.3124623238372384,0.7103907976993663,0.8591379924510719,0.9714701753364717,0.8495351793306462,0.9560227417322518
2023-04-13,1.0469119861736114,1.0485744378483632,1.0905014213297408,1.1924339195928388,1.1346557213060144,1.0872614483607599,1.072999784339129,1.1038736439021382,1.2074788307079891,1.3675394253679671,1.1931289878844724,1.089247344642559,0.984259034321465,0.7685980141198372,0.802270617110006,0.9808061414724066,2.0772888977792694,1.2520205515242773,0.7605224778895298,1.2925947565254035,0.7048081831241393,0.8562954963411158,0.9720615616746684,0.8510084703285489,0.9625314364707129
2023-04-14,1.0569868847640762,1.0584237877711506,1.0961467982081754,1.2006731445597691,1.1441142253839325,1.0980979135056033,1.0815269265956038,1.105027143321957,1.210622014675901,1.3708987246964286,1.2045805173229895,1.1021505376344105,1.000224832949375,0.7732475517583212,0.8070009741854095,0.9923225005202171,2.065398472578862,1.2757146851882728,0.7532656252238404,1.3178807095290699,0.6983615562658798,0.8520746988205266,0.9698144018689849,0.8482170027318962,0.9607447244991549
2023-04-17,1.0543586271006962,1.0569085298461303,1.0952059140259132,1.1991751348269137,1.1415676490118263,1.0854553249055756,1.0765527094535499,1.1073340688257554,1.2116696427483644,1.3732501701542683,1.2079850547936224,1.0989246983681975,1.002248672619206,0.7807582488738042,0.8139388272193511,0.9742802266442752,2.0665873336626444,1.2708692029364177,0.7547169680741239,1.3124623238372386,0.6900540578825446,0.846648043645634,0.9683951287970448,0.8428666799785104,0.958192306645072
2023-04-18,1.0508543058293123,1.0531203272301943,1.093324073876527,1.1946809913375305,1.1372022282910095,1.08635842108145,1.0722891722091639,1.102335718011552,1.2116696427483644,1.3678754193728964,1.2101515571721113,1.1010752852245063,0.998200993279544,0.787553690228562,0.8180385141278534,0.9712092122086109,2.0321046923498804,1.2617137756788146,0.7561683801315434,1.3058397707782696,0.6925130449528463,0.8480262136204771,0.968158628401498,0.845658147575163,0.9588303624243428
2023-04-19,1.04296966651791,1.0455439219983225,1.0839150884841822,1.1879398903942724,1.128107520837678,1.0764249143193507,1.0666044107048473,1.0977217936681156,1.210622014675901,1.3678754193728964,1.2089136401454923,1.1010752852245063,0.9975264086500544,0.7836194765678524,0.8170924186528713,0.9735125279494287,2.023781303991466,1.250404562235022,0.7590711350392463,1.291992764706907,0.6918484552231686,0.8462173285621796,0.9673307416677547,0.841470946180184,0.9550017356432186
2023-04-20,1.04165553768622,1.0440286640733019,1.085796928633568,1.1849437566377448,1.1270161309639182,1.0800370923331537,1.0644725743149517,1.0931079426605188,1.2053834746462218,1.3608209548552104,1.2147941297348877,1.104301042454219,0.9921294742700512,0.7761087794523693,0.8073163393437369,0.9681381977729466,1.9655173586872403,1.2385575518942948,0.7619738899469493,1.281757893276669,0.6977633900157076,0.851127178211243,0.9696961065547685,0.8446501406159088,0.9541083796574397
2023-04-21,1.03902728002284,1.0409980326164916,1.0810924359373957,1.175206521937959,1.123014506867688,1.0655884491745073,1.0573666563184074,1.0838801673094856,1.2074788307079891,1.3554462040738384,1.2079850547936222,1.0978494459582933,0.988306713661127,0.772889889769434,0.8003784261600417,0.9708253994705675,1.9405469668166733,1.2245566423848366,0.7677793997623552,1.2636964851504684,0.6938422751171476,0.8490598903900308,0.9691048104494583,0.8451929226953241,0.9570436504527849
2023-04-24,1.0350849603671388,1.0372098300005557,1.0782697116057476,1.175955583949795,1.123014506867688,1.0637823946158886,1.0559454320584771,1.0869560924264965,1.2121935067430165,1.3594773632679922,1.2070565875072767,1.0956989411384848,0.9849336189509548,0.7603719930265798,0.786818085250486,0.9604606982931658,1.9357908420955747,1.2256347217946157,0.7677793997623552,1.2673088035217372,0.7005547480082674,0.8531945317503501,0.9701691975787485,0.8489148992104641,0.9597237184101219
2023-04-25,1.02150574050529,1.0243299642277273,1.0538063639426234,1.158728186294915,1.1088267160572554,1.0475276280020582,1.0353381546634042,1.0688849681951966,1.203811882662266,1.3443608366503317,1.2064375699612049,1.093548354282176,0.9788620999414618,0.7553648616162577,0.7751498149913874,0.9669866131212973,1.977407783887648,1.186861599211383,0.7779390765428835,1.225767601577505,0.7108560155806355,0.8616359953557385,0.9739538355377023,0.8526368165667945,0.9581923066450722
2023-04-26,1.0171253556259026,1.0159959878367297,1.0566290882742715,1.158728186294915,1.105552615823087,1.0366911628572146,1.0317852295489833,1.070422967421622,1.2074788307079893,1.3520870328895433,1.2017951154639532,1.0924731018722718,0.984259034321465,0.7603719930265797,0.7801955372251183,0.9696737416001585,1.9512485309332988,1.1857858924349725,0.7779390765428835,1.2239614423918705,0.7032795811114294,0.8582766280020581,0.9727711530941956,0.8489148992104641,0.9544912325987022
2023-04-27,1.0162492920178987,1.0182688169208758,1.059451740821058,1.158728186294915,1.1059164124476737,1.0475276280020582,1.0374699910532998,1.0773438172688568,1.2080026947026412,1.3581336435366076,1.1937480054305443,1.0924731018722718,0.992129474270051,0.7618025727650792,0.7814569978584277,0.9700576275569615,1.8739596331540331,1.187939678621162,0.7779390765428835,1.2293798280837016,0.6963012621874494,0.8526776605066257,0.9708787889982754,0.8458132619743157,0.9576818036005555
2023-04-28,1.0285143830480574,1.0296334247686836,1.068860726213403,1.1722105024722478,1.1175576268860001,1.0556550113089733,1.0509712826841258,1.085418093200071,1.210622014675901,1.3658598397758193,1.212937077096672,1.1150537306262622,1.0089947762581883,0.7725322277805468,0.7934405731261001,0.9646832973804794,1.8906064098708626,1.2154035877606022,0.7706821546700581,1.2474412362099023,0.7075330162273014,0.859051902008697,0.971943266360452,0.8524042041268751,0.961765730588188
2023-05-01,1.0285143830480574,1.0296334247686836,1.068860726213403,1.1722105024722478,1.1175576268860001,1.0556550113089733,1.0509712826841258,1.085418093200071,1.210622014675901,1.3658598397758193,1.212937077096672,1.1150537306262622,1.0089947762581883,0.7725322277805468,0.7934405731261001,0.9646832973804794,1.8906064098708626,1.2154035877606022,0.7706821546700581,1.2474412362099023,0.6871829560182963,0.8489651388548455,0.9698261999993623,0.8386950245721915,0.9573755282580777
2023-05-02,1.0311425738720685,1.0311487983004732,1.068860726213403,1.1789516034155059,1.1226507102431014,1.061073243881395,1.0552348876962145,1.0934924424671248,1.2190036387566516,1.3782889269307106,1.2246981743409875,1.1247311663884012,1.0161906315772848,0.772889889769434,0.7950173387679833,0.9631478267720271,1.9060643255039096,1.2250945522643124,0.7663280569120716,1.2667067198381683,0.704307556370178,0.8600175630286935,0.9730269972779203,0.8488100601361781,0.9564782730348929
2023-05-03,1.026762188992681,1.0281181668436628,1.0679198420311407,1.1752065219379588,1.119376610008933,1.0574610658675923,1.0538136634362842,1.0927234428539123,1.2174320467726958,1.3772812012042555,1.2132466449024704,1.1118279733965497,1.007870439948585,0.7689556761087243,0.7899716165342524,0.9777351270367423,1.801426860095866,1.213247428941044,0.7692308118197745,1.2570740239565714,0.7082389117575465,0.8656301407075632,0.9753978845302549,0.8502106108281733,0.9559655417940037
2023-05-04,1.029390446656061,1.0296334247686834,1.0679198420311407,1.1789516034155059,1.1201042032581061,1.0601702166020857,1.0559454320584771,1.0938769422737313,1.2190036387566519,1.3823200861248646,1.2045805173229895,1.1107527209866455,1.0069709365883575,0.7775393591908687,0.7965941645596202,0.9911708426498081,1.7372175887937749,1.220786866909392,0.7663280569120715,1.2642985688340374,0.7012424585416879,0.8654574754013162,0.9769390426434684,0.8478763992501652,0.9531455688658557
2023-05-05,1.032018704319441,1.0334216273846195,1.071683450545051,1.179700665427342,1.1219231169939279,1.062879298440014,1.0573666563184076,1.0946458685511045,1.2190036387566519,1.3803045065277877,1.1971525429011771,1.105376376900624,1.013717126008702,0.7753934554745948,0.7918638074842167,0.9919386145634141,1.740784852431091,1.2245566423848366,0.7663280569120715,1.2667067198381685,0.6989103244153054,0.8607947216009157,0.9745680649475826,0.8445306425616754,0.9582727834812625
2023-05-08,1.0385892816385223,1.0394827746914708,1.0782697116057476,1.1856928186495808,1.1291989107114375,1.0719097090262386,1.0658937985748824,1.102335718011552,1.2247659428641424,1.3866869830356148,1.213556094642744,1.1247311663884012,1.0263098299264397,0.781115910862691,0.7978555650431761,0.9808061414724066,1.8026159479749713,1.2369415626050395,0.761973889946949,1.2811559014581724,0.6891153102477878,0.8555275404121844,0.9730269972779203,0.8384616093506884,0.955581017811708
2023-05-09,1.0416555376862198,1.042513406148281,1.0810924359373957,1.1871908283824362,1.1306540278226727,1.074618859760732,1.0666044107048476,1.101182218591733,1.2284329908267064,1.3880307027669994,1.2154131472809593,1.1258064187983055,1.0400269559351427,0.7889842699670613,0.8035320175935619,0.9827255712564216,1.8287753143269823,1.2412515076107877,0.7605224778895295,1.2805538177746034,0.6866499331013455,0.8544913509417694,0.9727898542865562,0.838150369267692,0.9531455688658557
2023-05-10,1.032018704319441,1.0349370009164092,1.072624334727313,1.1819477371720335,1.1230145068676878,1.059267189322776,1.0573666563184076,1.0973373671973488,1.2268613988427506,1.3776170670650185,1.2132466449024704,1.1225806615685927,1.0418259626555977,0.7753934554745948,0.789025581209024,0.9827255712564216,1.8382877905645023,1.2202490700124577,0.7663280569120715,1.266104728019672,0.6933132025119875,0.860881021315217,0.9751608319824421,0.8447640577831786,0.9589136241872603
2023-05-11,1.0298285118797474,1.0303911115345783,1.069801610395665,1.1737085122051032,1.120831727120168,1.0601702166020854,1.050971282684126,1.0919544432406998,1.2226705868023753,1.3752656216071788,1.2191271344918657,1.1354838545604442,1.0643130319731142,0.7711015798249979,0.7874487554173871,0.9838771559080709,1.8382877905645023,1.2078641497922549,0.7721335667274775,1.2474412362099025,0.7006427886963514,0.864075889440763,0.9757535085737501,0.8480319896101753,0.9573755282580776
2023-05-12,1.026762188992681,1.0273605956845373,1.059451740821058,1.1744575742169392,1.1171938302614133,1.0565580385882825,1.0516818948140911,1.0938769422737313,1.219527502751304,1.3809763663934802,1.2197461520379376,1.14193545105637,1.0773554875709657,0.7653791244369016,0.780826267541773,0.973512527949429,1.7776456695020657,1.2078641497922549,0.7721335667274775,1.2522576300832373,0.6947790790794912,0.8588950738439773,0.9740938694084057,0.8428188517866839,0.9539146168304469
2023-05-15,1.026762188992681,1.0273605956845373,1.061333580970444,1.1722105024722476,1.116830103023938,1.0520428332951701,1.0474182898020024,1.0927234428539123,1.217432046772696,1.3789607867964033,1.2175796496594484,1.1387096938266572,1.0658871199628315,0.7671674343813375,0.7801955372251183,0.9754318845146842,1.7562426546664762,1.204632284196286,0.7721335667274775,1.2384105321468024,0.6875827867518983,0.8569954260870388,0.9742124409040879,0.8383059596277022,0.9536583001067447
2023-05-16,1.0390272800228397,1.0394827746914708,1.0792105957880098,1.1864417663706,1.130290231198086,1.067394503733126,1.0580772684483728,1.1015667183983393,1.2284329908267064,1.3870229770405444,1.2185081169457936,1.1408601986464657,1.0719585531909623,0.7711015798249979,0.7858719897755039,0.9758157704714873,1.7966706219771056,1.235328058931695,0.7648766448546521,1.2781456667704727,0.6855171386656357,0.8542323200435769,0.9730269972779206,0.8341043075517166,0.9469928917686703
2023-05-17,1.0561108211560724,1.0553932719211094,1.0961467982081752,1.2051671737583356,1.1441142253839323,1.0836492703469565,1.0694467914570058,1.1057961429351693,1.2352430229235012,1.399116198334673,1.21819866720552,1.1473117951423917,1.0870249342400065,0.7603719930265797,0.7783034064249076,0.9631478267720274,1.7824019076208255,1.2730229891226073,0.7518142131664209,1.319686868714705,0.6835181883444698,0.8514692140001149,0.9719600347038843,0.8340265420531996,0.9495565479731161
2023-05-18,1.0701280394022386,1.0690308244598326,1.1130830006283408,1.2216456236921962,1.1550278465730852,1.1026131187987152,1.0801057023356735,1.1169463439833947,1.2399576989585286,1.408521980166032,1.2259362094331308,1.1559139784946262,1.1065886605274646,0.7592990070599182,0.7776726761082527,0.957773569814305,1.8240190762082216,1.3026406844482372,0.7431059484433121,1.349789215591706,0.6784540893581027,0.8462020328113835,0.9701818240428577,0.8305251356417236,0.9500692792140052
2023-05-19,1.073194295449936,1.0713036535439786,1.114964768992865,1.2268887149025989,1.1604846571676617,1.1026131187987152,1.08579046383999,1.1269431189476407,1.2446723749935558,1.4196073475895388,1.2414112938883524,1.1763441024288082,1.1423431041735705,0.7507153239777736,0.7691579972826743,0.9497121111589616,1.821640900450011,1.3139476382412023,0.7402031935356093,1.358819919654806,0.6736565272485666,0.8430071646858375,0.9694705759558675,0.8295136498942177,0.9510946439022988
2023-05-22,1.0714421682339286,1.070546082384853,1.1102602762966927,1.2276376626236185,1.1593933366810132,1.1026131187987152,1.0829480830878317,1.128481118174066,1.2431007830096,1.4216229271866156,1.2327452843743962,1.1709677583427867,1.1243534658758296,0.7582260893103059,0.7713654932412124,0.9562380259870931,1.7907254093769016,1.3117937390724712,0.7387518506853258,1.359422003338375,0.6712577461937986,0.8414529134190373,0.9691149519123724,0.8292024098112215,0.9553246032945207
2023-05-23,1.070566037786556,1.070546082384853,1.112142044661217,1.2283867246354545,1.1590295400564266,1.096291858946984,1.0850799194777274,1.1292501177872785,1.2451962389882079,1.4249820983709107,1.2401732587962087,1.1741935155724994,1.1378456731537947,0.7496423380111122,0.7656891008405804,0.9497121111589617,1.8145065999707015,1.3150257176509814,0.7402031935356091,1.3612281625240097,0.6731901004232902,0.8428344993795905,0.9689963804166903,0.8309142005862129,0.9503255959377074
2023-05-24,1.0653095892991649,1.0652426218438964,1.104614899418258,1.2253907051697435,1.155027846573085,1.0917766536538718,1.083658695217797,1.1315570432910769,1.2431007830096,1.4293491234258275,1.2277931440058216,1.1623655749905522,1.1277265605860018,0.7407009929400805,0.7587511876568852,0.9570057979006991,1.8549346806789926,1.304794583616968,0.7416546055930285,1.3419625870306713,0.6698584657179693,0.8406758207244595,0.9678109367905231,0.8276462687592161,0.9436602853931179
2023-05-25,1.0780127455530097,1.0766072296917042,1.1206101458712996,1.2366259496023848,1.1644862812638916,1.1224800634263485,1.1014235918607116,1.1450142431789403,1.2462439669775116,1.4427860644513406,1.22315068950857,1.1763441024288084,1.1524623025227254,0.7281831644142756,0.7470829775475402,0.9466410967232974,1.8596909187977526,1.3274106378711845,0.7343976837202032,1.3714629420891755,0.6681926483653088,0.8354086395357281,0.9656771020860015,0.8249229328737429,0.9430193468936351
2023-05-26,1.103418924381962,1.101609274471466,1.1469553336838099,1.2523552232335926,1.1855860691672473,1.1477651717298385,1.1305580115122593,1.158471369730964,1.2499109150232348,1.4599180425219114,1.2243887246007135,1.1838709513346384,1.1524623025227254,0.7292560821638878,0.7499212038227331,0.941650725722378,1.8073721860937308,1.3677996367611311,0.7242380069396749,1.4130041440334078,0.6735898803201812,0.8369628908025283,0.9654400495381886,0.8284243392852189,0.9487874022150398
2023-05-29,1.1104275669247297,1.1069128506191916,1.147896217866072,1.26433952967807,1.195044503858054,1.1540865004781349,1.1454805951707185,1.178464919659456,1.2593402670932894,1.485448204841553,1.2386257739637914,1.2182796027070764,1.1929390101379829,0.7224607090261792,0.7442447512723475,0.940499067851969,1.8382877905645016,1.3904156910153476,0.7169811542739856,1.4376881052185773,0.6735898803201812,0.8369628908025283,0.9654400495381886,0.8284243392852189,0.9487874022150398
2023-05-30,1.1104275669247297,1.1091856797033377,1.1507189421977202,1.263590467666234,1.197591010843049,1.1586017057712472,1.1497441324151045,1.1734665688452528,1.2624833511443607,1.4837684911052387,1.2411017260825539,1.2193548551169806,1.1906903375187758,0.7110157300329374,0.7347839769717869,0.9347409249374437,1.815695687849807,1.391493770425127,0.7169811542739856,1.4328717113452425,0.6803197966592087,0.8435252923598672,0.9673367412513459,0.8346489628562163,0.9528891543486683
2023-05-31,1.1051711184373385,1.1031246480032555,1.1384872324737272,1.2628415199452145,1.1917704036238859,1.1504743224643321,1.1461910717652783,1.1723130694254338,1.259864031171101,1.483096759383713,1.237697306677446,1.2204301075268849,1.2064313031973097,0.7063662606115025,0.7325764810132488,0.9466410967232974,1.7419738269125342,1.3812626363911136,0.721335252031972,1.4328717113452425,0.6862501023677432,0.8467200946077686,0.9682851323297004,0.8373722987416895,0.9499410719554116
2023-06-01,1.0964103486785635,1.0940328692395938,1.1375463482914652,1.2561003047111399,1.185222341929772,1.1495712951850228,1.1376639972765061,1.1715440698122213,1.263531079133665,1.4817530396523284,1.235530686233432,1.213978511030959,1.1985607774673617,0.7131617019662604,0.7414065249971545,0.9493282252021586,1.721759786558389,1.3726451190129865,0.7227866640893915,1.4178205379067421,0.6889354324757271,0.8490687448898686,0.969790672325337,0.8399321565898099,0.9556193935398452
2023-06-02,1.1104275669247299,1.107670421778317,1.1535415947445067,1.2710806306213283,1.2005013838397418,1.1721473216505844,1.1497441324151043,1.1892306942369149,1.2719127032144155,1.5015724571856686,1.2485298185698912,1.2322580481088323,1.2266696141142575,0.7210300610706305,0.7467676123892129,0.9543186694218377,1.7681331932645452,1.408724172897185,0.7126269873088632,1.4497290439693775,0.6813859718288604,0.8423177500391609,0.9670574887879089,0.8376683917399388,0.9605134643025269
2023-06-05,1.106923245653346,1.104639905928276,1.147896217866072,1.2733277023660197,1.19868247010392,1.1567956512126287,1.1461910717652781,1.1957670442775434,1.273484195281531,1.5099705132905725,1.262766867932969,1.234408634965141,1.2289183725148263,0.7192418193432438,0.7445601164306749,0.9378119393731078,1.8228299883291164,1.4038788036278715,0.7140783993662827,1.4569535888468435,0.680116633635541,0.8420581065500476,0.967295204223446,0.8358730310505538,0.9597406594007342
2023-06-06,1.1099895017010433,1.108428108544212,1.1535415947445067,1.2718296926331643,1.2037754840739099,1.1613108565057408,1.1476122960252084,1.1976894699747356,1.2761035152547908,1.5076190678327328,1.2640049030251128,1.2376343921948536,1.2367888124634123,0.7224607090261791,0.7436140209556927,0.9458733248096916,1.8049941237331817,1.4119561514756953,0.7111756444585797,1.4695966112812127,0.6841251692953899,0.8425773935282741,0.9668198640142465,0.8375122967234564,0.9612861709455908
2023-06-07,1.122254659570571,1.1205502875511455,1.1629505801368514,1.2860609565315166,1.215416698512236,1.1739533762092031,1.1639559684081926,1.2096086706361737,1.2844851393355414,1.513665678479797,1.2646239205711844,1.2387096446047576,1.249156683431774,0.715307605682534,0.7347839769717869,0.9470249826801005,1.7919143838583456,1.4410359369218493,0.7039187225857544,1.4894640867279756,0.6739701579210565,0.8364322554966442,0.9661068990313847,0.8300184852663931,0.9560058451201059
2023-06-08,1.1113036305327333,1.1099433664692324,1.15071894219772,1.2718296926331643,1.2048668045605584,1.1739533762092031,1.149033520285139,1.201149894898353,1.2781988713165582,1.5072830738278034,1.2568863783435738,1.2161290158507674,1.2053068811063443,0.7167382536380826,0.7363608027634237,0.9397312959383631,1.8180737502103563,1.408724172897185,0.7126269873088632,1.4527392786570779,0.6818536334729879,0.8420581065500475,0.9676516867148768,0.8355607814620696,0.9620588775886547
2023-06-09,1.1196264019071909,1.1197927163920196,1.1638914643191134,1.2853120088104972,1.2146891052630628,1.1739533762092031,1.1632454918136328,1.2219124444400578,1.2902474434430322,1.5247510459033038,1.2633858854790407,1.2344086349651406,1.2401619071735845,0.7213877230595175,0.7401450643638451,0.9466410967232975,1.7847800833790364,1.435650285139691,0.7053701346431739,1.4858518602217787,0.680918310184733,0.8390288224546583,0.9658691835958475,0.8333750938981994,0.9623165119754953
2023-06-12,1.1301392988819734,1.1281266927830171,1.171418681346934,1.2875589662643723,1.2219648989805727,1.1820806906195533,1.1731937905623355,1.2219124444400578,1.291819035426988,1.5254229057689959,1.2748374149175576,1.2408602314610664,1.2480323471221706,0.7242489507535657,0.7448754815890022,0.9435700822876334,1.7479191529104001,1.4512670709558628,0.7024673797354709,1.5003009499767104,0.6829226035003058,0.8404136097410758,0.9667010062964778,0.8360291260670362,0.9612861709455909
2023-06-13,1.1524792885025972,1.1516135952445277,1.1949411448277962,1.3092805074086356,1.2416095003855818,1.2191054291403265,1.2023282102138833,1.2380610696383259,1.304915335542766,1.5375161270631241,1.2999070942386053,1.2655913650348654,1.2761411837690664,0.7188841573543564,0.7388836638802891,0.9447217401580422,1.7039239219624547,1.500809237452585,0.6894049480472397,1.5472606294778464,0.6761748703739273,0.8344416113911486,0.9649185031774485,0.8322822501162642,0.9624453291689155
2023-06-14,1.1520412232789108,1.1493406505536123,1.1949411448277962,1.3092805074086356,1.241973227623057,1.2109781147299763,1.205881135328304,1.2426749206459229,1.3075345555991855,1.549273354352323,1.2924790017512682,1.2655913650348654,1.2817629510984456,0.7260371924809523,0.7470829775475403,0.9389635240247572,1.7502973286686112,1.4991932481633299,0.6908563601046591,1.5400360846003807,0.6815863909661585,0.835566755188453,0.9643243959123553,0.8348582049991,0.9628316824904474
2023-06-15,1.1555454777109255,1.1538865399354432,1.2015274058884928,1.3152726606308742,1.2507042078389132,1.228135839726551,1.215829569612412,1.2569010468111594,1.3096300115777935,1.5727879370748874,1.2930980192973398,1.2741935483870999,1.3042500204159624,0.7339056198023716,0.7518133346229438,0.9324376824153855,1.722948874437495,1.5169638201656912,0.6865021931395366,1.564117870236909,0.688133704955239,0.8420581065500474,0.9663445238050469,0.8421178441536801,0.9674681188662886
2023-06-16,1.152479288502597,1.1500983373195073,1.1958820290100582,1.3175196180847493,1.2481577008539182,1.2245237306093133,1.2115658968326206,1.260361471734777,1.3127730956288648,1.5724520609625912,1.3064066013740723,1.2870967413789516,1.3121204603645484,0.7432046268622904,0.7628508745653877,0.9420346116791811,1.7693222811436513,1.5061948892347432,0.68795353598982,1.5629138865999157,0.6854613308582409,0.8384229656355803,0.9650373608952171,0.8406347330527792,0.9650210834849478
2023-06-19,1.149851030839217,1.1493406505536123,1.1930593764632718,1.3167706703637299,1.247430107604745,1.2209114836989452,1.215829569612412,1.258439046037585,1.3112016035617493,1.5588170466726996,1.3039306492553095,1.284946236559143,1.3042500204159624,0.7360515235186453,0.7571744220150021,0.9428023103740275,1.7800238452602766,1.501887316862364,0.6894049480472395,1.548464796844984,0.6854613308582409,0.8384229656355803,0.9650373608952171,0.8406347330527792,0.9650210834849478
2023-06-20,1.143718518743822,1.1425219320876354,1.194000260645534,1.3122765268743466,1.2423370936347549,1.2209114836989452,1.205170523198339,1.2488267708799452,1.3096300115777935,1.5485908509718473,1.3042400989955831,1.2870967413789514,1.3020013477967554,0.7314020540972105,0.7559129613816925,0.938579711286714,1.7800238452602766,1.491115900315506,0.6923077029549424,1.5394340009168115,0.6902047706690467,0.8409329627527431,0.9653938433866479,0.8436790920961013,0.9624453291689155
2023-06-21,1.143718518743822,1.143279503246761,1.1874139277999756,1.3122765268743466,1.2430645481097053,1.2191054291403263,1.2065917474582695,1.2622840441036483,1.3164400436745882,1.5489316678141845,1.3042400989955831,1.2903225806451644,1.3211153224040997,0.7271101784476136,0.7505518739896343,0.9324376824153856,1.796670621977106,1.49057799043603,0.6923077029549424,1.5484647968449838,0.6918749981082585,0.8417118932200829,0.9653938433866479,0.8427423433306486,0.9599982937875746
2023-06-22,1.143718518743822,1.143279503246761,1.1874139277999756,1.3122765268743466,1.2430645481097053,1.2191054291403263,1.2065917474582695,1.2622840441036483,1.3164400436745882,1.5489316678141845,1.3042400989955831,1.2903225806451644,1.3211153224040997,0.7271101784476136,0.7505518739896343,0.9324376824153856,1.796670621977106,1.49057799043603,0.6923077029549424,1.5484647968449838,0.6835238609121997,0.8369515424748707,0.9643243959123552,0.8383709682029081,0.9571649050847018
2023-06-23,1.143718518743822,1.143279503246761,1.1874139277999756,1.3122765268743466,1.2430645481097053,1.2191054291403263,1.2065917474582695,1.2622840441036483,1.3164400436745882,1.5489316678141845,1.3042400989955831,1.2903225806451644,1.3211153224040997,0.7271101784476136,0.7505518739896343,0.9324376824153856,1.796670621977106,1.49057799043603,0.6923077029549424,1.5484647968449838,0.6903384174081095,0.8404136097410758,0.9651562186129855,0.8407127507832607,0.9554906746051537
2023-06-26,1.1367098762010543,1.1364607847807842,1.1836503910709268,1.3055354259310885,1.2368802136530668,1.206462909436864,1.1952222244496364,1.2599770452640102,1.3164400436745882,1.543136871262517,1.299907094238605,1.2795698924731214,1.2997525893961865,0.7120887159995984,0.7350993421301143,0.9270633522389035,1.7467300650312951,1.4668838567720344,0.6981132127703483,1.5177603662844141,0.6910733215590664,0.8424908236874227,0.9658691835958474,0.8416494995487134,0.9560058451201058
2023-06-27,1.1292631684346004,1.1326725821648482,1.1761231740431064,1.2935511194866112,1.2266941857130869,1.1992385534092582,1.1845633135709686,1.2372920700251135,1.3043914715481142,1.5318879649683865,1.2943360543894833,1.2634408602150569,1.2491566834317742,0.7156652676714209,0.7385682987219618,0.9278311241525093,1.760998892785237,1.4426519262111042,0.7024673797354707,1.5015050254787758,0.6892694473807918,0.8395481094328847,0.9644432536301238,0.8407127507832607,0.9592255871445104
2023-06-28,1.1310154293293457,1.1311573242398276,1.1733004497114583,1.2957981912313028,1.2296044199355571,1.1992385534092582,1.1888268508153546,1.2419059210327104,1.3080584195938376,1.5370011278353792,1.3060971516337987,1.2827957317393344,1.275016847459463,0.7181688333765819,0.7376222032469797,0.9224568671947869,1.7181926363187352,1.4464215887040075,0.7010159676780512,1.4948825642848789,0.6922090639846193,0.8429236068582385,0.9655127011044166,0.8443816090035511,0.9647635473568357
2023-06-29,1.1305773641056596,1.1311573242398276,1.1780049424076309,1.2987942106970138,1.2285130994489086,1.2001415117920025,1.19095868720525,1.2507491965771373,1.3091061475831416,1.5472273235362313,1.3082636540122878,1.2903225806451644,1.298628253086583,0.7131617019662598,0.7360454376050964,0.9166986510615018,1.7384066766728807,1.4480352053598937,0.7010159676780512,1.4996989581582134,0.6797157443896488,0.834268471709446,0.963136090720294,0.8379806413284229,0.9621876947820747
2023-06-30,1.1310154293293457,1.132672582164848,1.1770640582253686,1.3017903444535415,1.2299682859472552,1.206462909436864,1.1952222244496362,1.256132047197947,1.3091061475831416,1.547568270411702,1.314763161147755,1.2903225806451644,1.293006485757204,0.7188841573543562,0.7448754815890023,0.9182341948887137,1.7550535667873715,1.4566527227380208,0.6995646248277677,1.5075254948541759,0.687732866680643,0.8360860421666795,0.9634925732117251,0.8441474367010677,0.9668241311579159
2023-07-03,1.1450325807361432,1.1455524479376762,1.1874139277999758,1.3122765268743468,1.2477938348422202,1.2163962784058329,1.2136977332225163,1.27804816949531,1.3232501756882236,1.5625666821040762,1.3339522328138826,1.3118279569892504,1.3177422276939275,0.7285408264031622,0.7502365689810606,0.9232245658896332,1.7728894313833063,1.4943477659114746,0.6894049480472394,1.5448524784737148,0.6838445731244545,0.832468182467796,0.9623755130220052,0.8417899943542085,0.9653173351243352
2023-07-04,1.1476608383995233,1.150098337319507,1.1987047533417066,1.319766689829441,1.2536144420613833,1.2389723048713945,1.2293307934755353,1.3038089965153783,1.3337271558307418,1.5646119732575,1.334261800619681,1.3129032093991546,1.3222396587137033,0.7288984201750002,0.751813334622944,0.925143995673648,1.7633769551457863,1.5067326861316774,0.6879535359898199,1.556893417224515,0.6838445731244545,0.832468182467796,0.9623755130220052,0.8417899943542085,0.9653173351243352
2023-07-05,1.1459087111835158,1.1455524479376762,1.1940002606455342,1.3130255888861826,1.248157700853918,1.2236206344334388,1.2236460319712188,1.2961191470549307,1.3248217676721796,1.5550674112413225,1.3348808181657528,1.3107527045793461,1.3199909860944963,0.7242489507535653,0.749605838664406,0.9255278816304511,1.7847800833790373,1.4894999110262506,0.6923077029549424,1.5400360846003802,0.677346433833668,0.8284772016031028,0.9621372822728029,0.8357598940406787,0.9623391162310289
2023-07-06,1.1205024655151945,1.125096176932976,1.1714186813469343,1.2965472532431386,1.2270579129505623,1.2118810731127208,1.2030388223438484,1.2818930208896941,1.3054391995374184,1.5427959243870468,1.3330237655275372,1.3118279569892504,1.3256127534238753,0.7195994813321306,0.743614020955693,0.9228407531515898,1.8038050358540774,1.436188082036625,0.7053701346431737,1.4870559357238442,0.6677667127255197,0.8217098833458794,0.961541569060185,0.827302039790665,0.9553468664201247
2023-07-07,1.118750271459818,1.12130797431704,1.16953691298241,1.289806038009064,1.221601171743097,1.2091719223782273,1.1966434487095667,1.2718963192612878,1.2991529315184351,1.531887964968387,1.3290002105108327,1.3075268653131331,1.319990986094496,0.7199570751039686,0.7445601164306751,0.9193858527591225,1.814506599970703,1.4227274550400117,0.7068214774934571,1.4732088377874093,0.6637472604033133,0.8206687320012662,0.9626138346642824,0.8265189184152928,0.9562532636850626
2023-07-10,1.1165600790201242,1.118277458466999,1.16953691298241,1.2890570902880445,1.2219648989805725,1.204656717085115,1.193090523595146,1.275741170655672,1.2960098474673638,1.527115748976865,1.3255957911057248,1.3032257736370159,1.3188666497848927,0.723533626775791,0.7464522472308858,0.923608451846436,1.8466111789229178,1.4173418032578533,0.7068214774934571,1.4768211561586784,0.6646181255549234,0.8249200503469413,0.9640434009456457,0.8308261158540052,0.9610442771082448
2023-07-11,1.1318914260979804,1.1341878400898684,1.1827094351038034,1.3032883541863969,1.2386991273888888,1.2245237306093135,1.2158295696124117,1.2995795719785483,1.3174877716638924,1.5458637961006159,1.3314762806951201,1.3075268653131331,1.3132448824555134,0.7292560821638873,0.7540208305814822,0.9259117675872539,1.8478002668020233,1.4609602951103997,0.6981132127703483,1.5093316540398105,0.668034683028348,0.8266552363948584,0.9639243310175819,0.8347417824791971,0.966223732389273
2023-07-12,1.134081618537674,1.135703098014889,1.1874139277999758,1.3107785171414912,1.2467025143555717,1.2335541411955382,1.2300414056055002,1.3188041222938278,1.3352987478146976,1.551317775809946,1.3367377527384436,1.3118279569892504,1.3132448824555134,0.7314020540972103,0.7555975962233654,0.9316699105017794,1.8787158712727943,1.4690376429582237,0.693759115012362,1.5207706009721143,0.675470692823979,0.834723977284572,0.9667835544733834,0.8421032548540236,0.9737338388173764
2023-07-13,1.1467847079521503,1.1478253926285917,1.202468361855617,1.3250097810398436,1.2597989152922444,1.258839180602463,1.2499381386383106,1.3387976722223198,1.3473473199411716,1.5618849183862686,1.3438562774199825,1.3236558975711978,1.3301101844436507,0.741058654928967,0.7609586836154237,0.9378119393731078,1.9024970618665944,1.4997334176936328,0.68795353598982,1.554485266220384,0.6825717269635472,0.8416648538624499,0.9695236171080464,0.8480550848538478,0.9795607630547428
2023-07-14,1.1586118005979915,1.1561594846263585,1.2147000715796097,1.3407391689618682,1.2754418232139122,1.258839180602463,1.2669924231512601,1.3664810716112592,1.369872972127004,1.5792695681075373,1.3404518580148745,1.3322580809234323,1.357094598999581,0.7432046268622902,0.7590665528152131,0.9393474099815602,1.92271110222074,1.533658798374183,0.6792452712667112,1.5900059987892161,0.6785522746413408,0.8375003146771023,0.9670217852225856,0.8414767338543935,0.9724389996945926
2023-07-17,1.1564216081582976,1.1584323137105046,1.2147000715796097,1.3407391689618682,1.2790796506855557,1.2678695911886875,1.2684136474111904,1.3818606238604751,1.3777307322131027,1.598699378949096,1.3423087925875652,1.338709677419358,1.357094598999581,0.7335479578134841,0.7527594300979263,0.9362763955458959,1.8715814573958234,1.533658798374183,0.6792452712667112,1.5906080824727848,0.6788871991872943,0.8388885164699198,0.9673791767929265,0.8428863762293958,0.9742517942244685
2023-07-18,1.154231469190099,1.1569473845277654,1.2165818112301894,1.3369940874843211,1.2761694164630855,1.2633543858955751,1.2719665725256113,1.3883970472369433,1.3876839482778092,1.600403723227049,1.347879832436687,1.3483871131814968,1.3683381336583393,0.7310443921083232,0.7514979694646168,0.9385797112867138,1.8668252192770634,1.5218116750509143,0.6821480261744142,1.5797711273589778,0.6819688321147656,0.8398428886542056,0.9673791767929265,0.8450008696660648,0.9769709860192823
2023-07-19,1.144453559284059,1.1523195479133448,1.2079941603559643,1.3302529865410628,1.2663471157605808,1.2498087700162381,1.2563335122725923,1.358738893795593,1.3683014800598885,1.5741564052405441,1.3633549168919084,1.3645161454395613,1.3897008666662525,0.7242489507535653,0.7461368820725585,0.9451056261148453,1.8929845856290741,1.5035008205357083,0.6865021931395365,1.5599036519122151,0.6896727611031156,0.8427059390139585,0.9677366592563422,0.8497779877286653,0.9777479685248668
2023-07-20,1.1497869893482193,1.1523195479133448,1.2079941603559643,1.3317509962739185,1.2703486704696998,1.2543239753093505,1.259886437387013,1.3725793050618889,1.3782545962077546,1.577224276954113,1.3636644846977066,1.356989214497231,1.3705868920589082,0.7335479578134841,0.7514979694646167,0.9497121111589618,1.8906064098708633,1.5115805410169012,0.685050781082117,1.5629138865999153,0.6812988808026401,0.8360253999170625,0.9665452328311063,0.8440610881666196,0.9734749105087765
2023-07-21,1.1306756446472797,1.135351009811759,1.193681433165021,1.3250097810398438,1.2616178290280664,1.2380693464886503,1.2542016758826964,1.3943285874157119,1.390303268251069,1.5792695681075366,1.362426449605563,1.3397849298292623,1.3301101844436507,0.7353361995408708,0.751813334622944,0.9431861963308303,1.9179547507043178,1.4830385524676817,0.6908563601046589,1.5298013050352142,0.6814998968623432,0.8367195008134714,0.9666643936522449,0.8455490606036585,0.9759351739949907
2023-07-24,1.13112011975842,1.1368935827863078,1.1946356004180916,1.3272568527845354,1.2674384362472295,1.2443906063403816,1.2705453482656806,1.4231959895125614,1.4049710604339622,1.5894957638083886,1.3692355245468284,1.341935516685571,1.3244884171142717,0.7324749718468226,0.7477136477144416,0.9381958253299109,1.9357908420955754,1.4878864073529057,0.6908563601046589,1.5436483111065766,0.6790212098937632,0.8347239772845725,0.9654730581200838,0.8445309490421767,0.9742517942244683
2023-07-25,1.1453425095063399,1.1492344019642469,1.2137192366726828,1.3384920972171768,1.2794433779230312,1.2642574820714498,1.2776513340299276,1.4255685452444011,1.4164958684826245,1.5922226886464872,1.3726399439519366,1.341935516685571,1.3312345207532543,0.7582260893103053,0.7704194579159841,0.9385797112867138,1.988109348004274,1.5223495849303905,0.6821480261744141,1.5773629763548465,0.6777483637328561,0.8331622833642052,0.9653538972989453,0.8431996367292109,0.9736044240580227
2023-07-26,1.1422313193631197,1.147691828989698,1.2099025676604007,1.3317509962739187,1.2816261576705508,1.2552270714852252,1.2726771846555764,1.4243822673784812,1.4280205766144465,1.5963132709533348,1.3760444814225692,1.3483871131814968,1.3391049607018404,0.7564377793658694,0.7672658664824639,0.9389635240247571,1.9892984358833792,1.5110403714865979,0.685050781082117,1.565924121287615,0.6784182639348723,0.8360253999170627,0.9663070020819041,0.8471153033544027,0.9774889414263743
2023-07-27,1.1511202790468793,1.1530908932460062,1.2127650694196124,1.342237178694724,1.2841726646555456,1.2615483313369564,1.2733877967855416,1.4275457253039907,1.4269728486251425,1.6017672506626648,1.3754254638764973,1.3483871131814968,1.3469754864317882,0.7639485446984017,0.7742037195164053,0.9447217401580422,2.000000000000005,1.533658798374183,0.6806966833241307,1.5918120661097779,0.6652210715138147,0.826915507682736,0.9648773449074659,0.8367779458538295,0.9697198078997784
2023-07-28,1.1511202790468793,1.1538622385786677,1.2137192366726828,1.34298624070656,1.2874467648897139,1.2660635366300685,1.283336095534244,1.4465270762537237,1.4274967126197944,1.60824381093214,1.3679974894546847,1.3473118607715926,1.3402292970114438,0.7814735728515779,0.7887102160506969,0.9339731530238377,2.007134300479314,1.5347345051505932,0.6792452712667112,1.595424384481047,0.66863757787713,0.8296051321080437,0.9661878412607655,0.8422599149780967,0.9752877050386525
2023-07-31,1.1448980343951998,1.149234401964247,1.2032232512923167,1.333249006006774,1.2758055504513877,1.2660635366300685,1.267703035281225,1.4133099383654446,1.4018279763828905,1.601426303787194,1.38471060900205,1.367741902669274,1.367213797348736,0.7886266079781737,0.7981709302015039,0.9351248108942467,2.021403128233256,1.5061948892347425,0.6865021931395366,1.5665262049711839,0.6702453996940998,0.8306462172595519,0.9664261629030425,0.8446092791042132,0.9776184549756205
2023-08-01,1.1506758039357392,1.1546334662205553,1.2108567349134711,1.3369940874843214,1.284900257904719,1.2561301676610996,1.2733877967855416,1.412914411844025,1.4075903804072216,1.5993810126337704,1.3946146536081496,1.378494590841317,1.38295476302727,0.7846924625345133,0.793125207967773,0.937811939373108,2.0546969084622377,1.5239654612371036,0.6806966833241308,1.5815773784096845,0.6592923397282254,0.8258050140302211,0.9656159660295319,0.8362219618219174,0.9728015364716316
2023-08-02,1.1364534820051997,1.1415214194007288,1.1898646913544437,1.3137745366072027,1.2616178290280664,1.2191054291403265,1.241410928614133,1.3646704339743614,1.3698729721270033,1.57006595296683,1.3865675435747404,1.3666666502593698,1.3694625557493048,0.7764663732242068,0.7871333902590599,0.9320537964585827,2.070154597299962,1.4641922736889095,0.6966618699200651,1.5135459642295759,0.6522385494997714,0.8241523390275203,0.966093768162619,0.8311139312566366,0.9686381526442723
2023-08-03,1.1364534820051997,1.1415214194007288,1.1898646913544437,1.3137745366072027,1.2616178290280664,1.2191054291403265,1.241410928614133,1.3646704339743614,1.3698729721270033,1.57006595296683,1.3865675435747404,1.3666666502593698,1.3694625557493048,0.7764663732242068,0.7871333902590599,0.9320537964585827,2.070154597299962,1.4641922736889095,0.6966618699200651,1.5135459642295759,0.6371905217661722,0.8180636411678271,0.9664521881110135,0.8236483296749117,0.965515639589478
2023-08-04,1.13112011975842,1.1353510098117592,1.1850937822907959,1.3115275791533276,1.257616135544725,1.2227175382575641,1.2392792277596427,1.3737657337769777,1.3761592401459866,1.5816556761032978,1.3772825165147125,1.352688204857614,1.361592030019357,0.7939914695944321,0.8054242085435264,0.9255278816304513,2.0618312089415474,1.462036114869351,0.6966618699200651,1.5135459642295759,0.6484765553797031,0.8267618188884343,0.9683633055119235,0.8322141150761713,0.9712403295756845
2023-08-07,1.1422313193631197,1.1430639923752777,1.1965440077225276,1.3257588430516802,1.2703486704697,1.2434875101645069,1.2620182737769088,1.4117281339781056,1.3997325204042825,1.605175939218571,1.371402026925317,1.3483871131814968,1.3582190210905465,0.7836194765678518,0.7902869816925802,0.9262955803252977,2.0879904618958967,1.4948856757909497,0.6879535359898202,1.550270864165546,0.6420945937469691,0.8247612088134897,0.9687216343288791,0.8301708908589546,0.973061803796223
2023-08-08,1.1288978798374802,1.1322658638626615,1.1860480223421614,1.3182686800965862,1.260526508541418,1.2308449904610446,1.2520699750282063,1.4073782473375072,1.4002563843989346,1.60278983122281,1.3785205516068562,1.3494623655914013,1.3604676937097533,0.7850501245234004,0.791863807484217,0.9243762237600425,2.070154597299962,1.4641922736889095,0.6966618699200651,1.5249849111618796,0.6495514401301945,0.8289363633185861,0.9691994364619663,0.8334714423175589,0.9751434460784525
2023-08-09,1.1306756446472799,1.1338084368372103,1.1841396150377255,1.3167706703637307,1.2601626425297199,1.2308449904610446,1.2470956901184498,1.3978875718626407,1.391874760318184,1.601426303787194,1.3782109838010579,1.348387113181497,1.346975486431788,0.7832618145789646,0.7887102160506968,0.9236084518464365,2.085612512933009,1.4636519911760648,0.6966618699200651,1.5189644417864794,0.6529103780954915,0.8294582327460371,0.9686021610127477,0.8342573392933879,0.9752735797407482
2023-08-10,1.1235645175907003,1.127638027248241,1.166010146036205,1.297296200964159,1.247430107604745,1.2136871276713395,1.2222249432466934,1.3615069760488523,1.3735399201727267,1.5830190735057803,1.3692355245468282,1.3333333333333368,1.31549355507472,0.7775393591908683,0.7865027200921587,0.9159309523666558,2.122473330003984,1.4286510167016455,0.7024673797354709,1.4762190724751092,0.6421617356038803,0.823108533810789,0.9681244500110993,0.8283634717077996,0.9750134116790572
2023-08-11,1.1226756351858005,1.1253241089410306,1.1726894624042887,1.2995432727088505,1.2459749211063984,1.206462909436864,1.224356644101184,1.3666477648831203,1.377730732213102,1.5905183443685342,1.3655214192703973,1.3322580809234326,1.3188666497848922,0.7703863240642724,0.7767265806332707,0.9143954085394439,2.0844234250539038,1.4275729372918662,0.7039187225857544,1.473810921470978,0.6406838459519434,0.8187594449504855,0.9671688457449249,0.8255344104702754,0.9735822391825055
2023-08-14,1.106675480628081,1.1114408344793165,1.1536058261496975,1.2793198555882594,1.2306958791964284,1.1938202519402714,1.216540181742377,1.3555752850209146,1.3735399201727267,1.589495763808389,1.3670689041028143,1.326881736837411,1.3020013477967547,0.7478540962837251,0.7578051523316568,0.9140115225826408,2.0760998099001657,1.3801845569813336,0.7155297422165661,1.430463560341111,0.6392730981569178,0.8174547713818581,0.966332714794882,0.8252200636710482,0.9734521055202099
2023-08-15,1.1084532454378806,1.112212062121204,1.1593309024664158,1.2890570902880452,1.2368802136530668,1.1974324988506395,1.2257778683611142,1.3781154695684072,1.3766831041406387,1.6102891020855639,1.3819250890774888,1.3505376180013056,1.3379806243922363,0.7446352066007897,0.7540208305814817,0.9113243941037796,2.082045249295693,1.3947233763702676,0.7126269873088631,1.4455147337796117,0.6353767178163752,0.8158890967376756,0.9666910436118377,0.8208978701260747,0.9703295924654154
2023-08-16,1.1026754758973412,1.1075843431975572,1.152651658896627,1.2883080282762092,1.2328785090677876,1.2037537587023706,1.235015620036846,1.389583325102863,1.379302284230322,1.6160838986372312,1.3624264496055627,1.3301074940671238,1.3166178913843232,0.7439198826230154,0.7521286997812711,0.9101727362333707,2.0380499049500855,1.387724107932223,0.7126269873088631,1.4280553174719077,0.630405452725341,0.8127577474493107,0.9662132414787505,0.8172043701795559,0.9673371138100163
2023-08-17,1.1075643630329808,1.109126916172106,1.1564683279089092,1.2913040477419202,1.2354771577208805,1.2182023329644518,1.2423147945384934,1.39709682051814,1.3840530465737033,1.6266510412135537,1.3540698898318801,1.316129048665368,1.2941308220668066,0.7403433991682421,0.7470829775475402,0.9051823652324512,2.004756351516427,1.4049568830376498,0.7082728895508766,1.4521371949735085,0.6277183433557642,0.8117139422325792,0.9672883190610563,0.8150040025404864,0.9633038636449527
2023-08-18,1.100897643270161,1.1037278519157978,1.1488349170860497,1.2875589662643732,1.2265675456576277,1.2055598132609895,1.2255267906388263,1.3777200938961567,1.3729680015602188,1.608925574649948,1.3407613077551477,1.2989247639973993,1.2682707438204797,0.7428469648734032,0.7499212038227331,0.9044145933188452,2.028537428712566,1.3801845569813336,0.715529742216566,1.4322696276616733,0.6299352034603325,0.8141494213764564,0.967646647878012,0.8180688088885506,0.9639543334306305
2023-08-21,1.0933420411024413,1.0998713606340387,1.1469265097816135,1.2860609565315178,1.2258250543830682,1.194723348116146,1.2218771337779155,1.3781154695684068,1.371384380551889,1.6130160269236622,1.3426183603933632,1.3032257736370163,1.273892511149859,0.7356938615297581,0.739514394196944,0.9040307073620423,2.0642093846997587,1.3785686806746198,0.7140783993662825,1.4286574011554765,0.6215378585470901,0.8091044623716652,0.9665715702957062,0.8131965833893314,0.9636941653689395
2023-08-22,1.1022310007862008,1.1052704248903469,1.1555141606558383,1.2920531097537564,1.2317648429638135,1.2055598132609895,1.231366102396109,1.388397047236943,1.3740237488991052,1.6177882429151842,1.350355902620974,1.3182795534851768,1.3064986930351685,0.7278255024253879,0.7309997153713655,0.9055662511892542,2.0332937802289877,1.3904156910153467,0.712626987308863,1.4425044990919114,0.6263075955607387,0.8094523974439091,0.966093768162619,0.8157112978276282,0.9642146007552218
2023-08-23,1.1097866029539205,1.1137546350957528,1.1641018115300634,1.3010412824417061,1.238818297648533,1.2227175382575644,1.2423147945384931,1.4010511806373187,1.3782466375730433,1.6273328049313618,1.3528318547397364,1.3247311499811023,1.3098717877453407,0.7314020540972104,0.7341533068048858,0.9090211515817215,2.0285374287125664,1.4157258139685973,0.7053701346431737,1.463576141905812,0.6418258725593464,0.8182375755230346,0.9678855033788363,0.8271846861995775,0.9720209330236581
2023-08-24,1.12889787983748,1.1322658638626615,1.180322873227148,1.3167706703637305,1.2562664885613544,1.2452935647231258,1.2649421101954432,1.4141006897099448,1.3845809202431465,1.6341501820431743,1.3658309870761953,1.3505376180013058,1.3593433574001497,0.7367668474964195,0.734783976971787,0.9166986510615022,2.002378175758217,1.4507291610763855,0.6966618699200648,1.4996989581582132,0.6375936291742695,0.815193226593188,0.9672883190610563,0.8243556249620534,0.9666866440243385
2023-08-25,1.107119955739221,1.1129834074538654,1.1621934770239224,1.2957981912313032,1.2328785090677874,1.220008525316201,1.2320958945481173,1.3895833251028626,1.3592435881995182,1.6201743509109454,1.3413803253012195,1.2978494295509948,1.2885090547374276,0.7324749718468226,0.7294228895797288,0.9124760519741887,2.0154579156330534,1.3931097597143811,0.7111756444585794,1.443708574593977,0.6396761543116893,0.8149322918794626,0.9666910436118377,0.8248271151831335,0.9707198941894021
2023-08-28,1.1142310827958006,1.1168398987356247,1.1641018115300634,1.2972962009641589,1.2377046315445588,1.2209114836989452,1.2350156200368458,1.3864198671773533,1.3613550828772911,1.6147203712016154,1.3509749201670458,1.3139784618090593,1.3008769257057895,0.7439198826230153,0.7410911598388275,0.9132438238877947,2.029726516591672,1.4044166005248049,0.7082728895508764,1.4521371949735082,0.6403479316540837,0.8171937703063031,0.9672883190610563,0.8274204313101174,0.9743628426304789
2023-08-29,1.1204533952648608,1.122238962991933,1.165055978783134,1.304786363919253,1.2432732452958897,1.2218145798748197,1.2401250004219468,1.3903742272965325,1.3645222242123427,1.6276736217736991,1.3627358993458363,1.3301074940671238,1.3109961240549441,0.7542918756495957,0.7486597431894239,0.9170825370183053,2.033293780228988,1.4270350274123902,0.7024673797354706,1.4756170806566125,0.6469986144744405,0.8230215998141004,0.9694383830942291,0.834021534227326,0.9804778343406724
2023-08-30,1.1253422824005004,1.127638027248241,1.1745977969104298,1.3130255888861833,1.2499553835354642,1.2371662503127754,1.2474241749235941,1.3978875718626402,1.3698008602251672,1.629377966051652,1.3828535563638342,1.3569892144972313,1.3480998227413912,0.7467811103170634,0.745821516914231,0.9224568671947874,2.070154597299963,1.4426519262111033,0.6981132127703481,1.4942804806013097,0.6463268371320463,0.822934599455582,0.9694383830942291,0.8328428086746256,0.9800875326166857
2023-08-31,1.1173422051216406,1.1199250446847224,1.1641018115300636,1.3085314453968002,1.241788262746771,1.2290389359024252,1.2459643121792299,1.3963059183244702,1.366633618208508,1.625287513777938,1.386877111380539,1.3623655585832528,1.3514728316702014,0.7424893028845158,0.7429832906390382,0.9262955803252978,2.0749109488163846,1.4254191511056764,0.701015967678051,1.4780252316607436,0.6492155258323348,0.8245872744582828,0.9703938962289649,0.8342573392933876,0.9794369635681075
2023-09-01,1.1191200377488209,1.1214676176592713,1.1688727205937113,1.3100294551296559,1.241788262746771,1.219105429140326,1.2415848631663111,1.3887924229091932,1.3613550828772911,1.622901405782177,1.3850200587423234,1.3634408930296573,1.3570945989995806,0.7489270822503865,0.748659743189424,0.9232245658896335,2.127229454725083,1.4329585890740244,0.7024673797354705,1.4858518602217785,0.6391319879101142,0.8195597303902451,0.969868325911919,0.8283398578659232,0.9812714682280944
2023-09-04,1.1266756399165405,1.1291806002227898,1.171735295151218,1.315272660630875,1.2488417174314903,1.2281358397265505,1.2496139690401407,1.3947241139371311,1.367161491877951,1.629377966051652,1.3874961289266108,1.3655913978494658,1.3548459263803738,0.7628755587317401,0.7606433786068499,0.9259117675872545,2.1747920627080064,1.4480352053598928,0.698113212770348,1.4978927989725788,0.6391319879101142,0.8195597303902451,0.969868325911919,0.8283398578659232,0.9812714682280944
2023-09-05,1.1240089248844605,1.127638027248241,1.1707810550998525,1.319017742108422,1.2473567348823713,1.230844990461044,1.2525335553086954,1.4010511806373191,1.3645222242123427,1.6406268723457826,1.3837820236501799,1.3623655585832528,1.3537215900707704,0.7607296550154662,0.7574897871733297,0.9228407531515902,2.183115451066421,1.449113284769672,0.6966618699200646,1.5009030336602789,0.6301699770732031,0.814589004921781,0.9686708280078852,0.8224248345333522,0.9748665005290882
2023-09-06,1.1200089201537209,1.1237815359664818,1.171735295151218,1.3160216083518943,1.2462430687783974,1.2389723048713939,1.2539934180530594,1.4077736230097573,1.3661057445390647,1.642672033466073,1.381615521271691,1.367741902669274,1.3672137973487355,0.7539342136607083,0.7518133346229441,0.918234194888714,2.2057074403834545,1.441035936921848,0.6995646248277676,1.4930764050992442,0.6317198189826162,0.8124960188583239,0.9675931073032248,0.8216361767898219,0.9725136410051854
2023-09-07,1.1097866029539212,1.113754635095753,1.1602850697194864,1.3062843736521086,1.2358484741660256,1.2245237306093126,1.2437746572828576,1.4018420828309885,1.358715714530075,1.6389225280678292,1.370783009379246,1.3548387096774226,1.3469754864317875,0.7478540962837248,0.7499212038227334,0.9124760519741886,2.2175980923791854,1.4157258139685973,0.7053701346431734,1.4659842929099434,0.6334718030085853,0.8152866004102212,0.9693893084776588,0.8252640505466448,0.9757814959146606
2023-09-08,1.1048977158182816,1.1091269161721065,1.1574225679602748,1.3062843736521086,1.2332498255129327,1.2163962784058322,1.2335557572924818,1.4006556541158994,1.3571320935217452,1.6409676891881197,1.3720210444713894,1.3537634572675183,1.348099822741391,0.7399857371793547,0.7420372553138097,0.9159309523666557,2.1961949641459344,1.4114182415962182,0.7053701346431734,1.4617699827201776,0.6358976112262378,0.8154610491818655,0.9689103824066322,0.8258950008097605,0.9753893692818463
2023-09-11,1.1004532359764017,1.105270424890347,1.1488349170860497,1.2898060380090646,1.2247113882790945,1.2037537587023697,1.218957547509361,1.3757429138365669,1.3434077808426523,1.6273328049313616,1.3760444814225694,1.3591398013535398,1.3525972537611666,0.7550071996273698,0.7521286997812715,0.9163148383234586,2.2211653560165012,1.3882619048291571,0.7126269873088628,1.440096256222708,0.6313155347495043,0.8140657251395607,0.9691498454421454,0.8243176251519709,0.9770886179330469
2023-09-12,1.1115644355811014,1.113754635095753,1.1574225679602748,1.2980452629759949,1.234363491616907,1.2109781147299756,1.2328258259202995,1.3761382895088172,1.350797810851642,1.6372180537567431,1.3813060715314176,1.367741902669274,1.3728355646781143,0.7485694202614992,0.7505518739896345,0.9136276366258378,2.2318669201331267,1.4141099376618835,0.7053701346431734,1.459361739850974,0.6349542470759831,0.8151994425571114,0.9686708280078852,0.8240810338459847,0.9755200116747725
2023-09-13,1.1128977252797612,1.1145259804284144,1.1574225679602748,1.2987942106970145,1.235477157720881,1.2127841692885946,1.230636171023927,1.378510996089826,1.350269937182199,1.639263344910167,1.3738779790440805,1.3548387096774226,1.3570945989995804,0.7449928685896767,0.7426679254807108,0.9086372656249183,2.268727737204102,1.4184175100342629,0.7053701346431734,1.4665863765935119,0.6348194513919522,0.8161586446703055,0.9695090856770322,0.8258950008097605,0.9781343554385632
2023-09-14,1.1284534047263406,1.1299519455554514,1.1574225679602748,1.313774536607203,1.2518116825297287,1.2281358397265505,1.2510736925643307,1.3963059183244702,1.366633618208508,1.6566478645983023,1.3766634989686413,1.3612903061733483,1.3649651247295282,0.7449928685896767,0.7417218901554823,0.9078694937113123,2.2675386493249965,1.4614982049898748,0.6937591150123618,1.5111378132254443,0.6302373749152186,0.8143273317643148,0.9692696226415188,0.8243965089775426,0.9793107353370057
2023-09-15,1.1320090021633205,1.1338084368372108,1.1803228732271482,1.321264699562297,1.2570089798359148,1.2398754010472686,1.2612925925547065,1.4069828716652566,1.3645222242123427,1.6627836080254401,1.3902815307856473,1.3741935812017,1.3672137973487353,0.7449928685896767,0.7417218901554823,0.9105566221901736,2.3174792062708076,1.4728074184336675,0.6894049480472393,1.5231787519762445,0.6263965204721839,0.8117983568371717,0.9687906052072586,0.8231346686220399,0.9756507537947164
2023-09-18,1.1200089201537209,1.1230103083245946,1.161239236972557,1.3107785171414916,1.2458718939489835,1.225426688992057,1.2452343808070476,1.3963059183244702,1.3539649521866937,1.6569888062724476,1.3732589614980086,1.3483871131814966,1.3458510643408221,0.7460658545563383,0.7404604295221728,0.9151631804530499,2.324613506750117,1.439419947632593,0.6981132127703481,1.4906682540951124,0.6299678349566471,0.8125832432441463,0.9686708280078851,0.8247119841091005,0.9763043646674184
2023-09-19,1.115119965200701,1.118382471710174,1.1650559787831343,1.3130255888861833,1.2421594375761862,1.2191054291403258,1.2393950690497646,1.3895833251028629,1.3518535581905284,1.6587231201794514,1.3710924591195195,1.3483871131814966,1.3402292970114429,0.7471387723059507,0.7407757946805003,0.9178503089319111,2.3412605102622694,1.4238031618164213,0.7024673797354705,1.4774231479771742,0.6253184120473886,0.8096182129206049,0.9679523475381115,0.8219516519213799,0.9732978942708136
2023-09-20,1.1088977205490214,1.111440834479317,1.1602850697194864,1.3010412824417057,1.234734666446322,1.2127841692885946,1.2299062396517448,1.386024340655934,1.3481585431860337,1.6483171044177578,1.3683069391949587,1.3451612739152836,1.3368562880826325,0.7460658545563383,0.7401450643638455,0.9166986510615022,2.3008324295539784,1.4108803317167424,0.7053701346431733,1.4605659072181114,0.6272724867804232,0.8090077752852746,0.9673535529044778,0.8222671270529378,0.9725136410051851
2023-09-21,1.091119801181502,1.0967860969941674,1.1402472662118246,1.279319855588259,1.2176577919786453,1.1938202519402707,1.2123883043798958,1.3721839293896383,1.3360176501520549,1.6261175688408995,1.3584028945888589,1.3258064844275064,1.30987178774534,0.7410586549289672,0.7357300724467695,0.9147792944962468,2.285374513920931,1.3667215573513511,0.7155297422165656,1.41541238690261,0.6111678469745856,0.8029906233177941,0.967832570338738,0.8139860703190469,0.9655858045534208
2023-09-22,1.0902309187766022,1.0937009510450697,1.1335680226420357,1.2785707935764228,1.2180291084237902,1.1920141973816518,1.2153078906484505,1.3796972739557463,1.3397126651565496,1.628892444628172,1.3407613077551483,1.3086021177230374,1.2873847184278235,0.7467811103170635,0.7410911598388278,0.9128599379309915,2.3198573820290185,1.3726451190129856,0.7155297422165656,1.4196266970923757,0.616086861251906,0.8061300358802677,0.9687906052072586,0.8189546682569442,0.9672850532046214
2023-09-25,1.098230996055462,1.1021851612504756,1.147880749832979,1.2898060380090641,1.2265675456576286,1.2055598132609888,1.2269865141630165,1.3872107693710232,1.3460470485082607,1.6413797164700723,1.3404518580148748,1.3139784618090589,1.290757813137996,0.7499999999999988,0.7429832906390385,0.9132438238877945,2.3222355577872293,1.3941854664907918,0.7082728895508763,1.4461167255981073,0.6009255855963233,0.8002000417658971,0.9684313649723718,0.8109891468253401,0.9659779311862349
2023-09-26,1.0853419638235822,1.0890731144306491,1.1364305244012471,1.2793198555882588,1.2117180033979,1.1920141973816518,1.2101985102633495,1.3745564851214782,1.3360176501520549,1.6313205105619117,1.3404518580148748,1.3139784618090589,1.293006485757203,0.7446352066007896,0.7388836638802897,0.9086372656249183,2.293698129074669,1.3618760750994965,0.7184324971242686,1.4148103032190409,0.5988367151792576,0.799938435141143,0.9685510508085116,0.8087019972495918,0.9617950808911875
2023-09-27,1.0857864389347223,1.0890731144306491,1.13261378259067,1.2763237218317312,1.2109755121233405,1.1829837867954272,1.2123883043798958,1.3789063717620766,1.3354897764826117,1.6295861966549077,1.329928795862703,1.3021505212271116,1.2795142784792377,0.7442775446119024,0.7410911598388278,0.8998081082747287,2.3472057228624736,1.3667215573513514,0.7155297422165657,1.4075857583415752,0.5957370827699218,0.7963629671822713,0.9678325703387379,0.8049163558416257,0.9604879588728009
2023-09-28,1.090230918776602,1.0929296057124085,1.1383389317056831,1.2808178653211144,1.217286617149231,1.1938202519402705,1.2196873396613692,1.3864198671773535,1.3418241598343228,1.6330549567885853,1.329000210510833,1.3053763604933246,1.2817629510984445,0.7417739789067413,0.7398296992055183,0.890211179010933,2.429250972158161,1.3764148944884302,0.7155297422165657,1.4268512419698414,0.5975564132284159,0.7985431110988382,0.9695090856770321,0.8063359638482719,0.9650629358006626
2023-09-29,1.090230918776602,1.0929296057124085,1.1383389317056831,1.2808178653211144,1.217286617149231,1.1938202519402705,1.2196873396613692,1.3864198671773535,1.3418241598343228,1.6330549567885853,1.329000210510833,1.3053763604933246,1.2817629510984445,0.7417739789067413,0.7398296992055183,0.890211179010933,2.429250972158161,1.3764148944884302,0.7155297422165657,1.4268512419698414,0.5976238110704314,0.7987174933377702,0.9696288628764056,0.8046008807100677,0.9636250716623321
2023-10-02,1.1044532407071415,1.1075843431975578,1.1545599934027677,1.298794210697014,1.2302798604146956,1.215493320023088,1.2445044494348658,1.4133099383654446,1.3581878408606318,1.6469296003642868,1.3373567702845155,1.3236558975711976,1.3031256841063577,0.7446352066007894,0.7439293861140207,0.8752399195706554,2.3376932466249536,1.4114182415962184,0.703918722585754,1.4623719745386736,0.5876510464667685,0.7922555840273846,0.9686588638097063,0.7972584108096569,0.9578082659889824
2023-10-03,1.0977865209443216,1.1021851612504756,1.151697418845261,1.29130404774192,1.2228550892848313,1.2118810731127199,1.2372054141533926,1.4077736230097573,1.346047048508261,1.6396454025630682,1.3324047479814656,1.3268817368374106,1.3109961240549437,0.7356938615297577,0.7341533068048863,0.8629558618279985,2.263971612483004,1.3887998147086333,0.7111756444585794,1.4406983399062763,0.5750097365959892,0.7856979007251216,0.967938522129997,0.7880735597443798,0.9480843521919231
2023-10-04,1.083564199013782,1.0883018867887615,1.151697418845261,1.2763237218317316,1.2083768634702476,1.2001415117920018,1.228446376907381,1.39946937624998,1.330211241151395,1.625423816814164,1.317548681072316,1.3053763604933246,1.2862603821182201,0.7288984201749998,0.7259539931376353,0.8637236337416044,2.294886990158452,1.3581064126065931,0.7184324971242687,1.4081877501600721,0.583121826131679,0.7906817373665133,0.9700996387690334,0.7949621980433376,0.9529462589635683
2023-10-05,1.0991198784603615,1.101413933608588,1.1478807498329786,1.292053109753756,1.2254537379379242,1.210075018554101,1.2430447259106756,1.4113326074566863,1.3412962861648798,1.6337485764956512,1.324667205753855,1.3215053927513891,1.3076231151261333,0.7296137441527741,0.7278461239378461,0.8667946481772686,2.179548187429106,1.3947233763702676,0.7097242324011599,1.4473208011001735,0.5802150030736957,0.7921681295717238,0.9710600638086764,0.7940120222889129,0.9538660872922933
2023-10-06,1.103119883191101,1.106812997864896,1.151697418845261,1.2972962009641587,1.232136017793229,1.2172993745817067,1.2474241749235944,1.4152871184250346,1.3513256845210857,1.6351360805491222,1.3187867161644597,1.3150537962554634,1.304250020415961,0.7346209437801453,0.732891846171577,0.8637236337416044,2.1248515057621966,1.4038788036278704,0.7082728895508764,1.4545454378427116,0.5731845461061297,0.7875340440447707,0.970219634649046,0.7916366735165985,0.9551802136937023
2023-10-09,1.103119883191101,1.106812997864896,1.151697418845261,1.2972962009641587,1.232136017793229,1.2172993745817067,1.2474241749235944,1.4152871184250346,1.3513256845210857,1.6351360805491222,1.3187867161644597,1.3150537962554634,1.304250020415961,0.7346209437801453,0.732891846171577,0.8637236337416044,2.1248515057621966,1.4038788036278704,0.7082728895508764,1.4545454378427116,0.5866370288279222,0.7975891717832148,0.9731011845677001,0.8014549146756604,0.9622760751954813
2023-10-10,1.103119883191101,1.106812997864896,1.151697418845261,1.2972962009641587,1.232136017793229,1.2172993745817067,1.2474241749235944,1.4152871184250346,1.3513256845210857,1.6351360805491222,1.3187867161644597,1.3150537962554634,1.304250020415961,0.7346209437801453,0.732891846171577,0.8637236337416044,2.1248515057621966,1.4038788036278704,0.7082728895508764,1.4545454378427116,0.585825855976909,0.7960153251223435,0.9725008387680034,0.8017716399271354,0.962013209813692
2023-10-11,1.1222311600746604,1.1237815359664818,1.1641018115300632,1.3122765268743473,1.247728051327517,1.2326510450196624,1.2561830729494319,1.4148915919036151,1.3555485731950239,1.6448483442840802,1.3472608148906156,1.3451612739152838,1.3368562880826325,0.731759647869048,0.732891846171577,0.8813819484419837,2.2175980923791863,1.4345745783632797,0.6995646248277676,1.4882600112259092,0.598061527847102,0.8003871139905188,0.9722607554080698,0.806680730302084,0.9618817771227973
2023-10-12,1.13156459486956,1.1330370915045491,1.1774603714679361,1.322013761574133,1.2547815060122363,1.2344570995782813,1.261292592554707,1.4228004629911424,1.3624107295345702,1.6507451703514973,1.3602599472270744,1.3612903061733483,1.35372159007077,0.7349785375519833,0.73888366388029,0.890211179010933,2.146254407200124,1.4571906326174962,0.6937591150123618,1.5099337377233786,0.5818374003508019,0.7926927895974837,0.9710600638086764,0.7982877225700765,0.9567570049693628
2023-10-13,1.12845340472634,1.1307232908881126,1.1765062042148655,1.3167706703637303,1.2514403660845839,1.2398754010472681,1.260562661182525,1.4125190361717754,1.3486863161738694,1.6434609725502787,1.3540698898318808,1.356989214497231,1.3480998227413907,0.7288984201749997,0.7313150805296937,0.8886756351837212,2.1664684475542697,1.4458814191737035,0.6966618699200647,1.4990968744746438,0.5922478817311354,0.7977640139863319,0.971660409608373,0.8027217552723952,0.9559686093315325
2023-10-16,1.1222311600746604,1.124552881299143,1.1679185533406404,1.3100294551296554,1.2447580862292789,1.2272327435506754,1.250343761192149,1.4046101650842482,1.3476306695165907,1.6379110886560642,1.3488084177885573,1.3451612739152838,1.3301101844436498,0.7246066127424521,0.7275307587795188,0.9094050375385244,2.2711059129623137,1.4248812412262009,0.6995646248277677,1.4689945275976428,0.5827161881310927,0.7930424740037181,0.9710600638086763,0.7971792143944968,0.955705844203512
2023-10-17,1.1248978751067404,1.124552881299143,1.173643629657359,1.3100294551296554,1.2429019288507455,1.231747948843788,1.2481541062957766,1.3947241139371314,1.3412962861648796,1.6354830227223247,1.3574744273025134,1.3537634572675183,1.343602391721615,0.7246066127424521,0.7265847234542903,0.9067179090596632,2.2366230448542264,1.423265364919487,0.6995646248277677,1.4744129132894739,0.5762941623768661,0.7852606951550224,0.9688989471696399,0.7908448301833289,0.9512380349970132
2023-10-18,1.109342195660161,1.112212062121204,1.1488349170860492,1.2943001814984474,1.2284237030361618,1.2145902238472133,1.227716445535199,1.380092800477166,1.3312668878086737,1.6226488087072222,1.3553079249240243,1.3483871131814968,1.3278614260430812,0.7224607090261783,0.7237464971790974,0.9174664229751082,2.288941777558248,1.3936476695938573,0.7082728895508765,1.441300331724773,0.5712241257577149,0.7815884085157242,0.9688989471696399,0.7845105063813258,0.9466388933533885
2023-10-19,1.1097866029539207,1.1145259804284142,1.158376735213345,1.2914389163914382,1.2287948778655762,1.2136871276713386,1.2299062396517455,1.3781155902477427,1.3212375901340756,1.6216082468269537,1.3416897750414936,1.3354838381531449,1.316617891384323,0.7081545023388883,0.7108168264364428,0.9209213233675754,2.288941777558248,1.3914937704251265,0.7082728895508765,1.4406983399062763,0.5595292185965042,0.7777412129651046,0.9702196346490459,0.7781761221701577,0.9432223451665092
2023-10-20,1.1146755579069407,1.116068553402963,1.1593309024664153,1.2906537992245277,1.2273100369321877,1.216396278405832,1.2306361710239277,1.3678769904872947,1.3059295557650452,1.6105084790385245,1.3286907607705594,1.3150537962554634,1.308747451435737,0.699928481245631,0.7051403738860572,0.9370441674595024,2.3472057228624736,1.386108118642968,0.70972423240116,1.431667635843176,0.5627064497965184,0.7822879107446012,0.9717804970882938,0.7812641178605818,0.9451934345148538
2023-10-23,1.100897643270161,1.1037278519157978,1.1459723425285426,1.278877760473238,1.2146879684961374,1.2001415117920016,1.2138480279040866,1.3547715952922121,1.2969559047477257,1.603571091090839,1.3181676986183877,1.3064516129032289,1.2930064857572028,0.6984979015071315,0.6959949647438239,0.9332053811102322,2.279429301320728,1.357028333196814,0.7155297422165658,1.4087898338436409,0.5694664986220535,0.7859601973838996,0.972380751288082,0.7873609732354349,0.9490041805206483
2023-10-24,1.101786525675061,1.1044990795576852,1.1412014334648948,1.2780927630983885,1.2161728094295259,1.2001415117920016,1.2167677533928152,1.3707437859219294,1.2980116520866123,1.616058362932739,1.314763161147755,1.3107527045793461,1.30987178774534,0.6938483638686476,0.6928413733103037,0.9328214951534293,2.252080960487273,1.3704913328267962,0.7126269873088629,1.414810303219041,0.5769701569444037,0.7873592018416536,0.9721406679281483,0.7917950059377535,0.9538660872922935
2023-10-25,1.104008765596001,1.106041652532234,1.1507432515921905,1.2867284529740977,1.2191427745277637,1.2109781147299752,1.2196873396613697,1.3768868520410176,1.3006509197522205,1.617792676839743,1.3187867161644595,1.3150537962554634,1.312120460364547,0.7031473709285665,0.7026175127691918,0.9316699105017799,2.1938170151830474,1.3780307707951442,0.7126269873088629,1.428055317471907,0.5641260538608711,0.7804517674249521,0.971060063808676,0.7845896423873209,0.948741315138859
2023-10-26,1.082230841497742,1.0883018867887608,1.1287971135783876,1.2616062609297585,1.1983534436872896,1.1811777322368078,1.194140437735865,1.3555905457918498,1.2869265063915198,1.6014898350106324,1.2995976444983317,1.2774193876533126,1.2581515454713244,0.7024320469507921,0.6991485561773442,0.9393474099815606,2.2401903084915427,1.3220272457398534,0.725689418997094,1.366044464532271,0.5727789596806228,0.7863974029539987,0.9729810970877787,0.790290576095539,0.9520264306348436
2023-10-27,1.087119796450762,1.0898444597633097,1.13261378259067,1.264746609805339,1.2024370748895017,1.18569293752992,1.1934105063636828,1.3568192839985747,1.2964280310782825,1.6042648431175746,1.3008355615249507,1.2784946400632167,1.2648976491103068,0.714234619715872,0.7114474966033439,0.9378119393731084,2.222354443895608,1.3365660651287874,0.7213352520319716,1.3835038808399749,0.5703453379774238,0.7876214985004315,0.9735813512875671,0.7887070102473295,0.9508438371780981
2023-10-30,1.084453081418682,1.0883018867887608,1.1307054480845289,1.264746609805339,1.2002097426815537,1.18569293752992,1.1970600240044196,1.3609146614113004,1.2922051424043446,1.6077334709315827,1.2915505344649227,1.2806451448830252,1.2727680890588928,0.71709584740992,0.7171239491537296,0.9447217401580428,2.2140310555371934,1.3354879857190083,0.7213352520319716,1.382901797156406,0.5677764864156696,0.7849983984962446,0.9732211804477124,0.7863316010658503,0.9511066023061187
2023-10-31,1.0768974792509622,1.0813601318671298,1.1259345390208813,1.2608212635549092,1.1927849715516894,1.173953376209202,1.1839215377454892,1.3387992484338607,1.2932608897432312,1.5962868932896204,1.2961931070276993,1.279569892473121,1.2705194164396858,0.7149499436936462,0.7120782269199987,0.9408829538087726,2.1736029748289023,1.3117937390724714,0.7285921739047969,1.355809684967105,0.5650048932162415,0.7833370973797127,0.9728610096078578,0.7852230928902707,0.9536033221642729
2023-11-01,1.082230841497742,1.0844453955070015,1.1278428735270223,1.2623913780966691,1.1964972863087564,1.1766625269436954,1.188301125978582,1.3469901594879456,1.3001230460827777,1.6056523471710453,1.3073351867259426,1.2924730854649724,1.281762951098444,0.7246066127424523,0.7174393143120569,0.9328214951534293,2.1343639819997167,1.3236408623957399,0.7256894189970939,1.3690546992199712,0.5772135187021229,0.792334294905309,0.9750221775428428,0.7964190984378965,0.9626440001107301
2023-11-02,1.106675480628081,1.1106694891466546,1.1402472662118246,1.286728452974098,1.2243400718339499,1.2028506625264948,1.2196873396613697,1.3727914746282919,1.3133195857740352,1.6278518827479036,1.321881685829294,1.3161290486653674,1.3132448824555119,0.7210300610706298,0.7146010880368641,0.9366602815026994,2.1343639819997167,1.3769526913853654,0.7097242324011598,1.4232389235985727,0.5903721045490468,0.7972441682842147,0.9751425142360346,0.8058757005131305,0.9734765478884533
2023-11-03,1.1151199652007004,1.1168398987356243,1.1564683279089092,1.2953642626418682,1.2321360177932286,1.2109781147299752,1.2255267906388267,1.3797536474756522,1.323348984130241,1.637911088656064,1.3395232726630049,1.329032241657219,1.3177422276939257,0.7235336267757909,0.7171239491537296,0.9355086968510501,2.1736029748289023,1.3958014557800473,0.7053701346431734,1.4455147337796113,0.5943739126374309,0.8033815100078469,0.9777913912473948,0.8098490545778747,0.9829880729201272
2023-11-06,1.1248978751067404,1.1268667996063528,1.1736436296573594,1.311065647643588,1.2443869113998642,1.224523730609312,1.2393950690497653,1.4022786919315446,1.3323226351475603,1.6608043762596578,1.3463323476042701,1.3354838381531446,1.328985762352684,0.7271101784476134,0.7246925325043259,0.9339731530238382,2.1260403668459786,1.4243410716958977,0.6995646248277676,1.4810354663484433,0.5886085704642688,0.7987346560039529,0.9759853303887337,0.8055578249125224,0.9790249038944047
2023-11-07,1.1244533999956003,1.1260954542736914,1.1707810550998528,1.3063551842262477,1.2429019288507452,1.2290389359024243,1.2401250004219473,1.4018690604530917,1.3259883524774572,1.662538690166662,1.3466417973445437,1.3451612739152834,1.3334831933724596,0.7238912887646781,0.7237464971790973,0.9282150101093127,2.1141499416455707,1.424881241226201,0.6995646248277676,1.4750149969730433,0.5972905048071591,0.8032938814775149,0.9767078098482408,0.811994639096265,0.9791570364052822
2023-11-08,1.1306756446472799,1.1314945185299996,1.1755519641635006,1.317346225602688,1.2484705426020761,1.2371662503127743,1.250343761192149,1.4145649803983553,1.3286276201430656,1.6715572018748845,1.3531414225455354,1.3591398013535396,1.3604676937097517,0.7246066127424524,0.7250078976626533,0.9262955803252979,2.0261594797496794,1.43780407132588,0.6952104578626451,1.4876580194074127,0.6074646563180603,0.8065378762920028,0.9764669527417147,0.8161269006470275,0.9796854656612167
2023-11-09,1.1311201197584202,1.1330370915045485,1.1765062042148662,1.3142058767271074,1.2499553835354646,1.2362631541368998,1.2539934180530599,1.4149744556481743,1.3296833674819521,1.6729447059283555,1.3549983571182262,1.3623655585832524,1.3672137973487344,0.7235336267757909,0.7246925325043259,0.9178503089319112,1.9869202601251708,1.4394199476325937,0.6937591150123616,1.4870559357238438,0.5934921714692472,0.7985593320512812,0.9750221775428427,0.8078623775455026,0.9736085796117556
2023-11-10,1.1266756399165403,1.1284093725809017,1.1736436296573594,1.3079254185600682,1.2447580862292786,1.2335541411955366,1.2459643121792305,1.4100599715071769,1.3275718728041792,1.6677417642073435,1.35128436990732,1.3559139620873266,1.3604676937097517,0.7192418193432433,0.719646810270595,0.9220729812379843,2.0059454393955343,1.4259569480026115,0.6981132127703481,1.4780252316607434,0.59681571313992,0.7994360855986561,0.9752629427892976,0.8119151550389702,0.9783643421275927
2023-11-13,1.1440090841729196,1.1453779106824875,1.1850937822907959,1.322056569227967,1.2588651372144477,1.2552270714852236,1.2612925925547072,1.4145649803983553,1.3286276201430658,1.670169830141083,1.367068904102815,1.3795699252877216,1.3930739613764231,0.7160229296603079,0.7164932188370747,0.9105566221901737,2.0154579156330543,1.4582687120272757,0.6908563601046588,1.5087296622213133,0.5954591803044974,0.7989976753789647,0.9756241365890156,0.811994639096265,0.9774396161266008
2023-11-14,1.1466757992049996,1.1492344019642469,1.1955898404694572,1.3291222643539775,1.263691259691219,1.2552270714852236,1.264942110195444,1.4202985712676248,1.330739014139231,1.673291648101558,1.3710924591195195,1.3860214397471469,1.3998200650154058,0.7153076056825335,0.7177546794703843,0.914395408539444,2.0653984725788654,1.471729339023889,0.6865021931395363,1.522576668292676,0.6089568734860716,0.811009406343225,0.9794770235527928,0.8247093599777321,0.9873474379033319
2023-11-15,1.1604537138417792,1.1615752211421861,1.207039993102894,1.3432535348139372,1.2800256428843362,1.2624514275128293,1.2744309395934637,1.4264417936153473,1.3486863161738698,1.6809226557563095,1.3927576009699345,1.3999999671854029,1.4256802290430943,0.7181688333765817,0.7221696713874605,0.9251439956736485,2.0594530331833383,1.505656979355267,0.6806966833241305,1.5580974008615083,0.6004105717273596,0.8046966737749133,0.9776709626941317,0.8204181303123798,0.9841769631552989
2023-11-16,1.1608981889529195,1.1640587309131747,1.2079941603559645,1.3440385321887864,1.2770557910786826,1.2660635090714412,1.2729712160692732,1.4239844734305316,1.3550206995255807,1.6795351517028385,1.384401041196252,1.3946236230993814,1.4155610306939395,0.7138769577269848,0.7127089572366535,0.9216890952811813,2.002378175758218,1.5072705960111532,0.679245271266711,1.5586994845450772,0.6078716575674158,0.8107463869682134,0.9793565949995297,0.8271728200967305,0.9854979859013481
2023-11-17,1.164453718572519,1.1663993554362464,1.2099025676604005,1.3503191101478864,1.2804663315373856,1.274417385906558,1.2795404591987385,1.4260321621368943,1.3592435881995186,1.679882093876041,1.3865675435747409,1.3946236230993814,1.414436694384336,0.706723922600389,0.7067171395279405,0.9320537964585828,1.9239001900998467,1.515347943858977,0.679245271266711,1.5671281049246084,0.6107204075708497,0.8112724257182369,0.9786342074000937,0.8295568567870057,0.9877437346483892
2023-11-20,1.164009243461379,1.1648389787705682,1.2079941603559645,1.3479638784392163,1.2797084175957512,1.2697763904310293,1.2831899768394752,1.429308589049982,1.3592435881995186,1.686125729796991,1.3741875468498785,1.3838709349273384,1.400944401325009,0.7131617019662597,0.7133396875533082,0.9301343666745678,2.0071343004793163,1.5126562477933116,0.6777939284164275,1.5641178702369083,0.614450898742467,0.8124122655326312,0.9787546359533568,0.8328944596505338,0.9888005931602586
2023-11-21,1.1782316332092986,1.1788826068598899,1.2223069603452028,1.3668056123165162,1.2960032059476325,1.2836993768576153,1.298518257214952,1.445690254929518,1.3734958752296624,1.7017348195993662,1.375116014136224,1.3946236230993814,1.422307134332922,0.7195994813321305,0.7171239491537296,0.9328214951534292,2.027348340833462,1.5498133810872894,0.6705370065436022,1.602649021223585,0.614179633574111,0.813464343032678,0.9793565949995297,0.8331328511938471,0.9901216159063078
2023-11-22,1.1675649087157391,1.1703003566249963,1.2146734767240484,1.3534593392314058,1.287287412454792,1.2688481346831466,1.2897592199689405,1.4354516551690701,1.371912254221333,1.7010410675726308,1.375735031682296,1.3860214397471466,1.4110635996741638,0.7142346197158721,0.710186096119788,0.9362763955458963,2.033293780228989,1.527735236712549,0.6748911735087246,1.5821792783631088,0.6163501171598336,0.8132013236576663,0.9794770235527926,0.8364705146859466,0.9918390361849893
2023-11-23,1.167120433604599,1.168739979959318,1.2146734767240484,1.3526743418565563,1.2853925553220542,1.2762737557703807,1.286839494480212,1.4321753844846166,1.371912254221333,1.6989598114924243,1.3859485260286695,1.3978494623655944,1.4245558069521291,0.7106581362610987,0.7079786001612499,0.934357038980641,2.000000000000007,1.5266571573027696,0.6748911735087246,1.579169043675409,0.6163501171598336,0.8132013236576663,0.9794770235527926,0.8364705146859466,0.9918390361849893
2023-11-24,1.1662314833823186,1.1679597321019248,1.2146734767240484,1.3534593392314058,1.2861504692636885,1.2707045045469696,1.287569425852394,1.4309466462778917,1.3724401278907763,1.7006941253994283,1.3887340459532302,1.4010753016318076,1.4256802290430943,0.7113733920218238,0.7073478698445951,0.9335892670670352,2.000000000000007,1.528810943488959,0.6748911735087246,1.5827813620466777,0.6090925578186603,0.8089928129814558,0.9787546359533567,0.8321792850205942,0.9907821776731199
2023-11-27,1.1586759490319793,1.157817105201353,1.2079941603559643,1.3448236493556966,1.2785716189619512,1.266063509071441,1.2744309395934637,1.4231653667022597,1.371912254221333,1.6972254975854202,1.385020058742324,1.3903226134597646,1.4133122722933706,0.7010014672122926,0.6985178258606892,0.9424184244172249,1.961950095049927,1.5013470343495188,0.6792452712667111,1.5562913335409458,0.6192667093295617,0.8151302215970957,0.9799586459057736,0.8389339748049451,0.9922353329300464
2023-11-28,1.166675958493459,1.1679597321019246,1.212765069419612,1.362095148899176,1.2872874124547915,1.2762737557703807,1.2853797709560217,1.429308589049982,1.380358031569209,1.7090190174005848,1.3803774861795477,1.38924727901336,1.4110635996741638,0.6984979015071316,0.6982024607023618,0.9424184244172249,1.9631391829290323,1.5385041676434965,0.6719884186010218,1.5918120661097779,0.6204876095808064,0.8187249312089351,0.9817647067644348,0.8422715776684732,0.9965947987008261
2023-11-29,1.1657870082711785,1.1671796032936397,1.2194443857876958,1.366020495149606,1.2869083832053225,1.283699376857615,1.2890292885967585,1.437089868625614,1.3750793955563845,1.7135283394145309,1.3732589614980089,1.3838709349273386,1.4099392633645604,0.6927754461190353,0.6912646076684202,0.9562380259870937,1.9976218242417965,1.536350381457307,0.6719884186010218,1.5918120661097779,0.6282877510071023,0.8230211373074855,0.9836911043162879,0.8491057515101189,1.0020110221959002
2023-11-30,1.1675649087157391,1.1695201087676028,1.2184901457363302,1.3613100317322657,1.2903189236640256,1.2772020115182634,1.291219082713305,1.436680393375795,1.3793022842303226,1.7197719753354808,1.3729495117577353,1.38172043010753,1.4099392633645604,0.6945636878464219,0.6928413733103035,0.9531670115514295,2.0380499049500878,1.54550580871491,0.6719884186010218,1.5948223007974778,0.6210301916659291,0.8189880174759547,0.9830891452701149,0.8446556143587483,1.0001615701939164
2023-12-01,1.1715649134464787,1.1710806044823896,1.2194443857876958,1.3628802660660864,1.29107683760566,1.2864840024693207,1.291219082713305,1.4387280820821575,1.3729680015602195,1.7222000412692202,1.3809965037256196,1.38172043010753,1.4009444013250092,0.689914218424987,0.6884263813932274,0.9523992396378236,1.9904875237624875,1.54873530167751,0.6690856636933188,1.6020469375400157,0.6326897713673586,0.8266947746724069,0.9859426666781971,0.85478764539756,1.0084048617861447
2023-12-04,1.1671204336045988,1.1687399799593179,1.2194443857876958,1.3644503806078463,1.2895610097223913,1.278130125634204,1.2868394944802122,1.4411852460383392,1.3782466375730438,1.7332998090576492,1.3847106090020505,1.3806450956611256,1.389700866666251,0.6888412324583255,0.6874802859182453,0.9750479985578819,1.9286563148209457,1.5476595949010996,0.6690856636933188,1.6026490212235847,0.6301723809869078,0.8232663351316907,0.9844934282061448,0.8508794236248852,1.005883586650827
2023-12-05,1.1586759490319793,1.160937977581818,1.2089483276090345,1.3542444563983165,1.2812242454790197,1.267920020567206,1.2773506650821924,1.43545165516907,1.3771908902341574,1.7298310489239717,1.382234538817763,1.3720429943453913,1.3795816683170963,0.6838341010480035,0.6827499288428418,0.9485604532885533,1.916765889620538,1.5266571573027694,0.6734397614513052,1.580975294726115,0.6437120231244889,0.8290682839432394,0.9857011730018509,0.8576590093923507,1.0068124988046454
2023-12-06,1.162675953762719,1.1640587309131747,1.214673476724048,1.359739917190506,1.2869083832053227,1.2809147512459094,1.2810001827229291,1.4460998864079708,1.3829973999164253,1.7395434449785994,1.3909005483317194,1.3881721086399563,1.4031931597255782,0.6773963216821328,0.6761274409672277,0.9451056261148458,1.896551735868731,1.5401201569327516,0.6705370065436023,1.5966285518481844,0.6522848856022571,0.8324967234839556,0.985459587187513,0.860849420592344,1.0069451282238828
2023-12-07,1.155564758888759,1.1578171052013528,1.2079941603559639,1.3550295735652267,1.2793293883462822,1.2753455000224982,1.2766207337100104,1.4436425662231551,1.374023748899106,1.732952866884447,1.3831630061041087,1.378494590841317,1.3829547630272687,0.6748927559769718,0.6748659803339181,0.9462572107664952,1.8299644022060906,1.5218116750509143,0.6748911735087247,1.5966285518481844,0.6485427486728876,0.8312660050369869,0.9861842524925349,0.8609291976066527,1.0086703231122822
2023-12-08,1.1648981936836589,1.164838978770568,1.2156276439771185,1.3620951488991762,1.2872874124547917,1.2846274909735556,1.2831899768394757,1.4506047390705152,1.3782466375730442,1.7360746848449218,1.3853295084825978,1.386021439747147,1.3986957287058026,0.6741774319991974,0.6739199450086896,0.9462572107664952,1.8418549408041598,1.5406580668122274,0.6719884186010218,1.5966285518481844,0.6432357558706818,0.8259035602027126,0.9840104408534526,0.856303104409264,1.0066797681415767
2023-12-11,1.1662314833823184,1.1671796032936395,1.2175359784832596,1.3628802660660864,1.2865294985131575,1.283699376857615,1.2861097023282042,1.452652584005512,1.3761351428952713,1.7395434449785994,1.3964715881808412,1.3946236230993816,1.4144366943843365,0.6663090046777781,0.6679281272999765,0.9332053811102323,1.8763376955145854,1.5460437185943856,0.6705370065436023,1.5984346191687469,0.6418749552103487,0.8259914878258175,0.9842519345297988,0.8560638342183702,1.0060162160700643
2023-12-12,1.1688981984143985,1.1695201087676026,1.2213527202938368,1.3652353779826956,1.2884242110885917,1.2874121165852612,1.2882993572245767,1.4571575928966904,1.3793022842303229,1.7482151468332892,1.4035901128623802,1.4118279898038508,1.4189340396227503,0.6745350939880846,0.676442806125555,0.9270633522389039,1.8799049591519015,1.5535831565627334,0.6690856636933188,1.6086694905989851,0.6437800761348151,0.8277497049422908,0.9843727274369678,0.8609291976066525,1.0082722323669073
2023-12-13,1.1693426735255388,1.1710806044823894,1.2242152948513434,1.3668056123165162,1.2906979529134948,1.2929813678086723,1.2977883258427705,1.4768156856893144,1.3745516225685492,1.763824104315995,1.4119466726360628,1.4258065172421068,1.43917243632106,0.6659514109059401,0.668243492458304,0.9216890952811815,1.7966706219771087,1.5541210664422092,0.6676342516358993,1.6086694905989851,0.6588845741452326,0.8400568894119774,0.9893241309749939,0.8753657337428826,1.0236656482364452
2023-12-14,1.1835649276386977,1.1827836080486394,1.2318487784724979,1.3809367629844151,1.3058557980742727,1.3078324683511988,1.3145763297424375,1.4968832537317573,1.389859556255972,1.7811675080253744,1.42432678742645,1.4462365591397883,1.4549133162182322,0.6620171972452304,0.664459170708129,0.9470249826801012,1.8228299883291197,1.5907404028392527,0.66037739897021,1.6459962904883796,0.6759690665489726,0.847019288616325,0.9910149294627464,0.8846417921465121,1.0281642445587682
2023-12-15,1.1884538825917175,1.1866846092373895,1.242344691054569,1.3872173409435153,1.3088874538408102,1.3078324683511988,1.3160361924868016,1.489101974156125,1.3888038089170853,1.7742302523973583,1.4224697347882347,1.4333333661479368,1.4470428762696461,0.6602288873007947,0.6628824050662456,0.947792754593707,1.8763376955145854,1.597739558294756,0.6574746440625071,1.6544249108679108,0.6767198441056347,0.8463139373699088,0.9899245227150348,0.8833611263718442,1.0258972401176631
2023-12-18,1.1902316474015173,1.1874647380456744,1.242344691054569,1.3840771118599957,1.310403281724079,1.3041197286235526,1.3160361924868016,1.489921080884397,1.3888038089170853,1.775617618838373,1.4261838400646656,1.4451612246933836,1.4594108330193696,0.6595136315400695,0.6600441787910528,0.942802310374028,1.8751487210331415,1.5923539065125976,0.6589259869127905,1.6478025415390862,0.6713279198678984,0.8444624407975642,0.9898033458695444,0.8796791283006004,1.026564054008113
2023-12-19,1.1857871675596374,1.1851241135226027,1.2356654474847801,1.376226419359136,1.305476913382107,1.299478733148024,1.3123865356258908,1.4784537429172242,1.3793022842303226,1.7604534452313285,1.432064329654061,1.4526882376722141,1.478524807626714,0.6580829835845209,0.6587827181577433,0.942418424417225,1.8941736735081816,1.5756614139200154,0.663280153877913,1.6261288150416167,0.6749452742378663,0.8460494474690019,0.9901668764060154,0.8807997337540913,1.0294977705981527
2023-12-20,1.1888983577028576,1.1874647380456744,1.2432989311059346,1.3832919946930855,1.3119189650500442,1.3059760984873756,1.3174959160109918,1.4977023604600292,1.3819416525775388,1.775617618838373,1.4422778240004344,1.460215086578044,1.4920170149046792,0.6577253215956337,0.6559444918825504,0.9500959971157654,1.921522014341636,1.5955857721085664,0.657474644062507,1.6435881394842484,0.6795181542122695,0.8501933019592004,0.9914994519830059,0.88312100535587,1.0296311537245457
2023-12-21,1.1786761083204382,1.1781023590024962,1.2356654474847801,1.376226419359136,1.3028242868650382,1.2957659934203778,1.3101968807295186,1.4878733921780343,1.3692729865557245,1.7650379972473897,1.421850717242163,1.441935549500171,1.4729030402973349,0.6566524038460213,0.6556291868739766,0.9477927545937072,1.9191438385834252,1.5691999423789054,0.6632801538779128,1.6195062619826477,0.6752182889923107,0.8488707851886694,0.9924686818852271,0.8828008236450987,1.034298545733149
2023-12-22,1.1817871628288976,1.1804429835255679,1.2356654474847801,1.3793666484426554,1.305476913382107,1.305047984371435,1.3167661238589838,1.4895114494059443,1.3682172392168381,1.7593955234303862,1.4243267874264505,1.4451612246933836,1.4774003855357487,0.658440645573408,0.6600441787910527,0.9527831255946266,1.9334126663373667,1.5745833345102362,0.6632801538779128,1.629741133412886,0.6721469641312317,0.8480773154859491,0.9928321199908474,0.8812799757860394,1.0330984028201575
2023-12-25,1.1866761177819176,1.185904361379996,1.2413905965997936,1.3840771118599957,1.3104032817240787,1.3124734638267275,1.324065159140457,1.500978787373117,1.372440127890776,1.7551637016994306,1.4302072770158458,1.449462398406001,1.4796492297176793,0.6573676596067465,0.6549984565573219,0.9523992396378237,1.9024970618665957,1.5848168411776187,0.6618287418204933,1.6381697537924171,0.6721469641312317,0.8480773154859491,0.9928321199908474,0.8812799757860394,1.0330984028201575
2023-12-26,1.1933428375447372,1.1921459870918176,1.2471156001182169,1.3927128017357049,1.3194979599090848,1.31340171957461,1.3328241963864689,1.5153127645462905,1.380358031569209,1.768564627462509,1.424636237166724,1.4440860543199796,1.4796492297176793,0.6520028662075373,0.6496373691652636,0.9581573825523492,1.915576801741432,1.6058169061425798,0.657474644062507,1.66104746392688,0.6740580153401021,0.8486062952877627,0.9923475974705877,0.88312100535587,1.035098742749992
2023-12-27,1.206676277070377,1.2030687428006743,1.2585657527516536,1.4029187259452347,1.330866379918994,1.329181075865019,1.349612200286136,1.5325135371540988,1.388275935247642,1.773854370994407,1.423398320140105,1.4440860543199796,1.4807734802459211,0.6523605281964244,0.6508987696488194,0.9589251544659552,1.9536267066915123,1.6305892321988957,0.6516690650399651,1.6857314251120497,0.6860021374677832,0.8552188118744205,0.9935590886329388,0.8913654859358745,1.0393660871209314
2023-12-28,1.206676277070377,1.2046291194663528,1.2595199928030192,1.4021337285703852,1.3323822078022627,1.3366066969522534,1.3474224061695896,1.528827791219826,1.3940824449299098,1.773854370994407,1.4150417603664225,1.4365592054141496,1.4717786182063697,0.6641631009615043,0.6622516747495908,0.9666027271644956,1.9131986259832212,1.6278951634998615,0.6516690650399651,1.6839253577914874,0.6810197093255935,0.8519566128092436,0.9934379117874484,0.8890442143340958,1.0360322211517126
2023-12-29,1.204009562038297,1.2038489906580678,1.2633366618153015,1.403703843112145,1.3323822078022627,1.3301093316129016,1.3518019944026824,1.5316945866544607,1.394610318599353,1.7773810012095264,1.415970227652768,1.4365592054141496,1.4695299455871627,0.6709585423162622,0.6688741626252049,0.9600768123363641,1.871581457395825,1.6284353330301649,0.6502177221896817,1.6869355924791876,0.6748770075311953,0.8498406263359923,0.9939225267385591,0.8857624586684202,1.032031541292044
2024-01-02,1.199120607085277,1.199947989469318,1.2576116582968782,1.3950680334443748,1.3244243282510564,1.3226837105256672,1.3350139905030154,1.5222749373936506,1.39249882392158,1.7791442490534923,1.4172082627449114,1.4322580317015319,1.4560377383091974,0.6627325212230049,0.6631977702245729,0.9589251544659552,1.8870392596312102,1.6149723334001826,0.6560232320050875,1.6700781679899803,0.6709866384067831,0.8466666129931169,0.992711035576208,0.8797591889953975,1.0285642921964322
2024-01-03,1.1782316332092981,1.1796627356681746,1.2356654474847804,1.3777965339008955,1.305855798074272,1.301335103011847,1.3123865356258912,1.5022073693512077,1.3782466375730438,1.7629221536455058,1.414732192560624,1.4172043338898719,1.4279289016623018,0.6602288873007947,0.6590980833160706,0.956621911943897,1.8263971385687738,1.571353841547636,0.663280153877913,1.625526731358048,0.6737850005856578,0.8486944810100641,0.9929532968363377,0.87775809910439,1.0257638569912702
2024-01-04,1.177787158098158,1.1788826068598897,1.2356654474847804,1.3754413021922254,1.3039610854988377,1.2929813678086721,1.311656604253709,1.4985214671883011,1.3777187639036006,1.7625694233604001,1.407613667879085,1.4053763112714244,1.4189340396227506,0.6541488381408603,0.6515294999654743,0.9474088686369044,1.8977408237478357,1.5691999423789051,0.663280153877913,1.62131232930321,0.6635471816190741,0.8435807853725427,0.9923475974705875,0.8728754348848582,1.0217632788731166
2024-01-05,1.174675967954938,1.1757617344794244,1.2337571129786393,1.3777965339008955,1.2990347171568657,1.2911249979448491,1.3072771552407902,1.4968832537317573,1.3771908902341574,1.7593955234303864,1.3989476583651288,1.3967741279191896,1.412187935983768,0.6577253215956337,0.6540523610823398,0.9474088686369044,1.8858501717521048,1.5632764936998123,0.6661829087856158,1.62131232930321,0.6571997317769026,0.8404949577519684,0.9921052437796068,0.8697537395403598,1.0225633741484441
2024-01-08,1.1800093980190982,1.1843439847143178,1.2413905965997938,1.3817218801513256,1.3054769133821065,1.30319147287567,1.3101968807295188,1.4977023604600292,1.3856366675820337,1.7604534452313287,1.3970906057269135,1.3978494623655942,1.4189340396227506,0.6452074930698287,0.6426994559815685,0.9435700822876343,1.8858501717521048,1.5761992108169498,0.6618287418204934,1.6357616027882858,0.6636836629601763,0.8433162954716359,0.9929532968363378,0.8763973115665078,1.028297627685161
2024-01-09,1.1822316379400382,1.1835637368569243,1.2442530255607105,1.3777965339008957,1.3039610854988377,1.3050479843714349,1.310926672881527,1.4944260897755757,1.3819416525775388,1.7572796798285022,1.4150417603664225,1.4279570220619147,1.4549133162182322,0.6444921690920544,0.640176594864703,0.941266839765576,1.83947687844361,1.574583334510236,0.663280153877913,1.6255267313580477,0.6594520644468886,0.8429636198484278,0.9931956505273186,0.877918159425567,1.0298979199773315
2024-01-10,1.1760093932883586,1.1788826068598894,1.236619687536146,1.3699458414000358,1.2986558324647002,1.3004069888959062,1.3065472238686082,1.4841874900151277,1.3771908902341574,1.7495212278824273,1.4168986949391134,1.4354838709677444,1.462783927729542,0.6462804108194411,0.6426994559815684,0.9393474099815611,1.8787158712727956,1.555736942748923,0.6661829087856158,1.6080674069154162,0.6563806875135695,0.8416411030778969,0.9931956505273186,0.8767975539720761,1.0317648767807728
2024-01-11,1.1808983482413786,1.1843439847143178,1.2432989311059348,1.3746563048173759,1.3066137120159063,1.3022633587597292,1.3138463983702557,1.490330556134216,1.3798301578997658,1.753753049613383,1.4295882594697737,1.447311893586192,1.483022152865128,0.6502146244801508,0.6430148211398958,0.94049906785197,1.8620689811583047,1.5756614139200154,0.6618287418204934,1.6291390497293168,0.6600663085902085,0.8461376331913034,0.9954974560065304,0.8820803995287592,1.0350987427499916
2024-01-12,1.179120447796818,1.1812231123338526,1.2404363565484282,1.3746563048173759,1.3028242868650377,1.3041197286235522,1.3145763297424378,1.4878733921780343,1.3740237488991058,1.7488159018394036,1.4240172196206522,1.447311893586192,1.480773480245921,0.648426314535715,0.6436455514565507,0.9420346116791819,1.9024970618665955,1.5643522004762227,0.6661829087856158,1.6225164966703476,0.6587695015246579,0.8484299911091573,0.9975570002256123,0.8840014897933868,1.0361655025365901
2024-01-15,1.179120447796818,1.1812231123338526,1.2404363565484282,1.3746563048173759,1.3028242868650377,1.3041197286235522,1.3145763297424378,1.4878733921780343,1.3740237488991058,1.7488159018394036,1.4240172196206522,1.447311893586192,1.480773480245921,0.648426314535715,0.6436455514565507,0.9516315409429774,1.8906064098708646,1.5761992108169498,0.6618287418204934,1.6267308987251854,0.6587695015246579,0.8484299911091573,0.9975570002256123,0.8840014897933868,1.0361655025365901
2024-01-16,1.1702314881130584,1.1734211099563527,1.2308945384211327,1.3636652634409356,1.2925926654889284,1.2976223632842006,1.3094669493573368,1.4895114494059443,1.361882855865127,1.7445840801084478,1.4413493567140891,1.4569892473118304,1.4875196696662651,0.6487839765246022,0.6445916469315328,0.9497121111589625,1.88703925963121,1.5401201569327512,0.6690856636933189,1.6014448538564467,0.6471666608580923,0.8415529173555955,0.995982070957641,0.8750365850970429,1.0296311537245455
2024-01-17,1.159564763619499,1.1656191075788527,1.2184901602959894,1.3503191101478862,1.2793293883462815,1.2744173859065573,1.2934087376096777,1.4698533253675934,1.345519227193254,1.7304778283023454,1.4385638367895284,1.4634409258442564,1.4886439201945068,0.6444921690920545,0.6439609166148781,0.9358925095890938,1.8703923695167193,1.5142722370825659,0.6734397614513054,1.5653220376040455,0.6461428685469859,0.8388197653582293,0.9940437035840495,0.8731955555272124,1.025230426227213
2024-01-18,1.1672982838242778,1.170300356624996,1.221435774890029,1.3526743418565563,1.2842557566882535,1.2901967421969665,1.2964575022383678,1.466929503593585,1.345519227193254,1.726598602329308,1.4339213822922767,1.4591397521316387,1.4785248076267137,0.633762514076587,0.6297697852389139,0.9293665947609623,1.8929845856290755,1.5201956857616588,0.6719884186010219,1.5725466743465835,0.6401367001659298,0.8369682687858848,0.9945282261043092,0.8715146473469761,1.0273641492834402
2024-01-19,1.2091498917037458,1.2093103685124962,1.2567827754680498,1.3840771118599957,1.3176032473336503,1.336606696952253,1.3391391894283393,1.4890672161720806,1.3498771799137248,1.734357054275383,1.443515859092578,1.4817204629221294,1.5055092221826443,0.6466380728083284,0.6414380554980126,0.9351248108942475,1.9155768017414319,1.5945100653321556,0.6574746440625072,1.6465983741719477,0.6421842327159025,0.8370564545081861,0.9938013498930688,0.8723951317844928,1.0290977229604885
2024-01-22,1.217338349360703,1.215551994224318,1.270528777146659,1.3942830360695257,1.3282137534019252,1.3496014276309565,1.358193532238357,1.509533968590139,1.352056104323066,1.7431734280224003,1.454967388531095,1.509677353725641,1.5392398261589193,0.6473533967861027,0.6382844640644924,0.9362763955458968,1.8929845856290757,1.6176640294658478,0.6516690650399652,1.6682721006694172,0.6460063872058837,0.8396133023269469,0.9942859648441794,0.8747964640810688,1.0298979199773315
2024-01-23,1.219612897794177,1.2194529954130682,1.272492620089473,1.3997784968617155,1.3301084659773594,1.3514579391267216,1.361242296867047,1.5120401698262904,1.356414057043537,1.7474052497533559,1.4589909435477995,1.5032258392662154,1.5358669030114707,0.6444921690920545,0.6379690989061649,0.9381958253299117,1.9357908420955776,1.6284353330301644,0.6502177221896818,1.6803130394202177,0.6408874777225918,0.8374972485876984,0.9941647879986891,0.8715947080417733,1.0286976753228247
2024-01-24,1.2191579603419984,1.220233124221353,1.271510698618066,1.4037038431121456,1.3312454091684627,1.3551706788543678,1.3604801057098745,1.5132931907761977,1.3591378424324494,1.7502265539254513,1.4648715512027195,1.5150536978116622,1.567348662805815,0.6427038591476187,0.6332387418307615,0.9358925095890939,1.9274672269418398,1.6305892321988953,0.6502177221896818,1.692956061854587,0.6371335899392817,0.8351167722135402,0.9936801730475785,0.8699137998615369,1.028164244558768
2024-01-25,1.2341699244719584,1.2342767523106748,1.2862386217680821,1.4099844210712456,1.3407191166029377,1.3690936652809538,1.3734370646356107,1.5157993920123491,1.3618615239195733,1.7572796798285024,1.460847996186015,1.5150536978116622,1.5707217575159875,0.6641631009615045,0.6562598570408777,0.9320537964585833,1.9524376188124068,1.6532052864531117,0.6444122123742759,1.7062009842423806,0.6412969738181383,0.8387315796359279,0.9954974560065306,0.8756769485185855,1.0360322211517123
2024-01-26,1.2341699244719584,1.2342767523106748,1.2872205432394892,1.4099844210712456,1.3414770305445722,1.3653809255533078,1.367339680751329,1.5066101468161306,1.3673089907956093,1.7555162974573493,1.4636335161105758,1.5043010096396192,1.5549808776188154,0.6605865492896821,0.6524755954404564,0.9335892670670356,1.9892984358833814,1.6488977140807326,0.6473149672819789,1.7098133026136495,0.6400684334592587,0.8372327586867915,0.9948917566407806,0.8731955555272125,1.0352320241348696
2024-01-29,1.2419034446767374,1.2420787546881749,1.290166008013347,1.4178351135721055,1.3524664213050126,1.3681654095330715,1.376485683891202,1.5153816121381558,1.3727564576716453,1.7668012450913564,1.4623954810184323,1.5053763440860237,1.5628513175674013,0.6613018732674564,0.6505834044904921,0.9351248108942475,2.028537428712567,1.6768994201171075,0.6400580454091536,1.7254665597357188,0.6474396756125366,0.8422582686020116,0.9958608941121511,0.8767975539720763,1.0374991303174899
2024-01-30,1.2387190213389063,1.2397381301651031,1.2921298509561614,1.4194052281138652,1.350950737979047,1.370950035144777,1.3833452589326563,1.5187232137863576,1.364585205406697,1.7650379972473904,1.4775611157333803,1.5172043667044712,1.58871148159509,0.6502146244801509,0.6392305595394745,0.9378119393731088,1.9952438752789083,1.6709758584554733,0.6415094574665731,1.72185424136445,0.6533093626524905,0.8434044811939371,0.995255194746401,0.8795990676058035,1.0361655025365903
2024-01-31,1.2223423836798295,1.2241341254101032,1.276420006334738,1.4037038431121456,1.3365506622026002,1.357027048718191,1.3658152984369838,1.5120401698262904,1.3596824956084432,1.7611587712743528,1.4791086005657976,1.5010753344464067,1.5504833608176778,0.6502146244801509,0.6332387418307615,0.9389635240247581,2.005945439395534,1.6370505907574642,0.6487663101322623,1.6905477271203113,0.6597250792013332,0.8504577918601072,0.9970724777053531,0.8818402785127851,1.0332317859465505
2024-02-01,1.2223423836798295,1.2241341254101032,1.271510698618066,1.4037038431121456,1.3365506622026002,1.3468169436511932,1.3612422968670472,1.5162170125502064,1.3683985049511742,1.7685646274625098,1.466419036035137,1.493548321467576,1.5347424809205057,0.6516452042186504,0.6354462377892995,0.9443378542012402,1.9750298349247628,1.6440522318288775,0.6458635552245593,1.6941600454915802,0.6726246915243264,0.8557125437555846,0.9985504862014428,0.8886359724544367,1.0391526993505982
2024-02-02,1.2291660289802513,1.2319361277876033,1.2842749286454498,1.4178351135721055,1.3452664556954408,1.3616680441937197,1.3719126823212655,1.5224824359724165,1.3667642337178267,1.7668012450913564,1.4859175574415384,1.5129031929918535,1.5864628089758834,0.643419183125393,0.6228319322049723,0.9474088686369043,1.9262783658580571,1.6682841623898075,0.641509457466573,1.72185424136445,0.6577672568670168,0.8445764186106794,0.9953912593995174,0.8805231868353621,1.034462193097603
2024-02-05,1.236899410357611,1.2412986258798901,1.2891842363621218,1.4194052281138652,1.347540197520344,1.3783756562320113,1.3802966396770648,1.5224824359724165,1.3624062809973556,1.7668012450913564,1.499226139518271,1.5311827300697265,1.6258151802815375,0.6541488381408606,0.6291391150720128,0.9366602815026999,1.89179549774997,1.6699001516790626,0.641509457466573,1.72185424136445,0.6444845454248115,0.8363569089087187,0.9934471840081276,0.8720890323913232,1.0296376431672745
2024-02-06,1.236899410357611,1.2412986258798901,1.2891842363621218,1.4194052281138652,1.347540197520344,1.3783756562320113,1.3802966396770648,1.5224824359724165,1.3624062809973556,1.7668012450913564,1.499226139518271,1.5311827300697265,1.6258151802815375,0.6541488381408606,0.6291391150720128,0.9366602815026999,1.89179549774997,1.6699001516790626,0.641509457466573,1.72185424136445,0.6507835949948965,0.840864399372364,0.9950267510575718,0.8769888651585233,1.0333900481696705
2024-02-07,1.236899410357611,1.2412986258798901,1.2891842363621218,1.4194052281138652,1.347540197520344,1.3783756562320113,1.3802966396770648,1.5224824359724165,1.3624062809973556,1.7668012450913564,1.499226139518271,1.5311827300697265,1.6258151802815375,0.6541488381408606,0.6291391150720128,0.9366602815026999,1.89179549774997,1.6699001516790626,0.641509457466573,1.72185424136445,0.647634044091576,0.8393619250278019,0.994662242715626,0.8744184661071353,1.0351322069935351
2024-02-08,1.236899410357611,1.2412986258798901,1.2891842363621218,1.4194052281138652,1.347540197520344,1.3783756562320113,1.3802966396770648,1.5224824359724165,1.3624062809973556,1.7668012450913564,1.499226139518271,1.5311827300697265,1.6258151802815375,0.6541488381408606,0.6291391150720128,0.9366602815026999,1.89179549774997,1.6699001516790626,0.641509457466573,1.72185424136445,0.6438683630110461,0.8366221109371347,0.9944191753523041,0.8699202830879931,1.034596134529569
2024-02-09,1.236899410357611,1.2412986258798901,1.2891842363621218,1.4194052281138652,1.347540197520344,1.3783756562320113,1.3802966396770648,1.5224824359724165,1.3624062809973556,1.7668012450913564,1.499226139518271,1.5311827300697265,1.6258151802815375,0.6541488381408606,0.6291391150720128,0.9366602815026999,1.89179549774997,1.6699001516790626,0.641509457466573,1.72185424136445,0.6425674638221336,0.8351195691626137,0.9940546670103583,0.8687957373332076,1.0367404243854341
2024-02-12,1.236899410357611,1.2412986258798901,1.2891842363621218,1.4194052281138652,1.347540197520344,1.3783756562320113,1.3802966396770648,1.5224824359724165,1.3624062809973556,1.7668012450913564,1.499226139518271,1.5311827300697265,1.6258151802815375,0.6541488381408606,0.6291391150720128,0.9366602815026999,1.89179549774997,1.6699001516790626,0.641509457466573,1.72185424136445,0.6433206104855508,0.8359150403879434,0.9941762006920192,0.8688760182563013,1.0344621930976035
2024-02-13,1.236899410357611,1.2412986258798901,1.2891842363621218,1.4194052281138652,1.347540197520344,1.3783756562320113,1.3802966396770648,1.5224824359724165,1.3624062809973556,1.7668012450913564,1.499226139518271,1.5311827300697265,1.6258151802815375,0.6541488381408606,0.6291391150720128,0.9366602815026999,1.89179549774997,1.6699001516790626,0.641509457466573,1.72185424136445,0.632297339033597,0.8267233255383345,0.9910169738900938,0.8593173793406242,1.026153223274178
2024-02-14,1.236899410357611,1.2412986258798901,1.2891842363621218,1.4194052281138652,1.347540197520344,1.3783756562320113,1.3802966396770648,1.5224824359724165,1.3624062809973556,1.7668012450913564,1.499226139518271,1.5311827300697265,1.6258151802815375,0.6541488381408606,0.6291391150720128,0.9366602815026999,1.89179549774997,1.6699001516790626,0.641509457466573,1.72185424136445,0.6355153198251874,0.8298166749035973,0.9924750999609141,0.8633336316886148,1.0301737156312412
2024-02-15,1.2951279335509938,1.2943521468076034,1.3431866212455146,1.457873573451254,1.3899823663507467,1.4396368531617663,1.433648712321255,1.5396077460786095,1.3662194766400444,1.7738543709944075,1.5153202415195643,1.5462365919543872,1.6842815261945359,0.6731044460325362,0.6534216307656849,0.9186180808455175,1.9714625712874467,1.7792155057239787,0.6211901731126525,1.8350389921299155,0.6388017827416037,0.8321146204734893,0.9934471840081277,0.8664663036173955,1.0337920769563036
2024-02-16,1.2855748023649196,1.2873303922874968,1.3372953920574353,1.4531632298259747,1.3873297398336781,1.4294266064628265,1.4252649003385542,1.5483792114006343,1.3705774293605155,1.7809074968974588,1.526771889023606,1.5516129360404087,1.6831571041035707,0.6852646807865032,0.6650899010247836,0.9224568671947876,2.007134300479316,1.7749079333515994,0.6211901731126525,1.8416615451888845,0.6351045315493438,0.8284909344813535,0.9922321253006294,0.8633336316886148,1.0307097880952074
2024-02-19,1.2837551913836243,1.2857700156218186,1.3353316989348027,1.4539482272008244,1.3877086245258439,1.4220009853755924,1.4214539445526913,1.5513030331746425,1.3814723631125874,1.796776996547527,1.5212008491744842,1.5397849134219612,1.6707893189165708,0.6795422253984068,0.6622516747495908,0.9301343666745684,2.0154579156330534,1.7770617195377887,0.619738761055233,1.8416615451888845,0.6351045315493438,0.8284909344813535,0.9922321253006294,0.8633336316886148,1.0307097880952074
2024-02-20,1.2887590868753316,1.2904511456188534,1.3392590851800676,1.4625840368685945,1.3937717915016157,1.4322112320745324,1.4351730946355998,1.561745299320768,1.387464483164617,1.796776996547527,1.5165582766117078,1.536559074155748,1.6685404747346402,0.6834764390591164,0.6660359964997659,0.9289827820229192,2.032104692349883,1.7894466397579918,0.619738761055233,1.8506922492519846,0.6356522318382832,0.8299050755797358,0.99283960830286,0.8662252769986724,1.0328539757057045
2024-02-21,1.2846649274605624,1.2857700156218186,1.3363136204062098,1.4586586906181647,1.3888455677169471,1.4284983507149442,1.4260269461226278,1.5575684565968524,1.3836512875219285,1.802066740079425,1.5091301841243705,1.525806385983705,1.6404316380877444,0.704935612655953,0.6900031470351107,0.9339731530238385,2.003567263637323,1.7792155057239785,0.619738761055233,1.8506922492519846,0.6311334040943362,0.8272535947352483,0.9919890579373075,0.8640565276953424,1.0309777732045065
2024-02-22,1.299222092965763,1.3005937725194252,1.3451503143681467,1.4720048439112141,1.3998349584773875,1.4442778486372954,1.445843480089818,1.5726053453410873,1.3858303158330583,1.8126464961975954,1.5292478411423684,1.547311762327791,1.6831571041035707,0.7052932746448402,0.6881110162349,0.9335892670670356,2.0261594797496794,1.8190643350836218,0.6153845940901105,1.876580377804292,0.6342144206362748,0.827341995411387,0.9918675242556465,0.8654220387857038,1.0359363668121686
2024-02-23,1.3078653492474799,1.3091760227543188,1.36086015898957,1.4806406535789842,1.4077929825858968,1.4600572049277045,1.4595626301727262,1.5700991441049361,1.3792933348014573,1.802066740079425,1.5552459877497615,1.5698924731182817,1.727006992210362,0.7060085986226146,0.6877956510765726,0.9309021385881744,2.0285374287125673,1.824987896745256,0.6124818391824076,1.8844069145002544,0.6427044280717853,0.8311424153258411,0.9923535662792533,0.8679924378370917,1.0366063807081005
2024-02-26,1.3096849602287752,1.3130770239430687,1.36086015898957,1.478285421870314,1.4104456091029653,1.4600572049277045,1.4679465875285256,1.5738583662909948,1.3782038206458924,1.8126464961975954,1.5506034151869852,1.5655914634786647,1.711265940750466,0.6992131572678567,0.6846420596430524,0.9343570389806416,1.9774077838876507,1.8362971101890484,0.6095790842747048,1.898856004255186,0.6407872942325514,0.8299050755797359,0.9916245495953617,0.8652614156563689,1.0332560044923373
2024-02-27,1.3042261272848894,1.3083957748969253,1.3549689298014906,1.4720048439112141,1.4043824305626094,1.4535598395883529,1.460324821329899,1.5667575424567344,1.3749353820809862,1.8073566181385103,1.5459609606897335,1.5666666338520687,1.711265940750466,0.6984979015071315,0.6846420596430524,0.9351248108942476,2.013079739874843,1.818526538186687,0.6124818391824076,1.896447853251055,0.6362684664886044,0.8280490659605781,0.9916245495953617,0.8640565276953424,1.0345961345295691
2024-02-28,1.3042261272848894,1.3083957748969253,1.3549689298014906,1.4720048439112141,1.4043824305626094,1.4535598395883529,1.460324821329899,1.5667575424567344,1.3749353820809862,1.8073566181385103,1.5459609606897335,1.5666666338520687,1.711265940750466,0.6984979015071315,0.6846420596430524,0.9351248108942476,2.013079739874843,1.818526538186687,0.6124818391824076,1.896447853251055,0.6403080238318819,0.8310540146497024,0.9925966336425752,0.8639761854891013,1.0344621930976035
2024-02-29,1.303771189832711,1.3099561515626037,1.3510415435562257,1.4767153073285544,1.4101332944464617,1.4517033280925877,1.4610870124870716,1.5746937667030456,1.3869197260868344,1.8108831138264423,1.549055930354568,1.5645161290322602,1.6730379915357774,0.7002861432345181,0.6874802859182452,0.9351248108942476,2.038049904950087,1.832527334713604,0.6110304963321243,1.8940397022469238,0.6448269038123849,0.8327332903465416,0.9932041166448059,0.8647794849852173,1.0363383955988015
2024-03-01,1.2992220929657632,1.3060551503738536,1.353005236678858,1.478285421870314,1.407066196292593,1.4544879537042932,1.45498962860279,1.5763645675271465,1.3836512875219282,1.8126464961975957,1.5567934725821786,1.5817204957367295,1.6955250608532941,0.7020743849619048,0.691895337985075,0.938963524024758,2.0368608170709814,1.8292954691176353,0.6124818391824076,1.8916315512427926,0.6488322587483009,0.8365248720814208,0.9951483106960834,0.8700246664278265,1.0401980085502873
2024-03-04,1.336979541430462,1.3396037844069253,1.3893340838181951,1.5057628456233234,1.4342873322705791,1.4971851687319337,1.4930983142228251,1.5872244542111293,1.381472363112587,1.8302792436916302,1.5645310148097893,1.6010752031880064,1.7303799153578105,0.6959942675849212,0.6931567384686308,0.955854140030291,2.0701545972999633,1.899302276315753,0.5994194767013125,1.9590606980091876,0.6462223357752441,0.8346639668437492,0.9941733696789842,0.8684123398791492,1.0399285026133462
2024-03-05,1.3478973461456527,1.3520870358305688,1.4011163923741718,1.5159687698328534,1.4450223951905141,1.5073952737989318,1.507579655462906,1.5939074981711963,1.380382848957022,1.8426221131265792,1.5598885603125376,1.5827956661101334,1.7090172681312594,0.7010014672122924,0.6972564253771331,0.971209212208612,2.0392389928291923,1.9181486680770663,0.5965167217936096,1.9801323408230882,0.655425657354484,0.8398035809063478,0.9949045289540621,0.8731687462521678,1.0391197791512927
2024-03-06,1.3542661928213147,1.3598890382080688,1.4060257000908438,1.5222492279998925,1.4530738386347288,1.5241028858372234,1.5235852336442333,1.6093620074532884,1.3874644831646168,1.8584916127766478,1.550603415186985,1.569892473118282,1.6831571041035704,0.7056509366337272,0.6969410602188058,0.9761996564282912,2.0332937802289885,1.939689015554872,0.5936139668859066,1.987959061249195,0.6592717934415055,0.8418417538473135,0.9951483106960833,0.8755066628021704,1.0416805482675016
2024-03-07,1.3856549334377704,1.3879761753376036,1.4305722386742041,1.5418759592520421,1.4733938209486812,1.5454514933510437,1.5472125780241874,1.6156274308754983,1.3923671929628703,1.865544738679699,1.552151018084927,1.5677419682984735,1.6719135694448122,0.7020743849619048,0.6912646076684201,0.9904030707362034,2.048751469066713,1.9838477899202631,0.5863570450130813,2.042745185581221,0.6586536868845232,0.8432596250423887,0.996366940479711,0.8776833712998314,1.0428934792221596
2024-03-08,1.4052159944346783,1.4059208046156755,1.4531550841349319,1.5505117689198122,1.4871961282767483,1.5538052285542183,1.5563587265371592,1.606020565141423,1.3972699027611237,1.856728364932682,1.5629835299773722,1.5892473446425597,1.7000224060917077,0.6981402395182443,0.6893724768682095,0.9880998282141451,2.0606421210624437,2.0043100579882895,0.5849057021627978,2.0361228162523966,0.6574861173437737,0.8438799267882792,0.9968544109882604,0.8788925854581818,1.0431630879847158
2024-03-11,1.3911137663816564,1.3934376722411406,1.4325359317968365,1.5418759592520421,1.4814451181386326,1.5389541280116916,1.5517857249672227,1.6051851647293724,1.4027173696371598,1.86201810846458,1.5536985029173442,1.5655914634786652,1.661794456877019,0.7085121643277755,0.6972564253771331,0.9999999999999989,2.011890651995738,1.99030903549629,0.5863570450130812,2.044551436631928,0.6571426898790007,0.8428165233919728,0.9960013608421717,0.8790538550168387,1.0430282836034377
2024-03-12,1.405670931886857,1.4074811812813537,1.4492276978896668,1.5583624614206721,1.4979311911966835,1.5593744797776294,1.5776996428186945,1.6285758982577756,1.4103437609225369,1.8919938599207504,1.5583409574145959,1.5688171386718774,1.66854047473464,0.7195994813321301,0.7048250087277294,0.9992323013051526,2.0321046923498836,2.033389730451902,0.5791001577438238,2.087898705896723,0.6516481648406778,0.8393605468637515,0.9950264198250725,0.8762322528034958,1.0439717086211542
2024-03-13,1.4124945771872786,1.4168436793736405,1.4561006987289713,1.5591475785875824,1.503298722656651,1.5668001008648638,1.5761752605043493,1.6323351204438343,1.420149180519044,1.9131531031027165,1.5707210722049831,1.584946170929942,1.6910275440521567,0.714592281704759,0.7010406869775544,0.9904030707362033,2.0321046923498836,2.0317738541451886,0.5805515351976753,2.092113107951561,0.648488831283528,0.83749964162608,0.9945389493165229,0.8753454547498287,1.0443760189393736
2024-03-14,1.411129903658162,1.4129426781848906,1.4531550841349317,1.5575773442537617,1.502915390232766,1.5510207445744546,1.5571209176943317,1.6172982316995992,1.4359468240693696,1.9043367293556994,1.5722685570374004,1.5784946564705165,1.6809084314843639,0.712088715999598,0.6994639213356711,0.9942418570854734,2.07372186093728,2.029082158079523,0.5805515351976753,2.089102873263861,0.6385300636012011,0.8312965565593554,0.9936858991704342,0.8688960255424891,1.0393893879138492
2024-03-15,1.3920236412860139,1.4012396746186406,1.4443183901729946,1.5473715398362926,1.4921801810585678,1.5473078632148665,1.5563587265371592,1.6298289192076827,1.4370362343231458,1.9166795987906486,1.5738160418698177,1.574193482757899,1.6797840093933987,0.7099428122833242,0.6969410602188058,0.9907869566930062,2.1070154143709385,1.996232710140466,0.5834542901053783,2.0511739896908976,0.638324028082207,0.8298787529720999,0.9930765377908739,0.8691378683741593,1.0387154688330738
2024-03-18,1.4047610569824998,1.4090416769961407,1.4443183901729946,1.5520818834615722,1.503298722656651,1.553805228554218,1.5845592178601489,1.6440304075398673,1.4283203288822035,1.933607117101234,1.5660784996422068,1.5677419682984735,1.6719135694448126,0.7160229296603078,0.7048250087277295,0.9846449278216778,2.120095154245775,2.025850405466096,0.5805515351976753,2.0806742528843296,0.6364009600386963,0.8289039834274406,0.9931984286618845,0.8676867498778236,1.0411414335680043
2024-03-19,1.4015767724720878,1.4090416769961407,1.44530016182422,1.560717693129342,1.5013817680287003,1.5575181099138065,1.5876078371157403,1.6582318958720519,1.4255966473950796,1.940775289356591,1.5722685570374004,1.5763441516507082,1.6876546209047085,0.7206723990817426,0.7076632350029223,0.9892514860845539,2.148632582958335,2.01992673082192,0.5805515351976753,2.0776640181966295,0.6381866361364281,0.8312965565593555,0.9940514788079731,0.8701859359864833,1.04531944395709
2024-03-20,1.393843252267309,1.402800051284319,1.4354815463908759,1.5473715398362926,1.4960142365687328,1.5491642330786897,1.5761752605043493,1.6553080740980435,1.419604423441261,1.9551114971457917,1.589291126325039,1.5881720101961552,1.7011468281826736,0.7213877230595169,0.7095553658031329,0.9892514860845539,2.162901410712277,2.0037720351262727,0.5834542901053783,2.07104146513766,0.637980600617434,0.833246095648674,0.9956356882291398,0.8717982625351606,1.0488236380910154
2024-03-21,1.4320556381841862,1.4355684374599973,1.467883007284948,1.5842697706319218,1.5274527604807686,1.588148708378684,1.6158083284387295,1.6678387616061274,1.4375809914009277,1.9748238683068886,1.6094087833430368,1.6172042354460714,1.7416234500165693,0.7221030470372912,0.7067171395279401,1.0084453446121453,2.1462544072001246,2.090471447899514,0.5703918930207151,2.1475014996973,0.6393542056771776,0.8333347295003212,0.9956356882291398,0.8730881729791546,1.0482845233915181
2024-03-22,1.4302360272028911,1.4363486853173908,1.4708286218789877,1.5811294217563412,1.5289863826848344,1.594646073718036,1.6264787138929475,1.6624087385959678,1.4310441142711154,1.9551114971457917,1.6186938104030648,1.622580579532093,1.7404991994883277,0.7178111713876943,0.6959949647438236,0.9965450996075319,2.114149941645571,2.0850857961173555,0.5703918930207151,2.1456952486465934,0.6454668896721572,0.837411007774433,0.9963669404797106,0.876070983244839,1.0472062939925233
2024-03-25,1.4329655130885437,1.4371288141256755,1.4747560081242528,1.5866250023405917,1.5278360929046533,1.596502443581859,1.6188569476943206,1.6548902942238504,1.4332230386804565,1.9551114971457917,1.6047662107802605,1.6139785602528591,1.7427478721075345,0.7185264953654686,0.7038789132527473,0.9942418570854737,2.129607630483295,2.091009244796448,0.5689405155668636,2.1456952486465934,0.642238860142118,0.8351956347379926,0.9958794699711611,0.8730881729791545,1.0455890527196463
2024-03-26,1.433875387992901,1.438689190791354,1.4727923150016202,1.5795593072145813,1.5270694280568835,1.5835077129031556,1.6051377976114123,1.6390181644039012,1.4413941870436162,1.9353991259846948,1.6078612985106195,1.6172042354460716,1.7483696394369135,0.7192418193432429,0.6969410602188058,0.9953935149558827,2.1521998465956513,2.078624324576245,0.5718432704745665,2.142082930275324,0.6440245362398498,0.8364362382297735,0.9961231587376895,0.8728462686411692,1.0443760189393734
2024-03-27,1.4343301866176605,1.4394694386487472,1.4737742364730273,1.5842697706319213,1.532436959516851,1.5900050782425073,1.6196191388514931,1.6519664724498417,1.4452074865880933,1.958695651634227,1.6063138136782023,1.6172042354460716,1.7483696394369135,0.7185264953654686,0.6975717905354606,0.997312871521138,2.1272294547250845,2.093163143965179,0.570391893020715,2.152317801705562,0.6504118993270387,0.8396263808108732,0.9972199906257992,0.8788925854581819,1.04990186749001
2024-03-28,1.4275065413172388,1.4324476841286407,1.4708286218789877,1.5826996560901614,1.533587103042769,1.5835077129031556,1.6348626712487466,1.6599026966961528,1.4397600197120572,1.9640716782846095,1.6155988407382302,1.6204300747122848,1.747245217345948,0.7206723990817425,0.7016714172942093,1.0057582161332843,2.1486325829583355,2.0834699198106414,0.570391893020715,2.143889181326031,0.6498624887429457,0.8388288789695081,0.996610629246239,0.8780864221838433,1.0476107071363574
2024-03-29,1.435694998974196,1.437909061983069,1.4767197012468851,1.5897652314241106,1.537804490976819,1.5927897038542131,1.6348626712487466,1.660737937771867,1.4468416539196522,1.9604876605176877,1.6248838677982584,1.6075268817204333,1.729255664829569,0.7181688333765816,0.6978870955440344,1.0226487589200577,2.178359099550001,2.0963948965786066,0.570391893020715,2.143889181326031,0.6498624887429457,0.8388288789695081,0.996610629246239,0.8780864221838433,1.0476107071363574
2024-04-01,1.4320556381841865,1.4332278129369256,1.4737742364730273,1.586625002340591,1.5316701484148185,1.5835077129031558,1.6257165227357746,1.6536372732739428,1.4495654393085646,1.958695651634227,1.6217888981334239,1.6215054091586896,1.7326287595397414,0.7288984201749998,0.7117628617616711,1.0349328166627147,2.1938170151830483,2.0953168171688272,0.570391893020715,2.1613485057686628,0.6377883181265316,0.8312611214080233,0.9945388972502468,0.8697102825558678,1.0433651855614807
2024-04-02,1.4525265740854516,1.4542931955463538,1.4875202381516361,1.6023263873423108,1.5519901307287711,1.6132100556201507,1.654679059842838,1.6657503402441693,1.4484759251529997,1.9658636871680704,1.6171463255706475,1.6182795698924766,1.741623450016569,0.7288984201749998,0.7092400006448057,1.0330134600974594,2.2104637918998775,2.145399266178394,0.5631350057514577,2.204695958763602,0.6342737487696244,0.82948362018228,0.9950279858684993,0.8684154390776646,1.0416041544741452
2024-04-03,1.4425186442746178,1.4480516888836408,1.4816290089635569,1.5936905776745407,1.540488256706803,1.608569060144622,1.6508682494300742,1.6603203172340095,1.4364915811471513,1.9622796694011488,1.6063138136782023,1.602150537634412,1.7180121301708107,0.7278255024253875,0.7064017743696129,1.0464491757105252,2.2366230448542272,2.116857164646633,0.5660377606591607,2.1727873608358945,0.6341358936549025,0.8304612661986365,0.995761665437936,0.8689819176639947,1.04241692215246
2024-04-04,1.4425186442746178,1.4480516888836408,1.4816290089635569,1.5936905776745407,1.540488256706803,1.608569060144622,1.6508682494300742,1.6603203172340095,1.4364915811471513,1.9622796694011488,1.6063138136782023,1.602150537634412,1.7180121301708107,0.7278255024253875,0.7064017743696129,1.0464491757105252,2.2366230448542272,2.116857164646633,0.5660377606591607,2.1727873608358945,0.6386841660669378,0.8333053088442212,0.9967397493903254,0.8699530502726471,1.0416041544741452
2024-04-05,1.4425186442746178,1.4480516888836408,1.4816290089635569,1.5936905776745407,1.540488256706803,1.608569060144622,1.6508682494300742,1.6603203172340095,1.4364915811471513,1.9622796694011488,1.6063138136782023,1.602150537634412,1.7180121301708107,0.7278255024253875,0.7064017743696129,1.0464491757105252,2.2366230448542272,2.116857164646633,0.5660377606591607,2.1727873608358945,0.62979440391495,0.827794946552696,0.9951502813440914,0.8661495247323444,1.0406558910651245
2024-04-08,1.4507069631041563,1.4527328188806756,1.491447624396901,1.6015412701754006,1.5504565085247053,1.6113536857563278,1.652392631744419,1.6674209817319334,1.4457522436658758,1.9766160139118634,1.6063138136782023,1.6075268817204336,1.7427478721075342,0.7253219367202265,0.7048250087277297,1.0725528350230509,2.254458909450162,2.1357060420238563,0.5631350057514577,2.1986754893882017,0.6297254763575891,0.8259285499234678,0.9941721041075864,0.8660685815795729,1.0430942974530293
2024-04-09,1.485280127058443,1.489402206245104,1.5218853921683406,1.6282335767614995,1.5753773574508558,1.6456970239488515,1.6752577849672008,1.6703449628422782,1.458826101827289,1.9802000316787849,1.6094087833430368,1.6043010424542206,1.7483696394369133,0.7203147370928553,0.6988331910190166,1.0737044196747003,2.2746729498043075,2.22186494631917,0.5515239515170779,2.2859722953315043,0.6355831094778749,0.829217001779151,0.9951502813440914,0.8705195288589773,1.0452618157324824
2024-04-10,1.4830055786249692,1.4878418295794258,1.5238490852909732,1.6266634622197396,1.573076924144757,1.6438406540850286,1.6722091657116094,1.6791164281643034,1.454468149106818,1.9819920405622455,1.6016712411154261,1.6086022161668383,1.7483696394369133,0.7185264953654686,0.695364234427169,1.0790787498511822,2.241379396370649,2.2148656778811255,0.5544267064247809,2.2781455749053974,0.6217316147223291,0.8181962771961007,0.9911153702065948,0.8581378813709518,1.0360500697507269
2024-04-11,1.4784564817580215,1.4816002038676042,1.5130486982064038,1.6164575380102097,1.5677093926847896,1.6336304073860886,1.6607765891002186,1.6745218055661941,1.4484759251529997,1.978408022795324,1.5970286685526498,1.6032258720808168,1.744996544726741,0.7188841573543558,0.6994639213356714,1.072936720979854,2.2770511255625183,2.194941432675116,0.5558780838786324,2.2414206749694277,0.618906163210067,0.8170409081801,0.9923381383942839,0.8563575024591901,1.0351018063417061
2024-04-12,1.474817259795431,1.479259698393641,1.515012391329036,1.6195978868857903,1.5642588158527728,1.6354867772499115,1.6607765891002186,1.6699271829680848,1.4430284582769637,1.9837840494457064,1.6155988407382305,1.6333332677041366,1.7944682001629118,0.7163805916491948,0.6966256950604786,1.0925143922454885,2.2639716124830054,2.197632902775699,0.5544267064247809,2.260084166779197,0.6222140024712128,0.8204181876319426,0.9929494292040129,0.8582997059349595,1.0345599267718428
2024-04-15,1.455710997423283,1.4636556936386411,1.4943932389909407,1.5991860384667305,1.5477727427947219,1.6113536857563275,1.6226679034801836,1.6548902942238497,1.4473864109974346,1.978408022795324,1.600123756283009,1.612903225806455,1.7832246655041535,0.7285408264031618,0.708609270328151,1.0798464485460286,2.2544589094501624,2.1448589836655496,0.5616835936940382,2.208308093404727,0.6125661949172192,0.8151745115508717,0.9925826360613523,0.8488313945313559,1.0285993548563068
2024-04-16,1.41613379914987,1.424645681751141,1.450209469540892,1.5520818834615715,1.5036822013348001,1.5575181099138067,1.5738886870328315,1.6076913659655232,1.4141569565652246,1.9371911348681556,1.5831011869953704,1.5903225150159643,1.731504337448776,0.7324749718468222,0.708609270328151,1.0959692926379556,2.2794293013207296,2.019388933924986,0.5791001577438237,2.08067425288433,0.6085003628303889,0.8119749550986732,0.9919712519675077,0.8459990015997055,1.0252126850593815
2024-04-17,1.4320556381841871,1.4410298153144259,1.47279231500162,1.574063846422391,1.518251173510637,1.5890768224946248,1.5898944105872577,1.6264873175594805,1.4190596663634782,1.9551114971457915,1.5831011869953704,1.591397849462369,1.7371261047781552,0.7278255024253873,0.7064017743696129,1.091362807593839,2.2485136968499586,2.068931100421708,0.5718432704745664,2.1288380078875315,0.6152537913147594,0.8171298035835847,0.9927049315369443,0.8506117734431178,1.0265673323075595
2024-04-18,1.446157866237209,1.4519526900723911,1.4796653158409245,1.5795593072145806,1.5309033373127863,1.5974306993297416,1.6005647960414757,1.6277404596050038,1.432678281602674,1.978408022795324,1.5707210722049834,1.569892473118283,1.7067685955120526,0.7371245094853062,0.7161778536787472,1.0886756791149779,2.193817015183049,2.0931631439651794,0.5689405155668635,2.153521969072701,0.6121527347256964,0.814285760938,0.9922158429186917,0.8489123376841275,1.0273800999858742
2024-04-19,1.3729173789138662,1.3809544208174978,1.404062006968211,1.5261745742503219,1.4718601987446165,1.5241028858372236,1.525109615958578,1.5889441380223068,1.410343760922536,1.9497354704954093,1.5506034151869856,1.5462365919543886,1.6685404747346402,0.7324749718468222,0.709555365803133,1.0948177079863064,2.2449464332126423,1.9278418922316034,0.5892597999207841,1.9915711958903208,0.6143579433743532,0.815352234550516,0.99246034058576,0.8498025271400084,1.0292767301568757
2024-04-22,1.368823219499097,1.373152418439998,1.4020983138455785,1.5206791134581321,1.4668759997085337,1.5027542783234034,1.5022443173626976,1.574022375793123,1.4386705055564923,1.9551114971457915,1.5629835299773727,1.5430107526881756,1.6494265001272959,0.7364091855075319,0.7098707309614604,1.0852207787225108,2.1771700116708965,1.9219182175874279,0.5907112119782036,1.9873569775656275,0.6133242403192251,0.8154411299540008,0.9929494292040126,0.8519065551797858,1.034966310611
2024-04-23,1.3820155726477616,1.384855422006248,1.4187899301182272,1.5363804984598517,1.480678307036601,1.5166772647499893,1.5205366143886414,1.5825490738336228,1.4430284582769635,1.95152747937887,1.5722685570374006,1.5494624312206016,1.655048267456675,0.7356938615297576,0.7048250087277295,1.0598848913235912,2.1985731399041475,1.956921790660299,0.5863570450130813,2.018061408126197,0.6135309704149864,0.8165076713738421,0.9938053109649257,0.8533632232219966,1.0391657480862404
2024-04-24,1.4225026458255319,1.4262060584168195,1.4561006987289713,1.5732787292554806,1.5205516068167362,1.5779384616797445,1.5830348355458033,1.613671383443194,1.4375809914009274,1.9784080227953242,1.5923862140553984,1.580645161290326,1.715763457551604,0.7335479578134838,0.7032481829360925,1.0660269201949195,2.228299656495813,2.0565461802015053,0.5703918930207151,2.1186031364572933,0.6091894806750339,0.8140190747275459,0.9934385178222653,0.8500452948567877,1.0368628374290416
2024-04-25,1.396572738152962,1.4035801800926044,1.4335178532682433,1.547371539836292,1.494864093042816,1.5565898541659242,1.552547916124395,1.599176045564316,1.4239623761617317,1.9748238683068886,1.578458614432594,1.5580644504998356,1.657296940075882,0.7378397652460315,0.7073478698445949,1.0598848913235912,2.2128419676580893,1.9924629346650218,0.5805515351976754,2.056592375382729,0.6049168659161208,0.8109084136788322,0.9927049315369443,0.8475366127946881,1.0346953191495885
2024-04-26,1.4193182224877008,1.4254258105594262,1.4570824703801963,1.5724937318806311,1.5190179846126701,1.5751538360680388,1.5792238797599405,1.6068500575374418,1.4304993571933327,1.987368203934142,1.5985762714505918,1.5881720101961563,1.7326287595397414,0.7485694202614989,0.7164932188370745,1.070249519282233,2.2390012206124386,2.052776404726061,0.5718432704745666,2.1192052201408624,0.6080868500625448,0.8131303241146741,0.9929494292040127,0.8507735980071254,1.0379465965687682
2024-04-29,1.4447931927080921,1.447271441026248,1.4757379295956592,1.5968308067580599,1.5378044909768198,1.5946460737180361,1.6036135606701658,1.634561785510756,1.4680867643460136,2.0142487473505963,1.6063138136782027,1.6010752031880078,1.7438722941984994,0.7564377793658691,0.7316304456880208,1.0690979346305838,2.218787180258293,2.1270884116631885,0.5616835936940383,2.192052936329233,0.6131864377808246,0.8164187759703574,0.9934385178222653,0.8543343558306488,1.041062274904282
2024-04-30,1.439789158388966,1.4464911931688544,1.4865383166802286,1.5976159239249703,1.5404882567068037,1.5992870691935646,1.6013269871986482,1.633709099443382,1.4637288116255425,2.0142487473505963,1.6063138136782027,1.5967741935483908,1.7494940615278787,0.7557224553880947,0.7278461239378459,1.0641074904109047,2.199762227783253,2.1147034914429854,0.5631350057514578,2.1938590036497954,0.6079490475241444,0.8125970873084162,0.9922158429186918,0.8496406408344651,1.0334761676321162
2024-05-01,1.439789158388966,1.4464911931688544,1.4865383166802286,1.5976159239249703,1.5404882567068037,1.5992870691935646,1.6013269871986482,1.633709099443382,1.4637288116255425,2.0142487473505963,1.6063138136782027,1.5967741935483908,1.7494940615278787,0.7557224553880947,0.7278461239378459,1.0641074904109047,2.199762227783253,2.1147034914429854,0.5631350057514578,2.1938590036497954,0.612414574059722,0.8158054934302559,0.9941966251433576,0.8531609505433863,1.0388948393071968
2024-05-02,1.4206828960168176,1.427766435082498,1.4590463133230105,1.5779891926728207,1.5251523271746708,1.5621591053893353,1.5868456459585671,1.6349880472278235,1.4680867643460136,2.0214169196059535,1.5846486718277877,1.5688171386718786,1.7247581480284315,0.7607296550154659,0.7328918461715768,1.0579654615395762,2.1236624178830925,2.079700144335197,0.5674891381130123,2.143287097642463,0.6150424030441827,0.8196384985002539,0.9956685404555051,0.8584419324345596,1.045295177972774
2024-05-03,1.427961478769418,1.435568437459998,1.461991778096868,1.5881951168823505,1.5305198586346385,1.5760820918159215,1.5959917944715392,1.6392514775646925,1.4669972501904487,2.023208928489414,1.587743641492622,1.5827956661101348,1.7348774321589484,0.7650214624480135,0.7354147072884422,1.0529750905386568,2.115339029524678,2.0893933684897346,0.5660377606591608,2.1715833771989015,0.6212660863545527,0.8241846366084167,0.9972632401578828,0.8644540957333913,1.0496528398884013
2024-05-06,1.4484324146706828,1.4558536912611413,1.4835928519063706,1.6070367309675895,1.5577411408668878,1.5974306993297418,1.6280030962072927,1.657583821430133,1.495868648000399,2.0429212996505113,1.600123756283009,1.6000000328146038,1.7584887520047066,0.7632332207206268,0.7341533068048863,1.056046104974321,2.0927468134123215,2.1416294907029494,0.5587808387863354,2.2083080934047272,0.6236864662632243,0.8248977696465813,0.9971405493533161,0.8668914290777909,1.050878383601458
2024-05-07,1.4566208723276401,1.4628754457812478,1.4924295458683077,1.6117471943849297,1.5631086723268552,1.6094971742605628,1.636386908189993,1.661420827416696,1.4947792377466227,2.0429212996505113,1.620241295235482,1.618279569892477,1.794468200162912,0.7664521104035621,0.7357300724467696,1.0618042478888465,2.101070201770736,2.1545522078200867,0.5587808387863354,2.2167368975144033,0.6274898224240977,0.8270371007529658,0.9972632401578829,0.8672976822946266,1.051014589756749
2024-05-08,1.462079705271526,1.4683368236356762,1.4993025467076122,1.6188127697188792,1.5688595362107076,1.616922795347797,1.6501060582729017,1.6635524612685113,1.495868648000399,2.048297463022408,1.6233363829658412,1.618279569892477,1.7832246655041537,0.7632332207206267,0.7303689850547114,1.0595010053667884,2.0832343371748014,2.16693712804029,0.5558780838786325,2.231788070952904,0.6236864662632243,0.8247194523829853,0.9970178585487495,0.865104076086113,1.0485633984357803
2024-05-09,1.4602600942902308,1.466776446969998,1.5012662398302448,1.6172426551771195,1.567326060260905,1.615066425483974,1.6539170140587645,1.6592890309316424,1.488242256715022,2.037545136278615,1.620241295235482,1.6193549043388817,1.7787271487030163,0.7632332207206267,0.7363608027634245,1.0575815755827735,2.118906066366671,2.1491665560379283,0.5587808387863353,2.231788070952904,0.626729140640088,0.8272154180165618,0.99787650700939,0.8664852378464932,1.0488357068515077
2024-05-10,1.4707229615532433,1.4784794505362482,1.5061755475469167,1.6164575380102093,1.579211266706758,1.611353685756328,1.6508682494300742,1.6644051473358852,1.5187479257583196,2.0429212996505113,1.6357163796907035,1.622580579532094,1.780975821322223,0.7653791244369006,0.7376222032469805,1.0748560775451095,2.1296076304832963,2.182554026839003,0.554426706424781,2.231788070952904,0.6232024008333249,0.824541203127499,0.9970178585487495,0.8637228523401945,1.047201648567432
2024-05-13,1.4857350645106224,1.48862207743682,1.5218853921683402,1.630588808470169,1.588796186100775,1.6336304073860888,1.6600143979430462,1.6644051473358852,1.5138453198618547,2.0429212996505113,1.6388114674210625,1.6344086021505417,1.7764784760838093,0.7607296550154659,0.736676167921752,1.0729367209798542,2.0808561614165906,2.200324598841364,0.5515239515170781,2.2636964851504673,0.6247928789204906,0.8255217440529481,0.997263240157883,0.8640478425165555,1.0469292362568492
2024-05-14,1.4957429943214562,1.50032508100307,1.5317040076016841,1.6376545035961794,1.5976142943927594,1.6373431471137347,1.6775443584387189,1.6737843688105205,1.5040399002653477,2.051881480789329,1.6326214100258691,1.6258064187983072,1.7877220107425675,0.7546495376384824,0.7316304456880212,1.069481820587387,2.1093935901291507,2.229942294166994,0.5486211966093751,2.2925946646603306,0.6283196714864285,0.8279284830466168,0.998244485837427,0.8665665008869681,1.04856339843578
2024-05-15,1.516213930222721,1.5213904636124982,1.5601779324303096,1.6619915784736083,1.6160174683330242,1.6661173757147894,1.6882147438929371,1.6754897409452683,1.5209269540694497,2.0500894719058684,1.6279788374630928,1.6344086021505417,1.800089967492291,0.7489270822503861,0.7284768542545009,1.0740883056315034,2.0951249891705324,2.276792764598051,0.5413643093401178,2.3419625870306695,0.6368945674271488,0.8341682951183934,1.0000844735632748,0.874284816122541,1.0546913247907743
2024-05-16,1.5234925129753214,1.5307528426556765,1.5670510830897957,1.6690572735996188,1.6282861534570252,1.6763276224137291,1.7004095116615006,1.6882797066893986,1.5301876165881743,2.073385860833887,1.6434539219183144,1.6537634736748192,1.8180795200086701,0.7557224553880948,0.7291075845711557,1.0898272637666275,2.103448377528947,2.306410459923681,0.5384615544324148,2.364238397211708,0.6362722201997817,0.8325637797865777,0.999348515907201,0.8729036543621608,1.0522401334698055
2024-05-17,1.521672901994026,1.5260717126586416,1.558214239307677,1.6619915784736083,1.6236853979980677,1.6661173757147894,1.695836510091564,1.6844427007028357,1.5361798405419929,2.0608416619281473,1.6480964944810907,1.6559139784946275,1.810209080060084,0.7571531033436435,0.7291075845711557,1.084069120852102,2.1141499416455725,2.2977953151789228,0.5384615544324148,2.364238397211708,0.6319847458498341,0.8299787235293129,0.9987351554700306,0.8708725122490586,1.052376339625097
2024-05-20,1.5212179645418475,1.52373108813557,1.5513412384683725,1.657281234848329,1.6232969664742032,1.6577636405116147,1.6920256996788001,1.69083776489152,1.536724493717987,2.0500894719058684,1.6527390670438673,1.658064483314436,1.8169552694804285,0.7671674343813367,0.73888366388029,1.1105566661214308,2.1296076304832963,2.2967172357691434,0.5399129318862663,2.362432146161001,0.6301176514085581,0.8287307747165795,0.9984898674465604,0.870466259032223,1.0529210603514074
2024-05-21,1.5193983535605522,1.5229508402781766,1.5552686247136374,1.6517856542640785,1.6182483936665089,1.6707583711903182,1.6912635085216277,1.684016438985768,1.5236506355565735,2.048297463022408,1.6527390670438673,1.6688171714864792,1.8349448219968076,0.765736786425788,0.7360454376050972,1.101727508771241,2.1093935901291507,2.288102091024385,0.5399129318862663,2.3515953747773386,0.6333677748612108,0.830870105822964,0.9989805370791641,0.871928683833078,1.0521040312093695
2024-05-22,1.546692934762239,1.5525984731224982,1.5807970847684047,1.6776929634753281,1.6450445393707769,1.6986043440434901,1.7225126191002085,1.7070384749051453,1.5290981024326096,2.0680098341835045,1.6558340367087017,1.673118345199097,1.8473127787465313,0.7664521104035623,0.7363608027634246,1.0998080789872262,2.091557725533216,2.3554148295234687,0.5312046671631575,2.4220347562314344,0.6341284566452204,0.8298004062657168,0.998244485837427,0.8706287851131724,1.049788942148837
2024-05-23,1.5585206143817871,1.563521228831355,1.596506929389828,1.6871137705179478,1.6539765385577925,1.7171683259456048,1.7423291530673986,1.7057593644874656,1.5225612253027971,2.064425679695069,1.6558340367087017,1.68387103337114,1.8585563134052896,0.7546495376384824,0.7269000284628641,1.0794626358079855,2.0653984725788668,2.3645702567810716,0.532656044617009,2.4292593929739725,0.6300484841302368,0.8268588514974794,0.9977538162048233,0.8668102280228542,1.0461122071148115
2024-05-24,1.552151906533544,1.55884009883432,1.596506929389828,1.6878988876848582,1.6497046806546065,1.720881065673251,1.7408047707530534,1.7095963704740285,1.51275580570629,2.062633670811608,1.638811467421063,1.6634408274004577,1.8180795200086701,0.7503576619888855,0.722485036545788,1.0629559057592555,2.0594530331833396,2.358106299624051,0.5312046671631575,2.4232389235985723,0.6319155785715129,0.8279284830466167,0.9981218886185235,0.8691663603123173,1.049788942148837
2024-05-27,1.573532578511747,1.5775648569206766,1.610252931068437,1.7012450409779079,1.6768891097395184,1.7357323078477194,1.787297413728888,1.7368818367302747,1.520382196991667,2.080554033089244,1.6465490096486737,1.6741935155725005,1.8405665893261864,0.7485694202614989,0.7190160799539405,1.0667946921085256,2.0856125129330123,2.41841976968509,0.5239477452903322,2.479229215297736,0.6319155785715129,0.8279284830466167,0.9981218886185235,0.8691663603123173,1.049788942148837
2024-05-28,1.575807126945221,1.57834510477807,1.614180317313702,1.7106658480205272,1.6807725361188401,1.7450142987987767,1.794156988770342,1.739866156649464,1.522561225302797,2.078762024205783,1.6419064370858973,1.6806451941049267,1.8461883566555655,0.7492847442392733,0.7205929057455773,1.070633405239036,2.1070154143709403,2.439420060615134,0.5224963678364807,2.5093315621747374,0.6228566172008932,0.8232932543147655,0.9972632401578829,0.8639665794760807,1.045567486388501
2024-05-29,1.554426454967018,1.561180723357392,1.596506929389828,1.6965346973526283,1.6601901096506393,1.7348040520998367,1.7773890740587432,1.7304867725415907,1.4996819475448766,2.0644256796950686,1.646549009648674,1.6817203644783307,1.849561451365738,0.7514306479555471,0.7218543062291333,1.0733205337178973,2.141498282479027,2.3904181766312567,0.5283019122554545,2.4533412704755735,0.6153190193982929,0.8192819999892811,0.9968951677441827,0.8593355779376293,1.0424354720807858
2024-05-30,1.5275866723900908,1.5338737150361421,1.569014776212428,1.6729826198500488,1.6306756839954226,1.7032453395190186,1.7430913442245708,1.7066120505548392,1.484973818150116,2.0500894719058684,1.637263982588646,1.6698925059328837,1.847312778746531,0.7478540962837247,0.7221696713874607,1.0614203619320435,2.11652789060846,2.3080263362303945,0.5370101769785633,2.3841058726584716,0.6212660863545526,0.8233824129465637,0.9979991978139566,0.8646165598288025,1.0466569278411215
2024-05-31,1.510300159826657,1.5213904636124986,1.5621417753731235,1.662776695640519,1.6194135400948817,1.6753993666658467,1.7187016633143453,1.7023487828512085,1.5029503861097828,2.057257644161226,1.6388114674210632,1.661290322580649,1.820328192627877,0.7492847442392733,0.7205929057455774,1.0648752623245108,2.082045249295696,2.2843323155489403,0.5384615544324147,2.367248631899409,0.6254843934261789,0.8272154180165618,0.9993485159072009,0.8684351169191206,1.0503336628751472
2024-06-03,1.54259877534747,1.5471370952680703,1.5807970847684045,1.6839735414344286,1.64815125084559,1.7115990747221934,1.752237347364444,1.718975754581902,1.5078530959080363,2.0698018430669656,1.6511914641459258,1.6666666666666707,1.8180795200086701,0.7457081925674508,0.715862548670174,1.0552783330607152,2.0642093846997613,2.3645702567810716,0.5297532897093059,2.428055225606835,0.6355668393167039,0.8326172254557528,1.0004770526931055,0.87440668960817,1.0535747435084744
2024-06-04,1.5180336800314358,1.526071712658642,1.565087240146981,1.6659169247240389,1.6236853979980677,1.6883940973445501,1.719463854471518,1.7057593644874658,1.4980476763115294,2.066217825300044,1.6511914641459258,1.6677420011130755,1.8237012873380491,0.75107298596666,0.7196468102705953,1.0671785048465692,1.972651659166554,2.298333112075857,0.5384615544324147,2.367248631899409,0.6429910351184254,0.8371768364958909,1.0014614605664796,0.8778318827099031,1.0530274905134378
2024-06-05,1.5325907067092173,1.5408954695562487,1.5729421624576927,1.6721975026831388,1.6357241086598966,1.706958079246665,1.7316586222400814,1.6993644629320195,1.4985924333893117,2.069801843066965,1.6527390670438677,1.673118345199097,1.8338205714685658,0.7492847442392733,0.7199621754289227,1.0629559057592557,1.9631391829290339,2.320949279312615,0.5355587995247117,2.390126342033872,0.647709219091071,0.8402165999258692,1.0024459623271091,0.8807677802884385,1.0564477434490394
2024-06-06,1.5849053206791166,1.5884877316786423,1.6220352396244133,1.7090957334787678,1.6745589650259936,1.7552245454977167,1.779675647530261,1.7074647366222129,1.5062188246746888,2.08413818757768,1.6682141514990891,1.7000000656292047,1.8630536586437032,0.7517883099444344,0.7187007749453669,1.0752399635019125,1.9916766116415943,2.417341690275311,0.5224963678364806,2.486453852040275,0.6467378329440476,0.83985897668648,1.0025690485190015,0.880196914771483,1.0546691451207113
2024-06-07,1.572622842434809,1.5767847281123923,1.6102529310684366,1.7020301581448183,1.6656269658389777,1.738516933459425,1.76519430629018,1.7057593644874653,1.5143899730378487,2.087722205344601,1.6713091211639235,1.7000000656292047,1.8641780807346686,0.7389127512126931,0.7086092703281515,1.080998106416438,2.0237813039914707,2.4092645683925697,0.5253991227441835,2.4762189806100365,0.6348729996311978,0.8310079549833309,0.9999848018127905,0.8722863053081888,1.0519329845233645
2024-06-10,1.572622842434809,1.5767847281123923,1.6102529310684366,1.7020301581448183,1.6656269658389777,1.738516933459425,1.76519430629018,1.7057593644874653,1.5143899730378487,2.087722205344601,1.6713091211639235,1.7000000656292047,1.8641780807346686,0.7389127512126931,0.7086092703281515,1.080998106416438,2.0237813039914707,2.4092645683925697,0.5253991227441835,2.4762189806100365,0.6306405087320639,0.8292199069960438,1.0001077941174277,0.8704921387635643,1.0528906511702194
2024-06-11,1.576717001849578,1.5806857293011423,1.6190896250303737,1.7051703872283377,1.6706755386466718,1.7477989244104823,1.7697673078601164,1.7032014689185822,1.5154794871934136,2.087722205344601,1.6759516937266998,1.7064515800886302,1.8664267533538756,0.7324749718468224,0.7035635480944206,1.0449136318833137,2.0725327730581764,2.402265299954525,0.5253991227441835,2.4744129132894743,0.637162718236285,0.833600672311658,1.0012153820699496,0.874243549620654,1.0542587314688927
2024-06-12,1.6049213191282026,1.6095531142880704,1.6377450842458368,1.7185165405213871,1.689704535305856,1.7793576369913005,1.8063517565389053,1.704054154985956,1.5111215344729425,2.0966823864834194,1.6805941482239517,1.7247311171665032,1.8934111679098058,0.731044392108323,0.7032481829360931,1.04952019014619,2.092746813412322,2.456652835720561,0.5195936129287777,2.5189643499214065,0.6419502491218789,0.838249706214058,1.0025690485190015,0.8796260492545274,1.0584999160859672
2024-06-13,1.6281217409151199,1.631398744754892,1.6622916228291973,1.7412836206491173,1.7141705362965984,1.8090599797082956,1.8444604421589406,1.7232390222855325,1.517113758426761,2.109226585389159,1.6945217478467562,1.750537667223207,1.951877685385528,0.731044392108323,0.7032481829360931,1.0472169476241318,2.0891795497750056,2.522349471947848,0.5108853482056689,2.5755567253041396,0.6513866170671702,0.8437926959004433,1.0041687934645829,0.8837852478607318,1.058363076742749
2024-06-14,1.637674872101194,1.6423215004637488,1.6730920099137667,1.7522745422334967,1.7231025354836143,1.8304085872221156,1.8619904026546132,1.7287814004068431,1.5236506355565735,2.118186766527977,1.6960692326791735,1.7580645161290367,1.9552506085329764,0.7331902958245968,0.7019867824525373,1.0460652897537228,2.0891795497750056,2.5535832695452743,0.5094339707518174,2.622516496670348,0.6568680405748448,0.8457595896122542,1.0042918796564755,0.8845191911455282,1.0542587314688927
2024-06-17,1.637674872101194,1.6415412526063553,1.6711283167911342,1.7538446567752566,1.7250442486732749,1.8155574866795892,1.8635147849689584,1.7390134705820903,1.5187479257583198,2.1235629298998733,1.6914267781819219,1.763440860215058,1.9698672379019067,0.7342632817912583,0.7070325046862681,1.0529750905386572,2.0868013740167948,2.5535832695452743,0.5094339707518174,2.622516496670348,0.6503458840071985,0.8418258703982908,1.003307377895846,0.8803599925393238,1.0549428238071474
2024-06-18,1.6649694533028805,1.6688482609276052,1.7025478562137988,1.778181851444746,1.7467918215698484,1.8489725691242302,1.8894287028204302,1.7462610582049103,1.5345455693086456,2.12893909327177,1.7053542597392015,1.788172075825357,2.001349169258974,0.7346209437801454,0.7086092703281515,1.0518234326682483,2.134363981999718,2.6295134124399437,0.5007257060287086,2.68874165979975,0.6563129476518101,0.8454913892351269,1.0046610443448978,0.8844376211517703,1.0582262373995308
2024-06-19,1.7100054845201793,1.7203415242387485,1.7359312385792778,1.812724850531705,1.7933936788378084,1.9083773961901624,1.9526891151347645,1.7701357801916615,1.5421719605940227,2.14327530106097,1.711544317134395,1.7903225806451655,1.990105634600216,0.73140205409721,0.7051403738860575,1.0548944471039123,2.162901410712278,2.735059216974498,0.49056606385174834,2.7995182595610846,0.6563129476518101,0.8454913892351269,1.0046610443448978,0.8844376211517703,1.0582262373995308
2024-06-20,1.726382261006675,1.7297039032819268,1.7516409333805192,1.8284262355334244,1.8135878219253654,1.9158028756454546,1.9839382257133453,1.7884681240571023,1.5476194274700588,2.1469516722184108,1.7161868896971713,1.7978494295509957,2.0002247471680086,0.7324749718468223,0.6994639213356719,1.0598848913235914,2.1581450591958564,2.7910648886980747,0.4862118968866259,2.853702483939686,0.6519417099902048,0.8433457180084507,1.0042918796564755,0.8815017235732349,1.0575422494391122
2024-06-21,1.7159193937436628,1.7164405230499984,1.750659161729294,1.8245008892829946,1.8003839648351636,1.8935261540156938,1.9686946933160916,1.786336490205287,1.5525221372683125,2.1487897876775213,1.7038067749067842,1.7666666994812712,1.9541263580047339,0.7228183027980163,0.6937874687852863,1.069481820587387,2.178359099550002,2.757677643862083,0.48911465179432884,2.824804304429823,0.6519417099902048,0.843524495523316,1.0046610443448978,0.8817464335545084,1.0587734903945674
2024-06-24,1.674067647036776,1.6789908878281767,1.7133483931185498,1.7891727730291256,1.7677626795619135,1.8628955555508162,1.9214398591830844,1.7654460881377247,1.5525221372683125,2.1414371856018595,1.7007118052419499,1.7580645161290365,1.9530019359137685,0.7299714061416612,0.6969410602188065,1.052975090538657,2.162901410712278,2.638666580046719,0.4992743285748572,2.7019865821875437,0.6545783219697576,0.8442397420020942,1.0047841305367904,0.8826435168268207,1.0576789844044943
2024-06-25,1.6731577721324187,1.676650263305105,1.7074571639304705,1.7836773122369358,1.766985964657405,1.8563981902114646,1.9191534310846656,1.760756396083788,1.5525221372683125,2.134084583526198,1.6991643204095326,1.7483871624033982,1.9226444266476659,0.7306867301194355,0.6941028339436137,1.05335897649546,2.1914388394248383,2.643514434931943,0.4992743285748572,2.712221453617782,0.655688507815827,0.8449549884808725,1.004907216728683,0.8823172990714641,1.059047169081004
2024-06-26,1.6863502641085024,1.6922542680601051,1.7221850870804867,1.7930981192795554,1.7786363919385901,1.8842441630646363,1.932872581167574,1.7564931283801573,1.5399930361846816,2.128570237148867,1.7099968323019776,1.7731182139406967,1.9507532632945614,0.7249642747313392,0.6925260081519767,1.048752418232584,2.1831154510664237,2.674207724051442,0.4963715736671543,2.7338951801152516,0.6463215397200588,0.8398589766864799,1.0039227149680534,0.8775056649545463,1.0567213177576396
2024-06-27,1.685895326656324,1.6891335147287485,1.7251307016745265,1.7915280047377955,1.771257822560591,1.8777467977252846,1.9282994342245385,1.7441294243530947,1.5356350834642105,2.1212176350732053,1.7130918019668122,1.7698925387474844,1.9811107725606643,0.7271101784476129,0.6947335642602684,1.0406910327960004,2.166468447554271,2.6575152314588597,0.4963715736671543,2.720650073997313,0.6488887518500885,0.8417364475360289,1.0046610443448978,0.8792182615054127,1.0579526630909308
2024-06-28,1.6963581939193362,1.7039572716263551,1.7398586248245425,1.8056592751977554,1.7867916762210974,1.8907415284039881,1.9481159681917284,1.7530823841106622,1.5465299133144939,2.1230557505323158,1.7192818593620058,1.78387090211274,2.022711816485525,0.729971406141661,0.6969410602188065,1.050671848016599,2.206896528262562,2.7011337233114063,0.4934688187594513,2.791089639181553,0.6368157719252444,0.8372662593581527,1.0047841305367904,0.8735911763296155,1.0553532374589663
2024-07-01,1.697723006275872,1.7070781440068201,1.7369130102305028,1.8080145069064253,1.7860151094598093,1.8953825238795166,1.9496403505060733,1.7628880299356036,1.550887866034965,2.1377609546836394,1.7161868896971715,1.7784945580267184,1.99685182402056,0.7267525164587257,0.6918953379850756,1.0499040761029932,2.1985731399041475,2.7011337233114063,0.4934688187594513,2.7688138290005146,0.625859909996809,0.8310526677786549,1.0039226623911903,0.8684207258275245,1.0551480473335109
2024-07-02,1.6863502641085026,1.6945948925831766,1.725130701674526,1.7923131219047057,1.7728112523696078,1.8814595374529306,1.9313481988532282,1.7522296980432885,1.550887866034965,2.1506279031366318,1.722376947092365,1.7849462365591444,2.0294580059058696,0.7364091855075316,0.6966256950604791,1.0529750905386575,2.2437575721288603,2.6612850069343046,0.4963715736671542,2.724864476052151,0.630732560527125,0.8341914092417391,1.0047869383978874,0.8739859539416226,1.058036213657775
2024-07-03,1.7068212000097678,1.7140998985269265,1.7428042394185816,1.813509967698615,1.7933936788378084,1.8963107796273992,1.9435429666217916,1.7658723498547928,1.579759367746704,2.161656736130514,1.7424944860448381,1.816128966628869,2.090173024438075,0.7378397652460311,0.6969410602188064,1.0556622190175187,2.2366230448542277,2.734521194112481,0.49056606385174834,2.805538728936485,0.63901611953657,0.8397515144187968,1.0062685947803767,0.8804514441359534,1.0617495403807318
2024-07-04,1.751402293774888,1.7577911594605697,1.7752057003126536,1.8409873914516244,1.8252382492065502,1.934366857547569,1.9892734184404532,1.7854838041379133,1.5906543014987757,2.169009338206176,1.7424944860448381,1.8204301403414866,2.11153584322735,0.734978537551983,0.690633877351766,1.0652591482813143,2.2390012206124386,2.8508383022113524,0.48040638707122,2.8994580879387564,0.63901611953657,0.8397515144187968,1.0062685947803767,0.8804514441359534,1.0617495403807318
2024-07-05,1.745033585926645,1.7538901582718198,1.777169393435286,1.8433426231602945,1.8236848193975335,1.9399361087709803,1.9854624626545905,1.7880416997067963,1.5933779829858994,2.1763619402818377,1.7393995163800038,1.8150537962554651,2.116033188465764,0.7206723990817421,0.681173163200959,1.0671785048465696,2.247324608970853,2.8346836065157044,0.48040638707122,2.9048764736305874,0.6443064106529396,0.8444148460948924,1.0081206417087334,0.8850345511333931,1.0649128301237871
2024-07-08,1.8000776857821967,1.8038229258681762,1.8301898568472716,1.877885622247253,1.864073105572647,1.9993407942049704,2.05024725728327,1.7965683977472957,1.5988254498619356,2.1653331072879554,1.7409470012124209,1.829032323693721,2.1261524725962806,0.7217453850484035,0.6802270677259769,1.0767754341103652,2.2247323928584968,2.9262283885582594,0.4731494998019627,2.9981937489492902,0.645698634452964,0.8446838713032379,1.007997146793771,0.8849526920969675,1.0646378116338362
2024-07-09,1.7982579359734825,1.8061635503912477,1.8272443920734138,1.8708200469133036,1.8625196757636302,2.003981789680499,2.057106832324724,1.7944367638954803,1.5922884688303347,2.1469516722184117,1.7579695705000595,1.8494623655914024,2.145266447203625,0.7249642747313388,0.681173163200959,1.0671785048465696,2.206896528262562,2.917072961300656,0.4731494998019627,2.9698974693928517,0.6428446154938449,0.8435180041744977,1.007750251162866,0.8833158860093533,1.063399966106957
2024-07-10,1.8046267826491447,1.8139655527687477,1.838044779157983,1.8794557367890128,1.8702866766654935,2.003981789680499,2.060155596953414,1.8050950957877954,1.6020938884268416,2.1395990701427503,1.7533271160028079,1.8505377000378072,2.1508882145330044,0.7310443921083223,0.6890571117098827,1.0690979346305844,2.1819263631873183,2.940229185085176,0.4731494998019627,2.99518351426159,0.6448633001729495,0.8443251482189665,1.0081206417087334,0.8854437838753716,1.065875552231875
2024-07-11,1.8446587795473175,1.8553161891793195,1.8753555477687271,1.9092883922506922,1.8986361040355577,2.0438943790964337,2.0845451324905406,1.8183114858822318,1.6211599705420732,2.146951672218412,1.7734446549552811,1.8645160634030626,2.1576342323906252,0.7349785375519828,0.6950489294185956,1.0744721915883069,2.217598092379188,3.0360837991509375,0.4644412350788539,3.096929593689969,0.6511281745032899,0.8497058576441724,1.0104664798989003,0.8901905465055128,1.0697264406642275
2024-07-12,1.7864303951813538,1.8038229258681762,1.8223350843567416,1.8723901614550633,1.8590245327649524,1.9687103373720345,2.019760337861861,1.8072267296396107,1.6249731661847617,2.145113416520082,1.7486845434400318,1.8172043010752734,2.063188609882145,0.7396280751904669,0.6975717905354611,1.0852207787225114,2.2128419676580893,2.9025341419117225,0.4746008772558141,2.9608667653297513,0.6539125689954309,0.8514994046460969,1.0119481362813898,0.8934642211208911,1.0724771502079364
2024-07-15,1.7896146796917658,1.8007021725368197,1.8252805491305992,1.8723901614550633,1.862131392382986,1.9882024333900896,2.0220469113333785,1.8063740435722369,1.6195256993087257,2.148789787677523,1.7734446549552811,1.8451613559517854,2.0901730244380756,0.7442775446119018,0.7016714172942099,1.0882917931581757,2.2057074403834567,2.9025341419117225,0.4746008772558141,2.966887234705151,0.6463947197990224,0.8488090841432101,1.0119481362813898,0.8885537404178986,1.0726146069884916
2024-07-16,1.8000776857821972,1.8097992358795196,1.8350992844200884,1.877885622247253,1.8644613889532906,1.9984126800890296,2.0273821040604876,1.806374056582896,1.617891531977167,2.1524660185957436,1.7796347123504748,1.848387031144998,2.093546119148248,0.7432046268622895,0.7016714172942099,1.0959692926379563,2.1866824879084166,2.9294601411716874,0.4716981223481112,3.000601899953421,0.6555135599805744,0.852575573898911,1.0123185268272572,0.8937097357900181,1.076740618839635
2024-07-17,1.7749305509972588,1.7862341410380764,1.8122968326898363,1.8551186619115838,1.848927535292784,1.9705667072358577,2.00527899662178,1.7932527285240192,1.619525699308726,2.1432753010609717,1.7811821971828918,1.8311828285135294,2.0733077224499383,0.7464235165452248,0.70482500872773,1.114011566513898,2.1640904985913836,2.8896089391786752,0.47605225470966556,2.937989055195288,0.6556528089145306,0.8532930200674538,1.0124420217422196,0.8941189685319966,1.0755027733127558
2024-07-18,1.7429251067255191,1.7501010675294928,1.775614706659659,1.8292113527003342,1.82057810792272,1.920443871120983,1.950402541663245,1.7670100724062656,1.621704727619856,2.1561423897531844,1.7626121430628359,1.7870967413789527,2.0294580059058704,0.7542918756495949,0.7095553658031334,1.1128599086434892,2.2235435317747143,2.7910648886980756,0.4833091419789229,2.836243159497054,0.6506409094502582,0.85087165635348,1.0119481362813898,0.8902724055419383,1.0733023106066288
2024-07-19,1.7031468558890057,1.7123968918115298,1.7409153696327417,1.8080145069064248,1.7840732481269277,1.8861005329284593,1.915342475298801,1.741204721590221,1.6020938884268416,2.1230557505323175,1.7564220856676425,1.7903225806451657,2.026084911195698,0.754649537638482,0.7114474966033442,1.092898278202292,2.1961949641459366,2.673669927154508,0.4934688187594512,2.745936118866051,0.6468123603850758,0.8481813358505934,1.01145425082056,0.88699873092656,1.0724771502079362
2024-07-22,1.6523953377801428,1.6589826528659382,1.6913448881657172,1.756985005650836,1.7366948240976794,1.826695847494469,1.851320017200393,1.7075265405695028,1.5862963487783048,2.1046743154627734,1.7440419708772554,1.7806452269195274,2.010344031298526,0.752145971933321,0.7095553658031335,1.0848368927657084,2.1521998465956527,2.5498134940698307,0.5050798383902629,2.608067406915416,0.6449329246399276,0.8473741918061247,1.0115777457355224,0.8865077015883057,1.076465495420844
2024-07-23,1.703604104427992,1.706898393653514,1.7349668513458572,1.7985936998638052,1.7747529655592678,1.8842441630646358,1.9016234705889914,1.7263338386310303,1.6004596171934942,2.13592269898531,1.7564220856676425,1.794623590284783,2.045198885803042,0.7485694202614985,0.703248182936093,1.0806142204596352,2.134363981999718,2.6645144998969053,0.49492019621330263,2.7206500739973127,0.6440279658929349,0.8480019400987415,1.0120716311963522,0.8858529541772001,1.0766030571302394
2024-07-24,1.703604104427992,1.706898393653514,1.7349668513458572,1.7985936998638052,1.7747529655592678,1.8842441630646358,1.9016234705889914,1.7263338386310303,1.6004596171934942,2.13592269898531,1.7564220856676425,1.794623590284783,2.045198885803042,0.7485694202614985,0.703248182936093,1.0806142204596352,2.134363981999718,2.6645144998969053,0.49492019621330263,2.7206500739973127,0.6370670062165361,0.846118695220891,1.012565516657182,0.8804514441359534,1.0731647488972333
2024-07-25,1.703604104427992,1.706898393653514,1.7349668513458572,1.7985936998638052,1.7747529655592678,1.8842441630646358,1.9016234705889914,1.7263338386310303,1.6004596171934942,2.13592269898531,1.7564220856676425,1.794623590284783,2.045198885803042,0.7485694202614985,0.703248182936093,1.0806142204596352,2.134363981999718,2.6645144998969053,0.49492019621330263,2.7206500739973127,0.6422877259738351,0.8480019400987415,1.0126889173731246,0.8839706334204589,1.0733023106066288
2024-07-26,1.6368498641832592,1.6464146741987975,1.668542436435465,1.7452089668995465,1.7285393916719516,1.804418984232766,1.8376008671174846,1.6979041554645151,1.5862963487783046,2.1175412639157662,1.722376947092365,1.7247311171665032,1.9440070738742177,0.7317596478690476,0.6887417465515552,1.0702495192822337,2.1355528430835005,2.4948879354417777,0.5094339707518173,2.5436483111065766,0.6472996254381075,0.8520375234822202,1.0140470788406517,0.8888811141234514,1.076740618839635
2024-07-29,1.6514809802348345,1.6597682039706276,1.691344888165717,1.7585551201925957,1.7308695363854767,1.7459425545466585,1.839125104058731,1.6804089401548536,1.5999149640175006,2.112026917538435,1.7378520315475865,1.7451613231371854,1.9574994527149063,0.7328326338357091,0.6890571117098825,1.0802303345028323,2.111771765887362,2.51481240661287,0.5079825932979658,2.5701383396123085,0.6507801052763069,0.8534723473998733,1.0141705737556141,0.8907634348801927,1.0757778967315468
2024-07-30,1.6514809802348345,1.6613391863217366,1.6953104661722371,1.7499193105248256,1.7335879644796457,1.8127728610678828,1.855130827613157,1.6782220799528307,1.5857515917005223,2.095483597928002,1.7332094589848102,1.733333300518738,1.9485045906753549,0.722460709026178,0.6795963374093219,1.0775432060239711,2.05945303318334,2.5212738781539805,0.5065312158441143,2.579169043675409,0.6532860550084432,0.8552659628212302,1.0145409643014816,0.891500041327724,1.0763280386402887
2024-07-31,1.6537670833971014,1.6597682039706279,1.6923362070287948,1.7514895448586463,1.736306392573815,1.8090599797082947,1.8528442541416394,1.6782220799528307,1.6026386455046242,2.102836200003664,1.7285668864220338,1.7247311171665034,1.9316392886872173,0.7399857371793541,0.7004099566609002,1.0921305795074459,2.074910948816387,2.5196580018472665,0.5065312158441143,2.580373211042547,0.659968569924837,0.8615434457473984,1.0166399068607432,0.8966560366998436,1.0801789270726412
2024-08-01,1.6825719274286017,1.6896173480747763,1.7230699660491917,1.7852474267786949,1.7623258233735744,1.853613564599758,1.8856177470345656,1.7123377331219967,1.6031834025824068,2.1212176350732075,1.753327116002808,1.7709677091208884,1.98898121250925,0.732474971846822,0.6944181991019408,1.1032629793796938,2.141498282479027,2.6063571886554247,0.4978229511210055,2.6676700169858494,0.665641752061102,0.8652113299644254,1.0183931940295536,0.8996187109155178,1.0778270990583434
2024-08-02,1.597528861885732,1.6087104984808343,1.6447485145650307,1.7083107361039176,1.6889279685445666,1.7561526596136563,1.7834864579430236,1.6620391142417739,1.58302780631161,2.08813099585234,1.7115443171343951,1.6946237215431832,1.896784262619977,0.7292560821638866,0.6909492425100933,1.1090211222942192,2.093935901291427,2.3586465821368967,0.5195936129287775,2.4292593929739734,0.6863841386607561,0.8786135859227977,1.0240915268613717,0.9084070954390799,1.0742324691002465
2024-08-05,1.4516755080396222,1.4720328764855022,1.502977058591024,1.5669982710884411,1.5398021141730263,1.5965024435818587,1.6142839461243834,1.5356366925120224,1.4817053795852102,1.9723280390577458,1.6496439793135091,1.6043010424542212,1.747245217345947,0.7310443921083225,0.6887417465515552,1.102879093422891,1.9881093480042777,1.905225724994846,0.5703918930207149,1.9434074408871211,0.6900158306539005,0.8795130537530581,1.023843814351591,0.9061073406349506,1.0675963427707265
2024-08-06,1.5316891187189714,1.532516715798489,1.568410003361234,1.6447200789301288,1.6019378251014929,1.6698301154424346,1.6889769350501087,1.5662532358805608,1.5192926828361026,2.010929024655944,1.6558340367087028,1.6462366247689895,1.823701287338048,0.7213877230595165,0.6814885283592862,1.0844530068089056,2.02140312823326,2.0893933684897354,0.5457184417016719,2.1517157180219963,0.6745812196081812,0.8716876081422954,1.0226050627813152,0.9001936496165501,1.0716057174395026
2024-08-07,1.5924994070222114,1.5945714176043142,1.6179804848282584,1.6871137705179475,1.6586366798416214,1.7375886777115417,1.753761729678788,1.6178639375126496,1.5394482791068993,2.0513681257132523,1.666666548601148,1.6569893129410325,1.8529345460759092,0.7256795987091134,0.6818038935176135,1.0775432060239711,2.007134300479318,2.2541768233263766,0.523947745290332,2.289584429972632,0.6698321740967963,0.8685393677988887,1.021985639740834,0.8960869267052852,1.0736795464722249
2024-08-08,1.5595796052051631,1.5662932558512743,1.6070750696717753,1.6635616930153683,1.631840682280574,1.7051017093828411,1.7148908529015803,1.608241552407662,1.5301876165881747,2.0366630618011494,1.635716379690705,1.6150537306262642,1.7843489160323942,0.7238912887646776,0.682749928842842,1.077159320067168,2.047562381187609,2.157784186398598,0.5341074220708603,2.205899942400598,0.6657116066372782,0.8659308630536356,1.0214901202105864,0.8964976240618592,1.0781036658516803
2024-08-09,1.6080450201517589,1.6134234455341607,1.6457399847052125,1.7067405017700974,1.671063822027315,1.7459425545466587,1.7590969224058972,1.633609431075259,1.5650512383519433,2.0660733298645755,1.6604766092714793,1.6505376344086062,1.8326961493775993,0.7217453850484038,0.6777042066091111,1.0886756791149788,2.0630202968206564,2.2800247431765617,0.5210449903826291,2.328717480912733,0.672276551428665,0.8694389042541457,1.0217379272310536,0.901097133670118,1.0779653824550117
2024-08-12,1.6281627000731769,1.634632126778076,1.6635853882887621,1.7318628136064973,1.6990249660167356,1.7728602716519481,1.8040651830673866,1.656790616387571,1.5721329764613265,2.0862928803932297,1.6744040908287587,1.6666666666666707,1.8619294081154603,0.7217453850484038,0.6758120758089005,1.0928982782022922,2.086801374016795,2.3371062346590907,0.5137881031133718,2.3931365767215724,0.6747209287605336,0.8718674742583488,1.0223572557608482,0.902986253781292,1.0786565884797017
2024-08-13,1.632277657858725,1.6401306249360919,1.6725080144419848,1.7255822356473973,1.702131825634769,1.7839986324668287,1.8154977596787771,1.661164336791617,1.5710434623057616,2.0899691113114502,1.6759516937267007,1.6688171714864792,1.864178080734667,0.7181688333765813,0.673289214692035,1.104414637250103,2.1367419309626063,2.352182850944959,0.5108853482056688,2.408187750160073,0.6794001729791719,0.8757352476909659,1.0239677178618247,0.9093105794926478,1.083633735966505
2024-08-14,1.652852586319129,1.6597682039706279,1.68440489973865,1.7475641986082169,1.723102535483614,1.8007062445051203,1.8391251040587313,1.6777847746511214,1.5868410019542984,2.1120269175384347,1.696069232679174,1.7000000656292042,1.908027797278735,0.7170958474099198,0.6723431192170528,1.1040307512932999,2.120095154245777,2.403340893748395,0.5065312158441143,2.4551473377961366,0.6836603963076128,0.8769045490078048,1.023843814351591,0.9133351503998742,1.0855692816025588
2024-08-15,1.6400504644234986,1.6503421900057047,1.672508014441985,1.7452089668995467,1.7130055380114457,1.7877115138264168,1.823119525877404,1.669474472298,1.5754014150262325,2.102836200003663,1.705354259739202,1.7086020849084382,1.9102764698979418,0.7242489507535649,0.6773888414507837,1.0998080789872267,2.0832343371748023,2.3823408287834336,0.5079825932979657,2.441300331724774,0.6781430570251495,0.8714177060307202,1.021366216700353,0.910542608898751,1.0865370544205857
2024-08-16,1.677085224026095,1.6864752635142883,1.713155869755787,1.7719012734856459,1.74679186304995,1.82762396161041,1.861990402654612,1.6979041554645151,1.5955569489559562,2.117541263915766,1.7363044286496452,1.748387162403398,1.961996797953319,0.7267525164587259,0.6770734762924564,1.1001919649440295,2.1046374654080533,2.486808327943126,0.49782295112100544,2.536423674364039,0.6805176330642716,0.8731267429457128,1.022481159271082,0.9132530610594543,1.0899934009820142
2024-08-19,1.6793713271883621,1.688046245865397,1.714147188618865,1.7734713880274056,1.7475794337532449,1.8341214685817038,1.8691427465800656,1.6983416276129628,1.5795959301100417,2.1212176350732066,1.7161868896971721,1.7279569564327157,1.9417584012550093,0.7292560821638869,0.6751813454922457,1.1197697094284238,2.0618312089415514,2.485732508184174,0.49782295112100544,2.5352196907270454,0.6836603963076127,0.8742960442625517,1.0222333522506148,0.9153885118555066,1.0917907687007258
2024-08-20,1.6802858242663343,1.6888317969700868,1.7131558697557872,1.7734713880274056,1.7491544249460824,1.8294804731061751,1.872321481892673,1.701840570566852,1.5795959301100417,2.124893865991427,1.7285668864220343,1.7483871624033978,1.9732403326120773,0.7253219367202264,0.6682434924583042,1.12053748134203,2.0071343004793185,2.4932720591350632,0.49637157366715395,2.5472606294778455,0.6891078810138997,0.8778040168380653,1.023719910841358,0.9177704186636745,1.090822995882699
2024-08-21,1.6624542475071835,1.6691942179355508,1.6943189960320555,1.7609103519012665,1.7365535941208687,1.8146292309317067,1.8548380587291582,1.690906102709998,1.580146219572827,2.1230557505323167,1.7270194015896172,1.7462364935105885,1.9664941431917329,0.7217453850484039,0.671081718733497,1.1270633961701613,2.004756351516431,2.460422611196006,0.5007257060287084,2.5165561989172756,0.6895269551875269,0.8796030211235828,1.024834853412087,0.919823780119307,1.0933115696261004
2024-08-22,1.6537670833971012,1.662124737426426,1.6923362070287953,1.751489544858647,1.7286781875154245,1.8062754957285319,1.8453015496359966,1.6874071597561089,1.5751928795687198,2.1193795196140957,1.7316619741523935,1.7526881720430145,1.961996797953319,0.7256795987091136,0.6701356232585148,1.1197697094284238,1.9726516591665546,2.4286510167016453,0.5036284609364113,2.4888620030444057,0.6826826453748652,0.8755553129499156,1.0234721983315775,0.9160456025605774,1.0919290520973943
2024-08-23,1.65468144094241,1.6644811510239539,1.6913448881657172,1.7499193105248263,1.7306470391667856,1.8053472399806494,1.8508646016939816,1.688719242507975,1.576843957911087,2.128570237148868,1.7270194015896172,1.7387096446047585,1.924893099266872,0.7292560821638869,0.671081718733497,1.1166986949927595,2.0035672636373256,2.4410359369218484,0.5007257060287084,2.494882472419806,0.6871523791484048,0.8796030211235827,1.0258257979618954,0.921302202873907,1.0977356890055558
2024-08-26,1.6574247926436632,1.6636957197775348,1.7012589844591222,1.7671909298603665,1.7404914476373432,1.8155574866795894,1.8453015496359966,1.7066517631193456,1.5950065545161651,2.1304083526079785,1.7316619741523935,1.739784979051163,1.930514866596251,0.7242489507535649,0.6682434924583042,1.123608495777694,2.059453033183341,2.4501913641794517,0.5007257060287084,2.5093315621747374,0.6854063877280087,0.8785236185522721,1.0253302784316478,0.9201523254718422,1.095523576576165
2024-08-27,1.6501092346178756,1.6574116705148294,1.6913448881657174,1.7530596594004066,1.7282843270569008,1.8016345002530034,1.8405333708782508,1.7000910156665379,1.595556948955956,2.13776095468364,1.7301144893199765,1.725806451612907,1.9136495646081135,0.7260371924809516,0.6669820318249946,1.122072951950482,2.111771765887363,2.448037465010721,0.5007257060287084,2.504515260166475,0.6842191263501625,0.8781638176951686,1.025949701472129,0.9194131454263516,1.0962148880801812
2024-08-28,1.673427514779533,1.680191214251583,1.7111730807525272,1.7687610444021262,1.7463980025914263,1.8276239616104104,1.8635798460997506,1.7053396803674794,1.591704292854425,2.1359226989853095,1.7363044286496454,1.7333333005187368,1.912525314079872,0.7170958474099199,0.6625670399079185,1.122072951950482,2.065398472578868,2.495425958303795,0.49637157366715395,2.5514748478025386,0.6833810312863378,0.8777141180925366,1.0258257979618954,0.9175240253151775,1.0956618599728334
2024-08-29,1.6505664831568618,1.6613391863217366,1.7022503033222003,1.757770003025686,1.7326158908181466,1.812772861067884,1.854043337006589,1.706214290970898,1.5828981917717813,2.1359226989853095,1.7192818593620067,1.7000000656292038,1.8653023312629082,0.7160229296603076,0.6638284403914745,1.1232246098208911,2.0463732933085046,2.4496535672825175,0.4992743285748569,2.5021071091623437,0.681146164399568,0.8761850159185941,1.0257019889623487,0.9159634505565388,1.0967679161875288
2024-08-30,1.6583392897216354,1.6613391863217366,1.7042330923254603,1.7632655836099365,1.7393100164755246,1.8229829661348815,1.8532486152840195,1.7084013180196598,1.5867508478733123,2.141437185601861,1.7301144893199767,1.7193547730804808,1.8934111679098038,0.7324749718468223,0.6799117025676493,1.1224568379072852,2.0820452492956973,2.4760392840296372,0.49782295112100544,2.5322094560393444,0.6738828336967088,0.8731267429457125,1.0257019889623487,0.9134173024039125,1.096906094104871
2024-09-02,1.6537670833971012,1.6597682039706279,1.6933276771689774,1.7585551201925964,1.7369474545793924,1.814629230931707,1.8445068279134271,1.7084013180196598,1.5911538984146343,2.148789787677522,1.7486845434400329,1.7344086349651415,1.914773986699079,0.7217453850484039,0.6682434924583043,1.1124760226866865,2.007134300479319,2.4555770159616106,0.49927432857485693,2.5099336458583057,0.6738828336967088,0.8731267429457125,1.0257019889623487,0.9134173024039125,1.096906094104871
2024-09-03,1.6464515253713137,1.655055137059031,1.6913448881657172,1.7507044276917367,1.7278906168121295,1.802562614368944,1.8429175360459584,1.7049022082190322,1.5839989806513635,2.154304134054853,1.7517795131048675,1.7344086349651415,1.9158982372273208,0.7163805916491948,0.6641438055498019,1.1132437946002927,2.023781303991471,2.4259593206359806,0.5036284609364113,2.487658019407412,0.684868626633201,0.8788654215432709,1.0267920502716603,0.9161688092610049,1.0930350408053207
2024-09-04,1.5659806661529783,1.5757193896744681,1.6159976958249984,1.670627388141379,1.6538606230536852,1.715311956081782,1.7555001170730449,1.6441065936304033,1.550976049102947,2.1120269175384343,1.7099968323019794,1.6763440203923088,1.840566589326185,0.7124463779884851,0.6638284403914745,1.1120921367298837,1.9262783658580598,2.192247250993542,0.5253991227441833,2.2474411443448292,0.6936966157134574,0.884007620593639,1.0290296154752343,0.9218567588615267,1.0970637795102969
2024-09-05,1.575582327341033,1.5827888701835928,1.6338430994085482,1.6863287731430985,1.660161038466292,1.7264503168966625,1.7507319383152988,1.645856148530717,1.552076837982529,2.110188802079324,1.7084493474695621,1.6784946892851178,1.8518101239849434,0.7117310540107107,0.6638284403914745,1.1117082507730807,1.908442274466802,2.2148656778811273,0.5253991227441833,2.2630944014668986,0.69762014265844,0.8860825744126408,1.0294025272024607,0.9263905779543179,1.1008146156900978
2024-09-06,1.597986110424718,1.604782982673927,1.6447485145650311,1.6965346973526283,1.6798498554074073,1.7477989244104828,1.773778261959129,1.6563531442391228,1.5608829390651726,2.1193795196140957,1.6976167175115922,1.6677420011130746,1.8563076407860808,0.7113733920218235,0.6613055792746091,1.122840723864088,1.902497061866598,2.2687154167502284,0.518142235474926,2.317880709529069,0.697550064404695,0.8873455658406001,1.0312671806788085,0.9259784468869559,1.099425421030496
2024-09-09,1.5732962241787658,1.5788613543766856,1.6150062256848166,1.6714123855162284,1.65622333516357,1.707886334994548,1.7435795943898451,1.6471682312825828,1.5542783107646871,2.1193795196140957,1.6836892359543125,1.6462366247689886,1.8169552694804267,0.7006438052234052,0.6505834044904926,1.1132437946002924,1.8822830215124524,2.2084019466891895,0.5239477452903318,2.255869948454505,0.7005627878671767,0.8886085572685593,1.031391516201289,0.9280392908996703,1.1020649650758703
2024-09-10,1.576039575880019,1.579646905481375,1.6179804848282586,1.6690572735996192,1.6558294747050464,1.7153119560817824,1.7388112640544295,1.6261740730190322,1.5592317557458,2.1193795196140957,1.6976167175115922,1.6580644833144356,1.8237012873380474,0.7024320469507919,0.6505834044904926,1.1151631511655478,1.8822830215124524,2.1987109821854793,0.5253991227441833,2.2347983056406044,0.7054672500024505,0.8923975315524367,1.0328831631101947,0.9305947173500065,1.0999811200920881
2024-09-11,1.5714673695554848,1.575719389674468,1.6140149068217382,1.6706273881413791,1.6511042006990293,1.7153119560817824,1.734837807019253,1.6248619902671662,1.551526443542738,2.1138650329975444,1.6945217478467578,1.660214988134244,1.8394423387979433,0.6981402395182442,0.6499527343235915,1.123608495777694,1.820451925968572,2.183094309351849,0.5283019122554543,2.2341962219570353,0.7049067308805829,0.8917660358384571,1.0320130041332611,0.9310069113093365,1.1016482172768653
2024-09-12,1.6304488032354438,1.633846575673386,1.6655681772920228,1.7161614286047784,1.6963885397490956,1.775644897263655,1.7976194589031982,1.651979423835077,1.558681361306009,2.1285702371488675,1.7285668864220354,1.7172042682606723,1.906903546750493,0.6999284812456309,0.6527909605987843,1.1216890659936791,1.859690918797758,2.3344122789425983,0.5079825932979658,2.38470795634204,0.7016137478571672,0.8903226465613056,1.0321373396557418,0.9303474261311956,1.103176363199055
2024-09-13,1.6313631607807524,1.6401306249360916,1.6725080144419853,1.7224418867718176,1.7019013844584077,1.781214006855124,1.7984140290480977,1.6541662840370999,1.5674874623886528,2.1377609546836394,1.7332094589848117,1.7225806123466938,1.927141771886079,0.6942060258575345,0.6471145080483985,1.1439539389569344,1.8977408237478381,2.35541482952347,0.5065312158441143,2.4087898338436404,0.7035054865299591,0.8920366670261812,1.0336290814048632,0.9332325951706022,1.1062325490546756
2024-09-16,1.6345637610209918,1.6464146741987973,1.6754822735854276,1.7302925792726773,1.7109582222256705,1.7895678836902407,1.8039770811060825,1.661164336791617,1.5724409073697654,2.14143718560186,1.734756943817229,1.7204301075268853,1.9215200045566998,0.6924177841301479,0.6442762817732057,1.1523992835690808,1.8751487210331435,2.3651080536780076,0.5050798383902628,2.41842262159031,0.7099512960693006,0.8943822520329071,1.0342505693368353,0.9373542831960313,1.1090110443626378
2024-09-17,1.6345637610209918,1.6464146741987973,1.6754822735854276,1.7302925792726773,1.7109582222256705,1.7895678836902407,1.8039770811060825,1.661164336791617,1.5724409073697654,2.14143718560186,1.734756943817229,1.7204301075268853,1.9215200045566998,0.6924177841301479,0.6442762817732057,1.1523992835690808,1.8751487210331435,2.3651080536780076,0.5050798383902628,2.41842262159031,0.7065181565383953,0.8927583960786923,1.0335047458823825,0.9374367345662911,1.1092888408990547
2024-09-18,1.6263338454498957,1.6322755933222775,1.668542436435465,1.7185165405213876,1.6963885397490959,1.7607936550891863,1.7737782619591291,1.649792563633054,1.574642485128929,2.1395990701427494,1.74249448604484,1.7193547730804808,1.9158982372273208,0.6891988944472125,0.6439609166148784,1.1424184683484822,1.9215220143416385,2.326872727991709,0.5094339707518173,2.3804935542872023,0.6977602457118838,0.8888791884562833,1.033131834155156,0.9335623377596729,1.1102612877596516
2024-09-19,1.647365882916622,1.6550551370590307,1.6863878400190147,1.731862813606498,1.7156834962316878,1.7904959978061812,1.8015929159383748,1.6607270314899079,1.593355476173798,2.137712327291195,1.7533271160028097,1.7376344742313545,1.9428828233459747,0.7013591292011796,0.6549984565573224,1.1439539389569344,1.932223578458264,2.405494792917126,0.49927432857485704,2.4617698908551047,0.6954481978787593,0.8881574594037722,1.0340019931320896,0.9343866627863652,1.1135954821292062
2024-09-20,1.668398059916012,1.6746927160935665,1.7141471886188653,1.754629773942167,1.732222180573376,1.8146292309317071,1.8151028820667132,1.6685998616945816,1.5994096050574873,2.1414858129943033,1.757969570500061,1.7473118279569932,1.9653698926634913,0.6974249155404699,0.65089876964882,1.1543186401343362,1.9583828314126135,2.4345744653807384,0.49782295112100555,2.500902941795206,0.6927857587769106,0.8878868282160483,1.034374904859316,0.9352109878130572,1.114984676788808
2024-09-23,1.6757136179417995,1.6809767653562722,1.7171214477623074,1.7601252347343568,1.74167272858541,1.8174138565434128,1.824639239582205,1.6729735820986276,1.6104172838992945,2.152806414052881,1.7688022004580313,1.7623655257686535,1.9844838672708358,0.7099428122833241,0.6631977702245735,1.1712092561398693,1.9774077838876534,2.46849995904383,0.49346881875945114,2.521974584609106,0.6913144361725422,0.8873455658406002,1.034374904859316,0.9338920803487434,1.112900831805026
2024-09-24,1.6917163400776694,1.6974723796885904,1.7250527550524521,1.7640505809847866,1.7542735594106234,1.8387624640572329,1.8445068279134278,1.6725362767969183,1.6197737794217293,2.1641270151114584,1.7688022004580313,1.760215020948845,1.9687429873736635,0.7381974272349185,0.6862188854346899,1.1746641565323364,1.966706446566351,2.5013494069828877,0.4905660638517482,2.558097400861507,0.691174333119098,0.8883379260808353,1.03536939935873,0.9354583419238361,1.1130397830676138
2024-09-25,1.7168634748626077,1.7249649903369406,1.7547950439326667,1.7978085826968961,1.7755375177583286,1.8666084369104046,1.87629509050552,1.693967740362178,1.6263783027452094,2.1716741304669274,1.764159627895255,1.756989181682632,1.9676185652826983,0.7621602347539654,0.703878913252748,1.1819578432740736,1.969084395529239,2.5762016964328605,0.4818577645250714,2.6333532680540093,0.6854291457550683,0.8847293496461502,1.0344992403817965,0.9299352321718655,1.111789433681841
2024-09-26,1.7310373423751966,1.736747537757662,1.7726404475162163,1.8111547359899456,1.787744638338771,1.883315907316754,1.8890103349112888,1.694842517812335,1.6313317477263223,2.175447760119288,1.773444654955283,1.7795698924731227,1.993478729310387,0.7789700071464165,0.7127089572366538,1.1823416560121167,1.9084422744668024,2.6042032894866938,0.4804063870712199,2.6658637659351414,0.6870405714128809,0.8840978539321707,1.0335047458823825,0.9299352321718655,1.113595482129206
2024-09-27,1.727379493595971,1.7328200219507548,1.7637176700858894,1.8142950848655262,1.788925919286837,1.88610053292846,1.8905997783564272,1.706214290970898,1.6302310638237458,2.1735608733184812,1.764159627895255,1.7666666994812712,1.9653698926634915,0.8136624014638817,0.7584358224985592,1.1846449717529346,1.868014307156173,2.600971536873266,0.4804063870712199,2.675496553681811,0.6906138139972303,0.8876161970283242,1.035120728313769,0.9336447891299325,1.1163738714484095
2024-09-30,1.6821146788896149,1.6888317969700863,1.7121643996156048,1.772686390652557,1.7487607147013116,1.8118446053200012,1.8357651921205052,1.690906102709998,1.6263783027452094,2.1660139019122644,1.7533271160028097,1.7483871624033982,1.9383853065448375,0.8612303545130883,0.8161463231778906,1.1781190569248032,1.895362647989628,2.4658082629781646,0.49346881875945114,2.536423674364038,0.6873208309738147,0.8851804475109375,1.0336290814048632,0.9313366538984071,1.1155403758504001
2024-10-01,1.6789142181820391,1.6888317969700863,1.7290183330589723,1.772686390652557,1.7523047077592624,1.832264957085939,1.8389439274331125,1.6869696876076612,1.6219752522038875,2.1528064140528804,1.773444654955283,1.7698925387474842,1.9653698926634915,0.8608726925242012,0.8152002878526621,1.17389638461873,1.8894174353894242,2.4771173634394157,0.49346881875945114,2.5237808356598133,0.6922672947323046,0.8883920655333314,1.0342879037566963,0.9357962977008127,1.1149846852679084
2024-10-02,1.6789142181820391,1.6888317969700863,1.7290183330589723,1.772686390652557,1.7523047077592624,1.832264957085939,1.8389439274331125,1.6869696876076612,1.6219752522038875,2.1528064140528804,1.773444654955283,1.7698925387474842,1.9653698926634915,0.8608726925242012,0.8152002878526621,1.17389638461873,1.8894174353894242,2.4771173634394157,0.49346881875945114,2.5237808356598133,0.6864334247649042,0.8858587251962151,1.0340385092557531,0.9337279653414917,1.1151242085141293
2024-10-03,1.6789142181820391,1.6888317969700863,1.7290183330589723,1.772686390652557,1.7523047077592624,1.832264957085939,1.8389439274331125,1.6869696876076612,1.6219752522038875,2.1528064140528804,1.773444654955283,1.7698925387474842,1.9653698926634915,0.8608726925242012,0.8152002878526621,1.17389638461873,1.8894174353894242,2.4771173634394157,0.49346881875945114,2.5237808356598133,0.6799668805576874,0.8813348834432655,1.032666601619508,0.927688407079257,1.1124718822540995
2024-10-04,1.6789142181820391,1.6888317969700863,1.7290183330589723,1.7632655836099373,1.7503358561079014,1.828552217358293,1.8365599138430746,1.6773473025026735,1.6115180727788765,2.143372555845857,1.7657071127276722,1.7612903553952495,1.9664941431917329,0.9667382536380816,0.9145380270351501,1.185412670447781,2.035671955987203,2.4566528357205613,0.49492019621330263,2.5448524784737137,0.6716026353843217,0.872830038858649,1.0291744125393423,0.9226416710728744,1.1112154274940476
2024-10-07,1.7205211841091699,1.7273214039344684,1.7617348810826292,1.7883877756542765,1.7798690815195743,1.8619674414348764,1.87629509050552,1.6900313252598411,1.6252776188426328,2.149032928349772,1.7904672242429218,1.7838709021127395,2.006970936588352,1.0014306479555466,0.9605802574553829,1.174664156532336,2.0535078205831376,2.5654301669034605,0.48185776452507145,2.6201083456662158,0.6665418849723912,0.8696633634372536,1.0278026000555205,0.9179258758184424,1.106469080971461
2024-10-08,1.7122912685380738,1.719466372320654,1.7567778329359267,1.7836773122369363,1.7739623763517387,1.8656801811625223,1.86516913796722,1.6808464123033013,1.6115180727788765,2.139599070142749,1.7734446549552831,1.7655913650348665,1.9844838672708356,0.9005722864690372,0.873226153690321,1.173512498661927,2.101070201770738,2.5191199789852488,0.4862118968866258,2.5749548253507144,0.6676664663830701,0.8703871256561818,1.0286756235374561,0.9197460183939239,1.1091214072314908
2024-10-09,1.7282939906739434,1.7398895024598795,1.7746232365194763,1.7907430073629467,1.7845943555255914,1.8693929208901685,1.8882156131887196,1.6808464123033013,1.6071150222375548,2.1377123272911946,1.7858247697456702,1.7860215710055487,2.017090049156145,0.8834049203047482,0.8416903596546261,1.1631477974845255,2.052318732704032,2.5417361462220067,0.4847605194327743,2.600842770172877,0.6638709035741223,0.8671299540717903,1.0276778552288373,0.9179258758184423,1.1084234714815018
2024-10-10,1.7282939906739434,1.7398895024598795,1.7746232365194763,1.7907430073629467,1.7845943555255914,1.8693929208901685,1.8882156131887196,1.6808464123033013,1.6071150222375548,2.1377123272911946,1.7858247697456702,1.7860215710055487,2.017090049156145,0.8834049203047482,0.8416903596546261,1.1631477974845255,2.052318732704032,2.5417361462220067,0.4847605194327743,2.600842770172877,0.6612702788975552,0.8670395269371411,1.0285508787107729,0.9169331166830846,1.1078650589777337
2024-10-11,1.7570988347054435,1.7697386465640281,1.8033740552595088,1.8150800822403756,1.8007391794087557,1.9102337660539859,1.915235545445396,1.6882817703595276,1.606014233357973,2.1358254404903882,1.7997523693684747,1.803225773637017,2.0575668425527645,0.8576538028412655,0.8073163393437385,1.173512498661927,2.091557725533218,2.601511819386111,0.4789550096173684,2.6586393129227472,0.6585992974992863,0.8673109463977826,1.0294239021927085,0.9167676147468621,1.110796644742795
2024-10-14,1.7584705803224019,1.7720951800198266,1.8013912662562486,1.8142950848655264,1.8050707431700015,1.9223003826167488,1.9231826110934191,1.6926556576103122,1.608766100579922,2.139599070142749,1.8105848812609198,1.8053762784568257,2.0586912646437296,0.8694563756063454,0.8189845494530835,1.1808061854036642,2.0689655094208614,2.6176665150817584,0.477503632163517,2.6730884026776787,0.6590913119212489,0.865772856768583,1.028925018038399,0.9168503657149732,1.1113550572465631
2024-10-15,1.7959625884639843,1.8058717200726118,1.8321250252766452,1.8370620452011954,1.8330288271750848,1.9547873509454496,1.958149457420449,1.7101507060732353,1.6225256466436786,2.1546931569044347,1.8260599657161412,1.8236559796076994,2.0654372825013505,0.8483547957813466,0.8003784261600433,1.1715931420966716,1.9726516591665553,2.6860548473747112,0.47024674489425966,2.7429258841783497,0.6671042024905056,0.8702062023585364,1.0294239021927085,0.9213179711855658,1.1110757977415318
2024-10-16,1.7648716412702168,1.7775936781778425,1.798417007112806,1.8252860064499057,1.8125524395306747,1.9195157570050434,1.9414607559795034,1.706651763119346,1.612618756681453,2.143372555845857,1.8121323660933368,1.8010752688172087,2.036204195326213,0.8265379601956229,0.7820876680253305,1.1842610857961315,1.9678953076501338,2.6225118843510726,0.4760522547096655,2.6712823353571165,0.669915682829978,0.8715633686900907,1.030047436021278,0.9242136238645162,1.1130302947578674
2024-10-17,1.76761499297147,1.7783791094242618,1.8122968326898352,1.8252860064499057,1.8212155670531662,1.9195157570050434,1.94543421301468,1.714087134523311,1.6247272244028421,2.1584667865567955,1.815227453823696,1.7956989247311872,2.024960660667455,0.8276108779452352,0.7846105291421959,1.189635342753854,1.9643282708081407,2.6397446594564995,0.474600877255814,2.6983744475464175,0.6593022212097044,0.8670395269371409,1.0291744125393423,0.917346745282652,1.1113550572465631
2024-10-18,1.8115082015935315,1.8207963520538215,1.846996169716752,1.8613992398706853,1.8479923701101835,1.9761358168273278,1.9724541452713564,1.7113893106468698,1.6384867704665984,2.166013901912265,1.8167749386561132,1.8010752688172087,2.032831100616041,0.8315450916059449,0.7924944776511195,1.2030710583669197,1.9714625712874498,2.7345211941124816,0.4658926125327052,2.799518259561083,0.6597942356316672,0.8680347776450575,1.030047436021278,0.9162712351791832,1.1140074900128878
2024-10-21,1.8110509530545456,1.8255092991071478,1.8598845251535994,1.864539468954205,1.8487799408134782,1.979848698186916,1.984374667954556,1.7127382225850907,1.620874568301311,2.164127015111458,1.8136798509257541,1.796774259177592,2.035079773235248,0.8397711126992022,0.8000631211514694,1.2299424895930513,1.9357908420955803,2.737753172690992,0.4673439899865567,2.799518259561083,0.6482669946380699,0.8613394421502821,1.0285508787107729,0.9069223956384305,1.1095402964890377
2024-10-22,1.8041926435677442,1.8160832851422248,1.8400563325667896,1.8551186619115854,1.8472047994068883,1.9724230770996816,1.9923217336025787,1.715885798127607,1.620874568301311,2.1660139019122644,1.8121323660933368,1.804301108083422,2.048571980513213,0.8412017606547509,0.8016398867933526,1.2111324438035034,1.9500594430541986,2.7302136217401025,0.46589261253270525,2.78266101880202,0.6488995616267862,0.8605251837683578,1.0284261338840899,0.9068396446703192,1.108004688730249
2024-10-23,1.7923048792174223,1.805086288826193,1.8370820734233473,1.8456978548689658,1.8428732356456425,1.96592571176033,1.982785376087087,1.7091408953764993,1.6120684672186674,2.1546931569044343,1.8136798509257541,1.8086021177230387,2.0586912646437296,0.8472818780317344,0.812992791894124,1.2180422445884378,2.001189087879115,2.6892868259532214,0.4702467448942596,2.749548437237319,0.6471423596018409,0.8585346823525245,1.0278026000555205,0.9037784900551462,1.1046542137076405
2024-10-24,1.7813316119450728,1.7940891726518906,1.8261765069897604,1.8276411662833396,1.8294848341171341,1.9510744695858613,1.961328344310726,1.7001479204150252,1.608215706140131,2.164127015111458,1.7982047664705325,1.7903225806451657,2.0260849111956967,0.8372675469940412,0.8006937913183705,1.2065259587593868,2.00237817575822,2.659131107765574,0.4731494998019626,2.7200479903137427,0.6512893842659979,0.8604346876053618,1.0283013890574069,0.9065087039183686,1.1078650589777332
2024-10-25,1.795962588463984,1.806657271177302,1.8331163441397231,1.8426477999915774,1.844842087297004,1.9585000906730958,1.9859641113996944,1.7073424033022058,1.60766531170034,2.156580043705241,1.8028473390333088,1.797849429550996,2.0418259626555924,0.8408440986658636,0.8085777398272942,1.2076775434110363,1.9667064465663509,2.6979019706979797,0.47024674489425966,2.75195658824145,0.6476343740238036,0.8585346823525246,1.0279272497297807,0.9043576205909364,1.106748233970197
2024-10-28,1.7927621277564083,1.8043007377215035,1.8232022478463183,1.8402783188253484,1.8444483770522326,1.9529308394496845,1.9811959326419484,1.7059933198339827,1.6098668894595036,2.158466786556795,1.8121323660933368,1.819354805895082,2.0620641877911785,0.8340486573111058,0.8047934782268729,1.2111324438035034,1.9155768017414343,2.6747480065642875,0.4716981223481111,2.7278747107398496,0.6458771719988583,0.8565441809366912,1.0274283655754712,0.9036130512394182,1.1095402964890377
2024-10-29,1.751155022296614,1.7713096289151373,1.7914771699628436,1.805526330110052,1.8054644534147735,1.9093055103061034,1.940666034256934,1.6857589546406637,1.5988592106176964,2.1433725558458567,1.8074899115960852,1.807526947349635,2.0463233078940064,0.831902753594832,0.8006937913183705,1.2191939024588467,1.8882283475103179,2.584816841177619,0.4804063870712199,2.642383972117109,0.6468612008427836,0.8569060965603288,1.0278026000555205,0.9046885613428871,1.1098194494877742
2024-10-30,1.753898373997867,1.7626690461966334,1.7885029108194013,1.8102651719256915,1.808614736227953,1.908377396190163,1.9398713125343647,1.682611207568145,1.6032622611590182,2.1433725558458567,1.8090373964285025,1.8236559796076994,2.0969192138584183,0.8186695328742035,0.7855566246171778,1.2318618461583066,1.8953626479896273,2.5745855941610643,0.4804063870712199,2.633353268054009,0.6487590090600327,0.8556394263917707,1.0269294814211618,0.9035303002713069,1.1078650589777332
2024-10-31,1.753898373997867,1.7626690461966334,1.7885029108194013,1.8102651719256915,1.808614736227953,1.908377396190163,1.9398713125343647,1.682611207568145,1.6032622611590182,2.1433725558458567,1.8090373964285025,1.8236559796076994,2.0969192138584183,0.8186695328742035,0.7855566246171778,1.2318618461583066,1.8953626479896273,2.5745855941610643,0.4804063870712199,2.633353268054009,0.6498132873745599,0.8551870146051369,1.027178971074528,0.9017101576958253,1.104793843460156
2024-11-01,1.7420106096475454,1.7540285833364,1.7845373328128808,1.7944687915065898,1.794832624454673,1.8953825238795174,1.9319242468863418,1.679014051889556,1.5966577378355382,2.1339386976388335,1.7688022004580315,1.767741869854675,2.0227118164855242,0.8283262019230097,0.794702033759411,1.2165067739799855,1.9690843955292385,2.548737674310879,0.4818577645250714,2.606261155864708,0.6406828613629,0.8501384210145144,1.0268422624264908,0.8967875620281183,1.1048636519460364
2024-11-04,1.7644143927312306,1.777593678177843,1.8023827363964304,1.814214267030467,1.8176715739952154,1.9213721268688664,1.9525865569401335,1.6853092029745889,1.604913444478391,2.132051954787279,1.7672545975600897,1.7720430435672925,2.0227118164855242,0.8254649742289615,0.7912330771675634,1.2103647451086572,1.970273483408344,2.605819391758491,0.4789550096173685,2.6592413966063164,0.6506274366291981,0.8546763650608097,1.027593121981823,0.9034297796956076,1.107950272290654
2024-11-05,1.770815453679046,1.7823066252311692,1.8122968326898354,1.8260615523447934,1.8216092772979378,1.9315823735678062,1.958944179143018,1.6943023494660652,1.6120684672186674,2.137712327291194,1.7703496852904488,1.769892538747484,2.0159657986279034,0.848712457770234,0.8180385141278547,1.207293730672993,1.9940547873998058,2.617126232568914,0.47605225470966556,2.66345561493101,0.6540833288141102,0.8551301871628516,1.0273427718096357,0.9077472813576877,1.1110368926352716
2024-11-06,1.7849893211916348,1.7972312572123788,1.8370820734233477,1.8489663762625819,1.831847546227019,1.9492180997220383,1.9804012109193792,1.6992485886128774,1.6076653117003399,2.132051954787279,1.8167749386561132,1.8161289666288682,2.0845512571086946,0.83869819494959,0.8164616883362177,1.2103647451086572,1.9821641354040749,2.6575152314588606,0.47169812234811115,2.712823537301349,0.6361690276248921,0.8463265646340739,1.0260913073905433,0.8982820720887635,1.1130010861199344
2024-11-07,1.8055642496520388,1.8129413204400073,1.8410476514298681,1.8552848320167679,1.8515363631681343,1.975207702711387,2.000268799250602,1.7158857981276074,1.6126187566814525,2.130165211935725,1.85391516496175,1.8612903882098497,2.131774239925658,0.8522890094420565,0.8262378277951058,1.172744726748321,2.0118906519957407,2.71028915056901,0.46734398998655674,2.76760984536352,0.6441388073569547,0.8531334807035168,1.0278433766733956,0.9089096710331356,1.1177712397139676
2024-11-08,1.8197381171646276,1.8294368149140552,1.8598845251536,1.8631830222263188,1.8601994906906256,1.9919153147496786,2.008215864898625,1.7145368861893868,1.6093164950197125,2.128278469084171,1.855462649794167,1.875268751575105,2.16775351652114,0.8612303545130882,0.8394828636960877,1.188867570840248,2.005945439395537,2.7372128901781467,0.4658926125327053,2.7880794044938515,0.6523201108286653,0.8549486306246226,1.0270925171180632,0.9120647196742815,1.1195952101215236
2024-11-11,1.8206526142426,1.8294368149140552,1.848978958720013,1.8537052180782214,1.8582304888255123,1.9705667072358584,2.0113946002112324,1.7122886424490182,1.6098668894595034,2.1245048394318102,1.877127791644582,1.8956989575457872,2.1733752838505187,0.8472818780317345,0.8322295853540651,1.1773512850111971,1.9643282708081404,2.731829498046816,0.4658926125327053,2.7802526840677446,0.6491463399785213,0.8525889495758914,1.0263416575627307,0.9103211351611098,1.1183324531439451
2024-11-12,1.7740160539192853,1.7862341410380764,1.8083311034062113,1.82764116628334,1.8196404256465766,1.9408643645188635,1.9621230660332951,1.6871078665788848,1.5988592106176962,2.1112974955216783,1.8802227613094162,1.8913977838331697,2.1756239564697255,0.8415594226436383,0.8319142201957377,1.1535508682207298,1.910820450225013,2.5815848625991085,0.47750363216351704,2.6490065251760786,0.6394133960701563,0.8472341395946268,1.0253404478352108,0.9021013615003044,1.1138428527446422
2024-11-13,1.7625855381079498,1.7744515936173548,1.8132881515529136,1.822112457240018,1.8141275809372646,1.939936108770981,1.964507079623333,1.6857589546406642,1.60766531170034,2.1075238658693176,1.8786752764769992,1.8881721086399572,2.1936136805488284,0.8379828709718158,0.8259224626367783,1.1500959678282625,1.922711102220744,2.5686621454819707,0.4789550096173685,2.6237204803073397,0.6333479218954942,0.8466896084670013,1.0268422624264908,0.8986971750611457,1.1141235129798892
2024-11-14,1.74658281597208,1.7603126325991054,1.7914771699628436,1.8047364628823699,1.7999516087054612,1.9148747615295147,1.9390765908117953,1.6673230815216387,1.5928050817340074,2.0943165219591857,1.8848653338721928,1.8913977838331695,2.201484120497414,0.8408440986658641,0.8309681848705092,1.1285988667786129,1.9155768017414347,2.5212738781539796,0.4818577645250714,2.577965060038414,0.637015391629197,0.8465988301978867,1.0253404478352108,0.8984481006086191,1.1117383291423557
2024-11-15,1.7589278288613879,1.7642401484060126,1.7924686401030256,1.8063160768209163,1.8054644534147732,1.912090135917809,1.943844769569541,1.67002090539808,1.603812655598809,2.09620326481074,1.8647476768541948,1.870967741935488,2.1812457237991043,0.8340486573111062,0.8189845494530831,1.1335893109982922,1.9179547507043224,2.5632764936998123,0.4804063870712199,2.6122816252401084,0.6353227174297297,0.846961874030814,1.0264667371682095,0.8988632669264875,1.111598106065249
2024-11-18,1.7342378030827719,1.7485300612067298,1.7775974956629184,1.786570601297039,1.790107290363155,1.8879569027922833,1.9144408237228268,1.663725754313047,1.6027119716962326,2.082995920900608,1.8523675620638076,1.8505377000378065,2.1475151198228297,0.8319027535948325,0.810785235785832,1.1435701262188909,1.8953626479896277,2.499733530676173,0.4847605194327743,2.555087166173807,0.6364511489596603,0.8488678022210343,1.0272176922041567,0.9005238055069882,1.1137025226270183
2024-11-19,1.7580133317834155,1.7651600298186532,1.8003999473931704,1.8134245203196029,1.8096821335078606,1.906893281534325,1.9343084120540492,1.674967144544892,1.6076653117003397,2.0848826637521625,1.8539151649617494,1.849462365591402,2.1430177745844157,0.8183118708853168,0.7947020337594108,1.15738965457,1.9464924062122058,2.567584066072191,0.4789550096173684,2.61770001093194,0.639695463595782,0.8506830213856711,1.0272176922041567,0.9024334818855018,1.1153861629169508
2024-11-20,1.750697773757628,1.7612004962202845,1.7924686401030256,1.8078956907594625,1.8012929150172725,1.906893281534325,1.9327189686089108,1.668222241793784,1.617572201662565,2.0848826637521625,1.8632001920217773,1.864516063403062,2.1879919132194487,0.8240343944904622,0.8079470696603928,1.161612326876073,1.947681267295988,2.543889819425654,0.4804063870712199,2.592414149793346,0.6376501780847114,0.84941233334866,1.0267170873403968,0.9002747310544618,1.1151056097222205
2024-11-21,1.7314945909141823,1.7406109940099923,1.7696661883727736,1.7889400824632677,1.7885093004432222,1.8889037795186272,1.9176195590354341,1.668222241793784,1.6098668894595034,2.082995920900608,1.8632001920217773,1.8591397193170405,2.1789970511798975,0.8272532159563485,0.8098392004606033,1.1719770280534745,1.9429251425748895,2.5040411030485523,0.48621189688662575,2.5538831825368136,0.6371564253920099,0.8489585804901489,1.0264667371682095,0.8991953873116849,1.1155264930345743
2024-11-22,1.765328889809203,1.7683277291985737,1.8003999473931702,1.8142142670304666,1.8148755245512893,1.9229893190435436,1.951791835217564,1.6785644717534833,1.6131691511212434,2.0886561494552707,1.8709377342493883,1.8666667322958712,2.1733752838505183,0.8143777254416563,0.7956480690846391,1.1842610857961313,1.9726516591665553,2.589124413549997,0.47750363216351693,2.6363635027417094,0.637509090512756,0.8495031116177744,1.0263416575627307,0.9000256566019353,1.115245832799327
2024-11-25,1.7589278288613877,1.7651600298186532,1.8043655253996904,1.8221124572400174,1.816073940794886,1.9258296602763665,1.9581494574204483,1.6853092029745889,1.6247272244028417,2.105637123017763,1.8833177309742504,1.8774194204679142,2.186867491128483,0.7986409390158667,0.7798801720667917,1.1746641565323357,1.9892984358833845,2.5955881447419347,0.47750363216351693,2.658037229239179,0.6540128388372752,0.8586697779794796,1.0283439815371556,0.9112344503840312,1.1194548800038997
2024-11-26,1.7360667972387165,1.7406109940099923,1.776606025522736,1.7944687915065893,1.7921047015667182,1.8983719688896483,1.9295402332963032,1.6776651399513356,1.6197737794217288,2.0943165219591853,1.881770246141833,1.870967741935488,2.1621317491917598,0.7986409390158667,0.7789341367415632,1.1547025260911385,1.9476812672959882,2.516426023268755,0.4833091419789228,2.5683322722917454,0.6514738006335031,0.8568546280583739,1.0283439815371556,0.9089096710331356,1.1173503564016134
2024-11-27,1.7109196624537781,1.719229536745876,1.753803573792484,1.773933569271848,1.7697332998657769,1.8661801828174198,1.8977519707042112,1.6506857004769064,1.6197737794217288,2.0886561494552702,1.8956978457646374,1.8784945908413178,2.1688777670493806,0.8043633944039631,0.7842952241336215,1.162380098789679,1.9381687910584682,2.4437298926383404,0.4920174413055996,2.492474321415674,0.6559876343715108,0.860303440605887,1.0289697614870092,0.9122308115396234,1.1207175299409613
2024-11-28,1.708176310752525,1.7152700031475072,1.7389324293523767,1.762876030668386,1.7613440813751888,1.8519778987608888,1.8905997783564272,1.6412429738493572,1.617572201662565,2.0773355483966927,1.8941503609322201,1.8698924074890833,2.1621317491917598,0.8061517043483989,0.7874487554173881,1.1577735405268028,1.931034490579159,2.429188813598579,0.4920174413055996,2.4840457010361425,0.6559876343715108,0.860303440605887,1.0289697614870092,0.9122308115396234,1.1207175299409613
2024-11-29,1.712291268538073,1.7144780480936832,1.7458724177794434,1.7636658978960684,1.765738477458651,1.8614460881319097,1.8961626788367423,1.6457394613300944,1.611518072778876,2.0735620626935845,1.8956978457646374,1.877419420467914,2.171126611231311,0.8179542771134787,0.800063121151469,1.1708253701830658,1.9476812672959884,2.4474996681137853,0.4905660638517481,2.5009029417952053,0.6627583849785224,0.8639338096916295,1.0302212259061017,0.9178767313970067,1.122962383660871
2024-12-02,1.752983876919895,1.7604086620018362,1.788502910819401,1.8007873677775936,1.797298092610147,1.9154147386521068,1.9390765908117948,1.6646250861151952,1.6241768299630506,2.0999768944631003,1.9003404183274137,1.8881721086399568,2.178997051179897,0.8150930494194305,0.7972248948762762,1.1547025260911388,1.927467226941843,2.5368905509876094,3.362844778705675,2.5894039151056454,0.6643452919272513,0.8638611748894763,1.0301586937418115,0.91931306344265,1.1225555217999037
2024-12-03,1.7767594056205385,1.7809981642121282,1.8172538808365377,1.8252718056339288,1.8152749458349193,1.940031944332898,1.9470236564598178,1.6659739980534158,1.629680669383954,2.0980900076622935,1.9142678998846936,1.917204333889873,2.2194736730137925,0.8190271948630911,0.7984862953598322,1.1596928970920581,1.9239001900998498,2.597201761397821,3.332365679156954,2.6520167598637783,0.6586126497909832,0.8614031749021668,1.0302841773216256,0.9160637291528377,1.1225555217999037
2024-12-04,1.7872754243539015,1.795252509333331,1.8172538808365377,1.8308005146772508,1.8260611492054066,1.9513938871566063,1.969275409958748,1.6677726616577115,1.6280294860645812,2.096203264810739,1.9018879031598313,1.9129031601772555,2.235214724473688,0.8197425188408654,0.795332703926312,1.1635316834413283,1.9714625712874503,2.6386665800467193,3.332365679156954,2.6959661128121417,0.6656899404321773,0.8646805545229866,1.0314142000628992,0.9204795514420308,1.1252332333033717
2024-12-05,1.7968770855419562,1.8031715765300687,1.8370820734233477,1.8410681860530305,1.8316539615324654,1.9627556855072104,1.9700701316813172,1.6731684809405964,1.628579880504372,2.103750380166208,1.909625445387442,1.9301075268817245,2.274567095779342,0.8143777254416562,0.7896563115256799,1.1646833413117375,1.9322235784582646,2.6424363555221637,3.332365679156954,2.7001805148669797,0.6670346429325459,0.8645894969066832,1.0314142000628992,0.9202295488644293,1.1242466853756392
2024-12-06,1.790018776055155,1.7976282536594275,1.8232022478463183,1.8308005146772508,1.8308551189652054,1.9485534014506791,1.9629177877558635,1.677215388285261,1.6313317477263212,2.1075238658693167,1.9034353879922483,1.9236558483492983,2.274567095779342,0.8233190705126879,0.8010091564766976,1.1616123268760732,1.926278365858061,2.6316673116086746,3.332365679156954,2.6845272577449104,0.6680254593026776,0.8673206002862928,1.0324186434353664,0.922312458720225,1.126078922616899
2024-12-09,1.7923048792174219,1.7992120429316998,1.8331163441397234,1.8363292237205728,1.8316539615324654,1.9618088087808663,1.9621230660332942,1.677215388285261,1.628579880504372,2.1094107526701236,1.9142678998846936,1.9451612246933843,2.3049246050454446,0.823676732501575,0.7978555650431773,1.1596928970920584,1.9108204502250137,2.6300514353019606,3.332365679156954,2.689343743483317,0.6618681970064795,0.8643163935143834,1.032041905328947,0.9199796098521921,1.1246695837952327
2024-12-10,1.7795027573217914,1.7912929757349623,1.818245199699616,1.8276411662833396,1.8224657480819109,1.9523406194098456,1.9509971134949942,1.665973998053416,1.6241768299630501,2.1075238658693167,1.8987928154294722,1.9258065172421075,2.2779401904895145,0.8429900023821378,0.815515653010989,1.17389638461873,1.9167658896205408,2.600433739976331,3.332365679156954,2.6580372292391785,0.658754225841255,0.8627686918636666,1.0319164217491326,0.9185632464059383,1.1252332333033714
2024-12-11,1.763957144192244,1.7722872627969424,1.7994084772529884,1.8102651719256915,1.8092827122242305,1.9334042406678043,1.9390765908117946,1.6596788469683832,1.6219752522038866,2.1056371230177624,1.900340418327414,1.9258065172421075,2.2824375357279285,0.835836967255542,0.8079470696603926,1.1915547725378688,1.939357878937574,2.5551991458519883,3.355587995247122,2.608669306868839,0.652526175519921,0.8602196342600535,1.0316652630115197,0.9160637291528377,1.1255151655831006
2024-12-12,1.7845320726526481,1.792084930788786,1.825185188126683,1.8268514195724754,1.8228653217582473,1.9589683230749393,1.9565601655529792,1.6646250861151952,1.6236264355232595,2.1056371230177624,1.9127204150522765,1.9559139128654273,2.3465256489703057,0.8415594226436383,0.8139388272193521,1.1953934856683792,1.9762189228038718,2.5998957171143138,3.320754659526142,2.652618843547347,0.6445996445588668,0.8569422546392338,1.0311630413252861,0.9108981533922973,1.1224145556600391
2024-12-13,1.7859038182696068,1.796836298605603,1.8232022478463188,1.8244819384062465,1.822465748081911,1.9580215908217,1.958149457420448,1.6583299350301623,1.6197737794217286,2.098090007662293,1.9049828728246658,1.9526882376722148,2.352147416299685,0.8247496502511873,0.7994323908348142,1.1788867556196492,1.9667064465663517,2.5885866166530627,3.3309145439280785,2.651414676180209,0.6380177621027385,0.8529366224578179,1.0306608196390525,0.9058158482589265,1.1191730871227727
2024-12-16,1.7932193762953945,1.801587787257796,1.8301422362733855,1.8229023244677,1.820468336878348,1.960862076527627,1.9454342130146791,1.6430416374536532,1.621424857764096,2.0999768944630994,1.9049828728246658,1.962365591397853,2.370137140378788,0.8179542771134786,0.7912330771675631,1.1639155693981311,1.9892984358833852,2.5740477972641287,3.339622739444051,2.6243225639909085,0.6399286068178661,0.8532097258501177,1.030786399007859,0.9069822726929431,1.1212870415924423
2024-12-17,1.802363788944463,1.8087148994007092,1.8350992844200877,1.8229023244677,1.823664316718214,1.971276998151887,1.9629177877558635,1.6403436420472095,1.6115180727788758,2.090542978676375,1.909625445387442,1.9892473118279608,2.4319765810019582,0.8258226362178487,0.7953327039263118,1.1631477974845252,1.985731399041392,2.603665492589758,3.317852112239847,2.652618843547347,0.6414856193981996,0.8532097258501177,1.0309119783766654,0.9070656068854769,1.1188911548430436
2024-12-18,1.802363788944463,1.8118825987806297,1.837082073423348,1.83316999584348,1.8264607228817433,1.9655961712131371,1.9637123579007627,1.6547326078215707,1.613719545561034,2.090542978676375,1.906530357657083,1.9817204629221308,2.4027433222640973,0.8247496502511872,0.7994323908348141,1.161612326876073,1.9726516591665557,2.603665492589758,3.3134978760675886,2.655629078235047,0.6334953885017393,0.8466367812009031,1.0290286863267761,0.8958595238925353,1.1074612253886045
2024-12-19,1.7776737631658472,1.7912929757349618,1.8132881515529138,1.8094754252148275,1.8088831385478943,1.948553401450679,1.949407821627525,1.6470885447983172,1.5999599994972775,2.078928880553316,1.8601051042914183,1.9204301731560856,2.3195412344143755,0.8243919882623,0.7994323908348141,1.1408829245212697,1.9655173586872463,2.543889819425654,3.348330934960024,2.6002406864893075,0.6239033897814678,0.8428004196966843,1.0301624866819157,0.8910097930059804,1.1063278119572562
2024-12-20,1.761213932023655,1.772287262796942,1.793459958966104,1.7920993103403609,1.797697513893777,1.9277234137290542,1.938281869089225,1.6376456466407658,1.5873012423131028,2.065378976342022,1.8508200772313903,1.8989247968119995,2.304924605045445,0.8190271948630908,0.7994323908348141,1.1378119100856054,1.95243761881241,2.4959637552007283,3.3831639938524587,2.559301568228644,0.6274559658384546,0.8459060390393941,1.0302884965382726,0.894521704492599,1.113269888158074
2024-12-23,1.803735395028758,1.8102988095083576,1.8291507661332032,1.8276411662833398,1.8304555452888693,1.9712769981518867,1.9748383104390628,1.656980851561939,1.6060142333579719,2.084735855774211,1.8833177309742504,1.9397848806073623,2.3690127182878227,0.8279685399341226,0.80069379131837,1.1500959678282623,1.977407783887654,2.6160504128099613,3.3105950519527494,2.6658637659351405,0.6217008099726987,0.842161037727216,1.0296586394912033,0.891929571753216,1.1102947589669752
2024-12-24,1.8087648498922784,1.8142583431067263,1.8321250252766452,1.828431033511022,1.833651525128735,1.9722238748782304,1.9748383104390628,1.661927090708751,1.6131691511212427,2.0808645389602813,1.8879603035370267,1.9462365591397883,2.379132002418339,0.8326180775726065,0.8025859822683344,1.147024953392598,1.9667064465663517,2.617666515081758,3.306241092609035,2.670078167989978,0.6243297357697521,0.8426177690000111,1.0301624866819155,0.894688907994923,1.113836594873748
2024-12-25,1.814251413762121,1.8198016659773673,1.8380733922864259,1.836329223720573,1.8392443374557936,1.976011092837397,1.9843746679545546,1.6632761741769742,1.6181225961023555,2.0847358557742113,1.9127204150522763,1.979569958102322,2.4207330463432,0.8369098850051543,0.8051088433851998,1.148176611263007,1.977407783887654,2.6429764120699257,3.290275836805965,2.692955878124441,0.6243297357697521,0.8426177690000111,1.0301624866819155,0.894688907994923,1.113836594873748
2024-12-26,1.8128798076778263,1.8213854552496396,1.8420391215700505,1.8410681860530307,1.84004333241576,1.9845325499551782,1.9859641113996933,1.667772661657711,1.608766100579921,2.0847358557742113,1.9158155027826356,1.979569958102322,2.419608624252235,0.8347639812888805,0.8079470696603926,1.1523992835690802,1.9845423111622866,2.6365126808779884,3.288824424748545,2.694762129175148,0.6239744564808499,0.8432571509694795,1.0304145063946295,0.8955250530941058,1.1166700203638649
2024-12-27,1.8188236200866552,1.8261369439018325,1.8499704288601952,1.8363292237205728,1.8416411699429864,1.987372891188001,1.9907322901574391,1.6659739980534154,1.605463838918181,2.080864538960282,1.9080779605550249,1.9655914306640658,2.401619071735856,0.83619456102738,0.8079470696603926,1.1558541839615473,1.9714625712874503,2.649975680507971,3.2801162292325725,2.69957843118341,0.6188587382855074,0.8410649941723602,1.0306664299899855,0.8917623682508923,1.1128448851433819
2024-12-30,1.808764849892278,1.8205935001958153,1.8440219105733107,1.8308005146772508,1.8364479312922641,1.9760110928373973,1.9796064891968088,1.6560816912897935,1.6038126555988084,2.075057416058117,1.8910552732018613,1.9440860543199798,2.3656396235776507,0.8383405329607031,0.8095238353022759,1.149712155090219,1.998810912120905,2.6085110878241555,3.3047896805516155,2.6622516312940157,0.6238323772900942,0.8459973992314347,1.0321782599141964,0.8956086867421587,1.1144033015894221
2024-12-31,1.7900187760551547,1.8071311101284366,1.8241937179865009,1.817373615424378,1.8260611492054066,1.9655961712131371,1.9796064891968088,1.6493367885386856,1.590603503974843,2.0576363427141633,1.8740327039142226,1.9225806779758936,2.3498987436804786,0.8401287746880898,0.8047934782268724,1.1428023543052845,2.026159479749683,2.588586616653063,3.3236574836409805,2.6393737374294086,0.6204929471232452,0.8444445547163758,1.0328082130786236,0.893351024801205,1.11426159788844
2025-01-02,1.7744733024582708,1.7865416079181444,1.8003999473931707,1.8007873677775939,1.8044887424644318,1.9362447263737312,1.9454342130146787,1.6502361203408333,1.5895027150952612,2.0518292198119985,1.8647476768541946,1.909677484984042,2.32403857965279,0.8175966151245916,0.783033763500312,1.1539347541775324,2.036860817070985,2.5250436536294245,3.3599419545908353,2.5526790151696748,0.6221981684523565,0.8449012859891709,1.0325561933659095,0.8934346584492578,1.1169533196775747
2025-01-03,1.7923048792174217,1.7976282536594268,1.8261765069897609,1.8213227105291534,1.8172725094311888,1.96275568550721,1.9573547356978782,1.6538332760194225,1.5933554761737976,2.0518292198119985,1.8647476768541946,1.9139784946236593,2.3307847690731345,0.8111588357587208,0.7745190846747334,1.1673704697905982,2.0760998099001706,2.564354573109592,3.3323656791569536,2.614689776244239,0.6202087345337253,0.8435311618581933,1.0325561933659095,0.8913442638044099,1.1186534398245973
2025-01-06,1.8485429611961273,1.8530617240365899,1.8777297774600454,1.8623932755154542,1.8576207643569025,2.0205115539865734,2.003447534563208,1.6736182326066709,1.6049134444783903,2.073121757651152,1.8941503609322206,1.9462365591397883,2.372385812997995,0.7975679530492051,0.7625355094070609,1.1554702980047442,2.084423425053908,2.7049034987868517,3.243831758282718,2.750150337190743,0.6174377295459162,0.8427091291920517,1.0328082130786238,0.8890866656572382,1.1206368592853297
2025-01-07,1.8691178896565315,1.8728593920284338,1.9005322291902977,1.8726609468912339,1.8736003587708185,2.046075780866813,2.0328516319875924,1.6772153882852598,1.5994096050574866,2.073121757651152,1.8895077883694442,1.9526882376722146,2.3858780202759604,0.7950643873440442,0.7593819179735407,1.1562380699183503,2.0796670735374865,2.736137296384278,3.2177068949062555,2.789885471814413,0.6104746566226982,0.8388727676878328,1.0321782599141964,0.8849894462218133,1.1169533196775747
2025-01-08,1.8412275427030036,1.849894145492045,1.8658328921633807,1.8552848320167672,1.8616155867640283,2.023352039692501,2.010599878488662,1.6772153882852598,1.5977585267151193,2.0692504408372225,1.8848653338721926,1.933333366147937,2.3476500710612718,0.7925608216388832,0.7584358224985586,1.1600767830488607,2.1141499416455733,2.6752858034612217,3.25544277791353,2.726670543372711,0.611256227691876,0.8403342520108511,1.0328082130786236,0.8864109630635841,1.118370140510887
2025-01-09,1.8201953657036134,1.8293045224463769,1.8440219105733107,1.8363292237205724,1.8372469262522306,1.9940007393261994,1.9804012109193783,1.6515850322790537,1.5933554761737976,2.0537648782189635,1.8848653338721926,1.925806517242107,2.355520511009858,0.79685269728848,0.7672658664824644,1.168138241704204,2.072532773058177,2.600971536873266,3.304789680551616,2.6375676701088464,0.611256227691876,0.8403342520108511,1.0328082130786236,0.8864109630635841,1.118370140510887
2025-01-10,1.8197381171646272,1.8237611995757357,1.8440219105733107,1.8205328433014707,1.8348499413723312,1.9902133768939283,1.9811959326419475,1.6439409692558005,1.5806966140126175,2.046022096909834,1.8833177309742506,1.926881687615511,2.352147416299686,0.7914878356722216,0.7631662397237157,1.1785029428816056,2.1046374654080533,2.588048819756129,3.312046464010169,2.6297409496827395,0.6072062931552313,0.8342144432048805,1.0309184497026995,0.8813103950266526,1.1125614777414174
2025-01-13,1.7776737631658468,1.7865416079181444,1.8013912662562488,1.7897299496909498,1.7933031178103143,1.933404240667804,1.9215931676482796,1.618760193385667,1.583998980651363,2.03634365719374,1.858557619459001,1.897849462365595,2.306049027136411,0.7861230422730124,0.7571744220150026,1.1834933138825252,2.2080856161416684,2.4663460598750993,3.3889696420821367,2.4996989581582114,0.6069931472650935,0.8327529588818622,1.0311703732980557,0.8788018959353224,1.1122781784277074
2025-01-14,1.78864716997086,1.793668720061058,1.815271091833278,1.80236698171614,1.8036898998971718,1.9485534014506791,1.9398713125343638,1.634947822764324,1.5933554761737976,2.051829219811999,1.8771277916445819,1.911827989803851,2.31167079446579,0.8011445047210277,0.7732576841911775,1.1704414842262625,2.2045185792996755,2.5045788999454874,3.367199014877933,2.550872947849113,0.6059984303057778,0.8330269697705761,1.03142239301077,0.8798053083306109,1.1136948911727658
2025-01-15,1.774930550997257,1.7857496528643204,1.7974256882497284,1.7881502152355848,1.7893082954031885,1.925829660276367,1.919209002480572,1.6241560126685517,1.594456160076374,2.046022096909834,1.8678426465190292,1.901075301631808,2.29143239776748,0.798998601004754,0.7726269538745227,1.1731286127051237,2.1926279273039446,2.46203848750272,3.3918724661969764,2.5027091928459115,0.6164430125866005,0.8417957363338693,1.0336900898384072,0.8903409152029035,1.1234703928637007
2025-01-16,1.8110509530545449,1.818217876705095,1.8460046995765709,1.8300106474495679,1.8196693419183814,1.9816920642492517,1.9557654438304097,1.6362967347025446,1.6049134444783903,2.0595720011211283,1.9003404183274142,1.9354838709677455,2.3319090196013756,0.7950643873440443,0.7663197710074824,1.1869482142749923,2.2532700483663812,2.5616606173930987,3.3280117198132397,2.6183020946155087,0.6184324465052318,0.8438051727469073,1.0343199468854765,0.8920968390493219,1.124745401907777
2025-01-17,1.81973814507116,1.8261369439018325,1.8420390913146298,1.8308005146772504,1.8244631592854734,2.026192525398428,1.962123066033294,1.637645660363165,1.601611119830447,2.0615076595280932,1.8956978457646378,1.923655848349298,2.327411674362962,0.7968526972884801,0.775780545308043,1.1938580150599267,2.2449464332126436,2.577817572739574,3.3120464640101694,2.6273327986786086,0.6194982301639295,0.8444445547163757,1.0340680232901203,0.892849350500452,1.1257371116381432
2025-01-20,1.8382785232349987,1.8459346118936764,1.8602570912367373,1.8442274139301231,1.8404427536993897,2.011043364615553,1.9850717732623513,1.6455212762834657,1.5956902816553764,2.0615076595280932,1.9065303576570831,1.9430107198735755,2.3454013984420645,0.8040057324150759,0.7795648069084643,1.1969290294955908,2.2104637918998797,2.629513412439944,3.2801162292325734,2.6742925700448166,0.6194982301639295,0.8444445547163757,1.0340680232901203,0.892849350500452,1.1257371116381432
2025-01-21,1.8419865422870227,1.848310235384397,1.8643054670258112,1.8426477999915767,1.8460355660264485,2.011043364615553,1.9899894873768722,1.6510804202306193,1.602203226234504,2.067314782430258,1.9034353879922488,1.9430107198735755,2.346525648970306,0.8022174906876892,0.7773573109499262,1.1950095997115757,2.190249751545734,2.6348968045712753,3.272859168945476,2.6827211904243478,0.6250402401395476,0.8472761631703715,1.0344459567418336,0.8980335521854363,1.128712240829242
2025-01-22,1.8660890904807572,1.8752351363545303,1.8916323896911538,1.864762756681683,1.8632135766839608,2.0318734968102823,2.009659874855926,1.657566117622632,1.6027953326385609,2.0750574160581174,1.926648014675081,1.9720429451234915,2.419608624252235,0.7900572559337222,0.7707348230743121,1.2049904149321744,2.1629014107122795,2.7022118027211866,3.232220738651907,2.7459361188660494,0.6217718766720808,0.8450839366858441,1.0341939370291195,0.8951905822956765,1.1271538243832016
2025-01-23,1.8660890904807572,1.8752351363545303,1.8916323896911538,1.864762756681683,1.8632135766839608,2.0318734968102823,2.009659874855926,1.657566117622632,1.6027953326385609,2.0750574160581174,1.926648014675081,1.9720429451234915,2.419608624252235,0.7900572559337222,0.7707348230743121,1.2049904149321744,2.1629014107122795,2.7022118027211866,3.232220738651907,2.7459361188660494,0.6169403710662583,0.8428917798887249,1.0341939370291195,0.8939363965437932,1.1285706452165138
2025-01-24,1.8660890904807572,1.8752351363545303,1.8916323896911538,1.864762756681683,1.8632135766839608,2.0318734968102823,2.009659874855926,1.657566117622632,1.6027953326385609,2.0750574160581174,1.926648014675081,1.9720429451234915,2.419608624252235,0.7900572559337222,0.7707348230743121,1.2049904149321744,2.1629014107122795,2.7022118027211866,3.232220738651907,2.7459361188660494,0.6197113760540675,0.844627275100457,1.034823890193547,0.8956923203902116,1.1298456542605901
2025-01-27,1.8660890904807572,1.8752351363545303,1.8916323896911538,1.864762756681683,1.8632135766839608,2.0318734968102823,2.009659874855926,1.657566117622632,1.6027953326385609,2.0750574160581174,1.926648014675081,1.9720429451234915,2.419608624252235,0.7900572559337222,0.7707348230743121,1.2049904149321744,2.1629014107122795,2.7022118027211866,3.232220738651907,2.7459361188660494,0.627029674058179,0.8501077019369592,1.0363357201177577,0.9018798706767027,1.1306956602899743
2025-01-28,1.8660890904807572,1.8752351363545303,1.8916323896911538,1.864762756681683,1.8632135766839608,2.0318734968102823,2.009659874855926,1.657566117622632,1.6027953326385609,2.0750574160581174,1.926648014675081,1.9720429451234915,2.419608624252235,0.7900572559337222,0.7707348230743121,1.2049904149321744,2.1629014107122795,2.7022118027211866,3.232220738651907,2.7459361188660494,0.6266033822779034,0.8501990621289999,1.0365876437131136,0.9006256211310376,1.130270657275282
2025-01-29,1.8660890904807572,1.8752351363545303,1.8916323896911538,1.864762756681683,1.8632135766839608,2.0318734968102823,2.009659874855926,1.657566117622632,1.6027953326385609,2.0750574160581174,1.926648014675081,1.9720429451234915,2.419608624252235,0.7900572559337222,0.7707348230743121,1.2049904149321744,2.1629014107122795,2.7022118027211866,3.232220738651907,2.7459361188660494,0.6253244527290678,0.8491943090787769,1.0359577866660443,0.8994550052334254,1.1295623549468798
2025-01-30,1.8660890904807572,1.8752351363545303,1.8916323896911538,1.864762756681683,1.8632135766839608,2.0318734968102823,2.009659874855926,1.657566117622632,1.6027953326385609,2.0750574160581174,1.926648014675081,1.9720429451234915,2.419608624252235,0.7900572559337222,0.7707348230743121,1.2049904149321744,2.1629014107122795,2.7022118027211866,3.232220738651907,2.7459361188660494,0.6276691117285925,0.8510210947951417,1.0365876437131136,0.9014617662302205,1.1316873700203403
2025-01-31,1.8660890904807572,1.8752351363545303,1.8916323896911538,1.864762756681683,1.8632135766839608,2.0318734968102823,2.009659874855926,1.657566117622632,1.6027953326385609,2.0750574160581174,1.926648014675081,1.9720429451234915,2.419608624252235,0.7900572559337222,0.7707348230743121,1.2049904149321744,2.1629014107122795,2.7022118027211866,3.232220738651907,2.7459361188660494,0.6235481647005744,0.8496509706641641,1.0367136535694705,0.8985352264861897,1.1294206512458975
2025-02-03,1.786365407795506,1.7920849307887858,1.8015547156813416,1.7976281399005007,1.7976975138937763,1.929617022708638,1.918684195979753,1.6422784275874596,1.6099004965544947,2.0750574160581174,1.9003404183274144,1.9204301731560856,2.3442769763510993,0.7947067253551571,0.7742037195164061,1.216122888023182,2.117716978487567,2.471731711657258,3.3730043862790673,2.5177603662844117,0.6286070438473254,0.8502538581742508,1.0359955277233728,0.8999483230591019,1.1280039298537787
2025-02-04,1.7970262101108292,1.7984202087132508,1.817748527708912,1.8007873677775936,1.8004939200573056,1.955181105115773,1.9203234340179267,1.630696774609723,1.6051637582547886,2.071186099244188,1.9096254453874422,1.9397848806073623,2.369012718287823,0.8040057324150759,0.7798801720667918,1.2287907585038824,2.0618312089415523,2.4841166318774612,3.3599419545908358,2.528597137668074,0.630532200206179,0.8523613563181694,1.0370067715021447,0.9017106163049036,1.131561852827068
2025-02-05,1.8243732396121197,1.8285125673925526,1.8562085610120265,1.8347496097820262,1.8296565503289022,1.9883197679143454,1.951468175111509,1.6501538667857605,1.6104926029585513,2.0905429786763765,1.9127204150522765,1.9526882376722146,2.3870024423669256,0.792203159649996,0.7751498149913884,1.2460652604662183,2.073721860937283,2.5810470657021742,3.296081208207099,2.6327511843704388,0.640942427864831,0.8573094957439114,1.0376387265357412,0.9080045481935609,1.1345504950951277
2025-02-06,1.8322528154606352,1.835639800370842,1.8582329033422007,1.8308005146772508,1.841641169942986,2.0006284429912933,1.9604838279951207,1.6543232689266258,1.6175976539417358,2.094414295490306,1.9297429843399154,1.9731182795698963,2.4207330463432,0.7975679530492051,0.7801955372251193,1.245681447728175,2.039238992829196,2.5945100653321562,3.2873730126911265,2.649608608859646,0.6406572094413245,0.8563015375325725,1.0372595342280804,0.9063261919666601,1.1328426529794398
2025-02-07,1.8405960705054785,1.845934611893676,1.8612691079661876,1.8458070278686702,1.8476335559463812,2.010096632362314,1.980973834493261,1.6608089663186383,1.6134530220460868,2.0905429786763765,1.9312905872378574,1.9688172699302793,2.4184843737239934,0.8125894154972203,0.7988016605181595,1.246449219641781,2.0344828681080975,2.637590760287768,3.264150973429503,2.68994564343674,0.6365216239002588,0.8534609661604601,1.0361219573050977,0.9023819844057385,1.1292847300061506
2025-02-10,1.8197381450711598,1.8285125673925524,1.8481118094338784,1.8323801286157975,1.8376463475358604,1.9911602536202726,1.9572053519187733,1.6621988848469265,1.617005547537679,2.086671661862447,1.9158155027826358,1.9623655913978533,2.419608624252235,0.8075822840868984,0.792494477651119,1.2522072893375467,2.0523187327040326,2.593431985922377,3.2902758368059652,2.6393737374294077,0.6345964675414051,0.853277732808267,1.0366275791944837,0.9026337314372551,1.131561852827068
2025-02-11,1.8308623436790914,1.8364316345892902,1.8501359973284153,1.841068186053031,1.8468345609864147,2.0006284429912933,1.9735974196478228,1.6686845822389391,1.6146372348542006,2.0808645389602822,1.9251005298426636,1.9612902569514488,2.435349675712131,0.8036480704261887,0.7902869816925809,1.2698657504754451,2.0772888977792765,2.614434536503248,3.274310581002895,2.6694760843064085,0.630532200206179,0.8510785131236855,1.0363747200310334,0.9006196911599369,1.131134919442944
2025-02-12,1.8280812586641437,1.8356398003708418,1.8551965442825764,1.8394884515976662,1.841641169942986,1.9940007393261996,1.9637621477451241,1.6686845822389391,1.6193739731539065,2.0886073202694115,1.9281954995074981,1.9623655913978535,2.435349675712131,0.8057940423595118,0.7893409463673524,1.2548944178164079,2.0939359012914287,2.608511087824155,3.283019053347412,2.661649547610446,0.6219758651003929,0.8452140671175568,1.0349842839446004,0.8957523684666638,1.1287154493009213
2025-02-13,1.8202016828156282,1.82692877812028,1.8430512624797173,1.841068186053031,1.8476335559463812,1.986426158934762,1.971138562590562,1.6835090839126818,1.6347684008611387,2.1021570767994353,1.9251005298426636,1.9784946236559182,2.43872259885958,0.8183118708853168,0.7991170256764867,1.2740882763439991,2.033293780228992,2.627359739236296,3.2714080337166003,2.682119106740778,0.6323147745532054,0.8515367013687344,1.0363747200310334,0.902717668456156,1.133838867068793
2025-02-14,1.7984166818923735,1.8055473208561639,1.82483326255761,1.8268514195724759,1.8340509464123644,1.9580215908217,1.9522877941305954,1.6811927886615345,1.633584188053025,2.096350101578541,1.9452180687951366,2.001075334446409,2.4747020470177854,0.8233190705126879,0.8013245216350248,1.277159363998423,2.0487514690667163,2.574047797264129,3.2989840323219375,2.6243225639909076,0.6356660230295913,0.8551103459690407,1.0377651561174661,0.9062422549477596,1.135119775800357
2025-02-17,1.825763711393664,1.830888311718649,1.8531723563880396,1.8513357369119927,1.8600177492368015,1.9816920642492517,1.9809738344932606,1.6955539252518481,1.6442418774605512,2.11183551651553,1.9436705839627193,2.009677353725643,2.4926915995341643,0.8272532159563485,0.8063702438687557,1.2595010492980436,2.038049904950091,2.653207659086481,3.2583456020283683,2.70559890055881,0.6356660230295913,0.8551103459690407,1.0377651561174661,0.9062422549477596,1.135119775800357
2025-02-18,1.8322528154606355,1.8395993339692105,1.8582329033422007,1.8584441804106797,1.8640125716439273,1.9958943483057827,1.9875306303196116,1.6992601390312836,1.6418734518443237,2.113771174922495,1.940575614297885,2.0139785274382604,2.4960646942443367,0.833690995322219,0.8073163393437379,1.264875306255766,2.054696908462243,2.676901905733018,3.2467345823975564,2.724864476052148,0.6281791890121395,0.8505287431573957,1.0368803419204191,0.9025498584435404,1.1341235617110037
2025-02-19,1.8290083341530794,1.8293045224463764,1.865317638190899,1.862393275515455,1.8620151604403643,2.0034689286972203,1.985071773262351,1.706672389868155,1.6383209263527314,2.11570698101073,1.940575614297885,2.011828022618452,2.462334090268062,0.8233190705126878,0.7994323908348142,1.2737044636059558,2.0677764215417564,2.665592579306684,3.243831758282717,2.7182419229931787,0.6289635260768194,0.8519032379828313,1.0376387265357407,0.9030533525065735,1.1349774284792515
2025-02-20,1.82205569234164,1.8293045224463764,1.8521601852229528,1.8560746992444506,1.8600177492368013,1.9930538625998557,1.977695358416913,1.7062092015067256,1.6454260902686653,2.113771174922495,1.9436705839627193,2.0000000000000044,2.4443443661889592,0.8243919882623002,0.8019552519516797,1.279846492477284,2.063020296820658,2.6483598042012573,3.255442777913529,2.7182419229931787,0.6313165372708587,0.8536442694223638,1.037765156117466,0.9052352668216935,1.1356890565055864
2025-02-21,1.8350339004755833,1.8395993339692103,1.860257091236738,1.8663423706202305,1.869605390066694,2.0015751752445325,1.993267807126876,1.7140846407050268,1.6531232476559066,2.1311923959477186,1.9374805265675257,1.997849495180196,2.427479064200822,0.8333333333333318,0.8123620615774688,1.2706333759515318,2.078477985658382,2.697364173801045,3.230769326594486,2.7489463535537486,0.6389459533001377,0.8586839905693467,1.0395347845115597,0.9084241692628796,1.1335542810057744
2025-02-24,1.8188110695822244,1.8245530337941833,1.8440632792091676,1.8544950853059041,1.8598806110107005,1.9921069858735119,1.9875306303196114,1.713158087260168,1.6501628285683712,2.1331280543546836,1.9142678998846934,1.966666601037471,2.373510235088961,0.8329757395614938,0.8114159661024867,1.274856048257605,2.0190249524750508,2.6596691306275915,3.2510885417412703,2.7055989005588095,0.6407998458530036,0.8605166736398313,1.040293265564396,0.9107738935906151,1.1349774284792518
2025-02-25,1.7951720591329579,1.8007958322039705,1.8319179974063085,1.8410681860530314,1.8436724398206097,1.9618088087808667,1.9613034470142068,1.709452050202732,1.6543074604640204,2.1311923959477186,1.8941503609322201,1.937634375787555,2.3206654849426185,0.8251073122400745,0.8070009741854106,1.2744722355195617,2.0451844322247235,2.5955881447419356,3.287373012691125,2.6441902231678145,0.6518517741646563,0.867297426226347,1.041683701650829,0.9177391935801074,1.1378237234262063
2025-02-26,1.8049057859593451,1.8047553658023394,1.8319179974063085,1.8418579327638955,1.8538025081712723,1.9627556855072104,1.977695358416913,1.718254042845892,1.6649651498715465,2.1331280543546836,1.892602876099803,1.923655848349299,2.2948054924776535,0.823676732501575,0.8092084701439487,1.266410850082978,1.9904875237624908,2.6187421088756277,3.274310581002894,2.67188423531054,0.6557021412822156,0.8696798792631214,1.0420628939584897,0.9196692968385247,1.1393892182207888
2025-02-27,1.7845113982694942,1.792084930788785,1.8167363565438253,1.8323801286157981,1.8319215234364226,1.946659792471096,1.9514681751115084,1.7006498808375723,1.6620046178512622,2.127321079133789,1.892602876099803,1.9225806779758952,2.320665484942619,0.8297568498785586,0.8070009741854106,1.2552783769919706,1.97859687176676,2.5681243485850365,3.304789680551615,2.615893943611376,0.6510674370999765,0.8686719210517826,1.0424420862661505,0.9158090262965038,1.137254551300169
2025-02-28,1.7845113982694942,1.792084930788785,1.8167363565438253,1.8323801286157981,1.8319215234364226,1.946659792471096,1.9514681751115084,1.7006498808375723,1.6620046178512622,2.127321079133789,1.892602876099803,1.9225806779758952,2.320665484942619,0.8297568498785586,0.8070009741854106,1.2552783769919706,1.97859687176676,2.5681243485850365,3.304789680551615,2.615893943611376,0.6590533897586015,0.8734367572156208,1.0443381442419695,0.9198371708763264,1.1403854323101419
2025-03-03,1.7432590851453247,1.7493218954251766,1.7742277930159995,1.7968382726728194,1.798289776889962,1.8955314831837216,1.9104881621152277,1.6923110765558418,1.6738465200669022,2.129256737540754,1.8956978457646376,1.9043011408980222,2.2835619578188955,0.8236767325015751,0.7994323908348143,1.2414587754221018,2.0130797398748475,2.471193914760323,3.3701015621642267,2.518362266237835,0.6621194132834988,0.8765980603592674,1.0450080200493326,0.9227323821061163,1.1380229584263748
2025-03-04,1.7316713487929254,1.7374432946300702,1.7681550748967516,1.7913095636294976,1.7909961153116787,1.8879569027922842,1.9063902233461372,1.6890682278598355,1.6625967242553192,2.129256737540754,1.869390249416971,1.8720430763818932,2.2374633970928968,0.8129470774861076,0.7931252079677739,1.2548944178164079,1.9583828314126146,2.4442679155003586,3.3904210541395554,2.4978927071075034,0.6539654138289673,0.8738411456412105,1.0451348377247838,0.9196998440563356,1.1378800512928053
2025-03-05,1.754383283753256,1.7596167069480106,1.788397262713396,1.8118447858642388,1.811661386735097,1.918255224358034,1.9276998488633643,1.7001866924761424,1.6620046178512622,2.1331280543546836,1.8461776227341387,1.862365558583254,2.2363389750019316,0.8158083051801558,0.7978555650431773,1.2606526339496928,1.9488703551750945,2.505119182458332,3.3512337590748618,2.561107635549205,0.6487439663191767,0.8689706570690633,1.0439936721128111,0.9167515610267571,1.1384520070953277
2025-03-06,1.7437226228897926,1.746946271934456,1.7772641520756238,1.800787367777595,1.8043677251568138,1.901212454595576,1.9219626720560998,1.7029661760887194,1.6673334625550251,2.1389351772568483,1.8585576194590012,1.8752687515751054,2.2262198624341387,0.8279685399341228,0.8129927918941235,1.2629559496905107,1.919143838583429,2.4733475879639713,3.367199014877932,2.5310052886722043,0.6465982085823533,0.8685112180235562,1.044627663756523,0.9138874687496309,1.1341623931211173
2025-03-07,1.7274997919964334,1.7311081375409807,1.7630945279425907,1.7842011201308108,1.787349284522537,1.886063293812701,1.8981941894816121,1.695553925251848,1.65845209235967,2.129256737540754,1.8322500231113346,1.8311828285135294,2.161007327100796,0.8344063192999935,0.8158310181693165,1.2595010492980434,1.913198625983225,2.4275729372918664,3.4020320737703673,2.48464778471971,0.6445239379042322,0.8674084381140827,1.044500846081072,0.9124554547449427,1.136021167662254
2025-03-10,1.717302527425578,1.7223971152904192,1.7509492461397316,1.781041892253718,1.782081605699871,1.869020524050243,1.8859002168479966,1.6872151209701176,1.663188830659376,2.125385420726824,1.8291549353809755,1.8279569892473164,2.1261524725962793,0.820815504807527,0.8051088433852,1.2575815462952689,1.919143838583429,2.4098023652895053,3.4150945054585984,2.460565907218109,0.6512474322008813,0.8734736224493065,1.0464027242786642,0.9155722478149257,1.1317316627774585
2025-03-11,1.6871744129093398,1.6883451021773725,1.715525417460604,1.7533982265202899,1.7504758419090278,1.8339882522720874,1.8481985236017198,1.675633467992381,1.6548995668680777,2.109899858108565,1.7951097968056982,1.7720430435672927,2.036204195326213,0.8236767325015751,0.8060548787104285,1.251823476599503,1.9001188861083889,2.320949279312616,3.476052427727496,2.3684526155363996,0.6465982085823532,0.8703491144280918,1.0457688293684957,0.9095914267355665,1.1277280812492168
2025-03-12,1.6945905924652473,1.695472335155662,1.7286828704285502,1.7628760306683873,1.758174638209404,1.8538715077404726,1.8645905913307697,1.675633467992381,1.6554915603393856,2.1176426394176944,1.782729682015311,1.7720430435672927,2.0789294897793154,0.8304721056392839,0.813308157052451,1.2614204058632987,1.9215220143416396,2.3462594022658667,3.4629899960392647,2.3961468114092694,0.6427357791717424,0.8677760314172407,1.0450080200493328,0.9068958444988447,1.1290148999878309
2025-03-13,1.678831299316356,1.684385568579004,1.715525417460604,1.7462899035384216,1.7484498591534103,1.833041520018848,1.8506573806589806,1.6645151800980738,1.6578599859556131,2.1118355165155296,1.7780872275180593,1.7741935483871012,2.1059140758979695,0.8297568498785587,0.8085777398272939,1.2752400074331676,1.9453033183331014,2.3042567867200336,3.4891148594157273,2.353401442097899,0.6483863673148429,0.8712680626303596,1.0457688293684957,0.9097598725082209,1.1227234952494998
2025-03-14,1.6732691292864605,1.6772584564360906,1.709452699341356,1.7447101690830569,1.7452081630863618,1.8245200629010665,1.84819852360172,1.662662073208356,1.664965149871547,2.1176426394176944,1.776539742685642,1.7709677091208882,2.095794791767453,0.8547925751472178,0.8287606889119711,1.2932821348715902,1.9310344905791597,2.302640684448237,3.4891148594157273,2.3521974584609056,0.6449530785375421,0.8682355405740014,1.0450080200493328,0.9093386616749597,1.1278709883827862
2025-03-17,1.6876379506538075,1.6938884250480137,1.7246343402038393,1.7597168027912946,1.7577695034873109,1.8387223469575975,1.8613121152544223,1.6737805378246629,1.6661492497469117,2.1137711749224946,1.7935623119732806,1.7870967413789527,2.125028050505314,0.8637339202182495,0.8303374545538543,1.294049906785196,1.9488703551750945,2.340335727621691,3.4615385839818456,2.3871161073461686,0.648171796998188,0.8689706570690634,1.044627663756523,0.911191886512909,1.1305877511724138
2025-03-18,1.694590592465247,1.700223702972479,1.725646511368926,1.76366589789607,1.7691151305768287,1.8500841453082013,1.8760649449452984,1.686751932608688,1.6691097817671963,2.125385420726824,1.8059423086981432,1.7989247639974004,2.130649817834693,0.8637339202182495,0.8328603156707197,1.3032630233109483,1.9536267066915158,2.359184379033832,3.441219092006517,2.4111979848477696,0.6488155079481529,0.8699815211249339,1.044627663756523,0.9133820671639173,1.1285859604082928
2025-03-19,1.673732667030928,1.679634200762187,1.7054043235522818,1.749449131415515,1.7496654178922653,1.8216795771951393,1.855574938447158,1.6747070912695217,1.6702938816425608,2.1215139562316243,1.7982047664705323,1.782795731739336,2.102540981187797,0.8665951479122976,0.8347524464709305,1.3186180222705097,1.9250892779789557,2.314487807771506,3.48040638707121,2.358217927836306,0.6521772550964775,0.8726465199893879,1.0461491856613054,0.9187732316373609,1.136021167662254
2025-03-20,1.70988634786967,1.715270003147506,1.7408281522314093,1.772353834816485,1.7751932334162568,1.8652333060910762,1.8834413597907365,1.6890682278598352,1.673254413662845,2.1331280543546836,1.8229649960513066,1.8139784618090604,2.159883076572554,0.86230334047975,0.830022089395527,1.3209213380113276,1.9453033183331012,2.3931098726969235,3.4223512889171515,2.439494264404208,0.6526063957297875,0.8739330614948134,1.046402724278664,0.917425472652875,1.1344483164776713
2025-03-21,1.695981064246791,1.7033914023523997,1.7377917931717852,1.7668251257731629,1.7658735890823563,1.848190536328618,1.8744258632334683,1.6862887442472585,1.673254413662845,2.13506380137041,1.8105848812609195,1.7956989247311874,2.1272767231245204,0.8462088920650733,0.8148849226943343,1.3105566368339259,1.9738407470456616,2.3500291777413116,3.4470247402361944,2.4021672807846692,0.6487439663191767,0.8731978748884978,1.0470367159223757,0.9161619044208413,1.1327325581595191
2025-03-24,1.694127054720779,1.6970561244279345,1.7276706992634632,1.7541880937479726,1.758174638209404,1.8462969273490348,1.8695081491189474,1.681655977022964,1.6868725221579066,2.133077725814241,1.826059965716141,1.819354805895082,2.1542613092431746,0.8437053263599124,0.8117313312608141,1.3063339645278529,1.9678953076501344,2.3354903583523776,3.4571843478095867,2.3847079563420377,0.6420920136515038,0.8681436247203984,1.0456420116930445,0.9122027539520859,1.1360211676622542
2025-03-25,1.711740357395682,1.720813326018147,1.739815981066322,1.7660353790622991,1.7727619613659702,1.8595523346792222,1.8867198358670838,1.6793396817718165,1.6762148327503805,2.12910542317405,1.8430825350037796,1.8408601822391681,2.176748378560691,0.8462088920650733,0.8152002878526617,1.3067179237034157,1.9964329631580178,2.3721073221160522,3.429608072375705,2.4268512419698385,0.6420205265928014,0.869613927821776,1.0460223679858542,0.9131293663710607,1.1354493209491467
2025-03-26,1.710349885614138,1.7168537924197784,1.739815981066322,1.7684047397117095,1.7743828093994944,1.8633396971114933,1.8867198358670838,1.683972272274111,1.6803594646460298,2.1310916502580715,1.8508200772313903,1.8569892144972326,2.209354560446001,0.8429900023821381,0.8139388272193522,1.3059501517898096,1.9976218242418002,2.376955177001276,3.42815693714683,2.4298614766575386,0.6378004436075831,0.8675922698212886,1.0457688293684955,0.9094229166951621,1.1308736745289678
2025-03-27,1.6779042238274198,1.6828017793067318,1.7104648705064427,1.7431305551445104,1.7468290111198859,1.8264136718806498,1.84819852360172,1.671000877490086,1.6815436774541437,2.1310916502580715,1.830702538278917,1.8236559796076997,2.1452664472036234,0.8454935680872991,0.8152002878526617,1.314779309139999,2.014268827753953,2.2972550326660794,3.4833092111860493,2.3443707380347982,0.6359407978163909,0.8668570832149729,1.0462759066032128,0.9083278585035329,1.1287289766312776
2025-03-28,1.6612178551895929,1.6653798556409845,1.6851621357356374,1.7123276615339895,1.724948026385036,1.7942218858084211,1.8186930205463114,1.6584926710674905,1.6744386264709592,2.117188818309181,1.829154935380975,1.8150537962554651,2.1261524725962793,0.8419170846325259,0.8136234620610249,1.3351247523192395,2.0154579156330583,2.2197112731155237,3.541364309340108,2.2721251055299962,0.6447385082208872,0.8738411456412106,1.0481777848008047,0.9138032779971788,1.1267271858671566
2025-03-31,1.6014251639015844,1.607570640937725,1.6294961192398656,1.6625690391104555,1.6613312095086805,1.7251040745053492,1.7416505523419277,1.610312952266826,1.6548995668680782,2.0834250792707434,1.7827296820153107,1.751612837596611,2.0317066785250755,0.8386981949495905,0.8076317045020655,1.380806229334919,1.9952438752789128,2.0570839770984404,3.6763425855661342,2.10114381201466,0.6511043489429289,0.8764142987633154,1.0489385941199676,0.9155722478149259,1.1280140046057707
2025-04-01,1.6343343634327703,1.6432064433230442,1.659859400964832,1.6902127048438835,1.6973942281054275,1.7610832230098488,1.7859090414145555,1.6334762582222995,1.6578599859556136,2.0993138352479517,1.8012998542008913,1.7688172043010801,2.051945075223385,0.8369098850051546,0.8111006009441594,1.3600768269801158,2.0701545972999678,2.143783389871682,3.5994194074941666,2.1890427016415313,0.6567263134494439,0.8794836213754065,1.0493189658901443,0.9188322309742537,1.130616387580193
2025-04-02,1.6315532784178224,1.6424144882692202,1.664919947918993,1.6981108950534345,1.6977995174000966,1.7639237087157758,1.7793520892618608,1.6293068560814343,1.6625967242553197,2.0993138352479517,1.807489911596085,1.7817203972929316,2.080053911870281,0.8344063192999935,0.8076317045020655,1.3485605411510648,2.0570748574251314,2.157246389501664,3.593614036093033,2.1950631710169315,0.6562956436889099,0.8786538832850498,1.0485555738042416,0.9209462384287157,1.1329152073911328
2025-04-03,1.6315532784178224,1.6424144882692202,1.664919947918993,1.6981108950534345,1.6977995174000966,1.7639237087157758,1.7793520892618608,1.6293068560814343,1.6625967242553197,2.0993138352479517,1.807489911596085,1.7817203972929316,2.080053911870281,0.8344063192999935,0.8076317045020655,1.3485605411510648,2.0570748574251314,2.157246389501664,3.593614036093033,2.1950631710169315,0.6593104415420882,0.8876884418545505,1.052499491239268,0.9208616600665087,1.1188346482992804
2025-04-04,1.6315532784178224,1.6424144882692202,1.664919947918993,1.6981108950534345,1.6977995174000966,1.7639237087157758,1.7793520892618608,1.6293068560814343,1.6625967242553197,2.0993138352479517,1.807489911596085,1.7817203972929316,2.080053911870281,0.8344063192999935,0.8076317045020655,1.3485605411510648,2.0570748574251314,2.157246389501664,3.593614036093033,2.1950631710169315,0.6664885629628289,0.8901775154562823,1.051863347344671,0.9198469132631875,1.1028861816408637
2025-04-07,1.4683978939952962,1.4784898214638278,1.4989340695967646,1.528299805548091,1.5280194729165413,1.5878153286255492,1.6014989829312927,1.4667005260316914,1.4968107708328582,1.8895811047371291,1.5800060992650136,1.5268817204301117,1.7461209668177051,0.7660944484146756,0.7423526204721377,1.3067179237034152,1.7562426546664822,1.725903676734354,3.9521045094193217,1.7561709902962879,0.6463898558435871,0.8795758301264835,1.0519905955359765,0.9019201713385581,1.0934032621708911
2025-04-08,1.420656476804155,1.423848306140489,1.46249806975255,1.4666938978102306,1.46602350407371,1.5035485010127068,1.5113429230742066,1.417594342147168,1.5418098411464405,1.9126200054666813,1.6357163796907064,1.6032258720808177,1.8810433827228046,0.7689556761087237,0.7332072113299044,1.2898272344791226,1.7824019076208317,1.5325807189644034,4.050798314695494,1.5635159702834824,0.6341870165694957,0.8751507244254758,1.0513544516413795,0.8905044794729533,1.0883744910666582
2025-04-09,1.355301615486251,1.3604957685665884,1.3734324124721877,1.3956101859242729,1.3874142293186948,1.4315902040037078,1.4228261012552943,1.3291105204661398,1.497402877236915,1.8415173792497077,1.5645310148097924,1.5311827300697287,1.7944682001629104,0.7753934554745945,0.7407757946805007,1.302495251397342,1.6480380390187837,1.3618760750994965,4.293178591713665,1.3883202747133085,0.6379196703765242,0.8723850245705124,1.0507183077467825,0.9053871100163942,1.1175414730901985
2025-04-10,1.4906464326630189,1.4959117451295751,1.5100671802345367,1.5346183818190953,1.5259934901609238,1.5736130445690184,1.5646169087041029,1.4616045704459675,1.6187818667498515,2.023841903418546,1.7270194015896185,1.719354773080482,2.0575668425527645,0.7911302419003841,0.7552822912147922,1.346257225410247,1.7776456695020717,1.633818725161496,3.8650217237739617,1.6658639496652854,0.6203332400368773,0.8669459039463318,1.0505911566174078,0.8899971383284866,1.0992941866208419
2025-04-11,1.5254096417202168,1.5331314576225423,1.534357898275892,1.5527842434044257,1.5652982048247193,1.612432678779445,1.640020138870313,1.4921801272383124,1.5767432155238044,1.9741892568750483,1.682141633056371,1.6698925059328844,1.9979760745488009,0.795779711321819,0.7584358224985587,1.3831093986382175,1.7395957645519913,1.7242876874450992,3.732946271662774,1.7591812249839882,0.6237069658669806,0.8620598951592762,1.0486828219955475,0.8898280461184602,1.1025987606526284
2025-04-14,1.5175299244198412,1.5196689467197877,1.5465031800787514,1.562262047552523,1.5681346115970987,1.6200072591708825,1.6531337305230154,1.5130271379426383,1.5708223773487335,1.9658476486224252,1.705354259739203,1.7010752360026087,2.0373284458544547,0.7922031596499964,0.7552822912147921,1.3823416267246114,1.7609988927852422,1.7205180249521959,3.748911527465844,1.7501505209208879,0.6281574208631391,0.8689740744620158,1.0509728041293938,0.8953244138885512,1.1080586632392144
2025-04-15,1.5328258212761243,1.5362990361670867,1.5596606330466976,1.587536232119722,1.5912311550708036,1.6484118272839448,1.671164879963895,1.535263890453253,1.579703747544089,1.988091937296087,1.696069232679175,1.6838710333711402,2.0080953586793173,0.7943490633662702,0.7533901002648278,1.3838771705518231,1.7764565816229663,1.7770617195377898,3.6894050172543658,1.8115591983118828,0.6303826209788582,0.8715553568148248,1.0509728041293938,0.900144348304149,1.1110759259017544
2025-04-16,1.505015254030366,1.506206556652409,1.5282851801566442,1.5614721803248404,1.5677293223024296,1.6095921930735182,1.6408397578893996,1.5218291305857985,1.5761512220524967,1.9861058617399174,1.6713091211639255,1.6537634736748195,1.9664941431917327,0.7886266079781739,0.7483443780310969,1.4153550868220712,1.7526753910291661,1.702747339967293,3.764876783268914,1.7363033311193807,0.6338998851408995,0.8753350715929611,1.0523722430479625,0.9039496004308131,1.1109322154076366
2025-04-17,1.4883288853925392,1.495911745129575,1.5181640862483219,1.5504147622381965,1.55273686442377,1.6010708804288414,1.6293652479485274,1.5102474776080619,1.5690460581365628,1.96545034259448,1.6744040908287599,1.6559139784946277,1.9811107725606634,0.800786842732141,0.7590665528152134,1.4307102322191518,1.8156956878498138,1.6941321952225346,3.7706821546700477,1.7194460903603181,0.628300959195077,0.8728459979912292,1.0527538905599485,0.9026811830552584,1.1173977625960807
2025-04-18,1.4915733667000952,1.497495655237223,1.520188274142859,1.551994376176743,1.5571941192296739,1.6067517073675912,1.6375612818130523,1.5144168797489272,1.562533000624686,1.9662448031225184,1.6774991785591191,1.6580644833144362,1.969867237901905,0.8032904084373019,0.7606433786068503,1.4387716176557355,1.8311533766875376,1.7005935537811032,3.7634253712114947,1.7471402862331877,0.628300959195077,0.8728459979912292,1.0527538905599485,0.9026811830552584,1.1173977625960807
2025-04-21,1.4702520449731682,1.4761140771377308,1.4989340695967648,1.5330387678805482,1.539365254578635,1.5830812339400395,1.6162516562958251,1.4995923780751843,1.5566121624496152,1.956711428313912,1.6465490096486761,1.6268817532447117,1.9203957540284582,0.8040057324150762,0.762535509407061,1.4614203765757938,1.8216409004500176,1.644052231828878,3.824383293480392,1.6821191067407792,0.617318442183699,0.868144336371659,1.0521177466653515,0.8929567358618558,1.1107885049135189
2025-04-22,1.4456859590349658,1.45156504132907,1.4746433515554094,1.5125034251289886,1.5134321497599745,1.5518361801210503,1.5859265342213298,1.481525027705435,1.5471385729174538,1.940822672336704,1.6295264403610374,1.6053763769006255,1.8967842626199765,0.8072246220980115,0.7653737356822539,1.4905951235427433,1.8204519259685739,1.6015093337702004,3.872278784061059,1.6387718374759848,0.6207639645621315,0.8687896569598612,1.0524994912392684,0.8951553216785246,1.1150989427851405
2025-04-23,1.5096503485713257,1.5149175789029703,1.5373941028998792,1.5646315287187518,1.5685397463191917,1.6294754485419034,1.6596905263493664,1.514416982247687,1.561940894220629,1.9753808719031798,1.6898791752839817,1.6698925059328835,1.9889812125092494,0.8090129320424473,0.7672658664824644,1.4264875599130786,1.8596909187977597,1.7350591039919572,3.7184327047456676,1.7682119290470883,0.626793560268488,0.8697115334666261,1.0517360991533657,0.899129666015215,1.1207024462468558
2025-04-24,1.5008435557820146,1.5062065566524088,1.522212462037396,1.5567333385092008,1.558004543246436,1.6190603824445389,1.6408397578893998,1.506753814373939,1.5536516304293306,1.968628184706633,1.6883316904515644,1.6763440203923088,2.0159657986279034,0.811158835758721,0.7675812316407918,1.4230326595206115,1.8085612739728432,1.7081331047319928,3.735849095777613,1.7459361188660498,0.6333974188320365,0.8744131950861964,1.0530082898806292,0.9083467075497632,1.1307599884553219
2025-04-25,1.5365338403281483,1.5442181033638243,1.57079374368447,1.5922751944521796,1.5952831205820384,1.6588267489082051,1.6891961857311186,1.531179905046604,1.5619408942206288,1.9781614079873875,1.7316619741523944,1.7322581301453333,2.131774239925658,0.8115164977476083,0.7707348230743121,1.4191939463901009,1.831153376687538,1.7835230780963587,3.6531205463045113,1.8260082880668143,0.638063208708462,0.877732006778285,1.0538988330959065,0.9131666419653609,1.1317657426761685
2025-04-28,1.5495120484620915,1.553720959832834,1.5748422739091812,1.5985936502063656,1.603387206177084,1.6682949382792258,1.6982116822883868,1.5398009803234551,1.5666776325203347,1.984516940683841,1.7301144893199774,1.7344086349651417,2.131774239925658,0.810801173769834,0.7682119619574467,1.4095970171263053,1.8347206403248544,1.8077574942731989,3.632801331157727,1.8464780309272903,0.6420829391793663,0.8812351656378589,1.055425520205781,0.9152806494198228,1.1323404750336505
2025-04-29,1.555537756236455,1.5632238163018441,1.578890649698255,1.607281707643599,1.6131121398056538,1.6938590206863609,1.7088665732101722,1.548900826599702,1.5820720602275666,2.003980844801147,1.725471916757201,1.7344086349651417,2.1295253957437272,0.8011445047210279,0.7584358224985587,1.4130519175187726,1.7776456695020724,1.8411425924409046,3.602322231609006,1.8783864451248535,0.6474665302449218,0.8842774214113848,1.0560616641003782,0.9173946568742848,1.1353577376961905
2025-04-30,1.5629539357923625,1.5663915156817647,1.5910359315011142,1.6136002839146035,1.615138122561271,1.688178193747611,1.6990313013074738,1.5431535648832384,1.590953543355671,1.9980224666047868,1.7099968323019794,1.7139784289944597,2.10029230856859,0.791130241900384,0.7546515608981373,1.414203502170422,1.7253270501957119,1.83414332400286,3.6139332512398177,1.8741720430700157,0.6422265322760246,0.8856602713388666,1.057461103018947,0.9130821281175414,1.129323212371111
2025-05-01,1.5629539357923625,1.5663915156817647,1.5910359315011142,1.6136002839146035,1.615138122561271,1.688178193747611,1.6990313013074738,1.5431535648832384,1.590953543355671,1.9980224666047868,1.7099968323019794,1.7139784289944597,2.10029230856859,0.791130241900384,0.7546515608981373,1.414203502170422,1.7253270501957119,1.83414332400286,3.6139332512398177,1.8741720430700157,0.6389820301562049,0.8818159566992889,1.055285619797669,0.9098857049766113,1.1307744441305931
2025-05-02,1.6083778057130238,1.6154897081344621,1.6315203071344027,1.6491421398575825,1.650390717141256,1.7345722638763708,1.741650552341928,1.5632690722419387,1.59509817525132,2.0158974496660167,1.7099968323019794,1.7204301075268857,2.1250280505053136,0.7836194765678518,0.7429832906390387,1.3850289016409918,1.7205708120769518,1.9369973194892076,3.5050798383902535,1.9801323408230878,0.6320655553895062,0.8758964927203973,1.0532436611720342,0.9076783214813765,1.1342403884526788
2025-05-05,1.5940089843456766,1.5949000850887942,1.6254477434507917,1.6444031775251247,1.6337774112290724,1.72510407450535,1.723619402901048,1.5503375963532788,1.5974664879347986,2.0079529959134867,1.6186938104030675,1.632258097330733,2.020463143866317,0.7474964342948379,0.7171239491537295,1.381957813986568,1.6171225479456748,1.8863770735827063,3.550072504856081,1.926550200128055,0.6285352284508354,0.8743241505372241,1.0531160144164453,0.9064047911421603,1.133807159184966
2025-05-06,1.5852023330082252,1.5861891836736084,1.6102661025883085,1.6420336963588957,1.6325618524902172,1.7014336010777982,1.724439021920135,1.5651848870481453,1.6158214476623154,2.0158974496660167,1.6419064370858998,1.6526881392284143,2.0440746352747987,0.7571531033436439,0.7224850365457877,1.4261037471750355,1.6682520793729296,1.8820695012103272,3.5689405847739906,1.9133050940101168,0.6306245887919093,0.8765439318879144,1.054009346973674,0.9081877077072855,1.1329405904691572
2025-05-07,1.5791767666857215,1.584605394401336,1.6011570254094363,1.6365049873155737,1.6293201564231685,1.7042740867837254,1.720340926824701,1.5632690722419387,1.6170055475376799,2.0218558278623773,1.651191464145928,1.6655913322202656,2.06543728250135,0.764306206687289,0.7294228895797291,1.4391555768312982,1.7158145739581916,1.8766838494281688,3.5631349365443126,1.913907177693686,0.6332903357720219,0.878856224709843,1.0543922872404403,0.9100555435682101,1.1339514954872816
2025-05-08,1.6000346921200401,1.6075706409377246,1.6234234011206177,1.650721753796129,1.6491751584024008,1.7345722638763705,1.7449290284182755,1.5728479635708152,1.6205581859620215,2.0258279789747164,1.6682141514990914,1.6838710333711393,2.0901730244380734,0.7714592418138848,0.7332072113299041,1.4326295887844074,1.6872770318479697,1.92084262379356,3.5195936821359046,1.9614688490133183,0.6262297368619357,0.8720118577152953,1.0522226818592169,0.9054708732116981,1.1336627127022676
2025-05-09,1.619965542065423,1.6226168202773756,1.6456899312674362,1.6649385202766844,1.6653831750199155,1.7516150336388288,1.764599415897329,1.5857794394594753,1.6318078688408553,2.043702962035946,1.6620240941038977,1.6795698596585218,2.076680817160108,0.7711015798249976,0.7281614890961732,1.410748601777955,1.7300832883144714,1.9649991385081238,3.487663447358308,2.0048163020082574,0.6271663788921875,0.8726592968828123,1.0527331715156254,0.9051312608029441,1.1343848349353778
2025-05-12,1.638042382484794,1.6400388647784991,1.6507504782215974,1.6815246474066503,1.6824017702267686,1.7733918980867973,1.7826305653382089,1.6030214073110218,1.6347684008611396,2.0397306593957554,1.6836892359543127,1.7129032586210555,2.1047896538070034,0.7843348005456262,0.739199029038617,1.3896353866851083,1.7633769551457918,2.007541810601719,3.439767956777642,2.051775889644321,0.6213305603646173,0.8671098082232985,1.0508188596455794,0.9049614222113453,1.1456492366174433
2025-05-13,1.6579733738820368,1.6645879005871602,1.6801015887814768,1.7012701229305274,1.702256617633425,1.7894877911229115,1.8145949254508777,1.6226580523192484,1.631807868840855,2.0397306593957554,1.7099968323019794,1.7462364935105887,2.1497637924420365,0.7922031596499963,0.7486597431894241,1.3823416267246114,1.7788347573811771,2.054390021381948,3.3991292496555285,2.101745895698229,0.618808937527892,0.8664623690557816,1.0505636635003484,0.9057255663246525,1.147671046653692
2025-05-14,1.6955175265023228,1.7010156580263034,1.7145132462955173,1.7289137886639554,1.7330521119800824,1.8406159559371813,1.8563945574662453,1.6494787287975157,1.6359525007365041,2.053633491344646,1.727019401589618,1.778494558026718,2.208230138355035,0.7986409390158671,0.751497969464617,1.3677543996786559,1.8168846623312573,2.1400136143962376,3.3236574836409805,2.187838534274394,0.6147022789174379,0.8632251732181966,1.0497979776987085,0.9011408959681405,1.1434829800984962
2025-05-15,1.691809507450299,1.699431868754031,1.7145132462955173,1.73523236493496,1.7322416879633202,1.8320946432925045,1.8465594418898903,1.6470840516408356,1.6430576646524377,2.0675361717656844,1.7146394048647555,1.7752688828335057,2.1992354478782072,0.7950643873440445,0.7473983427058684,1.333205395753984,1.769322281143657,2.1276286941760345,3.3338170912143723,2.1757975955235933,0.6201057799821015,0.8688671733489491,1.0518398389583972,0.907593402185577,1.1456492366174436
2025-05-16,1.696444601991259,1.7010156580263034,1.7114770416715301,1.7368119788735061,1.7383197908027483,1.8339882522720878,1.847379060908977,1.6528313133572992,1.6489786157602577,2.0814390037145754,1.7223769470923664,1.7774193876533142,2.1969866036962764,0.7875536902285616,0.7407757946805006,1.3635317273725827,1.7728894313833115,2.155630287229868,3.319303524297266,2.202287624029325,0.621762877827524,0.8691446371970883,1.0515846428131659,0.9092913994549029,1.146948924420582
2025-05-19,1.6728055915419924,1.678050290654539,1.702367964492658,1.7075886992015317,1.7140075340176122,1.797062371514349,1.8129558437390476,1.6379842053645886,1.6501628285683716,2.0734945499620454,1.7239244319247835,1.7645161946614627,2.165504843901932,0.7825464906011904,0.7376222032469805,1.3666026685894872,1.781212819741726,2.0904714478995152,3.3642961907630933,2.13485847726293,0.6199617108059695,0.8686821504064718,1.0519674857139858,0.9093763187507024,1.1463712486701705
2025-05-20,1.676050214301408,1.6812179900344593,1.697307417538497,1.716276756638765,1.7184647888235158,1.8103177788445364,1.8170537825081383,1.637505160311959,1.6548995668680777,2.0715084744058756,1.7393995163800051,1.786021571005549,2.200359698406449,0.7861230422730129,0.7417218901554828,1.3650672711997947,1.7919143838583513,2.0958548400308463,3.359941954590835,2.140276862954761,0.6154947968043024,0.8675722950139152,1.0520951324695744,0.9071688704810238,1.145793572919759
2025-05-21,1.7020067720211545,1.7033914023523995,1.708440682611906,1.734442618224096,1.7391300602469344,1.8292541575865775,1.8473790609089773,1.655226173216135,1.663780937063433,2.081439003714575,1.727019401589618,1.7774193876533144,2.1834943964183116,0.7922031596499964,0.7480290128727696,1.3984645440352979,1.8240190762082278,2.148628759140996,3.3207546595261412,2.1950631710169315,0.6049759879944946,0.861560319563785,1.051456996057577,0.8970656766119812,1.1381395620424777
2025-05-22,1.6834663938573156,1.6843855685790037,1.702367964492658,1.7233850796206338,1.7221116814416881,1.8188392359623173,1.828528136122667,1.6499577738501452,1.653123247655907,2.073494549962045,1.6976167175115922,1.750537667223207,2.163255999720002,0.788626607978174,0.7436140209556935,1.413435730256816,1.7835909954999367,2.104472244426432,3.35558799524712,2.1505117343849993,0.6081460595419522,0.8647975154013698,1.0520951324695746,0.9016502821940495,1.1404502650441235
2025-05-23,1.676513752045876,1.6804260349806348,1.6962954008090467,1.717856370577312,1.7155356051595168,1.8093710465912967,1.8236105783344896,1.642294697327475,1.653123247655907,2.069522247321854,1.6945217478467578,1.7494623327768024,2.1756239564697255,0.7875536902285617,0.7436140209556935,1.4080614732990935,1.760998892785242,2.09747071633756,3.364296190763093,2.1450931649630234,0.6091547086766423,0.867294760600199,1.0527331715156258,0.9023295070115575,1.140161372078726
2025-05-26,1.6746596010680042,1.676466501382266,1.6962954008090467,1.720225851743541,1.716768570466791,1.8036900751794425,1.8162341634890518,1.6379842053645883,1.6501628285683716,2.069522247321854,1.6976167175115924,1.7483871624033986,2.1778726290889328,0.7725322277805465,0.7322611158549222,1.4157390459976338,1.7812128197417259,2.085085796117357,3.371552974221646,2.1324503262587986,0.6091547086766423,0.867294760600199,1.0527331715156258,0.9023295070115575,1.140161372078726
2025-05-27,1.6598273834080488,1.6590445777165184,1.6750410418273154,1.7012701229305278,1.697451277794026,1.7194232475666,1.8031205718363494,1.6250527294759285,1.6383209263527319,2.0615779450971763,1.6929742630143407,1.744085988690781,2.1744995343787608,0.7664521104035631,0.7272153936211913,1.4057581575582756,1.7681331932645512,2.0473907529439033,3.4005806617129473,2.0921131079515596,0.6176562192170698,0.8709020023227387,1.0531160144164458,0.9104800104983197,1.1470933709032807
2025-05-28,1.6626084684229967,1.6693393892393524,1.6892105115247114,1.7028498573858926,1.7056714123432466,1.7970623715143488,1.8121362247199613,1.6255315918264022,1.6359525007365043,2.0615779450971763,1.7099968323019796,1.7666666994812716,2.209354560446001,0.7664521104035631,0.7269000284628638,1.397696772121692,1.7681331932645512,2.055468100791727,3.390421054139555,2.102949879335222,0.6149904722369572,0.8684971980295713,1.052350328614806,0.908272627003085,1.1463712486701705
2025-05-29,1.6663164874750205,1.6701312234578007,1.6902226826897984,1.7036396040967565,1.7064934414767714,1.8084241698649526,1.8244301973535766,1.632236943648125,1.6270711305411492,2.049661188704455,1.7363044286496465,1.7999999343708049,2.2577017937912065,0.7689556761087241,0.7306843502130387,1.3808062293349186,1.813317512091602,2.0673152241149952,3.3802614465661627,2.111980583398322,0.6206821666211402,0.872104369186534,1.053498954683212,0.9123478463592443,1.148104275921405
2025-05-30,1.6663164874750205,1.6701312234578007,1.6902226826897984,1.7036396040967565,1.7064934414767714,1.8084241698649526,1.8244301973535766,1.632236943648125,1.6270711305411492,2.049661188704455,1.7363044286496465,1.7999999343708049,2.2577017937912065,0.7689556761087241,0.7306843502130387,1.3808062293349186,1.813317512091602,2.0673152241149952,3.3802614465661627,2.111980583398322,0.6216187536841367,0.874694125856602,1.0547751301412607,0.9149797615590323,1.1491151809395292
2025-06-02,1.6306262029288867,1.6352873761263058,1.6527746661161338,1.674416324424782,1.6789560142547855,1.7648704409690155,1.7850894223954696,1.6058949468181756,1.6152293412582586,2.029800130087056,1.7084493474695626,1.7569891816826329,2.203732793116622,0.7567954413547571,0.7202775405872496,1.403454988254977,1.8026159479749766,1.9784621381381058,3.452830388465872,0.28872450399750776,0.6158550543942056,0.8717344164481408,1.053907266957727,0.9123987922365728,1.148913007868892
2025-06-03,1.642213939281286,1.6455821876491397,1.66593211908408,1.6815246474066505,1.6888202070710556,1.7838068197110568,1.8006617147790889,1.6183475603563617,1.6205581859620215,2.029800130087056,1.7161868896971733,1.774193548387102,2.232966051854483,0.7675250281531754,0.730053619896384,1.4188099872145383,1.8121284242124966,2.0048478548852255,3.438316544720221,0.2926807881655731,0.6147702822722374,0.8708992072309781,1.0536512274963306,0.9128248940780038,1.1510895512336083
2025-06-04,1.6806853088423677,1.6875532679589238,1.7033801356577445,1.720225851743541,1.718001535774065,1.8131582645504627,1.8342653129299318,1.6327158059985984,1.621742285837386,2.029800130087056,1.7332094589848122,1.7956989247311883,2.2397120697121036,0.7707439178361106,0.733837941646559,1.4161228587356771,1.8204519259685727,2.1077017373890317,3.345428110845183,0.2926807881655731,0.6247500644119806,0.8773022183016053,1.0555718653637536,0.9194716667146424,1.1532660945983246
2025-06-05,1.6839297901499237,1.693888425048013,1.7135012295660668,1.725754560786863,1.7229335537891874,1.8339882522720874,1.838363408025366,1.6288841763861857,1.6205581859620215,2.029800130087056,1.7285668864220358,1.7935484199113798,2.24983135384262,0.7696710000864982,0.7316304456880209,1.419961718303707,1.8097503618519473,2.1109337159675414,3.342525563558888,0.2926807881655731,0.625183951191247,0.8747039154898846,1.05441944356822,0.9166595505948297,1.1507992864097294
2025-06-06,1.6867108751648714,1.6962641693741094,1.7013559477632076,1.725754560786863,1.7262216703232862,1.829254157586577,1.838363408025366,1.6288841763861857,1.6300316625614337,2.037744583839586,1.7285668864220358,1.7892472461987623,2.254328699081034,0.769313338097611,0.7328918461715769,1.4234166186961743,1.8204519259685725,2.1184732669184307,3.3338170912143714,0.2926807881655731,0.6172290475864834,0.8677441454734435,1.052626874275345,0.9111205517262931,1.150654264701384
2025-06-09,1.7029337060582304,1.7121023037675844,1.721598135579852,1.7376018461011895,1.7352638340060316,1.8510310220345456,1.8531162377162418,1.6351104831552787,1.637136713544618,2.037744583839586,1.7363044286496465,1.797849429550997,2.265572233739792,0.7696710000864982,0.735099342130115,1.398464544035298,1.860879893279202,2.144321186768616,3.317852112239845,0.2926807881655731,0.6178799329291852,0.8693216763522108,1.0533950903472342,0.9138474344750172,1.1512345729419537
2025-06-10,1.7488211137233596,1.7524895948050963,1.7630945279425907,1.7731437020441685,1.7685551515906384,1.8945847509304825,1.902292128250704,1.6537892207604024,1.643649771056495,2.0556195669008157,1.7409470012124229,1.8032257736370185,2.267820906358999,0.7657367864257886,0.7313150805296936,1.3969290002080863,1.883472109391558,2.22725059810133,3.24963712968385,0.2926807881655731,0.6210618612668094,0.8708063904738619,1.0533950903472342,0.9160630470252344,1.1539915352508339
2025-06-11,1.7488211137233596,1.7691195634170196,1.7853609036537719,1.7873604685247237,1.7780082514471334,1.91257425294618,1.91704495794158,1.656662942969712,1.6418734518443243,2.059591718013155,1.74249448604484,1.807526947349636,2.259950466410413,0.7721745657916592,0.7354147072884424,1.409980829864349,1.8715814573958272,2.2681776198532937,3.2220611310785126,0.3319686776849625,0.6229421292666342,0.8744255360169776,1.0550596887532608,0.9189603315021229,1.153701381130549
2025-06-12,1.7488211137233596,1.7643681956002024,1.7782761688050737,1.782621506192266,1.7681442154168892,1.91257425294618,1.906390223346138,1.656662942969712,1.6466101901440302,2.0615779450971767,1.7254719167572012,1.7903225806451668,2.248706931751655,0.7664521104035629,0.7319457506965948,1.4211133029553566,1.944114230453995,2.250944844747867,3.2380261100530388,0.32931967942764295,0.6303908132376529,0.8782301734774425,1.0559559733996982,0.9240732935432416,1.1550072407272223
2025-06-13,1.7488211137233596,1.7406109940099899,1.7539856051993554,1.7668251257731642,1.7566361211195953,1.8889037795186283,1.891637393655262,1.656662942969712,1.651939034847793,2.055619566900816,1.7069018626371453,1.7634408602150593,2.2183494224855522,0.7567954413547568,0.7240618021876711,1.4414587461345973,2.0951249891705337,2.1987109821854793,3.278664817175152,0.32065018882865515,0.6243161776327142,0.8749822949627917,1.055187757327809,0.9185342946747052,1.151524837765833
2025-06-16,1.7488211137233596,1.746154316880631,1.7529734340342684,1.7644556446069353,1.7628011044419916,1.8832228081067741,1.8940962507125225,1.6571418053201856,1.660820405043148,2.0595917180131553,1.7130918019668142,1.7720430435672938,2.228468535053345,0.7564377793658696,0.7228004017041152,1.441074933396554,2.102259289649843,2.2105581055087478,3.2641509734295013,0.32281756147840207,0.6180245434643401,0.8724767381097455,1.0550596887532608,0.9169151856940834,1.1538464028388946
2025-06-17,1.7488211137233596,1.7532814290235443,1.7580339809884293,1.7691946069393931,1.7623901682682421,1.8955314831837218,1.898194189481613,1.6595366651790215,1.6584520923596697,2.0595917180131553,1.7161868896971733,1.7817203972929323,2.236338975001931,0.7564377793658696,0.721854306229133,1.4276391445647285,2.0701545972999664,2.2240188454879024,3.2568941899709483,0.32438289637711626,0.6255455602898371,0.8767454593557915,1.0555718653637536,0.9200681702842382,1.1525405432422213
2025-06-18,1.7639315671914833,1.7659519848724747,1.7722036051214625,1.774723315982715,1.7710212389912123,1.9201488333376175,1.9072098423652248,1.6619313423357016,1.6631888306593758,2.065550096209516,1.711544317134397,1.7774193876533153,2.2509556043708616,0.7614449789932408,0.7246925325043259,1.428023103740291,2.1248515057621993,2.2563304965300253,3.2293179145370665,0.32895844299726246,0.6266303324118052,0.8773022183016055,1.0560840419742463,0.9207499072249224,1.1542818000747133
2025-06-19,1.7465035664528796,1.7493218954251755,1.7641066991076773,1.7652455118346178,1.7562250281598202,1.8898506562449722,1.8932766316934355,1.6480419590439386,1.657859985955613,2.0516474157884774,1.7084493474695626,1.767741869854676,2.236338975001931,0.7557224553880953,0.7209082709039045,1.4195777591281449,2.1486325829583377,2.208942229202034,3.2641509734295013,0.3224563480142897,0.6266303324118052,0.8773022183016055,1.0560840419742463,0.9207499072249224,1.1542818000747133
2025-06-20,1.743907924826091,1.7485300612067272,1.7590461521535163,1.7565574543973843,1.7508819171849228,1.886063293812701,1.883441359790737,1.638463067715062,1.6489786157602577,2.0397307200068973,1.7053542597392035,1.7666666994812723,2.2374633970928963,0.7578684273214183,0.7224850365457878,1.409597017126306,2.1581450591958578,2.1960170264689864,3.274310581002893,0.32077060097211535,0.6254732274353586,0.8778589772474193,1.0568522580461355,0.9215168125226825,1.157909335448042
2025-06-23,1.7294464524905941,1.7326919268132521,1.738803964336872,1.7399713272674184,1.7397849158474044,1.86144608813191,1.8793434210216462,1.6236159597223514,1.636544607140561,2.0234939956211293,1.7099968323019799,1.7709677091208893,2.2250954403431726,0.7592990070599178,0.7215389410708056,1.4099808298643492,2.1878715757875233,2.159400062705312,3.2931786609208022,0.3154726044574762,0.6274981059703382,0.8809212930462794,1.0582607193030658,0.9238176584439886,1.160085768109164
2025-06-24,1.760965180240236,1.7651600298186505,1.7711914339563755,1.7731437020441685,1.7718432681247371,1.9078401582606694,1.9178645769606664,1.649957773850145,1.651939034847793,2.029176957547564,1.7301144893199778,1.796774259177593,2.254328699081033,0.7678826901420623,0.7303689850547115,1.402303257165809,1.9369799299746853,2.2541768233263766,3.224963678364807,0.32871761871034216,0.6320541378478443,0.8839836088451396,1.059157003949503,0.9281635851593213,1.1632780169502688
2025-06-25,1.786550851183664,1.788917231408863,1.7934578096675569,1.793679044795728,1.787050415129879,1.9447660390184085,1.941633059535154,1.657620850372815,1.657859985955613,2.0417602718438985,1.7347569438172294,1.8053762784568268,2.258826044319447,0.7714592418138848,0.7357300724467697,1.3980805848597357,1.9096313623459074,2.3021028875513023,3.197387679759469,0.33582177441061584,0.6328496337257008,0.8843548050751628,1.0592850725240512,0.9270558113912192,1.162987862829984
2025-06-26,1.7887757474859942,1.7881253971904147,1.8076274338005902,1.8007873677775965,1.7882833804371527,1.9504470104302627,1.944091760266071,1.6595366651790213,1.6637809370634329,2.0417602718438985,1.7192818593620078,1.7924730854649753,2.2678209063589985,0.7725322277805463,0.7328918461715769,1.4007678597761164,1.8989299116269434,2.290793787090051,3.203193051160603,0.33389522604778926,0.636031562063325,0.8875098668326974,1.0605654652064334,0.9304644310806273,1.1663251333794338
2025-06-27,1.790629757012006,1.7936687200610557,1.802566886846429,1.7944687915065922,1.7915714969712515,1.9400319443328982,1.9465506173233316,1.6614522972830719,1.6697018881712526,2.0478490821997815,1.723924431924784,1.7956989247311883,2.285810630438101,0.7589413450710306,0.7231157668624425,1.3796544982457506,1.9120095381041182,2.28540790934281,3.2046444632180227,0.3334136004402166,0.6319818049933659,0.8851899434938837,1.0601813571704888,0.9289305554710943,1.16574471443527
2025-06-30,1.7932253986387947,1.790501141516511,1.809651621695127,1.7992077538390499,1.7928044622785257,1.9485534014506796,1.9473702363424183,1.6580997127232884,1.667925568959082,2.0397307200068977,1.7486845434400335,1.8236559796077003,2.3341578637833065,0.764663800459127,0.7300536198963841,1.3788867263321447,1.9036861497457036,2.299411191485637,3.2002902270457643,0.33485850022920255,0.6382011063072615,0.8887162014814416,1.0609495732423782,0.9340434524981999,1.170242933576642
2025-07-01,1.8036079651459491,1.806339275909986,1.809651621695127,1.8102651719256935,1.8022575621350208,1.9618088087808667,1.958844589956947,1.662410204686175,1.673846520066902,2.049878634036783,1.7471370586076163,1.821505310714891,2.330784769073134,0.7693133380976109,0.7328918461715769,1.3965451874700434,1.8906064098708675,2.3430299093032665,3.1625546208670343,0.341842243786016,0.6397776213400993,0.8870737354046889,1.0598484382707853,0.9351682562969323,1.1687773605762355
2025-07-02,1.8039788519222673,1.809506854454531,1.815724185378738,1.8110550391533757,1.8076006731099181,1.9542342283894294,1.9654013857832981,1.6691153738057418,1.6756227263463235,2.0579969962296674,1.7502320282724504,1.809677452169444,2.295929743005894,0.7671674343813372,0.7335225764882316,1.40115167251416,1.9060643255039145,2.3467994588136283,3.1567489726373563,0.34256471664677707,0.6357127936968686,0.8852118526669658,1.0597199599264784,0.9349972280688865,1.1709641934501707
2025-07-03,1.8288228907649187,1.8269287781202785,1.8369785443604694,1.8347496097820282,1.8248629713418847,1.9892666446406897,1.9932678071268766,1.6834838021501346,1.6874646285619632,2.0742335657705557,1.7409470012124224,1.8086021177230396,2.294805492477652,0.7618025727650788,0.7306843502130388,1.404606572906627,1.9429251425748892,2.4119585241090635,3.1146588534578235,0.3517158098870694,0.6312850112801539,0.8821398704409601,1.0585639488285028,0.9327734695860278,1.171693174817129
2025-07-04,1.8117657768026332,1.8134663880529,1.8288816383466842,1.8197429760737904,1.8125326911250406,1.9712769981518878,1.9826130725314346,1.6710311886119484,1.6850962029457355,2.0681449102595524,1.7455895737751987,1.817204301075274,2.3161681397042035,0.7732475517583206,0.7382529335636351,1.4000000878625105,1.9429251425748892,2.3608004813056276,3.146589365063964,0.34521371490409664,0.6312850112801539,0.8821398704409601,1.0585639488285028,0.9327734695860278,1.171693174817129
2025-07-07,1.8010123235191602,1.8055473208561625,1.8167363565438248,1.8086855579871466,1.804723649535595,1.951393887156607,1.9645817667642114,1.6681576491047947,1.6916092604576123,2.0600265480666686,1.756422085667644,1.8225806451612954,2.3240385796527896,0.7682403521309494,0.7328918461715769,1.3854127143790358,1.9274672269418422,2.3301047065702187,3.1625546208670348,0.34124020603498323,0.6252603164667062,0.8793470818461575,1.0583069921398887,0.9272141712584469,1.1677568533986582
2025-07-08,1.792854511862476,1.7944606751148804,1.7964941687271805,1.8023669817161423,1.7969146079461493,1.9504470104302631,1.9596642089760339,1.6595366651790213,1.6916092604576123,2.0559674443926665,1.754874600835227,1.8236559796077,2.3240385796527896,0.7721745657916592,0.7401450643638458,1.3965451874700432,1.96432827080814,2.313950010874571,3.171262816383008,0.33847079563420346,0.6244618602683397,0.8780437994415334,1.0584354704841956,0.9245627443259078,1.166153183372902
2025-07-09,1.8113948900263146,1.8126744329990763,1.8157241853787378,1.8134245203196044,1.8162317438328885,1.9693833891723045,1.995726664184137,1.673904910821258,1.6809515710500864,2.047849082199783,1.7533271160028099,1.824731149981104,2.3161681397042035,0.7793276691353043,0.7451907865975766,1.3800384574213131,1.9845423111622855,2.357568502727118,3.149492189178804,0.34437085286614344,0.6309946585371912,0.8826052878577175,1.0593346228938196,0.9298655329379419,1.1693605234244147
2025-07-10,1.8321601644924836,1.8332640560447442,1.8390027322550062,1.831590261388117,1.8347270073721291,1.9854792822084188,2.0186753714131944,1.6782154027841447,1.69397768607384,2.055967444392667,1.7688022004580313,1.8440860215053816,2.3431525542601337,0.7868383662507873,0.750551873989635,1.393090287077576,1.9928656995207,2.3871861980527473,3.1291726972034755,0.3488259873428295,0.6314301599620735,0.88213987044096,1.0593346228938196,0.9300365611659878,1.1681941977280572
2025-07-11,1.8399470893728496,1.8411831232414817,1.8460874671037042,1.8347496097820284,1.841714176614076,1.9996815662649499,2.021953847489542,1.6858784793068147,1.7064115817607874,2.0722040139335554,1.7718971701228656,1.843010687058977,2.3262872522719964,0.7950643873440445,0.7578051523316576,1.4003839006005538,1.952437618812409,2.4211114657507564,3.105950657941852,0.3536423812161641,0.622719799189687,0.8780437994415333,1.0590776662052055,0.924391716097862,1.1667363462210807
2025-07-14,1.8291937775412366,1.826928778120279,1.8197727156034489,1.8268514195724777,1.8281509310899577,1.962755685507211,1.9981853649150543,1.677736357731515,1.7105562136564367,2.0742335657705566,1.765707112727672,1.835483838153147,2.304924605045445,0.7882690142063359,0.7521286997812718,1.4092130579507436,1.9952438752789108,2.37749297389821,3.1320755213183147,0.3476219118407639,0.6214132395359167,0.8776714228939887,1.0592061445495125,0.9241351411292713,1.1676110348798785
2025-07-15,1.8540378163838878,1.853061724036588,1.8501359973284155,1.8410681860530331,1.848701189069997,2.002522051970877,2.030149881354067,1.6887520188139682,1.7111483200604936,2.072204013933556,1.787372254578087,1.8623655585832546,2.342028303731892,0.7843348005456262,0.7518133346229445,1.4092130579507436,1.9560048824497251,2.4415762194346935,3.0870828548524876,0.35797710354938994,0.6170580591497233,0.8742270641204385,1.0581785137955815,0.9207995360315052,1.1641121690177467
2025-07-16,1.8688701754957027,1.8718932174962795,1.8703781851450598,1.8710812124358716,1.8663744234757127,2.022405307439262,2.04982026883312,1.6992888175459477,1.7129246392726643,2.0762632724524375,1.7749921397877,1.855914044123829,2.3352821143115476,0.7811159108626908,0.7511826043062898,1.399616128686948,1.9548157945706197,2.484116631877461,3.059506579418606,0.3641179850682503,0.617929061999488,0.8766474051441321,1.0595914815821712,0.9222535043555481,1.1671736905504795
2025-07-17,1.879994374103634,1.8774834399221603,1.8825234669479192,1.8679219845587787,1.8676073887829867,2.029979743357595,2.0522791258903808,1.7021625397552576,1.7176613775723704,2.0803223761264396,1.782729682015311,1.863440893029659,2.344276976351099,0.7861230422730128,0.7568590568566754,1.4000000878625105,1.9512485309333036,2.5228897544606936,3.034833128099563,0.36977721801327,0.6177839133175683,0.8763681404893647,1.0592061445495127,0.924477197585363,1.168340016246837
2025-07-18,1.9078049413493923,1.9046354266119232,1.9047898426591006,1.8876674600826557,1.8869246814557517,2.027139402124772,2.081784628945789,1.7050360792624115,1.7152929519561428,2.0843814798004416,1.7982047664705325,1.8817204301075323,2.3577691836290637,0.7889842699670611,0.7622201442487337,1.3973129593836493,1.979785959645864,2.572431920957416,3.004354305379386,0.37676098453635154,0.6187275181978545,0.8787885525366227,1.0601052969591367,0.9261878061310403,1.1699436862725932
2025-07-21,1.9007596259375055,1.896649533837869,1.902765592990309,1.8821387510393337,1.8819926634406297,2.0602780649233448,2.081784628945789,1.7081971378830296,1.7075957945689013,2.082351927963441,1.7966572816381152,1.8838709349273406,2.358893605720029,0.793633807605545,0.7672658664824646,1.4099808298643495,1.9714625712874494,2.5568150221587027,3.015965325010198,0.37423237545622406,0.6242441095558984,0.8818606057861926,1.0607475906804091,0.9297799861973971,1.1715473562983494
2025-07-22,1.8876894844909788,1.883872056657361,1.8874946005735502,1.8710812124358716,1.8676073887829867,2.0356607147694494,2.0588359217167316,1.6895443576767688,1.7117404264645506,2.0640856517406716,1.7904672242429216,1.8795699252877236,2.364515373049408,0.7993562629936413,0.7742037195164061,1.4218810748689628,1.9464924062122053,2.508888957933777,3.0420899115581164,0.3674894561863309,0.6280185844561663,0.8843740587026635,1.0615182647457262,0.9320037446802558,1.1735883706535046
2025-07-23,1.8932909940326768,1.8950523796540686,1.8895308571714393,1.8821387510393337,1.8819926634406297,2.054597093511491,2.0719495133694337,1.7072153928986256,1.7212139030639626,2.0803223761264396,1.7935623119732809,1.8731182467552976,2.3442769763510984,0.8075822840868986,0.7814569978584287,1.4364683019149183,1.952437618812409,2.55089157347961,3.015965325010198,0.37399155116930366,0.624534462298861,0.8812089645838806,1.0606191123361022,0.9305497763562129,1.1741715335016834
2025-07-24,1.9044938706637673,1.903038272428123,1.9017476200359325,1.8908266879597484,1.8906237341635996,2.057437579217418,2.0899806628103135,1.7106514067196856,1.7164771647642565,2.0742335657705566,1.804394823865726,1.8806450956611278,2.36563962357765,0.8043633944039633,0.7795648069084644,1.4149712740840286,1.9512485309333036,2.5810470657021742,3.0043543053793864,0.3773630222873842,0.6234456533575319,0.8799056111556923,1.0597199599264782,0.9291812895196709,1.1727136819947068
2025-07-25,1.9007596259375055,1.8990453260410958,1.9048018495881978,1.894775783064524,1.8873356176295009,2.066905768588439,2.08834142477214,1.71163315170409,1.7111483200604933,2.0742335657705566,1.8152274538236959,1.891397783833171,2.3768831582364083,0.801144504721028,0.7798801720667918,1.4072937013854883,1.9726516591665546,2.565430166903461,3.0116110888379395,0.3760385116755904,0.6273653323188427,0.8819536466554057,1.0603622536477506,0.9321747729083015,1.173442552134725
2025-07-28,1.906360993026898,1.9054340646313497,1.9058198225425742,1.9003046126246645,1.8947337230451968,2.0650121596088558,2.103094254463016,1.716050910509554,1.7093721137810718,2.072204013933556,1.833797507943752,1.9107526553574488,2.397121554934718,0.8036480704261891,0.7833491286586394,1.3973129593836493,1.9560048824497254,2.5912783127187287,2.9927432857485745,0.37953039493713114,0.623300504675612,0.8799987230484696,1.0602337753034436,0.9302931361345783,1.1728593892865462
2025-07-29,1.883955239764717,1.881476386309187,1.8885127288724946,1.8829284977501979,1.8741834650651576,2.0451289041404705,2.080965009926702,1.7032886002097185,1.6945697924778966,2.0600265480666695,1.8399875653389455,1.921505343529492,2.4173599516330273,0.8068669601091244,0.7880794857340429,1.389635386685109,1.9845423111622857,2.537428573849627,3.0275763446410098,0.372065002806477,0.6338255285571727,0.8857704530000649,1.0611329277130679,0.9364511963929292,1.1735883706535046
2025-07-30,1.904493870663767,1.9022396344086958,1.9037837212892532,1.9026739732740752,1.8902127979898498,2.0650121596088558,2.1006353974057554,1.7067246140307786,1.7052273689526736,2.0661153584225525,1.8368924776085864,1.917204333889875,2.416235529542062,0.8133047394749952,0.7975402600346035,1.3942418717292253,2.0653984725788677,2.585894920587397,2.9941944209774496,0.3782058843253373,0.6305591571123086,0.8826983997504949,1.0599768186148297,0.9329445630671173,1.1711100119689506
2025-07-31,1.9250325015628171,1.9261973127308585,1.9200728420049564,1.9145212585884015,1.908296968569315,2.0924698509955744,2.139156709671119,1.7077063590151826,1.6957538923532616,2.0600265480666695,1.8616527071893607,1.9569892473118342,2.490442926914956,0.8032904084373019,0.78524125945885,1.3800384574213131,2.085612512933013,2.6408202532503675,2.9637155982572727,0.38591207777664377,0.6309220565066695,0.8834431528455841,1.0599768186148297,0.9332011380357079,1.1718388821089687
2025-08-01,1.9082281153900287,1.906232580795723,1.9088740520948395,1.9018842265632112,1.9008988631536188,2.0801611759186263,2.1285018187493336,1.708688103999587,1.7058194753567304,2.0600265480666695,1.8384400805065284,1.9193548387096835,2.426354813672579,0.7943490633662702,0.7767265806332716,1.3800384574213131,2.0737218609372823,2.5945100653321553,2.991291873691155,0.3792895706502108,0.6398574687320675,0.8935808609547317,1.0652433958486454,0.9414460538027308,1.1718972860406156
2025-08-04,1.8970252387589381,1.8950523796540684,1.8946211879770252,1.8939860363536603,1.8943227868714474,2.058384311470658,2.116207846115718,1.7077063590151829,1.7253585349596114,2.0681449102595537,1.812132366093337,1.8870967741935543,2.379132002418339,0.7972103592773675,0.7764112756246978,1.4065259294718822,2.0118906519957402,2.5724319209574147,3.0087082647231007,0.37555688606801774,0.6416060957663002,0.8947949397304473,1.06550109353824,0.9430776970861043,1.1758533790634869
2025-08-05,1.921298256836555,1.920607212160031,1.9231269162126536,1.9129416446498548,1.918983033733084,2.1095126207580326,2.153909539361995,1.7234139042682313,1.7312794860674312,2.0782928242894387,1.8399875653389455,1.9225806779758963,2.4263548136725794,0.8068669601091244,0.7842952241336215,1.4099808298643495,1.979785959645864,2.6348968045712744,2.9724237937732463,0.38506921573869063,0.6435733498191818,0.8941411940430718,1.0651144978436629,0.9437647116809266,1.1752672705066214
2025-08-06,1.9044938706637666,1.9022396344086958,1.912946254601481,1.9026739732740752,1.9119960212771632,2.07163986327395,2.1375174716329455,1.7229229381516744,1.7407529626668434,2.0782928242894387,1.8384400805065282,1.911827989803853,2.4027433222640977,0.8075822840868988,0.7877641205757154,1.410364789039912,1.9655173586872456,2.596663964500886,2.986937637518897,0.38025284483162414,0.6398574687320675,0.8934874483556963,1.06550109353824,0.9435070975871976,1.1764394876203523
2025-08-07,1.9586412739083934,1.964529622417329,1.9577412588973806,1.942954791549512,1.950219513662918,2.1473853782421153,2.194889552358276,1.7273406969571388,1.7360162243671373,2.0762632724524375,1.8384400805065282,1.9247311827957045,2.4342252536211655,0.8097281878031727,0.7880794857340427,1.4165068179112403,1.9417360546957838,2.7269818691266736,2.9143686956191877,0.398555054278477,0.6387645559902279,0.8928337026683207,1.0649855998386804,0.9425624688986464,1.1752672705066212
2025-08-08,1.9586412739083934,1.9637309843979023,1.9669037922096084,1.945324272715741,1.9522745081037165,2.155906690886792,2.204724667934631,1.7297951530425042,1.738384649983365,2.0762632724524375,1.8399875653389453,1.9354838709677478,2.4297279083827514,0.8097281878031727,0.7877641205757153,1.4368522610904808,1.9108204502250128,2.7215959913794325,2.917271519734027,0.3980734516371724,0.6359958918870385,0.8907790530071589,1.0647279021490854,0.9395568619429461,1.1754138255930315
2025-08-11,1.9735783952657457,1.97650846157841,1.9689398934629294,1.9627002670733893,1.9646046315345347,2.1701089749433233,2.2293127695282053,1.7293041869259473,1.737792543579308,2.0681449102595537,1.8523675620638078,1.9548387424920253,2.4533392282285096,0.812947077486108,0.7912330771675629,1.4153550868220717,1.9036861497457036,2.7652147091970622,2.8940494804724035,0.4043347452994929,0.6367244818523146,0.891059290804265,1.0647279021490854,0.9410167188189552,1.1754138255930315
2025-08-12,1.9754456600811816,1.9789042537816368,1.969958021761874,1.9595410391962962,1.966248689801584,2.159694053319063,2.2276735314900318,1.728322441941543,1.7443054881584357,2.070174462096555,1.8477251075665562,1.9473118935861953,2.4454687882799235,0.825107312240075,0.7972248948762758,1.4007678597761162,1.927467226941842,2.771138157876155,2.889695244300145,0.4052979965146381,0.6335186192996787,0.8908724656061944,1.06550109353824,0.9418754543038242,1.1780512582045382
2025-08-13,1.9922499038016648,1.9956745554941184,1.9821747846263673,1.9658594949504824,1.9777567840988777,2.182417650020271,2.2457046809309116,1.7214504142994231,1.7508185456703123,2.076263272452438,1.8678426465190294,1.9720429451234935,2.4769507196369913,0.8283262019230104,0.8066856090270829,1.40000008786251,1.9001188861083873,2.802912012021343,2.873729988497075,0.4099939552782444,0.6387645559902279,0.8940478526969725,1.066918676631937,0.9468562118403093,1.1811282442864997
2025-08-14,1.9847814143491411,1.9844943543524638,1.9872651154319534,1.9666493621781649,1.9761128826178542,2.1720025839229065,2.2383282660854738,1.7204686693150189,1.7650287605694304,2.084381479800442,1.8693902494169714,1.9688172699302813,2.462334090268061,0.8344063192999939,0.8095238353022757,1.4042227601685833,1.8917954977499727,2.792678505353961,2.876632812611914,0.4087898797761788,0.634028637834157,0.8911526321503646,1.065758791227835,0.9435929252735623,1.1780512582045382
2025-08-15,1.9847814143491411,1.9844943543524638,1.9903193449842187,1.9713883245106225,1.9794008423659268,2.176736678608417,2.2612771296408742,1.7194869243306146,1.7632525542900088,2.0782928242894387,1.883317730974251,1.9752687843897068,2.487069832204784,0.8358369672555425,0.8120466964191411,1.3980805848597357,1.9096313623459074,2.799680259407916,2.873729988497075,0.4091510932402913,0.6295113466967349,0.8893782202863089,1.0653721955332576,0.9423906824912821,1.178930365145448
2025-08-18,1.9903827814385338,1.9916816091070915,1.9852290141786324,1.9784966474924912,1.993785960237544,2.177683555334761,2.2801279606313782,1.7229229381516744,1.7608841738468808,2.084381479800442,1.8786752764769994,1.9709677747500898,2.4859455816765426,0.8379828709718162,0.8196152797697374,1.4007678597761164,1.8870392596312127,2.8309138310402595,2.8606675568088438,0.4134858385397852,0.6276898439896192,0.8885376494008627,1.0653721955332576,0.9406732115215442,1.178051258204538
2025-08-19,1.986648536712272,1.986890146555691,1.984210885879688,1.983235609824949,1.9822778659402505,2.181470773293927,2.2558800990617853,1.7185051793462103,1.7545817727823552,2.0823519279634413,1.872485219081806,1.9666666010374723,2.479199392256198,0.8383405329607034,0.8199306449280649,1.393858058991182,1.8929845856290781,2.8034498089182778,2.8722788532681998,0.4101143903879727,0.6313328494038505,0.8907790530071592,1.0658876892328173,0.9421330683975532,1.1777581480317167
2025-08-20,1.9306340111045142,1.927794466914658,1.9282172470182395,1.9184703536931773,1.931313313949928,2.102884917092939,2.178956085034363,1.6934713376143864,1.747018867463264,2.0701744620965554,1.8693902494169714,1.9473118935861953,2.4353496757121302,0.8404864366769772,0.822138140886603,1.3877160301198537,1.8894174353894235,2.6564371520490804,2.9477503424542038,0.3886814881774235,0.6327171536615196,0.8920865443819102,1.0662742849273945,0.9425624688986466,1.1773185945612619
2025-08-21,1.9418368877356047,1.942169098278966,1.938397908629412,1.9318973734628686,1.950219419591302,2.1293957317533136,2.2065483857464145,1.7037793790775662,1.7476491195905466,2.0803223761264404,1.884865333872193,1.9591397521316423,2.449966133518337,0.8626610024686374,0.8438978556131634,1.3965451874700432,1.9203329264625328,2.7043657018899165,2.921625479077741,0.3951836061266643,0.6295842223696179,0.8894715616324083,1.0653721955332576,0.9389556750344884,1.1751207154202103
2025-08-22,1.9325011334676452,1.9301902591178848,1.9322896048694493,1.9311075062351863,1.9452242380563196,2.119927542382293,2.195678759184375,1.6983798752876977,1.7407165866070402,2.0742335657705575,1.883317730974251,1.9559139128654293,2.4409714430415095,0.8730329272781686,0.8527278995970694,1.39232251516397,1.9322235784582638,2.6806714552433797,2.9375907348808115,0.3913305094010111,0.6342472648528058,0.894421360587242,1.0676918680210914,0.9463409181355338,1.184644783838916
2025-08-25,1.967977028176353,1.9709183610075824,1.9760664808664046,1.9658594949504826,1.9822721387958586,2.153066205180865,2.2450104724997457,1.7150691655251502,1.7369350738433438,2.0742335657705575,1.904982872824666,1.9763441188361113,2.479199392256198,0.8841201760654741,0.8666036056649524,1.405374344820233,1.9357908420955798,2.7905248321503136,2.8751814005544944,0.4072245448774647,0.6324257621456901,0.8926469487231863,1.0671763743215317,0.9438506048846091,1.1823004614002306
2025-08-26,1.969844150539484,1.9701197229881555,1.97504835256746,1.9634901343010722,1.9814395820743687,2.179577164314344,2.250863360608478,1.7135966416728987,1.7192884951126342,2.0722040139335567,1.8987928154294724,1.9720429451234938,2.478074970165233,0.8944921690920544,0.8789026062407059,1.4107486017779554,1.960761007170824,2.788908729878517,2.876632812611914,0.4072245448774647,0.6320614393691265,0.8949817649285181,1.0680784637156686,0.9445375539621136,1.1849378940117372
2025-08-27,1.9791799048074434,1.9844943543524636,1.9811568116719909,1.9698085900552582,1.9897649904953114,2.1956730573504584,2.277619511665105,1.7199778904471712,1.7199187472399167,2.0722040139335567,1.9127204150522765,1.9881719773815585,2.5005620394827495,0.8948498310809416,0.8826868678411274,1.4119001864296046,1.9286563148209475,2.8422206718506837,2.849056537178032,0.41456952486465865,0.6313328494038505,0.8966628354464746,1.0688517534251931,0.9448810612595248,1.1864031095095127
2025-08-28,1.9605083962715242,1.9629324682335278,1.9821747846263675,1.9650697482396187,1.9781095139823666,2.1899922304117085,2.259224697683484,1.7199778904471712,1.7180279908580682,2.0782928242894396,1.9111729302198592,1.982795633295537,2.4926915995341634,0.876251816961104,0.8640807445480871,1.420345531041751,1.9334126663373687,2.7937565847637407,2.8722788532681998,0.407465369164385,0.63548587335256,0.8987174851076364,1.0684651577306157,0.9463409181355338,1.1869892180663781
2025-08-29,1.9605083962715242,1.960536676030301,1.9719941230151952,1.972178071221487,1.9735305314111504,2.1918858393912917,2.260060847338909,1.7175236216105154,1.7110953376662599,2.084381479800443,1.91891047244747,1.9956989903603892,2.5399144107884033,0.8952074930698288,0.8867865547496296,1.429558647567503,1.952437618812409,2.7932187878668064,2.8751814005544944,0.4077061934513054,0.6309685266272869,0.8979703268212256,1.0693672471247528,0.9429059761960579,1.1847913389253266
2025-09-01,1.941836887735605,1.9421690982789654,1.9333075778238262,1.936636215278508,1.9460567947778102,2.138863921124334,2.2073845354018395,1.7013251102409102,1.7167674866035028,2.074233565770558,1.9111729302198592,1.975268784389707,2.5039351341929215,0.8944921690920545,0.8943551381002259,1.4633397331410496,1.942925142574889,2.7226740707892128,2.9100144594469297,0.39819384081436443,0.6309685266272869,0.8979703268212256,1.0693672471247528,0.9429059761960579,1.1847913389253266
2025-09-02,1.941836887735605,1.9413705821145921,1.9506148268384738,1.944534405488059,1.9473055504630663,2.1502258639480423,2.2032039466039564,1.7018158891087576,1.7249606440498766,2.074233565770558,1.9127204150522765,1.9763441188361117,2.498313366863542,0.8919886033868935,0.8855250941163201,1.4714012650151524,1.976218922803871,2.7226740707892128,2.9100144594469297,0.39759180306333164,0.6262908987813577,0.8952993113329131,1.0688259518004337,0.9397629563627609,1.1835165641048107
2025-09-03,1.9399697653724741,1.9389747899113652,1.9495966985395294,1.9382158292170546,1.9493870216637703,2.1473853782421153,2.2073845354018395,1.7062336479142215,1.7237001397953111,2.080322376126441,1.9080779605550249,1.9752687843897072,2.5073082289030935,0.8912732794091192,0.8858404592746474,1.4863724512366707,1.9928656995207004,2.728597745433388,2.904209088045796,0.3979530165274441,0.6331660008807156,0.8983913424376129,1.0696015559058156,0.9453644251264801,1.1867554631072028
2025-09-04,1.9530397643666957,1.95175214523682,1.9669037922096093,1.9532224629252923,1.960626140418991,2.1663217569841566,2.2190904710985437,1.7135966416728985,1.7293722887325538,2.090470290156326,1.9158155027826356,1.9849463021883464,2.5387901602601612,0.8741059132448302,0.8675497011399346,1.4825335916686408,1.93579084209558,2.7619852162344625,2.8882438322427255,0.403010234687699,0.6379932144740802,0.9024204263183144,1.0703772586383726,0.9518277190058718,1.1899943621095947
2025-09-05,1.9735783952657457,1.9701197229881555,1.979120555074103,1.9642798810119362,1.9831046955173486,2.188098621432125,2.2558800990617853,1.723413904268231,1.7293722887325538,2.090470290156326,1.931290587237857,2.0043010096396237,2.5691476695262643,0.8809012863825388,0.8732261536903202,1.4948176494112977,1.9322235784582638,2.8222962006795913,2.857765009522549,0.41180011446387893,0.647720684877549,0.9068243170119986,1.0719284668491365,0.9580324916497718,1.1905832630483362
2025-09-08,1.9922499038016648,1.9940774013103182,1.9954096757898059,1.9753374196153985,2.001420625802214,2.212715827112916,2.2692581745900986,1.738139704536875,1.7274815323507056,2.094529393830328,1.9220054421123043,1.9967741607337937,2.5758938589466087,0.88590848600991,0.8820561375244723,1.4971209651521158,1.9108204502250128,2.8610693232628246,2.835994382318345,0.4175797595523587,0.6563511120105046,0.9096353323658238,1.0725748693550714,0.9613933992072135,1.1905832630483362
2025-09-09,2.01278867715302,2.0100491868584265,2.017807100265472,1.9919235467453644,2.0189038405716313,2.2430140042055613,2.306884111688005,1.750411235968863,1.7350444376697967,2.100618204186211,1.909625445387442,1.9924731510941767,2.588261644133609,0.8798283686329265,0.8748029193322033,1.5255279402054591,1.9108204502250128,2.9133031858252125,2.811320930999302,0.4252859530036651,0.6526210532892066,0.9074802110629457,1.0716699650230677,0.9596698804719191,1.1892582078558263
2025-09-10,2.0519988165879894,2.0523744429319244,2.0534394159045757,2.0290450166268896,2.05428662786819,2.2856208563751546,2.3562158250033756,1.7705365400273756,1.7432374749078687,2.1087365663790947,1.9127204150522763,1.9935483214675804,2.586012971514402,0.883762514076587,0.8763797451238403,1.518618139420525,1.9298454027000527,3.011311699059705,2.7648765756475107,0.4399759129780531,0.6563511120105047,0.9099164196037883,1.0717992652496897,0.9625137455583775,1.1901415031032534
2025-09-11,2.070670325123909,2.069943504518886,2.0768549686791857,2.0369432068364404,2.0588656104394065,2.300770017158029,2.370430050187114,1.765628002354064,1.7381955780979086,2.0945293938303275,1.9235530450102463,1.998924665553602,2.5983809282641253,0.9002146244801508,0.8927783123085888,1.5124761105491966,1.933412666337369,3.012927575366419,2.761974028361216,0.4403371264421655,0.6607394524948872,0.9113219272807009,1.0721870673023806,0.9669949337189581,1.1930860077969594
2025-09-12,2.0912089560229594,2.088310960415168,2.079909198231451,2.044051529818309,2.077181540724272,2.3083445975494667,2.3863165746817008,1.775936043817244,1.7432374749078685,2.1006182041862105,1.9281954995074981,2.002150504819815,2.581515626275988,0.9020028662075374,0.8930936774669163,1.5243762091162907,1.8870392596312124,3.067315111132455,2.7402031243284677,0.4485249684673126,0.6578870283899997,0.9086983510769121,1.0720577670757585,0.9652714149836636,1.191908205919477
2025-09-15,2.0912089560229594,2.0875123223957415,2.083981400738093,2.048000624923084,2.0742676715960355,2.3026636261376123,2.383808125715427,1.7778995337860526,1.7451282312897167,2.1046773078602126,1.9374805265675261,2.0182795370778797,2.5950078335539533,0.9055794178793599,0.8965626340587638,1.5201535368102175,1.9215220143416383,3.0452369667577144,2.7474601846155653,0.44515352031550004,0.6594230005702714,0.9101975068417529,1.0724455691284493,0.9682876056444414,1.1952943582368964
2025-09-16,2.1192162188268386,2.1162615851243576,2.111469156019345,2.0653767397975504,2.0917508863654533,2.3528450586986427,2.4097281271166295,1.782317292591517,1.7419769706533028,2.1026477560232113,1.9359330417351088,2.0279570548765187,2.612997386070332,0.8962804108194411,0.8845789986413377,1.5347409102936922,1.9274672269418422,3.1109360886009116,2.718432497124264,0.4544250486655206,0.6608126073131801,0.9107596813176819,1.0729626714077622,0.9674258462767942,1.1944109506681
2025-09-17,2.104278955017181,2.1002897995762493,2.1073969535127035,2.0558988151326347,2.0788464953732944,2.3310681942506744,2.3938416026220426,1.7759360438172442,1.7350444376697964,2.098588652349209,1.9235530450102465,2.012903192991858,2.6096244629228837,0.9002146244801507,0.889940086033396,1.5328215537284369,1.953626706691515,3.070547089710965,2.735849164984754,0.4490066170411532,0.6591304370978756,0.9087919991648402,1.0724455691284493,0.9657022617934746,1.1932332611119867
2025-09-18,2.1266848507316674,2.1202545315113848,2.11859574342282,2.0669564742529154,2.1000762947863962,2.3632601247960077,2.428123100577491,1.7867350513969809,1.7388258302251909,2.1046773078602126,1.9405756142978852,2.0322580645161357,2.62424092072909,0.898426382752764,0.889940086033396,1.5224568525510354,1.9357908420955803,3.1313983566689383,2.7068214774934525,0.4576760617076049,0.6523284898168107,0.9057936161480686,1.0720577670757585,0.9637202218226887,1.1958832591756374
2025-09-19,2.1285519730947984,2.119455893491958,2.11859574342282,2.0701157021300083,2.09799498237965,2.35568554440457,2.4155810152253623,1.794588824023505,1.743867727035151,2.1099543160626806,1.9390281294654679,2.044086087134583,2.6411062227172275,0.8905579554313446,0.8839483284744366,1.522073039812992,1.928656314820948,3.13247417642789,2.7068214774934525,0.45779649681733314,0.6510850811089346,0.9054188093350859,1.0724455691284493,0.9629445923681885,1.196324906799351
2025-09-22,2.143489236904456,2.1354276790400664,2.1267401484361037,2.089071310426203,2.1063202320066345,2.3774624088525385,2.418925613847061,1.8063693893389365,1.74638861533598,2.116135728433602,1.9560506987531068,2.062365624212456,2.656847274177123,0.899141638513489,0.8877325900748579,1.5401151672514148,1.9250892779789548,3.176094927931264,2.686502262346668,0.4640577904796537,0.6487446291305454,0.9039196535702451,1.0719284668491365,0.960790161075058,1.1972082020467782
2025-09-23,2.1826993763394253,2.1769544189491907,2.1491377282563375,2.1127658810548557,2.1312964572694626,2.426696820214121,2.4506985033569957,1.8132414169810567,1.7419769706533026,2.116135728433602,1.9637882409807175,2.0731183123844996,2.6534741794669507,0.8905579554313445,0.8766950501324141,1.561612341519824,1.9024970618665984,3.257408688922347,2.654572027569072,0.4754966914794212,0.6532792792515142,0.9064495101990158,1.0723162689018275,0.962686071132697,1.196324906799351
2025-09-24,2.1808322539762943,2.1777530569686174,2.1583002615685656,2.10328795638994,2.127133673662012,2.40681370921884,2.439828876794956,1.810787148144401,1.7489096238451112,2.1264382395889827,1.9637882409807175,2.0666666338520736,2.6343602048596066,0.8994993005023763,0.8940397729418985,1.5712092707836196,1.9405469668166786,3.2611784643977915,2.657474574855366,0.47621911840764614,0.6507925734373156,0.9040133731452632,1.0717992652496897,0.958808121104272,1.194705457298155
2025-09-25,2.1733636220714656,2.1681698881557097,2.1583002615685656,2.1088167859500806,2.1292151448627163,2.4115478039043508,2.438156577484107,1.8142231619654607,1.7444979791624338,2.1243777687986753,1.9622407561483002,2.0623656242124566,2.6208679975816414,0.913805438972617,0.9129612613932662,1.5554703126484957,1.9785968717667588,3.2337144422758097,2.6647316351424637,0.47236602168199293,0.6507925734373156,0.9020456195053315,1.0708942622905107,0.9570845366209524,1.1913193049807353
2025-09-26,2.137887727362758,2.1306360946336125,2.120631844676141,2.0630073791481403,2.0938321987721995,2.342429992601279,2.3838081257154284,1.7921343679381398,1.7432374749078683,2.1078938452723732,1.9560506987531066,2.0559139456800306,2.6208679975816414,0.9109442112785688,0.9129612613932662,1.558925213040963,1.9976218242417991,3.11955123334567,2.711175713665711,0.4552679107034738,0.650207446492524,0.9015771646044206,1.0715406647964456,0.9583772085464357,1.1936749087357001
2025-09-29,2.137887727362758,2.1306360946336125,2.120631844676141,2.0630073791481403,2.0938321987721995,2.342429992601279,2.3838081257154284,1.7921343679381398,1.7432374749078683,2.1078938452723732,1.9560506987531066,2.0559139456800306,2.6208679975816414,0.9109442112785688,0.9129612613932662,1.558925213040963,1.9976218242417991,3.11955123334567,2.711175713665711,0.4552679107034738,0.6555465764116102,0.9042007408082096,1.0719284668491367,0.9615657905295582,1.1957360058606097
2025-09-30,2.158426358261808,2.152996740627028,2.148119599957393,2.091440671075614,2.1167269528343233,2.3878773304767993,2.4147448655699386,1.8063693893389365,1.7583631653377487,2.122317298008368,1.9715257832083282,2.0774193220241166,2.6343602048596066,0.9152360869281657,0.9239987411859565,1.608445403187153,1.938168791058468,3.1965571959992904,2.6792452020595703,0.46586390373275205,0.653644997542203,0.9038259339952268,1.0724455691284498,0.9606178355007386,1.195294358236896
2025-10-01,2.1696292348928985,2.161781271420509,2.1633905923741517,2.1001287285128476,2.1208897364417734,2.4049201002392575,2.418089464191637,1.8068603554554934,1.757732913210466,2.1181963564277537,1.9715257832083282,2.0698924731182866,2.614121808161297,0.9123748592341175,0.9239987411859565,1.608829215925196,1.9215220143416385,3.211636297901069,2.671988418601017,0.46851292495633967,0.655327185613756,0.9068617882570008,1.0736866374803056,0.9644613488174466,1.1975173589776613
2025-10-02,2.210706639143304,2.2073007140065544,2.1908783476554037,2.1001287285128476,2.1479471153173897,2.4541548005470486,2.4699296264732813,1.8181501419030772,1.7539515206550715,2.114075257643295,1.9823584131662981,2.0892473446425646,2.630987110149434,0.9180973146222138,0.9287291584111136,1.6084454031871527,1.9084422744668021,3.303181079943624,2.6342525355937427,0.4821191986058541,0.6572354224425434,0.9078016244791185,1.073945938539044,0.966018189762578,1.1970736329479874
2025-10-03,2.2424481466734445,2.2424385934703714,2.2224384607878656,2.151466964874928,2.1729233405802177,2.4844528331665896,2.5167528908223784,1.8181501419030772,1.7451282312897167,2.1058332172782217,1.9870007495980249,2.0967741935483946,2.635484455387848,0.9130901832118917,0.9230527058607279,1.6007678304886124,1.8715814573958272,3.3818029189039587,2.6023223008161467,0.4935580996056217,0.6559876968268894,0.9060159571685672,1.0735569374848817,0.9648073208038546,1.1957423420090094
2025-10-06,2.2424481466734445,2.2424385934703714,2.2224384607878656,2.151466964874928,2.1729233405802177,2.4844528331665896,2.5167528908223784,1.8181501419030772,1.7451282312897167,2.1058332172782217,1.9870007495980249,2.0967741935483946,2.635484455387848,0.9130901832118917,0.9230527058607279,1.6007678304886124,1.8715814573958272,3.3818029189039587,2.6023223008161467,0.4935580996056217,0.6507767919434189,0.9033843870646747,1.073297537494034,0.9616936389135916,1.1960382345954297
2025-10-07,2.3040641818229,2.300735756947031,2.2855585317082214,2.2028052012370085,2.2207941611112116,2.553570788942766,2.5652484544823246,1.8387662248294367,1.7451282312897167,2.1181963564277537,1.982358413166298,2.0967741935483946,2.628738437530227,0.9109442112785686,0.9183223487853244,1.6456813891531665,1.8941736735081836,3.530429192429042,2.544267202662088,0.5147501315967145,0.6545198568013653,0.9056400083387386,1.07381623854362,0.9635099423516769,1.1947069436564515
2025-10-08,2.28352555092385,2.274382164566588,2.264179080186932,2.1854293273961787,2.2041435030632845,2.5346344102007246,2.54434519153443,1.8372937009771853,1.7489096238451116,2.120256827218061,1.9885483524959666,2.103225872080821,2.6411062227172266,0.906652403846021,0.9161147926770327,1.674856136120116,1.9060643255039145,3.4771174764219577,2.561683593694034,0.5076459758964408,0.6550336064097495,0.9058279469011992,1.0736866374803056,0.9622990733929534,1.1929320395377563
2025-10-09,2.3003297946443335,2.2975414485794303,2.279450072603691,2.2075441635694664,2.2145502238909733,2.54031509266637,2.561067706205202,1.8368027348606284,1.750170128099677,2.1181963564277537,1.9978334976215193,2.1236559139785025,2.6692150593641224,0.9173819906444394,0.9306212892113241,1.675623908033722,1.9036861497457036,3.530429192429042,2.5457186147195077,0.5155929936346676,0.6545198568013654,0.9051700543752261,1.0735569374848817,0.9603962604614138,1.1895299518936626
2025-10-10,2.3003297946443335,2.2975414485794303,2.279450072603691,2.2075441635694664,2.2145502238909733,2.54031509266637,2.561067706205202,1.8368027348606284,1.750170128099677,2.1181963564277537,1.9978334976215193,2.1236559139785025,2.6692150593641224,0.9173819906444394,0.9306212892113241,1.675623908033722,1.9036861497457036,3.530429192429042,2.5457186147195077,0.5155929936346676,0.6650884841675635,0.910809215117747,1.0753723416923786,0.9630774608718145,1.1825779431622219
2025-10-13,2.2779240413821524,2.2687921858508138,2.243817756964587,2.1672633452940295,2.1916554698288495,2.5128574012796516,2.5251142278973844,1.813241416981056,1.7388258302251913,2.1058332172782217,1.9761682377055796,2.0935483542821816,2.6354844553878474,0.886981403759522,0.9006622608175127,1.6890595504280281,1.8359096148062963,3.430807288503746,2.5791002615545233,0.5009030336602797,0.6647214961639286,0.9112790973763522,1.077447046958614,0.966364161748986,1.1899736779233363
2025-10-14,2.2667211647510617,2.2647992394637866,2.241781655711266,2.163314250189254,2.175004652986964,2.4901338045784436,2.491668879597361,1.7960613478757563,1.7520607642732235,2.1078938452723737,1.9761682377055796,2.0935483542821816,2.651225506847743,0.8948498310809414,0.9079155391595352,1.7320537525273272,1.8252081640873326,3.3995734909063198,2.593614105300174,0.4962070748966733,0.6668499033970939,0.9136287237841001,1.0766690448502894,0.9695642871452941,1.1913049688623143
2025-10-15,2.307798426549162,2.3103186820498314,2.273341768843728,2.189378422500954,2.2020621906565383,2.547889817530912,2.5334754054931508,1.7999881405646634,1.75080038022696,2.112014786852988,1.980810810268356,2.0892473446425646,2.6388575500980194,0.891630941398006,0.903185121934378,1.740882909877517,1.7978597098562161,3.509966924361015,2.5529753981780607,0.5116195077318223,0.6653820633715699,0.9125948824282984,1.0761503438007032,0.9695642871452941,1.1951507825360816
2025-10-16,2.352610075525829,2.353442697997809,2.321190847347325,2.2359776965305764,2.243689073967294,2.614167143128057,2.593676904849801,1.8255129484130441,1.7520607642732235,2.120256827218061,1.9777158406035216,2.0935483542821816,2.6366088774788126,0.9080829835845206,0.9148533921934767,1.7523993421440873,1.8002378856144272,3.637053076373376,2.507982731712233,0.5296809158580228,0.6703727418561549,0.9168242529851891,1.0775767469540378,0.9723319970491492,1.1908612428326404
2025-10-17,2.3171341808171215,2.3175061805145654,2.2865766600071655,2.2178117144284273,2.2166315362977196,2.5744006321912867,2.563576155171476,1.8215861557241368,1.7526910164005063,2.1181963564277537,1.959145668417941,2.076344151650713,2.6085000408319168,0.9055794178793595,0.9088615744847637,1.8080614147240863,1.7574316291479255,3.533120888494708,2.5428157906046684,0.5153521693477473,0.6693452426393864,0.9153204576658749,1.077447046958614,0.9704291841176097,1.1939674378903138
2025-10-20,2.3563443202520906,2.355039730326556,2.326281178152911,2.246245247389538,2.247851698780786,2.601858323578005,2.6070549803781145,1.840238935930398,1.753321268527789,2.122317298008368,1.9792633254359389,2.106451547274033,2.6411062227172266,0.9037911761519728,0.9012929911341674,1.7608445403187143,1.7586207170270307,3.6359749969635966,2.5050799075973944,0.529921694212407,0.6719140466758151,0.916542237584137,1.0775767469540378,0.9733699130083734,1.1963340143318928
2025-10-21,2.3600787074306577,2.357435644384836,2.3405340422707255,2.2478249818449028,2.2561771072017285,2.6264756737319006,2.6162524671085445,1.8485834874247693,1.7520607642732235,2.1264382395889823,1.9978334976215195,2.130107592510928,2.6827074382048113,0.9223891902718104,0.9167455229936875,1.7950095850678236,1.7621878672666853,3.6505160760033584,2.497822847310297,0.5324503262588025,0.6752167147304982,0.9182339714659119,1.0778361469448856,0.9735428660078729,1.1945591102131976
2025-10-22,2.3414071988947387,2.3454568052237543,2.3171186448406833,2.24466575396781,2.249933011187532,2.590496669700505,2.5978574936476835,1.8530012462302334,1.7539515206550718,2.1408618495288216,2.011760979178799,2.137634441416758,2.6827074382048113,0.9216738662940361,0.9161147926770328,1.7163147943922032,1.8026159479749766,3.628437705663535,2.5050799075973944,0.5288380078875335,0.6756570555392538,0.9184219817332799,1.0778361469448856,0.9744942724736426,1.1933757655674297
2025-10-23,2.3283370574482123,2.3270891056173655,2.3018476524239246,2.2369097311820307,2.233282353139605,2.5810284803294845,2.5761180810443642,1.8493689403359004,1.7545817727823547,2.1388013787385143,1.9962858947235778,2.1182795698924806,2.665842136216674,0.9198855563496003,0.9113844356016293,1.696353163951006,1.8739596331540387,3.5799713589257647,2.523947710686759,0.5218542872969881,0.671033309063796,0.915414462799559,1.0770580459044516,0.9732834035149192,1.1960382345954292
2025-10-24,2.3283370574482123,2.3270891056173655,2.3018476524239246,2.2369097311820307,2.233282353139605,2.5810284803294845,2.5761180810443642,1.8493689403359004,1.7545817727823547,2.1388013787385143,1.9962858947235778,2.1182795698924806,2.665842136216674,0.9198855563496003,0.9113844356016293,1.696353163951006,1.8739596331540387,3.5799713589257647,2.523947710686759,0.5218542872969881,0.6713268882678023,0.9162602938879926,1.0777064469494617,0.9749267539535049,1.1992923759463125
2025-10-27,2.3824844606928393,2.385386269094025,2.350714703881898,2.2837982333954727,2.2811531736705986,2.6539333651186188,2.6480253566184793,1.870972558348913,1.7520607642732235,2.1346802799540554,2.0427111480892424,2.1795698596585256,2.7411737841178097,0.9499284812456308,0.9419741943120955,1.6913628661688462,1.9048752376248095,3.7452926106593405,2.4644412004752807,0.5452136919378279,0.673602057105717,0.9162602938879926,1.077447046958614,0.9765701043920908,1.2022506247107756
2025-10-28,2.365680074520051,2.371011515874663,2.3405340422707255,2.268438223822895,2.276990548857106,2.646358929200286,2.6471892069630547,1.865446024672938,1.737565325970626,2.1223172980083675,2.039616178424408,2.18064519410493,2.7479198019754305,0.9467095915626954,0.9391359680369027,1.6449136172395609,1.884661197270664,3.6946723647528388,2.480406456278351,0.5389523982755073,0.6753634763352474,0.9171061966813336,1.0775767469540378,0.9766565478981358,1.2010672800650077
2025-10-29,2.4048903564073254,2.4109409797449337,2.3771844862087734,2.2959245956966874,2.3040479277327224,2.6946467527817335,2.6931763216567273,1.8825279507377861,1.737565325970626,2.1223172980083675,2.0411635451913,2.2043010752688246,2.798515707939843,0.945636673813083,0.93945133319523,1.6418426760226563,1.851367417041682,3.7964506534627755,2.4470248094433353,0.5529198853891343,0.6685379138269958,0.9111850922426682,1.0755020416878025,0.9711211280904258,1.1973694126844505
2025-10-30,2.4048903564073254,2.410142341725507,2.3639495950453355,2.2991582429680504,2.301966615325976,2.676657250766036,2.6898317230350286,1.879011100517432,1.7344141855425141,2.1161357284336013,2.048901087418911,2.213978428994463,2.814256759399739,0.9467095915626954,0.9495427776626918,1.639155547543795,1.856123655160442,3.794834551190979,2.4513787687870496,0.5529198853891343,0.6646480873643,0.9098693071907219,1.075631642751117,0.9659316802691239,1.1951507825360816
2025-10-31,2.4179603554015467,2.4245170949448687,2.38227481701436,2.30481731072654,2.3082107113401724,2.6993808474672436,2.703210117521822,1.8820254340468996,1.7287420366052713,2.1161357284336013,2.0458061177540765,2.212903258621059,2.818754104638153,0.9298998873872936,0.9331441503281896,1.6575816341577805,1.8525565049207875,3.8244522465166084,2.439767749156238,0.5561709443637547,0.6626664977303918,0.9102452560205504,1.0760207427373887,0.9620396108999998,1.1951507825360816
2025-11-03,2.3955546021393657,2.3989621405838526,2.361913493792015,2.2918824749296163,2.29988530291923,2.683284809958025,2.6881597426826596,1.8754942502970775,1.7331536812879487,2.128498867583134,2.042711148089242,2.2107527538012506,2.783899250133637,0.9302575493761808,0.9315673846863064,1.6610365345502476,1.8870392596312133,3.7711405305095242,2.4571844170167276,0.5495484372373217,0.6610151301063456,0.9098129391025063,1.076059616724728,0.9594621390015583,1.1914528609875452
2025-11-04,2.388085970234537,2.391774885829225,2.3568231629864287,2.3112846052692655,2.287397269684795,2.6662421846686715,2.668928619566374,1.8569049658135326,1.7350444376697969,2.1181963564277533,2.0411635451913,2.2032257408224196,2.771531293383913,0.9316881291146804,0.930305924052997,1.651439605286452,1.8775267833936933,3.7275220386569776,2.474600808048673,0.5429259301108887,0.6624883422197345,0.9109443386006221,1.0764498545689742,0.9607642360472722,1.1916015641809385
2025-11-05,2.358211585067527,2.356637006365408,2.3201727190483803,2.252269740754609,2.264502515622671,2.6170074843608804,2.634647281090166,1.8478615819172035,1.7344141855425141,2.1181963564277533,2.0256884607360788,2.1698925059328866,2.7389251114986037,0.9327611150813419,0.9293598285780148,1.6464491610667729,1.8703923695167224,3.643514321949402,2.4978228473102964,0.5304033427862477,0.6552697433573688,0.9066074150873731,1.075669378880482,0.9578996357921833,1.1927909628734805
2025-11-06,2.36381295215692,2.370212877855236,2.3415521705696696,2.274905518365621,2.285315957278049,2.6510930238857964,2.643008618165172,1.856402640776609,1.7413467185260207,2.124377768798675,2.0334260029636897,2.1913978822769726,2.758039086105948,0.9442060258575344,0.9410280988371135,1.6525911899381014,1.8525565049207875,3.7129809596172167,2.4760522201060926,0.5396748711362683,0.6611624794163325,0.9112271704924518,1.076970204776854,0.9629343757143264,1.193236959026358
2025-11-07,2.3358056893530414,2.3358736364108457,2.308974084482831,2.239334904957685,2.2540957947949822,2.6151140198544014,2.604546531411841,1.8363061895283304,1.7262210280961403,2.1140752576432944,2.021046124304352,2.156989312941035,2.7231840600387076,0.9431331081079222,0.9448123604375347,1.6518234180244955,1.846611178922922,3.612280750317059,2.507982731712233,0.5258277731998335,0.659762941957937,0.9116043036584903,1.0774905549847336,0.9610246422109338,1.1942776545255065
2025-11-10,2.3656800745200512,2.363824261120035,2.3242450768995897,2.2676297503271865,2.276990548857106,2.6293163039109326,2.6405001691988983,1.8373110312561405,1.7281117844779885,2.10995431606268,2.036521208759573,2.1709676763062906,2.7647851039635687,0.940629474185712,0.944497055428961,1.6790788084261896,1.8632580690374128,3.694134567855904,2.48330928039319,0.5379891470603622,0.6596156488452461,0.9103786028861658,1.0772303302574666,0.9615454545382566,1.198291733328707
2025-11-11,2.3488758307995683,2.34944975161078,2.327299306451855,2.2821812864040556,2.2665838280294173,2.6245822092254225,2.612071718831422,1.8292724890876215,1.7337839334152314,2.10995431606268,2.050448690316853,2.1892473774571646,2.781650405951706,0.9352646807865028,0.9397666382038039,1.7120921220861303,1.8549346806789981,3.6397445464739584,2.4992742593677164,0.5301625184993275,0.6626356353324255,0.9132070656660569,1.0781409183095922,0.9653649215450418,1.1996298352146424
2025-11-12,2.3600787074306586,2.3646228991394618,2.3395160693163484,2.2886488276582537,2.272827765249656,2.6463589292002863,2.627122093670585,1.8317844975801658,1.7419769706533033,2.1181963564277533,2.0674713776700164,2.1967742263629946,2.7973914574116017,0.940629474185712,0.9356670114450552,1.6990402924298673,1.8834721093915585,3.701674118806794,2.477503632163512,0.5391932225624277,0.6638142050231366,0.9133955962836781,1.077750680465346,0.9644100547933454,1.1972510378295587
2025-11-13,2.348875830799568,2.3486511135913535,2.313046286989473,2.2854151803868907,2.2707464528429098,2.634996986376578,2.6212692055618527,1.8342965060727099,1.7375653259706259,2.107893845272373,2.0721137141017434,2.19569889191659,2.772655715474878,0.9535050329174533,0.9501734478295929,1.7420346409666856,1.8168846623312565,3.681209365122857,2.481857868335771,0.5358217744106152,0.6583634044995416,0.9107557360522044,1.0771003171404874,0.9596357872622706,1.1923448532933005
2025-11-14,2.3040641818229006,2.303131427295202,2.281486329201579,2.2449939727161743,2.2291195695321546,2.5734537554649433,2.5585594167181682,1.8152050882062043,1.7337839334152314,2.0934702353325334,2.036521208759573,2.148387129588801,2.7153136200901216,0.9510014672122923,0.9467045513874989,1.7305183551376346,1.8466111789229223,3.5315072718388216,2.5341073182601517,0.5148705207739067,0.6546068400543157,0.9092472753188465,1.0774905549847336,0.957031593170843,1.1926422596800872
2025-11-17,2.31153281372773,2.3127145961081093,2.2784320996493137,2.2587370352973344,2.2270382571254084,2.5810284803294854,2.566920753793174,1.7981231621413563,1.726851280223423,2.083167724177153,2.042711148089242,2.166666666666674,2.744546878827983,0.9374105845027766,0.9325134200115347,1.6786948492506266,1.8394768784436129,3.5530453596658003,2.528301946859018,0.5171583285333818,0.6562272890830995,0.9102843735427535,1.0773604426211,0.9576392296285218,1.1907094584478812
2025-11-18,2.257385410483103,2.2631700685958562,2.231600994100093,2.204572765045458,2.1770859653937102,2.512857401279653,2.5025386656386406,1.7584327763356853,1.7142465983026738,2.0555570697385788,2.013308582076741,2.129032258064523,2.686080361352261,0.9359800047642771,0.9290444634196872,1.659117177984992,1.8430440286832674,3.3914961430584962,2.580551673611943,0.49548464796844843,0.656006321315415,0.9117928342761114,1.078010905192613,0.9580732840528954,1.1910068648346679
2025-11-19,2.2424481466734454,2.247618497828991,2.2204023595345443,2.1762779196759565,2.164597932159275,2.4920275580311326,2.483307702001595,1.7453702171820782,1.7079441972381482,2.04484237010283,2.0009284672863537,2.1096773865402456,2.6579715247053652,0.940629474185712,0.9290444634196872,1.6913628661688462,1.8751487210331437,3.3478776512059496,2.5965166525864687,0.4889825300192076,0.654680458512013,0.911132869218243,1.0778807928289795,0.9581600419558447,1.1916015641809388
2025-11-20,2.31153281372773,2.317191537912408,2.2865766600071655,2.2458021995004103,2.2249569447186617,2.5857625750149955,2.5786265300106384,1.7835532445690523,1.7274815323507058,2.068744271441158,2.0380685755264656,2.162365657027057,2.7389251114986037,0.9470672535515826,0.9350362811284003,1.6844530653839118,1.8489893546811327,3.5514317430099136,2.5210451634004647,0.518001190571335,0.6572585656611195,0.9133013669402658,1.0787913808811054,0.9594621390015584,1.1908581616412746
2025-11-21,2.2349795147686167,2.235340902520153,2.2020771375655204,2.1665767311503954,2.158353963180245,2.47498464379557,2.4824715523461705,1.7584327763356853,1.7199187472399164,2.0510239396775964,1.9947382918256353,2.089247344642564,2.6377332995697795,0.9316881291146804,0.9151687573518041,1.6756239080337223,1.8133175120916016,3.3080264492129374,2.6037737128735667,0.48284162553407917,0.6592473317675746,0.916318360337778,1.0800922067774772,0.9628475515839701,1.1948723538717778
2025-11-24,2.223776638137526,2.2247001700461704,2.2092035696244277,2.180320040443028,2.1646833501741645,2.4778918597859247,2.4665850278515835,1.7659689934672804,1.7432374749078687,2.066683800650851,2.0287836665319623,2.1247312484249066,2.6815830161138474,0.9248927559769716,0.9113844356016292,1.672936779554861,1.809750361851947,3.3182599558803196,2.6023223008161476,0.4840457469686809,0.6630039524100964,0.9177325197969272,1.0802223191411107,0.9666670185907554,1.1981430301353142
2025-11-25,2.2536510233045357,2.262351512284271,2.232619122399038,2.2005306442783863,2.1836718330901053,2.515685371926242,2.516752890822379,1.7659689934672804,1.7344141855425141,2.0625627018663923,2.0473537206520183,2.162365657027057,2.747919801975432,0.9313305353428423,0.9208452099021899,1.7136276659133423,1.8216409004500165,3.3931097597143824,2.573294613324846,0.4952438236815281,0.6646980760938737,0.9200895481365708,1.0808726824659696,0.9693579705851322,1.2023059255592106
2025-11-26,2.290994040376374,2.301639967145543,2.2611250059792343,2.224783368880816,2.2195388422902558,2.5447572360954953,2.5685928936247837,1.793098953502305,1.7394560823524743,2.0790467825965386,2.0643761718741325,2.1763440203923126,2.769282620764707,0.9399142184249869,0.9306212892113241,1.7213052386118828,1.8097503618519473,3.505657092337809,2.531204770973858,0.5111378591579816,0.6676444441233554,0.9208438144686479,1.0807426693489903,0.9726566252645947,1.2034952108244499
2025-11-27,2.3115328137277293,2.3196469570588496,2.2794500726036904,2.2563118615216804,2.2406371208708364,2.5796435322454583,2.5953492041606507,1.815205088206204,1.7463886153359809,2.0811072533868455,2.072113714101743,2.18817204301076,2.7625364313443628,0.9424177841301479,0.929675193736342,1.714011625088905,1.8156956878498127,3.5729720904877205,2.506531319654815,0.5211318144362271,0.6676444441233554,0.9208438144686479,1.0807426693489903,0.9726566252645947,1.2034952108244499
2025-11-28,2.3283370574482127,2.338472753072058,2.3110101857361522,2.276522465357038,2.2575158081221374,2.612591585823753,2.612071718831422,1.8096785545302292,1.74071658660704,2.0749256838120798,2.0829464621252374,2.198924731182803,2.773779966003121,0.9391988944472126,0.9299905588946694,1.722456823263532,1.8335315524457476,3.6252059530501084,2.484760692450611,0.5287176187103415,0.6644771083261892,0.9192410524610813,1.0807426693489903,0.9710072979248634,1.2040899101707208
2025-12-01,2.296595549918072,2.3032768299803985,2.280468200902635,2.253078214250317,2.2385273252061966,2.5835197216545,2.5886600069172534,1.808673712802419,1.735044437669797,2.0666838006508508,2.0736613169996847,2.18817204301076,2.7524173187765695,0.9445636878464216,0.9375591422452657,1.7435700383563784,1.8525565049207877,3.5266596429186814,2.5195937513430464,0.515713428744396,0.6562346572229661,0.91431960030576,1.0798190728394075,0.9658249858562644,1.2019342242893782
2025-12-02,2.304064181822901,2.3139175624543813,2.2743597417981043,2.2676297503271856,2.246966668831847,2.5680146682840395,2.587824016741069,1.814200246478394,1.748909623845112,2.0728652130217724,2.0798512563293534,2.202150570449016,2.7760286386223276,0.9492132254849057,0.9362977417617098,1.7420346409666858,1.8454222044414783,3.5578932145510254,2.510885278998529,0.5198073038244334,0.6565303650981759,0.9150760411439224,1.0804713929122571,0.9664348862188641,1.2041747109914351
2025-12-03,2.326469935085082,2.3319245523676875,2.303883753677245,2.283798233395472,2.2554060124574975,2.599024775024961,2.609563269865148,1.8242484721025334,1.7463886153359809,2.0749256838120793,2.0860414317900715,2.2215054419732936,2.7895210174630165,0.9484979015071314,0.9359823766033823,1.7408829098775171,1.8263971385687765,3.612280750317061,2.4905660638517446,0.526911459524707,0.6583784970178536,0.9169673236019504,1.0811238125303642,0.968613111295885,1.2052202562582768
2025-12-04,2.32273569035882,2.330287689532832,2.301847652423924,2.271671871094257,2.2575158081221374,2.587395911063542,2.603710381756416,1.8287701640506981,1.7596236695923149,2.079046782596538,2.0783038895624606,2.216129097887272,2.7591633366341903,0.9402718804138741,0.9321980548532074,1.729750583224029,1.8394768784436129,3.617666402099219,2.489114651794325,0.5279951458495804,0.6548301153163579,0.9141304359874327,1.0803409886248416,0.9668705578239298,1.2061164053567446
2025-12-05,2.3432743212578706,2.3499317920693104,2.318136617795059,2.2894573011539614,2.2765042910380786,2.617436896518629,2.637155730056439,1.8363061895283304,1.762144557893144,2.079046782596538,2.0891364014549056,2.224731117166506,2.7692826207647068,0.9438483638686475,0.9362977417617098,1.7397313252258682,1.8454222044414783,3.6688244449026546,2.4687954366475404,0.5352197366595822,0.6517991518958414,0.9122392256744535,1.0799494771268228,0.9659121334721082,1.2061164053567446
2025-12-08,2.3787502159665785,2.3851274653726535,2.348678602628577,2.3169436730277537,2.299712365283299,2.6591064502008406,2.6630757314576416,1.8398230397486848,1.7634050621477098,2.079046782596538,2.081398859227295,2.2193547730804846,2.7659095260545343,0.9535050329174534,0.9482813170293821,1.7351248401817516,1.8644471569165184,3.7469084869660545,2.4412191612136587,0.5464178133724295,0.649655312100954,0.9103479432164253,1.0796885690067346,0.9639081371526212,1.2031291657245937
2025-12-09,2.3750158287880114,2.3810349336030407,2.3527509604797867,2.314518252540627,2.2933828173222883,2.660075571486675,2.660567282491368,1.8378135479470274,1.7703377153395181,2.0728652130217724,2.0721137141017425,2.2086020849084416,2.756914664014983,0.9506438052234052,0.9429202296373238,1.723992367090744,1.8263971385687765,3.7318296110293585,2.4470248094433367,0.5448524784737153,0.6503206689203034,0.90902408156833,1.0791666532213005,0.9626883364274218,1.2017848281210046
2025-12-10,2.391820357413105,2.3982236169930777,2.3619134937920143,2.327453088337551,2.3039319566125784,2.6852712462468866,2.688995732858844,1.8383158729839508,1.7659260706568407,2.0769863118062313,2.0752089198976265,2.2150537634408676,2.7614121808161203,0.942775446119035,0.9366131069200371,1.7320537525273276,1.8180737502103617,3.778680081460416,2.4339623777551056,0.5506321235621952,0.6528341012588202,0.9119555513420113,1.0809933086976913,0.9671319341973076,1.2058177269758845
2025-12-11,2.3656800745200517,2.368757338294203,2.3517328321808417,2.2959245956966865,2.278614086702718,2.651354071382758,2.6513697957609375,1.8252533138303437,1.770337715339518,2.087288822961612,2.069018744436908,2.2000000656292076,2.7299302494590525,0.9442060258575344,0.9410280988371132,1.7351248401817516,1.8180737502103617,3.6941345678559054,2.460087241131568,0.5390728333852355,0.6519470340337015,0.912050061356126,1.0811238125303642,0.9657378382404203,1.2056683308075107
2025-12-12,2.3694144616986184,2.3818534899146266,2.3517328321808417,2.3064340110064836,2.2870534303283687,2.6678279503047575,2.662239581802217,1.831784497580166,1.7879844142785293,2.0955307061228403,2.0922313711197402,2.2139784289944626,2.740049362026846,0.9449213498353087,0.9426048644789966,1.7619962714078832,1.8109393363333908,3.746368430418293,2.441219161213659,0.5467790268365419,0.6456633403863888,0.9095915023782629,1.0812543163630373,0.959900210987801,1.2034278441054538
2025-12-15,2.345141443621001,2.354024323838923,2.3242450768995897,2.2870318806668344,2.261735399451417,2.607746275128878,2.629630542636858,1.822741113683837,1.7923960589612067,2.091409764542226,2.081398859227295,2.186021538190951,2.701821412812157,0.9452790118241959,0.9426048644789966,1.7861804277176343,1.7990487977353216,3.656977321579386,2.4687954366475413,0.5334135774739477,0.6461069303994584,0.9103479432164252,1.0819066364358867,0.9610329305713103,1.2040253148230613
2025-12-16,2.3246028127219507,2.331924552367688,2.3018476524239238,2.258737035297333,2.249076464496487,2.5864267897777076,2.5995297929585326,1.8121905630227741,1.7942866951347531,2.0955307061228403,2.0752089198976265,2.167742001113078,2.6287384375302283,0.9388412324583253,0.9331441503281896,1.7650672126247877,1.7609988927852411,3.5815872352324787,2.496371712081423,0.5224563250480209,0.6496553121009541,0.9129011564985008,1.082428552221321,0.9632111556483313,1.2047721817090427
2025-12-17,2.3115328137277293,2.3253766014516337,2.30693798322951,2.258737035297333,2.2448568731672074,2.5738291002647493,2.5853155677747943,1.8187219384265594,1.8245381962028158,2.1099543160626792,2.0798512563293534,2.189247377457164,2.6602203688872965,0.9438483638686473,0.9432355947956514,1.7888675561964955,1.7502973286686156,3.5627385838203383,2.5065313196548153,0.5200481281113536,0.649063952751045,0.9127119921801735,1.082559056053994,0.9621655836806657,1.20327844793708
2025-12-18,2.3115328137277293,2.3188284007472637,2.2835224304548993,2.2522697407546075,2.2364175295415567,2.56220023630333,2.581970969153096,1.8142002464783948,1.826428832376362,2.107893845272372,2.0612812022092974,2.1591398177608436,2.6208679975816427,0.9520744531789538,0.95175027362123,1.7892515153720578,1.7598098049061357,3.5422763157523116,2.509434143769654,0.5177603662844146,0.6521688008399813,0.915076041143922,1.0833418799595165,0.9658249858562641,1.2065644799059785
2025-12-19,2.3339385669899104,2.3417467285300844,2.313046286989472,2.2789476391326913,2.2554060124574975,2.5922412217584174,2.6112355691759968,1.8277653223228887,1.8434452791880909,2.1276745409276265,2.0767562866645193,2.186021538190951,2.644479317427401,0.9542203568952276,0.9533270392631134,1.7819577554115609,1.7491082407895102,3.623052053881377,2.481857868335772,0.5287176187103415,0.6497440652974865,0.9130240581865962,1.0831462098194284,0.9633505115329036,1.2059819866385628
2025-12-22,2.3675473393354873,2.376942401833428,2.3364618397640826,2.3104761317735556,2.284943634663729,2.6310037073174217,2.6547143943826352,1.844847248387737,1.856050081317142,2.1297667773757345,2.101516516245294,2.2204301075268886,2.683831688733055,0.959942812283324,0.9612109877720372,1.818042303163445,1.781212819741725,3.732907690439138,2.4484762215007563,0.5442504407226827,0.6483339801530833,0.9120753776516719,1.082622685907824,0.9631755930110895,1.2070324890077393
2025-12-23,2.3787502159665777,2.3900385534538517,2.3578412912853723,2.3242194410661883,2.284943634663729,2.6571685033634673,2.658894983180518,1.8358038644914079,1.8472266717434855,2.1172139971480113,2.103063883012186,2.21827960270708,2.6737125761652623,0.9688841573543557,0.9649953095222121,1.8487524475200872,1.8026159479749762,3.749062386134785,2.441219161213659,0.5466586376593501,0.6493729723792238,0.9116958909617652,1.0820991619962197,0.964137811724373,1.2079328868966988
2025-12-24,2.3843515830559703,2.39494964153505,2.373112283702131,2.3258363880576063,2.2870534303283687,2.6532920182201303,2.671437068532647,1.8363061895283317,1.845966287697222,2.1193062335961192,2.1077064555749625,2.2172042682606756,2.6883292055341927,0.9653076056825333,0.9634184837305751,1.8525911606505978,1.8216409004500163,3.757677530879543,2.436865201869945,0.548826010309097,0.6533063081811595,0.9140676284889184,1.0827535918487194,0.967899193947939,1.2101839961152687
2025-12-26,2.4048903564073254,2.415412300383114,2.3741302566565077,2.3403879241344754,2.3081517089089494,2.6775185716945082,2.694012630791391,1.8393207147117623,1.8465964196162028,2.131858854208611,2.116991600700515,2.2311827956989316,2.6883292055341927,0.9713877230595167,0.9744560236730191,1.8598849206110948,1.819262838089467,3.820682697006248,2.416545709894616,0.5582179278363096,0.6511540938210603,0.9149214916361299,1.0835388277901379,0.9678117013183708,1.209583692690572
2025-12-29,2.4366318639374662,2.442422910147232,2.4026361402367042,2.3630237017454876,2.3313597831541704,2.7191884211110153,2.724113380469716,1.8453495734246605,1.8535290728080114,2.1297667773757345,2.1108014252397966,2.2247311171665056,2.6827074382048135,0.9695994813321301,0.9706717620725978,1.8571977921322336,1.790725409376907,3.8896115377771276,2.393323670632993,0.5677302804732505,0.6536031711916039,0.916249658860961,1.0840623517017423,0.969123823812605,1.210033891635052
2025-12-30,2.432897619211204,2.4416043538356464,2.4067083427433458,2.3630237017454876,2.3271401918248906,2.7114357465586374,2.712407285293772,1.84333988996904,1.8503779323798994,2.1276745409276265,2.1061590888080697,2.2139784289944626,2.660220368887297,0.9721030470372912,0.971302432239499,1.7980806727222478,1.8097503618519473,3.8809963930323694,2.397677906805251,0.5667669833255692,0.6520446828523934,0.9153009783260367,1.0843240637315565,0.9679866865775072,1.2112344984844456
