Date,0050.TW,006208.TW,006203.TW,006204.TW,00850.TW,0053.TW,00881.TW,0056.TW,00701.TW,00713.TW,00646.TW,00662.TW,00757.TW,00636.TW,006207.TW,00635U.TW,00642U.TW,00631L.TW,00632R.TW,00663L.TW,TLT,IEF,SHY,LQD,HYG
2021-01-05,0.002010454387356031,0.0035714285714285587,0.0113240016359335,0.007447570252158364,0.004705861836922232,0.012820512820512775,0.010249891390483379,0.0026720080921525113,-0.005901092331515034,0.003993137026945259,-0.014546617168876064,-0.016129032258064502,-0.010793782978644528,0.007868427321419347,0.00662254802536788,0.010364701177401514,-0.022592102714694695,0.006462019213584913,-0.0029027549077029757,0.004214310189765591,-0.007426673979986087,-0.002333775636415014,0.0,-0.003201536826500373,0.0003443385944803534
2021-01-06,0.010834658833494881,0.007829224936054313,0.005167945581453504,0.008736579469730499,0.00468388423739996,0.00421940928270037,0.005072918286864736,-0.000666237756785204,-0.004566227543908896,-0.009090900224102638,0.0003140775387535655,-0.0034972644243084217,-0.0011366912900639958,0.013484711023825202,0.007832020427751551,0.0015197916410010226,0.042579004431337,-0.0010700746643841352,0.002911205423533403,-0.003597158828165248,-0.020528180311526367,-0.005847927870414771,-0.0005788060205010881,-0.00810278535543929,-0.0018359570775435818
2021-01-07,0.023421969191904424,0.022598847530436172,0.027420776875049624,0.01598929912653846,0.020978992552829423,0.025210084033613356,0.01703472878646295,0.007333310445149843,0.00229363055775611,0.0068806724891106175,0.010989022834466233,0.0046062532083746,-0.009786079167385386,0.017857151205132427,0.01616414321918258,-0.013657078983912885,0.019836649048729393,0.04392071281348464,-0.023222039261623584,0.04271965243011833,-0.008814351470596171,-0.0035293963776916737,0.00023169183819105044,-0.00014722013351553542,0.002873893621557544
2021-01-08,0.017843313891890977,0.02348062033720444,0.009174299083588133,0.007868832447489815,0.014350963347925738,0.02131146290263186,0.019230735099460716,0.00794175303015665,0.010526294655417212,0.006833760984226611,0.014285685514706215,0.017685619798778918,0.021374404528890167,0.0027519753885756337,0.0003059693071476577,-0.004999967721792342,-0.0011441909775423698,0.029758867282665635,-0.01485882679779471,0.03000575220237689,-0.00322765458306451,-0.0028672960198597996,-0.00011581908475888358,-0.0007360967397788132,0.0014901981430066602
2021-01-11,0.008384193057181077,0.003373819232767028,0.00330579773453632,0.008458055156602029,0.006430831290599848,0.0,0.048691370797390165,0.004924541378445779,0.0031702760446599143,0.0019796293443423707,-0.004898954322095195,0.0023600216458081746,0.020702115483181904,0.0017153051479765757,0.005198720641559795,-0.03942792519035332,0.018327698679974747,0.009965122224270706,-0.0030165883229702484,0.008963619627538444,-0.0016521278608211398,-0.0019451601124355067,-0.0001158325003730587,-0.004272258798783901,-0.0053794346563816875
2021-01-12,-0.0015116926956074694,0.0013449694172609217,0.010708364135285198,0.0,-0.0038338317830589608,0.0016051731949118242,-0.03946606635182315,-0.008493963531445048,-0.0036117347667640187,-0.009314192159532109,-0.003076876126802852,-0.008989768250615149,-0.024470912597347905,0.0020547761772162776,0.002129592245174061,0.009657938327322091,0.00224966291529749,-0.005920063967976286,0.0030257156615032255,-0.005552470661357112,-0.0007944023972872305,-0.00016951336411163975,0.0,0.00214535109213565,0.001265829786191608
2021-01-13,0.024224048451100044,0.020819383684264947,0.02526492404741698,0.019354838709677358,0.018601665106775966,0.028044871109085268,0.021752303743036494,0.01120264080113409,0.004531054954802771,0.005698027681878992,0.0018517764125975944,-0.0017278189562773827,0.006101705260195933,0.014695840800142523,0.012750516124855782,0.0039856668338604795,0.03367005565347991,0.041687314622751215,-0.022624448382846052,0.03796754640554578,0.011261987297853882,0.003474901852127843,-0.00011575755455006664,0.007750815990967608,0.002988099074274997
2021-01-14,-0.00923872854253982,-0.009210486161081444,-0.011923688105022201,-0.006962063946301389,-0.002204020602007528,-0.004676586821853568,0.00591368316807106,0.007494282770738048,0.0,0.005665744115072924,0.0024646282597389213,0.0025962554893013134,0.001123073597179891,-0.019535194114959076,-0.014988009318106843,-0.008733672728814645,-0.015200905835275336,-0.009051900675239644,0.004629661993834189,-0.009682559720636918,-0.009367787310564646,-0.002280441460990379,0.00011577095591275288,-0.004321795914261517,-0.00022913537109658932
2021-01-15,0.003356933517326688,0.003320052986294897,0.0048270189814174636,-0.0025493557173001946,-0.0028400173894338465,0.002349280022922784,0.0,-0.004204371295143394,-0.004059546787468227,-0.011267648616307246,-0.008912136059251341,-0.00712131700405827,-0.009199009428302096,-0.01064930837482625,-0.01704203782377911,0.004405310908147664,0.005512700376759216,-0.009615384615384581,0.006144387165389897,-0.011406876881551176,0.003967769466156401,0.0027088775269987764,0.00011584591909552522,0.0015449622981154043,-0.0016045775317872213
2021-01-18,-0.0007435398030901652,0.0013236064868533681,-0.005604520168814298,-0.0012779357715155815,-0.0034810319311282534,0.0,-0.004703111265702442,-0.0058460636513008035,-0.007246369925949403,-0.0042734392507803864,-0.0024806769319283273,-0.0043468149432335235,-0.007246369925949403,0.010763936857751677,0.0185759226932094,-0.011562958893975073,-0.026315764707210976,-0.005825227904088237,0.0015266796570208019,-0.003296736832503422,0.0,0.0,0.0,0.0,0.0
2021-01-19,0.026413714382249376,0.024454705047008307,0.02979069781441801,0.00959692879534546,0.018736172252298955,0.02499997615814209,0.02657996736439805,0.004246950610077294,0.0022810079676182024,0.005150223211630056,0.008703842397617345,0.01331579954961426,0.011633173352146864,-0.00034353241745654906,-0.0024316664846278924,0.004437220610751691,0.006756696528056327,0.047851576688117126,-0.02134144324798215,0.041896396688152926,0.0032274417780036035,0.0005909640914114611,0.00034740914680919666,0.0017629314987517297,0.0028699345453833125
2021-01-20,0.0018122508556037698,0.004516109343497998,0.0007818488891953024,0.002534815518052902,-0.003117278151822056,0.004573217358780246,0.0005753871901450491,-0.015940135808932054,-0.021657207600263573,-0.019356683304885047,0.002157155413819334,0.008832479066827492,0.021420536541704616,-0.009965667069613215,-0.007007908116239192,0.004417695262521226,0.017897182169617665,-0.017241435702692764,0.009345785368615855,-0.019047651341352556,0.000984893688385391,0.0004218954874628533,-0.00011570394945270568,-0.0002933607822954709,0.0018314564056434168
2021-01-21,0.03473229491861329,0.030186236611196238,0.03046870231628418,0.012642225275480534,0.022826752741888168,0.036418838699668665,0.035077667151309555,0.001652867340844466,0.0057747318536849335,0.005805537257189464,0.014452681860000371,0.024983944548331083,0.04326708868615503,0.01874352396867285,0.02424059256914779,0.011595322092153193,-0.0032967786140534194,0.05405409902889269,-0.026234579597771646,0.049083098182821416,-0.007018282022162814,-0.0014337367747563334,0.00011571733840587406,-0.003960637381818288,-0.0005712457070488064
2021-01-22,-0.01748253882348117,-0.012468828404636478,-0.013646633267771085,0.002496936097961866,-0.004891465970357056,-0.011713074905012388,0.02777777777777768,0.007590807108128317,-0.005263095933523476,0.010100965619285418,-0.004243807130118626,-0.001875003178914425,-0.008463769051794245,-0.0054514427711260804,-0.0065908092769138005,-0.0047430409289889175,-0.012127856712058849,-0.014844817842802671,0.004754391454896645,-0.011825208492328043,0.003236709790207959,0.001520272828176017,0.0,-0.0007364219533744221,-0.001943502533129915
2021-01-25,-0.013459373487095694,-0.011363559736909168,-0.010954628266416577,-0.008717366762558187,-0.004608224721887488,-0.016296273690682872,-0.0324324530524176,0.00982637505120576,0.003848000008807473,0.005714307512555861,0.003348572768982594,0.008557709219743526,0.010456633747061739,0.01747174441764021,0.012665922363547688,-0.004368570652040549,-0.0033481844691370943,-0.013698630136986356,0.006309142096266429,-0.009885504301001768,0.011785575642520696,0.004047864059092632,0.00011579227307834117,0.004274147708904552,0.00022905661360117513
2021-01-26,-0.020280235075363362,-0.02234993527194651,-0.02056960793302498,-0.015075338834740326,-0.01913582747019882,-0.01957835876330738,-0.021787675863674694,-0.004865378491776595,-0.00431241729605969,-0.005681839733083893,-0.00455090155789184,-0.0024834216192600733,-0.005490989016088466,-0.011784524325887169,-0.01816559193238143,0.0011966767854290072,0.00111973962662959,-0.03842594005443434,0.020376193120540398,-0.04046241106022441,-0.0018871171314389645,-0.0003359727561531578,-0.00011577886678015847,-7.333803144604634e-05,-0.001488745463493979
2021-01-27,0.0015054342420304234,-0.0006532077043027718,0.00646199840583872,0.0,0.002831974532514936,0.0,0.005711043984156117,0.008800536345435539,-0.0009624859048501522,0.00514286586216528,-0.0009144344022662398,0.0078838394626628,0.019749422428589014,-0.004429337867992378,0.0021231329157569423,-0.005577740831447464,0.010067131634477366,0.00625904222849738,-0.004608326997478818,0.00876227158404097,0.002542700334025927,0.0011763319021327323,0.0,-0.0017612496194260308,-0.0028673012157328648
2021-01-28,-0.020293099483747135,-0.020915012733609073,-0.02568215880762481,-0.013392895807676997,-0.01788520825738904,-0.023809512648094944,-0.025553705130193616,-0.007431387525533517,-0.008188828247575719,-0.009380381699602647,-0.02410003165337693,-0.0341705146056257,-0.04727197909463299,-0.020533829165658934,-0.02179180389685631,-0.004406999480675355,-0.006644459326317298,-0.03684209066144584,0.018518500803375026,-0.03474481000280738,-0.005527775768345067,-0.0026015876003775418,-0.00011570394945270568,-0.001617299291901575,0.0029905049405900552
2021-01-29,-0.016494123932499383,-0.018024011303319543,-0.012355848279624992,0.004524867240148556,-0.01597444128394665,-0.005507450485018772,-0.01923076495573639,-0.014973928865704367,-0.006313796364828872,-0.016929703828423737,-0.00218817428337148,-0.005754404381991374,-0.002841553401425889,-0.0013976559872251881,-0.011757399887211473,0.0024144653932127724,-0.005574157106622346,-0.03527076997455425,0.018181801105005002,-0.027559106137062583,-0.006016205728232471,-0.0017669254284288227,0.00034732868290965335,-0.0015462149978135997,-0.0026375657750948855
2021-02-01,0.01989081990998276,0.022433634643403977,0.014178456435425923,-0.023809505106588635,0.013636366451222903,0.017405099296508242,0.017825266691652297,-0.00033047682769982156,0.004398834634171234,0.009632278085877077,-0.000313290377754849,-0.0008574686863654923,-0.004603224230368963,0.006648024302478017,0.01127109257932113,0.009634675736182263,0.00224209685182708,0.03450049976070724,-0.017857126384770328,0.024291569434905957,0.0011578947368421052,0.0012474687760083058,0.00011569128891818258,0.0019690264600443676,0.0031964939699975665
2021-02-02,0.028298255818295814,0.028590446983111972,0.03453951176266301,0.032300654277173546,0.023062179261328142,0.026438520490796646,0.024518394446620073,0.008264462809917328,0.006326086274533127,0.0017346450715909345,0.015355740545593743,0.026603686924091985,0.031050426164942246,0.012512989130168073,0.011455075561123573,-0.0035785349484291906,0.030201394903431877,0.048282789953837835,-0.024242401473340114,0.05138334574312542,-0.006447340312756955,-0.002527128503722831,-0.000347288495609277,-0.002654871638255951,0.002415726259466622
2021-02-03,-0.000743702841176419,0.0006464518777533623,-0.005564424170552029,0.0,0.0015654112781631202,-0.0007576219963304487,0.003988695453902347,0.00032787635678155347,0.0019341879878358448,0.001442979361002461,0.011419719582088206,0.011703268362565966,0.016018795490998494,0.005835910785844112,0.008264477284860128,-0.007980800472985883,0.017372404641629258,0.005697991042091122,-0.0015528305579165513,0.0,-0.008873073492052908,-0.0024491251292828586,0.00011583250037316972,-0.0023662179179290144,0.0008033015298889445
2021-02-04,-0.005954618648408627,-0.007105982440761549,0.0,0.0012771196707999088,-0.005626767941970812,-0.009855859386839638,-0.009080689395001396,0.0,0.00048263654504032694,-0.002593664282682484,-0.005187732110705556,-0.012600714981910288,-0.0052554131091827605,0.0023891332421712708,-0.01578629263639486,-0.010458576930749253,0.017075757669826608,-0.014164305744919559,0.006220834046796853,-0.013963431188719455,-0.0026723270714663627,-0.000338646415486199,0.0,0.0017046822610466972,0.0020639870091208046
2021-02-05,0.009359790126815426,0.009759271501515565,0.003996802606703653,0.00765304161279956,0.006601728869757739,0.010719707741626783,0.008591153135414809,0.0013110130409257348,0.0024120185968796726,0.005489703073052077,0.015337424030768432,0.019037654015411798,0.020076094020840873,0.01804558270862855,0.011721193386100559,-0.012195168282808644,0.01259180366437107,0.017241335211255704,-0.009273561781330986,0.016339868737850427,-0.008373526327850933,-0.0021172086392553524,0.0002315498254410464,-0.0026637116286316598,0.001487552973176598
2021-02-08,0.0,0.0,0.0,0.0,0.0,0.0,0.0,0.0,0.0,0.0,0.0,0.0,0.0,0.0,0.0,0.0,0.0,0.0,0.0,0.0,0.004390960628551266,0.0004243012949705083,-0.00011570394945270568,0.004303003634872571,0.0029707740653925896
2021-02-09,0.0,0.0,0.0,0.0,0.0,0.0,0.0,0.0,0.0,0.0,0.0,0.0,0.0,0.0,0.0,0.0,0.0,0.0,0.0,0.0,0.0007398481017646397,0.0007635219662558423,-0.00023161134450389032,-0.001551240767175499,-0.0018226934944156614
2021-02-10,0.0,0.0,0.0,0.0,0.0,0.0,0.0,0.0,0.0,0.0,0.0,0.0,0.0,0.0,0.0,0.0,0.0,0.0,0.0,0.0,0.006653710181034889,0.002542980582004306,0.00011583250037316972,0.0023675055989909044,-0.00022830714259158835
2021-02-11,0.0,0.0,0.0,0.0,0.0,0.0,0.0,0.0,0.0,0.0,0.0,0.0,0.0,0.0,0.0,0.0,0.0,0.0,0.0,0.0,-0.00547464329091063,-0.0007609397179761945,0.0,-0.0026572233665813627,0.0004566314637455271
2021-02-12,0.0,0.0,0.0,0.0,0.0,0.0,0.0,0.0,0.0,0.0,0.0,0.0,0.0,0.0,0.0,0.0,0.0,0.0,0.0,0.0,-0.012419481875220684,-0.0033000455968974496,0.0001158190847589946,-0.0032563828989532473,0.0015974371362783568
2021-02-16,0.0,0.0,0.0,0.0,0.0,0.0,0.0,0.0,0.0,0.0,0.0,0.0,0.0,0.0,0.0,0.0,0.0,0.0,0.0,0.0,-0.015226738385360594,-0.007216219267462853,-0.00034741701675577996,-0.007053734778031506,-0.0015948894007213887
2021-02-17,0.04265578538445758,0.041237173203088284,0.03582808665655923,0.03860763356655461,0.03279198070111078,0.03939391627456201,0.029528593548677762,0.014729976241490528,0.017324287348762457,0.012931056689800657,0.01389736919563811,0.020735006265939937,0.06380770638385269,0.07525090087139041,0.0795731911908868,-0.00493822780462283,0.06217620779150956,0.07721285134907374,-0.03744146284419314,0.07663444440101408,0.006350508731646665,0.0006840619120067615,0.00023169183819105044,0.00501008143535997,-0.00034229552151754383
2021-02-18,-0.0014229594016340608,-0.0012376992541889287,0.003843197360053674,-0.006093844989677799,0.0042334257919678375,0.0007289074762395487,0.00220633852062746,0.004193521315051685,0.003311243937807129,0.007092198581560183,-0.0047675757111096395,-0.013475502155933072,-0.011684488645573698,-0.019595677704964287,-0.01750914810947335,-0.004549239411217765,0.029268311291206217,0.009615371149031438,-0.0048622705733205596,0.007466401421459823,-0.00404689186542917,-8.540853805028004e-05,0.0,-0.001934483025618161,-0.0013697379950463606
2021-02-19,-0.010687566332513554,-0.00929368064884839,-0.012251194707046498,0.0012262228127402075,-0.006323369173799276,-0.005826679052994943,-0.007154604304939416,-0.0003211796274573686,-0.002828829256589005,-0.003943644778829247,-0.004191712513462842,-0.0018348655247254486,-0.01635471588285098,-0.009517802666633157,-0.010347818363835914,-0.007893665827443774,-0.03317539100872258,-0.013419939842059025,0.004886027762329714,-0.00790509334474021,-0.013291960856371188,-0.004016761064203012,0.0001158190847589946,-0.0072312600649824255,0.00011432319664739232
2021-02-22,-0.0003601227912121141,-0.0006253336369186346,0.007751937984496138,0.00979786169519814,0.0003029794404001418,0.0043956491100045625,0.0022172398086899303,0.012210769618216988,0.0018912962765398333,0.010463770517482596,-0.0015032844132218948,-0.0034721848881574813,0.01562505253614721,-0.021140290260345806,-0.009584717633739914,0.009212781760251199,0.003921564960883028,0.0057042697962874644,-0.0032414879544907516,0.006972081051829004,-0.007608093558835849,-0.0016303624499194314,-0.00023161134450389032,-0.00623264881329888,-0.0030856759207589235
2021-02-23,-0.0021614052245081394,-0.003754731489718943,-0.007692307692307665,-0.012128563214232058,0.0012117818103991596,-0.007293945700082349,-0.004424774559935729,0.009523785303509502,0.01321372214440708,0.012034713425268295,-0.0006022420450177979,-0.016396786678598896,-0.01834320100948772,-0.005235597192677299,-0.010557091254051021,0.013692942675626929,0.04394529485580234,0.006544502704940003,-0.003252029368516429,0.008902092378461068,-0.0028835871742884933,0.0007735622558273647,0.00011583250037316972,0.0007556755801949588,0.0024074180487345664
2021-02-24,-0.014801466077673742,-0.016331601096524206,-0.01240308894667519,0.000613911032919745,-0.013918278217593283,-0.015429875160463902,-0.011666615804036495,0.0,-0.0004657768608131718,-0.0058074968296131235,-0.00934008952758092,-0.01833717518934974,-0.015471176425186473,-0.03453944902093098,-0.0323058713207931,-0.0012280264539804575,-0.027128154652614977,-0.03424358041173592,0.019575837409266716,-0.03480395148782167,-0.0065599767690136535,-0.0013741296698261962,-0.00023163816951776717,0.0015100947187816072,0.001029235308529719
2021-02-25,0.008061605922445647,0.010217054804384507,0.00784923358421108,0.006134969325153339,0.012273750353055446,0.008209000772504638,0.008993807710963031,0.006603744953173285,0.013979550662061468,0.013908205546283137,0.013381952932345342,0.008703032097223451,0.007142826002471292,0.007836440860203187,0.004900454515608166,-0.006557370898096271,0.033653884068044704,0.025583468896623218,-0.014400024414062518,0.02488577606482556,-0.016330609994052114,-0.013329854133428576,-0.0015056434900602156,-0.01583237419465422,-0.009482484206900343
2021-02-26,-0.030170912854955434,-0.020859690995047697,-0.027258508854970387,-0.016463396025866994,-0.016974881624711724,-0.02442637233657341,-0.02284121615518908,-0.0034363857785313368,-0.016084576185122157,-0.013443118469424142,-0.025510158520593573,-0.04145625424507482,-0.04356631768305097,-0.027045275156319715,-0.026211538383282273,-0.016089083883289446,-0.006511599518531974,-0.06170681008103118,0.029220829486124256,-0.05649162033139099,0.033059059138218716,0.008977588679157211,0.0012759611590271724,0.013252727710320045,-0.002998783344723144
2021-03-01,0.0,0.0,0.0,0.0,0.0,0.0,0.0,0.0,0.0,0.0,0.0,0.0,0.0,0.0,0.0,0.0,0.0,0.0,0.0,0.0,-0.013191710613515976,-0.0011230526540913653,-9.266426465658382e-05,0.0009752824237144516,0.011186904273520013
2021-03-02,0.00037483548759831287,-0.009038050042919687,-0.0024019459414951205,-0.008059535196292988,-0.008325638458923534,-0.0015174274932576726,-0.010832413006855557,0.0,-0.00046708215567992095,-0.0016684527286224826,0.01693868852428193,0.03578487585986667,0.028177923619902012,-0.017025703941193182,-0.005320816032378217,-0.030188729944949255,-0.04775282905513378,0.00046644639161663726,0.001577247918613356,0.003151292661500049,7.096105060422353e-05,0.0018172299144103565,0.00023173766200312862,-0.0011353148393998813,-0.001492505805916755
2021-03-03,0.01461219177845674,0.016286644951140072,0.003210285158727233,-0.001875019073486306,0.013370656318904883,0.012917909341926492,0.013256457474316585,0.0009404604076572731,0.01028043105723353,0.00974926070320059,0.0,-0.005510854907772145,-0.0061817276861034776,0.020855363243039937,0.01636244616676641,0.01080847423566067,0.003933132896062341,0.037762266216855966,-0.020472459274539223,0.031937204730448254,-0.01084577839830636,-0.005355404121665686,-0.0005792541278817342,-0.007425335348261286,-0.0032194868962497347
2021-03-04,-0.01957159539098907,-0.020512800950270416,-0.008000000000000007,-0.0006261167604090234,-0.012580541438860782,-0.026256563539919897,-0.021615424483260925,-0.004071439613928307,-0.004162819107045079,0.0,-0.021199295979260624,-0.04028131848690819,-0.042089960575660945,-0.021468107683570548,-0.0238389649722206,-0.010692900298282293,0.025465252488777068,-0.03414198515332201,0.014469478396094582,-0.030948786984369425,-0.006449720078736898,-0.004950062416595902,0.0,-0.008167994841364545,-0.003806688450352036
2021-03-05,-0.006026388337158628,-0.009162363398639517,-0.0032258187570879393,-0.01002510051583505,-0.011497850706169488,-0.0038520800326994342,-0.006395384039085572,0.0,-0.0023223939997454313,0.0005517367658944838,-0.008044502598644532,-0.00954919646530128,-0.028787917945698016,-0.013446605273798706,-0.007928956376645035,-0.014267182692587532,0.04297992337996748,-0.011627906976744207,0.007923960568664956,-0.014659701841663986,0.0019475207274206596,-0.001396436197874218,0.0,-0.0013083828101916328,0.0030106777951932617
2021-03-08,-0.0007577934599406477,-0.0006604415373684391,-0.003236258339943676,0.012658227848101333,0.00031437375195619843,-0.005413742704723612,-0.005266246447298117,0.006289332318799801,0.005586631368284634,0.0035842587944441284,0.02495318786002998,0.014574025742535968,0.0011143133106923386,-0.017216626853841288,-0.01630435478537484,0.010087783214093315,0.05219777388661573,-0.0028235581341912175,0.0,0.0005313820676795533,-0.007774831204250265,-0.003932852258726194,-0.0003477716039178569,-0.009324842064588612,-0.007273203219072433
2021-03-09,-0.00379218791698388,-0.0019828357283984133,-0.004870117605385693,0.0,0.00031427495216052037,-0.004665677099833565,-0.004117629107306953,0.0,0.013888853322332029,0.013736263160442963,0.0143031409608394,0.004861905429903279,-0.030498641757111478,-0.005474438708708229,-0.007474798141522188,-0.009552809993214506,-0.02349865182487121,-0.0009438270599473331,0.0,-0.0005310998507426223,0.013857677114816891,0.0047380969530887995,0.0,0.007545711378260878,0.0013955430813261671
2021-03-10,0.004187192747713286,0.0033112582781456013,0.004078303476533485,-0.012499999999999956,0.0021991735781339283,-0.0007812380790710449,0.0005906809628808407,0.0031249523162841797,0.004566227543908896,0.005961989076113339,0.0005999592549610355,0.020233079926253117,0.04799081949947137,-0.00366973876953125,-0.011132945068610844,0.013590590992949236,-0.030303043181471034,0.006140779737827007,0.0,0.005844878434393186,0.002003712382210976,0.0020958681276068702,0.000347892591082255,0.0047097019010928776,0.0031354853228737767
2021-03-11,0.021228227303446756,0.020462086491852327,0.01868402177308992,0.016455734832377278,0.01880878961268695,0.02580137125092663,0.022432063092478582,0.007165213952238014,0.00545458360151807,0.00619610853595054,0.011394335397349575,0.004742427755931811,0.0015337356652134204,0.019521204202292974,0.01754962801018456,0.010813148396420669,0.021139663586129176,0.04225352112676051,-0.02201263213580984,0.0417326665035731,-0.00721332477364911,-0.0003485918564474222,0.0,0.000614783893435833,0.0037045578258751988
2021-03-12,0.004083170484177057,0.003880923810085868,0.008771917549730501,0.004358635875711059,0.006153869628906294,0.009146318415812038,0.004041552890161837,0.003093055009512513,0.001356183461063365,0.0,0.007708335006198164,0.012658230956059224,0.02056448173777281,0.004335221479832452,0.0032541615020944548,-0.007274286272534125,0.012601291417557503,0.0045045045045044585,-0.0032154311255848667,0.00405681067007202,-0.02122147374156702,-0.007235653715274348,-0.00011595335013636632,-0.011519851951902638,-0.0027681415480649285
2021-03-15,-0.002587845497342922,-0.0012886401557654636,-0.0039525691699604515,-0.0012399066612417409,0.0006116347797258115,-0.011329305658221989,-0.001150002939444783,0.009559092518464762,0.0031602571570998883,0.004551592786820713,0.002647841957739816,-0.0063559159366815,-0.014147906234171836,-0.01654673011139607,-0.01719106999536435,0.0034482724601392345,0.007111104329427187,-0.000896847301534498,0.0,-0.00454542371961808,0.005879781464888545,0.0012293589131100457,0.00011596679687508882,0.003418438036409288,0.0001156851299604078
2021-03-16,0.0033358949398958337,0.005161310011340792,0.008730146620008705,0.010552432550187785,0.0021393548964760978,0.0068755477252746555,0.005181245877431406,0.007635918973224243,0.004050412032812201,0.007462653941384456,0.007335680357041241,0.01513857273716468,0.01739506866413354,0.010241429593371931,0.00825082529026,0.005584156225612702,-0.015887052637940657,0.009874312917900196,-0.004838666757111865,0.009132357875338615,-0.004018727526705956,-0.00017537838673165052,0.0,-0.0006968357889568511,-0.0023129938107232517
2021-03-17,-0.00849655783830483,-0.008985937919451459,-0.008654590773618853,0.0,-0.0051845678223837455,-0.006069825745327551,-0.0011453924091453516,-0.0012125163228909885,-0.004034072377513076,-0.001058225299859883,-0.0014565408998196139,0.0027305411982492256,-0.003633297292502613,0.003620509452666232,0.006219330239037202,0.0,0.0,-0.014666680230034701,0.004862193290151584,-0.008044197555678423,-0.0074829747687618076,-0.0016666880825109143,0.00023181825378149057,0.0009297622769055547,0.0013910136924952798
2021-03-18,0.00521607275827396,0.0032383420969253063,0.005555531335255548,-0.0049140235673305055,0.006744366275502234,0.007633587786259444,0.007454080090922854,0.01760236731192366,0.00045005531912090113,0.009004241729375195,0.0035006636772259014,0.005865076863270646,0.014157011208353332,0.008297310796618662,0.010084563053043505,0.009397664023428565,-0.009865440398261205,0.01488499367245466,-0.004838666757111865,0.014698397626094373,-0.010126359562233178,-0.006238459710950495,-0.00011592647626312846,-0.005728365662879709,-0.007639727252896855
2021-03-19,-0.01556701956812534,-0.014202692284884022,-0.016574573991339214,-0.0037037413797260665,-0.01065768795660349,-0.010606014367305905,-0.013659634336184001,0.0020876736466641788,-0.008546946946534684,-0.006299156781660931,-0.009302316297383983,-0.02519781492998774,-0.03151433803382364,-0.027907000549343697,-0.027375152818250537,-0.010156571292505245,-0.06431159788045882,-0.03066663953993054,0.012965951817963006,-0.027472527891306164,0.0061977437455427165,-0.0006189186186438267,0.0,0.001479308920855349,0.003849226510422854
2021-03-22,0.0045180032450204965,0.0052390508693263005,0.004012841140634826,-0.00371741553541427,0.0070790868068426605,0.0030627402587357633,0.00403922072316143,0.0,0.0036297604529451633,0.009244544862088588,-0.00029348989709720996,0.011322340605597336,0.01354005065491326,0.004784658093542893,0.01158935315493781,0.005130433619699337,0.014520776344445485,0.01650614738184797,-0.0063999938964843794,0.01592196277404012,0.011205896154626638,0.0032734915560292954,-0.0001158514805243982,0.0035760820774064506,0.0036021984288021613
2021-03-23,0.0014993419503936956,-0.0006515055603624198,0.007194256889340389,0.008706429539268923,-0.0006112609112929324,0.008396993156607913,0.0005747258104067399,0.001785755238567388,0.006781175987309318,0.007327992690476792,0.005283249392078027,0.007182090230080096,0.0036630464167530796,-0.007325965610992302,-0.007855966517570923,-0.004253525329484087,-0.0028625700650355412,-0.0022552999859387635,0.0016102660198471508,-0.006066718552720118,0.009026941405508637,0.004938250009334899,0.00011586490364501323,0.002943720610370404,0.00104198604872896
2021-03-24,-0.015718607841144094,-0.01434157128928415,-0.019841269841269882,0.0,-0.008868529319914109,-0.020439152780322156,-0.008041320555740694,-0.00029703866840546933,-0.0004490448440179762,-0.0036373914845534427,-0.004087573420392343,0.0050335122112714625,0.0004292967428154437,-0.009225092121066703,-0.01187722564652105,-0.0012815329705704315,-0.04880385054453895,-0.01943943540272275,0.008038616144924848,-0.017802644411705426,0.005382138372318268,0.0013162647164266517,0.0002318798335381178,0.0030122760946269533,0.00057833740790314
2021-03-25,0.0034220300246554647,0.003306878373622979,0.007287461748007429,-0.013563483289979361,0.004936743232502261,0.0015456894626382223,0.004632305824293859,0.00029712692659211726,0.007637020419854812,0.003911382838258204,0.0,-0.013772952266926874,-0.024892701403333883,-0.001489791991025391,0.001669423565505035,0.002994080611017358,0.03621736675542997,0.007376699624432659,-0.0015948567902865918,0.0036250488146900572,-0.00788538212819656,-0.0013145344411232829,0.00011591303887303894,-0.001155043090862451,0.0017339211903231178
2021-03-26,0.01818877764896687,0.017798266331959134,0.013665570155869666,0.018750000000000044,0.01320234292922362,0.022376495061027013,0.012103693363427315,0.004159221339366637,0.007133296711333115,0.017402549842735482,0.009088172179618104,0.003385523764168452,-0.009463035171022982,0.021260712651199665,0.016666666666666607,-0.005970204368535903,-0.010679670710153077,0.031121295431385976,-0.01597450124815547,0.03353973115399822,-0.003500041779752938,-0.0033344792600102924,0.0,-0.0006939448926114311,0.003000167272663168
2021-03-29,0.008187501263520858,0.0064766841938506126,0.011895321317611618,0.00429445980516685,0.006363608620383543,0.006037758881191069,0.007972739251422167,0.015976358808175606,0.005312037674821246,0.011743755952856372,0.002033803406318757,-0.006115502151579411,-0.01133077850592179,0.0025566692592584594,0.0032787010317942844,0.0,0.0029441303121604534,0.01642253394640303,-0.00974025069249762,0.018472276045278457,-0.008488245507277115,-0.003433697687631132,-0.0002317992091951382,-0.0023915874885930277,0.0005752767235525091
2021-03-30,0.003322236680552537,0.003217503343874384,0.0015674340127620479,0.004276096281562669,0.004215579449199591,0.0007501188479923648,0.00960452367041098,0.0075712964582967945,0.005724397769972578,0.010093305586697632,0.007538367900269627,0.00891148227088534,0.006516874506232506,0.0,0.0026143765591093437,-0.01115402122860254,0.03131112392008295,0.013100436681222627,-0.006557370898096271,0.013235279158049895,0.005239901947359238,-0.0008835241749145517,0.0,0.003093412441618648,-0.002414615172187329
2021-03-31,-0.008462059956826251,-0.007697222547930149,0.0,0.005474508447002258,-0.005996910266649058,-0.007496252217042643,-0.009513154354235498,0.0008671270322910818,-0.0008756767788989928,0.0029978203907439216,-0.004604312155744195,-0.00483700412043464,0.0020093804587686392,-0.009107467870730579,-0.011082143064077177,-0.014750549407447577,-0.009487702261067765,-0.01422415108516295,0.006600653833452208,-0.01257857224534742,-0.0055796911252015136,-0.001414767334829592,-0.00034769100279674614,0.0026212036103014924,0.004840919301567492
2021-04-01,0.007421150278293043,0.007110576116453604,0.0023474416634896578,0.0,0.004524817625258359,0.00906353672470317,0.0005648768984314323,-0.0005775471310073277,-0.0008764442607862577,0.0004980483762502264,0.004625609907669803,0.020498757966163295,0.022950061381095566,0.009191176212782759,0.010217516953965555,0.018053798823843614,-0.0191570706229659,0.014429397008276501,-0.006557370898096271,0.01567857350586843,0.016574364039680343,0.004427524163859208,-1.1555281929343322e-05,0.006259112183717352,0.0021105688117038462
2021-04-05,0.0,0.0,0.0,0.0,0.0,0.0,0.0,0.0,0.0,0.0,0.0,0.0,0.0,0.0,0.0,0.0,0.0,0.0,0.0,0.0,-0.004363252626678915,-0.002822862500893475,-0.00023198737889562615,-0.004900079524214562,0.0004594109988234063
2021-04-06,0.0,0.0,0.0,0.0,0.0,0.0,0.0,0.0,0.0,0.0,0.0,0.0,0.0,0.0,0.0,0.0,0.0,0.0,0.0,0.0,0.00679272990216595,0.004865493789002029,0.00023204120952757812,0.006693814795847741,0.0017219782439201747
2021-04-07,0.015101311615158819,0.015404325092901905,0.01249016993358798,0.01875372527220054,0.012612672470428965,0.012724527474385017,0.015810316268790814,0.0028892942027625157,0.0021930327229091606,0.01941754118866612,0.021870455295919466,0.029612762022457773,0.031147904812210303,-0.0032786939922202496,-0.0016312964986243683,0.014705805921178872,-0.003906246362021082,0.030172413793103425,-0.016501634583630298,0.029425908127958644,-0.0069645348272128205,-0.0006162487638083913,0.00011590521218662886,-0.001987117961731788,-0.0003437861398403186
2021-04-08,0.003265580103602561,0.0037927061636537918,0.003855050206358346,-0.0071258728725359655,0.005041463902466736,0.006651839439649532,0.008893821536839486,0.0011524320536566712,-0.0026257971527667845,0.013919406207681506,0.004787439923349401,0.0066371280823704915,0.012885521934629995,0.002558468321003371,0.006535910231946662,0.00042626723239957975,0.0,0.015062787043998327,-0.006711402952518042,0.0103093358479589,0.008255330097269198,0.0034355799028891187,0.00034785227319078516,0.003675874719009986,0.00034390436939601976
2021-04-09,-0.002170003991014968,-0.0031486145490629003,-0.003072149814591696,0.002392399297694192,-0.003245813288068722,-0.0036710720352659543,-0.007713465156522936,-0.001438826965771134,-0.0017551958718917682,0.005539487950398714,0.0,0.004995005071146474,0.007090722568886321,-0.01567627781231351,-0.014610352816156968,0.005965117217426208,0.0,-0.007831859470204261,0.0033783751129670136,-0.004638218792627824,-0.003622926019138717,-0.002633684857457408,-0.00034773131406262703,-0.0020601577711781838,-0.0006876597125748951
2021-04-12,-0.005799224860135177,-0.004421964211923091,-0.0007704630290011893,0.005369891788240766,-0.0035523663771802605,-0.005158415357291224,-0.009439204560437675,-0.0002882459945404703,0.007912101326408072,0.017245538220434176,0.006165953442304417,0.002982137736661894,0.0010353952394410726,-0.011111082854094345,-0.012850124945473995,-0.008471018965233057,-0.003921564960883028,-0.003323652105944319,0.0033670001235441838,0.0013978927513358386,-0.00043631416617329055,-0.0006161402556831286,-0.0002318720264580243,-0.00022936601297351977,-0.001032068131195496
2021-04-13,0.0,0.0,-0.003855050206358346,0.008902077151335286,-0.0008912293354981227,-0.0014814588758680358,-0.00448430061781413,-0.006341810744162957,0.003488875823869808,-0.01459860439749161,0.00027850476624613485,-0.0009910651398300496,0.009722822077359083,-0.0037453325322945874,-0.005340449008726211,-0.004698872749617888,0.009842557379092787,-0.00250100400163189,0.001677810735012386,0.0032573858860527327,0.007493625334053178,0.004139521022664017,0.0003479329491087313,0.004435621408842794,0.0006887562641875178
2021-04-14,0.005468465427465263,0.005076064479612397,0.004644010198823656,-0.003529447667738994,0.002081465733005494,-0.004451083753204688,0.0011261518865943732,-0.0034813676336615806,0.0,-0.011947431737881375,0.004734112625033315,0.012896779593307928,0.017824193964494084,0.003383464334481223,0.006711435169794333,0.007725335239044728,0.012670576173572368,0.0037609439406889322,-0.0050250810762974,-0.007421178377645443,-0.0031773718586182165,-0.0012279570829334396,0.0,-0.0013704330805537346,-0.0004588839780610421
2021-04-15,0.008339443119458778,0.010101049022522401,0.006933697036397568,0.004132303614243327,0.009495539690792087,0.005961274738824018,0.006749096020839618,0.004366856842567657,0.013906983556765118,0.007255213127651539,-0.003048797249696422,-0.008814902442011552,-0.014291446862142787,-0.014612262614959959,-0.01066665649414067,0.0,0.039461004221775564,0.024562902707050194,-0.010101000370632551,0.027570064936842886,0.016734373585447493,0.006410781680260991,0.0002318451370018071,0.006175644525601376,0.004017056290012588
2021-04-16,0.0014383095566545823,0.0,0.004590712452374746,0.009406177468052945,0.005291014190292431,0.005925948531539271,0.0033519255430749517,0.012753583382869138,0.007286758544787109,0.018967516732003364,0.0047261096240238665,0.007905168734016588,0.010006082327038479,0.0022814211038630905,0.005053895451076373,0.011925072065773978,0.006481453109998148,0.008939442883706405,-0.006802714468455484,0.00864033291500621,-0.007766380828482133,-0.00270503981432213,-0.0001158514805243982,-0.006819685444870549,-0.002057616578286403
2021-04-19,0.0017953321364452268,0.0,0.0030464119359288055,0.004659307314949901,0.004970706583419915,-0.004418306995817578,-0.0038975333180688576,0.007441389423287426,0.021702137399226995,0.01885021389360597,-0.001106832213694009,0.000980377197265625,-0.002628331092282221,0.019347504441314722,0.017432130710480553,0.0075757703468781745,-0.010119563738301585,0.011679395331621878,-0.008561676271995777,0.015779981748617278,-0.002872281432301338,-0.0010499846497571408,-0.00011595335013636632,-0.002594122054472958,-0.0016036584737051385
2021-04-20,-0.0017921146953404632,0.001875019073486417,-0.0007592319441424022,0.006376846976902106,0.0032004833799839094,0.0,0.003912783522213026,0.0036932120823163217,0.0016659311868976179,-0.00023131674010667957,-0.0063711787245976925,-0.0137120621626039,-0.016014613545585088,0.010420497601475454,0.008237232186416588,-0.00501256627219715,0.01486987397850048,0.004379005242353795,0.0,-0.0035508346245961553,0.004608954247698138,0.0029780500371212604,0.0002318451370018071,0.0019123384699026857,-0.0017209903576922425
2021-04-21,-0.008976660682226245,-0.010605096168920802,-0.004559316684557446,-0.0017281281175700602,-0.005800486241145708,-0.0014792674020455143,-0.0072382609907253315,0.005660824734698755,0.0004158099459075082,0.009021498815131812,-0.010872578791792709,-0.015292883146007852,-0.01895348097013083,0.001104997682026987,0.0,0.006297213285139769,-0.02930400115279308,-0.013079679000562061,0.005181383420725938,-0.003563487981103841,0.0020071597082214065,0.000523950375290072,0.0002318798335381178,0.0034356158415080884,0.00333296067586919
2021-04-22,-0.0007246819095335644,-0.0031525849984750387,-0.00458019926347808,0.01096361144273561,-0.005250884235284525,-0.01037032515914349,-0.003925950371494347,-0.0036588026423945985,-0.004156291923916311,-0.007794593326763244,0.010146578776671245,0.014521931815558942,0.006509898787155244,-0.004782967868123156,-0.004248400865836555,0.005006292977511428,-0.01603774246943701,-0.00682729698089235,0.005154593141984076,-0.007599450028761168,0.004364004976954661,0.000785580584139689,-0.00011591303887292792,0.0009891568900350922,-0.0018328024801386178
2021-04-23,0.009064539922592818,0.009487665667880396,0.009202548030668334,0.0,0.008211220132652963,0.01347296190670888,0.015765804225056357,-0.0028249232911827793,-0.0008346640725874765,-0.0041589720483514725,-0.004743358898403938,-0.009343884952975667,-0.01147505181637054,0.00739374375528401,0.00754845601470544,-0.004151115850407505,0.010546467253952141,0.019813966178798825,-0.008546959779967,0.009009009009008917,-0.0023506078245557616,-0.0013082288600037018,-0.00023176452653361768,0.0008361250561939038,0.00263946934294923
2021-04-26,0.014732325847479633,0.015037555167308314,0.018237034841750432,0.012557060425589572,0.015125085561615403,0.013293967008107366,0.01662966861616577,0.0195468117937474,0.012531296172435757,0.01856155638237822,0.004765965583664711,0.0034115625666979454,0.01013084701172251,-0.0003669808763976379,-0.0016287017318104002,-0.0029178697579018698,-0.001897486163352835,0.03211733125591154,-0.015517267177277083,0.041964258466448134,-0.0014279376819102962,-0.0010479673770267262,-0.00023190670027284366,-0.0004556661306911458,-0.00045783351573613906
2021-04-27,0.00035412926939470957,-0.0012345490632234002,-0.002238828744461241,0.0,0.0008595638391200033,0.0029155186892921847,0.0016358062375083637,-0.00027791430297297026,0.00041255070034074137,0.0,0.00027897102373430904,0.008000030517578027,0.002507290646770466,-0.014317158330593771,-0.011092990434568684,0.0,0.007604555154464343,0.003457642936112393,-0.003502623606462252,0.002999195481306227,-0.00872301741297743,-0.003933883649298364,-0.00011589177972526343,-0.004482914179427588,-0.0013741296698261962
2021-04-28,-0.0060177423257743445,-0.004326309858092348,-0.002991727042740422,0.00563697877342384,0.0011451736380723165,-0.005813975408954342,-0.0010887564970033514,0.0,-0.00041238057244685766,-0.007289286644684534,0.0,-0.0029762206614594167,0.00020846470041457899,-0.0003724479977563755,0.003959117167528614,-0.005434747506352977,0.008490490157991415,-0.004594227224155367,0.0,-0.0008543878761917423,0.0006491368889702809,0.0013164287631248772,0.0002318989016343309,0.00015256459334489492,0.0019492967633292224
2021-04-29,0.0014245884310986057,0.002482891876660398,0.00825199414511224,0.0,0.002287618346151543,0.002923931926617218,0.013623977918412189,0.0038910336695279213,-0.004537979017748439,0.0036714052475805836,0.0016736785451840763,0.0,0.0072931540295848585,0.017511151664772795,0.008215576651094514,0.008827199512026596,0.016838195719492077,0.003461514986478287,0.0,0.00427533144974146,-0.0029552974551049216,-0.0017529753235320245,0.0002318451370018071,-0.001220912786304651,0.0011444965284856945
2021-04-30,0.0,0.0,0.0,0.0,0.0,0.0,0.0,0.0,0.0,0.0,0.0,0.0,0.0,0.0,0.0,0.0,0.0,0.0,0.0,0.0,0.0023134185113193872,0.0008780268211168174,0.00011593991676916993,0.002062874416253413,-0.00045725781884264904
2021-05-03,-0.01671412518848292,-0.01733748019664283,-0.02827371998168038,-0.012892308697629806,-0.01711835912072368,-0.01967927848614126,-0.03225808436366906,-0.005813928313471828,-0.0012432150990560054,-0.010745340710274998,-0.0005569606752620082,-0.007960229370724492,-0.018618153145180005,-0.017942137704148653,-0.014667560575725824,-0.006666660308837891,-0.010119563738301585,-0.037945550510102066,0.01757467550561298,-0.03448272054147461,0.0005987080436953291,0.0017019278025944657,-9.26824661513981e-05,0.002401927808181598,0.0003888136187131866
2021-05-04,-0.008679905593071857,-0.006931259394323153,-0.015313934965782261,-0.029528745183430405,-0.014223560743543695,-0.015613428278926533,-0.013333320617675781,-0.01698692879263608,-0.014522837175506398,-0.017795249586726403,-0.0039007910846835525,-0.008826452160021647,-0.02213320546913744,0.0037285750412974217,0.0023155704890573947,0.005872457581894697,0.01486987397850048,-0.03147407926886203,0.015544067906882564,-0.04276894540441678,0.006786041094521744,0.001314534441123394,0.0,0.000609607256861544,-0.0005735610413256653
2021-05-05,-0.009485611257278537,-0.009517766128858907,0.007776049397657525,0.00643654852429032,-0.009128314692313677,-0.010573972515277807,-0.015765804225056357,0.0014164090124979545,0.009684191252055996,-0.00023525462431062127,-0.003916066843312915,-0.0159886848404579,-0.01228712443034452,0.0029717653595588978,0.002310283958266046,-0.002919086578835328,0.027472544747149774,-0.01809958471740991,0.010204071702683226,-0.010594209982016989,0.0016491876987425602,0.0012252703223436523,0.00023181825378149057,0.0012187041685702837,0.001951174150107926
2021-05-06,0.008839756524804399,0.009609224480140677,-0.008487701016287152,-0.005813953488372103,0.010401142890050785,-0.006870182415911308,0.009725405076995486,-0.0014144056356084622,0.010842378392205365,0.00235345893553518,0.001965731357046696,-0.0004113627766979544,-0.008511553737362676,-0.003703717832212128,-0.0026341758806508464,0.006273509807090516,-0.002673857926159595,0.01968997489874824,-0.0067340002470883675,0.014897564724294377,0.0016464723567855,0.0004370229169268214,0.0,0.0019018638707040125,-0.000343716009650219
2021-05-07,0.01788971889621971,0.016497403198187932,0.024902699986320442,0.019298263460572063,0.016764696906594656,0.031514147981394736,0.022096391242276248,0.011898073448161073,0.005775552432770503,0.015496591806703819,0.0064461754559728135,0.008847743182641254,0.009465117813939106,0.00037175572578629357,0.0016506845674908455,0.016209530575806097,-0.008936499691270305,0.03903040360814569,-0.02203391734569493,0.038073408494301964,-0.004931406878472933,0.00034950560588864477,0.0003476910027966351,0.0003796739021753037,0.0006875809590516369
2021-05-10,-0.006814899496678906,-0.008114875633723151,-0.011389521904009547,0.005163476079900642,-0.0026034178010526654,-0.01639342025537205,-0.018847014153710262,0.004479278889816252,0.022969704371122113,0.010404641917675317,0.0025062699239855046,-0.0006118454016674768,-0.003488875823869808,-0.023411340183533524,-0.021094244773556703,0.006543960835151852,0.0018033817686367026,-0.00909445570769829,0.0034662012118935603,-0.0039770620553972735,-0.010127044793418971,-0.0020088717951827206,-0.0003475701557806854,-0.005389045266544157,-0.0022902161163770307
2021-05-11,-0.037558664231579164,-0.029578333094864684,-0.03456221279167049,-0.04280821992374617,-0.03132244868607026,-0.04393941705877136,-0.027118724796328597,-0.03288740997904782,-0.017642362655797106,-0.0228832947949984,-0.013333320617675781,-0.030816292276187873,-0.04485775060912034,0.019406400896366804,0.012794584208926318,0.0012189670277480413,-0.014401426854765753,-0.0798084577529442,0.04145082029992153,-0.08163262819312511,-0.005659657499879289,-0.0016628954827053732,-0.00011592647626312846,-0.0036629712464267827,-0.001032897288276824
2021-05-12,-0.028893103966346145,-0.01686116015682715,-0.04216384686584829,-0.03279666130046199,-0.04401201058521331,-0.034865245664696176,-0.0435540087053522,-0.03458215379122087,-0.04448980214644449,-0.04168624267424026,-0.0033783482640281637,0.004211348519131963,0.004123718187479586,0.0007464930844196527,0.0009973632553723633,-0.0032467502308325402,0.014611858465671146,-0.0884649116015892,0.043117701989755286,-0.08840581184424068,-0.010507787895250198,-0.004821627537733519,-0.0001158514805243982,-0.005438047398549362,-0.004825346559370169
2021-05-13,-0.014683106538662671,-0.03562011172734514,-0.0008305521001144012,-0.001233026831104156,-0.011901066848835518,-0.014778349808356905,-0.015179114172596875,-0.002985029078241608,-0.008970486366571717,-0.004643172903491921,-0.016949216467680994,-0.017823411587289284,-0.018708726335039505,-0.01380078102406479,-0.0026569220220656886,-0.006514651909255265,-0.0009000247989665588,-0.023786869993300486,0.009538941676219936,-0.0286168202639957,0.00154860948101887,0.003347470877816505,0.00023181825378149057,0.0037735095213193848,0.0035788218513532755
2021-05-14,0.01137252508425246,0.013679890846427512,0.0041562758712889725,-0.009876580885898933,0.014263099011769809,0.01833330790201826,0.0098643559917031,0.007485029598166104,0.007327589254458644,-0.007120081482608898,0.015517268027760878,0.013236527110696672,0.005347671841652746,0.02534039571712232,0.01964702427896592,0.002458994544279225,-0.020720764685252302,0.025341116109050432,-0.007873970810807207,0.024549917758208473,0.009351331236958416,0.0021949077844674036,0.0,0.005447343362098733,0.0032209683459554217
2021-05-17,-0.01899958903624921,-0.020917617466680638,-0.026490103450292568,-0.025561041151737962,-0.025312483310699463,-0.018003248798557636,-0.016483428830798674,-0.026745957951495147,-0.030808780267324254,-0.03709198939016067,0.01273346805309794,0.018331284520961333,0.013644776357206068,0.02545181155198928,0.020248168350484264,0.017170895012852405,0.02115919947857625,-0.057984778052058816,0.025396800407627707,-0.056443056077023934,-0.002115615268806992,-0.0009636496616832746,0.0,-0.0011446711314778701,-0.0018346065175378623
2021-05-18,0.045849826496109136,0.04686414546473272,0.05442178238877515,0.04670507299568283,0.04841295937885626,0.04833335876464839,0.04903780125688462,0.03847323119185364,0.041501128030421164,0.04519779656651757,-0.0025146731010237122,-0.004965894255617109,0.007757160020233744,-0.0014388132833250689,-0.0006402195233741192,0.008038616144924848,0.017117078725554347,0.1115035642976665,-0.05572757451835386,0.10891649765318623,-0.002558599765367764,0.0,0.00011592647626312846,-0.00328489454416081,-0.002412483704823387
2021-05-19,-0.006802790132373171,-0.007241546339206373,-0.005645136679372498,-0.003667518833318284,-0.0033639329597885403,-0.010333887283158094,-0.010059176339125231,0.0026462851228929996,-0.00381518236565237,0.005896753299033497,-0.019327799066115148,-0.020586435336360065,-0.018338184110753164,-0.006844399585412719,-0.0025624575741689526,-0.0011961996306527611,-0.023029249757336778,-0.006355011964954471,0.00491806725858579,-0.003562325436347047,-0.0024186589354276977,-0.002981444796172905,-0.00034765070087605654,-0.0017628245986600621,-0.0026484999681961607
2021-05-20,-0.006849268936750308,-0.0026525805515809076,0.0008110176127011925,-0.002453950285180251,-0.0033752871996481915,-0.010441791580384052,-0.01075913389724581,-0.007038060836033977,0.002127627108959418,-0.006595028500746558,0.005712675593487315,0.008280323078141638,0.0062269477390000105,0.0025389806165778683,0.0006422754706385536,0.0043912420639447,-0.01722571033391307,-0.013248030960913426,0.006525279136422313,-0.0107252608313827,0.00822860269021497,0.004133695983449037,0.0004637249540542232,0.0068335331089581786,0.004272055697662758
2021-05-21,0.014176291980962707,0.011303273111841428,0.008914088010691046,0.019065133630763897,0.012623148189363498,0.014610414743062128,0.018126958201749366,0.004134654079292588,0.008492601673834033,0.016719949244920596,0.011928486071099975,0.02147813449181024,0.027274778766362084,-0.0036178898816671134,-0.004171988491758594,0.0,-0.020295227300000218,0.034259231002242485,-0.0194489277269444,0.03562214385123186,0.0032063138898572596,0.0003503627587708724,-0.0002317992091951382,0.0006863138453403472,0.0014945648241069254
2021-05-24,-0.0015112368553636957,0.0,0.001606401190700213,0.004224483772687249,0.0009120942491205319,0.0040000000000000036,0.0041542844652513455,0.0014705657958984375,-0.002526293302837157,0.0,-0.0005613375572298684,-0.0074210844797019115,-0.00490855024991288,-0.003994212298284339,-0.005800847605306303,0.00516697412176681,0.025423772191449423,0.0071620686984306126,-0.004958712208686045,0.009471554529783655,0.0037044709349824956,0.0009631434308146058,0.00023185295252625693,0.002743488850804665,0.0011479563014629157
2021-05-25,0.017026107483307795,0.019066362788379587,0.01684046635852976,0.014423132471786282,0.015188336203240338,0.024701243852714105,0.021276631721529826,0.008516914009551568,0.006753898007815007,0.004836778000478548,0.0056164212162723715,0.018691540657541195,0.021076288644980234,0.039008373420335696,0.029173407047050404,-0.004349569251459573,0.031221229402627726,0.0351110839843749,-0.016611279891927455,0.032098765432098775,0.009263381863749975,0.003673881823534675,0.0,0.0037240119041281883,0.00011469024579136011
2021-05-26,0.0007440930659019518,0.0006452006678427935,0.004731849051109016,0.0035544480680049784,0.0023938311022717595,0.0023327198968192686,-0.004051018483289259,-0.0005824245100407577,-0.0008385936035125718,0.0031287862936777433,-0.0008378272226629013,-0.0004077565356730428,0.0035133913964757735,0.009122815048485444,0.010078730545644676,0.014297085225911,-0.0017808998134093423,-0.0004293295291841748,0.0,-0.0009569231973310943,-0.0017209628682758327,-0.0011329724232025384,0.00023171080369976949,-0.0005300773857526142,0.0003439438073495893
2021-05-27,-0.007063174336373157,-0.007092237654597322,-0.014913669569249999,-0.005903187934062526,-0.0065672006180037545,-0.013964278569390753,-0.0046484560117282525,-0.0011655278520698031,-0.005455273234695968,0.00263917009467729,-0.001956391761106513,-0.004079073082225659,-0.003501090694551179,0.002086212290155931,0.0009354156402352487,-0.003523889951514203,-0.0026761581506783427,-0.006013784952409007,0.0050675223960423565,-0.011973179901631936,-0.004022393001606117,-0.0017450217884749097,0.0,-0.003030256791548336,-0.00045846321521314515
2021-05-28,0.016847622228267634,0.013636403269581931,0.02151391990631235,0.020783848734290622,0.016225989643463334,0.02281669205896475,0.012259252896068995,0.007876326352926677,0.010548522867177779,0.006460886619970241,0.0036404668565719334,0.0,0.0035133913964757735,0.006245673389375872,0.006542146702568363,-0.0039292879556745985,0.018783544938702157,0.037165109465658874,-0.020168048639635616,0.04507999473671642,-0.001586623502760287,-8.742361603275572e-05,0.0,0.0008358708605609166,-0.00034398325434925603
2021-05-31,0.009572923582795045,0.010890434860808762,0.01092050849142101,0.011634671733638191,0.007096442360510435,0.01538461538461533,0.01614767498163605,0.005788734221589209,0.00501039365603928,0.00832140900364653,-0.005301300945872445,-0.006758177732543391,-0.0013129403126765915,-0.017241379310344862,-0.008975577319754402,0.007100603647617998,-0.0052678154353063,0.016666666666666607,-0.008576280369129163,0.014842285981688574,0.0,0.0,0.0,0.0,0.0
2021-06-01,0.004376300641982134,0.002534815518052902,0.006172745025411208,0.009200725472526816,0.006165563006621966,0.0037878787878788955,0.0,0.008920902828518429,0.0045700295698474225,0.0077812268861592315,-0.001683067902464419,-0.003505116885470394,-0.0039439155912128765,0.005263144509834117,0.0024983764901236327,0.0019584502826395234,0.010591340367796853,0.013524602671138641,-0.006920490871662466,0.016453340011494344,-0.0002238928560564556,-0.00018355309301584604,-0.0002085122724804254,0.00012902973175653505,0.002993819910409277
2021-06-02,0.0,-0.0031605563188701336,-0.003067438000050049,0.0022791675013353885,-0.003793436427742547,-0.009056580741450437,-0.009648130998689664,-0.002852318451263436,0.006617032481089691,0.00982681685660558,0.0011239369304816282,0.0004137521686076173,0.0017598291391522913,-0.005235588849127115,-0.0018690829110823426,-0.006254880683710717,0.006113593857171251,-0.005256785425456489,0.00174220022310001,-0.0008992668782863422,0.002315259748826737,0.0011373337703157738,0.00011591303887303894,0.0015972575730458516,0.0012621986049983214
2021-06-03,-0.0007261499414857875,0.0031705771063781363,0.0038461538461538325,0.005116595716331274,0.004979554384354268,0.0038080730264942186,0.005730571332321688,-0.0002859931863569143,-0.0016434229776737252,0.00139020791249167,0.0014032903609786374,0.006411610818497504,0.002635022605892212,0.0017543591951068027,-0.001248467989523605,0.00432732533522473,0.020833312637276835,0.015447166877064378,-0.006956515104874272,0.01350135032044486,-0.0037537304341523914,-0.0025343084396918236,-0.0003476988137927073,-0.003948883980819939,-0.0020628042719362805
2021-06-04,-0.004723903535181817,-0.006321112637740267,0.0,-0.006787312938512202,-0.005246292566921995,-0.006828597378104817,-0.005697919001040552,-0.005150223211630167,-0.0053497598702939575,-0.006015782713720164,-0.0030829767211522086,-0.010686404837531582,-0.013359627954228626,0.009457109106090211,0.00625002384185791,-0.019976506665297933,-0.007653074050700814,-0.011609323938529204,0.007005247212924504,-0.013765501273248382,0.013694655929826993,0.005519513376439633,0.00034781975030728773,0.007090520355405472,0.002181842076442786
2021-06-07,0.002555721878897854,0.0019084163968310364,-0.0061302915843510775,-0.00284738031105336,0.0020509725354100894,0.0030558378451090995,0.0005729696903187254,-0.0014379993213196052,-0.0012412365143074089,-0.0048882469494409,0.009839709787009765,0.01578733165488755,0.01798005298576477,-0.014573215848068588,-0.012422407341657227,0.009192627419195798,0.008569012923390185,-0.001620064424351808,-0.001739170240319332,-0.001350756611947057,-0.003073571798004604,-0.0007841451644414743,-0.0001158996045975691,-0.0008327701824608624,0.00034383419096628565
2021-06-08,-0.005826679052994943,-0.005079384455605185,0.0,0.0,-0.003216392043790983,0.0007615448773992117,-0.0028636448844382434,-0.002016120171749236,-0.0016569597841772365,0.0018713878609284418,0.0,0.007157432785270368,0.005887493549285416,-0.01126759503952346,-0.009119465884789624,0.0059405789516939755,-0.0076465717151714685,-0.0077078859897946606,0.00348440044620002,-0.004057750869658094,0.0070265700076124205,0.0028775883342913033,0.00023173766200312862,0.003788452918518148,0.0006872572336358296
2021-06-09,-0.0073260073260073,-0.007657925792037834,-0.010023154065890938,-0.007424346124746961,-0.007333528861278693,-0.015220700859206904,-0.004020660277870403,-0.005772027536278146,-0.0041493933563011565,-0.009572814489400616,0.0011136112908247675,0.001015212935239429,-0.0006503922241370974,0.006410267295756666,0.004760381384979695,-0.0019684739295849907,0.023972579251313464,-0.01185612871181263,0.005208286767206527,-0.015391552695459332,0.008828803987948941,0.0031301678433597324,-0.00023168397210104885,0.0036232714508486197,0.0008012785523712207
2021-06-10,0.015498200025945597,0.017363324425994753,0.011682243545971582,0.010356749252885544,0.011229345933858603,0.014683224458212685,0.01672427944791166,0.004354069894332291,0.00375000635782885,0.0016502478204427629,-0.0016684527286224826,-0.0010141833232111264,-0.0015184316082681448,0.015569728609129196,0.01358181640076439,-0.003550301823808999,-0.010033435215412778,0.027306604000201684,-0.012089839744830355,0.024367830123024348,0.005998947209264527,0.0035537490071437805,0.0003476507008759455,0.00451256629384611,0.0018299900738463215
2021-06-11,0.0036337207690517737,0.0037927061636537918,0.0038491148844737033,0.004555738981564472,0.0029222229852112758,0.007616146052988215,0.001134455967994663,-0.0014450647186572407,-0.0008302390052713493,0.0037655881640785704,0.0013927363491754718,0.00710656800245868,0.00456230512142386,-0.016376348718082356,-0.013711453161901366,0.006334119000884542,0.0033783751129670136,0.005235614320499238,-0.0034965002902287434,0.009874312917900196,-0.001613552254610906,-0.0014682861525103785,-0.0002316571262407363,0.0008236044651266372,0.0003425780334052053
2021-06-14,0.0,0.0,0.0,0.0,0.0,0.0,0.0,0.0,0.0,0.0,0.0,0.0,0.0,0.0,0.0,0.0,0.0,0.0,0.0,0.0,-0.007659309652098267,-0.0031139227441482342,-0.0003476988137927073,-0.0036657851415898834,-0.0009130544230416815
2021-06-15,0.005430846972141579,0.005037802496118848,0.010736267030693414,0.00907032969884658,0.007284382349155516,0.0037792894063986004,0.009631732576099727,0.002894422316255474,-0.0020772429453457253,0.003048001143425294,0.006954102773141679,0.014112919041815664,0.012759518407687409,-0.018065895754578398,-0.012638218747278662,-0.01770262634102482,0.015151540693756349,0.018830115518078117,-0.008771879924703185,0.0,-0.0012037825200102992,0.00017350666435067552,-0.0001158514805243982,0.0007509093633837338,-0.00011425789497210292
2021-06-16,-0.0010803683736362313,-0.001253209269312494,-0.0015174274932576726,0.0022471567218222965,-0.0005785495499054383,0.009036121390558316,-0.00448933361818693,0.003751724320152805,0.0020815668654321495,-0.003038739063285778,-0.005801079559303424,-0.006958220266993886,-0.01089050002753289,-0.01154400082073792,-0.01376000976562497,-0.0024028621382577997,0.022388017802236204,-0.0039323633031828065,0.0,0.015111083984375107,-0.0008508356850763787,-0.006853416406170543,-0.0009274499081085574,-0.002851177118044279,-0.0013709027631779724
2021-06-17,-0.0028838781923956613,-0.001254686047052589,-0.006079050263329999,0.0022422038618765683,0.0002894974370863945,-0.001492514539120804,0.0028185538362059948,0.0034503378606633994,-0.0029081718201795503,0.0018756861311923778,-0.0030564213731998358,-0.00580582404600305,-0.006476667509435874,-0.002919705285395424,-0.0038935409822511424,-0.02087516904652631,-0.005677185341228963,0.0043426404716695455,-0.0017699519846088307,-0.005253927234280309,0.014971977009931248,0.0035813768404298063,0.0,0.005568137901800441,0.0006863923587703269
2021-06-18,-0.0021692194153136724,-0.005025144893802347,0.003058057241222656,0.0033556534367220614,-0.0017361507785524921,-0.004484350447163443,-0.0033727583025948693,0.0002864848451593627,-0.005833307902018192,0.0009361318969312027,0.005295390776279163,0.019935595680804052,0.023902617626669898,-0.009882886558553738,-0.0032573413350023284,-0.019270165031409103,-0.02283855476494112,-0.003537711942126043,0.0017730902692498773,0.009242984734696202,0.018805946362324466,0.005657598827853105,-0.0008122498790478216,0.0052379298970306465,-0.0004573101059689444
2021-06-21,-0.02391306559244788,-0.02146460875943146,-0.019817003850634562,-0.012263082625920352,-0.015652200450067988,-0.028528552093243564,-0.0214325533320725,-0.010312248980953509,-0.010058665757704977,-0.011222808910426374,-0.014416425344142336,-0.007897364537581164,-0.00445668695316026,-0.009611768165116441,-0.0026143765591094548,-0.0071070265782492426,0.020033450247334494,-0.037080843773113936,0.017699097866309854,-0.039249890450147595,-0.016743309633852954,-0.0032023779093834914,0.00023222207553907914,-0.005806154537439712,0.00194439172311478
2021-06-22,0.0011136537392133494,-0.0019355035597278247,-0.002332838549916727,0.0011286509688857027,-0.003827952206200358,-0.0023182983548571956,-0.006340092676254128,-0.0034731963685847855,0.008043972055809201,0.002364589074397072,0.018846750999198525,0.008955239063471732,0.008100641000880371,0.010078333004406526,0.007536026827870579,0.006736835680509978,0.020458264692066574,0.0057353292153983215,-0.001739170240319332,0.01134816144061812,0.0024426416352516522,0.0018233835878385118,0.0005805532724061369,0.0016472089302532744,0.0006849907423915891
2021-06-23,0.016314400064271428,0.018746019473055986,0.018706109426327888,0.010710311277587259,0.01330171220473031,0.02246315847699565,0.021461765901717333,0.0005809020501421625,0.008819865457018183,0.007548943133562913,0.006626114182247678,0.012820467483242615,0.01712830498863016,0.00628233849405313,0.010081283445280809,-0.0008364892468134544,0.0024057523920437696,0.03421586108547614,-0.017421586867605088,0.026929981677810577,-0.002575850172373162,-0.0019933760878317885,-0.0006961888881560352,-0.001569677507805567,-0.001026739259926135
2021-06-24,-0.0025538569552854273,-0.0019035725897165179,-0.002295356226187373,0.0033462957864722753,0.0014586655057879927,-0.0037878787878787845,-0.0005678721485085081,0.006095764290913186,0.0004163292544236974,-0.00046828513679231243,0.0005485589211708941,0.0009737692939371101,0.016008326033065234,-0.0003672504241626351,0.0,-0.002930083575244824,0.0,0.006301717770690329,-0.0035460959929022318,0.008741258624666903,0.0016053306392151967,-0.00017372359701139928,0.00011605325728281102,0.0019465036503654165,0.0030832093640211777
2021-06-25,0.0018288222793059195,0.0031786394806074814,0.004601274015334056,0.006114542194751715,0.0017476712902320113,0.008365065425974372,0.0005681948105162871,0.0023081890192409027,0.003745324594930599,0.0018740181220018304,0.0016447745077832199,0.00194549554771406,0.009003528770678448,0.018736232246399087,0.013844182632626323,0.0,0.0008000183105467684,0.007044962007705546,-0.0017793153466733047,0.005199293467830213,-0.010383313541213024,-0.0020845815121601774,-0.0001160397904870214,-0.0026153037340421736,0.0010246353715559486
2021-06-28,0.0018254837938731505,0.003802223277079131,-0.0007634053703482468,0.006629817393603243,0.006106399773181392,-0.0022624663495385278,-0.0005678721485085081,0.010362601561917595,0.004145873575528203,0.0016366540583356848,0.003831400824868325,0.0,0.00304193281290166,-0.0036062164846923928,0.004445836477167564,0.0041981688812302576,0.010391695608509055,0.012825567303182961,-0.007130117807674474,0.014655146105536199,0.010281013804256611,0.0031334373075468935,0.00034833695239355755,0.004270357675035141,-0.00011375112243550145
2021-06-29,0.0029155186892921847,0.0012627033758723094,0.008403408363681919,0.0038419152577759963,0.0,0.004535078086822297,0.005681839733084004,-0.008546987182399324,-0.004954539029181526,-0.00793651147004848,-0.001908388610736722,0.008737878892028261,0.02102711149976222,-0.006876533929786488,-0.010433130966230997,-0.004598687709059801,-0.01740508394408602,-0.0015348959597701883,0.0017952875649005495,-0.000849604729939557,0.001672861860472441,0.0005205861917028098,-0.00011610140514584089,0.001193611775208936,0.0012511443658151933
2021-06-30,0.0098109795410255,0.0075661847544883365,0.004545500784209233,0.012575194797762146,0.007225433844657125,0.005267210227086094,0.005084754164323746,0.005747148486326958,0.003734446106361533,0.006588206571691124,0.003004660161640693,0.0067372178822138196,0.007920822294631868,0.00036443982096234784,0.004792381135309887,-0.008819785349976073,0.009661826475196644,0.022674840967301657,-0.014336904085998858,0.025935400436497336,0.004453408668491088,0.0015610121323983428,0.00023222977249459653,0.0011176059085085122,0.00011362190581820641
2021-07-01,-0.004677897882405135,-0.003754731489718943,0.0,-0.0032396914395967924,-0.0040171993049697985,-0.008982126887789654,-0.007307535774310647,0.0,-0.0024804205029486104,-0.005376333539019007,0.0013616349509366632,-0.004780114792484524,-0.01375247037239391,-0.0014572282118603397,-0.0012718891751023476,0.007627131451960256,0.0007974664204351001,-0.010522428584453514,0.00545458360151807,-0.013261487392338789,5.5365882173598205e-05,-0.0007186426032559255,-0.0001973817080846745,-0.0008707585342068568,0.0019536262111469077
2021-07-02,0.0,-0.0012562622617838803,-0.00829567159036848,0.001083407051081231,-0.0002880530624294053,-0.000755217895287319,0.0022650575239504533,0.005714307512555861,-0.001657646480309305,0.00023506783571813905,0.0062550867384545406,0.0019212735885527632,-0.0009960007231206713,-0.020065641741055074,-0.020057279969025732,0.001682044029593932,0.022310735355837163,0.0026586108601784897,-0.0018083595845256317,-0.0020999579470091234,0.006034508762135182,0.003641707814767692,0.0004644249019265523,0.0028359549850367483,0.0015923497789367413
2021-07-05,0.0093998772456374,0.010062931468651781,0.013688236135040333,0.01406921429540442,0.009798275075285412,0.0173847543363852,0.015819139391402892,0.013920393555372446,0.008717272027501277,0.011043171777264327,0.004864873112858881,0.010546485541090833,0.013958064345839905,-0.011169066924501925,-0.008771944500989504,0.005457643567622794,0.0,0.029545408306699716,-0.014492739851898917,0.03577440985543068,0.0,0.0,0.0,0.0,0.0
2021-07-06,0.0010744547988998931,0.0012453109628980386,0.0022505854830425776,0.004268959860264099,0.001712259047549347,0.0022287353593286596,-0.003337011538929069,0.006164226090456637,0.0024691923940272087,0.003253529947014444,0.0029585962734983706,0.0009487521126509968,-0.0029498075847136374,0.006024090761646228,0.0016387819300380801,0.009185774795252621,0.020265021857204468,-0.0018395880149224553,0.0036764670434088487,-0.002031694382769289,0.011720989283814154,0.005269983674743628,0.00034813484895357405,0.003646688330506409,-0.0005677427180260652
2021-07-07,-0.00536672629695889,-0.004975143262281545,-0.005239612088706602,-0.010095610665747823,-0.0028489595005202206,-0.008895455912051431,0.0005580484843337175,-0.008354197670155883,-0.002052592083595095,-0.003937877603793827,-0.001072698164260144,0.006635042163433136,0.0,0.00411678941535687,0.012434590142540003,-0.0028961396194977507,-0.038961055992119964,-0.013269354028444202,0.005494456549742566,-0.015472324744797428,0.008859123240453348,0.0029219348238846976,0.00011603406710647413,0.0034109944519151725,0.0003408564773177414
2021-07-08,-0.0010790927804631423,-0.001875019073486306,0.0,0.005904405940460267,0.0011428833007811612,0.003739715866961202,0.002230842582148007,0.0053355412370803545,0.007404373061708824,0.0051163074582121215,0.002953036519504959,0.0037664928189578006,-0.002958609933366163,-0.010436104638155808,-0.005171294267948934,0.0,-0.018282952593895563,0.00485613647250549,-0.00364298392719975,0.004962766472692337,0.003917872584157989,0.002570720305081542,0.0004639939212636168,0.0005172336804710742,-0.002158137658228254
2021-07-09,-0.007922261830478727,-0.01127115269977863,-0.01429641823734229,-0.00960505790604782,-0.00684936279098225,0.0007452019805498367,-0.010016605715359228,-0.0100558831850166,-0.0032666363598908843,-0.004627504796174131,-0.005085718369972514,-0.006566575593452084,-0.012067272394820194,-0.01054609368523185,-0.008447050782381615,0.001659709856663083,0.012955452831578729,-0.022304832713754608,0.010968998522502105,-0.01893006626961158,-0.014062686089059917,-0.005042703742654919,-0.0003478119338767849,-0.004210001240854355,0.001707473289519701
2021-07-12,0.00907441016333932,0.011399639780466764,0.016793869833909847,0.008620640043698113,0.007758634013880439,0.0014891805189691798,0.012928585182678809,-0.004796788248665362,0.004096697341041899,0.0030218750983712628,0.008071107520485565,0.006609980530275283,0.004205104223963918,0.011039170275042975,0.01605503813134823,-0.00041425969903396975,0.014388437106971352,0.024334577553172476,-0.010849985052492128,0.025587274579228048,-0.001296679471706197,-0.0005154641877896937,-0.00023201429108932192,-0.0005192650972818402,-0.0003408952192827108
2021-07-13,0.008273337384779644,0.0062617408835898836,0.009008986304320121,-0.001068359783667483,0.0037069024592668587,0.023048372516844884,0.00721415968169925,-0.011908193314188797,0.0032639707449608757,0.0006952208165944551,0.004536913888633309,0.003752359583532483,0.006979032172919952,-0.00037651464920618327,0.0003224839989688366,0.004144234767828658,-0.0007879649754265472,0.0011136537392133494,0.0,0.0,-0.007653376692736136,-0.0030941178777207368,-0.0008120614536245574,-0.0037105751391465214,-0.0029555772720539775
2021-07-14,0.0024973679540374327,0.0037337032663968817,0.0,-0.0010695023970170858,0.0011363896210325741,-0.0036337207690517737,0.003305755768783891,-0.010616899514630407,0.003253351899537682,0.0002315498254410464,-0.0037194312411954478,-0.0009345651787018294,0.0009900839021890206,-0.007909570263923915,-0.005802717682769409,0.0016508838746618348,0.012618284192532636,0.0,-0.003656303783114545,-0.006543992243417729,0.011362029215085556,0.0043107165204645526,0.0006966816428859435,0.004618213163407825,0.0015961622518501084
2021-07-15,0.00925269075984203,0.007439534566265005,0.005952403929229133,0.010706637940717023,0.009364301947779596,0.005105739730701941,0.007688155081591708,0.014501160285327774,0.003648161828518681,0.002778484612125487,0.0007999674479166607,0.0037418290006485666,0.004945598492051229,0.012148811426365036,0.003566816141611806,0.009064660453441231,-0.03193145191119595,0.022246940038676,-0.007339442798700024,0.021408037619166542,0.011030233743004825,0.004206416878272279,0.00011595900397765035,0.0021502821637229275,-0.0006829545775282053
2021-07-16,-0.013399218013979364,-0.009673827373798042,-0.011094674806643945,-0.0031779983782688204,-0.0036547953115150245,-0.01814223472158416,-0.007629498315348648,0.004002269624943766,0.012116285714351749,0.008773891511633769,-0.0010657368007200851,-0.008387712024992,-0.00885828286806667,-0.005251289964355643,0.0016154841947666476,-0.0024499577992296295,-0.008045082784759572,-0.016322088504736154,0.00554532544445463,-0.017734820826395326,-0.0018856405747104121,-0.00017100591457408498,-0.0001159455590461489,-0.0014057593685868897,-0.0013669295515499336
2021-07-19,-0.011436675586350864,-0.008109813019392509,-0.009723284079513284,-0.006907561492231706,-0.00677194901437328,-0.012564648262364586,-0.012081236925601035,0.0005694891335976671,0.0015962057613652103,-0.0038910087958068384,-0.009602576533314422,-0.0075188255665883386,-0.008540224790608342,-0.006033176645940386,-0.004193521315051685,-0.007368002575818489,-0.009732350876042295,-0.014749261872991526,0.007352934086817919,-0.006155108817332389,0.021928343922650306,0.008549931667473532,0.0004641015708815033,0.007186791227163036,-0.006729740506594584
2021-07-20,-0.007953767745789264,-0.009433962264150941,-0.007552870438814696,-0.014446212072845688,-0.01250006908720036,-0.004491063443894827,-0.008337944437947553,-0.01650535078063431,-0.011952236647400971,-0.006204054570856599,-0.007002481248344017,-0.002840865783125923,-0.014022375278804566,-0.0011381140345545493,-0.004535189283802699,0.0032989659260229676,-0.057330041529743636,-0.02994011839266486,0.014598526172921567,-0.030966144073084956,-0.009639552681556252,-0.0012716304428884717,0.00046379780326888387,-0.0013976933793873325,0.00505276530500498
2021-07-21,-0.0010932944849596604,-0.0012698218936011418,-0.0031962542806479657,-0.003257279341297492,-0.005466013690549665,-0.007518796992481258,-0.003363198734820605,-0.012442137965541278,0.002016175239814455,0.0025433667133309967,0.008950416073088219,0.008546950336193238,0.004063326763146469,0.001139410813993047,0.010738689509333987,-0.005343163221301017,0.0008688295988685812,-0.006558688761454934,0.00539572124408183,-0.005965035852953604,-0.01266662597656254,-0.005772008482026969,-0.00034773131406262703,-0.003535880129201252,0.002399528358343783
2021-07-22,0.006949502336871971,0.006357278961214963,0.0061254805174715266,0.005446622912616883,0.006653154303347009,0.01287876475941041,0.011248529126381746,0.0023439207106312754,0.008048243562199575,0.008302596985333421,0.007258076672747249,0.008474590882686428,0.006677495817109413,0.0030348984011268065,0.0016098243808408963,-0.004545479623290771,0.04600691943670965,0.01825247459041268,-0.008944577704835255,0.013287573099769023,0.009453030646776828,0.0023051675812539862,0.00011598024673276086,0.004139850232175668,0.0005698782679839365
2021-07-23,0.0,-0.0012634045760365753,-0.0015220468609743465,0.002166814102162462,0.000287417714073257,-0.003739715866961202,-0.0027808252688269475,0.007600179572892163,0.005588874301837965,0.000914846745501352,0.005337521796815015,0.008403375711498073,0.009045241466119736,-0.010968264359669355,-0.010928966439002874,0.0020755183372289654,0.025726096351495364,0.0007627066366999724,0.0,0.004653156226380073,-0.006688963210702337,-0.0015332223410244872,0.00011596679687508882,-0.0004417106514389424,0.001936638998739637
2021-07-26,-0.008717740657108952,-0.0069576600951893885,-0.0030487340380210837,-0.007027043523015197,-0.005170936457184139,0.003753753839756291,-0.005019528781709526,0.0008702865748335675,-0.008336680721279133,-0.0027422060440462914,0.0071675198005785035,0.010185171056676712,0.0009960007231206713,-0.05162525434658505,-0.04127398241371283,0.0020712984951698488,-0.004045245829237154,-0.0205792455110142,0.0072202097704794355,-0.01726318359375001,-0.0029629794034090606,-0.0006824930064969204,-0.00023190670027284366,-0.002209641616831459,-0.0014780813863413123
2021-07-27,-0.0003664569650139171,-0.0019108474634255135,-0.00611623113985138,-0.00870980332774507,-0.0020213598805998156,0.002991841169811549,0.00448430061781413,-0.012463776961616824,-0.006405118108252172,-0.0009166112760494727,0.0005271602131686759,-0.0018331526218089422,-0.005373143438083039,-0.012096743802001209,-0.003389843439651763,-0.004960762157257825,0.010560451367608525,-0.004669248825845074,0.00358422602149977,-0.008140505339203408,0.01067136199586538,0.004268396812405761,0.00023196049346552172,0.004281404191543325,-0.0013664626167051441
2021-07-28,-0.01576241930125033,0.0031908105279998544,-0.01461533766526446,-0.00604067032754696,-0.007233796008851101,-0.011931439453332526,-0.016183086735082175,-0.005283249392078138,-0.006849318226599177,-0.0036697213993499567,-0.005268724124423474,-0.011019325627388055,-0.014005617634067935,-0.022040853694993645,-0.029931944632133778,0.0037391006950133754,-0.0032154311255848667,-0.028537931839980324,0.012500030866691603,-0.029373663290530483,6.679034266698913e-05,0.0008500380367215676,0.00011586490364501323,0.0017639855126185822,0.0007981721466367997
2021-07-29,0.016759776536312776,0.001272245242524006,0.017954626724296707,0.016574585635359185,0.0122412752006551,0.0007547630454010079,0.016449286972894717,0.006196491243868341,0.00851931014487417,0.006445732109714664,-0.0010592453021183168,0.0009285618045438149,0.007305207371531175,0.013773031872465591,0.018934046266177784,0.00620859352142511,0.009677487332666601,0.044668032609720854,-0.019400376020153987,0.04405878633613791,-0.00554618513943772,-0.003057589747607281,0.0,-0.0028615408970610323,0.002164776673957647
2021-07-30,-0.0032966809395031937,-0.005082514764866319,-0.003834356007692108,-0.00652172254479455,-0.006334616285714967,0.009803829058302682,-0.005022329922138247,-0.005865013407374997,-0.0036202795807822596,0.00182978074391138,-0.0037115425534927082,-0.012059397170273267,-0.00866237531150027,-0.02264310924984747,-0.0089470142346888,0.004936274860948275,0.004792289436792885,-0.01926040016349706,0.008992840152776571,-0.017902864866840673,0.004703648123851822,0.002811397501929047,0.0002318798335381178,0.0008094232177475735,-0.0013642877197711512
2021-08-02,0.013597874334650095,0.015325630925569156,0.014626707040398479,0.006017455286448259,0.015068110201535534,0.0007468716062297709,0.011217092753519342,0.002949807363423096,0.009689130669472412,0.008447464345426203,0.006652474396459773,0.01314555423360475,0.005893129870405689,0.029907371468683275,0.02187503766682508,-0.008596029029798946,0.0031796472254066455,0.03417117628000321,-0.01782529451918624,0.030381945249291054,0.008908466147828347,0.004383675519663704,0.0003708036009610766,0.00288956084954248,-0.0024704008315901273
2021-08-03,0.003988419696165257,0.001257842441774848,0.0,0.008156607122262072,0.0034257136957982492,0.00746268656716409,0.004437044961695946,0.004411809584673687,0.0019991697962005173,0.004527977614453782,-0.0026434650800430948,-0.0009267699046057176,0.0012121489553740261,0.00613495353168414,0.00781513896878483,-0.0008257040042115582,-0.026941375251274713,0.00493740361115802,-0.0018149234966302608,0.007160961460565662,0.0005309738635888017,0.00025390418035931006,0.0,0.0010281976048991393,0.0011450206973759869
2021-08-04,0.005778281469062785,0.005025144893802347,0.008345909099065851,0.004315011208708475,0.006258816399876688,0.0044444896556712354,0.008282695387902717,0.005856425748345329,0.0015962057613652103,0.004507567449944849,-0.0002649965983172464,-0.0018553299812124058,-0.0038337860399787482,-0.003252029368516429,0.00404588131661332,0.0016528515255240794,-0.01221495291465946,0.01095991621160386,-0.0036363601684570312,0.011710529993698593,0.002056368547885601,-0.00025383972939085897,-0.0003475701557806854,0.00022009375366982553,-0.001829867996819834
2021-08-05,-0.0017953321364452268,-0.0006250381469726785,0.0030098508174876137,0.0005370897161907084,-0.0016962838678421521,0.0036873154682479647,0.008762313549100398,-0.0043667457887850425,0.00039841548724517395,-0.0006730711129073752,-0.0037115425534927082,0.0027881324908194394,0.004253654116129546,-0.0032626395682111564,-0.002014821084874052,-0.0016501241153628055,-0.027205269628413742,-0.005607476635513975,0.0018247722645754472,-0.004133939748786952,-0.005097340691815333,-0.003639443924015495,-0.0004636174790598746,-0.004107661931140538,0.0022915281901236817
2021-08-06,-0.001438826965771134,-0.0018760963378332551,-0.0022505854830425776,-0.002683843219589699,-0.003115281961862726,-0.000734798670321557,-0.005428902337433983,0.001461965963308609,-0.00039825681556193704,0.0008980896880359523,0.006386318575727357,0.00556069013564553,0.006857529756638003,-0.007364987775877796,-0.008411844070523422,-0.006611563734210235,0.011016958672847466,-0.008270722582824241,0.005464519318593597,-0.008302200293369033,-0.01670100884266612,-0.005861386631423993,-0.00034785227319067413,-0.008175595311347483,-0.0011431881536124733
2021-08-09,-0.0028819102772229543,-0.0018797182975245352,-0.010526269898378793,-0.005382131235603049,-0.003409060491018745,-0.008823506972369,-0.007096024177518312,-0.0043796065950045815,-0.0019920774362256477,-0.006056537610449109,-0.001850864499975069,-0.0073733000162010676,-0.012019200643607952,0.018961215174475576,0.01153716187681808,-0.03036611571480663,-0.02849959294974891,-0.007202403276741265,0.0018116356732591488,-0.007953093114383414,-0.0035864040037543177,-0.002136204414318277,-0.00034797331649982777,-0.00430715739849552,-0.0022888184313185622
2021-08-10,-0.005419075383492844,-0.006905248477353965,-0.002279658342278723,-0.0075758069921748605,-0.006271414173883216,-0.007418397458166526,-0.006047312101261637,-0.009090837902207216,-0.001995977588157949,-0.00541642227552408,-0.0005298134506932506,0.007428069400431614,0.005068937582054289,-0.0024271629291660046,-0.002683660689006495,-0.004718949185891108,-0.003451247741709129,-0.01336387965470276,0.007233265883440865,-0.01603376815087687,-0.004617946864388767,-0.0018838946994588213,-0.0003480944440780176,-0.002237492897231852,-0.0022940691390467283
2021-08-11,-0.003269138889904988,-0.0012642032370431266,-0.0068546011755891145,-0.007088265192105148,-0.0025817599257633717,-0.008221271139210007,-0.00608410458051678,-0.008878343561177338,0.0019999694824219816,-0.00045383385301045465,0.0015902829053535683,-0.0073733000162010676,-0.005446852116722245,0.013381992122789343,0.008072646310579579,-0.001724177336719812,0.018181821184334757,-0.011222886861391057,0.0035906607379059263,-0.020154361105267693,-0.0006141201622551495,0.0011153473364406974,0.0004643170611591252,0.0015697915666275097,0.0016095583380690837
2021-08-12,-0.0018221574749328617,-0.0031645569620253333,-0.002300519992408101,0.0,-0.003163664334292493,-0.005275033642353488,0.0,0.0005970929251777335,-0.0031936098260513246,-0.004313249262196006,0.0015876569764543547,-0.0037139638608959524,-0.006693671834975379,-0.008003155559127562,-0.0070069766194182925,0.010362684486156404,0.01700678617113871,-0.00195694716242667,0.0,0.00568929125495754,-0.0016383823141379317,-0.0010283892713284226,0.0,0.0014179205524913474,0.001721692972401323
2021-08-13,-0.009492538011878326,-0.008253987630208348,-0.004611883746094669,-0.01043387749363045,-0.0092325359559432,-0.009090885971531737,-0.011129597286194115,-0.007161977791425689,-0.004805724276515599,-0.008435908042314089,0.0044914660633028625,0.0046598321135071785,0.0018378629843660566,-0.005244092913034404,-0.004368315427265013,0.0017094408623694601,-0.014214053156498485,-0.02352941176470591,0.0125223064245914,-0.020887741462199627,0.015795934572101267,0.0057476037633983346,0.00011595900397765035,0.00670747655686732,0.0021771794283820256
2021-08-16,-0.0022114840137602565,-0.003841170655882742,0.0046332517645995,-0.007214223494860561,-0.003785703772206772,-0.001529028620611328,-0.01069220760625289,-0.012323409731617052,-0.008450744007951094,-0.007817892376772106,0.0007890262739529419,0.005565848396432926,-0.002853713828510518,0.0052717383990121824,0.0033749707830614817,0.011092159682507763,-0.010178107374668843,-0.013654593961784589,0.007067131259962167,-0.017333306206597232,0.0024234305146808577,0.0022176914105080936,0.00023206813421294825,0.0005922551818939858,0.0003429999955510965
2021-08-17,-0.007388252345073454,-0.0077121604110537145,-0.013066964852243124,-0.010620424602047485,-0.009938619166529272,-0.009188454448310734,-0.005119406209168436,-0.010042660527240788,0.0008117069098660477,-0.0037079916976631155,0.0013140404221572144,-0.0018450606533337854,-0.008994248634054514,-0.017345715582706922,-0.010090791849301839,0.007172998768834704,-0.004284506461695092,-0.02280132721639805,0.010526389758675148,-0.021709646853245834,-0.0004029115379641235,-0.0005106175199468543,-0.00023201429108932192,-0.0017757138699407982,-0.0022859407146585964
2021-08-18,0.004093693844308355,0.0064766841938506126,-0.0031152174104217556,0.010169508766993296,0.008857373679398872,-0.003863987817495418,0.00412977531996761,0.016600090248728216,0.003687019793137347,0.0020935135862758525,-0.0026246319718100652,-0.007393673243317744,-0.01629539857646012,0.009852207106110678,-0.0010193913127561904,0.0004188655710799516,-0.0060240701818948805,0.022916666666666696,-0.010416739102864003,0.022653693145403553,0.0033590861907810687,-0.0005109433475890546,0.0,-0.0006670348288764227,-0.0022912656150647637
2021-08-19,-0.022979918346811345,-0.022522523407120798,-0.01015627384185791,-0.02348991541698353,-0.02253428985449002,-0.02249801422654274,-0.02291429415439128,-0.022679165616000363,-0.013469384641063509,-0.011374226036210966,-0.011315797504625857,-0.0074488178807431416,-0.0046130721816093345,-0.020731716299728253,-0.009183689158740571,-0.006281391281483528,-0.03722946303678132,-0.05498981670061098,0.026315807085398824,-0.05198915080767763,0.00736518781234019,0.0022150463649197594,0.0,0.002299173436059121,-0.00011476067580895588
2021-08-20,-0.007966639054973856,-0.009874918105804542,-0.011838990024701901,-0.0017182304769218781,-0.0035928964401109598,0.007936507936507908,-0.0036079055303822605,-0.0018564781515336692,-0.0024823941147286144,-0.0016435711334451542,0.003460236070567335,0.0056285035901455505,-0.003581250879943876,-0.03113325011413215,-0.024373467385090386,0.0058997597849881345,-0.006294936649695826,-0.004310344827586188,0.0034188002141120055,-0.0023843586422340746,0.000664713230602576,-0.0009350612965172145,0.0,0.0006659489292371035,0.002411564998357152
2021-08-23,0.02753350748386718,0.02460114599191976,0.019169341728267453,0.02065399186285477,0.0252403901261693,0.019685039370078705,0.027761074248237483,0.019218933008070982,0.010369141172591467,0.01317030496853544,0.012732083090783108,0.015858252108509996,0.016279079707899102,0.015852567672058893,0.01829699001997609,0.0,-0.005429902134029607,0.05670998313210229,-0.02896083127908844,0.056883409793823336,-0.0006642716804279303,0.00025524359404793806,0.0,0.000739526042115024,0.0030930993267794804
2021-08-24,0.002977252536752184,0.004542484883303333,0.005485929357426089,0.0033727157060206014,0.002930899529569153,0.005405381839707957,0.0017615254308473993,-0.0024331456343007485,0.009852207106110678,0.004874630351600295,0.0065479308015119475,0.010100995947733615,0.02121906520156469,0.015183493220264355,0.015549372746598511,0.008378669818146722,0.039126507200284655,0.009832010800796986,-0.0035087687010102453,0.006331948701208567,-0.007776657977253465,-0.002722011751188802,-0.0001159455590461489,-0.002290678743806951,0.001370520213887838
2021-08-25,0.0096475180093345,0.012273862138420633,0.009353054713163944,0.011764740075717706,0.007305668938689225,0.009984662689927593,0.00820640688040819,0.006097584377790843,0.0036585427313928776,0.004850983599710146,-0.0010408773148502526,0.003636377507989952,0.009370525219857928,0.000830928874833825,0.0010207787434004523,-0.0045700295698473115,0.019264471590109133,0.021095322305242137,-0.010563370526912585,0.02337077280108857,-0.008306574914951237,-0.003923567833967079,-0.00011604752230132132,-0.0025922536841973542,0.0010264180836836445
2021-08-26,0.00698270435084658,0.005105316319961695,0.008494255625603353,0.001661061920434248,0.002610970391664358,0.009125452077887397,0.001162706367904942,-0.0003029794404001418,0.0008099858235099955,-0.0034483109397449585,0.0018233835878385118,-0.0027174189095231505,-0.0016144907687019039,-0.018264862236223367,-0.010876944051474324,-0.004173559179553532,0.006872845476499245,0.0039729837589375094,-0.0017793153466733047,0.0026350729536988027,0.002769546613778262,0.0,0.0,-0.00029697250075433335,-0.0005696185971909573
2021-08-27,0.008394116032732768,0.00952380952380949,0.005359853870813502,0.006080741518128985,0.01128470411317295,-0.0015071360425139568,0.005807223313428089,0.0036374333367521494,0.014973729378480627,0.010380640802285068,-0.0026000643916153088,-0.000908251367002455,-0.0012128840066797375,0.0016913706626870972,-0.00515462599876082,0.007544019303071137,0.007679193731853662,0.024139259669148094,-0.014260235615348948,0.02058693335705586,0.006803703512214598,0.0032540236922820043,0.0006961888881560352,0.005570823537092151,0.002735953721269224
2021-08-30,0.009772031582767848,0.008176119822376204,0.007616146052988215,0.009890126658010034,0.00886974397215079,0.012075517762382137,0.0086604862109263,0.005436433157887111,0.014752824575715584,0.009817358736662785,0.002606842349583083,0.006363608620383543,0.006476415620571663,-0.010552975701312861,0.0,0.00873540251560545,0.003386956852819978,0.018547212275708214,-0.009041625467966496,0.022317583468850488,0.0026093896168162267,0.001963090818965618,0.00023196049346552172,0.0016988899338432617,0.0012505753921838725
2021-08-31,0.006093233716957913,0.00810981301939262,0.009826175523587999,0.004896593479549294,0.0068066276202920495,0.005219962090843078,0.004579274576439252,0.0027035190781838914,0.0055009581709839495,-0.00045219213137392966,0.003900195773521631,0.00903342391660189,0.011461888197688674,-0.014078494717889356,-0.011744391835151302,-0.0008247611448937153,0.005907147052389927,0.009863452364620162,-0.0036496315432303916,0.005037770628111948,-0.006806835041143211,-0.0018741053057925727,-0.00011595335013636632,-0.0022859490981381736,0.00022705396997491079
2021-09-01,0.004631235256270516,0.0012376048309927778,0.002993966154271277,0.0027070926272949603,-0.00028164286009024764,0.005934740605685551,0.011965869000029716,0.0002995302939865496,-0.0046893645376263615,0.0,-0.0018129938802811107,-0.001790483023333067,0.0009940206325829148,0.028991780986532545,0.02097163443974215,-0.001650805156186097,-0.0025167561056357313,0.004507819813771796,-0.003663000144099149,0.007936546381429599,0.0016730333637729625,0.00042674081662977226,-8.112049932064766e-05,0.00128604905751327,0.0008514366542838226
2021-09-02,-0.0078014617270611986,-0.008652714022666541,-0.003731343283582045,-0.008639259563128943,-0.009580167272693618,0.004424711045134755,-0.005067576093919723,-0.006888276323468001,-0.009422841679949556,-0.004297639236453099,-0.0031137193495416327,0.0,0.005958352747756468,-0.0016821242376922063,-0.00445050204865316,-0.0008268068343162405,-0.008410460772264372,-0.01982044844406572,0.012867678478875488,-0.01947781553585004,0.004365598086835343,0.0011951458970282935,0.0,0.001774550610966541,0.0012515714087548702
2021-09-03,0.014295926284884963,0.012468828404636367,0.014232164018609605,0.010893245825233766,0.013655747408230834,0.005139478442926837,0.013582329942383398,0.002412600465103276,0.010701564116625484,0.006815066650178503,0.0046850680310879245,0.000896847301534498,-0.0009872270533350935,0.00252735747771049,-0.002063255367943495,-0.0008274910095382726,0.020356214749337687,0.02937802941680223,-0.012704204855465528,0.027049846709151337,-0.009094561130207568,-0.0023874384567805773,0.0,-0.003616698035335153,0.00011366063898265999
2021-09-06,0.004580755343426057,0.004926127351136067,0.0036927623525762066,-0.0016163956998497264,-0.00028072231071074594,0.01241791294977479,-0.00111672015265607,-0.00511437951438809,-0.0011764975155100776,-0.003835698784202979,-0.004404097815166597,-0.0017920873743431098,0.0019763298781423355,0.013865543457337148,0.014128181976042153,0.009109781539471173,-0.019118831865470254,-0.0055596740840144765,-0.0018382773486487203,-0.007407419966081519,0.0,0.0,0.0,0.0,0.0
2021-09-07,-0.004559867705070664,-0.004289197066983941,-0.0036791760298447995,-0.003238025329918792,-0.004211053219526417,-0.017316082608834438,-0.007825567044426163,0.0027215044880080086,0.0003926277640924347,-0.004530028449086676,0.0013010470118006712,0.0017953047172600822,0.000986178230929946,0.006216391674094934,0.008834530281540909,-0.004924121259783032,0.008474527642289953,-0.006708862746418354,0.005524900691852963,-0.010779398331768997,-0.00843568674439743,-0.0039316161066038635,-0.0003479810683434392,-0.004741087218348539,-0.0026133774724556025
2021-09-08,-0.008809020815828017,-0.007384596604567362,-0.018463811762881588,-0.016242555763770095,-0.009867557845305908,0.0007342592199441889,-0.012394327512929126,-0.010856472014720397,-0.003139714487570666,-0.00887370609507021,0.0,0.0008960436871716659,0.012807911839978425,-0.0028830972072976246,0.00033682144499680433,-0.011546420067856,-0.005882327484718397,-0.021388413534826456,0.00915754402665403,-0.02053650054454559,0.006805962361998041,0.0027458356985612387,0.00023206813421294825,0.003200540798263596,0.0011391942983789427
2021-09-09,-0.002488381513789162,-0.0006200006300280947,0.00827694623050479,0.0066042761056512855,0.0002847988762717524,-0.010271526954711896,0.0005704636902525984,0.004268274173929054,-0.0031496033428162207,-0.0011479120794627429,-0.0054573567300113535,-0.006266758884215018,-0.014591439255549288,-0.007021816413629756,-0.0070707402837286715,-0.0050062134051839235,0.010989020733669808,0.001917178003846054,0.0,0.0042789902141995295,0.012100376080224962,0.0028239074904254924,0.00023192580356412584,0.006529194916031322,0.0009103531355831862
2021-09-10,0.011760469426901343,0.009925596363561606,0.010447715645405697,0.010934937489018859,0.011101604833209322,0.011119348168028953,0.010832304264065673,0.00850038268572062,0.0071090168777756535,0.010802142928847625,-0.00026135709722574507,-0.0009008871542440788,0.003948606953940503,0.01913473656215814,0.015259435959039003,0.00503140167569982,-0.010869574751360966,0.026023798806812826,-0.0145191283520959,0.028547068748874915,-0.008816506234680777,-0.003157289349550396,-0.00034785227319067413,-0.0028748295674516644,-0.0014779133102664765
2021-09-13,-0.003522367106371327,-0.0042997354737127624,-0.005169844754774111,-0.0005407833857611344,-0.0019707121036627306,-0.0007330707419418436,-0.0056401795855384185,0.005719404567347652,0.010588253245634283,0.0045475389954785506,-0.007841067700510185,-0.007213733460329386,-0.011799380376116386,-0.004081648223254186,-0.008016024276457756,-0.0041718179802108235,0.020287385686049708,-0.006340962955349028,0.005524900691852963,-0.007870728850552955,0.00606475196960754,0.0011984197056511547,0.00023204120952757812,0.0024395787730588925,0.0025048527395719056
2021-09-14,0.0010605101343927892,0.0018506340633768215,0.0014847583724819646,0.0,0.001410415683624322,-0.00880408599687632,0.00397059588798121,-0.0014965350879646566,0.0034924389208064177,0.002716136963690996,0.0023709208313629215,0.000908251367002455,-0.0039801146853623015,-0.001639303639510481,0.001683475952059199,0.0,0.014084513719320402,0.004504550429898169,-0.003663000144099149,0.0050104256711573925,0.012123225194886844,0.0037619908075450237,0.00011590521218662886,0.003023513162730529,-0.00045429771880678427
2021-09-15,-0.0060028677039337675,-0.007389144047672103,-0.005930228533461812,-0.002705627660947396,-0.0036620019187389996,0.0,-0.00621472348079688,-0.0008992439672668162,0.0,-0.0011286509688858137,-0.00604466614580923,-0.003629708780048757,-0.005394614622965754,-0.0209359694623783,-0.020840364343979734,0.0067029678167891404,-0.0008170121788264595,-0.010089731485233289,0.0036764670434088487,-0.011632750674109515,-0.0035073706383174086,-0.0017036164824293376,0.0,-0.0011762988734792534,0.0014770736309805965
2021-09-16,-0.004618073864897876,-0.001240675881069686,-0.004474318241659558,-0.0032555946477500486,-0.00310999755932706,-0.0059215619216540505,-0.003979516442125797,-0.0015002414944731424,0.0019334584640549046,0.0,0.008196757688854195,0.008196665496084998,0.00421862001445561,-0.002096484008781374,-0.004119427921109753,-0.005826104577469904,0.02452986115811462,-0.010947504580228973,0.003663000144099149,-0.0063051704013606935,-0.004582298001167606,-0.0031569550070116303,-0.00034785227319067413,-0.0013986193071016118,-0.000340353749768707
2021-09-17,0.002855059807697957,0.0006211559224573726,0.0,0.006532373261717073,0.0017016839519918836,0.0029783610379385816,0.0068492539240538886,0.004206712583641359,-0.005017335450875571,0.0009039754921433829,0.000262216660192216,0.0,0.002200375914403585,0.0033613414399393804,-0.0020682339010341666,-0.01799917606369217,-0.0039904382921328585,0.010305390103172662,-0.0036496315432303916,0.010152323253969087,-0.004803530746780749,-0.002910245330448813,-0.0002319527117360387,-0.0022114333160792032,-0.001248446369192746
2021-09-20,0.0,0.0,0.0,0.0,0.0,0.0,0.0,0.0,0.0,0.0,0.0,0.0,0.0,0.0,0.0,0.0,0.0,0.0,0.0,0.0,0.012401998566899275,0.005064846580005389,0.00023200652627886065,0.0031028233381464876,-0.0035226995294744823
2021-09-21,0.0,0.0,0.0,0.0,0.0,0.0,0.0,0.0,0.0,0.0,0.0,0.0,0.0,0.0,0.0,0.0,0.0,0.0,0.0,0.0,-0.0008608454452030401,-0.0005978791743207479,0.00023204120952757812,-7.360809342904506e-05,0.0017105016798761863
2021-09-22,-0.023487566204681953,-0.02172563542766759,-0.023221019501989737,-0.026500779114290385,-0.021517506458092472,-0.02078695705415423,-0.01814057289661819,-0.015559445588168797,-0.01667960797993806,-0.01557919230397542,-0.020188790510905386,-0.022583559791504615,-0.018962015512493546,-0.014656553032720399,-0.004835968680743319,0.00980398374086855,-0.010416599802479332,-0.05024562787002995,0.025641001008694042,-0.05067004166198885,0.005964569554807175,0.0009400957896188444,-0.0005798799699778812,0.0027987744867481457,0.001821535391393958
2021-09-23,0.0058309261629183595,0.007614193539142278,0.009969349023051244,0.010000016954210045,0.008969836408436072,0.00833969791066802,0.006928455043175186,0.005471133642173109,0.007100603647617998,0.01146789030960127,0.00856301054242703,0.00924214443812188,0.006103748275624987,-0.002549994540589573,0.0031239206614455117,-0.007176026697405358,0.013765187938699741,0.020684217713912822,-0.01071427567880967,0.02029116085328342,-0.022596961772806234,-0.00905059053219004,-0.0005802164258614795,-0.006904056002616232,0.0004545558582653708
2021-09-24,0.011956477510756347,0.010075508904147101,0.0007593478043506074,0.007150731737818994,0.006595914805894054,0.005263134949189396,0.006307264887298603,0.006650465351526469,0.0023501552811853177,0.002267625675248963,0.004510533028305952,0.02289377353357369,0.002426671992585616,0.01022581074306217,0.0051902982875506876,-0.007653074050700814,0.012779540060870564,0.018316374036082772,-0.009025305248944293,0.020319917363729845,-0.009773503250720683,-0.003015668460137566,-0.00034829653144663464,-0.0021448748651835547,-0.0014765703324185475
2021-09-27,0.002506309479505253,0.002493822758694142,0.006069825745327551,0.002730748133985994,0.004843361567890669,0.006731557036772751,0.0028490681813586605,0.0,0.001953858411973819,0.0031674069509479708,0.006339087688865819,-0.015219310605978809,0.0010086592166302921,0.017714048608673094,0.0006884839342149451,0.0038560476435092195,0.02208199733693217,0.004975194685339579,-0.00364298392719975,0.0016948893918828922,-0.0036757779011692415,-0.0026790904938771565,-0.00011616883168097392,-0.0005187671685411566,-0.0009100424038449573
2021-09-28,-0.0071428571428571175,-0.006218905354610782,0.0,-0.007080626408175972,-0.006521109703748307,-0.007429420168309164,-0.00625003454360018,-0.006606528860247485,0.00039002453665704095,-0.0038340546472157566,-0.005511787214776298,-0.011818209561434645,-0.00423214609014666,0.008288469535657317,0.006535966152467765,-0.004268048662706803,0.016203706599448253,-0.013328255592729543,0.009140803044365597,-0.018612495812546648,-0.015576954672106513,-0.003812846062290376,0.0001161823284463459,-0.010678549323170583,-0.004554269811451572
2021-09-29,-0.021582733812949617,-0.016270375806397896,-0.0256410935050726,-0.019747701828032982,-0.019691849982243825,-0.02844313531552911,-0.019439688795727994,-0.011487335159652168,-0.007797226454784645,-0.012225427285838864,-0.013459971753721822,-0.01839926454599905,-0.013762402494955639,0.0,-0.008885858743951647,-0.005572188649452414,-0.027334825709321553,-0.042454649713922765,0.0199275604881326,-0.03448275862068961,0.0017350267635078964,0.001043865236062258,0.0003484178841872687,-0.00022486154316325724,0.0018299900738463215
2021-09-30,0.007720610674689876,-0.0006360740882169758,0.012383948462139527,0.010072764871278395,0.006113621790351242,0.0077041600653988684,-0.0011662074757169405,0.0021406634003371394,0.00157167021530924,0.002521214936021421,0.005617952875121235,0.001874457201097579,-0.0016416584672462875,0.002466069302528906,0.005172400638974839,-0.0034482724601393455,0.010928913744143953,0.014107214485676645,-0.008881028369184807,0.013392857142857206,-0.00013848561853280206,0.001216539689093521,0.00023225674095961324,-0.00262412723573624,-0.001141665467541908
2021-10-01,-0.022619525972172982,-0.014003896381656555,-0.02599389485131376,-0.02603876425618945,-0.01707176299604718,-0.019113149401156715,-0.018680660274468908,-0.015563079923901602,-0.013338570248758175,-0.015775089504533324,-0.023144424803224428,-0.016838194818192376,-0.011510819233851999,-0.018040124547757386,-0.015437353738583348,0.011678137569825164,0.0015444369156949467,-0.049284613888966766,0.025089582150497947,-0.04977974912668637,0.008404924596295462,0.004079147584351749,0.0004758999253710239,0.007254053391883354,0.002388910772009437
2021-10-04,-0.00597240067177407,-0.00968366726342429,-0.005494541359911453,-0.006825921088800535,-0.006182010351001521,-0.010132525493653954,-0.008328339922442085,-0.013019162764957959,0.0015904936832631389,0.0009291734317362632,0.01661221650525535,0.01046620827869904,0.0016635062612515572,0.002087650750221215,0.0,0.005557976550130572,0.012336148351426601,-0.012123720457705045,0.005244792116914532,-0.012981006450499266,-0.002545650914614006,-0.0012109626235561333,-0.00046415543496980405,-0.0016449918623218096,-0.0035465641803040793
2021-10-05,-0.0015020424889968798,-0.003911283367660667,0.0,0.004581831414681936,0.005628034681656402,-0.0023622287539984965,-0.0017996812542413476,0.0037688106567113078,-0.00317586034180084,-0.0009283108699394971,-0.009911672339491528,-0.015065899435956376,-0.02013696165409462,-0.005000034968058231,0.0,-0.0017007191644904385,0.02665646799275101,0.0004231521093323032,0.0,0.0009394655367087612,-0.009656462530978294,-0.0031176981600916642,-0.00011611488624729827,-0.004119255798071153,-0.0004592527695534976
2021-10-06,0.00037610419635636383,-0.0006544901931824221,-0.004735583966637313,-0.0039908607331839985,-0.0058910385403518895,-0.00552483792504066,0.0,-0.0025031265956738658,0.007566651616514042,0.0018583468634725264,0.005681793551798986,0.00573612316322869,0.012288093368270081,0.0016750802735814307,-0.0027874537135678112,-0.0029812477082166167,0.017804208675266997,-0.0029610700774751475,0.003478257552437247,-0.005631216202069633,0.0056414371657889095,0.0002606096702093552,-0.0001160397904870214,0.00030076923941990685,-0.0005742639991418441
2021-10-07,0.01766921882342576,0.018336628079349993,0.019032526208725198,0.01774474045602914,0.013629602502893468,0.026190500410776307,0.02403855411964395,0.021643681060907083,0.007509902758388032,0.012056583465936743,0.012375650304826902,0.01901140739561047,0.02197578649191545,0.019230730894877368,0.01956671731381343,0.001708710627427168,-0.030612249862944085,0.0432753376338908,-0.022530349197686372,0.04672019556597862,-0.010457749935721572,-0.003995128425491434,-0.00034842554266634185,-0.00443572936062564,0.00011486618308875762
2021-10-08,-0.00849655783830483,-0.006430868167202619,-0.0038910505836575737,-0.0011248422092769994,-0.0029230773691099055,-0.0030936515532278275,-0.0041080750241664354,0.0006140760807820111,-0.0031384827157472373,0.0013745144672716592,0.006377833031019575,0.002798536010244934,0.009830012783883513,0.031173103160104354,0.02021933332479242,-0.0008528979579088825,0.03533836543522928,-0.011793387427675883,0.0070921919858044635,-0.009468016567274695,-0.006998879939990044,-0.002179979066399773,-0.0003484583641882866,-0.004606559573979929,-0.002987755882160825
2021-10-11,0.0,0.0,0.0,0.0,0.0,0.0,0.0,0.0,0.0,0.0,0.0,0.0,0.0,0.0,0.0,0.0,0.0,0.0,0.0,0.0,-0.002537359726262456,-0.002446900100936289,-0.0008133824867536665,-0.0018966694835789166,-0.003112082362987656
2021-10-12,-0.010059544526273112,-0.009708737864077666,-0.016406238079071045,-0.008445945655687126,-0.012606282541234748,-0.01861903809252108,-0.014731880383946905,-0.010739443770554913,-0.0023612540851114527,-0.0066346584672055675,-0.00792181794354263,-0.008372107217478164,-0.0008112130280534258,0.009148824787945875,-0.004702764354864497,0.001280357614432015,0.014524313915499798,-0.024279810273598268,0.010563370526912585,-0.02412381941455566,0.0171000430743784,0.004555380079855009,0.0004651810271087964,0.006384891710844887,0.001849967233915173
2021-10-13,-0.00338737061615646,-0.004575143452563268,0.000794269046140883,-0.007950080106473578,-0.005047564789257275,0.0,-0.011363554695676958,-0.0021713246239760675,-0.0023668428023473354,-0.00023026996671671185,0.0002662266785125045,-0.002814216009919601,0.0018266724528457345,0.01103660898835579,0.01079991938023972,0.0012788016971989613,-0.00286327566846456,-0.009278836568526905,0.005226517596621072,-0.00979473369640338,0.009726232268574941,0.0019185595553858903,-0.0003487013800131944,0.005060524611943951,0.002654307253189936
2021-10-14,0.002643550752647883,0.001969816452701334,0.0,0.0022896918274815103,0.0008953326021166053,0.0031620673982521996,0.0018148081095430424,0.0003109150388489468,0.000790769066471686,0.002533992415070685,0.00532189831020502,0.011288776235104159,0.012965951817963006,-0.006627683384881289,0.0006677312155458637,0.016177142265555,0.005742995115106453,0.007662848439881298,-0.005199343138218238,0.004710315523434927,0.0037154847841500693,0.002350111183700321,0.0,0.004734272107526749,0.005640026572915069
2021-10-15,0.026365348399246757,0.02686756671520274,0.023809523809523725,0.019988577258705842,0.020870624443405594,0.021276631561632398,0.026570081415916214,0.004039809412131223,0.005531461870849075,0.006893364749655628,0.014558048425856729,0.016744214434956328,0.013000030517578143,0.0027472408195370335,-0.0006672856480890443,0.0016757020013575818,0.011420402912076133,0.04689482993927885,-0.02264802139154709,0.04547584064444887,-0.005826748526629455,-0.004949698733001107,-0.0005814308343932151,-0.0035900952767028427,-0.0017168538533068878
2021-10-18,-0.0029357350200688304,-0.0038289142081141536,0.003875968992248069,0.020716667535261468,-0.0008762439405196609,0.003086372512705715,-0.007647009456858922,0.0015474848324172896,0.005893894461044713,0.0038795523693866407,0.002608882581374594,-0.001829867996819834,-0.001974378791820275,-0.024266103733790012,-0.015358964277239706,-0.014219998107808052,0.02117150240787624,-0.007667510620960716,0.0017824869530642662,-0.007174915262401882,0.004688739848954571,-0.0013962478211716478,-0.0006980518990580276,-0.0008257064205345888,-0.0004586209007968467
2021-10-19,0.008097098235596567,0.007687360034095203,0.006177629743303603,-0.01206803628595219,0.008184817348364959,0.01538461538461533,0.013633641422319043,0.00123612221176983,-0.00273436303832586,0.00022728622759049522,0.0013010470118006712,0.010082479280529189,0.015825900081795297,0.015643777973298745,0.012207548767231291,0.002969864053056881,-0.011057349306114572,0.021960184177746145,-0.00889674642630911,0.02619694314205634,-0.013794589753688524,-0.0035830084856761646,0.0003492697579468018,-0.00548415388920287,0.0006882032390884696
2021-10-20,-0.0025556104602093566,-0.0012714363913672866,0.0,0.0005900065104167407,-0.0014497839757726672,0.006818135579427009,0.0,-0.0009260059438631618,-0.0019585249927288606,-0.0027272484519265117,0.003118475397928533,0.0027223508172937727,0.014605647951050571,-0.0035545084388878267,0.0010049842182078272,0.0004230215372262869,-0.0034940733241574096,-0.0011938044095288758,0.0017952875649005495,-0.0030809725248440722,-0.00675018261171223,-0.00043847942321717515,0.0003491478111752322,-0.0024173388156468745,0.0003438649705576058
2021-10-21,-0.003660321944796263,-0.0025462071275150766,0.004604687879310676,-0.0005896586079989774,-0.003484289682628039,-0.003762227411307828,-0.004678358007099592,0.000926864225645252,-0.0003924736680336327,-0.0009115978704113958,0.002072586378684127,-0.0036199233111213758,-0.006717821197153029,0.0091161136111515,0.0010040390725611914,0.0059197166704128,0.017531556520851588,-0.005577664926232573,0.0,-0.004856539088369249,-0.0011910472502908442,-0.002632298399092403,-0.0011634494202635848,-0.0021202391675998467,-0.0025208387735863313
2021-10-22,0.002938970452214029,0.0012763047360380142,-0.0053475705185727085,-0.002359845996957932,0.0017482917781046492,-0.0045316531146947225,0.004112790419596557,0.0074073646730321435,0.0019631388204617295,0.0022809870842390723,0.004394988821201373,0.004541326130149903,0.007729498084616537,0.01610376156732829,0.012370472789066556,0.0,-0.013094454242628117,0.004006410158440721,-0.0017920702834053337,0.0026619614896314925,0.011012958411236395,0.002551252926883407,-0.00023292537474461916,0.004021845380227207,-0.002412483704823387
2021-10-25,-0.0007326454470009125,-0.001911968162131794,-0.005376320773036958,0.00295683017121795,0.0005817468627777878,0.00455228247977324,0.00117030178964872,0.0006485232705808475,-0.0007837169829512103,-0.0009102663195297289,0.00025745525413944925,-0.0018082906962153533,-0.0009588312616443107,-0.002705898720601896,-0.002642005346497167,0.007145782362469655,0.0279330014475605,0.0,0.0,0.0035398365122027986,-0.0015264081957258036,0.0012284958825303782,0.0004660481728298027,0.00045346201875018366,0.0017273322455617635
2021-10-26,0.008431152542031528,0.008939935133584598,0.01158301158301156,0.000589568638727167,0.00959296516627095,0.006797652543527377,0.010520181107818383,0.006156792707426417,0.003921583587048083,0.0029612129589866587,0.006690641210745252,0.010869537424425646,0.023032644876861408,-0.0003875318538320016,0.004304607863657273,0.0029216028734415644,-0.009510892716241282,0.017956902994412438,-0.008976694648817118,0.016313919305361857,0.008269073803933047,0.0012269885321707363,-0.0002329599606508692,0.00430616714697396,0.00022996060411761832
2021-10-27,0.0,0.0,0.0,0.004714219600144176,0.0008637713703507632,0.0,0.00636198364247309,0.003220624281058626,-0.001562535739503268,0.0006814125556653394,-0.0023006174602560048,-0.0017920873743431098,-0.009380863173677922,-0.01977511480330274,-0.016485328099496543,-0.009155273175892598,0.0006858867581731598,0.003920031266460233,-0.0018115492897156082,0.002169197396963085,0.018194343753266562,0.005602235658404231,-0.00023292537474461916,0.0060929557974904736,-0.0008045017021677259
2021-10-28,-0.0029080999374672123,-0.0025316069397745,0.0007634053703482468,-0.0011730026289864526,-0.0014384131034198555,0.006751641979594991,-0.0022987936238868523,0.00770464764228751,-0.00117366118637241,0.004312270104107618,-0.004099406928420923,0.003590677921005092,-0.007575714336391148,-0.002373471980272268,-0.0033523426659567424,0.007559861789717903,-0.03015767850965867,-0.005076153927276117,0.0018148369563149025,-0.0008657876547281118,-0.003384323686268842,-0.002611380828130727,0.00011644537600741245,-0.001495304285922927,0.0025304947610438333
2021-10-29,-0.009843171015709196,-0.008248750008955863,-0.006102235045863713,0.0,-0.008931073660915945,-0.007451564998065319,-0.006336440465674276,0.0019114805497830734,-0.005092090271005656,-0.00158191400732699,0.004373604021458588,0.0,0.005725176113065222,0.0015860791679784825,0.001009104847206066,-0.00375156954758471,0.01766784499927554,-0.011381511462087213,0.007246369925949514,-0.013864804618414883,0.003056213878388281,0.0004363363725286007,0.00011652069731105108,-0.0005242030896219774,-0.0026388635528887816
2021-11-01,0.005154616586977578,0.0038387129431334266,0.0030697919195403767,0.007633605569359325,0.0049418070175788475,-0.0007506820346656617,0.005797123563462403,0.0034975739375038284,0.000787419608820894,0.0020371243088774804,0.009221326893165571,0.016100137506525503,0.015180250957854469,-0.002375275748168093,0.0023521402649817613,-0.005439295516381892,0.005555550404536813,0.015482370979636118,-0.008992754390696911,0.018892740235749717,-0.007190737236403857,-7.848153281153549e-05,-0.00045422740892691726,-0.001783038714548684,-0.0010698578885946918
2021-11-02,-0.001831501831501825,-0.0006372903034816968,0.002295356226187373,-0.0046620222803209765,-0.0014463187012417889,0.0015026066045906727,0.0017290362326973785,-0.0009505316794840013,0.0003934000335099608,-0.0006776322337176399,-0.002538129059529992,-0.0008802682699320385,0.014018691588784993,-0.022222276045109735,-0.020784473376437407,0.0037862915799184993,0.006906103910986783,-0.00742771357547245,0.0036297604529451633,0.002156101824751122,0.004438636203550006,0.0024445501751251264,0.0010489083297158253,0.003835236742449233,0.002426052338212026
2021-11-03,0.002568852135894417,0.0031887754481416675,0.0022900996317389843,0.0035128268969921717,0.0037659636845688294,0.00825199414511224,0.0005753871901450491,0.007611790862402934,0.002359396980823991,0.0033905448799891325,0.006361323278710085,0.007048485037513874,-0.012903239869851646,0.00040585345493293623,0.004108210989201666,-0.006705777171803318,-0.010973926491725239,0.008664876959107781,-0.0036166329417204324,-0.001721144178095546,-0.010333734798525729,-0.0031353475989235324,-0.00023281689612886236,-0.0025470940346699056,0.0019592693893855095
2021-11-04,-0.003294379113645385,-0.0031786394806074814,-0.0060929400850239235,-0.0017502205580586239,-0.00028866192756149545,-0.0044642177974254516,0.0,0.002832865951876151,-0.0011769590786541162,0.0013516867338594363,0.006321112637740267,0.013998236495204486,0.015873058840869092,0.011764743205486372,0.009205607175792885,-0.0029536540050376647,-0.031900141172897745,-0.0003904962949325963,-0.0018149234966302608,-0.0012931166024043872,0.010510398449655955,0.005416763511630451,0.0009315732980261782,0.005257320609233007,0.002645453428576472
2021-11-05,0.014322528787726885,0.012755101792567114,0.011494252873563315,0.011104581114596002,0.009815247072131772,0.01345293729972119,0.014951135020545347,0.002824863492270291,0.004320526877734654,0.006974073189492724,0.006281407155586338,0.013804990966836517,0.013786764319174027,0.0040096383050660656,0.006081091312703624,0.012272574093393995,-0.007163351088572134,0.021484375,-0.009090943769975102,0.022011248039225828,0.014955791005841546,0.005474428600920955,0.00046539752120566824,0.0073215964352004725,0.0037857271766268408
2021-11-08,0.00796517593128887,0.008186417045181749,0.009848507967862297,0.009248590193732031,0.011435149545840462,0.009586930195094157,0.006232329333088149,0.013771474685514429,0.0043019402293473785,0.012064364070084377,0.0014981616587770308,-0.0034042683053523426,-0.008159578431349512,-0.0015974805936423975,-0.006044335158679193,0.012123704316628237,0.03391055401667198,0.014913934594586564,-0.007339442798700024,0.01604730997797854,-0.0018754104057171483,-0.004321147731018327,-0.0011629082056673345,-0.00229917343605901,-0.0012571498325892883
2021-11-09,0.010775862305210548,0.008744496209320385,0.011252812945679924,0.01145475332236967,0.0059355307555915005,0.01241791294977479,0.010698228131136744,-0.0012349773473637748,0.004672855547457999,-0.0052979661768556285,-0.003490386126105083,-0.0008539579455518753,-0.0036563210265064816,-0.013199996948242143,-0.007770254705142254,0.002065309636514856,-0.00558268835533704,0.018839487999197768,-0.009242091554147236,0.019534483911110456,0.013018402803554041,0.004600284554366452,0.0005821754815826807,0.0026761864326321216,0.0008010034936847266
2021-11-10,-0.001421442449041077,-0.003095975232198178,0.0,0.0,-0.0005619684652408141,-0.005772027536278146,0.0016712411154216067,-0.000309067140797592,0.0034883781104384504,0.0015534774232321968,-0.00600454518731619,-0.015384641468015436,-0.019266041046982485,-0.017835449237814327,-0.0143003086241964,0.0012366317544296734,0.02385965983072924,-0.0014792674020455143,0.0,-0.00448432975878732,-0.0182830527482446,-0.008553636444116774,-0.001978191686179631,-0.010231352556752116,-0.005602536804239722
2021-11-11,-0.008896797153024938,-0.008074553116508176,-0.00890205431064739,-0.006228799917882499,-0.005341541420834761,-0.001451356631444134,-0.008342581888164835,-0.005875034811766433,-0.0015449597961251227,0.0011078935492396802,-0.0005034094637330622,-0.006944404891978451,-0.0018709501850502352,0.025588149027929052,0.0210707663878138,0.014820860001400815,-0.025359827394755285,-0.012222177010995372,0.0055969649671485655,-0.01474197743536243,-0.0014844886992808615,-0.0032244248068150627,-0.0006995168583652234,-0.0028464785229400658,-0.001724750187116264
2021-11-12,0.003231575929925956,0.0043831995091963005,0.003742514799083052,0.002849002849002913,0.003674314570191628,-0.0029070431506559302,0.009534496748254018,0.0015551861489120355,0.0023210624780258815,0.003098702715865098,0.001259109499201605,0.0034965167879690284,0.008434878646861321,0.0012071943193709966,0.004059568382998702,0.0024340554511521617,-0.006329124535712549,0.007873923846345221,-0.0037105716923800935,0.011637521703819376,-0.0043924443522835865,0.0020983170040851373,0.0008167039502033901,-0.0010516781459103397,0.00034552844278179506
2021-11-15,0.008947745363681925,0.008728236961012215,0.007457121211672968,0.008522727272727293,0.008166739770063325,0.016034963536275537,0.008888880411783928,0.007142842757353218,0.006947136481506355,0.008164142417834697,0.006036259773603003,0.010452934811344683,0.009293680429191653,-0.0008038002849524162,-0.0023584802595845167,0.00040470373340162347,-0.00778483055812762,0.016741072188834805,-0.007448782626717443,0.016844725580639652,-0.01255688644894648,-0.00392605624545006,-0.00011660219599918253,-0.007595086022602282,-0.0011513929289347358
2021-11-16,0.0017736786478386168,0.0035970521679881268,0.00222048689427079,0.0,0.0013966267632985474,0.003586800730933204,0.0022026936048153978,0.00493369860951165,0.0030663059884312727,0.0006566556116418543,-0.0007499694824218972,-0.00517240063897495,-0.005524847905629349,0.001206708711197102,0.0030395187684131297,0.00525894303099772,0.011412256932096465,0.0007318412585615164,-0.001876126114036536,0.0036363389756943754,-0.0025432714328672557,-0.0008758734844955818,0.0,-0.0016670547750863296,0.0004611056544938652
2021-11-17,0.0031869472943908406,0.0018855297389088754,0.0,0.005633802816901401,0.004184143159369658,-0.005003552385857368,0.0032966738146824603,0.003682078285453416,0.0053496136507564795,0.006999118247602132,0.0055040630294478365,0.011265124828198081,0.007407435664424256,0.0,0.0006733518485291246,-0.0072434729341093185,-0.012693956368257653,0.008043920318212994,-0.0018797422103677963,0.006038647491372728,0.007924980302166373,0.0035943163251186405,0.00034984738097021406,0.004022761133183117,-0.0010370315282374198
2021-11-18,0.005647745049268682,0.006273525961672188,0.005908442302954731,0.005041982613357865,0.008333312140570648,0.00502871381888359,0.00602412973563804,0.008254370691555213,0.007221609194768996,0.004561231109833308,-0.0029857908928869747,0.002570720305081542,-0.0009191737197659089,-0.006428278478731175,-0.004710612142764359,0.006485603847478538,-0.02571426119123188,0.014508523115321026,-0.009416142078437106,0.01520609501628023,0.003760447644021392,0.0006114578334346366,-0.0001165750101947971,0.0022679396320404166,-0.0008073782847536348
2021-11-19,0.0024570453563632633,0.0031172071011591473,0.006607996882815215,-0.0022296204575970036,0.0011019746365712284,0.007148006770147257,0.00435492215847888,-0.0015160472333092256,-0.006415097218639421,-0.0054054383973818065,0.005240805741752563,0.013675200633513684,-0.004599816136499735,0.0,-0.004056823513959085,-0.0012082435254808788,0.021994078409785844,-0.0017876295251281205,0.001901093461891934,-0.0015766413137402457,0.010557884868427792,0.0027062204306855797,-0.0002331772030242929,0.0037713078374908005,-0.0008080306711709673
2021-11-22,-0.002451023081482484,-0.0018644363228611516,-0.0029176450581002156,-0.0016759947025576372,-0.0019835560501053617,-0.001454523259943219,-0.002710089015801942,0.0,-0.0015191419785268723,-0.0039672852975241035,-0.000992976714056848,0.003372694190769243,0.0027726715362230703,0.009704802893678588,0.012559431457294767,-0.008467705279556537,-0.03586800681856628,-0.0003581880341805288,0.0,0.0,-0.01172826561071516,-0.007313285415475157,-0.001165891081204573,-0.008716588864959629,-0.003812317594357295
2021-11-23,-0.009476945409953696,-0.008094663775541133,-0.008046751055474033,-0.007274779373020013,-0.00795010176858113,-0.006555055610116489,-0.013043466092057199,-0.00911021057638417,-0.0034233605726021743,-0.009840721195862878,-0.005964256174353699,-0.015126076065191674,-0.012903239869851646,0.0,0.0016761393626694154,-0.021553504813204727,0.002232194016530853,-0.020781147200676475,0.01138518842442049,-0.02171338307831039,-0.014459113270963275,-0.004122027759568159,0.0,-0.007125549230242001,-0.0013916588415902043
2021-11-24,-0.004252346403694984,-0.005021990184757796,0.0,-0.002254757103981486,-0.002003425803534742,-0.010263885330866307,-0.005506628981826633,-0.0006129468927053017,0.002290055885313391,0.0028396297053538966,0.0,-0.004266211715182933,-0.007469611893193284,0.00240293852386797,-0.002342694002352319,-0.007481309608114328,0.03192274261151984,-0.002195300449087445,-0.001876126114036536,0.0,0.016055414008434354,0.0030823290595736186,-0.00023341477172644787,0.004809932076368595,-0.00023231067610207656
2021-11-25,-0.0003558936068172036,0.0,-0.0036873154682478537,0.0028248587570620654,0.00028684073808005195,0.0029629177517360716,0.0016611676374678197,0.001226645654052616,0.00038081602416895066,-0.0009438630136665571,0.006250000000000089,0.007712095539111896,0.008466546290183619,-0.003995220883996287,-0.002683660689006495,-0.0012562303329625157,-0.005035949406135276,0.0,0.0,0.0,0.0,0.0,0.0,0.0,0.0
2021-11-26,-0.016375956580514495,-0.014511060263456277,-0.01850481041491936,-0.019154895191461296,-0.015195028032227609,-0.01477104941030527,-0.016583705612497224,-0.009188454448310734,-0.012561854509162362,-0.012517684869788104,-0.009192520046826469,-0.006802682251218939,-0.009328358474513854,-0.011231475460005358,-0.009418055284497795,0.001257810432581108,-0.026753426435300542,-0.03667033205854098,0.018796973948468798,-0.03753027819703181,0.02526897745540535,0.01290606848999154,0.0019848005360973975,0.008130020974603136,-0.007201709182959037
2021-11-29,0.0,-0.003841170655882742,0.0037707388912913142,0.002297495017010709,-0.004657928806973688,0.0029985695170557936,0.0022483983204182323,-0.004018462428119207,-0.004240578569269404,-0.0050227910134458265,-0.007021128046508673,-0.0034246705087982443,-0.003766420979082641,-0.004056810670072131,-0.003056032266768205,-0.0012562303329625157,-0.06909363317533945,-0.001903311674024466,0.001844972675999479,-0.0037735593143999324,-0.008038208097325361,-0.002253637254404639,0.0004661024897412158,0.0006784112273781062,0.006200991830201286
2021-11-30,-0.0010857321976920353,0.001285327380444512,-0.002253967227653586,0.002865329512893977,0.0008775254518642583,0.004484236405394304,0.006730277046936406,0.0024828681975970213,-0.0011614667725172723,-0.0007211245287793711,-0.002020152006058873,0.006013719407783391,0.005671062918850556,-0.003258652798053374,0.0013623640104629686,-0.002096484008781374,-0.01835590958801958,0.004576588991558106,-0.00184157502040605,0.01809759125635435,0.015202175879505786,0.00599428753147091,-0.0008152771293572503,0.0021841777269036022,-0.0041860536087391376
2021-12-01,0.016666688780853756,0.01412064765821186,0.01054212247223174,0.006285749162946441,0.014903515585635185,0.0,0.0155988171251209,0.0061919742310698744,0.010465134331315351,0.009862878287756116,-0.005313741954458995,-0.002561873836655737,0.0009398352696148304,0.0008173460696729862,-0.0017006543438535804,-0.005882327484718397,-0.021138229662604813,0.02809413085784862,-0.014760133317333168,0.01653575899514781,0.006161356438838741,0.0018825323633240546,0.00011655302909370545,0.00014278355362598127,0.0001401606377760393
2021-12-02,0.010691375391108426,0.011392424378213972,0.014158041717439174,0.005110697701823597,0.0060466192698123145,0.01785721178768762,0.0065826024271351535,-0.0009230393629807709,0.004603024190185323,-0.0014292847533418085,-0.013482639925681772,-0.021404109029793172,-0.029107966893155757,0.005308332761544188,0.004769996178154212,-0.0016905751663851554,-0.028239215420691965,0.013663265782197787,-0.005618016657510938,0.009760102541050752,0.001247226243755506,-0.0021564737284731628,-0.0012828059516216683,0.00233361613324079,0.007379609150161226
2021-12-03,-0.00035263082286085545,-0.0006258204105492604,0.0014694852261070146,0.005649717514124353,0.003434537816217942,-0.001461965963308609,-0.0005449715898607765,0.005543587878309442,0.00267276416177209,0.003339771241913425,0.00825166851204373,0.0,-0.01160545996062079,0.0040616763083833884,0.005425562857033661,-0.0029636579037108923,0.025641042361154165,0.002550135544740373,-0.0018831924957504187,0.004430087922702386,0.011932127049002483,0.005878287546523753,0.0005838749663029663,0.008336467602202857,0.0
2021-12-06,-0.002821826430224883,-0.0012523290674013587,-0.0036683784945340525,-0.0005618320422225986,0.0011408185756818234,0.0,-0.0016358062375083637,0.0064318246449761585,0.0007616320483376793,0.0007132377155822933,-0.0035805471895631324,-0.014873180509600847,-0.0311154637977753,0.014158591876685334,0.008431703312527405,0.005944853568264685,0.001666704813639397,-0.004360509279805136,0.0,-0.0016038248046245096,-0.013735084497209282,-0.00498454647655866,-0.0008168945364669389,-0.005064745297204909,0.00441857271416235
2021-12-07,0.0031835651136276066,0.0025077987240400557,0.0,0.0016863578530101897,0.003988695453902347,-0.008052752960216125,-0.0016383823141379317,0.005173407358116666,0.004185643079485324,0.002613461866304956,0.011550327862271503,0.01420957811548118,0.024035598500286914,0.0059832317653056855,0.0010033674591392039,-0.0025327721375419943,0.03410980297819299,0.008394116032732768,-0.003773581171086837,-0.003212863661677945,-0.008079851291203477,-0.003800332061196454,-0.0012847536419396954,0.00044915075438933805,0.005325296354468767
2021-12-08,0.0038787238358313214,0.003126954465825005,0.008836501629420734,0.006172873862815509,0.004540290572967676,0.008118126225207467,0.006017434292729051,0.004541372431806634,0.003789328676868209,0.0033175210217386564,0.01700081162742184,0.026269702978710674,0.028599620140427495,0.010309287706608439,0.014032745473153696,0.00592472712523473,0.020112630238303453,0.011943606429036802,-0.003787875024959475,0.023368263993038152,-0.017284772253983838,-0.0032078648251695485,0.00035082187518931107,-0.0066596781930049476,-0.00023026996671671185
2021-12-09,-0.0024587712575235843,0.0006234794720763048,-0.005109466775490401,0.0,-0.001129969316473134,-0.0014642181412471977,-0.002718827554104797,0.004219390848727578,0.002642495108683862,0.00023614363479373957,-0.0029940803667591886,-0.0017064586471833287,0.0,0.031004746064371647,0.023723206072645997,-0.001262123940587001,0.017350103159279318,0.00035767561277744164,-0.0019011841153402376,-0.0023622287539984965,0.0055933811878738915,0.002522405083484669,-0.000350698842363828,-0.000828629833156791,-0.00449204550816984
2021-12-10,-0.00035213416730850433,-0.0031152647975077885,-0.004402098973451785,-0.0016731904442367496,-0.0014140055485719616,-0.0029325067036874986,-0.0005452687458361583,-0.0006002538399416668,0.0,0.0028335950627096373,-0.005255232464563719,-0.011965825007511977,-0.015340422403646858,-0.011039242880623523,-0.01029931438581655,-0.005054714955421202,-0.02945730015532322,-0.004290354503606597,0.0019048055013020093,-0.0015785079168066929,-0.0024125493057670644,0.0006940326234385896,0.00046779224100146344,0.001130834568565886,0.0023139760214743177
2021-12-13,-0.0031701088969114943,-0.003750038146972612,0.008106161593615768,-0.0027932960893854997,-0.0036817066853350733,0.0014705657958984375,-0.0021821608480739885,0.000900978819265319,-0.0026355307316168197,-0.0009418628297058751,0.012578616352201255,0.012975778717988495,0.005842318610953967,0.009622786928597415,0.014959319820248895,0.004657015202989223,0.023961599528098843,-0.0053859964093356805,0.0038022775772321715,-0.004743070941668703,0.014778966406165717,0.004768537100925174,0.0005844000067776189,0.004518458723186569,0.0
2021-12-14,-0.009893949798476132,-0.008782898055777477,-0.014619882714792864,-0.011764740075717817,-0.009664586402458597,-0.014684288141063817,-0.010388218947343875,-0.011401171534325405,-0.007172538153993213,-0.007777559007333568,-0.006708085907171979,-0.014517480532827531,-0.024201354560922872,-0.005718628331988329,-0.009932697053381512,0.0004214171544352219,-0.022620902399093534,-0.023104671106441765,0.011363625074878314,-0.02462270402342992,-0.002383163088639173,-0.0017257481171412126,-0.0005840586828794736,-0.004498134089969796,-0.0017314313891249045
2021-12-15,0.0014275299038488676,0.0,0.0014836568524809746,0.002834467218255199,0.00028697822874312884,0.0,0.0011049976432127018,0.002731415796782599,0.0,-0.0007125601041366725,-0.0070034712982193215,-0.009532049043122548,-0.003968268985800716,-0.013036815704851268,-0.009708713293337445,-0.009267030980435909,-0.014365471295886612,0.0036954914170159725,-0.001872701984285463,0.0032572792063838563,-0.009621745040513718,-0.0014694942929571742,0.0003506578401724081,0.0012803180686065119,0.003815843996885171
2021-12-16,0.012473271289626497,0.0120252778258505,0.008148193359375,0.011305822888667327,0.011764702019042117,0.017883824216472055,0.013796908853265677,0.012409196006390788,0.0064638814154180935,0.004516249776259418,0.016372738002272902,0.024496897179393518,0.020916319145471318,-0.0031080001716169425,-0.001307219445381702,0.006802714468455484,0.022672042455262664,0.024668562367040403,-0.015009366763823362,0.0255681948369062,0.0003886056257851559,0.002908616401468401,0.0007945246659086837,-3.0157682179087148e-05,-0.0007372493048207799
2021-12-17,-0.0010560306374564066,0.0,0.002204171781892361,-0.003912783522213137,-0.0034032597163080602,-0.0029283245783335854,-0.0032662694910099432,-0.0005979209957397424,0.0011333844889966915,0.0,-0.0116480154592149,-0.029035026218469984,-0.027512192144626524,-0.010132510928602234,-0.007198930536620907,0.012246579579448857,0.0,-0.002515205606023474,0.003809520176478731,-0.003957261622780428,0.01133165112191592,0.0022462387579305076,-0.0004671367138896487,0.0023360781139629694,-0.0009253233601390631
2021-12-20,-0.008809020815828017,-0.008755434333479029,-0.008797631979022502,-0.002805836187220745,-0.007114399668249449,-0.004405219222982537,-0.008738386241338714,-0.0005982787191471939,-0.00377359930074439,-0.0040226733482545685,-0.016549644677411823,-0.014072106570499177,-0.015650055716470046,-0.005511787076811658,-0.01417271928191155,-0.0012515135651323117,-0.03958828150985594,-0.017291131862428588,0.009487702261067765,-0.01430270515842258,-0.0074919105555553145,-0.0008619814867658615,0.00023372208572092212,-0.004360588339283655,-0.0017367317483945044
2021-12-21,0.008531903726312517,0.007570958663988492,0.005917182469050486,0.007878498476740159,0.009458350152697248,0.005899614726846414,0.01157030282286553,-0.0014965350879646566,0.0037878932922232877,0.004038920606534102,0.005864343066744215,0.011596815963007545,-0.00020387557991208283,-0.0007917837522741777,-0.0023403442053269163,-0.005848007262903021,0.014014845399016762,0.022360727186487184,-0.013157926579449142,0.010882696017007198,-0.0038075623049395046,-0.003968654122453175,-0.0005840795631505413,0.001963375217135077,0.005335178357225523
2021-12-22,0.0,0.0012523290674013587,0.002941131591796875,0.0011166775065691859,0.0,0.00439887192349131,0.0038126194170577943,-0.0017986022839698856,0.0,-0.001419724585345783,0.007351100378172326,0.008818342033018345,0.01569827665118262,-0.0035657746990503947,0.0013404493288933228,-0.0025209860447791277,0.025203208222378315,0.0017927572999001384,0.0,0.011562973928217701,0.004626851866252224,0.0009527987289672524,-0.00011681284620290722,0.0015825717930093575,0.0026534766511745467
2021-12-23,0.005639674011610252,0.005628575294731375,0.0007331826099019612,0.007250435190358173,0.005678504864009559,0.007299270072992803,0.005968562589804716,0.0012012287220362072,0.003396232173128011,0.004028392556205906,0.010065367244269208,0.012237775412635932,0.012645545402937497,0.00039762342081584023,0.000669359381707535,0.01053074989091396,0.023790658120756314,0.01109522609604685,-0.007619040352957573,0.012613310944954437,-0.008677099106960573,-0.002076824756316209,-0.00011691567356719723,-0.0015048680017093474,0.002876538827129238
2021-12-24,0.002804130195502852,0.0006218335996821533,0.005128182771005019,-0.002768549186611957,-0.000564557992663528,-0.001449253248131832,0.0032362169891875237,-0.0014996771695174882,0.0015042876250159765,0.0011800622686095608,0.0012456212710716397,0.005181333836864477,0.007928596732063475,0.0059618290715410804,0.003344494406205767,0.0004168498948413646,0.002323759359083466,0.0031858191025995186,0.0,0.0042818455805757605,0.0,0.0,0.0,0.0,0.0
2021-12-27,0.007689554849772184,0.0074581246274210145,0.008017537375970996,0.006662947848832701,0.007627023486680651,0.008708250520077732,0.010752626424140876,0.0027035190781838914,0.0030041279093961926,0.0035361040158818913,0.0034835334443794608,0.003436439180715789,0.0029498826033445003,-0.0063216061156938785,-0.005666669209798192,0.00041667620340990474,0.0,0.013408674637921392,-0.0076775358080907186,0.012015527533006276,0.0024239200107423198,0.00034686884870960277,-0.000350698842363828,0.002938955528390519,0.001032541694691913
2021-12-28,0.007977864751761876,0.00801966529315612,0.00433832849954463,0.0033093813272317973,0.007008691136341394,0.004316590672774234,0.008510630526872509,0.005392459539125705,0.005990331720144404,0.0014094755396090175,0.008430357611063144,0.011130097503398328,0.004901960784313708,0.003976158369245031,0.003687583326614341,-0.001666010626656611,0.034003133564598054,0.014275680402763946,-0.007736936414457607,0.01302180703563982,-0.003963000922414639,-0.0001734073539797487,0.0,-0.0012773174064392157,-0.00045846321521314515
2021-12-29,0.0044734609967822525,0.003672008114613101,0.005039684937300448,0.0043980378152903565,0.0027840282270619188,0.002865285666160844,0.003164629545797437,0.001489846096977221,0.0044659072622563745,0.005395250679652408,0.0,-0.0025401814245494814,-0.003902453911013737,-0.01742576372505411,-0.009686069150114385,-0.0016687112776188062,0.0022421324898804773,0.007552393749480135,-0.003898631672582975,0.008695606022566249,-0.010924507320339782,-0.005115279665539596,-0.00011697036581215237,-0.005491993210917867,-0.0016053135089799664
2021-12-30,-0.0030832268424216824,-0.0018292869009622903,0.004297928499241266,-0.0005472952731077063,-0.0030538758732262528,-0.0007143293108259341,-0.0015773231295197476,-0.0008925551547783739,-0.0007410321575872514,-0.002099863539576141,0.000245934022148786,-0.0016978316846804065,-0.008814902442011552,0.008061296543516727,0.00910625501643958,-0.003343080764138251,0.011185725123892265,-0.005110732538330498,-0.0019569919022601745,-0.007121416729444219,0.008386144016462538,0.0033115229056031037,0.0005848310147111846,0.004009371128741668,-0.0004594109988232953
2021-12-31,0.0,0.0,0.0,0.0,0.0,0.0,0.0,0.0,0.0,0.0,0.0,0.0,0.0,0.0,0.0,0.0,0.0,0.0,0.0,0.0,0.001960842169641097,-0.00112913451332608,-0.00011691567356719723,-0.001506908878863067,-0.00022976724516698965
2022-01-03,0.006185525061748187,0.00610873560563463,-0.0014265117874148192,0.0,-0.0002784272229375828,0.007147963142442482,-0.0010532100055151705,-0.004764849713659203,-0.0003707908467348586,-0.0032733081166713696,0.0,-0.0025509815157803706,0.004940711611441273,-0.0035985666439122266,-0.0006684644957444252,0.013836474567205714,-0.012536878394783346,0.0037671441901219183,0.0019608292291832807,0.004907581504342673,-0.026250079799995496,-0.009304345172384543,-0.0011690258715316704,-0.010639930702163292,-0.0004597277846829506
2022-01-04,0.021858007789903988,0.021250759349436432,0.019285692487444273,0.01040522361980245,0.015320312358874766,0.022711230274305105,0.015287344545299453,-0.0002991718157092649,0.017062351908098572,0.0018765661354218643,0.0007374331138600976,0.0017050037769730242,0.015732607192996406,-0.004414149679566215,-0.007023380841199467,-0.011579846282531836,0.005974602065335066,0.03172974274754603,-0.013698663372291198,0.02742294311876803,-0.004158046367472412,-0.0005266177339861011,0.0005851523985800355,0.0008389948122911051,-0.00252962191117867
2022-01-05,-0.002005367911216749,0.004756260798292278,-0.0007007067054306537,-0.003252065601710652,0.0013717211526476092,0.0006938989624658554,0.00311523703163874,0.001197273741695204,0.0029175756193822178,0.002575523594229079,-0.004421525650302405,-0.018723378282912262,-0.02032919691651347,-0.0016122131817705165,-0.006399478970694705,0.0062761347667124046,0.00742386234692094,-0.005291025581380615,0.003968250213867153,-0.005484460694698323,-0.005427966568279152,-0.004215362653514965,-0.0012867073704557752,-0.005868040430557886,-0.007723321832222574
2022-01-06,-0.009377154230787887,-0.012426071618435675,-0.009817735591519883,-0.005981462105679736,-0.0060274307041952024,-0.018723973685043083,-0.01604552126496306,-0.0011958419914794849,-0.00472724220969456,0.0014012464670396518,-0.016777703569118563,-0.030355593298890593,-0.027667939790505303,-0.01090030087904359,-0.00745760384252514,-0.004157940843798391,-0.0007368662809427162,-0.014295172764196673,0.007905130890387913,-0.022426493027631,0.002588826769715835,-0.0024693428062796396,-0.0008198605888501964,-0.0013031672895535973,0.00011610718660937103
2022-01-07,-0.008789640612687388,-0.00898741794400748,-0.008498562140068944,-0.005470459427272867,-0.009095866247540663,-0.01201411270842534,-0.009468716623280637,-0.007183528271862194,0.0018267897525554577,-0.0016324555289312093,0.004015052786413786,0.008050034632536951,0.00670727665122306,0.004897993438097936,0.007172099711337587,-0.0070981240450316285,0.03982300480402867,-0.0202360876897133,0.007843129921766057,-0.008273718465407698,-0.007188211512021536,-0.0032711762406989475,-0.00023439976132544338,-0.0042984154424381416,-0.00255539087776413
2022-01-10,0.006480197194339787,0.002418435127172769,0.005714307512555861,0.0022001864123759596,0.002503481242778438,-0.0007153512255546612,0.0,0.0030148415537745166,0.003646986914350281,0.0025694181762609958,-0.003249119191989669,-0.007985749075908988,-0.002422752571012099,0.000812288778770931,-0.0010173172898729765,-0.0016821242376922063,-0.010638338166410355,0.010327022375215211,-0.005836524075963356,0.002654462104854094,0.002460326986015726,-0.00026608816627016196,-0.000586270972224967,-0.0009250317303292066,0.000815182165893269
2022-01-11,0.005083022599036591,0.0048251087878934396,0.0014204328402511734,0.002195439966923063,0.004994458951254721,0.005726578877837785,-0.004248535530015474,-0.002103988393780898,0.011627895694091173,0.005358885525303059,-0.0025075798931789572,-0.0017889496616929623,-0.0010119254647835696,-0.005681793551799097,-0.005431087996755513,0.00800339241320347,-0.005017899339161747,0.001362841214597621,0.0,0.004538624185827622,0.0066615030094405725,0.002395566273215799,0.0003519331305570361,0.0030092544080355665,0.004654338900642818
2022-01-12,0.008428860244620084,0.0108042480613737,0.008510616654199943,0.003285820507511028,0.006073920447029479,0.0056939718986321886,0.00266662597656242,-0.0030121170638643946,0.0057471209243953325,0.004866722527152367,0.009552566107996041,0.014336904085998858,0.014991852808331263,0.006530606016820872,0.0037542871404729894,0.007521951645644176,0.03170025769131812,0.013269799174810526,-0.0058708823922705156,0.006024119227211244,-0.003831172061237509,0.00017699276396054842,-0.00035180931720268926,-0.0006924501336713629,0.0016215777737011994
2022-01-13,0.005015045033067933,0.004750612118487263,0.005625900625363611,0.004366828957883762,0.0068605930137648485,0.004953976879857436,0.004255315263436366,0.0030212173241199736,0.011071409497942275,0.007610655251666154,-0.001245000927552753,0.0,0.0059880850478024605,-0.007299282493494097,-0.0057803494449492065,0.004147593180821474,0.011871513960673541,0.008394896247403416,-0.00590545933498865,0.015718493628656294,0.008880528083652361,0.0031858461093059454,0.00046927400903129524,0.0031563023970277992,-0.0035847036997533888
2022-01-14,0.0,0.0,-0.002097923438865834,-0.0016304513682490196,-0.0016352564960324667,-0.005633824308153623,-0.005296529585069876,-0.0015060010816734248,0.0014129606599062594,-0.006637608375954396,-0.011468438730313557,-0.02208480624909437,-0.027579427822675306,-0.01266337711353005,-0.014363887810587506,-0.00041298314379600853,-0.0034506688422815124,-0.005327924245673077,0.003960392113094846,-0.017686027637861867,-0.01510945865140989,-0.006880723139530809,-0.0012898758434113367,-0.008825062681528162,-0.0009284186231248714
2022-01-17,0.01131069137541374,0.010047263468699885,0.014015417258385732,0.007621171358363599,0.008462941565775317,0.01699723234521855,0.014909412622970963,0.0021116045732176847,0.0010581579856514534,-0.00023046396034120953,-0.005044155239411929,0.0,0.0006121729243349083,-0.003309885124266887,0.009021520875606814,-0.004958712208686045,0.02631579816367502,0.017408709330245964,-0.007889538559901044,0.02400597805687732,0.0,0.0,0.0,0.0,0.0
2022-01-18,-0.011184190448961795,-0.011702750564235975,-0.004837574035972958,-0.00594276643567726,-0.00757982646741151,-0.004178315306498703,-0.002623262909203082,0.006923526001949343,-0.003171239386172496,0.003687482130969588,-0.0010139648860265638,-0.006323369173799276,-0.006117439466962971,0.011207989043315436,0.007221492172360566,0.0,0.009446717017925987,-0.015465553747441185,0.007952278366714305,-0.008424863710508212,-0.014074594750847935,-0.007550172857490822,-0.0015263268311935807,-0.009523097879056697,-0.004878594340936959
2022-01-19,-0.011976067965467463,-0.011841326656445994,-0.01944446563720703,-0.010326053785241207,-0.009274417730579798,-0.012587433928376357,-0.011943502304195164,-0.00717493790710777,-0.006006000415836432,-0.0018369234847045446,-0.01522452363471638,-0.022727272727272707,-0.015387771320724997,-0.002463110500314114,-0.003072726178720564,-0.002906964079983476,0.01604276540816718,-0.021724598044141508,0.007889538559900933,-0.020317693948951887,0.006923634392895117,0.0024165097552524273,0.00047037764695079254,0.001563390738369419,-0.0009338371981393312
2022-01-20,0.004040445141519466,0.003595003747500325,-0.003541076563785439,0.0038440248477766836,0.0022026936048153978,-0.0014164090124980655,-0.0016483893070267097,0.004516757904670987,-0.0011328844341188526,0.0009201081138003886,-0.0015460286309679772,0.002790726062863458,0.005000997194738899,0.0209876643989364,0.018150642652364102,0.014160772567544555,0.0013158196062266203,0.007857832924659913,-0.003913890490010341,0.006787283974796887,0.006167116126874594,0.002142838069370878,-0.00023512308451356656,-0.0005463772851860282,-0.001869330991477236
2022-01-21,-0.02179753235405548,-0.020895522388059695,-0.012793112180298837,-0.02297591290002876,-0.01978025248683668,-0.01631207838126103,-0.018161800898206848,-0.015587543412763472,-0.013988689170543522,-0.009882705287665106,-0.018064535817792327,-0.02968464273697935,-0.02902752901657446,-0.00564286145352888,-0.014463515364838697,0.002053356725965294,-0.023653127729007628,-0.041016969842425866,0.01964634609720517,-0.04007495208625933,0.011906456336041593,0.005791175501159929,0.000822944942785897,0.006559396797632289,0.00011707990395337653
2022-01-24,0.009463765589049267,0.010975628364376933,0.011021307367606648,0.006158963085863611,0.007006726397469576,0.0007210245545494764,0.011771249028952102,-0.003654047847965969,0.008052185292776848,-0.00023217585434864851,-0.0052562619434864954,-0.004780114792484524,-0.029681895152605775,0.0016213623046215098,0.0037542871404729894,-0.002458994544279336,0.024899050747476004,0.011664964233807584,-0.003853560829674585,0.008973930628528803,-0.008215608817482623,-0.0008858045412503124,0.0005873728811356393,-0.0031031335564344342,-0.0010534171899969635
2022-01-25,-0.016319486829969643,-0.015078407442607689,-0.021802324614310864,-0.018363957194213465,-0.011967723393362717,-0.01585012175699896,-0.013296386773545832,-0.011613724142369386,-0.011791607550227345,-0.006268875311743249,-0.017701405441361007,-0.017291022562413882,-0.02530804898628869,-0.012545506978071108,-0.01190072707533607,0.0028759118482082346,-0.022980921754119588,-0.034591278797364344,0.015473872828915214,-0.035576225792309346,-0.0016145716564853752,-0.0013299186511332994,-0.0004696045478285171,-0.0028015611700510368,-0.002929115459513465
2022-01-26,-0.0007059008050479543,-0.003061849299791697,0.003714710084154582,0.0011338560881619664,-0.00028164286009024764,0.007320643889592526,-0.006737727988944453,0.0018553300249819493,0.0034642091675780584,0.0023365021168451072,0.003227512934368182,-0.0068426642889009015,-0.006547773979062477,-0.007786907255249442,-0.012388118018544336,0.003277342245233017,0.016129016752173708,-0.0021714643953840707,0.003809520176478731,0.0,-0.012093947447194497,-0.007102299858777639,-0.0017618220220135816,-0.006789470506680106,-0.00340776640102447
2022-01-27,0.0,0.0,0.0,0.0,0.0,0.0,0.0,0.0,0.0,0.0,0.0,0.0,0.0,0.0,0.0,0.0,0.0,0.0,0.0,0.0,0.018363002356261093,0.004202443098112685,-0.0008236227389536444,0.002278627509833875,-0.0043626356306858405
2022-01-28,0.0,0.0,0.0,0.0,0.0,0.0,0.0,0.0,0.0,0.0,0.0,0.0,0.0,0.0,0.0,0.0,0.0,0.0,0.0,0.0,0.00034947617499225814,0.00231503999539151,0.000353259302210418,0.0010975179705858817,0.0028422294745440446
2022-01-31,0.0,0.0,0.0,0.0,0.0,0.0,0.0,0.0,0.0,0.0,0.0,0.0,0.0,0.0,0.0,0.0,0.0,0.0,0.0,0.0,-0.005170163263600425,0.0,0.0,0.0004698918513881267,0.00023614363479373957
2022-02-01,0.0,0.0,0.0,0.0,0.0,0.0,0.0,0.0,0.0,0.0,0.0,0.0,0.0,0.0,0.0,0.0,0.0,0.0,0.0,0.0,-0.00331482668002331,-0.001350289923092684,-8.238704588939434e-05,0.001659370829354496,0.003955211579241558
2022-02-02,0.0,0.0,0.0,0.0,0.0,0.0,0.0,0.0,0.0,0.0,0.0,0.0,0.0,0.0,0.0,0.0,0.0,0.0,0.0,0.0,0.003386930026846091,0.0020479330596867573,0.0002355660962349848,7.824713515436343e-05,0.001534252900597055
2022-02-03,0.0,0.0,0.0,0.0,0.0,0.0,0.0,0.0,0.0,0.0,0.0,0.0,0.0,0.0,0.0,0.0,0.0,0.0,0.0,0.0,-0.0078059116327237055,-0.004265179962934962,-0.0008241075207467974,-0.00806324406232839,-0.008955952519021815
2022-02-04,0.0,0.0,0.0,0.0,0.0,0.0,0.0,0.0,0.0,0.0,0.0,0.0,0.0,0.0,0.0,0.0,0.0,0.0,0.0,0.0,-0.014742376391260081,-0.007674465724505142,-0.002003131764322874,-0.009943983468822193,-0.003923921962450838
2022-02-07,0.0052984809878511285,0.006756700393776072,0.004441086732940969,0.01019245600656249,0.011270715476588311,-0.0029070431506559302,-0.0011306080926999362,0.018518470551362576,0.012658225069775098,0.009323955639962911,0.032171602881620354,0.03937007933143666,0.03909093683416187,-0.0033044166349168735,-0.004181213799421046,-0.020416496720006783,0.08002645815511067,0.026478010408962138,-0.015180251232560726,0.029671187159514556,0.0006475188852357316,0.0002698418121842572,0.00023617795964225863,0.0018334265645976178,-0.0007162177509615342
2022-02-08,0.004216379703859463,0.003050640748136768,0.006632344697964143,0.010089703550114848,0.0039007910846835525,0.004373222426105272,0.006791218942573174,0.009090885971531737,0.008333379692502252,0.011316436191698642,-0.0031168553736302673,-0.010416652367572388,-0.01793525093898951,-0.01409027173909172,-0.01819455770300238,0.004585269337267439,-0.007960756973298122,0.009893949798476243,-0.00578038718258056,0.00973520295497643,-0.006685894275793358,-0.0032365422951246003,-0.0010623697590689263,-0.0037396659735985383,-0.001075096629732486
2022-02-09,0.003498950464351891,0.004257981952675793,-0.0021962155077099865,0.005549389661128723,0.00777137395172578,0.005805537257189464,0.008993807710963031,0.006006029054705486,0.0033808505785850596,0.004795594429827688,0.01406975210531436,0.01818183278353014,0.02182626968668333,0.021437507436173897,0.02138276524908611,0.004564261463145369,-0.014197560807331144,0.01889441793109614,-0.0058139019105275525,0.019668362296983988,0.0018817001540234468,0.0013528807862233094,-0.00011809650431637841,0.0033543500680162097,0.005261836851945034
2022-02-10,0.011506340484676247,0.012719507977545952,0.0139397934992187,0.006622499825896577,0.007986700354227771,0.011543944980287879,0.009470755936954456,-0.0002984573592000883,0.004867131133329261,0.0006817904385654217,0.007194311592171543,0.014097744158726888,0.014603272740787654,-0.007407341706934245,-0.006629467378548304,0.003304495418424036,0.0018785054771182086,0.017170328950553815,-0.009746625656812946,0.010968207123407625,-0.015892487644601938,-0.009187503818305243,-0.0050815444483444105,-0.01361139156139024,-0.013204861320366357
2022-02-11,-0.0006894595064568243,-0.001794276658095173,0.002170789134461115,0.0010965581892770082,-0.0016392776255488295,-0.0014265117874148192,-0.0033113339134676067,-0.0017916204922018286,0.0007451735339034649,-0.0013626518341390836,-0.02219384987122963,-0.03058390180806747,-0.02427499649056042,0.009121032574619381,0.002458784821256277,-0.004940339016483497,-0.002499997615814209,-0.003713727407771872,0.0,0.0014965373450459563,0.01482789646783056,0.010363630814985703,0.003088187424829858,0.007424129943022217,-0.0034960011669893376
2022-02-14,-0.015522594324740902,-0.013780634374350287,-0.01516249894235111,-0.015881758260344325,-0.013957365173840164,-0.02071424211774553,-0.022702096319841436,-0.008973952567212451,-0.00930752026504622,-0.007505158560225489,-0.008087695238246928,-0.01816445079919371,-0.021796519235582346,-0.011503725755553806,-0.015066583440151105,0.01572193461179605,0.051378486625225595,-0.03015924673807846,0.015748016714081325,-0.03175195970266287,-0.012441238486098571,-0.006928168501844745,-0.0021314424118463737,-0.008891325004149575,-0.001693769814181012
2022-02-15,-0.004554967837316237,-0.003645237431754933,0.0007331826099019612,-0.0027824151835907918,-0.0027754226341676347,0.0029175337613214225,-0.0011331704360306727,-0.0009056019627785572,-0.004133807133727463,-0.0018331351392364414,-0.007890563741413281,-0.002921085017309921,0.004276358888227305,-0.00041563711985914686,0.00462465876712681,0.014256635126137507,0.0005959611723851399,-0.007337547218539298,0.001938028910378975,0.0019290122548321076,-0.011352838684657307,-0.0029899594350142333,0.0003560746396906733,-0.005010932916517108,0.001696643537790754
2022-02-16,0.016543405802464495,0.015853695753144104,0.0065933618790063875,0.015066947512404338,0.015307521079573227,0.013818137428977195,0.015882058988897496,0.005136011827175491,0.007924493753685091,0.006887034609794451,0.01564157299825486,0.02441406213620212,0.026669710217224862,0.010395010724771891,0.010623270072261048,-0.014457779458559639,-0.02858853028060626,0.03484686266735659,-0.015473872828915214,0.020023032133351437,0.005926826767520765,0.002090110192888961,0.0013048707754379496,0.0014621095303661846,0.005564953594159094
2022-02-17,0.0006925630730103549,-0.0006002767097949002,0.005822438772162819,0.0032985493328663296,0.0,-0.0014346984002789887,-0.000558360076328035,0.002103988393780787,0.002995201564840011,0.0022799469386576288,-0.003654481840956292,-0.004766444163269656,-0.006548854895532141,0.005349838362009862,0.0052557678247537876,0.012632414603792164,0.006744366275502234,0.0023809939014667325,-0.001964681450304373,0.004907581504342673,0.007438463071999468,0.005350539450862168,0.0005922926216590518,0.0007299565027361066,-0.004210852886792238
2022-02-18,-0.0027681238511029216,-0.0036036402613550678,-0.002894311905333624,0.0016438523383990322,-0.0002740767998538063,0.0028736290520334773,-0.001675909493641603,0.004799035593276324,-0.000746564280708184,0.00045496947634693363,-0.008383539695439812,-0.016283568513313806,-0.009448396096183975,-0.0016373686053073877,0.0006970564671582302,0.0072434729341093185,-0.01522533488662603,-0.00033934882719099946,0.0,0.0041321395022402285,0.01052710367778209,0.0032473444738367885,0.00011842453633548189,0.002431537189465205,0.0014498338945152511
2022-02-21,-0.0020819086679448873,-0.0018082447498818377,-0.005079803575760988,0.0,-0.0002742565367612748,-0.008596075605766251,-0.0011192197439499063,0.008955201106285005,-0.0014942441106960969,-0.00022733791808249304,-0.008190160398703905,-0.014605647951050682,-0.023291992216257773,-0.003280029754326619,-0.005921218194578581,0.00039952970864964854,0.0043289854356181046,-0.0023761445774895806,0.0,-0.0022445776780288806,0.0,0.0,0.0,0.0,0.0
2022-02-22,-0.013560479185388608,-0.012681195809877699,-0.013858563608223795,-0.017505453472755894,-0.013165100227354287,-0.008670498563314366,-0.01288512814123488,-0.009171525609203202,-0.00897866723637375,-0.0072776821910468525,-0.018380458832670143,-0.025494014619186878,-0.027026996586439367,-0.016865481547480354,-0.01471619000773905,0.011182059467228278,0.035098503870543585,-0.03470562062361149,0.01771656573613334,-0.032995942661283695,0.002604359556381386,-8.99310926154584e-05,-0.0009471034674861656,-0.0012936906671617843,-0.0022922239450514637
2022-02-23,0.002819837005805015,0.001223222925028633,0.008875717273141515,0.010022203406448105,0.004446910768419743,0.0036443149498657235,0.005107732176655944,0.007763460988429172,0.00453004304530924,0.003436373561011452,0.008955273940823627,0.01906304199006037,0.003034572074047448,0.0062761347667124046,0.010668535850183236,-0.007898849052186296,-0.006543647025438082,0.01339438713240404,-0.007736936414457607,0.01318338106610839,-0.013781684916512105,-0.005215374838858922,-0.000592523428361913,-0.009067318228836552,-0.001813711028045728
2022-02-24,-0.024253054117695516,-0.02382403157721169,-0.02785914928891131,-0.029217133248599647,-0.024349780934619814,-0.026869985695300524,-0.02653864131289352,-0.016592633282696778,-0.018789928167288195,-0.013926954816826154,-0.03684773858632939,-0.05014926284106813,-0.057947442581572584,-0.01205817120076369,-0.008444749137011986,0.025079583587538812,0.04550887944986126,-0.05356519616168476,0.025341152347144957,-0.052812814533702346,0.0006585572249275806,0.002350195631252605,0.0008300607927260728,0.004738576992027621,0.007147138898598193
2022-02-25,-0.0021614052245081394,-0.0006258204105492604,-0.0007541938077857413,0.00681429248524168,-0.0002835598981607568,-0.005223857822702849,-0.00058005968762187,0.004218234713424751,-0.001149011334515726,0.0009261615373752363,0.026528816302999303,0.04860674035354329,0.04446638481758014,0.0058922301472985605,0.007806930836479875,-0.015145607364987823,-0.01489108448833898,0.0029400506248589142,0.0,0.0024242670849117243,0.0007310875309134435,-0.00027052736461352644,0.0,0.00406570162914055,0.005653129951329383
2022-02-28,0.0,0.0,0.0,0.0,0.0,0.0,0.0,0.0,0.0,0.0,0.0,0.0,0.0,0.0,0.0,0.0,0.0,0.0,0.0,0.0,0.02191860968089765,0.011365705658428649,0.0017769682499340078,0.010689987519749256,0.0007175883046977027
2022-03-01,0.014079400348319115,0.011897365006770855,0.0173585135981722,0.01579245912895133,0.015319174908577038,0.016504102759757444,0.01741155846660236,0.016501626367991795,0.007285296572601352,0.011334760204844807,0.02557134070530176,0.025974011126416396,0.03098395012093702,0.01171551008847782,0.007746521959795416,-0.004337563395273025,0.017441815334505728,0.03591065785902581,-0.01901147853960916,0.03708174713068968,0.011546493107526173,0.009730626445269156,0.0023061235095792353,0.0034134467830793875,-0.002784760614633595
2022-03-02,-0.005695999068284996,-0.004331758543269171,-0.00816028248228795,-0.0005552809557270999,-0.0047499854510711925,-0.0022140446624192567,-0.006274991787955986,0.002656438894643065,-0.0007613421170596935,0.001372313744706366,-0.009549087614487695,-0.0068159393285568415,0.005505888452091323,-0.004135665020993495,-0.0062893186547021696,0.01544552038211644,0.12114290509905135,-0.006367238177650503,0.005813994320832405,-0.006607002604372414,-0.03418260245391125,-0.015029590125266168,-0.0033046901640243487,-0.01520366093718295,0.0024059254690820264
2022-03-03,0.002148249658930901,0.0012430839938994964,0.001495863521370211,0.004999966091579822,0.002245980725818386,0.0014792674020454033,0.001722197848112117,0.00735943453094845,0.00038096110026031305,0.0015988966828688334,0.01392609683017465,0.007843167174096166,-0.0018252755581225077,-0.008305679550378975,-0.00597749905420597,-0.005460194734051349,0.05555546374185827,0.003559985837409796,-0.003853560829674585,0.005477284284247652,0.010185384166594202,0.004308371885480167,0.0,0.0036564308877715668,-0.003000119938876944
2022-03-04,-0.010718113845724075,-0.010552527266441514,-0.011202390353801106,-0.009397440605857454,-0.01008405049462302,-0.010339689509548222,-0.013180598253808795,-0.005260090553909191,-0.0068545431685795855,-0.005473155578583855,-0.008980458190878338,-0.01750975679301825,-0.029714268275669697,-0.014656553032720399,-0.012026888824988258,0.009411755730124094,-0.03428291240268466,-0.02128414377406207,0.011605404621686466,-0.022568105259758053,0.017263926246013694,0.009920463101318555,0.0010657663769995107,0.0009715248530066667,-0.006499770144751005
2022-03-07,-0.03214154601899888,-0.015683814904180693,-0.031722032793490285,-0.03236608900966109,-0.02914540958827505,-0.036567118630480455,-0.027293805580468122,-0.017332553957681074,-0.023389594023621396,-0.01651000253671675,-0.008262296628700372,-0.015445520382116329,-0.026148423802164866,-0.023799462683774864,-0.01969212812028709,0.027195057077074924,0.14700002670288081,-0.0674157539506659,0.030592704938546822,-0.06568471417378119,-0.007629829451703096,-0.004247817317996394,-0.0013011664201597606,-0.01213199617765115,-0.008723058065385647
2022-03-08,-0.02126870226504196,-0.032504723028168536,-0.018720701666266937,-0.022491315073589813,-0.018944957734245538,-0.019364891643691817,-0.031641832038537765,-0.013452937299721301,-0.01334904443478413,-0.01142452484827483,-0.02176827676762172,-0.02654866577667292,-0.03072086243531791,-0.009142320015245509,-0.014243951848153302,0.0015128217613757933,-0.033565843061795,-0.043917560548277446,0.022263518621287615,-0.0430336215426278,-0.010059595565883761,-0.006487697736560882,-0.0013028616600019305,-0.005976713043941095,-0.003544376883512612
2022-03-09,0.010293604013288604,0.005270112224471157,0.008744025814280132,0.015929185535352053,0.008912633345826038,0.011848401638813177,0.012330503785828562,0.010909109404592776,0.005969022319471051,0.009433907943081188,0.0032966738146824603,0.00681814061887942,0.012977301265885366,-0.02065023324376225,-0.025565044087031863,0.03587616236262292,0.030672093046264504,0.027235759952203953,-0.012704204855465528,0.023152256486785427,-0.009798984261086163,-0.006172309113116836,-0.0005930153218546286,0.0017296687104721986,0.008340492031853941
2022-03-10,0.02905664983785372,0.028833510619256764,0.026792761899104844,0.021486626096481887,0.02444057283364831,0.025761027601373332,0.029232615103901072,0.015887253285373548,0.01977848047544284,0.01518695180994456,0.017798403697540488,0.027088030109257755,0.03399854799032931,0.021534298901798588,0.030418295346634983,-0.04119580953493518,-0.1199124606291112,0.05342309229055564,-0.027573546652511105,0.053959937910407874,-0.014367332366115648,-0.004590478336948589,-0.0008306597556981821,-0.011429035999487414,-0.00839316931140277
2022-03-11,-0.014301519030008869,-0.01210187195212975,-0.01304679131562958,-0.009664565134906211,-0.00977292738259583,-0.01217649101252638,-0.01301771114321626,0.0002951353322693251,-0.0038789906441518696,-0.003912588737802314,-0.006187773838215782,-0.01338657700616308,-0.02382654207564605,-0.027668030542372213,-0.03136532728800012,0.003041822282387141,-0.03630041906658099,-0.02479341022111825,0.013232546723281446,-0.023947164016675293,0.003346697350683492,-0.0002712612378177326,-0.00035628005206833624,-0.00041589495435145896,-0.007237443108270902
2022-03-14,0.0,-0.00322372650112146,-0.002332838549916727,0.005740528229154496,0.0011611295977205227,-0.0038520800326994342,-0.010791385004946807,0.006784646958223561,0.0031152617895386925,0.002772706792206092,0.0018949566168529053,-0.0042527925197944905,-0.023431849415830874,0.0031616845868995824,0.00609523228236597,-0.005307027827986088,0.006191994036631954,0.0026963854891974837,-0.001865714297152321,0.004653156226380073,-0.02334896649445528,-0.012662752599487126,-0.0026137724306651844,-0.01447826476411318,-0.011862091694706978
2022-03-15,-0.020461310453020243,-0.018758143860173382,-0.019485580206817787,-0.019977169297748176,-0.01768630271573468,-0.02552206476311414,-0.023636326645359862,-0.010254974446670562,-0.004658417630713174,-0.0032258801710460805,-0.009186710835111578,-0.01688017179715151,-0.036240865010529255,-0.04187295975519978,-0.03710713926158382,-0.022484762108774592,-0.07230768448267233,-0.040722210302819306,0.022429885551058515,-0.04336843390213818,-0.0017455657037624972,-0.0004580711806551063,0.0003574319211696597,0.007852079415785695,0.007502794359915077
2022-03-16,0.004177767392760101,0.00329597897204037,0.0,-0.0023296092230272736,0.005017655359677686,0.0,0.0024828681975970213,-0.002072223130662798,0.011310488394333795,0.0078594582935676,0.022907013758709738,0.02916838731819138,0.03241701129362062,0.012687901395815215,0.013763286561915278,-0.008187098931609627,-0.010503069787450303,0.008410116656713207,-0.005484412088092694,0.006162012209852241,0.009807713501818416,-0.0013747733941875673,-0.0009526295291352183,0.008544832199022467,0.014025037330247958
2022-03-17,0.03177002303477017,0.03285151182821844,0.03418126349320261,0.02159951478298705,0.02907493981348641,0.039682539682539764,0.03900935498428004,0.008899413978291415,0.013497893457404375,0.009633073356456023,0.015196041989537168,0.0281407341885207,0.0841496698959836,0.04222737260459564,0.035298674289155674,0.00825468082013292,0.0005586720164778569,0.06314538904912226,-0.031250013695920065,0.06955377721768063,-0.007453737679349981,-0.001927304389107487,-0.0003575539779653303,0.009801481112701405,0.006854408921741495
2022-03-18,-0.0021993240937856484,-0.003816735727572018,-0.0007686863860409954,0.001714303152901886,-0.0005707893048259027,0.0,-0.0029798058619254775,-0.0032342487822074606,0.0068492539240538886,0.0020445286608810065,0.0036764543833154306,-0.0019550789019578962,-0.010657995507389662,-0.009795161278816966,-0.00936680385903288,-0.001169543069903356,0.08542717474487205,-0.007471049341802982,0.005692639452927528,-0.011860915732042399,0.012212702632097727,0.002942525929418016,-0.00023851522362983157,0.0019741536922923686,0.00328223481710177
2022-03-21,0.006612739574749504,0.00638569579198478,0.007692307692307665,0.0074158758079083675,0.00028550318111109085,0.006106893524868706,0.005977309277102272,0.001474903681711659,0.0007558752250829137,0.0034005374995718096,0.01648344409462532,0.030362375322726676,0.038173326440077204,0.0,0.0037821626115670526,-0.0015613159335298166,0.02932097115046961,0.012796363343164252,-0.007547162342173674,0.012417218229351379,-0.023156446952610432,-0.013019145254592801,-0.0033392818651426515,-0.013874023855872664,-0.011510928902140005
2022-03-22,-0.0014598317389941107,-0.0012691129396269485,0.0007634053703482468,-0.0011325719146012547,0.0008564828729560325,-0.0015174274932576726,-0.00178257200127796,-0.0023564603610265467,0.0030211452072894662,0.0031631994951428766,0.0025740615893452556,0.001901184253219279,0.005413892484917637,0.0076438884012361985,0.004144638252012056,0.0058639413204713,0.05996995711468189,0.0037160905883268924,-0.0019011841153402376,0.0,-0.01281176332594991,-0.005480761346234764,-0.0007179317795004136,-0.002414259980822342,0.005148298106380178
2022-03-23,0.009502946072786012,0.010800586232228682,0.007627764709716489,0.00907032969884658,0.009982842567362926,0.007598783842102552,0.00892866266017478,0.0026572233665813627,0.010918709388500147,0.0065314660104471844,0.014634138219749904,0.02087283601890677,0.0421808633831684,0.0058010294065329315,0.002626630237380745,-0.008938964101370406,-0.022630813906433622,0.01962231645021717,-0.009523845854259694,0.017988527337249094,0.021914885644452653,0.00672521237737822,0.0008382192915050712,0.002837322312403634,-0.0031707577589081826
2022-03-24,-0.0007241571259646307,-0.0012571477018116228,0.0,-0.0022471567218222965,-0.0005648251299027462,-0.0007541938077857413,0.0,0.0,0.000744895995512751,0.0024614144938868154,-0.007844164213062776,-0.005576194076484131,0.0,-0.0031056610172819354,-0.001496968907432561,0.010196087407130738,0.0371442583100321,-0.002178671448123337,0.0,0.0028112327238642987,-0.007832690336858406,-0.0055668814336296,-0.00023934280955595355,0.0004161026256113143,0.002079836099619037
2022-03-25,0.001449253248131832,0.0025173641953317727,0.0,-0.004504521533020278,-0.0016953252226191706,0.008301932856721761,0.0017698394068788037,-0.004416893852338899,-0.0011165123077221395,-0.00312498642929937,0.01249685513664911,0.016822458427643072,0.004520970527953194,-0.009790801961606643,-0.01236881259113165,0.0097049688578692,-0.02046514111895892,-0.0043667457887850425,0.0,-0.0040048058158658195,-0.013872902135809384,-0.01026309452312979,-0.002752462114156806,-0.007902217334806672,-0.0072030758259883365
2022-03-28,-0.01085383526138406,-0.011299453969081052,-0.010598100610051175,-0.007352958310624214,-0.0065101427968629055,-0.017215590918279844,-0.011778495935370281,-0.0008873881329636291,-0.00037258676695173243,0.0020152295766993067,0.007304808814967645,0.0009191035966562566,-0.0010715653069879316,-0.00674155588900105,-0.006831131027321136,-0.008458258801174567,-0.013770133691014097,-0.018274853393490997,0.00961542164785767,-0.017691974067052696,0.008549594383779002,0.0022624232619430362,-0.0009600603539753338,0.005533693977409326,0.006271546214269508
2022-03-29,0.0010973603410557864,0.0012698218936011418,0.0007651576576181984,0.0011395837506678053,0.0,-0.0038080730264941076,-0.0029798058619254775,-0.004144446261325485,-0.0022362827474095015,-0.00357541558462815,0.010252558894811914,0.01652888335300462,0.022527337981354867,0.001357410804482484,0.0015284298074933478,-0.010469191476496387,-0.047664889229605656,0.005584512159027666,-0.0019048055013021203,0.0016373061460814853,0.007552489425209474,0.004984939623948081,0.00048049147780582224,0.008421597045446427,0.01234259421038697
2022-03-30,0.012422337394389915,0.011414096934628137,0.012996918261305446,0.012521326046979198,0.009116800818671056,0.016819548141536744,0.008965906911807542,0.001783631818658149,0.008965250915733858,0.005830866127909395,0.0024752096619857777,0.00903342391660189,0.00860259858843393,0.014460081984104534,0.012209142058399625,0.0003918584914754941,-0.0020222909069134154,0.021473482643113773,-0.009541930549938904,0.024928509111530106,0.0078016595595538085,0.003930726953141006,0.0007203452747539529,0.002315187478456826,-0.003017865898741645
2022-03-31,-0.0032479028389056364,-0.0018808968762245026,0.0007547630454010079,-0.002810567831109334,-0.0016938893759275153,-0.003759398496240629,-0.00414690155831976,-0.0020771422326256728,0.0022213796902610383,0.0017837644097322691,-0.0017283875265239335,-0.0026857245349997116,-0.008529225088725223,0.004454274865155927,0.0026385108561062243,-0.0027419349898203382,-0.036474129772176234,-0.007249003422415412,0.003853560829674585,-0.0055821735974401765,0.002428713855191722,0.0018644969133561062,0.0,-0.0023098397663524617,-0.0036323457520925917
2022-04-01,-0.008327364985135643,-0.008165848471595516,-0.009803944132121267,-0.0033821356559722293,-0.005090506280225782,-0.01433957657724061,-0.010113032819445977,-0.0023788827985062877,-0.00036942109326099093,0.00044514706494158673,-0.009398987515381929,-0.012567338480275358,-0.019513225097634534,0.019955688610396205,0.015413527877154776,0.009426617717876118,-0.012618284192532747,-0.012048148472087683,0.0038387679040452483,-0.015236519189916087,0.0038007498849064467,-0.006504137776910706,-0.002087571537588912,0.0033487174492209584,-7.296107933352312e-05
2022-04-04,0.0,0.0,0.0,0.0,0.0,0.0,0.0,0.0,0.0,0.0,0.0,0.0,0.0,0.0,0.0,0.0,0.0,0.0,0.0,0.0,-0.006949676197396504,-0.0006563496842260097,0.0006014319476173036,0.003468542497663041,0.007565622570719688
2022-04-05,0.0,0.0,0.0,0.0,0.0,0.0,0.0,0.0,0.0,0.0,0.0,0.0,0.0,0.0,0.0,0.0,0.0,0.0,0.0,0.0,-0.022592431682797343,-0.011915971576676121,-0.0018031196234734592,-0.01752946132306421,-0.012958698059572504
2022-04-06,-0.005111332339107211,-0.005066420670625238,-0.0068546011755891145,-0.0056561084996545885,-0.001989758221062843,-0.0076569674828911305,-0.01382208838177057,-0.002384441674414539,0.0103474017801779,0.005116786169800491,-0.0007490332052020321,-0.0009090770374644563,0.007917803028231196,-0.002173879872197637,-0.0025916214080357047,-0.007782130622652095,0.023429105996884747,-0.008130126228414247,0.0038240881173183805,-0.00610749170489755,-0.00809408125503741,-0.0035133902361135227,0.0007225139442710304,-0.005863603320045652,-0.007852753247220123
2022-04-07,-0.017981628977924324,-0.015913430317454624,-0.013803588015484425,-0.019340211013946562,-0.01737398461256978,-0.01774693629196844,-0.01828148932663498,-0.017030166538256397,-0.012070223916030853,-0.009517492303480979,-0.014242870772222638,-0.024567830210638575,-0.03142249660686314,-0.007843150291587442,-0.00705272940946744,-0.00196075439453125,-0.04370448400610705,-0.03874811524956823,0.019047600882393878,-0.03973786138668822,-0.0075323586305185986,-0.002477626550234202,0.0007220841045738613,-0.004634336453855137,-0.001607683062536669
2022-04-08,0.0056053810380698454,0.0006467712857631813,-0.002332838549916727,0.009280778191188999,0.006666653398154532,0.003927729678032454,-0.004345108142282728,0.008206584515019877,0.008885589377431113,0.006927404989743424,0.010899880782251792,0.011194072871252958,0.002192071266105655,0.01317519679531931,0.008971954060492005,0.005108021880922964,-0.009249188468779868,0.015116255412730206,-0.007476628517019468,0.016211617537140288,-0.010830857303539498,-0.005063037617040078,-0.0012025745443923208,-0.00787268540420516,-0.0060696825565284
2022-04-11,-0.015607625833407135,-0.012928248477400706,-0.012470818904580683,-0.012643660622081554,-0.014396775312131349,-0.01799689355896439,-0.02182053087074498,-0.010853084580249917,-0.0014679235055905515,-0.0028850657823612513,-0.00677032222999463,-0.02214023516693342,-0.02887138363037689,-0.025574345920787223,-0.02408297977185736,0.007427698773428748,-0.001098218090087144,-0.033982413531487454,0.016949181460966134,-0.03232576426067424,-0.01582483466647533,-0.004800768052564686,0.00024084123584078299,-0.00972695750283925,-0.00685437982310344
2022-04-12,0.000755047986559898,-0.0006548189045508801,-0.0015785079168066929,-0.0011641265697878156,0.0,-0.003984063745019917,0.0006373632344987001,-0.0036575050764771078,-0.005145144959902925,-0.0028934134705593806,-0.007826341037975193,-0.014150943396226467,-0.01959465578114772,0.020017827940519872,0.016324992508913727,0.010865299740905554,0.008796033134388148,0.0031620673982521996,-0.001851894204671356,0.00043386595885297474,-0.0013805276091272134,0.0048239266052994,0.002527673084308457,0.0006893144299291443,0.00765466923909397
2022-04-13,0.01886080680830915,0.018348543125675798,0.018181842306385976,0.01515146126019462,0.015483458556372787,0.020799987792968766,0.021656121681069118,0.012848026958906633,0.00591059657243731,0.008258904870219075,0.0007634247983865361,0.0038277657978842416,0.00528370201438455,0.004361115575177488,-0.0011206830830220449,0.004222672306073205,0.038147075805932795,0.03349087722224153,-0.016697528382206506,0.03512571825817945,0.00203301616262741,0.002208312281991809,0.0004802607166245476,0.005166165638662568,0.0059775306263647465
2022-04-14,-0.0037023323857932056,-0.0025739633989356747,-0.0007764448846747651,-0.0011480881271289656,-0.00345221339698476,-0.0031348082340301175,-0.0006234556303643668,-0.0012081218601620591,-0.013220665040575508,-0.007527039000952973,0.008644706891983045,0.01715915534967105,0.010054900783433851,0.006513226837081776,0.0003739801408912946,0.0007645434969545395,0.032021030697200636,-0.002287364139761494,0.0018867456009075134,-0.003770397603647724,-0.020045456875779633,-0.009005507154110748,-0.0018000902746051484,-0.011649825554550963,-0.0066848344105909785
2022-04-15,-0.017094039387520965,-0.017419335149949644,-0.016317004847837158,-0.012069000594917334,-0.014434180392896234,-0.01729557390742209,-0.021834083997345655,-0.005140555503903355,-0.005954661323535171,-0.003122980116603946,-0.006301991720173761,-0.015932492941558518,-0.020362025120903016,0.0030198314884659627,0.007102823703088568,0.006111529623644696,0.02238049529362196,-0.03477266212856189,0.016949181460966134,-0.03532383956044416,0.0,0.0,0.0,0.0,0.0
2022-04-18,-0.0052929825954041165,-0.0065659880496532486,-0.005529201869503009,-0.011052902640755868,-0.006444089766733607,-0.002400024414062507,-0.0019133090600518265,-0.006686966884487,-0.01497565077652152,-0.007831695790474158,-0.005327222075776072,-0.011428542364211314,-0.016859112126993314,-0.013763427734375,-0.01224944013229945,0.0015185652219815715,0.016915430155978406,-0.011876484273601329,0.005555506007662414,-0.010897995058919308,-0.00496893146270061,-0.0029002614527948722,0.0,-0.007626948122430255,-0.0016201053948017297
2022-04-19,0.0034207292877457274,0.004626549465453156,0.004765674875689019,0.010588253245634283,0.005306613056971665,0.0056135091801747805,0.003194900444320803,0.005201902305930872,0.0034207584346170883,0.0002254921402524701,0.008671261426336896,0.015414243035458242,0.019497341719633576,0.0021805161969081777,0.0022547713102660794,-0.007202374251457866,0.0034246425144452974,0.015224309695700766,-0.009208050732665174,0.016747479744276372,-0.0074906493087730786,-0.006592983412835207,-0.0022842322758975797,-0.007947630236763148,-0.0008737947109087596
2022-04-20,0.004924196185487784,0.004605243080540777,0.0,0.005820721666103479,0.0038123482091616534,0.005582112756974178,0.007643304905536663,-0.000608725844604252,0.0037878932922232877,0.002029315798971476,0.008596717045427749,0.011385170122104382,-0.02281109778018031,-0.015230652238545028,-0.013498335557619812,-0.015272990086812377,-0.038517840405232096,0.010260482107895097,-0.0037174684946251757,0.010836584451974884,0.02012579895915234,0.0078079548985576785,0.0006025190148803983,0.010388241422824684,0.003123438245132615
2022-04-21,0.0007539095975659382,0.0,0.0023715656265439478,0.0011573897263317257,0.0,0.0007930093206274247,0.005056885287565871,0.002132186747489051,-0.0033962321731279,0.0,0.008022053139144836,0.0009380720033065337,-0.02192879765437039,-0.016791832737908408,-0.02014438578696831,0.0027142183923720697,0.0015213330471666175,0.00664067268371582,-0.0037313396321504433,0.006432247082460041,-0.007398286186518832,-0.00552004341499257,-0.0016859271207240178,-0.010629900034786588,-0.006850206071568832
2022-04-22,-0.008662854210805038,-0.0052390508693263005,-0.00788643514142362,-0.00346824337292273,-0.004089961773902195,-0.011093454281607906,-0.011949659430297688,-0.003647499726941894,0.003407805873073766,0.0006751258983186403,-0.018900729640321745,-0.02717895013521976,-0.03712634842146667,-0.0017977939562850986,-0.00853379421425271,0.0,-0.007594917393937917,-0.017462223692771284,0.00749062934645095,-0.01789517257287565,-0.006294013550562916,0.0004868577385788164,-0.0002413060566072156,-0.0011449130719375367,-0.006019510163006281
2022-04-25,-0.017857188408237024,-0.019749836211609195,-0.019872813508370335,-0.026102089091151415,-0.018187120243755683,-0.024839791888706664,-0.02418842224813511,-0.022879805611026538,-0.012452827309662462,-0.011468453389496092,-0.026869489297622895,-0.02890173325432477,-0.02203298156423794,-0.027465048543355852,-0.029342723617789668,-0.01740142120334376,-0.030102048015554606,-0.048578211690390005,0.026022279462375897,-0.049891540130151846,0.010000871730984962,0.006424018647387175,0.001568591784758322,0.011109170839110893,0.008453168696535451
2022-04-26,0.0,-0.0006715302137357826,0.0032440704508049922,0.0005956289883921606,0.0014938522628322737,0.0,-0.0013045990990794287,-0.0031220255364395877,0.0064959906686412605,0.00591451641595464,0.009898439024661698,0.017857096903449943,0.01766509478877798,-0.008333347314669504,-0.020959232632344893,-0.006296727602239871,-0.0015781528818672452,0.0012453427121577043,0.0,0.0013698769486658602,0.01006684706762817,0.006673063847479899,0.0018070295388348256,-0.0005231736870778825,-0.005880160376687593
2022-04-27,-0.020889724938043974,-0.021505355393904968,-0.02425222371877056,-0.01845241728283109,-0.018794781011684525,-0.025472461395701584,-0.01436971005872234,-0.014093352916959123,-0.01290813024366999,-0.012437879614989877,-0.02140835236664229,-0.0356724764829115,-0.044276687334168674,0.0014005922753805855,0.0020584287845204496,-0.003564362478728378,0.02581663766786524,-0.035240464790818216,0.016304375525157955,-0.03875968938310448,-0.012825808980060693,-0.005572045557359906,-0.0004810114690455558,-0.009596982002763266,-0.004908122251975344
2022-04-28,0.004346071980245947,0.0061812765024509275,0.005799540972125206,0.0018193029888535772,0.007297101943466,0.009274860778021976,0.009277626788123605,0.007623881023129053,-0.0007692483755258328,0.0013739724251622398,0.008961522532806354,0.014756408413647337,0.029218129681827687,0.02937058920086799,-0.0008217114888368071,-0.011923658143082383,-0.009758532789400975,0.014181362677421205,-0.005347630854610319,0.016603415319404125,0.0014895755596719962,-0.001449150060701232,-0.0007219103224914702,0.0029951019850202876,0.005564720413614221
2022-04-29,0.012981916173782304,0.013651877133105783,0.012355848279624881,0.016949171328586976,0.00935700418350116,0.01253132864028883,0.011162185253026147,0.009142465777312259,0.010007707215665906,0.005259536808688514,0.011233028184116423,0.014940238816762985,0.023017942736611285,-0.0004529089183147317,0.025904649507430433,0.017699059368718295,0.054460539401735675,0.021186440677966045,-0.012544748347904533,0.017732165177991366,-0.012973060141909798,-0.005321236924438755,-0.001926270616634418,-0.01106624037832582,-0.012325535537711096
2022-05-02,0.0,0.0,0.0,0.0,0.0,0.0,0.0,0.0,0.0,0.0,0.0,0.0,0.0,0.0,0.0,0.0,0.0,0.0,0.0,0.0,-0.017304283766219206,-0.007440904657277603,-7.241316824272012e-05,-0.005914726269719974,6.372822761381005e-05
2022-05-03,-0.0073786170737257795,-0.010101010101010055,-0.008950353624604834,-0.00416664850144155,-0.006279877185907723,-0.014026377813921576,-0.004545434841439211,0.0024992763276987517,-0.010670757968286981,-0.003412140907769534,-0.02066647522555598,-0.015701653092858425,0.0015000343322753018,-0.002718598403807615,0.002805598905158968,-0.02608695127726779,-0.011313307579904786,-0.011618269924306257,0.0072595209058901045,-0.01054563497199612,0.0067417726017231505,0.0011774210041008981,-0.0004828113007128154,0.006447002316759098,0.005240905216943315
2022-05-04,0.0,0.0020408370867879277,0.005747101237302266,0.005379521100223439,0.0018056387035079169,0.01087868662558833,0.0019569297534567376,0.006855756299688931,-0.002696444425766109,-0.0006848343541123736,0.00026373836912285675,-0.001994063524938361,-0.00673990136065461,-0.004089057321761902,-0.006794567273526786,0.003246750230832429,-0.012935334524746156,0.0046179937766945844,-0.005405443022944767,0.009267840462079624,0.005509888269500385,0.00646801280667586,0.0026566987947012066,0.00978646316003684,0.010172978865296445
2022-05-05,0.011345828745050524,0.01018329917802463,0.00897957938058025,0.008917954977499587,0.007509762484968707,0.0082781454862344,0.01367187778911716,0.00711852468153884,-0.0003862583668439168,0.000456840071295872,0.026898747547910107,0.027972058885512352,0.031163554542308347,0.005474490821885336,0.010462785709883349,0.019012994893135682,0.04435479606847759,0.019640605467212024,-0.009058005599208552,0.028925633441156062,-0.027398414472669108,-0.010029199706948044,-0.001686130214461068,-0.015330377654357075,-0.017749290266567797
2022-05-06,-0.020116042352967822,-0.01881722442427558,-0.01699027912658735,-0.01649972364237462,-0.015503889194079856,-0.014778349808356905,-0.01862555989319825,-0.008912136059251341,-0.012364749041774648,-0.008675823624072154,-0.026964542221127652,-0.042759975321986055,-0.048988505516295966,-0.03130673799434858,-0.02867388304269114,-0.012306525078150887,0.003861000306814244,-0.03852456514952618,0.020109714393709455,-0.04730033830797531,-0.014735239119053278,-0.005704749104951223,-0.00012066758721340776,-0.008500398706853152,-0.00563888822619063
2022-05-09,-0.016581116848166766,-0.017808260982983715,-0.016460905349794275,-0.020371444103186365,-0.019382173857540375,-0.012499999999999956,-0.013743458234088513,-0.021085280780644422,-0.020344231661973078,-0.021879248924557504,-0.014251805865029166,-0.02131978146315827,-0.02742182681372385,-0.022014108304702962,-0.016400148771633094,-0.00241155417870742,0.013942352219447729,-0.04219952641819258,0.019713285845592843,-0.041217812888795335,0.008797396112505629,0.007419131735776796,0.0025337728213303823,0.0035195325172912018,-0.010568368778537729
2022-05-10,-0.004415921624098651,-0.0027893578347926162,-0.008368200836820106,0.0,-0.0027794981352398107,-0.010970489888251556,0.0006635852079857063,0.0025340489223752982,-0.0007987402968212542,0.0018836358384286545,-0.014725549117267756,-0.018672230531807554,-0.02766796352968548,0.011015395537808947,0.012922028716131795,-0.005640587887582926,-0.06543390507969715,0.0017801920814692895,-0.0017575094518929024,0.0009770246762277335,0.009069511922334739,0.003338609382477431,-0.0006017020648306781,0.004226629798577131,0.0057314375491246405
2022-05-11,0.0016128786148563723,0.0,0.009282687545325796,-0.0006116581254778097,-0.0015484433460174474,0.008532423430365865,0.00265251737767902,-0.015165862496734461,-0.004796196524295526,-0.00681553280204894,-0.00027169352555678206,0.008033849349779576,0.006233049667356383,0.018948347085036454,0.02469137449826131,-0.01337114747267032,-0.005073489536581044,-0.0035539894716392073,0.005281727238559464,-0.0029282130922350103,0.019272347891953645,0.006165563236801619,0.00012044961609092297,0.004656615751656323,-0.0059577657029808995
2022-05-12,-0.02375198889474639,-0.023776181094296356,-0.019230731201563933,-0.026927748230344606,-0.024503749205912362,-0.025380711315192706,-0.013227500712890472,-0.017324379666525447,-0.025702787126637427,-0.019876956600821116,-0.020114206579279426,-0.03817113429478425,-0.054942118417528385,-0.014411876459496376,-0.016867473201942818,0.00739220954233577,0.01835791391117536,-0.04725816299284513,0.02101574163877329,-0.048458193868775146,-0.001865365576979916,0.003307109963613941,0.0014448538564497682,0.00044563170759714943,-0.00039086357390061277
2022-05-13,0.009072152363885255,0.010028609135204869,0.0,0.011949647147700526,0.01017487081276336,0.013020833678267563,0.012734556260839858,0.005550116909950553,0.0028853954725394093,0.007242951835346512,0.011373088934510056,0.015481881269587161,0.017098845013166608,0.00047161892327296506,0.001634024357652919,-0.013860584715474245,0.033550330462249756,0.026204989159976266,-0.013722114022807652,0.02932105136827534,-0.014780817581774852,-0.005235103320787249,-0.00036069231642810173,-0.00525656048752543,0.0011730492239139245
2022-05-16,0.005312640245078493,0.004255362436281107,0.0068200801496167696,0.0006215419969497482,0.00346234502417353,0.015424191078223792,0.004632736604173404,-0.002597400184666032,-0.00041102461624309417,0.0009587032516726879,0.008228174563731816,0.017178424786407298,0.023255866152753102,-0.0023573427260140667,-0.0036704792376703876,-0.010748252300192274,0.003875965410453208,0.009119926913671694,-0.005217427792756468,0.007995956001614735,-0.0010346848000402087,0.004190627644654832,0.0006014319476173036,0.0013434977503707923,-0.0014321131864071246
2022-05-17,0.01097559735057807,0.010593219882373717,0.011854373784650596,0.004968963054396314,0.0062736096472117975,0.0118143588681765,0.012516441143846313,-0.0009765227853971714,0.0024670833345097343,-0.00143672320414856,0.002176328474090994,-0.001688790757045533,0.005476472081942019,0.008979231352917783,0.009005293107093415,0.00877555711636302,0.04488418610015965,0.021238124190820606,-0.008741209044000664,0.019831433121074493,-0.012083562217363064,-0.007569863862252113,-0.0021637252060734413,-0.005724502434513834,-0.0009126427328471909
2022-05-18,0.010856441420882268,0.011180927858026601,0.010041815466461879,0.013597014256782503,0.013403879860825363,0.015846551306913925,0.009108675625579599,0.010426839011263844,0.01476622734798494,0.01342919780211238,0.012215004372301719,0.01289914566593442,0.017156787376759963,-0.00046839478703308846,0.0032454330606122017,-0.007042256859660201,-0.0050807715908124385,0.020354009307591348,-0.008818375672323575,0.023334968998398153,0.021317512326778143,0.007138624215620171,0.0004818806709785406,0.003688341302696463,-0.008221287694093804
2022-05-19,-0.019093030666282318,-0.01727712545076432,-0.01574145770110602,-0.018292682926829285,-0.015379883906940117,-0.024630541254791027,-0.012250195438669897,-0.010641725935838675,-0.017380772399107736,-0.009701842491631085,-0.03432562516943127,-0.04342383642578651,-0.044979929687006925,-0.008434878345300878,-0.0028305578697915834,0.0016687908499462,-0.02460541616149381,-0.031222948900526903,0.014234862159271389,-0.03277906839184974,0.0023951991072890255,0.0035926085470110447,0.0014448538564497682,0.002688922224418855,0.00671055442408508
2022-05-20,0.010948892463160886,0.010548523433133283,0.011784460105396022,0.008074553116508065,0.005935721692257534,0.013468000277946368,0.008485647325752632,0.0013037486238864915,0.009461186945198596,0.0057348073409180245,-0.002221550127359584,0.0021824197902033937,0.010092532347393934,0.028355405755974283,0.023925391574964205,0.016243206411106215,0.009043338028927206,0.020143241373968612,-0.010526306103030625,0.01768168338313414,0.01135007533359711,0.004643921485145475,0.0007214763653882184,0.0049163798056677255,-0.0006535492139809751
2022-05-23,0.0020056156994758823,0.002087703953576714,-0.0024958022460886964,-0.0024646281438815976,0.0015527713004930277,0.003322271767520979,-0.0025889943266562687,0.004557333988487677,0.0008149368243253186,-0.00332619123641964,0.0019482241644772635,-0.002613217261971057,-0.008326373778089868,-0.0036764670434089597,-0.0019801678043780413,0.005327912710970217,0.016981070285254862,0.0021939447713505977,0.0,0.005308909844194742,-0.01645434598334694,-0.006066999957973662,-0.00048060691954798784,-0.003558099380839508,0.003923660153675623
2022-05-24,-0.011208979253605755,-0.012500021192762611,-0.007506267843413239,-0.008029572834943655,-0.010852725006813224,-0.01821195796405828,-0.016872175954336543,-0.005184700072832782,-0.0036645014065531667,-0.0019070757949869455,-0.003055572509765625,-0.013100403583316766,-0.023789490204619623,-0.01153136515133335,-0.01150797248997848,0.000815269052394596,-0.013914621729673282,-0.025393992766906237,0.012411378247956462,-0.024483946369642573,0.019732353293861582,0.008623189589605618,0.002283865926624218,0.01312266795889161,0.005992692439693581
2022-05-25,0.0076922829817180904,0.007032348955422041,0.0058823272961527895,0.0105852857013371,0.009717851713148873,0.01011808257230773,0.011221127430657729,0.005863139848662158,0.006947285699397954,0.005015593611825908,0.007244417404628223,0.0024336417808592525,-0.008027597059052205,-0.007932807926880336,-0.006824571550995251,0.0016293652452321616,0.013640592900123538,0.020664828026048854,-0.008756600770722489,0.01919295872955562,0.003954242119212914,0.0020172823011603835,0.0007196592703873073,0.010309329635764808,0.015151491199816736
2022-05-26,-0.012454764647426342,-0.011871487321725493,-0.014202146963940732,-0.008626057479659832,-0.009624323960065628,-0.015025066827253353,-0.012402061629772199,-0.00259067117487799,-0.0048700866419331135,0.0004752053753869223,-0.0013832102253721335,-0.0026484825191986916,-0.009826594438788527,-0.007996240567438861,-0.005254614469251684,-0.008946698332221836,-0.002320150293767087,-0.020246438849092385,0.00883395619837768,-0.020280116288031058,-0.004525273671677876,-0.0004792965538629179,0.00023965295399475117,0.00026163246414401264,0.013904885518204235
2022-05-27,0.021155398224902422,0.021908170342866518,0.01864404193425573,0.012430081267042814,0.016927868797372403,0.02203388537390749,0.019167214782519038,0.009090931609783803,0.013050558272844404,0.008313593859950119,0.014681512919566542,0.027660987784611235,0.0551664710140336,0.00047416921808829393,-0.002438089061476023,0.0028723714572682635,0.026976740637491003,0.03638809803518073,-0.021015741638773178,0.03597833056358857,0.002441290624566772,0.001438725520865658,0.00023968694800347023,0.0052314801756816465,0.008933053025729665
2022-05-30,0.024302813161416914,0.022821491380895065,0.019966735331219176,0.018416206951526126,0.02096178588046893,0.02321727269638929,0.0226978196976666,0.011261273562705787,0.01811597263185094,0.009658417904436334,0.023204980871839975,0.03682176894351685,0.0434301418687435,0.011848341018019681,0.00814667084133891,0.005319114481419307,0.012228281643868355,0.04464674117038947,-0.019678019769548638,0.041864905706562094,0.0,0.0,0.0,0.0,0.0
2022-05-31,0.00972384263185666,0.007437499316501173,0.010603613930975975,0.01446660182984072,0.008152187997317206,0.00648294499571378,0.011414035908467568,-0.000954523905638216,-0.0011862667283293327,0.008866100389729237,-0.004002073452872068,-0.007476647953127746,-0.004241777365698751,0.011241206877282695,0.011313159056384192,-0.006919010110112311,0.0223713642714094,0.012033169694955825,-0.005474490821885447,0.01461185821115163,-0.021162279423174724,-0.010439650694895275,-0.0015573176519487753,-0.007372698997061167,-0.00860459434342109
2022-06-01,-0.005007774576201274,-0.001342261397598521,0.005649692813732399,-0.005347647884454632,-0.00329441786050666,0.01046701355636559,0.0006269736051047747,0.0038216828245623002,-0.003167059500442271,-0.007400635918125897,-0.0010715487159196346,-0.003766484656360314,0.0007986895154430407,-0.0013895639848762187,0.0,-0.011475359986654832,-0.02625822194542715,-0.006150061654518257,0.0,-0.004950453914645103,-0.0011410118451981677,-0.005623297388586471,-0.001859642753937787,-0.005819664690650899,-0.0036855153977495784
2022-06-02,-0.010452891277785148,-0.009408663484949398,-0.008828238263177468,-0.010752615642756869,-0.007812449851859582,-0.015936254980079667,-0.010025053072035384,-0.003807133169118959,-0.0071485426129555,-0.004426808826065054,-0.005095265131171756,-0.003990809472179224,-0.006118636374107478,0.00185533007969374,0.005593263516094682,0.008706429401572624,-0.017528062456109605,-0.012788741430622252,0.005504625845554889,-0.00949799206487778,0.0005162412490411494,0.001461860685962879,0.00024063843524446682,0.00044055552209520954,0.004182532632099445
2022-06-03,0.0,0.0,0.0,0.0,0.0,0.0,0.0,0.0,0.0,0.0,0.0,0.0,0.0,0.0,0.0,0.0,0.0,0.0,0.0,0.0,-0.002149982822708063,-0.0019463271066457732,-0.00036077905888598494,-0.003170414801199728,-0.007446723997059146
2022-06-06,0.007042205594626427,0.006784260796525388,0.004048582995951344,0.006038647120428786,0.006056958212198538,0.005667991483742307,0.008227855245036553,0.0025477683018455544,0.0055999755859375,0.004212504261739136,0.010512216182912981,0.009278837165674902,0.011241920826653873,0.019444447633170325,0.019467611030310028,0.006576237070030189,0.05809691285249308,0.00961137911586385,0.0,0.007305963942993765,-0.018443500923575606,-0.007507767759320605,-0.0013233951722418924,-0.007067788978730172,-0.007502496725200758
2022-06-07,-0.010100974772253357,-0.011455505513214614,-0.01129033488612019,-0.004801938910258707,-0.00993382958845368,-0.018518482116563595,-0.011927214715487744,-0.0012706165425778737,-0.008750967330773962,-0.0037287310179694444,-0.0074687271661277865,-0.008566649439687435,0.001323532381510173,0.013169800279294153,0.009742790393087786,-0.007349951280443134,-0.0012969641325262238,-0.01738415604688237,0.005474490821885336,-0.01949230703892213,0.010799924168279462,0.004027861568201452,0.00012040123573942019,0.005338539704417444,0.002306217785237097
2022-06-08,0.010989022834466233,0.011588254830311673,0.012234910429600232,0.009047044465564591,0.011553696417362369,0.01886788673973072,0.011435851829303623,0.00508905358442302,0.007223126188792062,0.004210533454404253,0.011556041810149242,0.014120087632719436,0.017975058354882334,0.0013447192901687721,0.001157880618378515,0.002056813883489772,0.008225131208656977,0.02148275583250192,-0.010889367899150737,0.022653693145403553,-0.00886035656814843,-0.003718172845058043,-0.000722688039264785,-0.00575273509308849,-0.008564563077964604
2022-06-09,-0.003105661069842447,-0.003369272375770893,-0.00483479840047063,-0.004184082100857078,-0.004508612077397833,-0.004830905707438382,0.001256250250848634,-0.009493706986949957,-0.008764988739424218,-0.003726993856853489,-0.005313516636093696,-0.0035327966067902894,0.019215832529730914,0.007162034302563569,0.0030840370878566503,0.00451554598714532,0.02060968327039925,-0.004123711340206171,0.0018349044462047104,-0.006329086418622176,0.0033304547580574884,-0.0008838768234173955,-0.0007232106949839334,-0.006587127362402634,-0.007993748539240397
2022-06-10,-0.010124575421797344,-0.008113569964594225,-0.009716574479693874,-0.0054022156200536076,-0.006944430847034444,-0.008090614986612454,-0.005018815922963271,-0.007028732227379875,-0.005225046830853564,-0.0025719104319438246,-0.01949785173644636,-0.020646541453904765,-0.02343944379478502,0.0062221950954861605,0.008070679507232503,-0.004495247490378884,-0.01262099868034261,-0.0165631469979296,0.010989000432297447,-0.015013662447405651,-0.006202015138429773,-0.009829941678969223,-0.00422193567767104,-0.00967743589445591,-0.017026321112816656
2022-06-13,-0.027930727497892938,-0.027266530901232766,-0.02534755540605904,-0.026553976931325773,-0.024931581332965913,-0.026101117357824943,-0.029003786135222698,-0.018339758565747433,-0.014141429554332396,-0.009610873157023248,-0.03813668608272458,-0.04982964646951227,-0.05974434662489381,-0.016784415680697662,-0.011437256663976658,0.012315239308042791,-0.017895189117238863,-0.05305265727796049,0.02355074545110747,-0.05173208752074909,-0.03137909642402881,-0.017770285474770886,-0.005087895612511439,-0.023072706295845347,-0.033452318804395254
2022-06-14,-0.0016188148336421238,-0.0014015203400090659,-0.0025167401849308657,-0.0012399066612417409,0.0009354156402352487,-0.005862684829907594,-0.002597400184666032,-0.000983306667336814,0.0028688399966636524,0.0009467672314165121,-0.015009985085841504,-0.015463887118471464,-0.021642690737504577,-0.00404313349786567,-0.011569654488175929,-0.023519867286897922,0.017787412623983867,-0.002223210376031126,0.0017698675886530513,-0.003409629507242218,-0.012613424937763629,-0.007984646210163482,-0.0019480827720128602,-0.005186603244071941,0.006566393528770309
2022-06-15,-0.004864195229373869,-0.006315746641995634,-0.005887338676647258,-0.002482986592914238,-0.004361351909761169,-0.004212300024051596,-0.007161436141662092,-0.00295276095602226,-0.002451960262607744,0.0007093586816608877,-0.013801022400324325,-0.010471183275144624,0.0019853520378285694,0.05051875667023564,0.0511120334056161,-0.005398636261565004,-0.014918946623179719,-0.008912656213897252,0.0017668249384155121,-0.007331378080414508,0.018656362695015583,0.013958177237789249,0.0039038634873582723,0.015640933046294103,0.019434632639167004
2022-06-16,-0.0020366598778004397,-0.0028249232911827793,-0.0016920216024182144,-0.01057869931876676,-0.006257786649561781,-0.0016920216024182144,-0.007868844954693865,-0.014807465107883555,0.0,-0.005198516594744462,0.014285763538366414,0.02001377748916222,0.02066231260692053,-0.012451734827283789,-0.01076469598286478,0.009603320873051269,-0.023366547004133986,-0.015737410503837812,0.008818291574060444,-0.016248168156508425,0.007939416382962028,0.0065313660350108105,0.0013367433361008985,0.0011000343808824642,-0.015864583489079376
2022-06-17,-0.013469400211256422,-0.011331380165065075,-0.01440675379866263,-0.011320773910426518,-0.006926930471317538,-0.01864404193425584,-0.01520161891414129,-0.010688032368610378,-0.00983202673569894,-0.010213784341111198,-0.023857482299870947,-0.026387054118543807,-0.024681174998648525,0.00913039497707202,0.006003746705529389,0.00868482555096195,0.006202897276978758,-0.02147097797757258,0.012237792697372019,-0.024524569972124044,0.0032223469962229245,0.00029947868468838124,-0.00024277029236041692,0.0020144787340667936,0.0031157322932056086
2022-06-20,-0.009102180289697337,-0.011461361271927095,-0.012037845994344987,-0.016539382284992077,-0.013316425621509032,-0.007772033697413971,-0.009395932431724874,-0.025320728519581337,-0.009929655372800661,-0.012958894277862343,-0.007067075095395503,0.0030113753446658897,-0.003696254199204163,0.009047867303096035,0.012681841080220968,-0.0020499892706749012,-0.05680312902613516,-0.03267973902768739,0.015544067906882564,-0.030785018921995144,0.0,0.0,0.0,0.0,0.0
2022-06-21,0.020459264703483804,0.018115942028985588,0.02001736633437079,0.02263906767025925,0.01863752917946071,0.006962536220533444,0.022357718061570386,0.014201587651321956,0.020058484584829284,0.016289767846972225,0.01542112808241547,0.013856866036727755,0.018264822286715,0.0008539905080493515,0.0,-0.0032867675926266937,0.02007471072101774,0.050675676422055504,-0.02380958173434755,0.04711492558411923,-0.01695219035366269,-0.0051895874142092735,-0.00036415125390931724,-0.010052074120930676,-0.0006752606306155151
2022-06-22,-0.02209490192856367,-0.02064052595362542,-0.017918076184323617,-0.022137886558387443,-0.020820183959860294,-0.022471897516852968,-0.02650765859243487,-0.026639367088582833,-0.009422349187794499,-0.013157876724861461,-0.001168250980329244,0.00022775219101789368,-0.005325073572979289,-0.006825931901308424,-0.005156515344953649,-0.006183001529888599,-0.03707091312590172,-0.045475397497768855,0.020905987313805108,-0.041456000109850955,0.027500442647525825,0.012640470830386219,0.0029143639127686694,0.007292540405929193,-0.00027022490630279616
2022-06-23,-0.013389108570051045,-0.014534883076207206,-0.01303214613280168,-0.010349327557233834,-0.011275785152913609,-0.013262599648427242,-0.01974131859338424,-0.015789500454015948,-0.0024813674600963065,-0.0024242054332386243,0.009941524707693272,0.007059926539928929,0.015497300959392613,0.0012886073201057169,-0.0025916214080357047,0.0029033468706824994,-0.01663499839543392,-0.01684311813570205,0.00853237419087205,-0.02004220954340652,0.008214824774283924,0.005646915801840624,0.0008476489565678591,0.007697913459931094,0.00716408157944759
2022-06-24,0.0021204410242956495,0.002949807363423096,0.005281676779756106,0.007189582375919157,0.00391003355479258,0.0035842431124375462,0.00347223555968168,0.0017825720416817514,0.010779366189336503,0.002187123918605316,0.016502596401726688,0.023970997949621875,0.024417237265907943,0.014586021466223453,0.01967330247922039,-0.004962813801442034,0.0043499347638846775,0.018110606426691156,-0.006768183229402758,0.01883745932461056,-0.013842665494161355,-0.0035464545638411726,-0.00024200667281248922,0.001182223122047299,0.007113122588935816
2022-06-27,0.023698649057994237,0.022058823529411686,0.024518416169720503,0.02206355458675624,0.016877652280990363,0.03035715648106163,0.01937714440602689,0.027046271123291943,0.008203477023137173,0.0067894948569575675,0.018228407249293754,0.020097170316801805,0.03331536884983355,0.013107800039856787,0.007644739609410811,0.00623439824853711,0.02406159689500531,0.03798073988694406,-0.020442911055977397,0.04014786435396189,-0.008528776699492369,-0.005635192152502189,-0.0010890166814533364,-0.009174262334754157,-0.0061300516905706814
2022-06-28,-0.009508010959078272,-0.007194244604316502,-0.010256384173010114,-0.013333372085813533,-0.006702811521993035,-0.015597946516093919,-0.010862175993511136,-0.011434508549098554,-0.004475207920789037,-0.00770712165934917,-0.003076940149694063,-0.007360904150174319,-0.009436450745810787,0.005843126141344301,0.0050577813621721646,-0.005782709415227849,0.031484964975325935,-0.018063890721341402,0.008695685345193604,-0.018283346654744848,0.004659536555294164,0.0012924761488504188,-0.0002423291547112294,-0.0002750163072360312,-0.010994900438347499
2022-06-29,-0.008347245196379194,-0.010144883307857788,-0.005181399721098878,-0.01029595178615228,-0.008997451127716771,-0.004401408509824067,-0.008236093896536567,-0.013669866372615469,-0.0036779793671172234,-0.006067961052682369,-0.017115617867511368,-0.025954169385210557,-0.031754451809139606,-0.004979287856180514,-0.0003594618616655776,-0.002492707382762638,0.003189052045155627,-0.01839619762492628,0.010344817380417926,-0.01862393195385359,0.015608276463883186,0.008042871273530094,0.0012116621301365704,0.005960512409851848,-0.0014913314420517132
2022-06-30,-0.025252524603833426,-0.022694040739401067,-0.024305516463002053,-0.025357666306163762,-0.024643327662826287,-0.025641039478373373,-0.024913471379177432,-0.0206112273022796,-0.020508614323688,-0.021001235514747085,-0.0068512095955701735,-0.00761308002126182,-0.009565413300397063,0.023769795900966173,0.015102484155323337,-0.0024989365002258124,-0.011353314932010194,-0.054781397505594964,0.023890761654579373,-0.0527148137104525,0.008781944110649587,0.0076832785114624436,0.0019363871163962099,0.0030082209684143546,-0.0005431217202798155
2022-07-01,-0.03670120801378929,-0.03445697455816943,-0.03825625438953206,-0.03535682460820333,-0.029920200160006738,-0.045372052073180735,-0.036195899457684866,-0.027213353212391045,-0.014656553032720399,-0.01870790713757542,-0.010922709345075998,-0.014440419540958982,-0.020419471418139934,-0.011405245946981113,-0.007084621283524717,-0.009185854434023977,-0.03812585697075899,-0.06100660999581797,0.03333330154418945,-0.06733439649535244,0.010246338644552804,0.010703761283933851,0.003007587464570478,0.01260568919997236,0.009496029626220908
2022-07-04,-0.009861103302751473,-0.012412652602694974,-0.010175749210435292,0.0,-0.007196743989890897,-0.012357371293488462,-0.009572909806426555,-0.004848905757411259,-0.0012749972702947865,-0.004321351880609892,0.01365885564624536,0.010760101131396693,0.007887289557658494,0.009064660453441231,0.004994626693503479,0.008006765180059938,0.027220615104433632,-0.0092040984100209,0.0048387436663333006,-0.013723168066815283,0.0,0.0,0.0,0.0,0.0
2022-07-05,0.0049796565591173625,0.007855459356064687,0.008411229213821647,0.00968183843285697,0.005522949644612307,0.005774768674778663,0.008178484156987631,0.010494706750155292,0.005957420836103733,0.0007659585242953959,0.010607767217730713,0.012457513432658995,0.01397428778810661,-0.003674975640221567,-0.0014199827979768376,-0.0012542093039221713,0.016736429870799485,0.014207683625768519,-0.009630809405433038,0.02419842665548866,0.007857051152712513,0.00368079126961951,-0.00012056577074315289,-0.00027003606866204954,-0.0009461975080818918
2022-07-06,-0.019369383116026206,-0.01636793494594424,-0.022242831250593453,-0.024657576051476893,-0.020253973986854468,-0.022966521778745475,-0.023598867153101555,-0.02373885057054914,-0.018612463539303348,-0.02755106658252271,-0.003120584690824435,0.011856795755052829,0.015435540025722894,-0.015163890888087339,-0.013864180635752565,-0.025952237242559795,-0.08779149531853636,-0.046875064229141006,0.024311198300264847,-0.0448907617632599,-0.016790941981505325,-0.00849261589931316,-0.0027727032670364915,-0.004950899635376871,-0.003788477808382984
2022-07-07,0.0298576026234183,0.02773375661360311,0.021800976793912907,0.025280942821757302,0.02557811908965868,0.03623902676721924,0.037764351106010174,0.016717345712741194,0.01379308984055716,0.009181592303918018,0.008252729668879022,0.011717859488412197,0.014115104658248612,0.0029130126019147884,0.00648883585655935,-0.01246243703577532,-0.016040179946624877,0.052006854293136895,-0.025316506313829312,0.04885596353970323,-0.008800161508909055,-0.006131957042215697,-0.0007253089664936985,-9.048431470626284e-05,0.016297767518672845
2022-07-08,0.010258711342840732,0.010794211165880974,0.010204067189060861,0.010273972602739656,0.008882822849866745,0.014177693352865006,0.011644821694133833,0.01831090309892125,0.0017006380697373036,0.006758469282118984,0.007056167029258598,0.010926573827357844,0.01713060436811409,0.001659709856663083,0.0,-0.003046113847633536,0.04482939917155182,0.018807092343958276,-0.00974025069249762,0.01827824724743521,-0.011075967937496878,-0.006071910125120317,-0.001209848767058097,-0.0016285199236742987,0.0008017848072383593
2022-07-11,-0.008830022075055233,-0.007627764709716378,-0.0027548489215265537,-0.0074576684984110075,-0.0077887383757825335,0.000931952202022357,-0.007194203635955465,0.0,-0.011460040599972854,0.0002582529395478428,-0.002522425779655446,-0.0034587084569268622,-0.00763160304019328,-0.02402650946025986,-0.024713486109316896,0.0008730012176727531,0.005850752342546839,-0.0152954064447135,0.00819675270763387,-0.013896895998230074,0.017244466145833304,0.00788258024038635,0.0003633573181198724,0.0028092903695053906,-0.005608200993033607
2022-07-12,-0.024053424928660916,-0.02382787054636315,-0.026703513504836462,-0.02595620185377623,-0.025597270291097818,-0.022346382605037518,-0.02318845246925283,-0.023119235257489934,-0.018462871973916606,-0.011874106330398315,-0.007305375679080961,-0.014967432745064513,-0.033412844129503516,-0.005093333387304666,-0.0018361820749571711,-0.008286111274701136,-0.013572408661526647,-0.05195499253774094,0.026016234948131434,-0.0516735343162813,0.005941980869180297,0.002346249502605202,0.0004843312422935231,0.0014458343341772206,0.0040284063038242834
2022-07-13,0.03560012585889005,0.033070842112143284,0.030274405582089603,0.02664787959553294,0.03082315557378057,0.029523794991629382,0.02744813440639149,0.017280205483491073,0.024934369186591754,0.016980186692964194,-0.0028305203406601143,-0.001981945670343821,0.0041151634579428276,0.002986335035381593,-0.0003679260032948273,-0.001319291422492097,-0.05798527189465141,0.05988704013285662,-0.030110944365042913,0.05944276225087064,0.011466293114412052,0.004291450762165638,-0.0010891485039581372,0.00748963935517355,-0.001069870339061696
2022-07-14,0.0048479776690406595,0.0030488503397696487,0.0064278874052710044,0.006147603775925159,0.006456015361447465,0.0,0.007942213259749531,0.00369277628328879,-0.002134065034482102,0.0023118456686970212,-0.00709622490060724,-0.005736944467872429,-0.0021857382429670835,-0.00552960726710372,0.0018402369127767937,0.0017613790021988596,0.007824706204136556,0.015458389137174011,-0.00653594160147164,0.009351202733204778,-0.008158747489848017,-0.0055355898617743815,-0.00036344534727561495,-0.006359149796411723,-0.0018744060124815665
2022-07-15,0.013157894736842035,0.015197567684205326,0.024635078606084493,0.01018329917802463,0.005064132825127743,0.028677137075660886,0.017908309406651224,-0.0033112638549438467,-0.0038493690534550096,0.00025623581281153385,0.002001134812471772,0.009986616389872527,0.00410727572019387,-0.0021385474275144034,-0.00881703810331902,-0.010549440488710538,-0.007246345334360638,0.01627299791871728,-0.008223637257420813,0.01679217838169711,0.005628206233457833,0.003417953797907325,0.0007271549756440177,0.008022348747634966,0.012743083961815893
2022-07-18,0.004328977906858817,0.002964026035878753,-0.003027604548178858,0.007392411439292479,0.012428583345495792,0.008093539123906757,0.007037324503960107,0.01439643364531995,0.009016705719949059,0.01101717444592576,0.023109882765262713,0.023071920247929256,0.022634357035708597,0.0008572849476673472,-0.0022238497761445375,0.00399822975001185,0.01720541806336695,0.0154958672800658,-0.00829190530599544,0.01708428186632016,-0.010418452650521548,-0.0029197377300030913,-0.000605583770650675,-0.006974861544536526,-0.009668918634882062
2022-07-19,0.0008757102118046589,0.0007605026883317212,0.004533091443029047,0.0013343043040372482,-0.00033179260399285315,-0.0035682563008352375,-0.00279524533054476,0.007278048263139603,0.0012766249636386728,-0.0060820544687738565,-0.010596794803331422,-0.0150343802038847,-0.013866678873697968,-0.01241973922011086,-0.011144102385227339,-0.003982307569414201,0.039979532419011754,0.0055950702470852764,-0.0033444784051376297,0.004479214813156718,-0.005394611893637213,-0.004587541291446118,-0.0010906003581155899,0.0027915132829781086,0.013240678582481458
2022-07-20,0.00656167961483245,0.003039467157545106,0.006317661813738384,-0.0013325263084487116,0.004978477598971409,0.013428827582645742,0.008409241885748875,0.011560682489023755,0.0,0.00968886388553658,0.025930157708919488,0.031181864067681753,0.036506281923461614,0.004770191365963461,0.00413218255203085,-0.00044425716482243693,0.006899920321901121,0.01163380418442772,-0.0033557014762590764,0.009476099581208208,0.0026244690592704956,-0.0009806442461626208,-0.0001213409704408086,-0.00107761086498126,0.004355783954002046
2022-07-21,0.011299394940289087,0.014393893155184578,0.004484304932735439,0.021347647347077725,0.013210026732485725,0.0061837861882343415,0.021542700385426272,0.013571398598807294,0.009349736801297803,0.010101049022522401,0.002197747609997913,0.012476213600456143,0.010435629847989292,-0.006042269710291315,-0.0037411291875151242,-0.010222201877170156,-0.00881058749324537,0.02099998474121101,-0.011784540570212165,0.022639374414946456,0.017275942038170067,0.011385980500411286,0.002790625601108765,0.013664188256479637,0.011828118927517117
2022-07-22,0.0038676801335482125,0.004481001724163436,0.008035727909633028,-0.0006532077043027718,0.001629701322138244,0.0,-0.0013605104999219186,0.0007047377855924353,0.006736835680509978,-0.0002499580383300559,0.005208295753650116,0.00626564808621799,0.00955329037588215,-0.002605356990970864,-0.0033795812270189796,0.013471002734351645,-0.013827194402247334,0.0019589087230731383,0.0,0.0010798971465322271,0.016811105372941837,0.011451866214007067,0.0025408237216657525,0.007715458502177253,-0.0012988501999705582
2022-07-25,-0.0008562166173172736,-0.0007435398030901652,0.004428697902943757,0.0026143391927082593,0.0019525341420376652,0.0017558994342659062,-0.0034060074724409084,-0.0024647780198752134,0.004600611085468831,0.008502128990181212,-0.00572672743274083,-0.010170229874700842,-0.015089518557868775,-0.003482800439595257,-0.0037679117565976306,0.006202897276978758,-0.03655481058270027,0.00293250648498522,-0.0034071518426629366,0.004315011208708475,-0.009784931524657425,-0.003550208618770645,-0.0008447947659738775,-0.008448465261612803,-0.0002600681912490188
2022-07-26,-0.008997390315519604,-0.009672528660752855,-0.01146387155436801,-0.010430188451025946,-0.005521275454338004,-0.018404894848420117,-0.011619964112381864,-0.0074126044842285355,0.0,-0.006198859128429213,0.0008228906952145731,-0.008387454868946431,-0.004154761214898439,0.008737473493769521,0.0068078782730705,-0.00264198451612474,0.04365905210918153,-0.015594527270140879,0.008547041290593693,-0.017185805589092884,0.0007667089850338371,0.00038517974111784703,-0.00048316119199176555,-0.00017747974963500113,-0.007024858803603373
2022-07-27,0.00907907832693211,0.008264393646015833,0.002676209240333405,0.00790511807719163,0.004572154990572619,0.010714258466448134,0.0069156556850564765,0.004623014114040425,0.0041632131375504144,0.0007484725031532413,0.002192327012268347,0.0010572898306739908,0.0002608119068692183,-0.010827197849627601,-0.006761844459091448,-0.0030904943047748157,-0.025398417869501033,0.014356405428140429,-0.006779654441774419,0.014754081684383635,-0.0056180085397522506,0.0020213599548213335,0.0015709637875283011,0.006657789523666358,0.011004799131930199
2022-07-28,0.0017138353287655672,0.0029806942203411957,0.007117396899492867,0.001960804259854898,0.004226240565646577,0.010600747438053393,0.0020604211611678913,-0.002477865303512128,0.00787722305547911,0.004736939013158414,0.010391060193774448,0.02006761216471009,0.015119864627971547,0.005253893655126296,0.007564253084382466,0.012843264681452915,0.029126198452367413,0.001952216530936246,0.0,0.0026925148530796417,0.007960968221240261,0.009894320791492994,0.0021718184259273965,0.008289195761582047,0.010237150891176938
2022-07-29,0.009409738749041718,0.008915281529179975,0.005300407417766717,0.0026092230171015363,0.004208516370473037,0.0017482250487290685,0.006168619029927047,0.013129841301556366,0.0028794609774585034,0.007444149943920175,0.02110957410531933,0.028991461682318587,0.02722140243127691,-0.015243836588730075,-0.017642617271872774,0.013992115569810615,-0.014895692460385135,0.015099809053315205,-0.0085324555623989,0.010204130968925806,-0.0027176194889529937,0.0003804900273223222,-0.00012032876390211111,0.002361415787202281,0.0029502739819735613
2022-08-01,-0.0029660887637380506,-0.0029455754512831556,-0.005272461225178771,0.0006506578106784122,-0.0006447600731309677,-0.00785341656075278,-0.0013624289746519969,0.007355551573839936,0.0016407266982894075,0.002955732785520304,0.006891124818048544,0.0032199607936014285,-0.0012499809265136275,0.0004422922871243351,0.004203309515891318,-0.0004312302135202062,0.005544385559755893,-0.0023992323159488516,0.0017212098072847404,-0.0010633290831536524,0.024039858664865667,0.005838169780981089,-2.412964733922011e-05,0.0019718780825289505,0.000306960224500657
2022-08-02,-0.015894589459140497,-0.016248131812503064,-0.011484058811041087,-0.01690511087077584,-0.013870977586315503,-0.021108126305200203,-0.015688918460454837,-0.01077884087188119,-0.007371019844939264,-0.009086511185906199,-0.0005264663564099603,-0.0008023490883524165,-0.00901127918589495,-0.016799339258031343,-0.018645348489932267,0.006902495483418258,-0.03859651269758746,-0.03463202096978968,0.015463861356732833,-0.029270889721422777,-0.021159620927650225,-0.013825749105767726,-0.003495671633651498,-0.012220617373602138,-0.004620723827877926
2022-08-03,0.00605795698619449,0.004504550429898169,0.0008936414008713367,0.004629609539488433,0.005233884494908914,0.013477088579255891,0.005544000139581451,-0.000351501884487182,0.0,-0.000991254085318749,-0.0013169094061168396,0.00281066825514098,0.0065672725569869694,-0.004046769492541458,0.0,-0.002570671188951601,0.0088634032111079,0.006477344651345751,-0.001692005465796509,0.0021930327229091606,0.015744667864860284,0.004129059993239537,0.0003628738352645655,0.010869527109700128,0.008768540018263327
2022-08-04,0.002580671412970359,0.002989490936929462,-0.005357129233224067,-0.0006582676020033817,0.0,0.0017730225428311819,0.0027567168312931933,-0.0003516254815065789,0.0,-0.0012404626656982165,0.010812333383632522,0.02202199113753056,0.025094103846689197,0.0013544328289925023,-0.006204022841442058,0.0017181704037343426,-0.03100777104088892,-0.0024752475247524774,0.0,-0.004923463568097475,-0.00033515639747594417,0.005068363592269476,0.0013301162564782754,0.001573566798987791,0.002684380358703331
2022-08-05,0.025310998464171064,0.024590187233987315,0.02872528639507066,0.019104043729798903,0.023104490803699473,0.02123895155645039,0.02405494317575907,0.01547662783448911,0.014026409067585899,0.013412839991066905,0.003652475422920798,0.009794319441184474,0.013463967498217766,0.002705115649993095,0.008583738896093873,0.011149238091094027,-0.023466695149739536,0.05210918114143914,-0.02542374456658214,0.05167679752987131,-0.023803506797457463,-0.014462385015549528,-0.004105740223576904,-0.013528873665763275,-0.0050994583558013895
2022-08-08,-0.0020920502092049986,-0.002181840376420441,-0.000872587045833817,-0.0006463532430450725,-0.0012722937292578562,0.0008665378925378775,-0.003355653579907858,0.0,0.0016273765521359618,-0.0004902073072958757,-0.0002599983341068368,-0.0067894952337743675,-0.013043499894312638,0.007194237817389482,0.006189549131565997,-0.01102630321132636,0.004369193120669301,-0.005188708035451017,0.003478257552437247,-0.005227391448234586,0.016141471913059258,0.005889173581465235,0.0009700719033651772,0.003981636798821464,0.0008969719887623739
2022-08-09,-0.0008385616278497876,-0.002186611213052636,0.002620113989151296,0.0012936412700286226,0.0006369572613582619,-0.006926433348552474,0.0006733518485291246,0.0069275666704875505,0.00852961321341672,0.0014713431850683634,-0.0010400654310855906,-0.003906264842953311,-0.003426318833998465,0.00044643879697048305,0.0023067845218915917,0.007718709585392114,0.014138131457915426,0.002844979236036105,-0.0017330592855689941,0.005780298618426105,-0.003886768824701292,-0.00297538324910418,-0.0009691317758586671,-0.004494598843252873,-0.0074254490657093
2022-08-10,-0.010490977624775799,-0.009495893724814408,-0.009581934444894413,-0.007105982440761549,-0.007320163643470545,-0.009590222348632382,-0.009421224285528829,-0.008943936415937714,0.0008054956836538452,-0.001958908686478522,-0.005986453753197618,-0.0137255051556755,-0.020137516459781124,-0.016064284373171644,-0.012658225069775209,0.0012766249636386728,-0.005898053900957545,-0.01654846335697402,0.006944437545759019,-0.0146289858007157,-0.006531483985519615,0.0005776394837775367,0.0009700719033651772,0.009472376978544972,0.014961997683135886
2022-08-11,0.018235805751088074,0.01843657734123938,0.01759014998839814,0.01691611031320428,0.018275078071954942,0.01760563403929627,0.016304331981279674,0.010760200591377389,0.015291716496308894,0.009813580528721166,0.021733486800238122,0.03081509464355059,0.038095152504707075,0.01904762316671782,0.02097905673384104,-0.003399911660498134,0.01725996111231143,0.036538490882286556,-0.018965539637416318,0.035524903135818686,-0.023309454345220804,-0.006638468589561741,-0.0003634937320667886,-0.009646570954105926,-0.005718700771064289
2022-08-12,0.006247396759137436,0.0072411292961886975,0.005185878300273616,0.008317357814300985,0.007241799136612492,0.008650519145325664,0.006684517460877837,0.006181263483503674,0.0003963626263685516,0.0009718395450835082,-0.000512569388237738,-0.006750211849973042,-0.0024142558798099234,0.008010694734147172,0.0026636108445685647,0.00298506151585487,0.021739121640700132,0.015306065396790025,-0.007029870202245103,0.01638503276108061,0.010140778637108161,0.003970979778298966,0.00024241727187002127,0.011600084610410732,0.008946889017757309
2022-08-15,0.009105947403410086,0.009345706225212691,0.011177948308262131,0.008883209659045432,0.0071897921610057924,0.01886796403453639,0.010624159558700885,-0.002730372893828159,-0.0003962055852820834,0.00048544799498317914,0.012564145601712706,0.015533965768165903,0.0147628415986647,-0.002207471872080813,-0.0037950808357501975,0.0017006380697373036,-0.025428114140015445,0.015532248744060118,-0.008849591131132817,0.015617159211665621,-0.0008654790209813301,0.003183428419854195,0.0008480699545407866,-0.0007002293693627593,-0.001773491073202793
2022-08-16,0.0016406640339519107,0.0007122942155493028,0.0017007192196583087,0.0006289692045007289,0.0009310607746841892,-0.006734032249218647,0.0013140128026701628,0.0006844783789754505,0.0043599132916121094,0.00024255995238009476,0.006077433617846628,0.009560229584969049,0.009539745360543916,-0.007522127142676194,-0.002285693940662248,-0.007215623096243795,-0.021831726965998555,0.0008996713697553282,0.0017857551878819322,-0.0004960620063884091,0.004157673188582178,-0.0011539101803300644,-0.0008473513413271849,-0.0038542609258191973,-0.004695466145337668
2022-08-17,0.00040952540853966823,0.0021352530374221246,0.000848883459511951,0.0,-0.00031002547389780144,0.002542398743710317,0.0,0.0013680203775807698,0.0,-0.0021828802713348416,0.0010068189274661243,-0.0009469552610419374,-0.004724799298088556,0.009362420045272879,0.007636458629725507,-0.0017100901762491239,-0.017964066882417473,0.0013483283225070863,-0.0017825719507730264,0.0004963082060329693,-0.010437324948567528,-0.006739237114921082,-0.0008480699545406756,-0.009409072136286833,-0.010327649565752939
2022-08-18,-0.006549349502777746,-0.008522705413586351,-0.005089045516164736,-0.0025141994967189385,-0.004032290984713693,-0.002535951344198706,-0.005340449008726211,0.0003415378636379973,-0.00278994397762089,-0.0002430316402901589,-0.008297757788691906,-0.014218009478673022,-0.01898882546352465,-0.011042403124547184,-0.00985222564968391,-0.008137067706791123,0.011640746885545061,-0.008976660559270266,0.0017857551878819322,-0.005952441322918833,0.001481852921342508,0.0019385924317765202,0.0014550153438990243,0.002574353409668717,0.0015459303393645651
2022-08-19,0.001648163000837366,0.0021489095977997863,0.0025575056654594253,0.0031505986743216585,0.0009342503496310162,0.005932177527476101,0.0013423126359546345,0.004438346080682054,0.00039968939643775236,0.002188187460506974,0.0022819512099816475,0.0019230475792517687,0.002177506264299245,-0.0013398293932399552,-0.006888572660094461,-0.005613089880098898,0.01972606084118156,0.0036232021770863376,0.0,0.0,-0.016102345582289068,-0.008609841985109834,-0.0007264506750707111,-0.01186474179492214,-0.010162090779983424
2022-08-22,-0.012340600266059099,-0.011436675586350864,-0.016156475769827705,0.0,-0.00964528537116982,-0.015164241521827049,-0.012064363555988167,-0.005778384631308309,-0.003995220883996287,-0.001698197301097104,-0.012901551664107447,-0.018234107026203983,-0.01931432333235461,0.0026833391907246096,0.004238870896683178,-0.004342178831445498,-0.0016120733832120093,-0.016696805528529035,0.007130117807674585,-0.010478996550325803,-0.0033616175720126984,-0.004391145227321758,-0.0013328560763187225,-0.006720430199413596,-0.011305979879020267
2022-08-23,-0.015410296180650818,-0.015184425576113103,-0.006914394498395371,-0.020100483728542673,-0.011624280242546692,-0.011976060800726107,-0.013568508301948556,-0.010940160506810903,-0.007621361080295319,-0.009477598782115071,-0.015120454783862036,-0.02150542044973003,-0.02018709296864496,-0.009812636601509661,-0.00729081468160786,-0.005669475202139007,0.016146352975910494,-0.025240936916284817,0.014159278293047972,-0.02521432134670698,-0.005503308418500885,-0.002450259756846429,0.0004853302161611506,0.00108256877071633,0.00249730293689554
2022-08-24,-0.002538032403627266,-0.0029368128153216544,-0.002610992582887328,0.0,-0.002225038043906613,0.0,-0.0027510290204931787,-0.004493642127337827,-0.004446265617188083,-0.001962659952200241,0.0007806083543755449,0.0019980477590959556,0.0020100962961877578,-0.0027027644697734665,-0.006184837633174345,0.006140407968501238,0.02966109100548686,-0.005178864766176239,0.0017451574190909813,-0.007759958491042385,-0.007318811925416391,-0.0033405024756179014,-0.001091393874482538,-0.002973793164139593,0.0011800704241060611
2022-08-25,0.009329927564756257,0.008836501629420734,0.00785341656075289,0.0064102564102563875,0.008282900093574908,0.005194791983732516,0.007586183219120413,0.004861156274508227,0.006902155180124492,0.005162219343590735,0.008840357792030185,0.007976025902516337,0.014292870600746799,-0.0027100030531362895,-0.003111626859386818,0.005666920564086242,0.01954728139543338,0.020350227116203712,-0.010452952120563075,0.025026084334641707,0.013936301073109059,0.006407668383681564,0.0006069615235668735,0.010303682175861306,0.009429036340336427
2022-08-26,0.005042003984210952,0.005109466775490512,0.007792221003280586,0.007643292663962908,0.005687213502220567,0.007751951229177045,0.004106804998402325,0.005528674653057397,0.004032273570407474,0.0014673850375797048,0.009278366428618456,0.010880301589744068,0.02274408285767504,0.007699278844264246,0.005072222878346189,-0.0004334732992683499,-0.021695273047257935,0.009276437585255648,-0.005281643288353122,0.013224774994958999,0.007537519985976626,-0.0011753856547349617,-0.00024261882444376326,-0.005993900306513589,-0.016476443205652114
2022-08-29,-0.02550163429160268,-0.02323890355237246,-0.022336756357714038,-0.02402024731391772,-0.02481932171135015,-0.02649571345402646,-0.026584890340455858,-0.022336756357714038,-0.013654624811113125,-0.016361464497186118,-0.03549538802514307,-0.04481403462252187,-0.044718359243061556,-0.0134831117780021,-0.013975178849103154,-0.01994792259869893,0.010830376401837372,-0.05238974648672701,0.02654868899744267,-0.05672692381965183,-0.008273212627030402,-0.0056879653242264405,-0.0007282182873435961,-0.007380071013588174,-0.0038253650556208108
2022-08-30,0.001715975486962229,0.0,0.0017574423803066175,0.002590732973354992,0.0028994279183232052,0.007901681420736661,0.007002827964963876,0.0077328403323304595,0.0016287018077021376,0.004220506176627614,0.006883725665397966,0.007580391753220228,0.010374489945927268,-0.003644643322342267,-0.0023621837339954377,0.007964615138828401,0.02959183226620743,0.011154234169727717,-0.005172449796859158,0.018094780551970224,0.002484902187952942,-0.0002958751304612539,-0.0004857091074997877,0.0012693751789489838,-0.007680008308281749
2022-08-31,0.007280500849002891,0.006691404434828074,0.0008771795975535124,0.006459948193060727,0.007067177212789488,0.0,0.007649489276900567,0.004185589079667373,0.006097545374156299,0.004697122945002796,-0.008414401922053782,-0.00833671909044209,-0.009767077051534234,0.019661562932167698,0.009471182702169623,-0.005706807032338945,-0.04212093006022988,0.013429271231452322,-0.008665544350111909,0.010454782896469172,-0.009560922802832605,-0.004143628319023707,-0.00012153263498881905,-0.010504425055724687,-0.005471092190448612
2022-09-01,-0.02083330765332736,-0.020679379019096444,-0.012269952187566768,-0.018613665587092654,-0.02009572760603895,-0.01829273560706124,-0.022774322216610354,-0.012157011821453678,-0.01535350144511527,-0.009350420123579672,-0.017501985240934936,-0.020504408255358375,-0.01745074419397108,-0.008520118081135397,-0.0035183797050947208,-0.011479038996059288,-0.0367304235527659,-0.04401326510856596,0.020979085104515294,-0.04190380742698063,-0.018269564081835228,-0.007935440237368342,-0.0007291731855851255,-0.006003469430089701,0.002629838109015686
2022-09-02,-0.010855405848336663,-0.009049865398154222,-0.015084267917264582,-0.006540222628635406,-0.010416656965389626,-0.003549191724184997,-0.009180799141369822,-0.01195499810841183,-0.004924121259783032,-0.005216072857120224,0.009986476099968833,0.01214146976762609,0.010810862294430956,-0.01130710054720463,-0.009023128454356932,-0.0031263821675932,-0.009129971462500941,-0.015841569050703885,0.008561594621799617,-0.01727860151712901,0.005656959445381915,0.005602216523836967,0.0021916511773447667,0.0007386375483149354,-0.0006724455533537732
2022-09-05,0.0021949077844674036,0.0,0.009009009009008917,0.0,0.0036184411753910073,0.0,0.0,0.002846972335232012,0.005360790134705251,0.0012484204247944497,-0.004275784479992106,-0.00910028212192171,-0.012477760956326245,-0.00914916547828204,-0.005146518881127826,0.00716845204299954,0.003794021242797374,0.0015090696536845805,0.0,0.0005494840852506844,0.0,0.0,0.0,0.0,0.0
2022-09-06,0.006570302146075457,0.006088303568629216,-0.0008928435189383688,-0.003291639368601551,0.004916408305637443,-0.0008905262760280364,0.0,-0.003548629538210446,0.006152646884430402,-0.003491256732560455,0.005099367953981915,0.007305332398994002,0.006188800567856756,0.005078513902422976,0.009152465470195548,0.0031138654915316977,0.0010799382974793215,0.0035158057598363435,0.0,0.002745744004620132,-0.024768674711471594,-0.01114201307789986,-0.002186858346674647,-0.013562148066987745,-0.0026913868229437865
2022-09-07,-0.023498734045086955,-0.021936414246815472,-0.021447734523255213,-0.015852007881356323,-0.020874083262673482,-0.02139032051481682,-0.015680635605251125,-0.006410267295756666,-0.01671422078823337,-0.013513536734218068,-0.008811797712465097,-0.012018193877529226,-0.02050228671643628,-0.0018374329208191709,0.004731818966746459,-0.011973328583146925,-0.037216855446848385,-0.0400400394284659,0.015280162076063197,-0.037239884033206994,0.015815467591610455,0.006539250662985996,0.0014611317496060483,0.01365506088174162,0.014437993334394328
2022-09-08,0.007130152170385928,0.005413742704723612,0.004566210045662045,0.010067114093959662,0.010326431086453036,0.0045537339353651785,0.010137536958331417,0.012544816711655749,0.0033167463069041503,0.012430281614087324,0.02128235286259028,0.024748328389748053,0.024332817254647754,0.002761222943166386,0.0011774210041008981,0.010323138920466324,-0.029131677683519208,0.022940530899246303,-0.008361235882171414,0.021046626188924833,-0.010257374498943261,-0.0036981782638288996,-0.0012157869194053816,-0.0023066987113447013,0.004389489621110965
2022-09-09,0.0,0.0,0.0,0.0,0.0,0.0,0.0,0.0,0.0,0.0,0.0,0.0,0.0,0.0,0.0,0.0,0.0,0.0,0.0,0.0,0.002220763065117648,0.0001003424578636114,-0.0008520960867196559,0.002312031872285125,0.003972922975449711
2022-09-12,0.02123895155645039,0.020769207294170755,0.022727272727272707,0.01860467144025124,0.01681504220787078,0.021758783590950515,0.017204284903198586,0.010973432422739293,0.011983429712234761,0.010273110723619583,0.021102591408086235,0.024355272448704612,0.022733061429387913,0.005966000702366525,0.005488019929138721,0.0,0.030582844141880727,0.03873601540126681,-0.020236068976869026,0.03899721448467974,-0.008217149014032255,-0.002407518179218915,-0.0001218583821557262,-0.002214411052330667,0.0030339449194127788
2022-09-13,0.005199293467830213,0.005275033642353488,0.005333319769965206,0.0026092230171015363,0.0045395392009,0.009760480330987198,0.006342505655342556,0.00525208758176432,0.0032666363598909953,0.005704353769274695,0.01033328688554147,0.011988057901389126,0.013985952692038728,0.02417886335770114,0.017933762131090658,0.00399822975001185,0.025195903707304623,0.009322835466306856,-0.003442337542768681,0.008042895442359255,0.002327313389140162,-0.00563094596056346,-0.0034117068397471195,-0.007212860955236322,-0.022751227460602652
2022-09-14,-0.020258607535526663,-0.019490187134072134,-0.018567626016384065,-0.013662920536255618,-0.019044550074428512,-0.018453480203867056,-0.016806706975212804,-0.012539140177041275,-0.013431010492668816,-0.012577024195529196,-0.03272817078295032,-0.04560713334057365,-0.048522105419820605,-0.01781743930001245,-0.017234804765230316,-0.01017697072363366,-0.00709989975741987,-0.03743314079960658,0.01727114081026082,-0.036702095194065865,0.003436451684539543,0.0005056431597374456,-0.0008558466076619142,0.004750392449059726,0.001480293553566936
2022-09-15,0.0017597619494678085,0.001529028620611328,0.0045045045045044585,0.003957723090834753,0.004935884465006035,0.0026857928375487727,0.0021367331234116715,0.008465600278264374,0.0037128776170669564,0.004495512014485836,0.0015859782101437236,0.006619770248533774,0.005436165639818968,0.003628114579323549,-0.0038971310235534906,-0.008493541659792325,0.0187018782662558,0.006565671978574716,-0.0016977508100767258,0.00662615631032204,-0.0006479053520088707,-0.0034364661299307597,-0.0011013701167488232,-0.004820656894600983,-0.006315523142531476
2022-09-16,-0.011418493103087513,-0.009923687417998539,-0.012556067496671819,-0.00985545354846551,-0.008185985347266111,-0.012500013623918838,-0.012793131158892579,-0.010842933343402694,-0.004932216999987582,-0.0059672220582444035,-0.01214038247248772,-0.019112213483191032,-0.012873326416984687,-0.014459995795731095,-0.016431928210858482,-0.014878265066076146,-0.032937397153024794,-0.022077316045653883,0.008503352538192788,-0.020296197950099293,-0.008335662829522472,0.00081137760946004,0.0004900271575798421,-0.002328830959976824,0.0033806627493842
2022-09-19,-0.004442469892871226,-0.006168103859532592,-0.001816502734005021,-0.006635700200733563,-0.005282329149046694,-0.007233231766729853,-0.0035997256658744092,-0.0077793923395134135,-0.0020652308530079155,-0.00425209939547825,0.0005343429762383334,0.0014665764822032745,0.0028690821573753578,0.001834063113564488,-0.0055687904951216005,0.0027459709334041182,0.00111672015265607,-0.009748558009157748,0.0033726781628116154,-0.0072788522246989285,0.0023349210863226055,-0.002837442018959857,-0.0011019510212851857,0.0016806751422995259,0.003773671431371195
2022-09-20,0.008924586994773165,0.008533794845630549,0.0072793031051496815,0.005344041870851912,0.008629280986518939,0.012750399431450399,0.008670511866767816,-0.0028510308349489755,0.0,0.0018248095336403924,0.010680846542931999,0.014644367659251367,0.013003900912322841,-0.0018307054841640857,-0.0008000183105468794,0.0004564230466217456,0.003904054301884896,0.017616548686447464,-0.008403313529497414,0.014100394568353103,-0.009970179816128133,-0.006199193098499478,-0.0004903274654268763,-0.009973897343394711,-0.010204109854671684
2022-09-21,-0.00840340160983255,-0.007692307692307665,-0.00903342391660178,-0.005980025890261587,-0.01020070655374794,-0.005395669879382892,-0.01002867786104511,-0.012151542464275411,-0.0041390886631332835,-0.004944018350252155,-0.009511144258048887,-0.007628843956386966,-0.0056482982386089065,-0.008711537430602823,-0.009607677162378314,-0.004105846362894128,-0.012222184075249554,-0.015274949558202078,0.006779654441774419,-0.018353743024174807,0.016752929687499973,0.003988131567616238,-0.00085847061611799,0.0037661381162499286,-0.002984281294902358
2022-09-22,-0.012042805463844397,-0.01240308894667519,-0.010938896824293942,-0.01136371749781162,-0.012632950855399616,-0.023508123960141458,-0.012301018816781362,-0.017004317067044306,-0.012884433616933144,-0.008891216989128647,-0.018138177506840547,-0.02077706166232507,-0.02013939552068056,-0.012488457321135127,-0.010509306034245158,-0.0013742870705615307,-0.008998866211084255,-0.025853154900698727,0.013468000494176735,-0.0260623575270007,-0.025548478824563348,-0.01507438737353084,-0.001841187230040009,-0.014069974593493795,-0.005986427774234748
2022-09-23,-0.009480840196458784,-0.010989022834466122,-0.010138234784526245,-0.00946581443042005,-0.007744156352748721,-0.0092592592592593,-0.00952374830766467,-0.004048605448755183,-0.002526293302837157,-0.001055433084878099,-0.001630029096781116,-0.004243597674661648,-0.00395260929811081,0.007494137918188315,0.0,0.005963351957106067,-0.0011350997055084022,-0.015923567394850013,0.008305679550379086,-0.012216352061019564,0.004084737521496962,0.001240979838357914,-0.001229691029222435,-0.0028541818096827765,-0.01272926822136733
2022-09-26,-0.018687287870486347,-0.019047631157769085,-0.01955305814046082,-0.022525618100735945,-0.020359636515132173,-0.0177570236063449,-0.025887601303204333,-0.026977071568501043,-0.010975104390903212,-0.017960916381756675,-0.018231242692389404,-0.016620472495732175,-0.01878304494187788,0.0013947320467819768,0.0,-0.020519870345521496,-0.056818180586680866,-0.049083015880828085,0.023064227763815337,-0.04947001769318571,-0.019110659426561094,-0.016628802059763137,-0.002216206629776507,-0.017364752764227,-0.011784257680403809
2022-09-27,-0.001393418706481353,-0.001618098306724991,-0.0037986848460231926,0.0027933600823888405,-0.0006927764870894304,-0.0009514602813787132,0.0022778840392865263,0.0,-0.006402032290931614,0.0016138077675771356,0.001940124480924288,0.006067145612982605,0.004044257893281333,-0.0018570526382154506,-0.004493411154405602,-0.0023277112721642457,-0.010240968216103985,0.006239312681143971,-0.003220608825065585,0.008674158663050102,-0.026331050818846347,-0.006827030061225092,0.0,-0.01504996071961806,-0.0021043985472467552
2022-09-28,-0.020930232558139528,-0.021069679432506594,-0.020972397956485977,-0.02158778531862282,-0.020103983224852517,-0.010476175944010402,-0.026515108549451938,-0.018989745592434604,-0.010309268214748757,-0.017185906968306353,-0.014107942315448319,-0.011630431013956888,-0.012889455835098595,-0.009302361066951259,-0.007386142756548364,-0.005133019542001405,0.0,-0.04565947645665103,0.024232648462169326,-0.04606879520521623,0.033481971124233345,0.022525432929422884,0.004318836008971871,0.020110418635938876,0.017854693118238618
2022-09-29,-0.0033254011792978044,-0.0033112708259412926,0.0009737692939371101,-0.0014234658237878284,-0.0003537399617936643,-0.012512059987159985,-0.0023346837163343848,-0.0007743111816781445,-0.002170188473190615,0.0060109625648940845,0.024691388417106053,0.026585339658520946,0.027203483287816743,0.003755865097256006,0.00041340341715812023,0.016416528446512757,0.052951851230988556,0.004725357574348221,-0.0031545710481332145,0.00837091452808636,-0.005175892898015899,-0.004654096248569384,-0.0013515248946610603,-0.007441092457302734,-0.009392269210556803
2022-09-30,-0.013822731711581548,-0.014119639170198206,-0.01556426124530419,-0.00570208862691679,-0.012031144721662446,-0.017543815293694087,-0.006240243807365542,-0.0011622929065325804,-0.01043931159232414,-0.005703397235556573,-0.020536691966019927,-0.02801952192151258,-0.027542297326771936,0.003274162999094443,0.0016528515255240794,0.00830642845140983,-0.009248546501051447,-0.02175198162414871,0.009493661574342616,-0.023627152380731542,-0.012910723147365188,-0.002597672543113383,-0.0008612167307517904,-0.0025314199060272324,-0.004601252446150617
2022-10-03,-0.012083132304251287,-0.010951941497775564,-0.010869550467315525,-0.007168458781361964,-0.010386852246951683,-0.0069444896472601325,-0.010988963278148467,-0.004266897107126355,-0.013626350151313527,-0.005463009003143893,-0.01509647494036137,-0.02162047736782391,-0.01661221650525535,-0.017249455760984023,-0.017326735984311892,-0.0004576763710409937,0.008751547912510427,-0.020432656377376235,0.010971738803856157,-0.02027463027124321,0.01585168307650564,0.011845031804775906,0.0021918445613953517,0.018438292904119167,0.013041067922878888
2022-10-04,0.025440373592499732,0.022998270129042764,0.01898103451390276,0.020216628532547354,0.022801342281971948,0.022977053814365878,0.030158662639840017,0.023373602636792556,0.010249533723818427,0.01647894744948042,0.03434570253178748,0.03772326942381299,0.031847069835052144,0.018500919879504085,0.02057093943727617,0.021062228995367027,0.02602653740675609,0.04969328897862346,-0.024806178626901154,0.04806406409587649,-0.002793035831774482,0.0020631003012721028,0.00036907947523889817,0.00461541689359235,0.02153668745412496
2022-10-05,0.023377832794834852,0.02497918433068458,0.027451010311351,0.014861930639572085,0.01946211014175603,0.03515623457497008,0.02619415751761367,0.013323196626221945,0.007940022257168389,0.006754931406050435,0.009879270689316044,0.008603951317276648,0.009393513273887821,0.030274874087890646,0.030851502117502205,0.010762407474343538,0.025366446941678333,0.03214494333023277,-0.015898236127033005,0.030573267845591223,-0.009561501400576766,-0.009470848000060372,-0.0009838175385814552,-0.007561264262487377,-0.0039444137564464965
2022-10-06,0.006993006993007089,0.007311141649348762,0.005725176113065222,0.002092071579684829,0.0062478413228910235,-0.0009433818313310249,0.005255304061736243,-0.0018783299336146975,0.004376384236335573,-0.001878682178677482,0.007065275587522901,0.008317325543291343,0.004785969217087516,0.0009040935649318182,0.0039904382921329695,0.0013309129582248502,0.016492535912731254,0.00962625645236792,-0.004846560505820219,0.010506779457219118,-0.005558261120056085,-0.005508197594814024,-0.0012311473517511162,-0.002314644493326967,-0.0030042497694668935
2022-10-07,-0.016666694923683445,-0.016935471565492688,-0.013282746732552586,-0.010438413582849804,-0.014487757144185265,-0.013220033103935158,-0.015683348227223504,-0.010914528095956388,-0.010457589128030076,-0.008873300041490895,-0.01457099016506025,-0.013536366458805515,-0.012966437327220692,-0.013550101415125249,-0.01748809764412118,-0.005759821113174968,0.007030885328527692,-0.025799248596649282,0.012987000923330161,-0.02324160887925264,-0.009707839385913797,-0.0049117066434491985,-0.0012325709048003342,-0.009956489218769127,-0.012190102227195854
2022-10-10,0.0,0.0,0.0,0.0,0.0,0.0,0.0,0.0,0.0,0.0,0.0,0.0,0.0,0.0,0.0,0.0,0.0,0.0,0.0,0.0,-0.01554609097964399,-0.005881091697276686,-0.0003702181876934496,-0.00898260286460606,-0.012201952985286146
2022-10-11,-0.051789078701014346,-0.05004100408338463,-0.04596152672400844,-0.03938108976728627,-0.04095205071023866,-0.05875597502055918,-0.047040961396306535,-0.01636226384858086,-0.026860357886143604,-0.020618614314863448,-0.030120544223172785,-0.04095196982005167,-0.05120643127290925,-0.04761908920610103,-0.04611648144474567,-0.02718362726532708,0.026315775995332302,-0.09211283984517027,0.04487183014081664,-0.08891670143766073,0.004425693517500884,0.0025353671506944675,0.0004938384633006443,-0.002068956497267571,0.003088169950872688
2022-10-12,-0.004965243447395462,-0.006044944379870576,-0.006248767778211484,-0.004392431015419862,-0.0010948459749826611,-0.0038633311413174276,-0.0023885896212750835,-0.0011605681316357863,0.0009049980732327434,0.0,0.0016939970748959254,-0.005141952707134578,-0.014693429407511394,-0.013942260519990923,-0.01738761020944357,0.0013742870705615307,-0.02197802526842607,-0.0031705771063781363,0.0015337774403512139,-0.0034364261168384758,0.004906848195219693,0.0032665706386654225,0.0009871894144977134,-0.0011847442540958708,0.0016792995818566414
2022-10-13,-0.011976017812276418,-0.012163349647599575,-0.006085177316494272,-0.019117691937614922,-0.017172130299294874,-0.010410331062606137,-0.008778903353668488,-0.011231565128052345,-0.014918621663013054,-0.016066427725009547,-0.005073289388335622,-0.006067426017161148,-0.00544877064895033,0.008288643315301103,0.023737558707359385,0.000914846745501352,-0.015516367428609401,-0.038167939672260176,0.019908060249139714,-0.042069007610452624,-0.009566508211958036,-0.004201255432467965,-0.0029586474980016764,0.0017791866011027668,0.002235205764488102
2022-10-14,0.02878786337496053,0.028144280242095476,0.025510204081632626,0.026986553734846153,0.02342011438844982,0.03114690904472761,0.03220608825065563,0.014884416394292277,0.004130254311973225,0.012950424508570535,0.02974502152278169,0.030296182827410867,0.02566318863369821,0.027562847505449906,0.02234404308549509,-0.0009140105659097841,0.023913072998898333,0.05753966351745565,-0.028528537773809037,0.055435655474324275,-0.008250323974844709,-0.00559011489235961,-0.0004945711781123574,-0.009570806465782122,-0.0032059622858620074
2022-10-17,-0.01865489989537583,-0.019674961691498738,-0.03203981314132465,-0.015328511704493564,-0.013803162318828721,-0.021404350341968303,-0.013260536688045277,-0.0054032956570017054,-0.01051186247980962,-0.0019455168347639606,-0.018156805367735784,-0.024577549690261935,-0.03148717856322436,-0.01035290886374085,-0.0020618242086823946,-0.00914916547828204,-0.02919316521263393,-0.007504671632564519,0.013910379521855365,-0.02796729831389344,-0.004869669863241333,0.0010606541728450658,0.0011133593686589727,0.004781862622707411,0.012305932416859955
2022-10-18,0.011505768494164403,0.012216418364046078,0.007401328430694409,0.010378126157275736,0.009208103260132994,0.012060510520673473,0.007114636782759698,0.002716324935226444,0.0013857130334464784,0.0025062699239855046,0.03306249231101721,0.04251967057836903,0.04847599802499447,-0.0004755220425735063,0.00041315376933859227,0.004155131727696881,-0.0027337967143966635,-0.002520440480000885,-0.009146332820563763,0.021754428796600944,0.0023448197116993086,0.002542969910452886,0.0004942656045534566,0.005948824811523146,0.007045201554503722
2022-10-19,-0.013353100835769571,-0.012931034482758674,-0.004489820830676061,-0.00694059450166392,-0.01058390555533395,-0.0002019455033763773,-0.010988963278148467,0.008126958556946104,-0.007841331822000086,0.0008332994249131698,0.0021698354589727575,-0.0008632049071132242,0.010797325614098074,-0.021408218512823374,-0.020239561736804523,-0.0073563148235452624,-0.02686402287647205,-0.017056202755469263,0.00923076042762161,-0.01648357867215422,-0.018205867789700347,-0.010462961999859188,-0.0018525567940902432,-0.013699974395733672,-0.009602257379764612
2022-10-20,-0.005513815055216198,-0.002620113989151185,-0.02009019202051021,-0.009230745755709147,-0.004057565764478799,-0.009899023807410035,-0.006349200101906871,-0.012526143417640578,-0.007438393570878499,-0.005828451057104167,-0.008119059022089203,-0.010799136247064522,-0.02245959278339904,0.0009723120107145711,0.002951163752076491,-0.00880039521606224,0.03380283839266074,-0.014138895377469707,0.006097555213709249,-0.01745810093071154,-0.017093147692370914,-0.0074762038745721515,-0.0011135404383871839,-0.008693941733138866,-0.0055400819029274295
2022-10-21,-0.0030241474958896397,-0.0061295706387753945,0.0023012680357172854,-0.0007764448846747651,-0.0051851625795718,-0.012854463884794165,-0.005591105905681348,-0.0029598180107103245,0.0014050950239286042,-0.002233333809016802,-0.009549857414636653,-0.008733574625433005,-0.008966088740186784,-0.011656132556560395,-0.010928970948972827,-0.007943928940388534,-0.007629498315348648,-0.01434157128928415,0.0075757865844463534,-0.00923953859242821,-0.018022756471054335,0.0022597555556120863,0.00260125202205419,0.0028226453357402814,0.00960995519059149
2022-10-24,-0.003033397847615915,0.0,0.004383199439396357,0.0031080743182481108,0.004095260629314312,0.000826727985676623,0.005622542134212871,0.00466499621320926,0.003274162999094443,0.005875743553732882,0.028925599425042137,0.034140951210695825,0.02374894481070111,-0.03587221270526608,-0.026774375254174698,0.022138541254703048,-0.006040566091885413,0.008597903955003483,-0.0045113096809199504,0.01147780612317506,-0.008264426942138248,-0.0012884125764270893,-0.0002471493928533075,-0.0005026442508089257,0.0006897924297333269
2022-10-25,-0.01926979264992168,-0.022026431718061623,-0.019118831865470254,-0.01781566958187142,-0.014460489417043698,-0.02106560680790348,-0.02156553098176961,-0.012241490459674265,0.0013985444396209523,-0.00445062153036313,0.012583701202257824,0.01299255804981958,-0.010494262994359405,-0.008664631448639049,-0.003493446508240128,-0.004147472323669188,0.003867386372868875,-0.02950819672131144,0.013595189447694445,-0.028368794326241176,0.029112497484735655,0.01247047628436837,0.0009886533967493616,0.013376262968647135,0.009649806167735475
2022-10-26,0.009307151543765046,0.01171173920502544,0.006144087094063,0.00788643514142362,0.0063957891942025835,0.005907147052389927,0.003265303008410436,0.00042736021559242054,0.0065177513957477284,0.0036322226904881294,0.005817060351093417,-0.0002103056337606768,0.0030699634393811515,-0.0025707528250823453,0.0035056934608197476,0.005090175839709943,0.0033021169890177227,0.01081085205078125,-0.0074515932117149575,0.006569298514484512,0.014407432951347499,0.005096659114230295,0.0008641937632618557,0.004565294508933393,0.0027308108065313696
2022-10-27,0.014344278153345602,0.013357078889024265,0.012634206210044185,0.013302010231984962,0.010467315388617005,0.013422805905036084,0.013832390302816133,0.00726185721495165,0.0013875475546900606,0.006959911267928165,-0.0005257743765065825,-0.00567824315658938,-0.005008355928038721,-0.013917549642927574,0.0,0.004143653565060301,0.03455847964535663,0.028743232737526547,-0.013513465137045544,0.029006527752297284,0.010470683659720814,0.007077943619534288,0.0020969306720766134,0.00464336312028224,0.007352953398363171
2022-10-28,-0.012626262626262652,-0.012302297788534866,-0.010605080472343431,-0.013127389561715774,-0.011098821190833275,-0.011796351374672609,-0.012841079207244088,-0.011450401129655119,-0.006004580279776794,-0.006358848600490075,-0.013939999287628901,-0.029399311030800956,-0.0408277168065051,-0.017250388822956486,-0.023144051883215333,-0.0018339756606217117,0.0,-0.026640617331565863,0.013698580426060092,-0.024665258284318425,-0.006873891049085201,-0.005140097385421871,-0.001477044809734207,0.0020650907604575774,0.007704780602322048
2022-10-31,0.013299263956601637,0.013345195548370548,0.013871370786315174,0.01486693154236396,0.011223387562545373,0.018638730673265602,0.017886200294088272,0.007293010733111727,0.005111463785459458,0.008625525462892858,0.03200845277452813,0.041621265478660074,0.02157439343809764,-0.014893552694667744,-0.014751895901911949,-0.011943051144452932,-0.004241777365698751,0.027369764761019155,-0.013513465137045544,0.02601160594131402,-0.007128124169968442,-0.004533874866984311,-0.0014793237490008382,-0.005397478346633067,-0.015023510405552165
2022-11-01,0.0055527047492960335,0.00526776528606776,0.005389683094668252,0.0046261073063482705,0.00554937531334887,0.0034951066154569332,0.0039935491399716305,0.0029812477082165056,-0.0018492376204647387,0.005241341426454715,-0.0012923039244057133,-0.00460245626605138,-0.001997708133426479,0.011879012306518,0.009074357862205007,-0.0023245534113032207,-0.004259846686956892,0.016244315134161358,-0.007610378908440629,0.015492936255226741,0.009322609791122455,-0.0001800785938317899,-0.0009753237123842594,0.007173144350179175,0.005992047267958829
2022-11-02,0.004016079638624159,0.004366812227074135,-0.0020618242086823946,0.005372194411723319,0.004047115861533612,0.004302378171773036,0.007159916847488068,0.005095577202590906,-0.004168603610551713,0.0021954400128887386,-0.005952369199517804,-0.012610388098529879,-0.012010350843051354,0.03735329623740369,0.037769791422334054,0.007455813680649737,0.027807407978591936,0.007672712620599542,-0.0030674817461688875,0.00693481290681941,-0.0043401693036578814,-0.0016987329648803229,-0.000495183413367406,-0.004814757589980845,-0.009104473464966567
2022-11-03,-0.013000030517578143,-0.012173926311990435,-0.006198409964871643,-0.007633587786259555,-0.010626636342922935,-0.005711929348881317,-0.007898849052186296,-0.0038022878030333773,-0.007906980292741617,-0.0005476576536959099,-0.023952048232233958,-0.031715578507615416,-0.03936326021370029,-0.02057611149904548,-0.016897720577886965,-0.008788183472815958,-0.0010405073428458866,-0.018401072607628244,0.00923076042762161,-0.017217631215868057,-0.005396955384551205,-0.004360268404099088,-0.0018578341571422463,-0.0035545084388878267,-0.007131056721390028
2022-11-04,0.0015197723456623624,0.0017606037000279517,-0.0016631604759917984,0.0,0.003703717832212128,-0.0018465356891370632,0.0015923171513687606,0.0025445066215654677,0.002812914493998564,0.0005479577469498231,-0.010402859079350457,-0.020224267964317755,0.007532389585542809,0.04621844109518669,0.04539439202528217,0.003733080847727832,0.005208253653516293,0.007756929359498788,-0.006097555213709138,0.008409228969201932,-0.016800590416245043,-0.0021363444965720735,0.0011168131452419239,0.0019818131318423138,0.006906077202516014
2022-11-07,0.017197820980055845,0.01669590373930152,0.015826703754442173,0.016923053448016923,0.016974135719466377,0.024460402659514324,0.014308450418714536,0.0177665011479593,0.005142618676501565,0.010405286510188239,0.005929952284407403,0.006282225290869636,-0.009868362138443665,0.006526062262484977,0.001686379286900852,0.016736429870799485,0.014507808171714265,0.030147609948926624,-0.013803704425026875,0.03127171779615989,-0.009976676175203703,-0.0035324538377521364,-0.0008676214000922222,-0.003659046049566461,-0.00013720351194945746
2022-11-08,0.010442520044706471,0.011235981729017297,0.01742522160904847,0.007564296695040884,0.00943397075181851,0.006219931226764341,0.0062695863848794,0.007065672488255181,0.0023255459097928366,0.005149014061035517,0.006430913194784393,0.009364593041957914,0.0,-0.017456283662802052,-0.018939425867195436,-0.0027435469130562273,0.0010214738427785086,0.014321218590030993,-0.007776005479400494,0.01415098510705115,0.01093486584272263,0.006660251057821531,0.0009924554081248704,0.004168716317075161,-0.0009603470354008214
2022-11-09,0.028543322533785,0.02564102564102555,0.02458185330948237,0.020270247823589216,0.021567231777553042,0.028913198487021896,0.030373783879576788,0.015683081935385035,0.009744825951554681,0.008358084982897696,0.0007986895154430407,0.004859757421659117,0.0018120675774011552,-0.015228483898008571,-0.009866990454992286,0.022925264201898665,-0.0321429110129432,0.046040517378815426,-0.023510986312980098,0.042524876388600585,0.003287354703727985,0.003414787087296478,0.0016110701386131687,-0.0025698775481024505,-0.011947305001758557
2022-11-10,-0.009569377990430672,-0.00916665395100913,-0.008849497772771886,-0.006622471941903907,-0.007741003264035928,-0.009689922767163739,-0.006046857632206026,-0.0032507079123113014,-0.00413603638057114,-0.005347613764161596,-0.01569566773591169,-0.023741521020121614,-0.033463878713551054,-0.011340171014454836,-0.013864804847574463,0.0013447192901687721,-0.029520268118731763,-0.01877932548627992,0.011235982575773296,-0.018483072079643725,0.038473727578119954,0.02243965370353851,0.005444227209449259,0.03349516530329022,0.0311328087306999
2022-11-11,0.0531400966183575,0.052144633041848465,0.04464285579127791,0.035555578161168944,0.04148936328510899,0.0528375898936051,0.04486693305728262,0.01916018345691972,0.014766944794535775,0.01774193101817456,0.030540569408519902,0.0560684910385536,0.06519027021405743,0.026590209633323703,0.024604545707858083,0.024171844426606137,0.008690920626737597,0.08433018158415617,-0.03809527629987697,0.08181822145140005,-0.0036641283496342547,-0.002080267833491578,-0.00024617612521593557,0.002684809443272318,0.0035044412761850996
2022-11-14,0.00917431192660545,0.011191059496044042,0.018043626224307774,0.010729613499683932,0.0078311043808037,0.00836432656730346,0.008733616270600209,0.016800003051757884,0.005911826715249813,0.006339087688865819,-0.0010490667297881062,0.002558612536900595,0.01581250590635741,0.022346298363370876,0.020154426537468684,0.00043707295667139157,0.021540098282379683,0.017098680598706784,-0.011551183551541389,0.01800720222144503,-0.0024517097279184163,-0.002397366594545036,-0.0008616407762787048,-0.005068363592269476,-0.0073874472116586265
2022-11-15,0.04272724498401992,0.04031625378273218,0.035447790671043755,0.025477641662950967,0.031418928824000325,0.04331794422343038,0.03391055401667198,0.005114050368860257,0.0018082733571946896,0.0031496785141222894,0.004200573556606857,0.0036154437960504993,0.0219083933789872,0.015399969508951061,0.016393416336268007,0.008300591486408715,-0.037427470225200876,0.060195262857474896,-0.028380568606441336,0.05778294481302848,0.0161802540334417,0.007418233113198669,0.0009856083880668276,0.013936917872765742,0.008795690290361868
2022-11-16,-0.001743652602993806,-0.00106392249648617,0.0018017743084881577,-0.002070309217425237,-0.0009826475010515506,0.0028268686793801318,0.002093491495527733,-0.0007827221531196971,-0.0018050094067749711,-0.0002616990034278732,0.0049672843584047666,0.009959763390141596,0.011565580778230444,-0.006849378343400603,-0.007030606871314071,0.001299856444743508,0.012048155016258999,0.0005115401714355094,-0.001718252334515169,0.0016722578704819746,0.021868367384204834,0.007363608151377488,0.00012310321514430456,0.008531629008478925,-0.002146259631918279
2022-11-17,0.00043670787561400637,0.0,-0.010791339758765672,0.0013831047012475839,-0.0006891956391517073,-0.002724754101007476,0.002785512730456574,0.0019584502826395234,-0.004068722837851868,0.000785202688118769,-0.0070239455621642355,-0.011749923942171892,-0.015337401776334025,-0.02364529853577635,-0.024989603321535214,-0.007356125997582064,-0.0216450015388836,0.003578716392635073,-0.003442337542768681,0.0011129490909218553,-0.010552265076161138,-0.0067949763345804826,-0.0012305989600326361,-0.005357643557611258,-0.00430164938096167
2022-11-18,-0.0026189702642108736,-0.0023182983548571956,0.0,-0.0013811943648281977,-0.00379312449488145,0.0045537339353651785,-0.004166629689710155,-0.0058639413204713,-0.010440374145080589,0.0,-0.0034057442927448722,-0.002972386288406348,0.003398440306364048,0.010090856004991933,0.014523714429903078,-0.0013077892740659403,-0.01991153826718428,-0.009679109147912035,0.0034542281620522086,-0.006114457376577231,-0.006877329102097929,-0.003524452814168577,-0.0011089694827992602,-9.452028217082908e-05,0.002160168256630346
2022-11-21,-0.0035011074475177484,-0.004647607088682282,0.003636377507989952,-0.0020747098139335396,-0.004153649512632418,-0.008159578431349512,-0.005578795178158846,-0.008258001938700188,0.003211082780858465,-0.0002615621284374203,0.0026287716013244644,-0.0029812477082166167,-0.014676840341085406,-0.021978048151691576,-0.021894756116365155,-0.008293345059933732,-0.03385996034824401,-0.00462959837829835,0.00516354735005331,-0.005592841067852405,0.004215156277780352,-0.0006241294112969697,-0.0002466589754740456,-0.0015121069502552764,-0.0004042355831120892
2022-11-22,0.008344353011587202,0.009338497651690147,0.0027173498026895615,0.004850983599710146,0.006256527713304427,0.006398509492493876,0.004207536113559174,-0.0047580862471008345,0.0013716862435166899,-0.001307853456950947,-0.0034085230780186437,-0.008543390185522082,-0.019765071031936254,0.012257393874020917,0.013775277706846278,-0.0008802179145879219,0.011098050081491229,0.01136949327256942,-0.005137022093236632,0.007311603090239371,0.014191543403829332,0.0057250239773598555,0.0007402536253506842,0.008897253179702691,0.007277640670309227
2022-11-23,0.006968601054850199,0.006939160959522628,0.005420109485605007,0.006896551724137945,0.006908423154408094,0.003633074763147448,0.0013966800411944202,0.007968081774949676,0.007305929232835684,0.00785749697911542,0.014469957275589529,0.013356371629432928,0.014026870985204054,-0.001009104847206177,-0.008067882499545265,-0.005726919107750694,0.008087885691303809,0.014818646911069822,-0.006884675085537251,0.016192036837833657,0.01744182680838935,0.005381873610894816,0.0008630217519105532,0.010038534205656813,0.005619558607767194
2022-11-24,0.00951555786021352,0.009188337612259012,0.009883184581851001,0.012328788025738335,0.007204150757099681,0.008144810188949414,0.013249621922006183,0.009486232636530367,0.004533108970565136,0.009875287750410244,0.0010372691754565455,0.005739805538025555,0.01844378603968133,-0.012121201028581163,-0.008561676271995777,0.01107665057068341,-0.038968497160182136,0.022658609575543,-0.013864804847574463,0.022527506063272584,0.0,0.0,0.0,0.0,0.0
2022-11-25,0.0,-0.0015174274932576726,0.004448398516123442,0.0020297905653814396,0.0,0.0008976523586299301,-0.0027529224079928527,-0.0007831032516334435,0.0018050954784647466,-0.003345369687940858,-0.004404097815166597,-0.004861541652082413,-0.006508193017636055,-0.0015336799650280675,-0.0030224393473836653,0.0,0.007751887729163354,-0.007385524150282263,0.007029870202245103,-0.005373454955416634,-0.003389815729986423,-0.00030882004823307163,0.00012320936428755758,0.001021669860816976,-0.001995762620678576
2022-11-28,-0.02013709113602935,-0.016717417211217556,-0.017714791611774805,-0.012829230769547784,-0.012261600915111526,-0.017040372429407258,-0.017253278395373495,-0.00783702035078171,-0.005405443022944767,-0.0012909692138266537,-0.003642971338451484,-0.01210712589958951,-0.01794363592034487,-0.021505379494489163,-0.015158093510471371,-0.00306747133042673,-0.056213007734242426,-0.02926591754289909,0.012216434804252607,-0.026472225789842208,0.0028182790206705555,0.00041191345150792813,0.0002462944015901858,-0.007237624604185755,-0.010531940981584942
2022-11-29,0.009182361746995937,0.006182404091902738,0.005410265697616712,0.00547197721242787,0.007586183219120413,0.004562043859134279,0.0035112494057951693,0.0059241556215712254,0.007246369925949514,0.004394988821201373,-0.00548443665321241,-0.001075021261340181,0.00261021327676203,0.04657244171757591,0.0351803497124592,0.00043957050030041245,0.07021942940140291,0.021461405282254375,-0.008620722256998503,0.017203141820285595,-0.011725933286606205,-0.0042203155498681255,-0.00036939760663801113,-0.004953722683233686,0.004311502149840329
2022-11-30,0.008232209148014258,0.009984662689927593,0.00807176256393638,0.00952376800329513,0.00958250147930495,0.007266149526294896,0.011196630359638027,0.0070671499814845,0.012140308477624373,0.00849425595922515,-0.006565125734739885,-0.014205765398576764,-0.00433906645076898,0.00450000762939462,0.007221672146715097,0.0008787547259463402,-0.004100743765416914,0.02151077130089618,-0.01217394289763074,0.02127656209249018,0.007354382970306217,0.008993206179383817,0.00295636687444345,0.012211187891578934,0.015025526332516081
2022-12-01,0.017189514621651192,0.015209125475285079,0.012455529420580813,0.01212940111718197,0.010847447282176903,0.01893596433928857,0.01660898091945162,0.006627683384881289,0.0,0.005104664660072311,0.0214115125399974,0.037117921206510474,0.04561312007674623,0.024888003793050784,0.018557593886444623,0.013608404591669565,0.013529384837431158,0.0220372187426654,-0.010563370526912585,0.022435881499524912,0.031869937431243126,0.010900550557615652,0.0021493753397949025,0.012472160109099763,0.003687537284806873
2022-12-02,-0.00887195129616225,-0.006741527314489737,-0.005272461225178771,-0.004660432506422785,-0.006371580684173983,-0.004424778761061954,-0.0013614366685252843,-0.0034856759741144216,-0.0026654582555445394,0.00025389337892378627,-0.004140782865927561,-0.00421054237767271,0.01083632596443529,-0.012141816325755506,-0.008695614401232676,0.009094806543304523,0.008125438230795146,-0.012458030104194773,0.00533811573296239,-0.009926823182199063,0.012575587885739425,0.0020308381541918052,-0.0002455685004477681,0.006068370906136433,-0.0007935094658667596
2022-12-05,0.0012787203118673762,-0.0007541938077857413,0.005300407417766717,0.0046822538343958,0.0013500140621101053,0.0017777506510416874,0.0013632927052040777,0.0054411698207477155,0.003563470868032992,0.0022848477781785004,-0.0038980694637743563,-0.00570825501308081,0.008796033134388148,0.02999019694077787,0.019214664754006572,0.004721056392851697,-0.006332792460384096,0.004852013441948966,-0.0017699519846088307,0.004749308160867383,-0.01400691055462544,-0.01013376567599733,-0.0028252468564946565,-0.00849936319446698,-0.009528867707344624
2022-12-06,-0.01830561049253865,-0.015849102668042403,-0.011423576598381557,-0.016644474372802254,-0.013818666880951458,-0.018633527337942435,-0.018379817004889998,-0.010050259777631299,-0.010208674770316062,-0.011651446043725033,-0.013566408372628125,-0.012332511830996373,-0.012806572504972413,0.012887758500356172,0.009016443612402725,-0.020504038674284297,-0.038238692853995726,-0.03331728127436451,0.015957474240858804,-0.03308817224224225,0.01288001380357584,0.006142490502114573,0.0011086023349631269,0.0030417719379907115,-0.0036076517407539477
2022-12-07,-0.006071158361743434,-0.006901794007742157,-0.013333333333333308,-0.004739315928946719,-0.0037594193264217646,-0.006329086418622176,-0.011789186920561856,-0.0066380348396098965,0.00448432219242112,-0.0035878879550494958,-0.008198925205805452,-0.014639403530824602,-0.011316584393939566,0.012723867412839596,0.00852961321341672,0.00043611987565395083,-0.037349447288296034,-0.00999001014229317,0.005235638692580702,-0.009777311200879102,0.023562452962766045,0.008750515069529285,0.0020918642224940776,0.011119271162157496,0.005498238752679407
2022-12-08,-0.011780091554067118,-0.01158301158301156,-0.00720723470052087,-0.008163244545865256,-0.01097769121824621,-0.011828963000075077,-0.010526289019668345,-0.005896211296437026,-0.004910656467687291,-0.005144052403421084,-0.0034666951497396292,-0.007865427283177961,-0.009212675018674177,-0.007445316385119027,-0.004027401601973124,0.005666920564086242,-0.020650809334120446,-0.016145292621158935,0.006944437545759019,-0.017553466235179727,-0.002740504689983325,-0.005648553177742155,-0.000982340725152242,-0.0031809368172687202,0.000800180793646188
2022-12-09,0.015452538631346657,0.01484370231628418,0.010889334036917608,0.010288065628280663,0.012833882768385152,0.01381215489019949,0.013475147180350255,0.008699063083837943,0.0062808157872669135,0.004653575588304593,0.008295461122598935,0.015415123657599894,0.018033230751768325,0.009376500874581417,0.00202188214050647,0.009102773931479735,-0.012779540839625847,0.02564102564102555,-0.012068994717137738,0.02735898229759015,-0.026014439731835592,-0.0074051870904269235,-0.000491653333668407,-0.007476291872197671,0.0
2022-12-12,-0.00956520412279216,-0.006928359805786988,-0.008976660559270266,-0.006110041660740473,-0.007191814600492119,-0.010899154994304938,-0.007697666687955795,-0.0003920121047475966,-0.0035666483556665574,-0.0010293596216951473,-0.007961763127144583,-0.008458021784560232,-0.004705285873700227,-0.007895962418588809,-0.0016142419055259483,-0.007731971643756719,-0.005825252666599945,-0.015999984741210893,0.008726036748416544,-0.016847859258237063,0.003197557904972559,-0.0014307551541297148,-0.000614892424317004,-0.001286049870140471,0.0038646176970840163
2022-12-13,-0.004389815568934807,-0.005426332932110034,-0.0027174189095231505,-0.004781400119026946,-0.00413932158786412,-0.006427957463989276,-0.002820871720180973,0.0011764975155101887,-0.004474289922278274,-0.0036063727653017352,0.014713729838004008,0.012467184593295988,0.0066741291595424634,-0.0028090529764281946,-0.004850401495348988,-0.001298731002168041,0.036458361467036626,-0.0076219511013193575,0.003460204186943594,-0.006633482524763701,0.009655936973632873,0.009006214938730883,0.0029531869457082305,0.008738014510445868,0.01035442400554043
2022-12-14,0.01234569230194782,0.01325017075452739,0.011807475656445021,0.011667789868561762,0.012816034677143096,0.01478748751056802,0.013437027989396277,0.005875425558007796,0.00808990135621479,0.009048564409505966,0.005536490450383624,0.010153324621088977,0.009392269210556803,0.008450718855547823,0.004874042558663971,0.014304288169543877,0.009422086545943786,0.02713775201710167,-0.015517267177277083,0.026711202744985618,0.004271185950806,0.0027386579013104484,0.00012261693747994684,0.000911812490112851,-0.005649721478484637
2022-12-15,0.0008710668245888176,0.0007692777193508693,0.003590677921005092,0.0006784674874942276,-0.0006840101887903849,0.0009107328901798439,-0.004884835673196197,0.0007788340158096929,0.0,0.00025626791040989083,-0.005506006497987825,-0.010051270805743862,-0.010673217840088012,-0.005586542571791475,-0.005254614469251684,-0.00982904042674404,0.018046105851560634,0.0009969937295963849,0.0017512700486641553,-0.001083994299415636,0.003892344845235232,0.0019421403885758809,0.0001349586789467453,0.0008381355474541166,-0.0037526467234482858
2022-12-16,-0.01653613142425392,-0.01767873131326214,-0.016100205747977547,-0.01491523354740465,-0.015400371874244256,-0.013648771421052142,-0.016129066775525502,0.0,-0.004458331703484197,-0.008709039640214626,-0.020036966256674726,-0.029164015167809643,-0.02959888380801956,0.005617927362165487,0.0032507079123111904,-0.007768679524517874,-0.009779941408490589,-0.03436259487254545,0.01748258481428655,-0.03201307139217202,-0.011170597192408205,-0.0025288286309581576,0.0009834275667519599,-0.004291073002293921,-0.0053333536783853885
2022-12-19,-0.00575222589273372,-0.004694883326979538,-0.008181832053444582,-0.005505870853098616,-0.0048662250528150874,-0.007380101849600251,-0.004989286967676532,0.0011672676422693762,-0.0017912677257220233,-0.0018791864382340373,-0.011568375347345783,-0.006452984194301403,-0.006556537768763193,-0.004189951327090213,-0.008910539325410416,0.00826448612219255,-0.006172862762975684,-0.009283072973842899,0.0034364227382495116,-0.008968558853510666,-0.016805181976479733,-0.008112798365339735,-0.001228029887588411,-0.010086177322075507,-0.00509379706689661
2022-12-20,-0.01824651046021586,-0.01729557390742209,-0.015582007076246018,-0.018685099987835185,-0.01501915509716123,-0.01951671472027172,-0.020057287407311386,-0.016712021485656314,-0.006280901356964241,-0.011296449171467882,-0.019052823379420825,-0.017021323857961734,-0.03213770390022985,-0.028517939243052792,-0.0237024903956381,-0.0017256650129728879,0.0018632781730492098,-0.03695994730832908,0.017123270893795395,-0.03393665099792742,-0.01775705213692602,-0.007258962296234905,0.0,-0.011763585159654366,-0.0025599897370151004
2022-12-21,0.004079754630931687,0.002400024414062507,0.0027932534273846787,0.004231247050873188,0.0035460450856623638,0.0018957056705419806,0.0007309411538343191,0.0015810639025137796,0.0009029552193282608,-0.0027203068195603697,0.012208618632953971,0.002961974707748505,0.010673009642374165,0.0086620977805274,0.0,0.012964613324207175,0.008059583067520526,0.007567534575591228,-0.001683540199579614,0.005269285014073644,0.0025134812519287397,0.00123586764642436,0.0009836693625173698,0.006842213054967017,0.008510129585314719
2022-12-22,0.01670427516136419,0.01675976395031409,0.012999086031095342,0.012640471410878762,0.013427599942038126,0.014191107316062546,0.011687421913123774,0.013022885624266678,0.007668023261566237,0.012002144804701853,0.011787289215229535,0.011131255308360899,0.017307132588648688,0.007156561661781247,0.008790330564524051,0.003412965950654101,0.03444031107377743,0.034334814189037166,-0.01686339081405752,0.03145025772423993,-0.00019283166494576953,-0.0003085659218289294,-0.0006142126214040422,-0.0002792662428618975,-0.0061613540222827945
2022-12-23,-0.016873903655652223,-0.014128752199364603,-0.01191563190233813,-0.010402219360229226,-0.01255232240309967,-0.015858180938782773,-0.012996411568089838,-0.0027269066854761492,-0.0022381037027322526,0.0,-0.01273370963549536,-0.02381481910955141,-0.032583652196409796,-0.004263389388239003,-0.008713733962542047,-0.01318033024054166,-0.005350782058312742,-0.028008345797711387,0.010291585517105739,-0.02540937235976004,-0.014660461406176606,-0.004527239740234834,-0.000491653333668407,-0.0030729288847216596,0.0025606799086363985
2022-12-26,0.0036133833505518353,0.0023885593582999576,-0.0009277003774073034,0.002102333974587367,0.004943481326167731,0.0009478528352711013,0.0007315456346761451,-0.000781267869751634,0.004037606170602004,0.001347791207934712,0.010976990695760414,0.0023014608139291237,0.0017884165322048506,0.004281643702564786,0.0058602469892792275,0.005170221627181393,0.008965906911807542,0.0069370495949743205,0.0,0.005793742552942183,0.0,0.0,0.0,0.0,0.0
2022-12-27,0.0045004501068148794,0.002382807138422649,0.005571087469983693,0.005594426935369379,0.0017568919893766743,0.0037878932922232877,0.004385925775139299,0.0019546222521373835,0.0017873510736081677,-0.000538370307999525,-0.001628701765540086,0.006199780998707993,0.0002974805519677659,0.009474128366095291,0.013732830390198458,-0.0008572849476672362,0.014810427276623628,0.00741923252737231,-0.0067911651544559914,0.00864055269160291,-0.01977294635914495,-0.008372067789082727,-0.0013526882779681948,-0.012889942881445515,-0.010350808568141412
2022-12-28,-0.014336904085998858,-0.01584786092205892,-0.015697179406581108,-0.015299004878674083,-0.01122412108927473,-0.018867924528301883,-0.01746723254120064,-0.00975419462294369,-0.004014279762784345,-0.0067330997255123926,-0.008700372633082987,-0.021451360868448677,-0.03480066050316566,-0.0004692740090311842,-0.004926142702246339,0.0034320002376206915,-0.007588976481933685,-0.02788007828296324,0.015384641718817926,-0.027412923383452914,-0.005891715013846999,-0.002397366594545036,0.0,-0.0031226516852926878,-0.013447506876248072
2022-12-29,-0.004545454545454519,-0.004025764994248449,-0.008442791170371278,-0.002118665528435759,-0.006385253698676374,-0.004807692307692291,-0.0014815153899015998,-0.003546030268526623,-0.004926135724469205,-0.00433839053086249,-0.010696637395543052,-0.010261250710029146,-0.0077041600653988684,-0.007981224525029917,-0.007838305934474543,-0.0012825472458178888,-0.01176475076114425,-0.0075758069921748605,0.0033670001235441838,-0.008220840459104095,0.011351051921419497,0.004910680442994364,0.0007387952132760223,0.007119126823568411,0.01294234444380371
2022-12-30,0.006392666193992591,0.004042037286461797,0.006622560055318472,0.007784789957319571,0.006069263652438428,-0.006763255538571822,0.005192926622824112,0.0043494938323784815,0.004050412032812201,0.002450984466121131,0.013584743072152294,0.02073518135227781,0.023291924913964923,0.011831519636980925,0.011226630616586686,0.0047088484644211,0.0005952517461891293,0.011995704908654536,-0.008389293693764621,0.014801658320557465,-0.011124381636741565,-0.004158884639319127,-0.0012304476221437488,-0.006314780193976466,0.0008155166350771736
2023-01-03,0.004990953420952682,0.008051529988496897,0.0009398352696148304,0.0,0.003548629538210557,0.018482430350977408,0.008856079990399834,0.0035433131472266677,0.0013447192901687721,0.0035315742615618095,-0.0002735813964650502,-0.00023080151439602847,0.00971167488360547,0.0009354751425985075,0.011513186272987364,0.011930153167332591,0.013682418613453873,0.013469827143247404,-0.005076097080497832,0.009918391292697226,0.01908398525985011,0.007830444869060926,0.0008623838413612805,0.006924057240069503,0.001901390667808922
2023-01-04,-0.0022573363431150906,-0.0039936103209866625,0.0037558828721024895,0.0014045801657593948,-0.002121689244489633,-0.0009550952916506095,-0.0014630912693524012,-0.0015692039442084527,-0.0022381037027322526,-0.0002706638306687603,-0.0035568008434707643,-0.004387033834716614,-0.009618265416932004,0.00046730042336906585,-0.003252029368516429,0.0029473555715460176,-0.037558759542899,-0.002658160466644688,0.003401357234227742,0.0005776478405596919,0.013699974395733783,0.007665988533382739,0.0009847591476903617,0.007253170841225565,0.011522382298976508
2023-01-05,0.0072398466222427516,0.007217333984799179,0.008419097409096299,0.004207509249971597,0.004606699903557887,0.007648212843480495,0.0007326175209749763,0.0003928613451267271,0.0013458402003014847,0.0021662067613417157,0.004667819664734063,0.00092766503984687,0.0012139883035249266,0.02568889495471094,0.022838476977477873,0.002938694194837721,-0.03536584982908875,0.007462653789637175,-0.005084781241258773,0.005196357800989926,0.004180848921295555,-0.0014392864653030024,-0.0013526882779681948,-0.0007481701190158452,-0.002010205311682056
2023-01-06,0.004492362859751964,0.006369451126407855,0.007421107604043131,0.005586613608986157,0.00740737501400246,0.006641337173703077,0.012445100892600092,0.007855489793062498,0.00358422602149977,0.0024317794290611427,-0.006285857919573146,-0.011121398144886885,-0.01606555219850392,0.009562887093641725,0.012360425314410284,-0.007953061178867626,0.005689011019218704,0.014814830961681569,-0.008517838990203419,0.014359562965859718,0.018396606780942015,0.012869350719105555,0.0038172338639148595,0.01637810037427223,0.014233886682132324
2023-01-09,0.03577817433643715,0.032436696397362574,0.020257869323644373,0.02222220102945971,0.025210127246736214,0.02544773436820802,0.028922604536290253,0.010911951999631242,0.010267836881839187,0.010242616812512928,0.014851510078732089,0.023664440354062455,0.015095554291040925,0.012178640362404902,0.006695552594745413,0.020675095162207446,0.004399729446610046,0.055265853368449136,-0.027491463836777474,0.05266131071092639,0.005324182895692475,0.0025411669747867904,0.0009813767707200771,0.003959487211947277,0.0035747951386826404
2023-01-10,0.003885983906589896,0.00766283524904221,0.015342932323278546,0.00475541414914793,0.006147486120423595,0.014705867915830284,0.007027433920353543,0.004626018867162962,0.003093309976529346,0.001867654633915805,-0.007046128061759638,-0.005493199160295115,0.006676704124793265,0.0004456429876933399,0.001564981078369776,-0.0033071484886253444,-0.006257786649561781,0.010869625856591902,-0.0035335656299810836,0.008606810952380028,-0.016550028705832,-0.006286070510521213,-0.0008578394133967882,-0.003393516658992679,-0.0011873873833976312
2023-01-11,0.0008602019279233541,-0.0022813920285764677,-0.0026666937934027857,0.0,-0.0016971907201076553,-0.0027174189095231505,0.0006978526821408426,0.00038373864492613485,-0.0017621548098205597,-0.002130439893017755,0.0062772801874366735,0.011967789381656546,0.020802004205482616,0.0057906083006109554,0.002343729103450043,0.0033181220108184917,0.0,-0.0058651621272391985,0.0017730902692498773,-0.003200032552083343,0.016251586461422995,0.006427887355234363,0.0008585759336721122,0.008558739595418752,0.0066041474844311665
2023-01-12,-0.004297378655412798,-0.0007621253586309606,0.0008913200199260896,-0.0027044889316515386,-0.0020401042588805707,0.001816572029142538,-0.0027893975890794787,-0.0030686584059277378,-0.0035304467892656177,-0.004803851062495479,0.012747524662841014,0.01660221792062644,0.019492021131574777,-0.0026571951348587364,-0.005455938834019736,0.002480341654309104,0.039672551001306955,-0.005408018081290433,0.0017698675886530513,-0.00374530214607649,0.019682076315747477,0.008921302299909728,0.002205886134089452,0.011314951497405357,0.005642308231747384
2023-01-13,0.01165298655073066,0.011441647064574623,0.011576094274584614,0.006779661016949046,0.008858610749660878,0.009972787340766676,0.0027972000922729112,-0.00038477218045029904,0.0017715197370460345,0.000536349082129961,-0.0010712617933551494,0.0006711136193480183,0.005504015764468351,0.015097697410155986,0.012147314278283083,0.005360790134705251,0.007268257433143077,0.014335115436169499,-0.005300306321546655,0.012889415653108527,-0.009372699667856588,-0.00532555061469453,-0.001711902564663248,-0.003248223444950682,0.0
2023-01-16,0.007679194106774201,0.008295556516549896,0.003521140239892029,0.0060605649594907,0.006416704586036381,0.0026929570758900123,0.0041840631313769805,0.0015396811482737416,0.0030945929366548164,0.0021441440207152773,0.002949078085831891,0.0067068911274472676,0.011812153795057956,0.030621121474242008,0.027874537959007073,0.013125578883850464,0.013229178100149896,0.01364523924658756,-0.007104788817042462,0.011664882699074175,0.0,0.0,0.0,0.0,0.0
2023-01-17,0.0,-0.001495863521370211,0.0,0.0,-0.0023489831079311907,-0.0008952415116665335,0.0006944603574132735,0.0015372408714457997,-0.0017629314493537995,0.0021396585279656044,-0.0016038859539093675,-0.004663537423172381,-0.003986315316238054,-0.005517791329092581,-0.013182617106539785,-0.004453465868576423,0.0005934853801448092,0.0,-0.0017889496616929623,0.000524061022679545,-0.006463723104508157,-0.003131604861941417,0.0006124822652087136,-0.0036209063226111393,-0.0033925122429683263
2023-01-18,0.0,0.0,0.0,0.0,0.0,0.0,0.0,0.0,0.0,0.0,0.0,0.0,0.0,0.0,0.0,0.0,0.0,0.0,0.0,0.0,0.024231564717926757,0.013579208894878292,0.0022034557448433745,0.011719823013572661,0.0011783709154444821
2023-01-19,0.0,0.0,0.0,0.0,0.0,0.0,0.0,0.0,0.0,0.0,0.0,0.0,0.0,0.0,0.0,0.0,0.0,0.0,0.0,0.0,-0.0062597838752534996,-0.0018995682702304117,-0.0002443419053357321,-0.0020654036967759914,-0.005884720419160772
2023-01-20,0.0,0.0,0.0,0.0,0.0,0.0,0.0,0.0,0.0,0.0,0.0,0.0,0.0,0.0,0.0,0.0,0.0,0.0,0.0,0.0,-0.016211209351298606,-0.006611275668674477,-0.0008552192563124894,-0.005219060703632983,0.0019731851157953617
2023-01-23,0.0,0.0,0.0,0.0,0.0,0.0,0.0,0.0,0.0,0.0,0.0,0.0,0.0,0.0,0.0,0.0,0.0,0.0,0.0,0.0,-0.004708098063728627,-0.0032267792753113422,-0.0009782566917198032,-0.0028946149795617826,-0.00013121316891417933
2023-01-24,0.0,0.0,0.0,0.0,0.0,0.0,0.0,0.0,0.0,0.0,0.0,0.0,0.0,0.0,0.0,0.0,0.0,0.0,0.0,0.0,0.014380362500911348,0.005766309596589858,0.0003672755178976139,0.00526167272064848,0.0006564524679526507
2023-01-25,0.0,0.0,0.0,0.0,0.0,0.0,0.0,0.0,0.0,0.0,0.0,0.0,0.0,0.0,0.0,0.0,0.0,0.0,0.0,0.0,0.002424940619943472,0.0011064233793751654,0.0006117144293380505,0.00045125036422244413,-0.00013124440822231964
2023-01-26,0.0,0.0,0.0,0.0,0.0,0.0,0.0,0.0,0.0,0.0,0.0,0.0,0.0,0.0,0.0,0.0,0.0,0.0,0.0,0.0,-0.004652028139034758,-0.0036170060762268363,-0.0006113404635552655,-0.0003608236993245528,0.002493470459523861
2023-01-27,0.0,0.0,0.0,0.0,0.0,0.0,0.0,0.0,0.0,0.0,0.0,0.0,0.0,0.0,0.0,0.0,0.0,0.0,0.0,0.0,-0.0025238760888806056,-0.0015125696142835876,0.0,-0.002887562675558897,-0.003010809390976754
2023-01-30,0.04403047029048492,0.04494382022471921,0.0356140217028166,0.027443147731026185,0.034308794936730225,0.05017919848287167,0.04233173041923282,0.018035350358213353,0.009713000867443668,0.013610843472602108,0.012583701202257824,0.04596165522796514,0.10777588642365798,0.001280357614432015,0.01717552833919589,0.006506703799075364,-0.005338087148860082,0.07259618318997907,-0.03225803419349749,0.06914621597205994,-0.0036547595632505647,-0.0031306561210174833,-0.000978855105453813,-0.0038008884067448623,-0.005514781750841746
2023-01-31,-0.019883959877095347,-0.016487477073532708,-0.017301038290651327,-0.0032573289902280145,-0.012357696285092756,-0.01877130550791528,-0.009543308970324293,0.00037694039287639036,-0.004052149885146905,-0.0007898572843192397,-0.013484884337611414,-0.02090442661919778,-0.0317419236706149,-0.018329003180215353,-0.01688551077043643,-0.006060590647687825,-0.020274307889508014,-0.020170326655715387,0.007407400212333881,-0.017148456126085843,0.00799471855305578,0.005065342970696607,0.0018371282679199297,0.007176607034761862,0.007789859835306112
2023-02-01,0.005917133813901243,0.005102018686678589,0.007042280479784058,0.0032679738562091387,0.005597631596846453,0.008695652173912993,0.007570585848116096,0.004898234976719484,0.001356183461063365,0.0028985667494105805,0.009648801458152834,0.01067533436776169,0.01599143035183359,-0.002171130825808998,-0.0007633762282924783,0.0024390026427631994,0.018259235026675036,0.011436413221398212,-0.0036764670434089597,0.010967083157050972,0.011990315929694904,0.007176695963818881,0.0017359151402437233,0.01011994905295942,0.010454608751903835
2023-02-02,0.01680672268907557,0.014503263876148642,0.017482517249333807,0.013680821521274478,0.010478051251842757,0.023275835760708574,0.01639342660450316,0.011998488710491362,0.0036117347667639077,0.008144969716456618,0.005309285178153544,0.023065309525806654,0.05587621006813914,-0.0008703419565745385,0.0011458662699459499,0.012570943546656776,-0.026299978406943203,0.02758928392734039,-0.01291516064133369,0.02712031517374447,0.0012941337516501061,-0.00040117255936844565,0.00012229045260436777,0.001433014156096979,0.005732084415928318
2023-02-03,0.0,0.0,-0.006013784952409007,0.002570654760889024,0.0009720926345935244,0.0008425114244883236,0.0,0.0003705160787936812,-0.00449844280382139,0.000521252497274638,0.006337514793662402,0.012642273501742629,0.021117974512325333,-0.020470354185351147,-0.022510426014809903,-0.018822560123304743,-0.017802387920734852,-0.00044010055488397093,-0.001869112565033637,0.0,-0.014955712252087805,-0.010735424044159392,-0.003667518833318284,-0.011358524915456414,-0.010492196769603557
2023-02-06,-0.01446280991735538,-0.013581086342935977,-0.0017285821393033807,-0.007051321176382186,-0.008093234216242084,-0.013468064498437293,-0.012096794609637973,-0.0029629601372612724,0.0013556569264898677,0.0002605401508073424,-0.0005248086445382993,-0.001248467989523605,0.0019465166429399883,-0.014673184840572673,-0.00858708873913172,-0.01999999065788427,-0.026250004768371582,-0.025099128374453272,0.011235944019676314,-0.0259241914361934,-0.0074038735588345395,-0.008620674313135845,-0.0028221270789398067,-0.007689510286603363,-0.006414424239882033
2023-02-07,-0.002096436058700246,-0.0021739351576652854,-0.002597429019548181,-0.0012911359336517103,-0.0029373418531560835,-0.0017064586471833287,-0.0027210858756485656,0.000742959053008585,0.0009025477392323733,0.0026041268267580353,0.001312660458394621,0.002499977747599358,0.0007284793364390474,0.006317662031247062,0.006692916490042888,-0.002082513283320764,0.020539133272864607,0.0,0.0018518059014955845,0.002464268186499252,-0.008025739534741616,-0.002455221112731776,0.0004921978242846681,-0.0032819819704522635,0.00355726795307576
2023-02-08,0.015546205664883184,0.014524328571712042,0.013020833678267563,0.013574700355154068,0.012438660478074626,0.019658145741519695,0.01909957270706375,0.00779506608424807,-0.0013526008220345886,0.0036363477830763102,0.011274260934898805,0.02057360142231457,0.0266926064852262,-0.0008967960134188546,-0.0007821845131942284,0.001669487356252386,0.028301935455080862,0.02664864190570837,-0.012938945803797619,0.02556544917930359,0.004759185338083949,0.0036919352114115345,0.00036894330583714385,0.0010061338014202281,-0.004201125147915263
2023-02-09,0.0004137612940766644,0.0007158633192574371,0.0017138353287655672,-0.001913284731625886,-0.000646636196777739,-0.006705809147471098,0.00133871876341507,0.0,0.0009029552193282608,-0.0007763659360955355,-0.005444622404309651,-0.013235624471604979,-0.01087220241643172,0.010323138920466324,0.006653623536996278,0.001666704813639397,0.013455615181748204,-0.0013198550274083898,0.0,-0.0009588312616443107,-0.009473285554453703,-0.004495784500441524,-0.0007376144737518686,-0.008406485542911124,-0.006460090621316361
2023-02-10,0.0008271172279488148,0.001430593303836547,0.0,-0.0012779357715155815,0.0006470546057071314,0.005063278262625204,0.0006684644957444252,-0.004788182784278061,0.001804195220616256,-0.005698037224172947,-0.009645436027050591,-0.01258771402963188,-0.01433688162478941,-0.005331001244479272,-0.004665588456001957,-0.013727197108446942,-0.0090524816712656,-0.0030836869966616165,0.001872612688940123,-0.004798464631897814,-0.011189730262662456,-0.004823988701949666,-0.0004921372555130032,-0.00700326695858311,-0.00769641489327455
2023-02-13,-0.0020661157024793875,-0.002142878941127191,-0.0034217409808190435,-0.003838810568141393,-0.000969954295166553,-0.006717006151239491,-0.0066800520832305255,-0.0018505234478932708,0.004502493723182566,0.0023443645225000864,0.004211630438089697,-0.0029257971601431843,-0.0186666777639678,0.012058975664309468,0.006640627881279171,0.0029524084721999078,0.01522533488662603,-0.0039770620553972735,0.0037383142585096785,-0.005785906381661321,0.008414766918638072,0.0023721468554596115,0.0002462367428230916,0.0037119665733973406,0.002540818995825589
2023-02-14,0.007453428785746619,0.005726578877837785,0.008583690987124415,0.007707109645230803,0.006148884673243815,0.01014367639295144,0.006724975268280975,0.005932512105511378,0.004034072377513187,0.003118475397928533,0.010747046684493222,0.01509120172960654,0.017539503273261037,-0.004413079529704711,-0.00038805699278998684,-0.0008410621188461587,0.0029993543390349764,0.015971633544803687,-0.009310933885150252,0.016973812084383866,-0.0023019901040329804,-0.004527239740234834,-0.0020921215096060264,-0.0024963411919292078,0.000266728594648713
2023-02-15,-0.02301687642118244,-0.019928847343472,-0.018723378282912262,-0.014021650948524922,-0.016725649894227756,-0.024267795195639374,-0.017368084451840793,-0.0029487624836253,-0.004017864023240336,-0.004663220525681133,0.0010372691754565455,0.0055750661999234286,0.017965566961368085,-0.0031028234255897624,0.0003882076394792211,-0.0067340002470883675,-0.008971269419279615,-0.03755461180574504,0.016917231738101002,-0.03147349041857905,-0.009325068473488018,-0.002997425483486804,0.00012334611767395032,-0.0038001300865164733,-0.0016001482945163792
2023-02-16,0.012200291091736482,0.010893246428783865,0.008673026656825789,0.010342638235803836,0.011122020149887613,0.014579799312896435,0.010197118840332031,0.010351227155004361,0.007619904991636561,0.006246790471239327,0.0069948307885217,0.01601640178803554,0.019079399743333614,0.006224961808502405,0.006984877841612613,-0.004237304231073047,0.010259509923047583,0.024954628640249332,-0.012938945803797619,0.021171775793926484,-0.01416794440203839,-0.0033174341474333513,0.0001233309052854903,-0.008001494077884974,-0.008013971971478462
2023-02-17,-0.012884480568890244,-0.012931056689800768,-0.012037845994344987,-0.007677523511274709,-0.00873505205747449,-0.0118343321197244,-0.00807536260642916,-0.003293090114860342,-0.0022241653949595097,0.0,-0.01492148269347271,-0.022231173894456724,-0.03533813100186556,-0.015024227037034543,-0.022736036040141516,-0.006808504145196181,-0.01732371637657082,-0.016821548896145844,0.00936324203539085,-0.01591122415662083,0.007776365232850191,0.0028084488680577557,0.0008630217519105532,0.003939206135114892,0.0039046846456860518
2023-02-20,0.002105263157894832,0.0021834284212838284,0.004351610037945708,0.005802668349888407,0.003916476554302495,0.004277159909953587,0.001356883180070323,0.00624082517336122,0.004458331703484308,0.004397361208317685,0.0023504870837283143,-0.001653613668632481,-0.002668622200241777,0.0,0.009069382362019596,0.0081405541052042,-0.011550183905503109,0.008554677371772845,-0.005565813305066336,0.011268925645216532,0.0,0.0,0.0,0.0,0.0
2023-02-21,-0.00042019371225054947,-0.0014524106948046178,-0.0008665378925377665,0.0012820317195012532,-0.0016255248386581878,-0.0017036164824293376,0.003387546745224679,0.004377994888778769,-0.00266317671825822,0.00206021150103175,-0.0046899504993843655,-0.0028985381337441884,-0.00437850407451601,0.007626655987568398,0.00390779135886854,-0.0016999963603930857,-0.004305024221333165,0.0004464558192662782,-0.001865714297152321,0.001938028910378975,-0.019437369771008628,-0.010891017652460477,-0.001970973903767992,-0.014200338746824914,-0.015423738387070673
2023-02-22,-0.010928923545319158,-0.010181773792613646,-0.015611474450263452,-0.008962829217905033,-0.007815036739597603,-0.01109211140114097,-0.013504440058930811,-0.004722160002643805,-0.0008900111716138026,-0.0007709786536755914,-0.009424099559202759,-0.015988381648739725,-0.021011497775210386,-0.00445229199453645,-0.00038926542132911024,-0.0008514456346765398,-0.004323637585864515,-0.0200803207382394,0.011214942775529257,-0.018375256265381945,0.009164241204688839,0.0017826989078988387,0.0004937165784340003,0.0028430919380391106,0.006538560190629816
2023-02-23,0.01487462794137806,0.014695076490142345,0.02026434406835076,0.012273862138420633,0.012799517748139255,0.0163934555726013,0.015742676339183026,0.012408764865746713,0.00534516382212602,0.006687199444200154,-0.003171219117359292,0.0040093362281778955,0.01372596060018405,-0.008050102873988774,-0.005451689563267692,-0.005112864737771283,-0.022332542903805597,0.03005460228273149,-0.014787416998601755,0.03251234533751535,0.00977204142751531,0.003873157660525539,0.0006168647084114909,0.007843525169612064,0.009879596196557427
2023-02-24,-0.005025112784366681,-0.005068878900023721,-0.00431778917809289,-0.0006381036801141882,-0.0058328030335619285,-0.0033955986037043084,-0.009433985302105263,-0.002523420886870409,-0.003987600966097071,0.003065889978437264,0.0021208381168744683,0.0033627541247314152,0.0002462367428230916,-0.012624016356761247,-0.01370400818024009,-0.001713101279393947,0.022208145709815108,-0.011052166373689332,0.0037523416909557294,-0.010496241140111051,-0.013000995028140783,-0.006047985629053065,-0.002095896531452035,-0.007501200565512289,-0.0060306159350460575
2023-02-27,0.0,0.0,0.0,0.0,0.0,0.0,0.0,0.0,0.0,0.0,0.0,0.0,0.0,0.0,0.0,0.0,0.0,0.0,0.0,0.0,0.002773088797779044,0.00304239316466437,0.0008648343552359883,0.00028340840556762004,0.0067412702217020115
2023-02-28,0.0,0.0,0.0,0.0,0.0,0.0,0.0,0.0,0.0,0.0,0.0,0.0,0.0,0.0,0.0,0.0,0.0,0.0,0.0,0.0,0.0045432008342978225,0.0015688894981835677,-0.00024693583426027566,0.00037779482966548983,-0.0018749081703696158
2023-03-01,0.0046295909784082045,0.005094703334256545,0.0026018682950825767,0.0006385111164073365,0.004237260739031745,0.008517887453174833,0.015646292441832577,0.001806983625684211,-0.005338030886491207,-0.0022924135617837793,-0.0021163496818007443,-0.004398887553132336,0.001722857321782234,0.01689501578439878,0.022628014400141172,0.004290020753360935,0.018001179217359553,0.005811368214093449,-0.001869112565033637,-0.0019286109366233317,-0.010716707774083852,-0.007978269292285225,-0.0018273560007087452,-0.006212224232173344,-0.00281760413463435
2023-03-02,-0.0008378590314165324,-0.002896518012994176,0.0008650387148878558,0.0,-0.0012982476102579854,-0.0008445816962192598,-0.0020094230430194315,0.0021645517596426966,0.0008943895290316473,0.004340107010200489,-0.00768825307906329,-0.014096322031406205,-0.018181859080961704,0.0,0.0011646229184374413,0.0,0.002439080271815719,-0.0008888753255208437,0.001872612688940123,0.0009661688320878881,-0.008867185068187622,-0.004113917479891982,0.000371824233805107,0.0008580795863180057,0.0012183069520028678
2023-03-03,0.0008385616278498986,0.002178671448123337,-0.0017285821393033807,0.0012763047360380142,0.0009749359392454693,0.0,0.0013423126359546345,0.006119513034269497,0.0031278643788141824,0.008388358288700104,0.009083626765049146,0.013657690595656025,0.0002503037152059573,0.0004490448440179762,-0.0007755120997933185,0.002562984465333651,0.0030413160241062887,0.004448398516123442,-0.0037383142585097895,0.0067568010419574165,0.024225934372637647,0.008049936207564778,0.0006195397388801815,0.011335442693459541,0.010275853780939537
2023-03-06,0.009635538672656763,0.010869565217391353,0.01212122533228488,0.010197617372574408,0.010714283502610611,0.012679627737149923,0.013404812884881379,0.010733425004350483,0.006236052779096113,0.009579054339677429,0.015091334072437235,0.02315786261307573,0.029021761620844577,-0.006732563790665225,-0.00543272388475613,0.007243292768108978,0.012128609200453111,0.022586318759072466,-0.013133151186904057,0.0263662504270048,-0.007753468645202544,-0.001786257982726136,-0.0004953060236411178,-0.002731477070065269,0.0
2023-03-07,0.00663902947516859,0.005017899270553405,0.0,0.003154574132492094,0.0067459363148958396,0.004173622598189652,0.008597891231803434,0.0046017402041274025,0.005312037674821246,0.0027465820835714805,0.00026078042497168497,0.0016461282626847318,-0.0004862741853701724,-0.0058743409713757355,-0.004681971744597502,-0.0025380485402489716,0.021569723875581426,0.01342575221074016,-0.005703461692572409,0.009808457659320258,0.006132569297127466,0.00010528564453116118,-0.002106022873816671,-0.0028333531369977294,-0.007093131298692046
2023-03-08,-0.00824402287585524,-0.006419357461303177,-0.0034217409808190435,-0.0037736232925511537,-0.005424380199944179,-0.00748130925226731,-0.00655740206358868,-0.0003523016853018701,-0.0017612950150253104,-0.00024896219051773194,-0.009387139764744035,-0.008833202598194312,-0.00875700814903213,-0.018636356700550416,-0.01764017087032299,-0.01950801891268028,-0.0334310686410616,-0.011538448496761444,0.0057361777627038535,-0.012025859766080393,0.0009830758250202187,-0.00031574338093220966,-0.0004965973185828698,-0.001610136067409229,-0.004717699042968149
2023-03-09,-0.0008313059100472087,-0.0014357282402059912,0.0042918454935623185,0.0,-0.0028873966110876115,0.00502511278436657,-0.0013200993130648708,-0.004582342765935166,-0.007057778865180553,-0.0012454059740342194,0.002105765012449634,0.004766829890908264,0.007852753247220123,-0.0018527519798349212,-0.00039905144034124707,0.002162596680173934,-0.012135853224889193,-0.005620419518398867,0.0038022775772321715,-0.0028090172582899697,0.0024553133053359932,0.006211795294146505,0.003229344180068594,-0.0009487344658121177,-0.005552492592750258
2023-03-10,-0.01580693797606758,-0.01437814458837361,-0.021367521367521403,-0.01893939466917227,-0.011904788936346944,-0.02249997456868491,-0.017184416848330164,-0.013456061042721346,-0.007107945170378938,-0.0057356496505793775,-0.02022591184492073,-0.020214512200697143,-0.02629651873344252,-0.007888634910092618,-0.009580829478153974,0.006473872163847982,-0.019656058661043696,-0.034782608695652195,0.017045392457285313,-0.035211267605633756,0.034486104179393795,0.018415843275615185,0.005447597619084643,0.014338639931980923,0.00013621321243229012
2023-03-13,0.0042265425790499744,0.0029175337613214225,-0.0034934631081127154,0.003217503343874384,0.0032562808352634143,0.0017050037769730242,0.004034997987792055,0.0025125518051212214,-0.0008948750524521154,-0.00501632225476456,-0.0008042568340609346,0.002526293302837157,0.002750607427794316,0.008886835431045181,0.01249501733027314,0.027444228045615304,0.021929788656569915,0.007657643911000767,-0.003724391313358777,0.005352827754333989,0.0022729946158539516,0.012123705773930071,0.009974111165192978,0.0008425759927195298,-0.005446643689834385
2023-03-14,-0.01094278634985757,-0.010909090909090868,-0.004382121005141015,-0.011545784884147703,-0.011035383267816279,-0.006808536610704796,-0.012056282752611946,-0.009667040988668996,-0.004030459153398613,-0.00680606643631676,-0.015025526332516081,-0.008819785349976073,-0.00822937727966222,-0.00834493777109202,-0.010350327237081847,0.009599393087373453,-0.038013482885375316,-0.023245404645424794,0.011214942775529257,-0.02613750723980035,-0.016441514344313957,-0.009440668815433373,-0.00377953634822481,-0.0029932402325055785,0.0072562811151910545
2023-03-15,0.0008510508435837227,0.0,-0.0061619450496881445,0.003893516034798372,0.00196919509823279,0.0042844902577139354,0.0013559632382149633,0.0,-0.0008993011676935447,0.0015227806159940904,0.011168615026894146,0.0190677478100445,0.029670613316410632,0.0042075808862083175,0.006838297349966993,-0.00041340341715812023,-0.017845745089838383,0.00503435287650178,-0.003696854249650383,0.0074552685027418075,0.01931023351855754,0.014449641384061795,0.0058744751231407655,0.009569418402337826,-0.0032621702428308197
2023-03-16,-0.004676831883499655,-0.0051470363841337186,-0.003542971837668385,-0.010342539601095546,-0.007533620845464606,-0.00767912900954959,-0.002031190637488356,-0.005784520907258006,-0.006750658108262031,-0.004054735203353532,-0.0005388054509476436,0.0108108206706794,0.015384641181384273,-0.005586542571791475,-0.01478229441003609,0.007030606871314182,-0.057754665701563956,-0.017304202851281203,0.01113171507714017,-0.023186961119897265,-0.007822826041388953,-0.008990801180471353,-0.004015109152599727,-0.0014868846873139496,0.006545693652714402
2023-03-17,0.016232326757345206,0.013303791656746888,0.01777777777777767,0.012410149057732411,0.011221127430657729,0.013757510164544406,0.015603833072054263,0.009454553777521246,0.008155881634107853,0.004580152760671245,0.010242616812512928,0.02036202591969949,0.03126501153950456,0.006086102858236853,0.01581506050533754,0.007802896553636529,0.009641830939032925,0.0287302912908447,-0.014678885597399938,0.033333364159169765,0.01500904228592237,0.011824706219698777,0.005008502683336191,0.00502560196244084,-0.005961181771648616
2023-03-20,-0.007145846960306734,-0.0051058510274807345,-0.006113510464997307,-0.0006452006678427935,-0.0029373418531560835,0.0,-0.004008043991077903,0.0,-0.0031460536999649014,0.0018041158814601221,-0.008804643019953762,-0.003023614675134789,-0.0032649110578623075,-0.015821319507170917,-0.015568838384292127,0.02363487783486873,-0.04024557699378428,-0.007657643911000878,0.0018622400549259677,-0.0004887883701480966,-0.008797331075670378,-0.0040298359587975785,-0.001215491408793179,-0.002963234569445028,-0.002725972061463966
2023-03-21,0.004657096180050502,0.00439887192349131,0.0026361635704599262,0.0032278890878081334,0.004582693960503814,0.004240882048591521,0.006706933768821255,0.0028818416083016274,0.009017080831335678,0.006689018352845633,0.008613719560719435,0.002224031791098424,0.00023393357839385232,0.01465718541530281,0.007299282493494097,0.001990415421581293,0.013503947276382045,0.012256000503131359,-0.005576247057657802,0.003422967962064538,-0.008592235205775345,-0.008699176664394126,-0.0037726367956876228,0.004829611603085482,0.010933484649140679
2023-03-22,0.01896333730353339,0.018978146740989965,0.021910605025704966,0.015444074964843013,0.015640258516895766,0.02280402798518577,0.015323087190483031,0.007543070521611961,0.0044682924584300565,0.007922247639455149,0.010141372859310493,0.012709321605685053,0.01590643988715268,0.0009319878199876008,0.0016102660198471508,-0.021851380031522427,0.025245417314097462,0.03452913429705018,-0.016822369599072684,0.03460042012235731,0.013333347865513323,0.013163274648238188,0.004642038243155344,0.005823063492018665,0.0009463254517918518
2023-03-23,0.007857708323013135,0.0064469474006829675,0.007718709585392114,0.005069727733119311,0.007378875254198336,0.009909203903855968,0.006561704919395117,0.002495600858354541,0.0031138654915316977,0.004310395272870249,-0.015587851423330634,-0.017928316976109304,-0.0050656509131293825,0.00791434264044888,0.010852108797070992,0.01949632517767519,0.01162791228622817,0.014304304704859439,-0.005703461692572409,0.01365988626847714,0.0,0.005740756265166569,0.0029183548078592914,0.002848718612967316,-0.003916814045669792
2023-03-24,0.0028723715921541437,0.0056939718986321886,0.00255321746176862,0.006305169996950077,0.0038216828245623002,0.002452946973650727,0.008474583647183787,0.004978641019566021,0.005765014302154814,0.002019641886511714,0.0016103428876521608,0.011967548919237458,0.01272851767447003,-0.001385624934200913,-0.002385664685981781,0.006374495815953507,-0.004056823513959085,0.011111137194511178,-0.0057361777627037425,0.011617100536489566,0.004229294565684105,0.0003004083628432852,0.0004848846326999112,0.0031155866933232357,-0.002033918994968187
2023-03-27,-0.006137479695008996,-0.006369491407185346,-0.0025467151441923574,-0.0037594365950491815,-0.003172600888877719,-0.0016312964986243683,-0.009049795792255844,0.0017692581972963417,-0.0008818543868849282,0.0037793280692624,0.007502646880667152,0.007215887247059349,0.0034278229349267164,-0.013876093097312636,-0.006775610811481481,-0.008313578381570097,-0.004752185811242149,-0.0118343321197244,0.0076923006385032355,-0.009186954653359503,-0.02349089538675464,-0.012313502202969562,-0.004241377706727056,-0.01196672644547303,-0.002445656371026561
2023-03-28,-0.008645495666918412,-0.008546987182399324,-0.009361689141456075,-0.010691804705925678,-0.008593267253598214,-0.013888926114737687,-0.01108937228571416,-0.008830802003396587,-0.0008826327404390932,-0.0032630790064590576,-0.0037233881736669083,-0.011343277508939709,-0.012070115717117469,0.002345269471149214,0.0016050966314706816,-0.007584775748331718,0.044338375100278826,-0.02053038062063328,0.007633671839197387,-0.021325873480797286,0.0018209933685540136,-0.0006082017612100143,-0.0010952457088484469,-0.0016642039486065574,-0.000544823161603758
2023-03-29,0.0016611042002288023,0.0028736290520334773,0.002577280227067602,0.002542872782734573,0.0022471812417801384,0.0008285510028513965,0.000659645711245993,0.0032074181860597406,0.0022085311730193347,0.000503663012459965,0.004004312054056713,0.000603840159271396,-0.003918902246582312,0.0032756056188685267,0.0020032510514107482,0.0036202795807822596,0.013716527262657596,0.008296916578534486,-0.0018939826675118399,0.0,-0.002008983898641792,-0.001724119387181644,-0.00036548219575605057,0.004630486983290938,0.012537555638801656
2023-03-30,0.004975111788660946,0.0035816617345219015,0.007712095539111896,0.0063411542127562726,0.005445229981835054,0.009105947403410086,0.009887911521152537,0.004973403157878309,0.0013221145258170974,0.0065442270129920654,0.012496708669921253,0.015892193322813997,0.013885727876212117,0.008861876025010762,0.0,-0.0012024322937124188,-0.010953612840191917,0.011693426931148831,-0.007590125616280363,0.018000889072004034,0.004601259186520101,0.0015239411298775263,0.00012180995081290114,0.0013826870560729176,0.005921868020721588
2023-03-31,0.003300342705864212,0.002855059807697957,-0.0008503271719267902,0.005040977108643041,0.002229999878474054,0.004922054689176614,0.003916476554302495,0.004948723404657018,0.003961274441367957,0.003250743885013785,0.004464237415206185,0.01089107400119893,0.01415199526249622,0.008784121194153727,0.01679328558377713,0.008426929527677762,0.020195404445501497,0.005993124400279326,-0.001912089645385362,0.006514700767966675,0.014980912682310166,0.005477793725879421,0.0012186949365216027,0.009021480085720679,0.010837639967085533
2023-04-03,0.0,0.0,0.0,0.0,0.0,0.0,0.0,0.0,0.0,0.0,0.0,0.0,0.0,0.0,0.0,0.0,0.0,0.0,0.0,0.0,0.004691132035860553,0.004701338076612166,0.0012171149523868647,0.006021345599389509,-0.0007677236735407142
2023-04-04,0.0,0.0,0.0,0.0,0.0,0.0,0.0,0.0,0.0,0.0,0.0,0.0,0.0,0.0,0.0,0.0,0.0,0.0,0.0,0.0,0.004971846030800364,0.0064392735041620686,0.0023147515566921406,0.0012735321500936259,-0.002927494560693633
2023-04-05,0.0,0.0,0.0,0.0,0.0,0.0,0.0,0.0,0.0,0.0,0.0,0.0,0.0,0.0,0.0,0.0,0.0,0.0,0.0,0.0,0.010454613789755207,0.004198722124069798,0.0013370683704876374,0.0032706515067655317,-0.0056052070897469886
2023-04-06,-0.004934198039885596,-0.0028469316475756568,-0.005106369992519899,-0.004388695600264447,-0.005403629176493396,-0.00897957938058036,-0.009102753074188952,0.0014069295726117925,0.00043841425322121985,0.002243274052441846,0.007843117308772518,-0.0029382509975190985,-0.00562682868068487,-0.010540767435981424,0.006685020615565751,0.016315231534143715,0.07662840195606768,-0.012765957446808529,0.0057471668609487825,-0.011558021103687977,0.002586593804128068,0.0002987198566752891,-0.00036415125390931724,-0.0009055372076858248,0.004428857766730632
2023-04-07,0.0,-0.0014276388173992682,0.0008554189291345438,0.0025188532040141265,0.0,-0.006589810887171033,0.0,-0.0014049529028246077,-0.0017528049392473433,0.00024874748714753814,0.0031128128212620787,0.00884080421909994,0.007695793350822155,0.004631791605510527,0.005078092141775903,-0.005090096454781201,-0.003558800184987887,0.005172400638974839,-0.0038095201764788422,0.007015902612671487,0.0,0.0,0.0,0.0,0.0
2023-04-10,0.0,0.0014296798838979718,0.0017093756260015969,0.003140703577793058,0.0015979301884818664,0.010779461593747541,0.0,0.0024621770690405054,0.004389748512155123,0.004972574395130547,0.00025865365151478414,-0.002921085017309921,-0.0008984931517530548,0.0009220170549852913,-0.00038866028215123194,-0.006296727602239871,0.011904807858458266,0.006432247082460041,-0.001912089645385362,0.005109107427472281,-0.016124574031911143,-0.009852761346427097,-0.0035215655239930754,-0.004622515433394314,-0.000935324669287585
2023-04-11,-0.0012396820320570434,-0.0014276388173992682,-0.0008532293235916644,0.001878541374393583,0.0019144692294275067,0.0008203320169759554,0.000656183007350597,0.007017570629454406,0.0043706462035715266,0.005690335659399137,0.0023267877941524073,0.0,0.0033723364978111015,-0.005527357758876694,-0.006998382684002991,0.004752508484491047,-0.002941131591796875,0.004686860323045439,-0.003831414124593202,0.0055453430724461406,0.0020603223751467503,-0.00040205966816997396,-0.0001217951149560248,-0.00027316317046288674,0.0021399447544874217
2023-04-12,-0.0024823783711301894,-0.002144301687323269,-0.002561873836655737,0.002499961853027255,0.0,-0.007377061687532049,-0.0013115054271259918,0.0052264674056723415,0.0013055129348618078,0.0056580451070809,-0.0015476237447141772,-0.003906264842953311,-0.005825725521127589,-0.005558167595427932,0.0015661318224304832,0.007883281394359676,0.014159277894719269,0.0,-0.001923029309897406,0.0018382071933127353,-0.0010280430873977897,0.00291604750554475,0.0010968474654882154,-0.0020949390200893925,-0.0002668709860531582
2023-04-13,-0.008710103900262833,-0.008596075605766251,-0.007705492314756923,-0.007481278016859605,-0.00668786901349927,-0.005780321693329982,-0.008535729788177848,-0.004852731200897797,0.001738331498515322,-0.004158561135047867,-0.004133295045111174,-0.006862715178844958,-0.01352261637513652,0.0009315537216263436,-0.005473001957231993,-0.0007821845131942284,0.016288468330302175,-0.013994923702496553,0.00963385613611778,-0.015137628677788117,-0.007858511953289127,-0.0033085443024660766,0.0006087539825829769,0.0017342318879172147,0.006808096140754838
2023-04-14,0.009623443731204162,0.009393086048328447,0.005176863384140029,0.006909586209811636,0.00833601232542236,0.00996675193549934,0.007947012087916372,0.0010449560293344096,0.0026030965413024187,0.0024564551969370463,0.009597897255703813,0.011845971491521778,0.01622113495652755,0.00604937503489178,0.005896211296436915,0.011741728116141159,-0.005724011336660562,0.018924704931115643,-0.009541930549938904,0.019562165849749347,-0.009146640196037614,-0.004929136657409017,-0.0023117463896135115,-0.0032801877936361468,-0.0018562634983738668
2023-04-17,-0.0024865565517084853,-0.0014316174131075998,-0.0008583560010394509,-0.0012476415747640912,-0.0022258060564290805,-0.011513170587554411,-0.004599254091353644,0.0020876641064790924,0.0008653634741178085,0.0017152583305235503,0.0028263261954450947,-0.0029268590415396645,0.002023384746270729,0.00971318576878022,0.00859708136157411,-0.018181865136065567,0.0005756085808943379,-0.0037990456718949295,0.00192673447676861,-0.004111438654995858,-0.011895698308130198,-0.006368755207031063,-0.001463448129049194,-0.006307728725259865,-0.0026567076445966897
2023-04-18,-0.003323652105944319,-0.0035842293906810374,-0.001718252362670758,-0.0037476956942005257,-0.0038240578423850424,0.0008319975545314495,-0.003960360887996117,-0.004513859868416792,0.0,-0.003913890490010341,0.001793484422585978,0.001956992011829639,-0.004038597855244852,0.008703643367918179,0.005036848926974091,-0.003152085356634804,-0.016685789538664175,-0.00720337689933126,0.0019231210093542117,-0.005045899557411082,0.00356347019804093,0.0016277956173014196,-0.0002442189025058106,0.0033118732332897416,0.0006658953269045309
2023-04-19,-0.007503075609686882,-0.007194244604316502,-0.008605852205361253,-0.005642594962284475,-0.007997440760381669,-0.009143857652625043,-0.005301519078668493,-0.004185589079667373,-0.0008646152676460295,0.0,-0.0010229437951654319,0.0,-0.0006758003989491002,-0.0049954862881385065,-0.001156541481412754,0.0023715958537706694,-0.004095944657649286,-0.008962894051058656,0.0038387679040452483,-0.010603908979667453,-0.0009596782826276629,-0.002133053234964155,-0.000855114760594855,-0.004951411403041894,-0.0039930178800803295
2023-04-20,-0.0012599875853316345,-0.001449253248131832,0.0017361508935331837,-0.002522125724335411,-0.0009674519969066209,0.0033557175848972776,-0.001998713270355723,-0.00420311506450044,-0.0043271475044848184,-0.005157241966465165,0.004864275986403488,0.002929642752861339,-0.005410317294062272,-0.009584622817670141,-0.011964471932381926,-0.005520555742412836,-0.028789645002309627,-0.009474577851663724,0.0038240881173183805,-0.007921771475678407,0.008549465924052813,0.005802114283579796,0.002445249370381486,0.0037781392811677694,-0.0009354495938975749
2023-04-21,-0.0025231543137744783,-0.0029028239943013068,-0.004332755575292335,-0.008217465719567163,-0.003550636043521016,-0.013377913833897748,-0.0066755294293208145,-0.00844177870355034,0.001738331498515322,-0.003949638460662763,-0.005605126642117875,-0.005842244322786794,-0.0038530864247700025,-0.004147472323669188,-0.008593797555658256,0.0027756385439623443,-0.012704233702237389,-0.01130437436311138,0.0076190403529576844,-0.014091122996737426,-0.00561954805119802,-0.002428882397524701,-0.000609774651370909,0.0006426117197109171,0.003076454266546902
2023-04-24,-0.003794240759120937,-0.0036390103508788796,-0.002610992582887328,0.0006373875551684005,0.0,-0.0016948893918828922,-0.0013441167748554639,0.0028378830149151657,0.003904562063637096,0.002974045876581455,-0.0007686082560880436,-0.0019588339983460656,-0.003413003942548176,-0.01619622265545284,-0.016942411822134962,-0.010676174297720165,-0.002450919664624518,0.0008795611802976389,0.0,0.002858533210875258,0.009674349822496042,0.004869669863241333,0.0010983199317693426,0.004403700522326526,0.00280036125423222
2023-04-25,-0.013118942291493019,-0.01241780149039029,-0.022687596062300308,-0.014649700966610224,-0.012633666549869638,-0.015280161333840914,-0.01951547567652312,-0.016625440859306728,-0.006914427468986184,-0.01111936618151732,-0.0005128322503505922,-0.001962753431224651,-0.006164394120245054,-0.006585107626586373,-0.01482969250177324,0.006794567273526786,0.021498676864811106,-0.03163449918255534,0.013232546723281446,-0.03277906839184974,0.014704443302476111,0.009893949493640752,0.0039010081626988935,0.004384323281158009,-0.0015956798145895235
2023-04-26,-0.004288164721639953,-0.008136027141684488,0.002678598676409072,0.0,-0.00295276095602226,-0.0103448012779499,-0.003431656699231622,0.0014388818929900182,0.003046113847633647,0.005747114932671327,-0.0038480685721690167,-0.0009832691949045458,0.005513477721045712,0.006628758716162864,0.006509351013374021,0.0027788683342653275,-0.013229063406900998,-0.0009074271950121338,0.0,-0.0014734923514947429,-0.010658184362437373,-0.00389882429678845,-0.0012143105764903517,-0.004365184899377095,-0.003862558716765996
2023-04-27,-0.0008613133112433946,0.002237045334190224,0.002671375015234956,0.0,0.00032906314849223683,0.010452934811344683,0.0055096364451752144,0.0064655281677161724,0.0004338494235502921,0.00447205727144806,-0.0066959084205483466,0.0,0.007996309583291561,0.0018814208724406978,0.0016168518956107825,0.00039589187613708887,-0.039609971028292223,0.001816572029142538,0.0,0.004426925149898953,-0.009922538790265834,-0.006523499898238971,-0.001945333277925565,-0.0036536491926730807,0.0033426928324598038
2023-04-28,0.012068978671369912,0.011160714792556536,0.008880994791752528,0.01163544335660216,0.01052630588288439,0.007758633843783613,0.0130136695492451,0.007494613884435841,0.00216830639927057,0.005688833551823702,0.016074641866485884,0.02066927663051099,0.01699909379322273,0.014084561274875451,0.015334913246043191,-0.005540217430192285,0.008883209874062992,0.023118724857756456,-0.009328393561453097,0.014691479161776932,0.016130595547920068,0.0074755582294532275,0.0010964060336253745,0.007792431791829202,0.004264388205224678
2023-05-01,0.0,0.0,0.0,0.0,0.0,0.0,0.0,0.0,0.0,0.0,0.0,0.0,0.0,0.0,0.0,0.0,0.0,0.0,0.0,0.0,-0.028761993775944794,-0.011741738922020782,-0.0021781789476430697,-0.016082956288004283,-0.004564731504235901
2023-05-02,0.0025553272441580788,0.0014717602355713844,0.0,0.005750759721944831,0.004557333988487677,0.005132578839088131,0.004056823513959085,0.0074389300469912545,0.006923402993786132,0.009099826199539862,0.00969637870454676,0.0086788963583877,0.007131707208417826,0.00046297355116786676,0.001987251087590458,-0.00159168362572637,0.008176168002150597,0.007975201932194143,-0.005649667287093818,0.01544400094292242,0.02492000158313834,0.013018702026748041,0.003300382355684084,0.012060445415359666,-0.0009372030062407832
2023-05-03,-0.004248088470383493,-0.0029390825667502396,-0.0008802682699320385,-0.003176620199419,-0.0029164015167809643,-0.0034042683053523426,-0.0013468321380400994,-0.0007032509630131578,-0.0012892430621116446,-0.0007311425832167151,-0.009350491148301998,-0.01147224632645738,-0.008187628748147047,-0.005090264102022735,-0.006346682000105908,0.01514544274434404,-0.054897132278251104,-0.00967031625600967,0.003787875024959364,-0.007604519444585844,0.005581873077764143,0.0065261198377206675,0.002436609938847756,0.0016500166029729257,-0.0005360615660011669
2023-05-04,0.002559753067999715,0.001473816895651625,0.0,0.003186743272468595,0.0006499986176835559,0.002561938989470658,0.002022908504755616,0.0010556188094641428,0.0012909073554636663,0.0036585738019245806,-0.007142923177156146,-0.000967103217073606,-0.0008924791566199408,0.011162780052007548,0.008383273381924905,0.013741672198876564,-0.03564356273597147,0.0062139097981404046,-0.003773581171086837,0.005747111737085309,-0.009878662552579076,-0.00019946776126089638,0.001580030198605309,-0.002745451007408972,-0.0029498688026515785
2023-05-05,0.00255321746176862,0.0036791760298449105,0.003524242518756937,0.0006353628169859515,0.0016238790377993695,0.0025553272441580788,0.0013459258563768284,0.0007029367268449604,0.0,-0.001458113513149728,-0.006166440777508275,-0.00484027091218453,0.006699487716299579,-0.0027598650678043457,-0.005938227124747453,0.0007746110766873038,0.0020534351369265735,0.003087767788554574,0.0,0.0019047328404018238,-0.0033257172294336446,-0.005387617454269855,-0.0024269453797959306,-0.0039460429508931805,0.005379256624471029
2023-05-08,0.006366723094824334,0.005865125275335004,0.0061457150032007135,0.005079384455605185,0.006485109012642765,0.008496176940766986,0.008064508376086854,0.007024965499231373,0.0047270606290954476,0.004623962667398951,0.013702139997810558,0.017509682577120378,0.012422305586686555,0.007380066658666529,0.007566651616514042,-0.011222945581070398,0.035519090976423806,0.010114349663548294,-0.005681857692471315,0.011406887951024514,-0.014014693767346875,-0.006118974775931929,-0.0015812827498561388,-0.007186279461190659,-0.0028089764375606174
2023-05-09,0.0029523278372949324,0.0029155186892921847,0.0026178277116255533,0.0012634045760364643,0.0012886278028008125,0.0025274057242699044,0.0006666819254557144,-0.0010464139018372398,0.002994080611017358,0.0009690144551894875,0.0015302569419026746,0.0009560083707442768,0.01336548243885205,0.01007322856306958,0.007114636782759698,0.001956992011829639,0.014511891111025577,0.0034828169890575023,-0.0019048055013021203,-0.00046995348722478347,-0.0035775974060943128,-0.0012111702095711774,-0.00024371676431134137,-0.0003712037373271304,-0.002548657728079995
2023-05-10,-0.009251458873040241,-0.007267441538103658,-0.007832911348362281,-0.004416384531496398,-0.006756727316221123,-0.014285688640690686,-0.008660900230419433,-0.0034915669082463685,-0.0012793469368632682,-0.007502453426441957,-0.0017825234022980085,-0.0028652858749517174,0.001729769320101271,-0.01722571033391307,-0.018053339589357065,0.0,0.005201555468841601,-0.016919713216851928,0.007633671839197387,-0.011283469350817033,0.00970402688389771,0.007477747277845781,0.0024372968996728694,0.00789081381812795,0.006051599577038491
2023-05-11,-0.002122241031608074,-0.004392431015419862,-0.0026316057171738017,-0.0069708877201658526,-0.0019436790301203821,0.0008525018884864011,-0.0060483973048189865,-0.004905441223055473,-0.0034158805911803647,-0.0017068933842765421,0.00484690364824214,0.011494223474170395,0.02158428578627225,-0.00553509398266705,-0.001998446982188762,0.001171827298822592,0.0,-0.010150057324831319,0.00757575004991895,-0.014740875218878013,0.0105718254863858,0.003711161062262658,0.0006077731712246237,0.00386845509925271,-0.0016039984106872573
2023-05-12,-0.0029775082469502,-0.002941131591796875,-0.009674569073399586,0.000638201055923826,-0.0032457118858527645,-0.0034071679785347975,0.00067614799916349,0.0017606037000279517,-0.002570671188951601,0.0041524667646586355,0.0005077547111851377,0.0056818038143071625,0.012254341726580353,-0.007421143384760076,-0.008410055676707384,-0.01053447363464377,-0.03298837177383118,0.0,0.0,0.0038610186464320684,-0.008369042986613007,-0.005995787708112932,-0.0017008795261933551,-0.006147336288443328,-0.0036149988436906533
2023-05-15,0.0,0.0,0.001776239612318431,-0.001913284731625886,-0.00032557218597439874,-0.004273504273504258,-0.0040540823542868365,-0.001054505653461657,-0.001718252334515169,-0.0014595322889853213,-0.0017761911975449074,-0.002824815734312036,-0.01064492429884134,0.0023365021168451072,-0.0008077729232143227,0.001971578700993293,-0.012040090555045513,-0.0026750160292113856,0.0,-0.011057706979604842,-0.010357669861227214,-0.002211734372205232,0.00012172491728557056,-0.005354522089076386,-0.0002686998596937995
2023-05-16,0.011945405821957245,0.011799341981630462,0.01684391706631927,0.01214053607977239,0.01205208217230469,0.014592248482765635,0.010176429751274751,0.008092876200523902,0.009036187344643176,0.00584656962064245,0.0007625515805926852,0.001888545281968801,0.00569613152689441,0.0051281444797419695,0.007275679338765162,0.0003935548580042969,0.02301957944319888,0.025480541019234026,-0.00939853178975536,0.032085591645275136,-0.003004217275450749,-0.003224178285382573,-0.0012168225085148476,-0.0050120746819593,-0.006989304594033685
2023-05-17,0.01644186005670334,0.01530616727570222,0.01569313949127693,0.01578282889097693,0.012230481874724308,0.015228452607710441,0.01074545626077561,0.003839462890617762,0.005543674052755465,0.00871883270451046,-0.0002539578817489785,0.005655028112629523,0.014055003343361738,-0.013914621729673282,-0.009630809405433038,-0.012981900972290128,-0.00794175303015665,0.030514386164973928,-0.017077827877348017,0.03250114836221729,-0.002915974245453423,-0.0032346072357939404,-0.0010965395379791687,-9.323234254154933e-05,0.0027071546436401306
2023-05-18,0.013272488043273967,0.01292177323994026,0.01545066997217015,0.01367316526094231,0.00953892622521213,0.017499987284342433,0.00996675193549934,0.010083414668664803,0.0038168003765517433,0.006722659520742136,0.006351625917766057,0.007497685797928089,0.01799749543108331,-0.0014111329408525997,-0.0008103913094149595,-0.005579887955241669,0.02334892507097197,0.02326565203892672,-0.011583000920443065,0.02281021929567184,-0.007408872320768367,-0.0061859913454612725,-0.0018295100596068536,-0.004198195422961293,0.0005399691487395497
2023-05-19,0.002865316985255495,0.0021260650601861997,0.0016905912348512686,0.004291826621992456,0.004724397434024308,0.0,0.005263152941442195,0.008950094172468726,0.0038022878030332663,0.007870212591357673,0.01262307478655611,0.017674432798873596,0.032310509696587,-0.01130474688144445,-0.010948923740241034,-0.008416873162313654,-0.0013038107930068987,0.00868129870401857,-0.003906246362021082,0.006690455042005494,-0.007071314308201959,-0.0037755382304288654,-0.0007331080312619198,-0.0012178869778869394,0.0010792525458163116
2023-05-22,-0.001632628148915849,-0.0007071488616877675,-0.00421940928270037,0.0006104447061272555,-0.000940400616163295,0.0,-0.002617798596338705,0.001364753198778601,-0.0012626551496847105,0.0014198148526769483,-0.006980772252210166,-0.00457038384850228,-0.015748016714081325,0.010004811534597868,0.0028700162597761203,0.006871466364862577,-0.016971232401222447,-0.001639319247886739,-0.0019607357316996366,0.00044309306543133253,-0.0035608369513844274,-0.0018436987630815471,-0.00036682293647172237,-0.00037520791012413124,0.004447464213305441
2023-05-23,-0.0008177113738362385,0.0,0.0016948893918828922,0.000610165388894357,-0.00031378188322872536,-0.005732980810729038,0.001968549022052013,0.0006814465929716462,0.0016856686177404434,0.0023629129216020672,0.006025554926849308,0.0027547788628083936,0.011999969482421768,-0.011320833482532322,-0.007358888166983268,-0.006824571550995251,0.013280199448375996,0.0024630165422556693,0.00196458776913655,0.0013286228861966176,0.002878706786548779,0.0016419052552085756,-0.00012235029028095923,0.0020643822964541148,-0.005232784060594575
2023-05-24,-0.004909971269272839,-0.004953976879857436,-0.006768150956159347,-0.002438987173685181,-0.0034526242386769823,-0.004118616093208294,-0.0013097876335362857,0.0020428826771510256,-0.001682831920782668,0.003064617485306842,-0.009982568727859853,-0.01007324638152196,-0.00889322058917319,-0.011927481437019827,-0.009061005538773759,0.007679892312667969,0.022280481486782078,-0.007780482883818718,0.0019608292291832807,-0.014153083240370123,-0.00494902510186368,-0.0025612129744571055,-0.0012233726050220328,-0.0039329353436146075,-0.007013712535031469
2023-05-25,0.011924379899933113,0.010668562837014672,0.014480382675867709,0.009168703814417256,0.008188923512856716,0.028122427485256285,0.016393442622950838,0.011892639410138628,0.002528502926610665,0.00940074108228206,-0.003781137335646778,0.01202593034327415,0.021934166314101944,-0.016899975354586316,-0.01537817706141309,-0.010830343139130116,0.0025641000560834293,0.0173338708020776,-0.009784772882280857,0.021982993671812334,-0.0024868198849663514,-0.006265412967619732,-0.002204805322409187,-0.0032904587240585315,-0.0006792046983472577
2023-05-26,0.02356760523821011,0.023222995434390103,0.023509681676160632,0.012719507977545952,0.018119395859653054,0.022526109039574083,0.026451603058845752,0.011752802755241154,0.0029423998373421245,0.011874233119298694,0.0010121689034414683,0.006398509492493876,0.0,0.0014734174065604844,0.0037990776934979653,-0.0052716610531627905,-0.02813302585670774,0.030425963488843744,-0.013834026176475556,0.030289700632342154,0.008077359079116553,0.0018604682705507525,-0.0002454780664270517,0.0042445254846756875,0.0061165821681230526
2023-05-29,0.006351751259561889,0.004814389521430096,0.0008203320169759554,0.009569414669373,0.007977855793675381,0.005507510511727043,0.013199308223466044,0.017258561973037878,0.007544019303071137,0.017487394207102103,0.011627883430338493,0.0290645288100424,0.03512193633288874,-0.009318226208748337,-0.007569398653418324,-0.0012230202122187617,0.017105278430553206,0.016535481130044216,-0.010019983204628713,0.017469135734244468,0.0,0.0,0.0,0.0,0.0
2023-05-30,0.0,0.0020533044519943644,0.002459041407850915,-0.0005924532091682311,0.002130888830310429,0.003912362973868655,0.003722051043344443,-0.004241408234406885,0.0024958179557983406,-0.001130779067785359,0.0019989509106039804,0.0008825990417264951,-0.0018849854016819156,-0.015841662875575313,-0.01271191269321903,-0.006122433409398886,-0.012289752905205953,0.000774522385741605,0.0,-0.0033500964888364404,0.009991118536146315,0.007840731804783507,0.00196458776913655,0.007513810586936787,0.004323151976989292
2023-05-31,-0.004733715772158531,-0.005464397720770453,-0.01062962403367762,-0.0005927139687930127,-0.0048602629499245875,-0.0070148207675087,-0.003090305529424797,-0.0009829844756072958,-0.002074736249698339,-0.00045272003385465887,-0.0027430623401465404,0.000881820747579809,0.013220033103935158,-0.006539193473566907,-0.0030042788461932535,0.01273098402816819,-0.040602542282058285,-0.007352917729733011,0.006072820369170451,0.0,0.008716938324676127,0.003787440965716149,0.0009804146145917514,0.003262851817551926,-0.0030938356049102778
2023-06-01,-0.007927070851401097,-0.00824184173576259,-0.000826433670422233,-0.0053381324003087816,-0.005494398647761911,-0.0007849173698853962,-0.007439487794682731,-0.0006559677898920757,0.0029106696213521133,-0.0009060229704385137,-0.0017505252959061357,-0.005286330168467801,-0.006523807620947286,0.009620280205449028,0.012053409047056318,0.0028385926706144815,-0.011604101073075634,-0.006237840559515151,0.0020121185722323798,-0.010504201680672232,0.00391304875397289,0.0027738213573257793,0.0015548519184779624,0.0030570128149296064,0.005977551399841067
2023-06-02,0.012784646061632321,0.012465395622164532,0.014061182190128418,0.011926058654713412,0.012891287456742173,0.019638648390161828,0.010618368136389389,0.015096849431817327,0.006633492613808523,0.013375655053820878,0.01052109225719633,0.015057545839381792,0.02345215793419464,0.011033064566810413,0.007230968721348763,0.005256816438399259,0.026933726219063203,0.026284866094395287,-0.014056259315918695,0.022505320814258267,-0.010958154118648422,-0.007951058016607782,-0.002818323186048577,-0.002695175833084207,0.005121359817273019
2023-06-05,-0.003155830578926322,-0.002735936421571772,-0.004893951725845613,0.001767843589586482,-0.001515128395774168,-0.013097048599947314,-0.003090305529424797,0.005496284339366664,0.0012355345324752687,0.005592841067852294,0.011403051133680897,0.0017452406657918473,0.0018332225520989454,-0.0024801209047115025,-0.002956068155493985,-0.017296874280716246,0.0309347707926817,-0.0034403435607269772,0.002036706556540313,0.004983375967749781,-0.001862876909415223,-0.00030824886344993363,0.00024581313757776613,-0.0021432833172275734,-0.0008045747722588148
2023-06-06,0.0027700710593421274,0.0034293552094268875,0.0049180202796810235,-0.0011764526367187278,0.004248843290040272,0.0039032004385382013,0.001239954048622538,0.0016076924902657108,0.002056813883489772,-0.0015572790575330009,0.0009804146145917514,0.0026132004737666747,0.0064043634830524,0.004475392832238967,-0.0012706770804721268,0.008595950955766707,-0.009784710976959432,0.00575373966154169,-0.004065036710645509,0.008677711171552138,0.005893894461044713,0.000616687820219397,-0.0004914117294534392,0.001961141958177981,0.0016103428876521608
2023-06-07,0.01104979628251579,0.010936369182169559,0.008156606953066747,0.011189598718117866,0.009670586078833532,0.010886421695481596,0.014241458060000767,0.009951828884067648,0.006568138070740304,0.0040107018915305215,0.0004897271716195473,0.0008687964852021057,0.009999986128373495,-0.00990102749433508,-0.011874499047983877,0.0012175603647990307,-0.007246416873526451,0.020594941438143666,-0.010204120359535218,0.013518999223495864,-0.01484379150206161,-0.007293262409874601,-0.0007374331138600976,-0.008947703199559953,-0.005492980118803503
2023-06-08,-0.009758060654457834,-0.00946581443042005,-0.010517762446699996,-0.011065777112722497,-0.00868006335982685,0.0,-0.012820457584371892,-0.0069929853705263945,-0.004893998246048303,-0.004216654141490417,-0.0061184531636219175,-0.01822915390409774,-0.03510352456744048,0.002000045776367143,0.0021459719333229987,-0.0077016835618169965,0.014598558160844988,-0.02242152415227905,0.012371122465844042,-0.024656390441460063,0.011697069164380958,0.00672600920927291,0.001598982146842065,0.0066773165827718195,0.006331585208862789
2023-06-09,0.0074891966027932355,0.00887374096763005,0.011447210642275163,0.010600724495918534,0.008152187997317206,0.0,0.012368630921199886,0.017285560802935196,0.009426210894760034,0.011589045467842896,0.005171117491171051,0.015030986742459618,0.028917968206774836,0.006486983773831945,0.005139140467851799,0.007352953780298099,-0.018312605210579536,0.019113149401156715,-0.010183241436159784,0.02279320319287459,-0.0013717361649755455,-0.0035974763164509094,-0.0018420916777200924,-0.0026158331175448746,0.0002677948230012106
2023-06-12,0.009389647258116307,0.007442427753816538,0.006467284328976586,0.0017481805495263014,0.005989840269402968,0.006923029972956796,0.0085521919652507,0.0,0.0012180547165139277,0.0004406357795243565,0.009064158124716393,0.0052264674056723415,0.00634630035244621,0.003966282766656004,0.006391202823493591,-0.003244116958680765,-0.020652925708835368,0.010877696286917482,-0.004115222299809096,0.009724448406838393,0.0029435150819030476,0.0016504645005712693,0.0008612167307517904,0.003184679009810898,-0.001070688299621203
2023-06-13,0.019767465517502414,0.020819383684264947,0.02008032128514059,0.016870327273075914,0.016076240341598824,0.03132166764467459,0.024833424695832162,0.013215861145982721,0.010137875164108578,0.007927782681375062,0.01966500122109216,0.019930635978782973,0.022522522522522515,-0.007407388569396267,-0.008044052807230306,0.0012205324141019158,-0.02517006056869997,0.034137336575255084,-0.018595072262501566,0.03130017314317168,-0.009880670359705523,-0.0071060228924269,-0.001843903241456446,-0.004481752888680468,0.0012058409434771988
2023-06-14,-0.0003801068080412362,-0.0019737042878803512,0.0,0.0,0.000292948175221186,-0.006666621455439836,0.0029550376380080845,0.0037266748149547,0.0020071953981060098,0.0076468968892422495,-0.0057143256777808515,0.0,0.004405286343612369,0.00995019163159827,0.011096893960534926,-0.0060951451506998655,0.027215655645439263,-0.0010764919174959253,0.0021053113435443027,-0.004669248825845074,0.008003137693121554,0.001348379301732816,-0.0006157071951018445,0.0030950496450885545,0.0004014288498501717
2023-06-15,0.003041778680489493,0.003955215000566836,0.0055117869940328745,0.004576676417568093,0.0070299262670627805,0.01416848478752275,0.008249929443833182,0.011447986861955917,0.0016026008411285098,0.01517781394516704,0.0004789381840888396,0.006796967480887872,0.01754385964912286,0.010837498964112235,0.006331769318224767,-0.006950048050215485,-0.01562503340613519,0.011853514306375601,-0.0063025647827326114,0.015637156737646984,0.009605992836505317,0.007768800423528566,0.0020948634103363784,0.008695655275482217,0.004815417336339278
2023-06-16,-0.0026534561100983733,-0.00328299402482668,-0.004698500301172914,0.001708358670511112,-0.002036058541287744,-0.002941131591796875,-0.00350680135304704,0.0027531402988301146,0.002399978637695366,-0.00021355460858944741,0.010292013349432194,0.01012655652525063,0.006034456450363601,0.012670576173572368,0.014681223960971046,0.010292300970651258,0.026915137990554783,-0.007099751201040561,0.002114112474493446,-0.0007697524974962233,-0.0038835099599894285,-0.004316971579741091,-0.0013526882779681948,-0.001761168120586909,-0.0025293188825781243
2023-06-19,-0.0022805248559346625,-0.0006588017226951681,-0.0023603101964188022,-0.0005684528038437664,-0.0005829337500184995,-0.0029499198913610636,0.0035191422859770505,-0.0015252970995266457,-0.001197078209744018,-0.008671179636182247,-0.0018952385238703018,-0.0016708183236517904,-0.00599826021034644,-0.00962467547308532,-0.007441103811566929,0.0008149368243253186,0.0060483973048188755,-0.0028602727051535437,0.0021097530305316248,-0.009244968567247991,0.0,0.0,0.0,0.0,0.0
2023-06-20,-0.005333310081845233,-0.005932721915554384,0.0007886314803973171,-0.003413003942548176,-0.004082805071756179,0.0,-0.00876689190695612,-0.0076382524746873015,-0.0011985891259489456,-0.006560228297913473,0.00023732070447946008,0.001673614629641662,-0.0017241116227775244,-0.006316771683602229,-0.001666010626656611,-0.004478774649627537,0.0,-0.007171029199600221,0.004210522300318598,-0.005832096374791873,0.006920069152357211,0.0029937122670060656,0.0003693976066379001,0.0036215004253588035,-0.0026691171417007054
2023-06-21,0.0,0.0006630692486939704,-0.005516190458783932,0.0,0.0005855532115057738,-0.0014792674020455143,0.001179272337460402,0.010775932689383927,0.005199966430664116,0.00022008191648770214,0.0,0.002506291223111079,0.014680456851821955,-0.00586801147953353,-0.007092201967616729,-0.006543960835151852,0.009351996469685098,-0.0003611632564824996,0.0,0.005866309255735613,0.002419901325215079,0.0009262693958267398,0.0,-0.0011103140687359625,-0.0025425188394377907
2023-06-22,0.0,0.0,0.0,0.0,0.0,0.0,0.0,0.0,0.0,0.0,0.0,0.0,0.0,0.0,0.0,0.0,0.0,0.0,0.0,0.0,-0.012070297696683108,-0.005655558372830938,-0.001107783607300683,-0.005187083765678668,-0.0029514518111214416
2023-06-23,0.0,0.0,0.0,0.0,0.0,0.0,0.0,0.0,0.0,0.0,0.0,0.0,0.0,0.0,0.0,0.0,0.0,0.0,0.0,0.0,0.009969741929441112,0.0041365205636252345,0.0008625963463708697,0.0027932534273846787,-0.0017491557313208395
2023-06-26,-0.006127943569948724,-0.005964174505545428,-0.003169523820578446,-0.005136951553430968,-0.004975071058090141,-0.01037032515914349,-0.009422841679949556,-0.0018276384387605482,0.0,-0.0037411570000662753,-0.0033222447004312983,-0.008333333333333304,-0.01617022575216087,-0.020659128276936167,-0.020588226337215687,-0.005763741939901479,-0.027796167163269492,-0.01589593240797149,0.008385736271063537,-0.019828949694646214,0.0010645563573241645,0.0024716567202984763,0.000738704231618037,0.001114231661860643,0.0005391685430786719
2023-06-27,-0.00655110677083337,-0.0033333333333332993,-0.006359324581484027,-0.009179610301214391,-0.008235258214614016,-0.005988046521030466,-0.008917932297967335,-0.01800427660501025,-0.009152389570924013,-0.007289636132488564,-0.004285721551804289,-0.012605042016806678,-0.038927336153965375,0.005022620905882347,0.004719031011231056,0.0008281763179955881,0.008168879691027753,-0.016519824158696794,0.006237049930402527,-0.010710083862205844,-0.0026102500588578437,-0.0034928739539954456,-0.0014763179009552596,-0.0011129915314569416,0.0033679103959873835
2023-06-28,0.0015516851551744537,-0.0013377722290447425,-0.002400024414062507,0.0017371340883562958,0.0023724203280368616,0.0,0.003599248090448759,0.0037289910113973423,0.0028112327669325143,0.003337817767305351,0.00908658706093357,0.015319174908577038,0.0207020979599164,0.003498235583385023,-0.0012809857620741383,-0.005792279238995501,-0.02430794059092134,0.0026129608920473224,-0.002066162926976145,-0.004410548803714609,0.0042648294001685905,0.004020612264416856,0.0011088754784351895,0.0043639854598045424,0.005773365813573683
2023-06-29,-0.00038732028964982845,0.0,0.0040096231935558,0.002312103447886571,-0.0008875378690536007,0.00075294309057794,0.0017932269854381566,0.007120729030000383,0.00080097950795599,0.006653343003888423,0.0016587605108693282,0.005867535040535499,0.018518504813616277,-0.006972081184281165,-0.002137633106680359,-0.006242260573977809,0.011764711317500787,0.0011168569849291377,0.0,0.0032219212320792057,-0.01804847732425552,-0.010267994724993179,-0.0024615009014422595,-0.007580657379170019,-0.0026699314892422166
2023-06-30,0.0003874703647837041,0.001339564260911974,-0.0007987098766658596,0.002306857954748498,0.0011845103637879717,0.005267210227086094,0.003579920353401267,0.0043037010421758115,0.0,0.00022035991110302966,0.004968040742807434,0.0,-0.0043290043290042934,0.008024064349388071,0.01199660174871342,0.0016750802735814307,0.009575946950658887,0.0059501901816017,-0.002070342070938369,0.005218738503075526,0.011794816225999316,0.0021786397531111668,0.0003701268126754531,0.0073591143619604615,0.004818640272562735
2023-07-03,0.01239342191388948,0.011371217045098136,0.008792953537474668,0.008055200643854121,0.014492689851134388,0.00823346403049019,0.01545780223538551,0.017447307666619505,0.010804340145521785,0.009691599381514981,0.01459507859147502,0.016666666666666607,0.01913040824558432,0.013432858340270748,0.007197293406170147,0.005434747506352977,0.010162575623593906,0.025878003696857776,-0.01452285667393427,0.02476043274024331,-0.0056537846954379176,-0.0043271380174078194,-0.0011593864039826634,-0.002792690286512164,-0.0015585006466234059
2023-07-04,0.002295356226187373,0.003968294415515272,0.009508752826110412,0.0057077626564994155,0.004664718687201308,0.01855976285553007,0.012880521916697862,0.02015638192278857,0.007917610996778457,0.0013089304775586452,0.00023206813421294825,0.0008196596239433696,0.0034129823915913793,0.0004908355975099532,0.002101691262563765,0.002079049729537097,-0.0053655214302326115,0.008288244298986447,-0.0021053113435444137,0.007794232082727115,0.0,0.0,0.0,0.0,0.0
2023-07-05,-0.0015266942613907375,-0.00395260929811081,-0.0039246467347838765,-0.0051077974578441765,-0.004352806592186731,-0.012390648586409925,-0.004624273250525723,-0.005897987727496723,-0.0066770689339493705,-0.006100274176162546,0.00046394009465333674,-0.0016379766645499005,-0.0017006543438535804,-0.0063787618312007854,-0.0029362287909473483,0.0004149472499397344,0.012137579642738094,-0.011436675586350864,0.006329158493033615,-0.010827544414817147,-0.009502362885029147,-0.004794154237657722,-0.0002475444833942575,-0.007163425977943394,-0.0030852226360595925
2023-07-06,-0.02217126497108235,-0.017857123033980127,-0.0189125413476805,-0.01254989680515084,-0.016904745200803095,-0.009594118463157275,-0.016840825769012135,-0.01097594013448644,-0.014630321306403293,-0.007891289320043127,-0.0013911748621627806,0.0008203320169759554,0.004258943726587416,-0.0064197116427950895,-0.007993291140032777,-0.0029033468706826104,0.010659549964845638,-0.03579173419388637,0.018867956592823587,-0.03440188798581545,-0.01414301549345831,-0.00816838199545944,-0.0006191561470425544,-0.010119957071788033,-0.007265889635962308
2023-07-07,-0.0015637574296373247,-0.0033670033670033517,-0.001606401190700324,-0.005199359465852482,-0.004447011954263891,-0.002235492239791359,-0.00531601600505438,-0.007798389932311411,-0.004815442972151307,-0.007070254235338136,-0.0030183670544779995,-0.0032787010317942844,-0.00424088204859141,0.000496934449113251,0.0012722937549862756,-0.003743766604008769,0.00593277205901499,-0.009373827842419913,0.002057562092585119,-0.009311753245983101,-0.006019246311037008,-0.0012670546694335538,0.0011151526242858534,-0.0009465966934764092,0.0009487624828188324
2023-07-10,-0.0019577134375448058,-0.0027026614627322365,0.0,-0.0005806669366934525,0.0002977463069688824,-0.003734130117933665,-0.0029690758080463953,0.003022928312755413,-0.0024193333785559323,-0.003115251311227918,-0.0025616394776938334,-0.0032894862738344077,-0.0008517757480527299,0.004967729043160007,0.0025412733753202854,0.004592847578240633,0.01769328309565421,-0.003785011180152398,0.0,0.002452006992229583,0.0013120433085944683,0.005180309886192225,0.0014850880279129175,0.005211250877318996,0.005010193015937414
2023-07-11,0.013730875181665825,0.01422757966048982,0.011263023830348828,0.01104005711273226,0.013694524631826077,0.01649184638447898,0.019058944453557602,0.0186859230314127,0.016572346451302344,0.0122767688934593,0.004436110637082047,0.003300342705864212,-0.004262574484157344,0.007909038607641028,0.010139407281140267,0.002493822719154659,0.0006439297523364029,0.03077498180192384,-0.01232031708203063,0.022013835423169592,0.005140632405371104,0.002103459659135831,-0.00012351096221074886,0.004712979708355602,0.0053894033858803425
2023-07-12,0.0019349845658289677,0.0013359849854328587,0.003977724838019503,0.005747126436781658,0.006461122632380967,0.0073746309364957074,0.011689003416506027,0.014792899742192,0.013518892952085082,0.0035281114177636574,0.003951607790246614,0.0032894862738344077,0.0,0.0029426863701367267,0.0020911433450283567,0.006218889440761766,0.016731031500648363,0.005528935007341973,-0.006236950795857066,0.00757881602872823,0.01113117325274482,0.009760708617660763,0.0029662322692727283,0.008818861747836415,0.007772637098793389
2023-07-13,0.011201212687721673,0.010673823673538863,0.012678337101480475,0.010857107979910685,0.010504832376505124,0.02049771352753038,0.01617566119493019,0.015160363537320976,0.009023128454356932,0.006811720165332158,0.005325296354468767,0.0090163809354189,0.012842465417875815,0.013202862608413302,0.0070951620529950965,0.006592494618636424,0.012658215623466695,0.02089447383464349,-0.00836829224570046,0.022169461473491525,0.010512719818946525,0.00831517575481322,0.0028342048455256563,0.0070678149805465385,0.00598410366886637
2023-07-14,0.010313263303764586,0.007260766359839188,0.010172167611226968,0.011871148535734122,0.012416987927028833,0.0,0.013644102844584394,0.02067780663450569,0.016718519310088498,0.011130557390380824,-0.00253332105695403,0.0064988063499122894,0.020287352785902657,0.0028958192702421837,-0.002486509242815793,0.0016372905312751485,0.010625004768371582,0.022621141087859176,-0.012658216387505639,0.022850478766645477,-0.005888688563306155,-0.004947978006015541,-0.0025804754431081323,-0.007756985503586833,-0.007270364053722611
2023-07-17,-0.001890359168241984,0.0019658439119933924,0.0,0.0,0.0028522096464398405,0.007173601461866408,0.0011217306701767349,0.0112548593381403,0.00573612316322869,0.012303036311173798,0.001385304933994913,0.004842602637061155,0.0,-0.012993284352352807,-0.008309051023121738,-0.0032693063322807303,-0.026592473911375203,0.0,0.0,0.00037866755473081604,0.0004935869474913535,0.0016575537566845266,0.0003695796473277557,0.0016752006541469466,0.001864173002569025
2023-07-18,-0.0018938931551846332,-0.0012818437168615714,0.0015491393263297928,-0.0027932960893854997,-0.0022752564477985793,-0.0035612537160695235,0.0028010776466118603,0.004730161105689145,0.007224355116705716,0.0010660817789729382,0.004150341471266472,0.007228927918706107,0.008285004351978653,-0.003412954365824228,-0.0016757819070369884,0.002460080967303435,-0.002541293674376277,-0.0077246551395654395,0.004273500354724069,-0.006813089429898889,0.004539241469216471,0.001137662711490961,0.0,0.002508634017942102,0.002791056491693089
2023-07-19,-0.008471359659688482,-0.0040000406901041785,-0.007058835497089411,-0.005041982613357865,-0.007696705919914004,-0.010721944713663722,-0.012290464695135839,-0.021361435117118077,-0.013967494718069906,-0.0164004354686077,0.01148105645830877,0.011961722342486825,0.015612173981293997,-0.009295524906715813,-0.007133868100638541,0.006952968138619786,0.014012756031944518,-0.01203111756210995,0.0063830236225137504,-0.01257617328402294,0.011296599823279907,0.003409030901411425,0.0003695370667382569,0.00565338833850948,0.0007952974210116981
2023-07-20,0.004660241580703994,0.0,0.0,0.0011261089041045835,0.0031599193138411863,0.0036127169223285627,0.002828011097143923,0.010186218507098888,0.007274066638757404,0.0019488989171314586,0.00022706325547572348,-0.005516190458783932,-0.013754020786643673,0.012839517475646156,0.007185125840672324,0.004874042558663971,-0.0012563101550140399,0.005372492601783074,-0.002114213285731581,0.0019297568051783731,-0.012141816775656955,-0.007927485481724394,-0.0012311473517511162,-0.006727521358050437,-0.004370306207372665
2023-07-21,-0.016621639380154596,-0.014725549117267756,-0.011848341375032656,-0.005061918671685484,-0.006872791419071822,-0.012958875968779315,-0.004512122152935172,0.015845556080887002,0.008741978496909164,0.0012967662134730773,-0.0009078736786329866,-0.012678276646688746,-0.029532390722381008,0.0024377979767225,0.00041964871648558777,-0.006871466364862577,0.014465380361913915,-0.01888143241916862,0.008474669590729178,-0.021186440179846833,0.00029504827523907373,0.0008302390052714603,0.00012328530221972223,0.001762872922232317,0.0025273003542827244
2023-07-24,0.00039310576224438343,0.0013586749482916716,0.0007993483240671395,0.0016958906846167299,0.004613605709462121,0.005105739730701941,0.013031135819111084,0.020703442759036683,0.010550066678146175,0.006475269268378492,0.004997755983992214,0.0016051731949118242,-0.0042265425790499744,-0.0038910469739347198,-0.005453064902817273,-0.005290971199889194,0.009299537116143064,0.0032679517662685953,0.0,0.009051506248416885,-0.003637105419959763,-0.0023849372782143163,-0.001232418965655735,-0.0012040833689235253,-0.0017248889223159258
2023-07-25,0.012573721835093421,0.010854858682282309,0.01597444128394665,0.00846501143246714,0.009471814434906412,0.01596514440871144,0.005592862760819051,0.0016670618448357821,0.008202879314185063,0.0017155911328539108,0.002486365087726483,0.0,0.005093365522728099,0.03515631039044953,0.030366986440528487,0.0004091746588916756,0.027026941532620086,0.02316331775902225,-0.012605129565465112,0.02184089795952371,-0.0018745307839593828,-0.0018709105798633274,-0.00012342221270322806,-0.0015763925697165337,-0.0006644793166236118
2023-07-26,-0.002716384066248634,-0.001342261397598521,-0.0031446061798816594,-0.005036339741768647,0.0017060385673830503,-0.0071428571428571175,-0.0038931978090313013,-0.0008321436874272337,0.008136069005388213,0.0025691018825544365,0.0024802844224616205,0.004807679963535483,0.00591213631098797,-0.0023585444627242103,-0.0040933434392360635,0.00040892929330116345,0.0005980998380692437,-0.00742839056539446,0.004255315263436366,-0.007251885101085431,0.0009884202424725874,0.003436445228049312,0.000987311270639335,0.0046438191557822694,0.003989831262434906
2023-07-27,0.0077821011673151474,0.004704280469663091,0.0023658944411919514,0.007873981284898246,0.001986934309786026,0.005035949267929496,0.000558360076327924,0.0022209332409983684,-0.0007336925016779849,0.00341660989015824,-0.0004498528604481855,0.0,0.005877452448404652,0.009929125087893675,0.009042306372559095,0.006132523773237919,0.00537956694862296,0.01496786029257513,-0.006355875912014253,0.016532055717282113,-0.019452884927526726,-0.010896669210325949,-0.0014795061728395398,-0.012203011159920507,-0.007948052604317968
2023-07-28,0.0,0.0006689371472616834,0.0007867700654728971,0.0005580697835865234,0.002549579448528849,0.0035790981454726367,0.007812465906941624,0.013296492443834573,0.0003671156008024923,0.004043384122628169,-0.005400492150899661,-0.0007974359880725812,-0.005008398065369013,0.022940063535424216,0.018737311858115113,-0.011377516444584401,0.003567150239654593,0.0007022900828796974,-0.0021322449381295794,0.002269312092913811,0.005135896184918609,0.003252598845128407,0.0013581999413876389,0.006551282991419605,0.005741758695156474
2023-07-31,-0.005405381839707957,-0.004010735822433387,-0.008647786953711045,-0.007250435190358284,-0.009042093821505337,0.0,-0.012181579172766188,-0.022963370982523323,-0.017981642976813372,-0.004239100501182369,0.01221721507254192,0.015163558261842569,0.02013424150439369,0.00915326554229412,0.01199517130408112,0.0012330738487293935,0.0071090548104002504,-0.018596448396381526,0.010683801830952966,-0.018113161482900986,0.0024046237755206423,0.0012549164791963996,0.0002466618105709806,0.0027893576369208972,0.0023898075664510188
2023-08-01,0.005046536343816577,0.00469796609558526,0.006344195570485933,0.002808988764045006,0.007128600005003705,-0.007845869248717996,0.00448430061781413,-0.0002798583033222224,0.004110635628203019,-0.0012771684520148652,0.007152429209188682,0.00786163540874063,0.011513170587554411,-0.004988603483398246,-0.0063216061156938785,0.002873550618651244,0.016470628626206407,0.011798311222547042,-0.008456651520450165,0.009607993400134296,-0.01634186518978471,-0.005828237255209291,-0.0008383432740240323,-0.00993041100755052,-0.0049271967805774265
2023-08-02,-0.012359973054003381,-0.011356025269859904,-0.017336521285920337,-0.01736698097207634,-0.01812002817605407,-0.02947524028478099,-0.025111649610691233,-0.03414501081257959,-0.02679572751080217,-0.018329003180215353,-0.005770131564722614,-0.008580331515648854,-0.009756072749936506,-0.010483201640215434,-0.0075546933176741105,-0.00613997612183792,0.007523099282459533,-0.039222636408182465,0.02345418596425275,-0.043014913534307087,-0.010699032589035928,-0.0020012896199735897,0.0004948158997948315,-0.0061084625834888495,-0.0042797874707928285
2023-08-03,0.0,0.0,0.0,0.0,0.0,0.0,0.0,0.0,0.0,0.0,0.0,0.0,0.0,0.0,0.0,0.0,0.0,0.0,0.0,0.0,-0.023071355940461058,-0.007387830588308053,0.00037099913093951997,-0.008982645219815844,-0.003223611465509868
2023-08-04,-0.004692987730011922,-0.005405426025390625,-0.004009623193555689,-0.0017103067469078637,-0.0031718745496995826,0.0029629177517360716,-0.0017171597295909669,0.006664832457846881,0.004588942293840992,0.007381679167405508,-0.006696411655569223,-0.010228130904564647,-0.0057471638760079324,0.0225703223920104,0.023237253699079696,-0.007001650390703995,-0.004020660277870403,-0.0014711066769521608,0.0,0.0,0.017712180624168905,0.010632641866578973,0.0019774567479073912,0.010399809108628144,0.005929153036444479
2023-08-07,0.00982318271119853,0.006793478401712294,0.009661872843175656,0.01085090708312797,0.010124341255736136,0.016986729360683794,0.018348605792718242,0.027633823779222855,0.017129762000359205,0.014870659569356848,-0.00426963206087605,-0.003179662290742069,-0.0024772537253779925,-0.013063103854098479,-0.01879410463502129,0.0008294711700029822,0.01268738820176174,0.02246779411976285,-0.012500086923436848,0.024264145790024783,-0.009841468561646138,-0.0024198143035129016,0.00037003551757486264,-0.002455166501267092,0.0018754104057172594
2023-08-08,-0.011673151750972721,-0.009446652667430944,-0.008771917549730501,-0.005649717514124242,-0.007731863036193332,-0.010166985675465146,-0.0078828484146507,-0.003081249523830709,0.0003742600725606948,-0.0014865086981821207,0.005190691381358636,0.0007974359880726922,0.0016556038343515933,0.0018256921864865383,0.0019952572017063464,-0.0020720778615624935,-0.008542119766073886,-0.020533184732372645,0.012658316986067009,-0.016310667760163877,0.011613314386764495,0.005062258579186629,0.0004932295472250825,0.003975749445020105,0.002139270367111701
2023-08-09,0.0015747791200171335,0.0013623770033006632,-0.001609047246390105,-0.0011363462968305704,-0.00028866192756149545,0.0,-0.003972848969279408,-0.00674351439836518,-0.0059857781575825,-0.000850721291746348,-0.00022456524528224886,-0.0007968005906062725,-0.009917330150761905,-0.0022779563859333107,-0.003982492195898302,-0.0008305837968040075,0.00746703442013863,-0.0003678047287992703,0.0,-0.003947887832420061,0.005171165450150728,0.0006295651277279379,-0.0006162564965978001,0.0009429201001101006,0.00013345078902915475
2023-08-10,-0.00628927233928156,-0.005442197631005508,-0.015310246166321373,-0.014789568022647637,-0.010103882225404592,-0.013939905449245948,-0.019942933865318757,-0.026025409014340473,-0.013172765731642277,-0.011494272473158929,-0.006512398580278078,-0.011164286354414354,-0.023372312023632547,-0.007305929232835573,-0.002798868220056372,-0.008312504573157797,0.017673856884919292,-0.023914644193991252,0.00833332505491069,-0.028141125713974313,-0.0164626614191129,-0.007655236496027729,-0.0004931962996540529,-0.007064807593518241,-0.00026676418504045785
2023-08-11,-0.0007911271591292124,-0.002052004500820992,0.005728351842211543,0.001732119266996568,-0.0011665475199573727,-0.005952290396567306,0.0017441149980361725,0.00377580792805543,0.0030511031960747115,0.004737321860655674,-0.002712539376788503,-0.0008064393074281861,0.0025641286475026615,-0.009199579470857255,-0.012429886393453882,-0.001676484262535527,-0.017927153388546335,-0.0007537945671116653,0.002066064406905266,-0.0016312964986243683,-0.0023014290170172425,-0.0052837368119224015,-0.0009870675884318114,-0.00341524141774574,-0.0014678490361348384
2023-08-14,-0.014251805291090713,-0.012337134121101045,-0.016273392800396858,-0.015561942064796441,-0.01226272026117703,-0.010479109964925293,-0.006384138475064249,-0.008101926587610997,-0.003041822282387141,-0.000642922833154258,0.0011332556271757,-0.004035512460389801,-0.012787723452472033,-0.02924795920788892,-0.024360474809793642,-0.00041982489546421586,-0.003993245831768855,-0.033195089052961646,0.0164948299544585,-0.029411751872894798,-0.002201940635680466,-0.001593476052916043,-0.0008645139405817348,-0.00038077976549544257,-0.00013366478665932657
2023-08-15,0.001606401190700213,0.0006938989624658554,0.004962766472692337,0.007611258949239419,0.005025071230982281,0.003025787931220991,0.007593408551048952,0.016627762984882777,0.0022883819550847395,0.01308171984513784,0.01086718082028515,0.01782817602138209,0.027633824386100514,-0.004304168017439269,-0.004993792584454204,-0.002939928449992024,0.002863754125488338,0.010534577977476367,-0.004056791404240978,0.010521885251597363,-0.0060950169055702386,-0.0019153043067272613,0.0003708130869104487,-0.005237625374431398,-0.003207669937829949
2023-08-16,-0.005212461206026808,-0.004160824253983342,-0.005761291755079778,-0.0005810929690233113,-0.0032353210449218746,0.005279011433044101,0.007536236306895424,0.008321403966278229,0.0019025294069531951,0.0035986063273745206,-0.014109765880972902,-0.01512740086752773,-0.015966399377133622,-0.0009606367942763816,-0.0025093879684351394,-0.001263718910478051,-0.021130830062646266,-0.0050192578879102445,0.0,-0.012078338532082955,-0.007824122212282347,-0.0038379594737637523,-0.0004942656045533456,-0.004499341612314689,-0.00308398164771595
2023-08-17,0.004433659079668084,0.0013927363491754718,0.0033112076687034087,0.0023255459097928366,0.0021077897245997956,0.012002931793672289,0.00591018800347598,0.005407013224428825,0.0034443228273433046,0.006538733901892968,-0.0061335859826429084,-0.010509259938843996,-0.0170794195222983,-0.004807619124471918,-0.006708588882724742,-0.005482883415703577,-0.016335985371503492,0.012417468132994491,-0.006109925438593122,0.016863406625055033,-0.004262509719673346,-0.0012842759358582256,0.0011126711331965744,-0.0026925549095950796,-0.0041694359778857715
2023-08-18,-0.0060192617109523505,-0.004867850718961675,-0.0066006224629272525,-0.0029002321212390214,-0.007211474536436335,-0.010378013045416856,-0.013513486254426832,-0.013869279735957751,-0.008009118610681987,-0.010896907888972795,-0.009828578404017851,-0.013071882795547274,-0.019982584299342188,0.003381627644649443,0.0037990776934979653,-0.0008481958366575171,0.011862327897427694,-0.017631300157641028,0.010245842771549496,-0.013681604865301678,0.0035316159357667853,0.0030004155616429884,0.00037044675294284346,0.0037604801185155967,0.000675248808010176
2023-08-21,-0.006863128660423046,-0.0034940599488046953,-0.0016611675672921766,-0.0011634494202635848,-0.000605340714572189,-0.00898874118533477,-0.0029780310710370017,0.00028697822874312884,-0.0011534289266247333,0.002542350210701372,0.0013850732620892536,0.0033112076687034087,0.004432623993552376,-0.009629309510423956,-0.013877204128567522,-0.0004244579417878036,0.01758506177025887,-0.0011704557442705488,-0.0020283473413522657,-0.0025220296768382333,-0.013330489972801174,-0.00619660086014906,-0.0011110228973183478,-0.0059557649017797365,-0.0002698966669563152
2023-08-22,0.008130081300812941,0.004908814293696828,0.00748753368326982,0.004659307314949901,0.004845543464385038,0.00907027150840456,0.007765894258823458,0.007460606818205262,0.0019246014353422325,0.002958567002352419,0.005763024293324648,0.011551167996124434,0.02559570890002183,-0.010695153943529156,-0.011513878421291257,0.001698552731347558,-0.014976971183215282,0.00859379768371582,-0.002032566814382797,0.00969238525992,0.007674089273979723,0.00043002490830912343,-0.0004943266983746808,0.0030923819524864005,0.0005400420641574755
2023-08-23,0.006854826404202319,0.007676139715986352,0.0074318871776966056,0.006956504047780809,0.005726299727590645,0.014232164018609605,0.008891500359705429,0.009114203624646766,0.0030733738607660044,0.0058997597849881345,0.0018335552234465258,0.004893951725845502,0.002581781924585025,0.0049140235673303945,0.004314080248195573,0.003815182365652481,-0.002339234773976351,0.018202871677963195,-0.010183241436159784,0.014607679093663561,0.024777405077953896,0.01085323622101475,0.0018546183354695156,0.014065501363662358,0.008096052748342464
2023-08-24,0.0172206772299206,0.016620562719648957,0.013934401215099923,0.012089845367938334,0.014084544073929894,0.018463811762881477,0.01821383417184208,0.009314084490967822,0.004595899237060497,0.004189294956233658,0.009608830758172537,0.019480532348447932,0.03776825344102064,0.00733494439775817,0.0008590442364768691,0.008445897509009148,-0.012895622522948291,0.02472423031915083,-0.012345666899427288,0.024681200532118197,-0.006594067902249479,-0.003720617362140244,-0.0006169989277607923,-0.0034201083321815373,-0.005487833459230429
2023-08-25,-0.01929131455308808,-0.01702997239801529,-0.015359692347279186,-0.015927207071398386,-0.018617052756338626,-0.020304480905710465,-0.025966576163909183,-0.017337778551052896,-0.018299639748884378,-0.008552354175155985,-0.017901674516344723,-0.039012751476175445,-0.05210920572576905,-0.005825283350059718,-0.007296140852380173,-0.0046063110079019864,0.006532102693280528,-0.039717824542952807,0.020833312637276835,-0.037334415190231285,0.003266226389552873,-0.00032008940360794824,-0.0006174740637810983,0.0005719500259391275,0.004172241532450549
2023-08-28,0.006423086332891126,0.003465003391723176,0.0016420110281705202,0.0011560517239432855,0.003914515859653189,0.0007401246499569858,0.002369722601664348,-0.0022765514441354107,0.0015534336127123183,-0.0033662918477036508,0.007152777392699372,0.01242750652796798,0.009598590652420524,0.01562498544808455,0.015996578152108087,0.000841415960391334,0.007079582683390706,0.008117415874943745,-0.004081628681073313,0.005838172971925237,0.001050183499675894,0.0027750506997641367,0.0006178555735729674,0.0031440723507352164,0.003752831751860697
2023-08-29,0.005584400368231712,0.004834232966086205,0.0008196596239433696,0.005773672157158405,0.004499145926586401,0.000739690131456916,0.004137097784195243,0.0028522096464398405,0.002326462342475466,0.008021977552958193,0.008705549602161522,0.012274959390017992,0.007778751509228687,0.013942352219447729,0.010212756217794272,0.00420338252512753,0.0017575095009876307,0.016104342038410602,-0.00819671330225158,0.016169192390621534,0.010386045603641536,0.007131514849425313,0.002222774730971544,0.007977930768226837,0.0062758876289708
2023-08-30,0.004363311456148544,0.0048109755892933315,0.008190008292358497,0.00631461608947359,0.0053746336654934,0.012564648262364475,0.005885837717297671,0.005403828996972226,0.0038684866535403373,0.0010471044410584884,0.014762696886208904,0.020210186432308763,0.028301913335704088,-0.00995737270279351,-0.0037910763881886522,0.0058602469892792275,0.01812862333490428,0.010943373194280737,-0.006198390260857556,0.01264786114863381,-0.0010382979613332566,-0.0001057084753766091,0.0,-0.001413303499162577,-0.00039807297046057233
2023-08-31,-0.0071090168777757645,-0.006839945423213756,-0.008935812248221486,-0.0034227386940687277,-0.006533929847634123,-0.006569298514484512,-0.001170301789648831,-0.0011314597611470356,-0.002312191581000156,-0.002510437945608346,0.002909603116098891,0.00396196523051473,0.0025020468602623414,-0.005747075512830602,-0.003805503342053873,0.004161401217797955,0.0022975827615121514,-0.011944687429480072,0.004158000242086457,-0.010878311770508353,0.0044693930908183965,0.0020082701636243705,0.0009856357571544905,0.0016984364924914619,-0.0006637866791767699
2023-09-01,0.0015911263523664676,0.0013773894796531572,0.004098360655737654,0.0011448022423345972,0.0,-0.00808233691539273,-0.003514907265087741,-0.005380980855751782,-0.003862436325938079,-0.0014681143954736742,-0.0013390174392358123,0.0007893141746204702,0.004159733882649785,0.008670534835802268,0.00764008103803171,-0.0033153720053222813,0.0252148199124127,0.0052889831202176385,0.0020704407949891923,0.005295328113066544,-0.01553188043260814,-0.0060970429980751395,-0.0005416051348719319,-0.007093112818733463,0.0018730196308946187
2023-09-04,0.006751377790463087,0.006877579380862642,0.0024490045041454245,0.004002356955172592,0.005680078396873789,0.007407407407407307,0.00646682003947241,0.004271114192510028,0.004265168635054328,0.003990729348314126,0.0017877504146299739,0.0015772629607946342,-0.001656975586568965,0.01862461221116618,0.016006784826406717,0.0029106696213521133,0.022358945753254478,0.01052231389983338,-0.006198390260857556,0.008103727614543699,0.0,0.0,0.0,0.0,0.0
2023-09-05,-0.0023668879823101063,-0.0013660994301926133,-0.0008143819302144362,0.00284738031105336,-0.0011890878791054327,0.0022059047923368436,0.002336390550113032,0.004536428844216012,-0.0019304725018132185,0.006903804107152078,-0.002676840099946287,-0.0023622287539984965,-0.0008298628557766863,-0.002812914493998675,-0.004145952652997664,-0.0033167463069042613,0.003827211116473661,0.0007438163316144664,-0.0020789505537704978,0.0020096462776006963,-0.014022159751721719,-0.006065116774462864,-0.0012347015280738116,-0.0071408169924480625,-0.006527212811528904
2023-09-06,-0.003558694812988983,-0.003419972711606878,0.0008150456886955038,-0.0022714885940339213,-0.0008928208529527248,0.006603036510150373,0.0011655278520696921,0.0047981418989848645,0.0011604943463900952,0.0012465729744912668,-0.00156563847590252,0.003946330008233856,0.00996675193549934,-0.00893279407468306,-0.007493767766253434,-0.004991715252219087,0.010348508735988915,-0.00557413588249045,0.004166662527455456,-0.005214613059944195,0.002459402963961077,-0.0025693767664567435,-0.001112576815053612,-0.0009589420338672605,-0.0024135197205215064
2023-09-07,-0.0091269962371342,-0.008922464509176442,-0.009772024005007096,-0.0073989930241191715,-0.008340744171649317,-0.011661741110170376,-0.00814897480567911,-0.004213419034011512,-0.005409559280846965,-0.002282564822347455,-0.007840467717440291,-0.00943393849868146,-0.014802594119656676,-0.008064519777477241,-0.0025167561056357313,-0.006270887042301165,0.005390856365640184,-0.017563572869326305,0.008298746976857396,-0.01814516129032262,0.00277335611979157,0.003434578739005323,0.0018563600348913134,0.004415426023470781,0.0033602149848483975
2023-09-08,-0.004405249732360117,-0.004155061427195572,-0.0024670676490766708,0.0,-0.0021027243286007025,-0.006637235359608917,-0.008216038114733704,-0.000846335496429873,-0.0011655278520698031,0.0012478693075881342,0.0009031590584889226,-0.0007936386835007969,0.0008347117827525175,-0.010521248922042425,-0.010513035861281383,0.0037862915799184993,-0.009651491091556719,-0.003042935760902865,0.0,-0.0028747307936024535,0.0038293862586014082,0.0002139723277145844,-0.0004940492605377544,0.0007645434969545395,-0.00040185905805345534
2023-09-11,-0.004022526047660735,-0.0034770513865708397,-0.007419633167650264,-0.01261466184194937,-0.006923526001949343,-0.010393421887175847,-0.011834252077232543,-0.01778648464105015,-0.010112731652729856,-0.008309051023121738,0.00293248924088485,0.003971405829548136,0.003336126111662896,0.020299664835802478,0.013599646641992535,0.0004191210656339095,0.011369842968507848,-0.016406021405617977,0.010288006692203311,-0.01482704307358762,-0.007205682795218604,-0.00171108607051762,0.00024714673292947076,-0.001909898541876398,0.001742123407036722
2023-09-12,0.01009693028422154,0.007676139715986352,0.007475095635156359,0.006387956579617438,0.00788112483494996,0.006001523131602626,0.01137716275622136,0.0002873906659985881,0.0055009581709839495,0.006074509648810622,0.0038237064134791776,0.006329077632166724,0.014962555084797824,-0.008526778776477895,-0.002096484008781374,-0.0029326183373146186,0.004817995241839235,0.018619156469478204,-0.010183241436159784,0.013377913833897637,0.005763698382493576,0.001392660792046474,-0.0004942656045533456,-0.00028701473651326914,-0.0016053879141408878
2023-09-13,0.0011994713540495194,0.0006925630730103549,0.0,0.0005769812058036283,0.0009022189262217761,0.0014914014850067048,-0.0017761267247445867,0.0017241774312199976,-0.0003907865893789664,0.0012492478620858005,-0.005377586213822894,-0.00943393849868146,-0.011466024106262629,-0.0047778490211008995,-0.010504202017397879,-0.005462149787138326,0.01651568771348444,0.0030464119359288055,0.0,0.0049505455331970705,-0.0002122919637937981,0.001176647165245015,0.0008653689622004634,0.002201199747687399,0.0026799488811124483
2023-09-14,0.013977636123453374,0.01384083044982698,0.0,0.011534025780842505,0.013221227690668469,0.012658204837024734,0.016607281682123,0.012908799628816636,0.012118822004181906,0.010605080472343431,0.0020274871328085364,0.004761892651754751,0.005799540972125206,0.0,-0.001273833557058679,-0.0008449707519732064,-0.0005241210126741835,0.030372058410692127,-0.016460889199236384,0.030377642492093404,-0.0072179207279905455,-0.002243819774439215,-0.00024699411181494657,-0.0018143854009876614,0.001202677210857317
2023-09-15,0.0031508588853450537,0.0034129692832765013,0.01978560458453016,0.005701254474331119,0.004151820420530861,0.009558845968807406,0.008168103966305962,0.0076465717151714685,-0.0015449597961251227,0.0037037100993249084,0.009892055558390567,0.009478709258294415,0.001647421299245666,0.0,0.0,0.0029598180107104355,0.022024126010234735,0.007737679258447594,-0.006276194245094513,0.007968127490039834,-0.006094298110376872,-0.0031055999577760396,-0.0004942045258313765,-0.0015306231185618913,-0.003737303605713893
2023-09-18,-0.010600694859022153,-0.009523768003295019,-0.016168149145846966,-0.007936473610684613,-0.008859989121466016,-0.011653358105989775,-0.01273155161811701,-0.007588545358870991,-0.0077369733070805635,-0.003485000528645997,-0.012243972829027894,-0.018779354214153887,-0.0156250127444143,0.0014402634064039077,-0.0017007191644904385,0.005059057449712467,0.0030784744303227196,-0.02266914883740856,0.012631566900956015,-0.021343849393218872,0.005701363860979303,0.0009668489722405305,-0.00012363579779750555,0.0019162301713049334,0.0006699229925870576
2023-09-19,-0.004365103585379448,-0.004120920867881295,0.003286783368195323,0.001714303152901886,-0.0029798058619254775,-0.005158415357291224,-0.00468932744492534,-0.004814556132279546,-0.0015594155467283377,0.0010466660368728675,-0.0015776357112760042,0.0,-0.00417710954676298,0.0014381005953560955,0.0004259041344463199,0.0029362287909473483,0.0071611919417200465,-0.010849210732963077,0.006237049930402527,-0.008885347951532285,-0.007380413175505196,-0.0036488942495342958,-0.000741717876702408,-0.003347025677943205,-0.0030794396762007237
2023-09-20,-0.0055798881249155,-0.006206854458512878,-0.004095004146179249,-0.009127245154942898,-0.005977309277102272,-0.0051851625795718,-0.007656016741534044,-0.002561188222854782,-0.0027332953204196597,-0.006273509807090516,-0.0020316061882140746,-0.002392368804683742,-0.0025167401849308657,-0.0014360354319464808,-0.0008514456346765398,-0.001254733870220237,-0.01726765583372103,-0.009077132949647515,0.0041322273338813,-0.011409893490665124,0.0031249275495290885,-0.0007539820937676467,-0.0006186199508237955,0.0003838122726811388,-0.000805768994513234
2023-09-21,-0.01603206412825653,-0.013185350970134957,-0.01726972451046549,-0.016695417083677278,-0.01383040011083958,-0.01563667949215386,-0.014243309536188242,-0.009985691347776604,-0.009005538032112126,-0.013468000494176735,-0.007238174653946272,-0.014388452792312711,-0.02018504201075677,-0.006711471375873135,-0.005965035949906383,-0.002093770469753342,-0.006718401320535805,-0.03129769827573359,0.014403228992012407,-0.03091508578445712,-0.025674073301855227,-0.007437693618406405,0.000495183413367295,-0.010071005469440064,-0.007123639360578804
2023-09-22,-0.0008146515203347748,-0.0028128966601170813,-0.00585771504805177,-0.0005855158180841924,0.0003049431848511919,-0.001512836254606631,0.0024081280378631664,0.005475464626269133,0.0027656932556798797,0.0017064422895636255,-0.012987006214419172,-0.012976529309930207,-0.01716738197424894,0.00772200061362871,0.007286758544787109,-0.002098163542619602,0.015088497704879966,0.004334085230496498,0.0,0.002977443343552988,0.00804854885882933,0.003909650338757453,0.0009898766562332906,0.006104033126696828,0.0017598111355692225
2023-09-25,0.007337965875923835,0.007757340063843765,0.012626262301916658,0.008787346378540395,0.007010043663806753,0.011363636363636465,0.009609600665338114,0.005445756512756583,0.004728165610773605,0.007666111954218513,-0.00023080151439602847,0.004108463537699558,0.002620113989151296,0.004310352308682042,0.002553168763505642,0.0004205310594229683,0.001025138776475476,0.01569242877904653,-0.010141930149834222,0.018659855129512293,-0.024608990402383624,-0.007356125997582064,-0.0003708130869104487,-0.009726449753999056,-0.0013513307313661738
2023-09-26,-0.011736175975886276,-0.01189641022289789,-0.009975100142935456,-0.008130046000553448,-0.012106583377572533,-0.011235955056179803,-0.013682305148332352,-0.009122106408734565,-0.007451001335592844,-0.006128506284818536,0.0,0.0,0.0017421336491778572,-0.007153057865612267,-0.005517791329092581,-0.005044171274288467,-0.012288774330779906,-0.023174971577631487,0.014344199422675397,-0.02164861371485638,-0.0034760883329550962,-0.0003269265322415338,0.00012358731911077392,-0.0028201975139882096,-0.004330171694410079
2023-09-27,0.00040952540853966823,0.0,-0.003358535104984295,-0.0023419739351656643,-0.0006127591341198446,-0.007575757575757569,0.0018094503488272906,0.003164574673854892,-0.0003951098021670596,-0.0010631349852927574,-0.007850384248603737,-0.009001624399278763,-0.010434756071671214,-0.0004803183971382463,0.002987609642017608,-0.009716921905153608,0.023328088866424013,0.003558755148257653,-0.004040400342860351,-0.005106369992519899,-0.005176089459391298,-0.004469678917529252,-0.0007418096022649978,-0.004681132754514206,-0.0013590441917995522
2023-09-28,0.004093327824429505,0.00354107656378555,0.005054811448539809,0.0035211627054407835,0.005211587652028005,0.009160282047650181,0.006020377510328023,0.005448880046638349,0.004743116318265184,0.002128614086691405,-0.0006982218557556319,0.002477316726159362,0.0017574423803066175,-0.003363752840973455,-0.001702166618184786,-0.010665528767235255,0.03495443475471394,0.0070922105205442065,0.0,0.013686898658995306,0.0030539150761523803,0.0027376259399414238,0.0017322369484913391,0.001763671462684968,0.004763179887471658
2023-09-29,0.0,0.0,0.0,0.0,0.0,0.0,0.0,0.0,0.0,0.0,0.0,0.0,0.0,0.0,0.0,0.0,0.0,0.0,0.0,0.0,0.00011278908655887321,0.0002183754846898367,0.00012354417420423758,-0.002151811671556092,-0.0014899174810164562
2023-10-02,0.013045238110196866,0.013408674637921392,0.014249764499206785,0.01403505202622446,0.010673939138420518,0.01815438132130276,0.020347107792712427,0.01939533024929685,0.012195100905270317,0.008496127774527684,0.006287854364199541,0.014003269578870547,0.01666668005156935,0.003857276981143354,0.005541392719033755,-0.016817649332275808,-0.037689693894355836,0.025430359330146368,-0.016227165616963912,0.024894489014702037,-0.016687361545719252,-0.008090356558214096,-0.0010003817995081579,-0.009125605099923651,-0.006036378509034986
2023-10-03,-0.006036217303822977,-0.004874736610572583,-0.002479364064114198,-0.0057670128904212525,-0.006035026150360334,-0.002971836085696844,-0.005865013407374997,-0.003917269103824728,-0.008938964101370406,-0.004422895671804872,-0.003702843110441223,0.0024370678755196717,0.006039662976931703,-0.012007685094354237,-0.013141138784959927,-0.01403507480404087,-0.03153605985232888,-0.016024464361791946,0.010309317880007551,-0.014820876637241742,-0.021511592545924496,-0.00827723203783226,-0.000743648467610436,-0.011520544582213188,-0.010152255041377067
2023-10-04,-0.012955453231749736,-0.012596136248071876,0.0,-0.011600928484956197,-0.011839690525433433,-0.009687057237856678,-0.007079695211328563,-0.005898850940269318,-0.011764675963158666,-0.008673574009766538,-0.011149815348268532,-0.016207455229087397,-0.01886789860233551,-0.009236778652234268,-0.011168394382006341,0.000889700096572188,0.01365537337349454,-0.022101578453429638,0.010204023045831345,-0.022565854936932306,0.014107742911820376,0.006343197094954789,0.00223270031063616,0.008741110793251572,0.005128137343902717
2023-10-05,0.014356029352702526,0.012048170621587362,-0.00331395117313793,0.01232397992215506,0.014132076659126636,0.00827694623050479,0.011883586681289193,0.008476949483878782,0.00833329675058958,0.005121593270242419,0.005402855153515462,0.012355848279624881,0.016608404724969272,0.0009813767707200771,0.0026064059404546924,0.0035555521647134825,-0.050259033766792305,0.026962740420466202,-0.012121201028581163,0.027789654423320265,-0.004984932697969069,0.0018798868558178583,0.0009900272108767094,-0.0011952464617354108,0.0009652468017717908
2023-10-06,0.0036392797629525298,0.004901939308701975,0.0033249699612416528,0.004057953323143071,0.005452902584922592,0.005970172028043397,0.0035231628610228327,0.002801969533938964,0.00747739217625254,0.000849276365673779,-0.004439220329342075,-0.004882005424505675,-0.0025795618562821643,0.00686280880465806,0.006932402423787343,-0.0035429550033817536,-0.025095422061499506,0.006563753695101315,-0.002044939124275391,0.004991731437181235,-0.012116985824775495,-0.00584987624970279,-0.0008654759792448008,-0.0029915778421929495,0.0013776843719639498
2023-10-09,0.0,0.0,0.0,0.0,0.0,0.0,0.0,0.0,0.0,0.0,0.0,0.0,0.0,0.0,0.0,0.0,0.0,0.0,0.0,0.0,0.023469723343346516,0.012767864214226154,0.002969997530194668,0.012402458713095532,0.007428819609170079
2023-10-10,0.0,0.0,0.0,0.0,0.0,0.0,0.0,0.0,0.0,0.0,0.0,0.0,0.0,0.0,0.0,0.0,0.0,0.0,0.0,0.0,-0.0013827508512955777,-0.0019732547990245486,-0.0006169407757564693,0.0003951878585748414,-0.0002731704430414261
2023-10-11,0.01732475062300054,0.01533098918635667,0.010770530941399015,0.011547344314317032,0.01265447426998656,0.012611253039730652,0.007021587525649853,-0.0002794673365356104,0.003124996973201677,0.00593972810611354,0.021591132498641974,0.02289448366716984,0.025000013154128586,-0.003894928310066881,0.0,0.020444403754340312,0.04364850266735276,0.021864140477778626,-0.01229506995337748,0.02317876946711328,0.020886192962222827,0.005492091333170412,-0.00024687213662233365,0.00612280371427798,-0.00013662254276125552
2023-10-12,0.008316855855507344,0.00823608080560545,0.011475422343269814,0.007420108872158604,0.005653038478388606,0.0014651791080013687,0.004067495984704017,0.0055897364383137305,0.005062272555362846,0.0035850272080759638,0.009648564103390989,0.011990407820111182,0.012615643235913021,0.004398834634171234,0.008175582441000806,0.01001748513746703,-0.032171602881620354,0.015765811949167263,-0.008298746976857507,0.014563131666499807,-0.027127856818852103,-0.009613253710036851,-0.0012349481275621965,-0.010404373647135978,-0.005327860736445089
2023-10-13,-0.0027494587205415533,-0.002042122569318461,-0.0008103603961473471,-0.003965988375309815,-0.0026627264680292306,0.0043892181193156965,-0.000578716926184164,-0.007226190240163688,-0.01007362395434841,-0.004412672490004987,-0.0045506429912989255,-0.003159569752764879,-0.00415282386763538,-0.008272510102451114,-0.010243267946742018,-0.0017249208540809358,0.009418287173381001,-0.007760554531223041,0.0041840962444885665,-0.007177045573585339,0.017892423852534867,0.006397465014691628,0.0006182375550920494,0.005554429282769613,-0.0008240291251963017
2023-10-16,-0.00551395797612797,-0.005457046510577435,-0.007299282267666407,-0.005119505913822264,-0.005339671019412573,-0.010196716126405936,-0.008106618024676049,-0.005599125310878583,-0.0007827221531196971,-0.0033769490039075034,-0.003885672433035725,-0.008716311416174016,-0.013344440815338587,-0.005888073445840747,-0.005174680313489444,0.023326173841277553,0.04829863344013585,-0.014525116932902704,0.004166662527455456,-0.02008032128514059,-0.016094094878282394,-0.0059184669900324005,-0.0006178555735729674,-0.006904685018805257,-0.00027486794593001296
2023-10-17,0.0023762617961013976,0.0,0.004901948256873512,0.0,-0.0014911792090913645,0.0036791760298449105,-0.0017512423097826302,-0.007038288197582454,-0.004700385272459862,-0.0014824162010721453,0.006424937299964739,0.0063949085652730275,0.01014367639295144,0.0,-0.0013003372212270214,-0.0029548203143171525,-0.015183293703422862,-0.0011338560227753813,0.0,0.003688499575755566,-0.011020846657484262,-0.0098125625093054,-0.002225523136601959,-0.007945997708908248,-0.0046748790264250495
2023-10-18,-0.013828525940724479,-0.01097397853241222,-0.021138198976594302,-0.012006809136708485,-0.011648727448649976,-0.013929574644455656,-0.016374308795275128,-0.010490471422812786,-0.00747739217625254,-0.007847353862310058,-0.0015959802519405208,-0.003971405829548136,-0.011715493940409272,-0.0029614740999286404,-0.0039062564675176326,0.01185430860915937,0.023391841921861056,-0.020809686924042725,0.012448120465286205,-0.02245814674182789,-0.008797653958944274,-0.004676519099906407,0.0,-0.00800956592272939,-0.004834900912723872
2023-10-19,0.00040060433606359247,0.0020804650354153686,0.00830564773527076,-0.0022106657697418403,0.00030215537887867683,-0.0007435398030901652,0.001783631818658149,-0.0014326646938087884,-0.007533649162645983,-0.0006412736229088889,-0.010048011696894732,-0.009569414378269192,-0.008467400617444776,-0.01980205498867016,-0.01786491650467359,0.0037656968211041697,0.0,-0.0015455715430882089,0.0,-0.0004176727120962509,-0.020473412508089872,-0.004922278156511584,0.0013630807250477606,-0.008074314059076548,-0.0036091356597196533
2023-10-20,0.004405310840847276,0.0013840619255514053,0.000823710649622722,-0.0006079398390007595,-0.0012083716819911716,0.002232165665043695,0.0005934853801448092,-0.007429420168309164,-0.0115861329433391,-0.006844913258272078,-0.00968853941704384,-0.01529785783550508,-0.005977770771678381,-0.011616138944380738,-0.007985816231790066,0.017507298053399234,0.02545453356457994,-0.0038699691316579354,0.0020491294692979167,-0.006268282410659132,0.005678400867042965,0.005846029120872398,0.0016087722650681702,0.003968247807208947,0.002089739877819241
2023-10-23,-0.012360470756756281,-0.011057297017766143,-0.01152264630353006,-0.009124087929981872,-0.010284335706730374,-0.013363051911942203,-0.013641841118543385,-0.009580828748653736,-0.006871466364862577,-0.004307576171115324,-0.007919873053131576,-0.00654131669497382,-0.012027504360192398,-0.002043894164663107,-0.012969629141829642,-0.004096697341041899,-0.02887536481424846,-0.020978997764296903,0.008179951522529372,-0.01597982759878569,0.012013455377985371,0.004694290412596169,0.0006176849623826808,0.007803833857810805,0.004031710194591476
2023-10-24,0.0008074160303037647,0.0006987480116125155,-0.004163197388447393,-0.0006138173632473931,0.0012224052364879778,0.0,0.002405346815754106,0.011789581863998366,0.0008140194551116142,0.007787164480126396,-0.0025827802291021884,0.003292193628632978,0.01304347826086949,-0.006656480468233084,-0.00453105495480266,-0.0004113627766979544,-0.011997889479445023,0.009920634920634885,-0.004056791404240978,0.004273504273504258,0.013176645756171723,0.0017799940282099413,-0.00024690262493942683,0.005631511915174414,0.005123166864215323
2023-10-25,0.0020169423651086316,0.0013966267632985474,0.008361204120051813,0.006756700393776072,0.002442058460122132,0.009029437638393922,0.002399460587621194,0.004481556788496821,0.00203331584995059,0.0010731752929125093,0.0030602888304172016,0.003281390655224703,0.0017167120020789017,0.013402073917233137,0.014110213153378792,-0.0012345177052978107,-0.02587115930841999,0.0055009583358913705,0.0,0.009361689141456075,-0.02226129537020438,-0.008772913811821659,-0.001111571766435171,-0.00910003662109371,-0.005372632722463244
2023-10-26,-0.01972622390049794,-0.016038967160828754,-0.019071272400196793,-0.01952408216844248,-0.0170524168906524,-0.024608522755848683,-0.020945451424130845,-0.015466998045336355,-0.010551957602363604,-0.010077213268734342,-0.014550549706731197,-0.028618151370926714,-0.041131067248374786,-0.0010173172898729765,-0.004937190617659959,0.008240578978927937,0.021138177426628157,-0.04064085246008775,0.018329970546806962,-0.0434232849252747,0.015338603421223507,0.007618197276513028,0.0019782847124492076,0.0072661342952113905,0.0034626040244740697
2023-10-27,0.0045174788645405695,0.0014174127540111936,0.0033811824697027593,0.002489167161604078,0.0034077018126195124,0.0038226298802312986,-0.0006112609112929324,0.0009064228210644565,0.007383113673992581,0.001732766606616476,0.0009525386813831194,0.0008417379760294885,0.0053619165856966244,0.016802440629401838,0.017591312057118946,-0.001634614192934647,-0.007961763127144583,0.010997950909336751,-0.006000041961669922,0.01278100146885186,-0.004248797310145491,0.0015565864559503595,0.0006169227763879181,-0.002003776707085625,-0.0012421855304551865
2023-10-30,-0.0024530093562700195,-0.0014154065387311787,-0.0016848942997815808,0.0,-0.0018523482471236585,0.0,0.003058057241222656,0.0030183661604930023,-0.003257325954627577,0.002162129170185878,-0.007137740798801029,0.0016820600981966027,0.0062221950954861605,0.0040060053308341725,0.007978737120429402,0.007368002575818489,-0.003745301916747601,-0.0008057894871122961,0.0,-0.0004351875639144742,-0.004504028332841248,-0.003330406812385167,-0.00036994426750092124,-0.003011776427262025,0.00027634940433585164
2023-10-31,-0.0069672006075499615,-0.0063785196055424764,-0.00421940928270037,-0.0031036622039525286,-0.006186228011510364,-0.009901013111518031,-0.010975628619673827,-0.016250403941203362,0.0008170121788264595,-0.00711969853767469,0.0035945729097621726,-0.0008396177615638267,-0.0017667575409355818,-0.0029924921808216487,-0.007036053167217893,-0.0040634042661366054,-0.018259942925001993,-0.017741910872920874,0.010060400974973627,-0.01959077083058902,-0.00488148640484376,-0.0021163114723729004,-0.0003700811769108414,-0.001409721005841691,0.002625068369939365
2023-11-01,0.0049525255184823536,0.002853132410702619,0.0016948893918828922,0.0012453109628980386,0.0031123084592838968,0.002307715782752462,0.0036992216911879705,0.006118102518855473,0.005306088194555247,0.005867024230290285,0.008596002893267451,0.010084007968421682,0.008849557522123908,0.013506776430971978,0.007528789941025016,-0.008567971842522892,-0.01805251155964871,0.009031185932348862,-0.003984059960658093,0.009769080719605139,0.021607999563304444,0.011485728884400052,0.0022214560082494607,0.01425837529359365,0.009480543677153683
2023-11-02,0.022587268993839782,0.024182032353406546,0.01099833405517825,0.019278549663514388,0.023270245443756554,0.02225628417930614,0.026412676885196662,0.01915479111603502,0.010150223650767565,0.013825866860887492,0.011126832086407301,0.01830286716716012,0.024561430278577268,-0.004935852928923956,-0.003956050663204036,0.004115242164996147,0.0,0.040276622349755486,-0.022000026702880815,0.03957783747389598,0.022796738850661802,0.006196719503972048,0.00012341944210447764,0.011873901685409471,0.011252911539963995
2023-11-03,0.0076304975762424565,0.005555576748318192,0.014225915884871876,0.006711446885168115,0.006367467780092451,0.006756825644847142,0.004787662204543519,0.005071544350350399,0.007636677671486014,0.006179435619891871,0.01334581379168065,0.009803896513747024,0.0034246051886412943,0.0034722071108153063,0.0035304467892656177,-0.0012294581871260535,0.018384396082444132,0.013687975363947835,-0.006134914885540077,0.015651490281558322,0.006778450501893074,0.00769819581978326,0.0027163998827755,0.004930480050725272,0.009770677118319027
2023-11-06,0.008768482505180586,0.008977921438945824,0.014851510701988646,0.0121212121212122,0.009942809421785492,0.011185681817509341,0.011316177269131256,0.016325410334738777,0.006781016288924802,0.013977124742697855,0.005083207645753429,0.004854356646668778,0.008532423430365865,0.004943172700569987,0.010554079750826784,-0.001641399842011726,-0.021881920725042914,0.020447482806194683,-0.008230444599618192,0.024573068498551676,-0.009699857363489106,-0.005784118685839057,-0.0018470819796818638,-0.005298801845967538,-0.0040317569814954934
2023-11-07,-0.00039512485619908055,-0.000684504444474654,-0.0024390492012830167,-0.0035928509192552083,-0.0011933447190057844,0.0036873154682479647,0.00058894164613843,-0.0002921184503550389,-0.004754315886408178,0.0010442614023633556,0.0002298464720276172,0.007246389275306964,0.003384107751323029,-0.004426962760729958,-0.0013054299344844589,-0.0061652124537872055,-0.005592756085834538,0.0003780949093217245,0.0,-0.004065040650406471,0.014749928523878353,0.0057080601665284725,0.0007402564741616491,0.007990505441917373,0.0001349633807596895
2023-11-08,0.005533572713376955,0.004794499645494499,0.004074979726453654,0.008413516866739634,0.004480332375443208,0.006612739574749504,0.00824010544640652,0.00905642353014069,0.001990415421581293,0.005424542455200632,0.0048265434904875,0.010391711171976903,0.020236100815824054,0.0009881649204468435,0.0017428761154250072,-0.0020678719511213473,-0.04161978304500147,0.00907027150840456,-0.006224109697076874,0.008571453483737335,0.017033841035504427,0.004038366143809258,-0.0002466009835260241,0.0050890256558364655,0.0005396777394099939
2023-11-09,0.00039310576224438343,0.001363305742349441,0.0008117378733185632,-0.002383844743733765,0.0011893279678780733,-0.0007299715585081801,0.0029189227588346522,0.0002894707952572073,0.0007946149266209179,0.0008300667496838887,0.001372313744706366,0.002373381477387637,0.004958665075381008,-0.001480784121746459,-0.000434981686881053,-0.009117253253460245,-0.01936630359884428,0.0011235497863997246,-0.0020876309236564916,-0.00040471914627848715,-0.02300131325088539,-0.00989233670885048,-0.0014795945677581468,-0.010126517205808039,-0.00620289497237736
2023-11-10,-0.003929273084479323,-0.004084349010588517,-0.002433114714781359,-0.004778899773816292,-0.004157986256665858,-0.002191291499951342,-0.006402829359579365,-0.0034731963685847855,-0.0015879680301420507,-0.003110050022917421,-0.0027409532944416837,-0.004735583966637313,-0.004934198039885596,-0.005931731814142194,-0.00696256965184161,0.004600611085468831,0.009575210264937795,-0.009352787557687092,0.006276094488371298,-0.006072874493927127,0.0055999755859375,0.0010979191053002157,0.00024693309752366055,0.005016668192645568,0.004884676055066706
2023-11-13,0.015384591307630702,0.015037572811696265,0.009756072749936395,0.0108042480613737,0.011333166774520231,0.017569500653357606,0.01230234303313793,0.0031949058779132677,0.0007952468416316805,0.001455900419267575,0.011681134294906137,0.017446507567470126,0.02396695475932975,-0.004475392832239078,-0.004382137721606005,-0.012489639412651021,0.004742141062613614,0.022658611316443977,-0.010394951037943634,0.020773955615134954,-0.0022729509387172664,-0.0005483993374693075,0.00037035529996143346,9.78969992142531e-05,-0.0009451754946229185
2023-11-14,0.0023310260984579223,0.0033670033670034627,0.008856732129985723,0.005344472612194284,0.003833708897086785,0.0,0.0028934742519535206,0.004053253790896827,0.0015891540745915922,0.0018691619882820198,0.0029431984039933745,0.004676467891310265,0.004842602637061155,-0.0009990238414763208,0.00176060372958875,0.004215867806262041,0.024778764447743296,0.009231905881440738,-0.0063025647827326114,0.009177923930371756,0.022667705239966196,0.015033499263390482,0.003949150927372136,0.01565862663282891,0.01013650522575893
2023-11-15,0.012015527533006276,0.010738295996749248,0.009576990574744926,0.01063203201010876,0.01292592875660814,0.005755417638545479,0.007501394191512523,0.004325303476324427,0.013486718164829492,0.004560476748574738,0.015801371896048355,0.010085361623847655,0.018473920094440155,0.003999996185302779,0.006151115476298763,0.011754856852762563,-0.0028785919397449344,0.02305165968510514,-0.008456651520450165,0.023329355630191673,-0.014034330066409195,-0.007783796980574298,-0.001843903241456446,-0.005203323587194664,-0.0032111034336257394
2023-11-16,0.0003830183882722604,0.002138053331188069,0.0007905017717082519,0.0005844000067776189,-0.002320150242429087,0.0028611647782187527,-0.0011453924091453516,-0.0017226922232751463,0.004696706176778864,-0.0008254419373309174,-0.006000010172526049,-0.0038402458657411653,-0.007097803661026303,-0.005976137434728135,-0.013100403583316766,-0.003734446106361533,-0.027713599924586996,0.0010729176910593274,-0.0021322449381295794,0.00038642236565955557,0.012426639688556618,0.007518004473561879,0.0017241304791879575,0.008233228319538544,0.001342261397598632
2023-11-17,0.0030627402587357633,0.0020107443558587956,0.0015798150082726448,0.00467291510524781,0.002670627612770371,0.006598307885236965,0.0051605590499916865,0.0014379993213196052,0.0031164753980632565,0.00020657035540505575,0.0015649384203126893,0.0,-0.000794269046140883,-0.010019983204628713,-0.008407103134980609,0.01124533341065459,-0.03919238963371885,0.005359056922862093,0.0,0.005407469793313746,0.00468643334159391,0.0006488326787252863,-0.0007376144737518686,0.0028821506610872127,0.002278795876976991
2023-11-20,-0.0003817026851741234,-0.0013377722290447425,-0.0015773231295197476,-0.0017442037892896334,-0.0005919046233135994,-0.0036416605162894466,0.0028522096464398405,0.0022975827615121514,0.0,0.0037167107999489524,-0.008928520490927738,-0.007710100412716692,-0.009538986872226096,0.009109327079495078,0.009370860921515733,-0.0020593551480697636,0.043263216464025644,-0.0017768301735782144,-0.0021366992332193524,-0.0019208606356051483,0.006108345366180767,0.0014050025346112882,0.0001230577802742161,0.004023356369393438,0.0010699723772438219
2023-11-21,0.012218450865241426,0.012056282752611835,0.011848401638813177,0.01397792194484948,0.012733204007906007,0.01096491203609462,0.011945448960901883,0.011461251968285291,0.010485454670433825,0.009257370032693002,0.0006756481591423391,0.007770007954251534,0.015248808580631934,0.009027096306659654,0.005304992371027328,0.0028889680621826397,0.010071095067887725,0.024563880549698824,-0.01070667878329945,0.024634429233163058,-0.0004414757451103313,0.0012950044511661485,0.0006150254865322502,0.00028622058959704155,0.0013359849854328587
2023-11-22,-0.00905316424454261,-0.007279987154745982,-0.006245144524906099,-0.009764572931838189,-0.006725132663902289,-0.011569096660951184,-0.006745409390544799,-0.007082153127570989,-0.0011529856309651088,-0.00040767340407288355,0.00045015659748592896,-0.006168103859532592,-0.007905138339920903,-0.007455343917601054,-0.009674552135832126,0.0037037100993249084,0.002932618571647616,-0.014245919943842611,0.006493552067419417,-0.012772442742858381,0.0035339556492484103,-0.0003233323958996559,0.00012296701107428198,0.004006159986749802,0.0017345548779978959
2023-11-23,-0.0003806855685899446,-0.00133331298828121,0.0,-0.0005799933194116091,-0.0014719767430370068,0.005852253618269687,-0.0022637756284454857,-0.00228239709268907,0.0,-0.0012235190083779157,0.007424027237195485,0.008533794845630549,0.0095617286712526,-0.005007435030517149,-0.003108334520485645,-0.0020499892706749012,-0.016374308795275128,-0.0007050130363945861,0.0,-0.0019025876074008075,0.0,0.0,0.0,0.0,0.0
2023-11-24,-0.0007616610905653021,-0.0006675974731527035,0.0,0.0005803299068807277,0.00058963616873009,-0.004363680752840882,0.0005672279839972205,-0.0008579523290487279,0.00038477218045041006,0.0010208092594494733,0.0020098292773849114,0.002307715782752462,0.0007893141746204702,0.0010064695304667914,-0.0008908889569700928,-0.0008217114888368071,0.0,0.0014109132151123305,0.0,0.0022874804858519227,-0.011775059562925572,-0.00517523834968836,-0.0007375237826566794,-0.0051301624982722505,-0.001065554463287155
2023-11-27,-0.006478588906232097,-0.008684055298994298,-0.005498857508684507,-0.006380457561889652,-0.005892662237316659,-0.003652301112431533,-0.010204099285933577,-0.00543785444123468,-0.0003846241877629719,-0.002039536541112885,-0.0026743689489926448,-0.007674596903906261,-0.00867512679054605,-0.014580141632866916,-0.012483311762635063,0.009457218138258394,-0.01902495247503999,-0.017964093741316467,0.006451555345359905,-0.01673637884608259,0.01670378562387631,0.007586481013374113,0.0012301448270988224,0.008116868451230053,0.001466674804687429
2023-11-28,0.006904440769796905,0.008760128741410966,0.003949447125010774,0.012842947513418634,0.00681682071115941,0.008064561237080659,0.008591153135414809,0.004316590672774234,0.0061562081116257605,0.006948705302826763,-0.0033519894051152743,-0.0007734423909919741,-0.0015910656571020976,-0.0035714129317261367,-0.0004514776096641304,0.0,0.0006060744776870131,0.024749012611816612,-0.01068369994266749,0.022823960914833075,0.0019715257301113898,0.004409982008514168,0.00184299701442181,0.00397838562242514,0.004393580460299029
2023-11-29,-0.000761951264880989,-0.0006679415281560797,0.005507510511727043,0.0028818443804035088,-0.00029444026703107085,0.005818204012784101,0.0028392524320048906,0.005444086487162325,-0.0038241064217402476,0.0026385440817415784,-0.005156940585318237,-0.0038699691316579354,-0.0007968005906062725,-0.008192516220519974,-0.009936735294462262,0.014663976437445658,0.017565051735820125,-0.0014001553971675351,0.0,0.0,0.012570986601272427,0.005247435292103031,0.001962178451292873,0.008113978938436572,0.005434729844200126
2023-11-30,0.0015250645546283081,0.0020052659139677687,-0.0007825203531107716,-0.0034483109397449585,0.002650181243056604,-0.0050614384150101666,0.00169879314296284,-0.00028493364177051284,0.0030710144356642655,0.0036437307614551884,-0.00022533968388305237,-0.0015539778786678449,0.0,0.002581271806621377,0.0022809870842390723,-0.003211558578727458,0.0202381052397822,0.005958683069642756,0.0,0.00189107417376011,-0.011551330309304664,-0.004900384265615787,-0.0006119390970719119,-0.005240969270854823,-0.0018457401775189286
2023-12-01,0.0034259377794587653,0.0013343043040372482,0.0007831331707561784,0.001153472976190839,0.0005873849695099409,0.007267441538103547,0.0,0.0014252917460306769,-0.00459238177339627,0.0014118534134537342,0.005861098240664386,0.0,-0.006379609585512758,-0.006694086521930154,-0.006372298316975278,-0.0008054956836538452,-0.023337201445400857,0.0020906136010996335,-0.004319650201332403,0.004530057511062724,0.018774577883487974,0.009410097622922109,0.0029026069729394346,0.011995458109283926,0.00824195993716298
2023-12-04,-0.0037936266192926116,-0.001998687805188526,0.0,0.001152056112964317,-0.0011740803018973622,-0.006493572262913583,-0.0033918242780998087,0.0017078723817121055,0.003844689757391162,0.006445109466057586,0.0026894385803375442,-0.0007782576149075737,-0.008025682281269764,-0.0015552454754607092,-0.0013742870705615307,0.023780740237330678,-0.03106334915612352,-0.0006954527217890583,0.0,0.00037582150026982397,-0.003978870047180116,-0.00414716488570388,-0.0014699013654971838,-0.004572155194003891,-0.0025002607889571538
2023-12-05,-0.007235315507705731,-0.00667556728723484,-0.008607246300848193,-0.0074798793379230455,-0.006464807931162775,-0.007988314227341808,-0.007373747416613563,-0.003978385766181258,-0.0007660075563438173,-0.002001246475393903,-0.0017881499341381168,-0.006230494239806816,-0.007281565833249903,-0.007268919417690256,-0.006880716687148847,-0.02716537576458211,-0.006165134300515129,-0.013569916420697936,0.006507534078599164,-0.013523688724385918,0.021485616548882813,0.007047474874119164,0.0012267677580202196,0.007967739704626275,0.000923478786358567
2023-12-06,0.0034522203848983413,0.0026881309696293876,0.004735644182854548,0.004057953323143071,0.004436489354896489,0.01024885676376508,0.0028570992606027357,0.00741803543195374,0.004216198149031181,0.005614650090058904,0.0062695651646560435,0.011755545825486546,0.017114964594509896,-0.00941424148928005,-0.00969972693638843,-0.0036421792219252236,-0.010545969051968473,0.008818342151675429,-0.004310340840949611,0.009901013111518031,0.013317853589492668,0.004135292119015643,-0.00024509031839958784,0.0037199063556199174,0.0001317319951776863
2023-12-07,-0.00611623113985138,-0.005361950858721154,-0.005498857508684507,-0.0034641504347477925,-0.00588930413225186,-0.004347870315330571,-0.0034187731367919527,-0.0016992741704168202,-0.006488552341357701,-0.0037886826645100458,-0.005562973022687601,-0.006971410633023423,-0.014423101023573692,-0.0036958655148053854,-0.001865714297152321,0.0012184719039112224,-0.035109684804954466,-0.011888090547148122,0.006493552067419417,0.0,-0.005736967101290902,-0.001478346295248123,0.0007353577096855801,9.267243771127198e-05,0.001713295829180339
2023-12-08,0.00807694655198321,0.00606475196960754,0.006319139505529758,0.005214332935449706,0.0062204653320725445,0.007278020701757759,0.005145806390261409,0.004822643090647061,0.0030733738607660044,0.001801444240135286,0.0015663391580948982,0.005460194734051349,0.011382126226657796,-0.0010599076244919292,-0.0014018121416646823,0.0,0.006497688470734619,0.012384996193941955,-0.004301071078780971,0.0,-0.008182949871948342,-0.006450937247260202,-0.002204265210672518,-0.005373372410006461,-0.001973444568651117
2023-12-11,0.0011445546966155629,0.0020093974924688673,0.0015698347397707924,0.0005764040548450478,-0.0005887682380029124,-0.0007224772336431595,0.002275364943170599,0.001411718078564217,-0.0015320151126877457,0.0019980477590959556,0.008042909380056251,0.006206385489825994,0.011254031420471211,-0.01167115205575242,-0.008890993289471183,-0.013793109851908514,0.018721753785545303,0.003495281295583741,-0.002159876594958421,0.0011311756378600268,-0.0021155550634638365,0.00010646233693845097,0.0002454177987549766,-0.00027942230929889345,-0.0006591491082982293
2023-12-12,0.002286608679390234,0.0020052659139677687,0.0031348082340301175,0.0017280402213226687,0.0014727315445344225,0.002892218999696494,0.0017025413091966701,0.0031012293928920354,0.0023014755137988896,0.0049850447137274045,0.0050975077056971685,0.012336207719065184,0.0031796016437282137,0.012345757377666855,0.012747896783442902,-0.006581647508313027,0.0019011842302394388,0.004876328341071545,-0.0021644485481340237,0.006403059160193125,0.0029680561751193046,0.002128614086691405,0.000122725597919926,0.005683411906688862,0.002242524783204747
2023-12-13,0.0003802513441659716,0.0013343043040372482,0.00234377384185791,0.0011501564925315844,0.001764746273265061,0.004325927301494614,0.007365499769119044,0.013490711566444658,-0.003444249832751156,0.008928510607507212,0.005953703789378206,0.009901013111518031,0.014263099011769809,-0.012725332097096365,-0.012121222360563011,-0.005797076267488488,-0.04427582190768997,0.0003466416066399969,-0.0021692469831258165,0.0,0.023462201721282216,0.014868243861886565,0.005030008857435764,0.016768552136880777,0.015267122683128909
2023-12-14,0.012162605911130608,0.009993337368457755,0.006235409452290286,0.010338815220365394,0.011743913536518713,0.011485935460691099,0.012935856769065168,0.013588403913164182,0.011136674269692115,0.009832841986307406,0.008768117826485566,0.014328761757379738,0.01093745231628418,-0.0059076587214639265,-0.005663088070268163,0.027488539821761027,0.014559912113008444,0.02356198076631255,-0.010869503246587309,0.02320352322682262,0.02592941628039115,0.008288009171880235,0.0017090440178448869,0.010596780346846493,0.004394595374058958
2023-12-15,0.004130702793613272,0.003298152901515028,0.008520455404506855,0.004548056165531333,0.0023215854085942844,0.0,0.0011105195729868012,-0.005198320948700097,-0.000759607209328772,-0.003894780023079858,-0.0013038107930068987,-0.008921910395852661,-0.005409559360583627,-0.0027013043647163837,-0.0023730060647713103,0.0008107198095588242,0.029354195140553374,0.004400874534217003,-0.0043956000193668965,0.0051206800575658296,0.0011106685110533476,-0.0008327451994256663,-0.0011002929575467668,-0.0014476659208700893,-0.0022049049586216896
2023-12-18,0.001495863521370211,0.0006574019770815287,0.0,-0.002263689323104723,0.0011581040667940634,-0.002838849636702223,0.0,0.0005500675860268256,0.0,0.0007819539990032986,0.0026110258697236155,0.00825199414511224,0.008547056174041723,-0.0010833451466344401,-0.004281643702564675,-0.00526533273808194,-0.0006336676411107245,-0.0033704076806785332,0.0022074506802507443,-0.004002822542940598,-0.007967734779319668,-0.0021877183992721205,-0.00012241018654435276,-0.004168168556801466,0.000649981171967351
2023-12-19,-0.003734130117933665,-0.001971110760664696,-0.005376320773036958,-0.005672149646568148,-0.003759429185411056,-0.003558718861209953,-0.0027732192182452486,-0.0076966076353292,-0.0068415168692339545,-0.008540224790608342,0.004123233922723957,0.00520842439598912,0.013097048599947314,-0.0021692469831258165,-0.00191117606039648,-0.0004071754519254789,0.010145836573729472,-0.010483618449583232,0.006607975784234332,-0.013153109035276667,0.0053883568117942815,0.0018793099547906866,0.0003672755178976139,0.0012738797789322298,0.0028578017889731022
2023-12-20,0.0026237340294574807,0.001975003711733203,0.006177629743303603,0.005134020997242361,0.004934634693192663,0.0049999782017298156,0.0038931978090313013,0.01301942494651498,0.0019135532344085604,0.008613788480530848,0.007132008063381212,0.005181324327297565,0.009125452077887397,-0.0005434907113675003,-0.004308288904617541,0.00814667084133891,0.014438137967994757,0.01264518664481562,-0.008752726553724832,0.010736741321556886,0.006775186298721314,0.004897886881901625,0.0013458090840479109,0.002635413605184933,0.0001295613552572128
2023-12-21,-0.008598085207359829,-0.007884342787800813,-0.006139700944136073,-0.0051077974578441765,-0.006932347520914983,-0.007817987694279771,-0.0055400819029274295,-0.006562697997602118,-0.009167294435467044,-0.005958276984154076,-0.01416308731809579,-0.01251838667186378,-0.012810828842032662,-0.0016312550458137398,-0.0004806885528817473,-0.0024242208461568993,-0.0012376521010224462,-0.01653727336603239,0.008830013245125112,-0.0146520146520146,-0.006327815074997356,-0.0015555483294015238,0.0009775395238824647,-0.0003625570095484587,0.004533071859490256
2023-12-22,0.0026394481796128133,0.0019867751772040254,0.0,0.0022817677668052205,0.002036058541287744,0.007163323469044025,0.005013935864209618,0.0011009385855822451,-0.0007710276542751693,-0.0031968001968246673,0.001741441738053906,0.002237045334190224,0.003053388522781475,0.0027232699018733264,0.006733977079523612,0.005265255486215148,0.007434996516193282,0.003431709062956312,0.0,0.0063197479815289,-0.004548639915637809,-0.0009347355528839252,0.0003661960445240364,-0.0017227531038990218,-0.001160344774671196
2023-12-25,0.004136916618147302,0.004626549465453156,0.0046332517645995,0.003414946579039402,0.0037736158268850684,0.005689813358754625,0.005543152386152217,0.0076987242842250225,0.0030864168005624304,-0.0024052702616320643,0.004128609839614494,0.0029762587309454247,0.001522162985706288,-0.0016295864689931383,-0.007644521981805319,-0.0004029101130054169,-0.015990173752889025,0.006497927278196203,-0.0021882338087966247,0.005171754094394521,0.0,0.0,0.0,0.0,0.0
2023-12-26,0.00561797752808979,0.00526317797209086,0.004611766461019018,0.006239312681143971,0.006940365849084529,0.0007072567739205837,0.006615261481313972,0.009549753330131638,0.005769216097318175,0.007635142949972806,-0.0038952674473491378,-0.003709198729083263,0.0,-0.00816102423173437,-0.008184885534289976,0.006045933968526818,0.006875038146972656,0.013251867400028816,-0.006578888892025958,0.013965408701692938,0.002843204404472166,0.0006237400672726157,-0.0004880205933146531,0.0020890405097295783,0.0019362530465383276
2023-12-27,0.011173184357541999,0.009162263537456639,0.009181308158082047,0.007328089608144905,0.008615716246118676,0.01201411270842545,0.012595812669954798,0.011351301863386842,0.00573612316322869,0.0029909811887889326,-0.0008689355179403169,0.0,0.0007598088152664939,0.0005485589211708941,0.0019416993901946178,0.0008013004205642549,0.01986341916204526,0.015425806162421951,-0.008830118507186069,0.014860479138154359,0.0177197242015652,0.007792207792207684,0.0012208334714964852,0.009335618256166578,0.004122644724311231
2023-12-28,0.0,0.0012969970959813004,0.0007581964226177629,-0.0005595458670070164,0.0011389782671953341,0.005586613608986157,-0.0016225358040495852,-0.0024050331986738005,0.004182532834318797,0.0,-0.005870851226563278,-0.005212188624987735,-0.006074434854180133,0.018092101307401798,0.017441890552192252,0.00800643581283067,-0.020693861611237097,-0.0016512550203332532,0.0,-0.0010713849748883453,-0.007262992154195236,-0.00381446130496943,-0.00012196239446327084,-0.0026041748737237747,-0.003207595485873238
2023-12-29,-0.0022099672321017616,-0.0006476091235703141,0.003030256791548336,0.001119803703289124,0.0,-0.004861089918348549,0.003250345409902211,0.001875159158604367,0.0003786531215301814,0.001988117104078979,0.0006561412619405793,0.0,-0.0015278606384072635,0.010231585200864313,0.009999956403459853,-0.006751392940174128,-0.021752664894377438,0.00033081742492191424,-0.0022271163818317063,0.0017876295251282315,-0.009019859058824187,-0.002483678677337897,0.000487816043016398,-0.0036913300967079676,-0.0038615399965274966
2024-01-02,-0.004060561566258114,-0.0032404406358454985,-0.0045316531146947225,-0.006152159310630401,-0.005972670232764932,-0.005582714827081059,-0.01241898145525755,-0.006149822126997551,-0.0015140391904554518,0.0009920483243412992,0.0008743369514172539,-0.0029940803667591886,-0.009181308158082047,-0.012260103381141474,-0.008486487769767126,-0.001199547635783782,0.008259219589028088,-0.008267195934057447,0.008928562875609058,-0.009992927154043207,-0.005764560180593237,-0.003734833619992939,-0.00121889898836125,-0.006777516493583935,-0.0033596348143303256
2024-01-03,-0.01742024426279687,-0.01690511087077584,-0.017450705603205496,-0.012380399471154546,-0.014020076331053732,-0.01614037229303733,-0.016949226778214088,-0.013182617377122008,-0.010234971910711543,-0.00911792026791347,-0.0017471463082578964,-0.010510464929127439,-0.019305019305019266,-0.003777744175870512,-0.006181695856899649,-0.0024019002018368374,-0.032136120514147604,-0.02700902390251958,0.011061989147312934,-0.026676258324813795,0.004170518485314911,0.002395119856891892,0.0002440400594410086,-0.0022745882237303894,-0.0027226642285839153
2024-01-04,-0.00037723915961196397,-0.0006613151239731607,0.0,-0.0017094190983351076,-0.0014509355307289473,-0.006419357461303177,-0.0005561862701022324,-0.0024536573565728803,-0.00038300377817190867,-0.00020008273443961055,-0.005031711810172812,-0.00834602487136249,-0.0062992366280142376,-0.009209002024724078,-0.011483242846826447,-0.009630809405433038,0.03906252570838409,-0.0013707810596900183,0.0,-0.002592637803819464,-0.015194489277269407,-0.0060253669040423175,-0.0006099978394552563,-0.005562653565388653,-0.003900096587422963
2024-01-05,-0.002641555498231085,-0.002647313958408448,-0.0015443779787041034,0.0017123462156591884,-0.003778002577498163,-0.0014357282402059912,-0.0033388685717864464,-0.0010932198786699487,-0.00038315052627113655,-0.0018007233575869641,-0.006156525552223124,-0.006120911020943809,-0.004754346185659286,0.005467384861429947,0.0038722131799084902,0.0,-0.006265688047036977,-0.0037749009147418633,0.004376363276862305,0.0,-0.00956593595452182,-0.0036580107964544473,-0.0002442225804732967,-0.0035763354308512296,0.0007830534644091003
2024-01-08,0.004540341515154589,0.007299310721906815,0.006187185095715586,0.002849002849002913,0.004959217902459567,0.009345706225212691,0.00223344030531214,0.0005472081581712196,0.006132611976862767,0.0006012984498673379,-0.001327463988456623,0.0007698699631604189,0.004777057973011978,-0.019032000311979602,-0.017357792397514227,-0.0040518792639056,0.0,0.008267394126706407,-0.006535993205018742,0.00891208512013586,0.009865997914732638,0.0033567574601680583,0.0008548015062395109,0.0076384518101169085,0.005607724353996257
2024-01-09,0.0018832391713747842,-0.0006588017226951681,0.002305824587971683,-0.0028409090909090606,-0.0011611295977205227,0.0014245884310986057,0.0005570095324924917,-0.002187531228466044,-0.002666655040922672,-0.0018028113219485942,0.012848955225898795,0.021538485013521624,0.025356553293377493,-0.0011086727687722453,-0.003925413493640506,-0.0024409872306190294,-0.02459012598302568,-0.0010250027264593342,0.002193032677044293,-0.006256945640973566,-0.00637592689025035,-0.0004182008874983323,0.00024407360522693544,0.0017353406257496484,0.0015562539960078947
2024-01-10,-0.005263134949189396,-0.003955114415270966,-0.006134876000100209,-0.005698005698005715,-0.004068566994166023,-0.003556187612338224,-0.003340727672656474,-0.00685119179228566,-0.0034377445201976276,-0.004415035372646092,0.0013122825238811586,0.005271061236115759,0.005409677280133751,0.002774652374606612,0.003940883089295966,-0.002039198347296489,0.021331604266962012,-0.011969904490624184,0.004376363276862305,-0.010740718135127336,-0.004657468069184434,-0.0015688894981835677,0.0,-0.001276434985949093,0.0018127590776009228
2024-01-11,0.00415724141399032,0.004632673196337533,0.005401210766017073,0.00343843039263958,0.0061277817819545,0.0014275299038488676,0.005586613608986157,0.004139009498743018,0.0019164138278315868,0.0024188456038787276,0.008955872834088385,0.00823974609375,0.013835416668132705,0.006087471621987417,0.0004906883853601496,0.0012260191045094793,-0.00886078111599331,0.012807242247145911,-0.006535993205018742,0.013103706177541419,0.005615066297274041,0.005342574283697221,0.0023175750699166997,0.0060251600072909195,0.0032312264589009487
2024-01-12,-0.0015055490993007847,-0.002635106371750573,-0.0023024024921829422,0.0,-0.002900187803036358,0.001425494967155494,0.0005555682712130583,-0.0016487375542747484,-0.0042080606568984935,-0.0028151898438996126,-0.0038969541140383424,0.0,-0.001516277160703683,-0.00275033793013435,0.0009808954567123163,0.0016326904296875,0.02171137649430288,-0.007177054202701205,0.006578993461579419,-0.004065063114207179,-0.001964661805448742,0.00270920217696502,0.0020688593493185525,0.0021779083467379223,0.0010305874623752764
2024-01-15,0.0,0.0,0.0,0.0,0.0,0.0,0.0,0.0,0.0,0.0,0.0,0.0,0.0,0.0,0.0,0.01018744868268584,-0.00625002384185791,0.0075731917625860845,-0.006535993205018742,0.0025974478925092637,0.0,0.0,0.0,0.0,0.0
2024-01-16,-0.00753863585384229,-0.006605020081333124,-0.007692307692307665,-0.007995483189451091,-0.007853416212196596,-0.004982184684997781,-0.003886712600478681,0.0011009385855822451,-0.008836013965338174,-0.0024198211638541967,0.012171297407522985,0.006686432805896203,0.004555855105687012,0.0005515846301569205,0.0014699013654970727,-0.0020169884051057796,-0.001886775703832666,-0.02289037214761791,0.010964954246114766,-0.015544085926292084,-0.017612898957392487,-0.008105646695222735,-0.0015787862424053722,-0.010141277814406435,-0.006306279060679154
2024-01-17,-0.009115055099704273,-0.006648936440039166,-0.01007753120836366,-0.009786971664419442,-0.01026098746864701,-0.017882689166139887,-0.012263166898210012,-0.013197699182635324,-0.012015445088688001,-0.008085739155217708,-0.001932577908045241,0.004428089324838513,0.0007557886804239189,-0.006615156335299743,-0.0009784959511300872,-0.014551358677530435,-0.00882169781552089,-0.016783174101289378,0.006507534078599164,-0.022556390977443663,-0.0015819608348627279,-0.0032477482294928084,-0.001946187014920664,-0.0021039458248780507,-0.004274081530471818
2024-01-18,0.006669330120586903,0.004016105274618376,0.0024174299391339638,0.0017442037892896334,0.0038507427304081965,0.01238162352845218,0.0023571548111886997,-0.001989192883090629,0.0,-0.0022417079893147784,-0.0032271452809575774,-0.0029390825667502396,-0.006797537295870515,-0.016648231786249967,-0.022037255693346913,-0.006972931999420173,0.012078864563692449,0.003911719552585513,-0.0021551190371589257,0.004615431565504702,-0.009295418511021336,-0.0022072638829079283,0.0004874257726423803,-0.0019250077140181565,0.0020812131611029905
2024-01-19,0.03585339622221895,0.03333333333333344,0.02893889413154227,0.023215321701407277,0.02596639374340115,0.03597122302158273,0.03292177885991676,0.015091190492974693,0.003238863207894571,0.004493489068975398,0.0066910758977341,0.015475358516895188,0.018250904155774794,0.020316062319497563,0.0185278343492965,0.006195850126037961,0.011934706855971866,0.048884232756919,-0.021598251006661906,0.04709030328535957,0.00319858641043691,0.0001053632802940907,-0.0007308753961541292,0.0010102921852168656,0.0016873994272210702
2024-01-22,0.006772078228795442,0.005161310011340792,0.01093745231628418,0.007373811850565737,0.00805288396924242,0.009722179836697098,0.014228799336498898,0.013744680022351075,0.0016141649342353848,0.00508336719090452,0.007933081833763511,0.018867857671599708,0.022404780707602212,0.0011062200137206268,-0.004916439563399044,0.0012314769517751678,-0.011793949525708336,0.014522079379712949,-0.008830118507186069,0.01316272798360374,0.0059518036962953325,0.0030545703398978663,0.00048763764625880945,0.002752574159445409,0.0007775714579767445
2024-01-23,0.0018684603460232818,0.0032092425558805093,0.0015456894626382223,0.003941424122666959,0.0014265117874148192,0.001375599830998997,0.002244720326171512,0.0016602483205410135,0.003223204056796769,0.002427653877076663,0.002765391890169111,-0.0042734392507803864,-0.002191291499951342,-0.004419885194475226,-0.0004940824602234217,0.0020500674727528256,0.022613103556929692,0.0066577897491209015,-0.0022271163818317063,0.007217610811790731,-0.0079239301416697,-0.0025202718124927026,-0.00012187323343071377,-0.003660001121127965,-0.001165401571578184
2024-01-24,-0.0003730179083882845,0.000639736678018199,-0.0007716519969586111,0.002804262430970761,0.0008547747948268736,0.002747210712340298,-0.0005599232105311103,0.0008286955432217358,0.002008078119486001,0.0016145677555299276,0.004030599148628244,0.00786831774473784,0.02049771352753038,-0.0027747582208099697,-0.007414711909266347,-0.0024550479533501646,-0.004299852531964188,0.001322731165865454,0.0,0.007524206583989557,-0.005857327399576562,-0.0028423691876867663,-0.0004874593799345517,-0.0019285433524635076,-0.0005185495961088638
2024-01-25,0.012313387287196775,0.011508971368305643,0.01158301158301156,0.004474289922278274,0.007116424491854234,0.010273972602739656,0.009523813594448205,0.001656124042206164,0.0020039773760174295,0.0040298359587975785,-0.00274669476200895,0.0,0.0021521023306543263,0.03338900414001866,0.03635455901444029,-0.004101660277413655,0.012955027987783474,0.013870582484643013,-0.008928562875609058,0.007823547631404137,0.006534554047375574,0.004328505357168666,0.0018288409170714726,0.00662496520685818,0.007652451088999701
2024-01-26,0.0,0.0,0.0007634053703482468,0.0,0.0005653040463500236,-0.002711823027012672,-0.004439507307092638,-0.006062309593632298,0.004000015258789125,-0.0010034728059481468,0.001906782862989953,-0.007097232386927388,-0.010021431117160695,-0.005385050248417511,-0.005766407254414241,0.0016474055620891992,0.018879382734591887,-0.0026058234298655947,0.004504500150622537,0.0021171704884890286,-0.001915712078859766,-0.0017870090807682315,-0.000608438888613394,-0.002833685408267117,-0.000772366921130363
2024-01-29,0.006266171336242632,0.006321112637740267,0.0022882363005527484,0.0055679285412921775,0.008192008144917162,0.0020393458906973194,0.0066889034733839114,0.005821987420276953,0.00398407888246699,0.006428278478731286,-0.0008458641309564419,0.0007148399419489859,0.0050614384150100555,0.0010828618574560966,-0.002900017967242041,0.0016447745077832199,0.01972504080905324,0.01698230399134415,-0.01121080500161542,0.009154951068716999,0.01151633445417688,0.006002524224091088,0.0009741134800862472,0.004125076475783196,0.0021899498177859744
2024-01-30,-0.0025641472785027375,-0.0018844413160092888,0.001522162985706288,0.001107402776761468,-0.0011206809293667908,0.0020352989428784607,0.004983397300626358,0.0022051222091092892,-0.005952441322918833,-0.0009979887940789745,0.010370405893477264,0.00785718645368294,0.016546784545020232,-0.01676579068576356,-0.01745025291554847,0.002873550618651244,-0.016412590156045903,-0.0035324538377521364,0.002267625675248963,-0.0020935313703339675,0.009065998364095718,0.0013608801891942246,-0.0006082168396521759,0.003195165886396234,-0.0012854254446377222
2024-01-31,-0.013220623383481733,-0.012586532893782865,-0.01215810052666011,-0.011061946715938187,-0.010659216040688979,-0.010155721266031148,-0.012672151353739447,-0.004400435773550537,-0.00359282057201582,-0.002197814426141087,0.00104732373905847,-0.010630757867576168,-0.02406234311281663,0.0,-0.009373484448287006,0.0012279483799482183,0.005363536883494779,-0.02030289410508157,0.011312152270284148,-0.018181860863745625,0.009820334615739057,0.008362903948749834,0.0018259467205445912,0.0025479914537449577,-0.002831320462665321
2024-02-01,0.0,0.0,-0.0038461538461538325,0.0,0.0,-0.007523877343964536,-0.0033481844691370943,0.0027623887296563954,0.006410326948300238,0.004205104223963918,-0.008579197312358677,-0.005014413871244239,-0.010152240452855232,0.002200165429443013,0.003486040592140638,0.005723683656470024,-0.015411986718884552,0.004276275634765625,-0.004474268873658316,0.0021367739658093576,0.01955301189794017,0.006178733319597429,0.0014823481032102148,0.007706263942845036,0.005730479341209401
2024-02-02,0.005582433687588706,0.006373486544937412,0.010038633604307456,0.01006713099013079,0.006521109703748307,0.011026814455025624,0.007838711358570505,0.0041322735270408195,-0.0011942948106375972,-0.000997069795342087,0.013296691414427464,0.012958985823277036,0.033699678414033984,-0.012623466021085328,-0.019851098069621154,0.003252029368516318,-0.02468391525263358,0.014739600982400125,-0.00674151331618722,0.016346859286741067,-0.02208874405671779,-0.013013862220636052,-0.0031638127922237747,-0.009129481441840448,-0.0045137795974801165
2024-02-05,0.006291567774432849,0.007599824277497724,0.0038226298802312986,0.001107402776761468,0.001690179529324487,0.012269959708266942,0.00611114501953125,0.0,-0.0031885182630341236,0.0,0.008956474072254306,0.012082423490510363,0.024805101691011133,0.016675994898611046,0.010126620908326833,-0.011345246482301952,-0.01790129023887299,0.0009684258307569582,0.0,0.0,-0.020193634303829033,-0.009732108925657346,-0.0019530766148807555,-0.009578571660732393,-0.0046638243161714055
2024-02-06,0.0,0.0,0.0,0.0,0.0,0.0,0.0,0.0,0.0,0.0,0.0,0.0,0.0,0.0,0.0,0.0,0.0,0.0,0.0,0.0,0.009773779084078615,0.005389434122720083,0.0015899859347039413,0.005618500617722955,0.0036443937605594723
2024-02-07,0.0,0.0,0.0,0.0,0.0,0.0,0.0,0.0,0.0,0.0,0.0,0.0,0.0,0.0,0.0,0.0,0.0,0.0,0.0,0.0,-0.004839628607025914,-0.0017868212112245319,-0.00036633019319165516,-0.0029309369291973253,0.0016858676227338165
2024-02-08,0.0,0.0,0.0,0.0,0.0,0.0,0.0,0.0,0.0,0.0,0.0,0.0,0.0,0.0,0.0,0.0,0.0,0.0,0.0,0.0,-0.005814519966769072,-0.003264162942078319,-0.00024437176046643305,-0.005144199480561995,-0.0005178782578152408
2024-02-09,0.0,0.0,0.0,0.0,0.0,0.0,0.0,0.0,0.0,0.0,0.0,0.0,0.0,0.0,0.0,0.0,0.0,0.0,0.0,0.0,-0.0020204427855856633,-0.0017959623046992501,-0.0003665540156309044,-0.0012926997756549374,0.002072586378684127
2024-02-12,0.0,0.0,0.0,0.0,0.0,0.0,0.0,0.0,0.0,0.0,0.0,0.0,0.0,0.0,0.0,0.0,0.0,0.0,0.0,0.0,0.0011720896338842657,0.0009525237519310004,0.00012226056140995922,9.240483078354345e-05,-0.0021974944106006866
2024-02-13,0.0,0.0,0.0,0.0,0.0,0.0,0.0,0.0,0.0,0.0,0.0,0.0,0.0,0.0,0.0,0.0,0.0,0.0,0.0,0.0,-0.017134957705822518,-0.010995991704304098,-0.0031777332828187843,-0.011001154036751726,-0.008032163842107254
2024-02-14,0.0,0.0,0.0,0.0,0.0,0.0,0.0,0.0,0.0,0.0,0.0,0.0,0.0,0.0,0.0,0.0,0.0,0.0,0.0,0.0,0.005089347357540408,0.0037416984252240937,0.0014713431850683634,0.004673770651621556,0.003918023415874439
2024-02-15,0.0470761993301847,0.042740336468274354,0.04188880329143574,0.027101735695666207,0.031496031738794894,0.04444448554555969,0.03865261358360783,0.011248280900695518,0.002798868220056372,0.003992031317980205,0.010734939564530643,0.00983152538820442,0.03596124985305771,0.02897751518683256,0.038596417091143254,-0.019262267241904274,0.04211188452040915,0.06546271329705267,-0.031674177391187275,0.06573422305233834,0.005171335472007765,0.0027692207681400127,0.0009794543432393166,0.0036285762697017,0.003512379776497543
2024-02-16,-0.007376206580519962,-0.005424918201298645,-0.004386009430779159,-0.003230968522276223,-0.001908388610736722,-0.007092237654597322,-0.005847884429879713,0.005697207840351437,0.003189789631157014,0.003976158369245031,0.007557245782289446,0.0034770513865707287,-0.0006675974731527035,0.018065895754578287,0.017857183952459055,0.004178870881505814,0.01809404333178599,-0.00242127060456121,0.0,0.0036089440537077078,-0.005787790973895035,-0.004354791879601638,-0.001223073281657605,-0.0036154573071131013,-0.002981536548598007
2024-02-19,-0.0014154065387311787,-0.0012121027166193121,-0.0014684064076608827,0.0005401990352753572,0.0002731035609537802,-0.005194825011414328,-0.002673857880705288,0.0018883111788638995,0.007949155967901245,0.00891090619682089,-0.003648901246593228,-0.007623049759195588,-0.0073479683844407395,-0.008350722791562015,-0.004267432524264203,0.00832288180923646,0.0041470145529125535,0.0012135736925888985,-0.002336501960658488,0.0,0.0,0.0,0.0,0.0,0.0
2024-02-20,0.003897858038115709,0.0036407210777666954,0.002941131591796875,0.005939557892233882,0.004369193120669301,0.007180196641173975,0.00965149109155683,0.006731287132699215,0.0043374881843665225,0.0,-0.003051912944497581,-0.002094993422843805,-0.0013459771118173869,0.00578950580797688,0.0057143256777809626,-0.0012380841875205828,0.00825955063993522,0.0069696599786932545,0.0,0.0049035633538050405,0.0008623781782872708,0.0017068878360964046,0.0006122387964877518,0.003349394954534235,0.002080301977591237
2024-02-21,-0.0031768229271583737,-0.003627514309958557,-0.0021993240937856484,-0.002683843219589699,-0.0035344550770116667,-0.0025924118429165866,-0.00637285394156184,-0.002674471135422851,-0.0027483194625574914,0.0029440178397552863,-0.004897993438097936,-0.006997900928704004,-0.016846361878854688,0.03139709340438657,0.03598476758208258,0.005371865978024415,-0.014043286657421161,-0.005717706789890475,0.0,0.0,-0.007108962287253773,-0.0031949206270793784,-0.0008566845625814778,-0.0025036781549995224,-0.0018165225146333785
2024-02-22,0.011331488230145847,0.011529088964201462,0.006612739574749504,0.009149606675564081,0.007912608151606992,0.011046213609174682,0.013896325045660074,0.009654078882086026,0.001574839217641566,0.005870901383876692,0.013330630604059257,0.014094433305324783,0.026045258469674204,0.0005073683077800872,-0.0027422060440462914,-0.00041102461624309417,0.011275995831226515,0.022397076371626135,-0.007025810290949952,0.013988348718038335,0.004881719969108245,0.00010686043155483382,-0.00012251514337635605,0.001580349255625224,0.004809602822231307
2024-02-23,0.0066526395514001635,0.006598716998520215,0.011678876667997162,0.005866699218749938,0.0056849731179491325,0.0109254298300685,0.009488682745974808,-0.0015936619086129866,-0.004717014021786259,-0.005836635074938035,0.01700061030524136,0.014593510719856484,0.026052165896982782,0.0010142220314444117,-0.00045830563802473634,-0.0028782769614555948,0.001173623787591227,0.0032563828989531363,-0.004716976888241464,0.004170637606857985,0.013386651516048786,0.0045935295627830275,0.0004900271575798421,0.002970110461936626,0.0006467712857631813
2024-02-26,0.0013912831182065766,0.0029797377288829363,0.0,-0.0015906842102282326,0.0018842447361799852,0.0,0.005744157312939091,0.0023942578404509973,-0.0007899075041363224,0.005870901383876692,-0.002985104992615062,-0.0027396842224957085,-0.009114642575794751,-0.009625153812595766,-0.004585070330968333,0.003711346498469714,-0.025205176942368013,0.006196536268327835,-0.004739332208735791,0.0076677121293431405,-0.002982916805140956,-0.0014887216959322824,-0.0007346340141900498,-0.003146366329559336,-0.003232062119350121
2024-02-27,-0.004168050416439306,-0.003565098589636384,-0.004329048175275685,-0.004248555702561108,-0.004298768063954045,-0.004450075871974768,-0.005192127740464292,-0.004511729890278815,-0.0023715204644944032,-0.002918317537468962,-0.0029939663822369234,0.0006867502783995949,0.0,-0.0010229437951654319,0.0,0.0008217114888369181,0.01803975703840921,-0.009677383557093133,0.004761900436850874,-0.0012682114908842967,-0.007051993359760811,-0.0022364119388729176,0.0,-0.0013925132211201063,0.0012969970959813004
2024-02-28,0.0,0.0,0.0,0.0,0.0,0.0,0.0,0.0,0.0,0.0,0.0,0.0,0.0,0.0,0.0,0.0,0.0,0.0,0.0,0.0,0.006348825308868156,0.003628950037686929,0.0009802944548016335,-9.298258119216918e-05,-0.00012946252889933785
2024-02-29,-0.00034881792555840896,0.0011925876677501002,-0.002898506496263553,0.003200032552083343,0.004094941490793591,-0.0012772171087850337,0.00052193261803124,0.005065381229227617,0.008716296170740545,0.0019511897389481447,0.0020019714232974994,-0.0013726626796927155,-0.022338987941245447,0.0025601246954760626,0.004145562247041212,0.0,0.012403962237877542,0.007699068676205956,-0.0023696096070714434,-0.0012698218936011418,0.0070573533554367796,0.0020206577036356865,0.000612013965835656,0.0009297704145181385,0.0018136984741605744
2024-03-01,-0.0034891834567470914,-0.0029779631815131102,0.0014534661291492057,0.0010632479625338753,-0.0021750412999592683,0.00191817815514983,-0.0041731832753085785,0.001061032220632363,-0.002356616971717629,0.0009737692939371101,0.004995005071146474,0.010996605522444192,0.01344085993939359,0.0025535871938391352,0.006422078068657244,0.00410502757042619,-0.0005834439462043539,-0.0017630784821024426,0.002375237993840651,-0.0012714363913672866,0.0062115195756183485,0.004553176603881446,0.00195749697236985,0.006065339816310508,0.003724278640912183
2024-03-04,0.029061581287083138,0.025686996466778966,0.026850485241662003,0.018587360293552235,0.01934602369789684,0.029355495807922738,0.026191723206048234,0.0068891974024885005,-0.0015747641251746547,0.009727626170366266,0.004970179001827946,0.012236490267050648,0.020556968050342572,-0.008660218215073345,0.0018231088060649547,0.017988575246387972,0.016345633412919502,0.03826905956093141,-0.02132693844201472,0.03564602563437602,-0.0040224926209614376,-0.0022245665368457734,-0.0009796941889167465,-0.0018531963643021454,-0.00025909099491239207
2024-03-05,0.008166022273990547,0.009318614629899802,0.008480543803831786,0.006777909442509333,0.007484597178265995,0.00681953393623691,0.009698853117799278,0.004210522300318598,-0.0007886615647598738,0.006743708358978973,-0.0029673138169242774,-0.01141703840111663,-0.012345639842990086,0.007194311592171543,0.00591451641595464,0.01606424195414835,-0.01493395928550123,0.009923447345801417,-0.004842610259641833,0.01075599282621198,0.014241726213624295,0.006157704497576244,0.000735444437939492,0.005477128956597355,-0.000777672176521027
2024-03-06,0.0047250235293316845,0.005770340348472791,0.003503854314596433,0.004142867776709913,0.005571846824666826,0.011083763050540263,0.010616737976881785,0.009695988819818036,0.005130195737324206,0.008612454793099689,-0.005952441322918833,-0.008152153350003966,-0.015131599024722497,0.0066326101141052085,-0.0004522943738478613,0.00513838229389374,-0.002915407473626064,0.01122964588130082,-0.0048661752498319055,0.003952624915390057,0.005868150024132213,0.0024269638607232746,0.0002450302867527121,0.0026775082823766727,0.002464363750539267
2024-03-07,0.02317767421415451,0.02065399186285477,0.01745810093071154,0.012893244346024346,0.013984136093899036,0.014007327006728243,0.015507727338260224,0.0038931100605044122,0.0035335749907421388,0.0037950808357503085,0.0009980649357432814,-0.0013698421112479098,-0.006680026856284771,-0.005068443172320136,-0.008144810048361206,0.014549702219604832,0.007602289933716921,0.022765078877176936,-0.012224985053662207,0.027558980162096125,-0.0009375595363420031,0.0016842490748354422,0.0012245710217557715,0.0024862272214973835,0.0011643981993090247
2024-03-08,0.01411683423114396,0.012928629177447526,0.015785882635089177,0.005600845914971897,0.009367697306603473,0.005405368747653849,0.005911371612976168,-0.0059462135579546604,0.003521132803927074,-0.004725897784288335,0.006979032172919952,0.01371742083770755,0.016812374252234585,-0.005603602022702936,-0.0027372019039029194,-0.0023255607642110876,0.005803852822200861,0.01031492500951181,-0.002475186173044208,-0.003241896921637011,-0.0017726607532893013,0.0007355999593354756,0.0004892479755649326,0.0013777339276230816,0.00025851994276271384
2024-03-11,-0.010035630187012812,-0.008878972651626182,-0.01418923042915965,-0.005569651157041111,-0.003867015270393126,-0.009557890699302907,-0.0029382696238104966,-0.0005201679419197802,0.003898650407678117,0.002848959294102116,-0.0059405789516939755,-0.014884958747069632,-0.02248673257346845,0.014856506218132282,0.011436413221398212,0.012043491402444317,-0.02365838714466828,-0.006985507840524763,0.002481327921606491,0.00413954419264595,-0.0005223341690626659,-0.0012601359062462958,-0.0008557419585905057,0.00018349177285736928,-0.00012922656373748342
2024-03-12,0.010464396124167719,0.010078318765148753,0.011651900467092524,0.010692495767705923,0.011128372462940073,0.013268980143235742,0.016699417602916267,0.014571984617330225,0.0054368695009101575,0.016098528429934866,0.002988002169362014,0.0020603556345695218,0.004059477891326324,0.0156487320367662,0.010854806173356657,-0.000767698694846275,0.010047285787671223,0.02164502128757917,-0.012376225937722696,0.02120135912853449,-0.008361235882171414,-0.00410050874929746,-0.000978855105453813,-0.0032098172338813624,0.000904505690351165
2024-03-13,0.004854368932038833,0.006651952592192645,0.004742526553496607,0.0005038090857210076,0.003583296410083703,0.004761922927129847,-0.0009662056534548435,0.002308287989574387,0.006952503260689635,0.011183568631059071,0.007944419821273696,0.010281014823511514,0.013477089503083794,-0.006958314669851862,-0.005369164974730389,-0.008836013965338174,0.0,-0.0007945400044951922,0.002506263268008846,0.0020184897107007327,-0.0048482198333547055,-0.0022170511166205165,-0.0004899071007936628,-0.0010120582195299876,0.00038728091468431813
2024-03-14,-0.0009661442607689086,-0.0027533038722200587,-0.0020229470369809155,-0.0010071107798808043,-0.0002549941792057142,-0.010071071786183161,-0.012088974676534692,-0.009211888267249058,0.011123932448104945,-0.004608294930875556,0.0009852066415871885,-0.004070494366152588,-0.005984002214147743,-0.0035034883097091463,-0.0022491785015806842,0.003875983892514201,0.02047983489436822,-0.0013252054497132626,0.0,-0.0014388489208633226,-0.015356883884362182,-0.007406671905770379,-0.00085773427644531,-0.007367867362929159,-0.004774746772324923
2024-03-15,-0.013539690656840131,-0.008282716451939898,-0.006081039841110636,-0.006552358029038197,-0.007142923177156146,-0.002393830883678394,-0.0004894874563120544,0.007747913936018591,0.0007586703320174859,0.006481453224464806,0.0009842369647925509,-0.0027248579493039937,-0.0006689371472616834,-0.0030135342241190965,-0.0036068495313494875,-0.003474909417508276,0.01605497538546974,-0.01618889539160262,0.004999995231628418,-0.018155584417777426,-0.00032267160269972006,-0.0017055328523477575,-0.0006132333970613191,0.0002783334536708981,-0.000648379797419385
2024-03-18,0.009150286905126537,0.0055679285412921775,0.0,0.0030440934862856484,0.007451205785480752,0.004199141937954121,0.01811953172629721,0.008713484074812206,-0.006065195318507355,0.008831689094653993,-0.004916420993153703,-0.00409829829057784,-0.004685388064521567,0.00856423541697482,0.011312216999309177,-0.006199141833506672,0.006207709628332836,0.014836794763654737,-0.004975119657066318,0.014382135958089792,-0.0030126831497921946,-0.001174592723537371,0.00012274066134088102,-0.0016696068013354326,0.002335543089250436
2024-03-19,-0.0022667801720329672,0.0,0.0006797473866602122,0.005564016795627902,-0.0012751654738075713,0.00238954103857858,0.0019239541326252496,0.008638215124886717,-0.0019069122185324527,0.0037071503264340944,0.003952584367008294,0.005486989266206166,0.00941499115000477,0.0064934644252812035,0.004026852396052272,0.00467839536132808,0.013460447119748364,-0.0029239927374331565,0.0,-0.0014467592337085167,0.0028058978692038217,0.0028864297671991057,0.0008588919610332812,0.0028802861274666025,0.0040129133798543215
2024-03-20,-0.005517728573040226,-0.004429695596462335,-0.006793478401712294,-0.008551292364918028,-0.003575061036617644,-0.005363582472616701,-0.00720113389724808,-0.0017632164604279854,-0.004203309515891318,0.00738684579704918,0.01082675679765166,0.00750334787810214,0.00799464956326923,0.0009925785678566168,0.002673772928450724,0.0,0.0066408877288344215,-0.007997867105264955,0.004999995231628418,-0.0031874995191558675,-0.00032284524201486864,0.0023451788341184443,0.001593689517032315,0.001852852915681158,0.0033522710729076977
2024-03-21,0.027415124229154708,0.023359270728338988,0.02257184077046248,0.02384574735007261,0.02101485610467413,0.02516484338301539,0.025145089462765835,0.007570003254476765,0.012663082519910551,0.010082479280529189,0.012658257939510698,0.01828027761698836,0.023793726187137265,0.0009915943325740084,-0.004000006781683996,0.019402405553678115,-0.0076966076353292,0.043267954419319965,-0.022388038456798376,0.03691864013671875,0.0021530514539380707,0.0001063717575275902,0.0,0.001479597401631727,-0.000514018448781961
2024-03-22,-0.0012706286912165243,0.0005435114321501455,0.002006709376306537,-0.0019822058930833997,0.001004039040515492,0.004091156769560289,0.0066037445570839015,-0.003255724195383558,-0.004547136591895318,-0.009981837609648325,0.005769216097318175,0.0033244682200195275,-0.0006455187131472195,-0.005943577813728895,-0.015171805216551704,-0.011800584997683106,-0.014958369076308542,-0.0025759916758237855,0.0,-0.0008410941975879327,0.009560716017352533,0.004891525733670132,0.0007344576527499314,0.0034163906441504466,-0.0010285655992576803
2024-03-25,0.0019084163968310364,0.0005431333047882791,0.0026701861704647722,0.003475731024058737,-0.0007523217951498351,0.0011641265697879266,-0.004686053456171124,-0.004522620819755407,0.0015226116285387281,0.0,-0.008604221214224772,-0.00530144350779449,0.0012919699244147154,0.0009965350307816756,0.01132759417566409,-0.0023112275831422835,0.007311538568400833,0.0028408459485000925,-0.00254452679221151,0.0,-0.005001076866512522,-0.002645502645502673,-0.0004892479755650436,-0.0034047586585239653,-0.0015443387631974836
2024-03-26,0.0006349593874008796,0.0010857597804325714,-0.001331537631862334,-0.00445328613603535,-0.0005017978376935517,-0.00813949939816494,-0.008474590730483067,-0.009591046533627301,0.005701239892628829,-0.010082479280529189,0.0019286845084145465,0.0019985861477038736,0.003225806451612856,0.0009955429373700309,-0.009856600195451981,0.0011583276867712655,0.010608628457641878,-0.005923223964135249,0.005102035851341613,-0.001683518837797493,0.002780392480979277,0.0014854046647048147,0.00024469704806295844,-0.0002770674778010962,-0.00116014391803132
2024-03-27,0.0003171814151829988,0.0005423324665170259,0.0006667073567707682,0.002982137736661894,0.0035149230030735445,0.004103147263766482,0.009021867942821116,0.007900039381595114,0.00264556328779042,0.012037065294053795,-0.0009624492074351565,0.0,0.0,-0.0009945528173368468,0.0009049980732327434,0.0019282389692285573,-0.011602264496982095,0.006994850277282971,-0.002538068608636368,0.004777999621575102,0.009917887794278268,0.0038139698345103223,0.0011011006806624923,0.006927126842651843,0.005291052695990173
2024-03-28,-0.0047573741137755254,-0.004878015699102289,-0.001998687805188526,-0.0009910651398300496,0.0007505323587866375,-0.004086380243850218,0.009411800608915444,0.004804107334298147,-0.0037693320347355064,0.0027446972917395396,0.005780331950683282,0.0019947012229555305,-0.000643126067624622,0.0029865338719101686,0.005876996195046669,0.00846809948343008,0.010061504265893584,-0.004630867646045145,0.0,-0.003916066843312915,-0.000844711765976891,-0.0009498294236477411,-0.0006110601324567089,-0.0009172489194665401,-0.0021822614328042
2024-03-29,0.0057361962414557155,0.0038126194170577943,0.004005279255697047,0.004464255303753495,0.0027500152587891513,0.005861664503067132,0.0,0.0005031867695477477,0.004918621235927345,-0.0018247896991477885,0.005747111737085309,-0.007962819990330328,-0.01029595178615228,-0.003473930329995878,-0.005393296145321247,0.016793840225049594,0.013835086011186215,0.0062031375920013065,0.0,0.0,0.0,0.0,0.0,0.0,0.0
2024-04-01,-0.0025349122150665204,-0.0032555946477500486,-0.0019945997682367933,-0.001975278501157418,-0.003989026302104182,-0.005827505620231488,-0.005594444520521047,-0.004275608051352631,0.0018825732460310274,-0.000914062821995798,-0.0019047328404018238,0.008695672587008874,0.0019506049792266111,0.01494020110559724,0.019882537313317128,0.012012000831672864,0.0070961282904367096,-0.0005136955965163725,0.0,0.008143762557649037,-0.01857957771923356,-0.009021813329533399,-0.0020787777444830004,-0.009539083416349355,-0.004052575585526313
2024-04-02,0.014294790897385612,0.014697860604771407,0.009327074214233289,0.00989609074517106,0.013266552419907374,0.01875730852143409,0.017815244356577553,0.007325105188421777,-0.0007516143293845312,0.0036595963889860528,-0.0028626244563146885,-0.001989410117285262,0.005191354713064422,0.0,-0.0035445248022931697,-0.0018545711705659773,0.007588042485594526,0.023901278969640005,-0.012722633961057661,0.020055744309279255,-0.005510557746229994,-0.002138318730379951,0.0004917742479502163,-0.001488821627356196,-0.0016878376925983929
2024-04-03,-0.006890014950077572,-0.0042917801457279525,-0.003960436326835848,-0.005389544687018355,-0.00741104843016438,-0.0028768699149624988,-0.002303051090237318,-0.0032598060339364965,-0.00827376126709356,-0.00182312628811232,-0.006698535389877414,-0.009966777408637828,-0.013557075064379531,-0.0014719715668402023,-0.004001785393678348,0.013006331603654164,0.011834282493207393,-0.013303182415072667,0.0051546341073744895,-0.014473015111617471,-0.0002173432449147361,0.0011786200385026646,0.0007373456624903962,0.0006523128917788057,0.0007803037985434358
2024-04-04,0.0,0.0,0.0,0.0,0.0,0.0,0.0,0.0,0.0,0.0,0.0,0.0,0.0,0.0,0.0,0.0,0.0,0.0,0.0,0.0,0.007172393894660178,0.0034246541787590346,0.0009822470439844189,0.0011175521479929174,-0.000779695399261704
2024-04-05,0.0,0.0,0.0,0.0,0.0,0.0,0.0,0.0,0.0,0.0,0.0,0.0,0.0,0.0,0.0,0.0,0.0,0.0,0.0,0.0,-0.013918870428135999,-0.006612657129435484,-0.0015946670604901625,-0.004372104378633668,-0.0009103875065662459
2024-04-08,0.005676404157435311,0.003232709186399063,0.006626905503296365,0.0049261083743843415,0.006470839212505242,0.0017311197142231283,0.0009233821747260951,0.004276683495479494,0.006446722445340836,0.007305963942993765,0.0,0.003355704697986628,0.01439788549936738,-0.0034397883789701877,-0.002232108835358404,0.024944985306908585,0.007974461604949301,0.00890358673532643,-0.0051282001121667475,0.01191470873723599,-0.00010944453766570383,-0.0022546605738543724,-0.0009829442395211663,-9.345170834851313e-05,0.002343143789258706
2024-04-09,0.023831941828078573,0.02524165964164138,0.02040820426647416,0.016666636747472374,0.01607323313432585,0.02131334572670429,0.013837602990666387,0.001753595008326947,0.009042945095670607,0.0018132089094171633,0.0019267528165916037,-0.002006709376306426,0.003225806451612856,-0.006903416777952143,-0.008501142318330546,0.001073685709501282,0.008966249182636776,0.040342914154731124,-0.020618597877583134,0.03970427030484314,0.00930188366233331,0.003981520987484943,0.0009839113695340185,0.005139254989814601,0.0020779696377841717
2024-04-10,-0.0015313935681470214,-0.001047652983952596,0.0012903028918851422,-0.0009643054683117214,-0.0014602427127816675,-0.0011280143530725262,-0.0018197911288327928,0.005251289713892104,-0.002987301032667533,0.0009049635667066624,-0.004807692307692291,0.0026810265647136955,0.0,-0.0024825838418964796,-0.004963926494088389,0.005005409382696113,-0.014636633119729514,-0.003150795664847217,0.005263152941442195,-0.0034238037101722574,-0.021793365098900508,-0.013290519320521055,-0.004054574683983292,-0.014223285150483211,-0.00881285993911518
2024-04-11,-0.0030674846625766694,-0.0041950868618783055,-0.007087570015181122,-0.006274146095101241,-0.003412122686171748,-0.0062112143738305425,-0.00683681015856985,-0.002736333538903124,-0.004119872929151613,-0.0018082906962153533,-0.0028985802102203806,-0.0033422458529448473,-0.0019292800756129935,0.0004977714686851265,0.005895740254572734,-0.005691919030168524,0.0159150785670783,-0.008995822512193996,0.002617798596338705,-0.016120523789396102,-0.004544487436953015,-0.00141209273153875,0.0012337294168227597,-0.0020747002904911716,-0.0009152679360843186
2024-04-12,-0.0024615009014422595,-0.00157971460037154,0.00129783867826605,0.0019427351487661948,-0.0022010309105231496,0.0011363462968305704,0.0,-0.0027438416047115277,-0.003760826660243355,0.0027173498026895615,0.011627951677542825,0.018779260082825155,0.028350575011549806,-0.003482571815707658,-0.004057716472027684,0.018246808859105235,-0.005744057712486317,0.001226692817744901,-0.002610963619440576,0.008326634985654335,0.005344653935887678,0.004133550007141329,0.00061601059767602,0.0022679820871447376,-0.0005235036462533094
2024-04-15,-0.012955003235314955,-0.01054852286717789,-0.013609890226711219,-0.01260303473123714,-0.010539223363151273,-0.014755907433359972,-0.022946304680680596,-0.009004517620647912,0.0030200046960089377,-0.0027099858232475516,-0.009578543921305527,-0.012508189419541127,-0.006265663920785869,0.016974545228776616,0.017202315895959108,-0.011595219055579586,-0.0042017766390675115,-0.02401376663557575,0.013088992981693304,-0.022908913807513476,-0.015505609831466316,-0.006391467376175908,-0.00036939760663801113,-0.011031474598129587,-0.005761456404110743
2024-04-16,-0.027187538146972612,-0.026652451158456048,-0.02956636064539664,-0.02945508144275788,-0.02848644393382327,-0.0334101546534471,-0.030061121159008497,-0.028520880461422426,-0.022958246795553805,-0.020833360688121583,-0.010638282958301382,-0.014000040690104187,-0.029003820469674313,0.005400034289201772,0.0,0.014930682148036611,0.011076002213168401,-0.05849859027633153,0.03100778489049616,-0.057797116671167714,-0.006637375879646301,-0.003924995699523648,-0.0006159528402296388,-0.0033368145310107566,-0.0032925062425287477
2024-04-17,0.011243174228222852,0.011500497122306053,0.015572126603115688,0.014162888694888798,0.00968886388553658,0.020262180182652578,0.010169539743373424,0.011691268605320326,0.0034668781110136493,0.009250693932612686,0.0,0.0006761738177327725,0.0032467532467532756,-0.006347615413687002,-0.003115251311227918,-0.00420311506450044,-0.013562870518887382,0.02453336588541677,-0.012531316340044119,0.023148147739337155,0.011098478977001003,0.006348531383317146,0.0007396177741858523,0.005452455422157554,0.0013213328979631012
2024-04-18,0.009847542006749865,0.00757990892477256,0.004666646321614509,0.003491256599711612,0.008333379893192383,0.005257062916569577,0.0067113799401790075,0.0007704591557488732,0.009596929263795628,0.011915701832628134,-0.007820166450562605,-0.013513513513513487,-0.017475708402862056,0.012776423784177648,0.01383926210810893,-0.0024621770690405054,-0.024325705350844218,0.011712649289493227,-0.005076137217272736,0.011595039685365238,-0.005040288467684673,-0.0034805273692282146,-0.0004926827728107819,-0.001997898232834472,0.0007917334330986847
2024-04-19,-0.050644877045068926,-0.048898472891257594,-0.0510948712950986,-0.033797232380212594,-0.0385675157464932,-0.04590359602033767,-0.047142846243722114,-0.023834464120964016,-0.015589348262579406,-0.014492739601511984,-0.012807911839978425,-0.015068472248234155,-0.022397951824244533,-0.006307669299628227,-0.009246987800023199,0.005641743440361946,0.023306145259944122,-0.07898124837382214,0.035714250959391514,-0.07520274949974892,0.0036023830713505234,0.0013097043613872206,0.00024641580641282523,0.001048623534332549,0.0018460842009959677
2024-04-22,-0.002982087252772714,-0.005649717514124242,-0.0013985800576377105,-0.0036008074599782613,-0.0033863263918230135,-0.014007327006728243,-0.01499256076849853,-0.009390992340206683,0.02008499304838085,0.002757310789968992,0.00798406263596041,-0.0020862520541798935,-0.011455505513214614,0.0053711236723763545,0.00044445461697040223,-0.008765778260425794,-0.03019066314413299,-0.003072642747250387,0.002463110596742979,-0.002116026950675698,-0.0016825745744419862,0.00010902699436865504,0.0004928041940335248,0.0024759023097500332,0.005527746122519606
2024-04-23,0.009637733317741537,0.008522727272727293,0.011904740279494508,0.010325245387249105,0.009409321122446412,0.009264978731000184,0.012176645845502154,0.005417139026504092,0.0030291527515435845,-0.0018331526218089422,0.0059405789516939755,0.004181227202199489,0.0034083163626541513,-0.000971367538390111,-0.007107945170378938,-0.023346297726389187,0.00983071056395124,0.01821238473286524,-0.007371058610079473,0.015449881881905547,0.0003370649359200062,0.0013079318428559361,0.0008619590643192954,0.0017098918107321115,0.004057559586418957
2024-04-24,0.029295670742842894,0.02985917212257916,0.026297598974102554,0.02401633633895872,0.026929076755326298,0.04039171572856248,0.04110274002332415,0.01966593650974713,-0.0037750238706592,0.013774104490196448,0.012795305819703673,0.020124870046161814,0.03668484556539875,-0.0029168433073666344,-0.002237187631130233,0.005794996156288423,0.013520822233351604,0.050908091113699205,-0.027227697062989997,0.04982094594656106,-0.007076235673996956,-0.0030478545806054136,-0.00036907947523878715,-0.00388806111503337,-0.002216114860829399
2024-04-25,-0.018228372192251152,-0.01586438242264321,-0.015509123428373073,-0.016467005456463957,-0.016893549458473656,-0.013529429716222396,-0.019258527188946495,-0.0089828313419974,-0.009473285554453703,-0.0018116356419599633,-0.008746370384188573,-0.014285755806228706,-0.03407609435810799,0.005850752342546839,0.005829644509547149,-0.00576160766203293,-0.006936988386037957,-0.031159974042078487,0.017811687545480792,-0.02926964470479254,-0.007013605609503593,-0.003821361372588039,-0.0007384314903846612,-0.002951233395771302,-0.0020904580636987857
2024-04-26,0.016286644951140072,0.015564219826316172,0.016438314359481954,0.016235397509635652,0.016157918089187984,0.011926058654713412,0.017182054968156057,0.004798728691823184,0.004590697859041315,0.006352128829599568,0.012745127958409874,0.019323693372672812,0.0454546301524037,0.014541985293906823,0.012929068400939547,0.009779012837609624,0.01182156400532941,0.030270303262246667,-0.014999985694885254,0.030444946459786904,0.005240363304506612,0.002740026368405646,0.0002462944015901858,0.003819286581335568,0.00314225584962724
2024-04-29,0.01794873751126813,0.01532568745773455,0.012803296721149326,0.015476738879157681,0.012367533863623104,0.012374815210846046,0.015444093280765792,0.01724599494727186,0.026275724601811934,0.01352569864167208,0.004840270912184641,0.008124556350957102,0.006489292410074565,0.01051119494250985,0.021126825004031735,-0.0010759964203689298,-0.009028150662917622,0.03620143586321278,-0.017766540772783612,0.034375017339532965,0.008386281857197364,0.004044187946457001,0.0004925614576813953,0.004185317729492599,0.003001771329867564
2024-04-30,-0.003463495221587287,-0.0005391164610006882,0.007318634879520003,0.0004916721067678154,0.0017451930630525414,0.0029103608330516284,-0.0014258880865051227,-0.0005216603464808234,-0.0029684571963377593,0.0,0.0,-0.00268632580846484,0.00322372650112146,-0.0009456481382699167,-0.005172449796859158,-0.004667901843252054,-0.008574482782447546,-0.005822753906249978,0.0025840385471720406,0.0008239159240317484,-0.008541268909395328,-0.004681039650758834,-0.0012307504507211853,-0.005494002393969133,-0.007286890952669656
2024-05-01,0.0,0.0,0.0,0.0,0.0,0.0,0.0,0.0,0.0,0.0,0.0,0.0,0.0,0.0,0.0,0.0,0.0,0.0,0.0,0.0,0.0073452315679469705,0.0039483357397537295,0.001996321907982294,0.004143292516544044,0.005243151070910367
2024-05-02,-0.013270180748913951,-0.012944951324132092,-0.018493975600046397,-0.012285012285012331,-0.00995523949330035,-0.023215321701407166,-0.009043338028927206,0.0007828491528125703,0.0029772951696096506,0.0035587323883337074,-0.013487490218866638,-0.017508458609532873,-0.014138895377469707,0.006625712378494519,0.006932402423787343,-0.00577200041036896,-0.0345945616026182,-0.016552074861085564,0.007731951161061623,-0.02305157529412738,0.004290931496029993,0.004698430080289473,0.0014805072507013683,0.0061899010823336376,0.006160718509147012
2024-05-03,0.0051232986425100435,0.005464480874316946,0.002018760300452227,0.006467676874416961,0.003519341225352246,0.008912655809867776,0.005763729154291575,0.002607621715704722,-0.0007421319924849623,0.0008865112714155909,0.001953095168574226,0.008910233763821607,0.005867074257387417,0.005641698603770617,0.00344233754276857,-0.004716950772341244,-0.003919355679285252,0.0046607657588675355,-0.002557542261826362,0.013202281480424904,0.010119112567793076,0.0055465160756615894,0.0016016371288061215,0.007003575980708554,0.004168833844693021
2024-05-06,0.01433577600349989,0.01413046795388917,0.01477509937683874,0.011863538607413293,0.017785644582575477,0.013545365196823589,0.02005730972216746,0.01118336272154874,0.01968060799446092,0.009743121871162774,0.007797300815356234,0.010869606906841245,0.013609791336310906,-0.002337505305621601,-0.0017152233577253373,0.0029165119510028426,-0.010680186862260466,0.025000031461420713,-0.01282056141338439,0.016911492596336064,0.003895882878258927,0.0008652588345972045,-0.00012302750129178364,0.0028195058088444913,0.001167570520922867
2024-05-07,0.005653323948027644,0.004823118258555192,0.0059562796831909015,0.0029311485708880536,0.003445714643564246,0.00755367662327,0.005149751866094121,0.0023148186758075173,-0.0007282793547632727,0.0,0.012572489392448594,0.011424710439359886,0.020460436904807144,0.0042174391726503835,0.0021477334873631904,0.005452548792522105,0.003977255301534921,0.006034683989989409,0.0,0.0038168605797574973,0.00609818613455082,0.0025934499826578694,0.00012304263892026768,0.0004686321760820622,0.00012961172045855562
2024-05-08,0.003747600386339922,0.0037333170572917407,0.004605243080540777,0.004383798748690104,0.003679119683528853,0.004613627911863594,0.008383805818932721,0.0012830186167400726,0.000728810132136104,0.0026316057171738017,0.0019102634524008621,0.0,-0.006265663920785869,-0.004199727079152393,-0.007286758544786998,-0.0021691781009895994,-0.0084889427211442,0.0057485322616408485,-0.005194800369332064,0.006789787933505931,-0.006061223664441839,-0.0028023511495075537,-0.00024605500258345625,-0.002529242557999134,-0.002332214362063323
2024-05-09,-0.0012445361047928039,-0.0010626830578386315,0.0013097377356856565,-0.0009699173191179966,-0.0009774463005824963,-0.0011480881271289656,0.0023095217224107234,-0.00256284694118869,-0.005098302779172337,-0.005249397090951291,-0.001906621303407463,0.0006644923821637061,-0.002522125724335411,0.0,0.008203822768109825,-0.0018116356419599633,0.017123243677063194,-0.008200765017450928,0.005221927238881152,0.0,0.004878531989147783,0.003026442054161027,0.0008612167307517904,0.0015965267053519305,0.0002596966632000264
2024-05-10,0.007165071006133283,0.007978723404255428,0.0032701113143176475,-0.0004854665219204968,0.007583110334983267,-0.002298815497036588,-0.001843360097740665,0.003083318402563151,0.020497784487474746,0.002638549338698448,0.009551098654705159,0.0019919507357957222,0.0012642032370431266,0.0028115963220884943,0.0017130195942289816,0.016333966439247893,0.005050513699729864,0.015534907528528041,-0.0077922005539980965,0.0,-0.005627215296166277,-0.003232791399699564,-0.0008604756747043751,-0.0031880352782053256,-0.001557973544761282
2024-05-13,0.010207294881372286,0.006860174415608489,0.010430287921623593,0.008742122900026628,0.0060694345310778886,0.013824849148065699,0.005540204989786135,0.0,-0.003228057673900664,0.0,0.0018921909499642897,0.007289636501047303,-0.002525214090259187,-0.006074727246912381,-0.0012825472458178888,-0.0017856870378766265,-0.02289223064797241,0.00814216237339882,-0.005235597192677299,0.014297242024391421,0.0025521051989514376,0.0011891957875844739,0.0002461155605484322,0.0003762667335713843,-0.0002601335769051305
2024-05-14,0.006736012395406554,0.007861635094382535,0.006451612903225712,0.0043332169884322536,0.0055501821877013136,0.002272692593661141,0.010560125573244594,0.00563517932496671,-0.006477160822085715,0.004385964912280604,-0.003777162607322082,-0.00526317797209086,0.006329113924050667,-0.007992481082993774,-0.006849308357518069,-0.0032200411495955095,0.013714272635323654,0.013460596959968374,-0.005263152941442195,0.012765924981299914,0.005644738736509725,0.0029154156277613197,0.0009839384828709274,0.0029149524441574037,0.0015609098708271318
2024-05-15,0.013686131894972808,0.014040545529869108,0.018589704464643475,0.014860933624269546,0.01151915953985605,0.017573731353612176,0.0063607173190634025,0.0010188720641235438,0.011227796417583535,-0.0008733491189615306,-0.0028436308223489526,0.005291025581380504,0.0069182773806013564,-0.007582931019879169,-0.004310361128499252,0.004307212105378655,-0.006764314173223984,0.021009373487616667,-0.013227500712890472,0.0215336461919462,0.013647345976665726,0.007536655882178778,0.0018432235308609712,0.008906777757590412,0.0058441162109375
2024-05-16,0.004800498536200015,0.006153830503806024,0.0044053633349241395,0.004251342315765294,0.007591926055512621,0.006128167707607934,0.0072234695335280374,0.007633568521234091,0.006088827930852636,0.011363596197760506,0.009505703697805234,0.011842125340511878,0.009993696338100433,0.009073477643898098,0.0008658206681120273,0.01465331858898744,0.003972740720213475,0.013008515039724111,-0.005361925153952618,0.009511599503936319,-0.0009771589509408596,-0.0019234911482556294,-0.0007358954923594174,-0.0015797618063478902,-0.0023240840835161425
2024-05-17,-0.0011943681808725959,-0.003058057360137645,-0.005639154892573717,-0.00423334491738081,-0.0028255202251703856,-0.006090842006312713,-0.002689353087344304,-0.0022727312135303324,0.003916006043219289,-0.006050103428743681,0.002824887574187196,0.0013003702488540991,-0.004328985537743968,0.001893086470236005,0.0,-0.0052835372227928445,0.00508762859642764,-0.0037356423804310035,0.0,0.0,-0.006738427694676585,-0.003104934805027715,-0.0006137602922375862,-0.002326880066261583,0.0001294439842760564
2024-05-20,-0.0002989719088658527,-0.0015337578854626166,-0.004410818914322268,-0.00283415613309268,-0.00023922831623868213,-0.005013893573729056,-0.0022471567218222965,0.0037965459947173485,0.0003545503993866994,-0.0052173780358355515,0.0028169300634537375,0.0012986814820921122,0.003726745984569124,0.013226295967710078,0.01340828091218449,0.024433446871458653,0.007311538568400833,-0.00046874197635182746,0.0026954151914919677,-0.0007639885439797434,-0.0029543346631971668,-0.001503591329940046,-0.0002455986676014321,-0.00046648988356112753,0.0005176101987474091
2024-05-21,-0.0011961540184961539,-0.0005120640140958699,0.0025316069397745,-0.003316021728052343,-0.0031100734566514854,0.007838711358570505,-0.0004504607449622444,-0.00403428764568059,-0.00850761357345331,-0.0008741125243645342,0.0,0.006485084434441735,0.00990093307113904,-0.0018648444804000297,-0.0038412356558104044,-0.007950208773249812,-0.009491908304985808,-0.0037514797268830558,0.0,-0.004587124926009989,0.005157962874690725,0.0025814548845686236,0.0004914117294534392,0.0016800476591487534,-0.0007759642890656782
2024-05-22,0.017964071856287456,0.019467229053109936,0.016414180578913085,0.015684425605931418,0.016558734622659,0.016666666666666607,0.01847678402633801,0.013670909253856722,0.003575272932594631,0.009623783418649445,0.0018726305480090133,0.0025773786284728484,0.006740233603463208,0.0009341643113598419,0.00042845881818598386,-0.0017422001073166271,-0.00845544647494767,0.029418687172410918,-0.016129016752173708,0.029953869704631986,0.0012010111884463992,-0.0012874449926051357,-0.0007368023844480653,-0.0014908314682240409,-0.0022004374014911177
2024-05-23,0.007647076775046058,0.007035145208464266,0.009937926108792627,0.005615334419180273,0.005429639729044755,0.010928961748633892,0.011504434712090283,-0.0007493155171858223,-0.004274988713551475,-0.0017331418976789248,0.0,0.006426734966415992,0.0060864271541429815,-0.015398969622336112,-0.012848014539959318,-0.018499085038524155,-0.012507067165779762,0.003886630614433839,0.002732237767417267,0.0029828790540475936,-0.006433984269635595,-0.0035448943457079274,-0.0004915325249125191,-0.004385976153799986,-0.0035023564131848595
2024-05-24,-0.004086380243850218,-0.0029939663822369234,0.0,0.0004653611277616321,-0.0025827802291021884,0.002162129170185878,-0.0008749106399680295,0.002249441548700437,-0.006440082299191019,-0.0008680423330742482,-0.010280359571225195,-0.012132880467562002,-0.021778620913808555,-0.005687243462743519,-0.006073726433072579,-0.015291617793120382,-0.0028785919397449344,-0.0027328904357800665,-0.0027247929851148545,-0.0024783147459727095,0.0029634139090954914,0.001293608391807366,0.000368901033223068,0.002718163922496908,0.0035146660262821428
2024-05-27,0.01377485791706623,0.01201198128041403,0.008610048240669244,0.007906962549963703,0.016478360887068,0.00863002241741695,0.026707557192483078,0.01596018026680812,0.00504138953333344,0.008688097421867713,0.0047214352483064825,0.006464124238700242,0.012368584030586938,-0.002383185803216503,-0.00480142344322132,0.0036114257689063844,0.01270214922514512,0.025576643898467033,-0.013661253978772825,0.023105559734083903,0.0,0.0,0.0,0.0,0.0
2024-05-28,0.0014455045065702166,0.0004945900347428367,0.002438987173685181,0.005537595593638978,0.002315851630716903,0.005347593582887722,0.0038379594737636413,0.0017182054968156724,0.0014332108830539259,-0.0008613133112433946,-0.002819577513679339,0.003853603823223528,0.003054367802817204,0.000955588030198351,0.0021930327229091606,0.0035983616706258825,0.010262165817095603,0.008684021027569155,-0.0027700805412326224,0.012141816775657066,-0.014335714576143244,-0.005598585900553177,-0.0008602641324988447,-0.0059824920448695584,-0.004021242357244548
2024-05-29,-0.013568076709775112,-0.010874922961218725,-0.010948831263960512,-0.00826061424225577,-0.01224581317572504,-0.005851096295295899,-0.009345845885588289,-0.005390865309970572,-0.015026835950961659,-0.006896578032394962,0.0028275500101067053,0.000639736678018199,0.001827058814455329,0.0028639362175357785,0.0017505036109823902,0.0025098492777377857,0.016365740788081506,-0.02008831369429498,0.011111167036458314,-0.022312831250820953,-0.012101658061327347,-0.004872205990346767,-0.0003690825038752399,-0.005360162821644976,-0.002995516165612111
2024-05-30,-0.017266678967771787,-0.017491253839289622,-0.017220190323826046,-0.013882461431134585,-0.017777738515396546,-0.01819151421892229,-0.019296692173229157,-0.013796535382750275,-0.009807499129291575,-0.006944404891978451,-0.00563908332252383,-0.007033189818758001,-0.0012157869194053816,-0.004759656372219312,0.00043688200736080596,-0.011087248787305493,-0.0116602437064115,-0.03446719532178377,0.016483500288558606,-0.02822085889570547,0.009665014031380315,0.005004885933459047,0.0011074685739245194,0.0061454244729950425,0.00404960870326998
2024-05-31,-0.011316223737660058,-0.008138382776413433,-0.0043804564134799495,-0.006100436482983085,-0.006906427814601934,-0.016348773841961872,-0.013992198969397962,-0.0024980883629907025,0.012105646402615244,0.0034965167879690284,0.0009451651345622203,-0.005151339575255487,-0.014607480892848135,0.0019130041042201285,-0.002183372833774566,0.0032549784386823877,-0.016292079809470894,-0.01026596788106826,0.0027027000903734333,-0.007070676244870566,0.006789855690302327,0.004655194244775451,0.0013520232242669739,0.004416474617458421,0.003512836858214241
2024-06-03,0.021385560552757976,0.01692309257311697,0.011942135911975793,0.012747860761750829,0.017745751804091103,0.021606614384954925,0.0195122194653774,0.009767077051534345,0.0032620569804326927,0.006097534230261159,0.007554253171259795,0.003236245954692629,-0.0012353116478192039,-0.004773287724486708,-0.0065645346182101605,-0.009012256743429758,-0.008566511511682195,0.0351249256664623,-0.016172491148951362,0.025686610560478718,0.01611942039880009,0.006530109716938046,0.0011292724889675173,0.006876245067374021,0.003085762884581851
2024-06-04,-0.015924487759625516,-0.013615718137621302,-0.009937926108792738,-0.010722624949919823,-0.014844422097164967,-0.013557484179763102,-0.0187037977145168,-0.0076885261814823025,-0.00650290112685159,-0.0017315753094562236,0.0,0.0006452006678427935,0.0030921460076467344,0.007194226176781449,0.0052862963811295405,0.01127680860398117,-0.044354863519102006,-0.02801188371572738,0.016438340058043455,-0.025043332238140925,0.011681219570396806,0.005476239141752437,0.0009839384828709274,0.003917162508521033,-0.0005194249372514337
2024-06-05,0.00958939638116596,0.009713669924319213,0.0050188399146195994,0.0037700427109474965,0.007414435503744876,0.010995052595428767,0.0070921919858044635,-0.003749005685434237,0.00036364468661220783,0.0017345788633882364,0.0009372643521643464,0.00322372650112146,0.005548761850844075,-0.0023809160505022797,0.00043822213039312885,-0.003956787986392762,-0.004822177394228411,0.009840703671876838,-0.0053908303829838244,0.009664261635291993,0.007337868982538298,0.00363096934537932,0.0009830650498250382,0.00334448729461978,0.003248018657076024
2024-06-06,0.03413475870686278,0.030886106853243778,0.031210986861725187,0.022065713372029006,0.02374169101041934,0.0282763044024803,0.027728921089576364,0.004766648866022294,0.0050890362952979995,0.006926433348552585,0.009363295612598188,0.01606683741603998,0.015941083675229395,0.0033412740942735386,-0.0017520371577914862,0.011556507354726575,0.014536630393155336,0.04153130834451124,-0.024390284875953183,0.04030226700251882,-0.0014997256768809475,-0.0004256321993884038,0.0001227858622989686,-0.0006481453224465028,-0.001683564889372824
2024-06-07,-0.0077496605532528795,-0.007367386812539456,-0.007263904179236502,-0.004134101557651149,-0.005333941278608312,-0.009518788967000202,-0.008137067706791123,-0.0009987744391847242,0.0054249410705145,0.0017196641701993087,0.0018552592076102048,0.0,0.0006035371476009743,-0.0171265748102587,-0.01404131589809754,0.005355216612087155,0.016119430314249117,-0.003341501493417054,0.005555550404536813,-0.004116252317266977,-0.018345661423330273,-0.010538699887532643,-0.002577624663387068,-0.008987317872328537,-0.0025943307529240345
2024-06-10,0.0,0.0,0.0,0.0,0.0,0.0,0.0,0.0,0.0,0.0,0.0,0.0,0.0,0.0,0.0,0.0,0.0,0.0,0.0,0.0,-0.006666673337175522,-0.002151661697778806,0.00012299417392558354,-0.0020568551101929344,0.0009103875065661349
2024-06-11,0.002603395616733062,0.0024740226862927095,0.005487767661490173,0.0018449902714663402,0.0030310345060673427,0.005339028209858876,0.002590650532715122,-0.0014995641367337997,0.0007194409464950091,0.0,0.0027778060347944944,0.003795008359036567,0.001206254189149547,-0.008712502735005012,-0.007120598678301615,-0.033380700964172894,0.02408929708489449,-0.0029056500015722797,0.0,-0.0007293649449845452,0.010342198786650103,0.005282995835790061,0.0011074685739245194,0.0043095287022558715,0.0012993564879246744
2024-06-12,0.017888002251221558,0.018262570763950103,0.011522190573676871,0.007826873720662597,0.011390001361125224,0.018056260442809613,0.020671897664910732,0.0005006372310818463,-0.002875626332984438,0.0042918454935623185,0.0027700407563231444,0.010712016262965696,0.014457794557134696,-0.0019530766148807555,-0.0004482397633895907,0.004408554087454553,0.009753303116320833,0.022640676900533396,-0.011049713568388575,0.018004851329645577,0.007513827706125298,0.0055770515269712995,0.0013520232242669739,0.006156750754648277,0.004022906797428449
2024-06-13,0.014455800113316375,0.013572481872699438,0.014988009318106954,0.013248100667580864,0.014479455123385776,0.01669273343340838,0.02109704573435578,0.011258367137829906,0.003965414969689052,0.005982879899505855,0.008287306984570364,0.01496265116333051,0.03087893346497217,0.0,0.0,-0.0021945671399969946,-0.0017045844315488612,0.02674261587681981,-0.01675976091011433,0.02246652493692447,0.014699531557467616,0.006612575757908745,0.0015956456544758968,0.004728371345674942,-0.00012927666893369771
2024-06-14,0.005867577924918876,0.006695331686366934,0.006497287802117002,0.0063119651813425826,0.005210682950083312,0.011800939578168412,0.009504113015920135,0.0032162561604249795,0.004308758716018213,0.004248088470383493,0.0009132280741652732,0.004299735473712651,0.0017280402213226687,0.002935394538880365,-0.0017936775581693931,-0.001099731887477362,0.0,0.012382618245355248,-0.002840906397000853,0.01823286239625066,0.008415007867914825,0.0023310153327553707,0.0001225752011948522,0.0008304543287784849,-0.0038780125309056945
2024-06-17,0.0,-0.0004750883777464576,-0.0011736910528511446,0.0008960436871716659,0.00112687036881165,-0.008113543962916525,0.0008186843026536383,0.005918660492783667,-0.0032177388200692603,0.002538096950113866,-0.0027371845487216273,0.003058103975535076,0.007475578478350231,0.001463448129049194,0.0071877738439782846,0.006605515786267224,-0.0011383300006296837,0.0,0.0,0.0,-0.009929173235371014,-0.0046511080244053815,-0.0009802944548016335,-0.004702214093080137,0.0006488846787178204
2024-06-18,0.016666666666666607,0.01663498147115905,0.01880139251245283,0.013876482489753483,0.012606965249325919,0.018404860595052197,0.01390593627723935,0.004167643175526425,0.0104017548155253,0.0025316713228507037,0.008234161677545426,0.014024408852181702,0.015981752856907727,0.00048710319276024094,0.0022301176133097123,-0.0010937180572997418,0.02279211072751597,0.02973423707922973,-0.017094000838336787,0.02525252489869345,0.009175215514311663,0.00435424826645181,0.00134920412116446,0.004631774100370967,0.0031124090503160673
2024-06-19,0.027049163651596597,0.03085556938683065,0.019607896626012256,0.01942602161803264,0.026678541021607716,0.032128560508644766,0.033481238122350376,0.013671908833203572,0.004969804375905884,0.006733968028727607,0.0036297780123057954,0.001202627447817628,-0.005617977528089901,-0.00438170148862338,-0.004895358538687389,0.002919705285395313,0.013370460218234737,0.040139272155431005,-0.02028983544211682,0.04120016490151923,0.0,0.0,0.0,0.0,0.0
2024-06-20,0.009577031556182947,0.005442163030576763,0.009049721816227319,0.008661758565903677,0.011260295676208454,0.00389099109542812,0.016003116080474555,0.010356461956526175,0.0035323342760931187,0.0017153051479765757,0.0027125050261913586,0.004204185875328559,0.005084711279572662,0.0014669329182246393,-0.008050102873988774,0.004730752193624399,-0.002199060712090084,0.020476459975315553,-0.008875801417927431,0.019354838709677358,-0.0066602947225784526,-0.0025377801051496007,-0.0003674519784560015,-0.003319507796052501,-0.0006463532430450725
2024-06-21,-0.006060573894515864,-0.007668006186933196,-0.0005604868169702959,-0.002146844195376918,-0.007280517067094205,-0.011627877749298965,-0.007683471289421151,-0.0011918769046773692,0.0031679040151804116,0.0008561512971603236,-0.007213733460329386,-0.017344461419948942,-0.023046604752062216,-0.01318361639641863,-0.008115432944055367,0.009054690129426168,0.009366395584955445,-0.011962207897075583,0.005970143730110733,-0.010126556525250519,0.0,0.0002119860349649727,0.00036758704904449324,0.0002776057887687866,0.0011642475334749935
2024-06-24,-0.02439027547534034,-0.02181819568980825,-0.021312411591236646,-0.01936316746206279,-0.01811907121503209,-0.016176485547832464,-0.02400312973537333,-0.011694550372847945,0.0,-0.0034217409808190435,-0.001816502734005021,-0.004869160297616082,-0.0005754091010334861,0.009896129242930707,0.004545471884987551,-0.015434325045061592,-0.007096024177518312,-0.04315558804831232,0.020771564996585834,-0.04347831177178474,0.004044244967226218,0.0008479261510176972,0.00012251514337635605,0.001017393706596481,-0.001033748955751923
2024-06-25,-0.0005435114321501455,-0.0013940662454097197,-0.003438430392639691,-0.0030715092891144824,-0.0004393773629731701,-0.003487777572924955,-0.001189955588508984,-0.002656377946314792,0.0,-0.0034334894925227566,-0.0009099042104885324,-0.005504549825592453,-0.015544024154742542,0.0009799342436647152,-0.004072405024180603,0.0003645726857666176,0.013194049701582333,0.0018367222377231318,0.0,0.003787906090174653,0.001696032100068079,0.0008472077813845846,0.0001225001352547217,-0.0003695917424618722,0.0012935727159975041
2024-06-26,0.007884786596825233,0.009306654522118762,0.008625647226260913,0.005281676779756106,0.006593389825506613,0.014999999999999902,0.007148542612955389,-0.00242127060456121,-0.008070159376713293,-0.002583939933730073,0.006375199715725088,0.01414506584645836,0.014619883040935644,-0.00783161258062115,-0.0022717466555756127,-0.004373208341758472,-0.0037981385602343654,0.011611351146672,-0.005813947847045586,0.007991134525006993,-0.014285698138847502,-0.006031104453924296,-0.0009796941889167465,-0.005453405619476603,-0.0021961734956363888
2024-06-27,-0.00026977636963165796,-0.0018441397313975205,0.0017103937411473424,-0.0008756434044951966,-0.004148441700305594,-0.0034482608287792482,-0.0023659846942797325,-0.007038857042648616,-0.00282985222535026,-0.0034542445193211924,0.001809927133413547,-0.0018192104552596788,0.015561942064796552,0.0029600130531521884,0.0031876869349392045,-0.007686643002138838,-0.00762534272020321,-0.006242460864709365,0.0,-0.004844774669590657,0.003972035546179864,0.002235459644613469,0.000735444437939492,0.0019516643815116197,0.0011652507738788564
2024-06-28,0.006206119144872124,0.00877595333249137,0.008537279601899206,0.007887831182425753,0.008769956277765445,0.006920384949901326,0.01027668919851088,0.005133196901880188,0.007094673707054078,0.0008665378925378775,0.0036133833505518353,0.00789785993173786,0.020998847970065793,0.0039350675851586026,0.0031774712956160744,0.00959056521682844,0.01866082137218772,0.016413386227995153,-0.005847947508874518,0.025890711141968614,-0.01860562367651175,-0.005310674369586321,0.00012251514337635605,-0.0064001004325847655,-0.0024570339700928923
2024-07-01,0.0008045543455550419,0.0018315438024372188,-0.001693019508603233,0.0013043610945990824,-0.00043461516617893103,0.0024545901202297493,0.000782490539184888,0.005593374226913861,0.002817890997744321,0.006926433348552585,-0.0018001525741584423,-0.0030138638842385213,-0.012784813068377199,-0.004409610644818374,-0.007239811975128574,-0.0007307437760469826,-0.0037715353900019677,0.0,0.0,-0.00798104434494995,-0.01720413094561602,-0.0074212850572302706,-0.0008573663928587551,-0.005918615757790337,-0.00019442791112240197
2024-07-02,-0.006698820788390347,-0.007312642053012852,-0.006783476481883821,-0.008684324678669308,-0.007392914550535479,-0.007345739580888466,-0.00938232102556602,-0.006045949437131437,0.0,0.006018890196680893,0.0036068667301647483,0.0036276065638256583,0.016328793901021044,0.013287424302099948,0.00683681015856985,0.002925042873500594,0.020551707561879295,-0.014752778720974025,0.005882347166332069,-0.015872989540878013,0.007785529081645315,0.003776826168519154,0.0008608989906040421,0.006408446906647658,0.0027372143004604776
2024-07-03,0.012139195715717532,0.011510129075166242,0.010244752891418907,0.01182653049562199,0.011610049541759926,0.007893468809100135,0.006314121801446415,0.007785880941716172,0.01861611167643762,0.005128192086505168,0.011680102306544704,0.017469842749905817,0.029916863692434292,0.0019426424420732058,0.0004527038846879883,0.002551939265236225,-0.0031797228734756766,0.027519172905726696,-0.011695895017748925,0.029606702862968293,0.013133235110808439,0.0066652630504930865,0.0014745975747374462,0.00739770492325631,0.003509640478296383
2024-07-04,0.026119369600556386,0.025489331731009868,0.018591566488776357,0.015151515151515138,0.017756597864992063,0.020068481563790597,0.023529426724302915,0.011105816501817412,0.006896578032394851,0.003401373563511889,0.0,0.0023683195365808984,0.010220598266030168,-0.0038778442540218228,-0.00904980812159395,0.009090909090909038,0.0010632885875347942,0.042536504805707365,-0.020710109257779052,0.03347640794745832,0.0,0.0,0.0,0.0,0.0
2024-07-05,-0.0036363477830763102,-0.0022192631745554525,0.0011061777924026295,0.0012793307111207408,-0.0008510833090924486,0.0028791080666425994,-0.0019157526313554607,0.0014326064246312775,0.0017123025943206471,0.003389843439651763,-0.001776171855705222,-0.0029533372178802697,0.0021298929179152104,-0.01946470235429021,-0.013698595538180203,0.0018017743084881577,0.00371745592712891,-0.005666792334058535,0.0,0.0018687580670231352,0.008278806988791132,0.005553228063331472,0.0018405095199864885,0.005205405735846602,0.0029793182127688667
2024-07-08,0.031543289653260365,0.028469723352320564,0.02983422042256567,0.018739326402455125,0.022146527593762677,0.030621980365953982,0.032629574140657036,0.00476873556242996,0.003418816460503571,-0.00506755461476871,0.0008896661277897344,0.007701439740846361,0.004782195376554332,0.0014888678517848142,-0.0013889206535036003,0.008992806002193099,-0.010052938512831178,0.03229483132893618,-0.015105726036447331,0.032124352331606154,0.002160810100606536,0.0003185936504901399,-0.0001225001352547217,-9.249247537379546e-05,-0.000258254461934615
2024-07-09,-0.0010109284855245315,0.001297591071443449,-0.0016093766244185126,-0.0037625163376532322,-0.0008333524068196985,0.002321262832719828,0.0033457306269213394,-0.0011865030323856551,-0.004088614571506555,-0.008488964126432408,0.009777764214409679,0.011169863776066657,0.008989935977641306,0.004459868742658468,0.0013908524371795128,-0.008912656213897252,-0.008017083157142335,-0.003128472820486783,0.0,-0.009437775516127012,-0.0044200480020174515,-0.001380240783976805,-0.0002449368350796455,-0.0018495972747827327,-0.0011626916810134613
2024-07-10,0.003541675834292546,0.004319654427645814,0.005910751255508773,0.004615991735793745,0.004170157772254823,0.0,0.0014820643151745028,0.005939653102724707,0.006158067327906913,-0.0034246705087982443,-0.0026408048097960046,0.0005814308343932151,0.002620545031460919,0.008386782064863318,0.011574073869668577,0.0017986023662375228,-0.011314606170005792,0.007937950334262478,0.0,0.008514113746124652,0.0031402373613316215,0.0009568782651636631,0.00036754200303090734,0.0024089885619873463,0.002327991540173713
2024-07-11,0.022182978377061957,0.022795712050571293,0.020299161932189946,0.015873029025226026,0.015157797851935717,0.019916642766648174,0.011838686152247035,0.0073217140333918795,0.01190072707533596,0.003436439180715789,0.011473922218425914,0.00755367662327,0.0031363870107425917,0.005381541102195575,0.008695676464095081,0.005026907997516039,0.016348731925013738,0.032600710243532616,-0.018404890477013436,0.033969898319723635,0.009715042441801547,0.006372793036611535,0.0023269419284885906,0.005360885373621116,0.0036128874747984874
2024-07-12,-0.031565937837160885,-0.02775444078560052,-0.02827221935332136,-0.01932564558889549,-0.02086317182445374,-0.036784700077132415,-0.03107862411752005,-0.006096181170655024,0.0023521402649817613,-0.0008562166173172736,-0.013961592455713712,-0.02537482151880044,-0.04377276791897944,0.006326086274533127,0.0036297604529451633,0.0100035973181547,-0.0021447189810647194,-0.043987208815044365,0.02187497881241174,-0.0439347502886237,0.004276261727216957,0.002110785733426823,0.001466309285823808,0.0036774987425212124,0.0025714139981440898
2024-07-15,0.0017824845115719246,-0.0017300774297757116,0.0016163134865492257,0.0,0.0016712311017288428,0.009900946649203046,0.0011321013828493598,-0.00047182019466029956,-0.0033523426659567424,0.0017138353287655672,0.014159278532045017,0.015384651500092383,0.013078985811904031,0.0062862262499128185,0.005876996195046669,0.00282985222535026,-0.0032241467664241297,0.0,0.0,0.002033346939449121,-0.011496719214248774,-0.0031595095524522554,0.0,-0.005496001503934922,0.00012816756098588122
2024-07-16,0.005846513335615646,0.005051953333228929,0.005379301989585236,0.002934997686550034,0.0012512525055081714,0.005135416055964903,0.0026385108561062243,7.202638433595476e-09,-0.0010090406915161942,0.0017108378582690875,0.0034904147574594813,0.0017481805495263014,0.001613787313650361,-0.0014415559859081162,0.0,0.007054633259248266,-0.00862532905621094,0.00927643784786647,-0.006116202153874872,0.011363649030503353,0.014107231854225466,0.004437381533802576,0.000366017321034251,0.005802682648879065,0.0038466862415080794
2024-07-17,-0.01397002750690235,-0.013020833678267674,-0.012425731906629767,-0.012123720457705045,-0.008331550201330362,-0.013934045320374677,-0.010902289901069562,-0.007263904179236502,0.0010100598830391494,-0.0042698548805745196,0.0008695519488790548,-0.009307684127609961,-0.009667041252735098,0.0043310947841175285,0.004494399167178642,0.016462389956670043,-0.010331627678896615,-0.013602986055262,0.00923076042762161,-0.02086676168508228,0.00021242723637993066,0.0008415044841851849,0.00012199215137309594,0.00045790341717233396,-0.0011496227644992585
2024-07-18,-0.018031941730766388,-0.020228632225999688,-0.020240683186392383,-0.013965311083957155,-0.015332903442089152,-0.025435746950775773,-0.027365994981737418,-0.014634109124904704,0.00134547312960831,0.006003469869616529,-0.010425690392272147,-0.024075196888103112,-0.021149642221103826,0.010541413728212046,0.006711392213426315,-0.001033793458727561,0.027472526320885926,-0.034103594158732764,0.015243888034272901,-0.03463113503377946,-0.007644136341869445,-0.002837669659810804,-0.000487816043016398,-0.0043020706700515055,-0.0020459851529245343
2024-07-19,-0.0228226965593753,-0.021543999039545514,-0.019542154554573754,-0.011587969734945025,-0.020051246160179392,-0.017883021060374538,-0.017975810436826833,-0.014603963621386384,-0.012092731098957032,-0.015345294159656353,-0.003511865851801743,0.0018050725467295692,-0.001662066768741366,0.00047416921808829393,0.002666642930772678,-0.017937235662958906,-0.012299542256746232,-0.042060560112682444,0.021021073052599926,-0.0318403731811967,-0.00588427350566878,-0.0031618405464537425,-0.0004880541236477187,-0.00367716060275447,-0.0007688052010492719
2024-07-22,-0.02979867410339765,-0.03119267454934771,-0.028473803110533602,-0.02822405520567528,-0.026556322213222017,-0.03149603342816265,-0.033426115132971335,-0.01934188473252041,-0.009860557962710348,-0.008658008658008698,-0.007048485037513763,-0.005405368747653849,-0.007769111654793659,-0.0033175210217386564,-0.002659550858277293,-0.0073761534786602745,-0.020032428025984927,-0.046324269889224556,0.02352938866532872,-0.05020827360236213,-0.002905689285265578,-0.0009516173138368611,0.00012209639226123947,-0.0005535851643680978,0.003718816025249927
2024-07-23,0.03099062644212247,0.028882605074139978,0.02579128803673414,0.023681872115667968,0.02191412154484995,0.03150404904522075,0.02717166828059714,0.011014351820999968,0.008928513531596627,0.014847134919145688,0.007098518841355483,0.007850167542603481,0.01733775610635302,-0.004755129729179131,-0.008888922797309018,-0.003892449025500788,-0.008287271567344212,0.04498413472643881,-0.020114923235383997,0.04316708486267573,-0.001403182737953701,0.0007408159213331267,0.0004882328253186241,-0.0007385693434276419,0.0001277901706842055
2024-07-24,0.0,0.0,0.0,0.0,0.0,0.0,0.0,0.0,0.0,0.0,0.0,0.0,0.0,0.0,0.0,0.0,0.0,0.0,0.0,0.0,-0.01080847423566067,-0.002220802558106416,0.0004879945703506472,-0.0060975244432793785,-0.003193663820880377
2024-07-25,0.0,0.0,0.0,0.0,0.0,0.0,0.0,0.0,0.0,0.0,0.0,0.0,0.0,0.0,0.0,0.0,0.0,0.0,0.0,0.0,0.008194930370518216,0.0022257454994052406,0.00012186936441405116,0.003997028238120537,0.00012818321654428644
2024-07-26,-0.03918412738688859,-0.03543486810908214,-0.03828569684709826,-0.02968137438060703,-0.026039440296274252,-0.04236456208628392,-0.033667339755581116,-0.016468241848899723,-0.00884950064533696,-0.008605852205361253,-0.01938323302416023,-0.038945477757365676,-0.04947773667942901,-0.022455863060207304,-0.02062776234127306,-0.009591490636679745,0.0005570095324924917,-0.06366208726177258,0.029325484491361298,-0.06505862866468404,0.007803199814652162,0.004758931781463582,0.0013411438046049273,0.0055550269628208415,0.00320348535452486
2024-07-29,0.008938581583886274,0.00811067222680606,0.013666090374641726,0.00764730960370863,0.0013480425871412738,-0.032407345631520035,0.0008294711700029822,-0.010304006414823319,0.008585164587741945,-0.0026041269992226335,0.008984725719503928,0.011845444062171362,0.006940498839749454,0.001466309285823808,0.000457885934613822,0.009325689982362606,-0.011135794308794189,0.007986212614977672,-0.0028490001397227793,0.010414186737241149,0.0053769223732267335,0.0016839914652926335,0.00012178420266595325,0.0021176293734146423,-0.0008941077277511145
2024-07-30,0.0,0.0009465070769223427,0.0023446300244658325,-0.004910741533551866,0.001570556322717298,0.038277494495560394,0.008702900916910616,-0.0013013857221096936,-0.008852578190413962,-0.007832911348362281,-0.0026714429528513772,-0.006777609875736279,-0.0045950776778385105,-0.014153197238561233,-0.013730029252704279,-0.002487551398098753,-0.02477480452630154,0.0025696192870048318,-0.0028571401323590484,0.003513703493665865,0.0038506858335385363,0.0021015507143509193,0.00036521523642307763,0.000826938352751716,0.0005113898606889933
2024-07-31,0.001384274593305923,-0.0009456120484264696,-0.001754403811449201,0.0008973181359714921,0.0015680935434880805,-0.0020481779263844535,-0.0012325672332552662,0.0,0.0106492428527174,0.003508785314727314,-0.002678598676409072,-0.004962798181780803,-0.008655510522709076,0.024257413495605284,0.03062644411963955,0.01353762280892723,0.007505835473777811,-0.0006407909071437512,0.0,0.0004668819091524501,0.010229079382855444,0.007339802118934813,0.0020688593493185525,0.005783505477398254,0.003577801835597638
2024-08-01,0.017417715179292692,0.01798392331696741,0.018160551604787578,0.019273812977726346,0.01498550653907893,0.024628030795666334,0.017688207100876374,0.0203284497187195,0.00033991260557120206,0.008741258624666903,0.014324137396861447,0.026808000095890572,0.02968562720682888,-0.010149878511390487,-0.00855464360832936,0.010193286481611663,0.03209165853629736,0.03440907525867054,-0.0171919606348383,0.03383107744636371,0.00859613986907159,0.004257340979299183,0.0017245901493522873,0.0033041368087793005,-0.0021772578184536357
2024-08-02,-0.050543494846509884,-0.047884717617353245,-0.04545459733346957,-0.043095813790697934,-0.041648288787202836,-0.05257886910594878,-0.054163304971094894,-0.02937423961832375,-0.012572233618642792,-0.015597946516093919,-0.023830578154559245,-0.04310862766413881,-0.0463538565922198,-0.004394538798806247,-0.0049954862881385065,0.005219193449020665,-0.02220986193486063,-0.0950413223140496,0.04373173586864265,-0.08937035783805514,0.03116148669374641,0.015490153092335701,0.005595415273025317,0.009769010378428478,-0.0033350710528965433
2024-08-05,-0.09129935447547632,-0.08496098093746629,-0.08619643350855954,-0.08272058591504416,-0.0882961601376343,-0.09090907624563782,-0.09487176707458111,-0.0760526155170641,-0.06400546239454696,-0.055457706927685146,-0.03616636577925403,-0.0532995484134442,-0.07883819378988077,0.0024522386417806796,-0.0031948742725567136,-0.005538243364222373,-0.050539538111878723,-0.1922374707923088,0.09776540517040666,-0.2000000302528655,0.005291048829057177,0.001023735399351633,-0.0002418851277284917,-0.0025316345674488705,-0.0061775514336094295
2024-08-06,0.055118110236220375,0.0410886470534495,0.043535557909014644,0.04959916630137817,0.04035304949677743,0.04593019707258361,0.046270043820388684,0.019937361172619017,0.025367595858641456,0.01957128065605107,0.003752359583532483,0.026139472084750537,0.04375806511477376,-0.013209415396726154,-0.010531114497683514,-0.01670725895872971,0.016746453238300596,0.09666482020073985,-0.043257016133900206,0.10718713572475935,-0.022368488315829715,-0.008897475230606244,-0.0012099028708399961,-0.0065264795385682195,0.0037555155522270844
2024-08-07,0.039701456098414134,0.04049202280543662,0.031605563188701113,0.025775627190856243,0.035393917199337155,0.0405781172841968,0.038357418200478444,0.03295169673062026,0.013266434110096315,0.020109661038000715,0.006542027553665397,0.006531678381017647,0.016029631026104774,0.005949471431804243,0.0004627593058486035,-0.00637169221861178,-0.007058872896082313,0.07886599511215375,-0.039893642486140135,0.06407385083256889,-0.007039990698441523,-0.003611661235056518,-0.0006057304652848927,-0.00456204385913439,0.0019352537962167293
2024-08-08,-0.02067178277862247,-0.017734020214362656,-0.006740140105979453,-0.013959981783178033,-0.016155435296177134,-0.01869658150137521,-0.022164286128154465,-0.005947586123825288,-0.006015572360831167,-0.007168417861123877,-0.01857010266175907,-0.025308299810537505,-0.03701459945725749,-0.00246432440379607,0.0013875475546900606,-0.0003562603844160517,0.02014219013577545,-0.042761571035567214,0.019390629832558126,-0.036550077156592975,-0.006151641588543089,-0.0030033235590273266,-0.00048485958214961045,0.0004583231205972371,0.004120521243039077
2024-08-09,0.03107594814964254,0.030090271733482776,0.024059184143360612,0.02595564020019192,0.024036133044510688,0.02395214604447249,0.025777774386935848,0.01577367443940192,0.022783887012171267,0.014440419043794561,0.01513723888089702,0.02197072649006082,0.027095167828895317,-0.0029644005247470018,-0.007390293313223162,0.010691416611511517,0.007549423536528099,0.05665081357103796,-0.02445656275957575,0.055676840164598396,0.009861544737890915,0.004051179314869646,0.00024259365368717312,0.005130531843932085,-0.0001282653988188276
2024-08-12,0.012510644707894647,0.013145142586479253,0.01084339187805905,0.014719467786898477,0.016732541044122584,0.015417298258291634,0.025563264927998874,0.014190163738865058,0.004524924127621954,0.00978646316003684,0.008387640921596606,0.009771986970684043,0.015950957690279877,0.0,-0.002791971455626596,0.0038786565809445506,0.01152731130798279,0.025035442268114938,-0.013927563652283204,0.027662907302774542,0.0036359699392667366,0.0027932612542642676,0.0006061520408398025,0.0020964666744414107,0.000641213563941978
2024-08-13,0.0025273627662414366,0.00336375265598976,0.005363491538237675,-0.0036264869883204653,0.0018286132812499467,0.006282706535299498,0.0063371194781067786,0.0026398751663516684,-0.0006930165398714161,0.001762087649710864,0.0009242708533852007,0.0012903028918851422,0.0012077109955972443,-0.004955420215929207,-0.003733080847727943,0.010537448248846948,0.023931629319221104,0.006451584776425712,-0.0056497121870150435,0.0062893081761006275,0.0069350808892709725,0.0044361942001647225,0.0015752439686829156,0.007003789575835029,0.004614209508346123
2024-08-14,0.012605042016806678,0.011973179901632047,0.007113200770302086,0.012738867210563498,0.01232026188161095,0.009365260563674926,0.013014251465743865,0.010005294173125234,0.010055444058403973,0.010554130253697114,0.012003650837775215,0.018685626367895836,0.02352227879794988,-0.001494058105552587,-0.0014051843610993764,-0.00034759223923253035,-0.007790728714407669,0.021749084856895085,-0.008522719191002448,0.01949996948242183,0.006270565563384789,0.0013352223973193134,-0.00012100333640630012,0.004425958520654083,0.0017861622168191538
2024-08-15,-0.007745471073219212,-0.005679114675394725,-0.007062960514132244,-0.0013477225675290194,-0.005859777502639663,-0.007216463383940108,-0.008702821872207056,-0.004953139686733388,-0.0072090316005052335,-0.004351610037945819,0.005474438708708229,0.005060011145382015,0.0011785324209709902,0.009975100775553747,0.007504683381911681,-0.003824777798196788,-0.017386397491242822,-0.008738503256006225,0.002865326772472976,-0.0056399898524185366,-0.008070292373613897,-0.0062570584030985366,-0.0024198980513520096,-0.00305752110810642,0.0008914887648610037
2024-08-16,0.022581475635028436,0.021894291818631118,0.024303533951891776,0.015294619207417481,0.019723418452998864,0.022326000294401238,0.02132107973474775,0.017029121222430055,0.0127939036600319,0.006992966885427165,0.018148820829272383,0.023285162675598547,0.027074786749658575,0.003456775053047867,-0.0004655600137314364,0.00034904813315828065,0.010273989753009305,0.043851704710971884,-0.019999980926513672,0.03896421157328911,0.0035015857119273797,0.0019612143558307427,0.0010916188067497945,0.0029767439043641986,0.0031810664416518364
2024-08-19,0.0013631407214829139,0.000931518169934531,0.0005786507115779216,0.0008861185243527192,0.0004508669406781962,0.0035551662200623557,0.0038412356558104044,0.0002576542068288834,-0.010003415331780285,0.0017361508935331837,-0.011586412279164016,-0.01168517271803693,-0.010315203735001832,0.0034448669230073836,-0.002794572327026734,0.017794844089222384,-0.020339016657295206,-0.00043304827791113,0.0,-0.00047467765309172627,0.004618195165920547,0.0013392114332611005,-0.00024235851997878033,0.002338290324015002,0.0016489711929377204
2024-08-20,0.00054454727383213,0.0004653611277616321,-0.0005783160685732813,0.0,0.0009012415472611224,-0.0025303642943111937,0.0017006380697373036,0.00206021150103175,0.0,0.001733075785075533,0.007213664665068453,0.011823330375577923,0.016213104234141795,-0.005394737925238702,-0.010275540164521924,0.0006856516184903239,-0.026528315327185137,0.003032915680184045,-0.002915449057909525,0.004749465616270543,0.007968115069570292,0.0040123395256495,0.0014542262659207328,0.002602071991639532,-0.0008864086835782548
2024-08-21,-0.01061222828975339,-0.011627906976744207,-0.010995423158090656,-0.007082739654520442,-0.007203955605922019,-0.008117737463058772,-0.009337831848108324,-0.00642508355128224,0.0003483735633245111,-0.0008650387148878558,-0.0008952415116665335,-0.0012300873279421642,-0.0034188381966702153,-0.004930985112617692,0.004247293549768383,0.0058239148058800705,-0.0011847483062392694,-0.013174959186858848,0.008771921263311722,-0.01205390222156566,0.0006081401550808163,0.002049437290111422,0.0010891090022979721,0.002237336717195948,0.0022813726450530147
2024-08-22,-0.005225505678191467,-0.0042352653952205666,-0.0011702571994434141,-0.005349964029939369,-0.004535078348348431,-0.004603549342631075,-0.005141424098066838,-0.002069270995167294,-0.0031347352180144394,-0.0017315753094562236,0.0026881994252658803,0.0036946190028681603,-0.00228698633758162,0.005450971689200168,-0.0014098066577759027,-0.00647140770121879,-0.016014261446580247,-0.012913096903698129,0.005797095840604838,-0.01100479929070719,-0.009926094638026517,-0.004601744282888842,-0.0013296338195101232,-0.004107501502341515,-0.0012645229110480605
2024-08-23,0.000552893786850861,0.0014177116461044914,-0.0005857694581967721,-0.0008965136779890415,0.0011389347453911736,-0.0005139059628930243,0.0030147116383674177,0.0007775732989396822,0.001048175346513247,0.004336513328413005,-0.0026809923830826143,-0.007975478845139938,-0.018911192273683763,0.00492846079886422,0.0014117970186120488,-0.002742541086623751,0.015672105273686787,0.005099751203921921,-0.005763683216603255,0.0024189647188297414,0.006547308333999302,0.0046230182306010725,0.002299622436402915,0.0057383609491012955,0.005317778565382181
2024-08-26,0.0016579334446942262,-0.00047187752527921845,0.005861664503067132,0.009869951849585723,0.005688282040049675,0.005655558372831049,-0.0030056504689178754,0.010619006499113848,0.011518322097729294,0.0008635446587716977,0.0026881994252658803,0.0006184669474522675,0.00292056079972447,-0.006866081110307065,-0.004229330342285675,0.006187703823706148,0.027893133692231897,0.003750302785818116,0.0,0.005791491148245287,-0.0025409086446879225,-0.0012271474123994874,-0.0004830445200658673,-0.0012481001331352548,-0.0020151594336836887
2024-08-27,-0.004413809940732705,-0.003777162607322082,-0.005827505620231488,-0.007996459364510433,-0.007013605609503593,-0.007668711417146756,-0.0025839564046789,-0.0038442215304757,0.00034507346583145804,0.0034512641985564585,-0.0008936414008713367,-0.008034629340161081,-0.008736167889695223,0.0024690981264468004,-0.0018877260273331142,-0.0013666182064145938,0.025404188326233257,-0.000879107464800799,0.0,-0.0019193565652552147,-0.0017322006317767036,-0.00040955171779721855,0.0006041205000097971,-0.0008033235639671732,0.000631032977105539
2024-08-28,0.014131355471783236,0.013744046902769647,0.011723329006134042,0.008956560558292637,0.010480726609013002,0.014425490494191395,0.012521628559498899,0.003087284535106871,-0.0024146152251425246,-0.0008598976860827445,0.003577762840482279,0.00436135170244345,-0.0005874902850731001,-0.01231527139880817,-0.006619356603948967,0.0,-0.021959424809815498,0.01935764996660594,-0.008695643760907257,0.018749970656174897,-0.0012248927741839166,-0.0005120907894067273,-0.00012076957579476577,-0.0020547020896661827,-0.0005044887762072348
2024-08-29,-0.013661202185792365,-0.01122016813916249,-0.005214421340945186,-0.006213977524677672,-0.007891735877405326,-0.008125906014845863,-0.0051173064106270205,0.0005128659196096397,-0.005532498167012956,0.0,-0.009803908235652803,-0.01923071280033528,-0.02469142890256748,-0.0014961985256052301,0.001903808079151137,0.0010263663056908623,-0.00921138440012903,-0.018342684747420956,0.005847947508874407,-0.019348706761782464,-0.0032703086337692033,-0.001742141481403503,-0.00012069203152509367,-0.0017008543815543176,0.0010094868271883772
2024-08-30,0.004709175088729145,0.0,0.0011648046115135813,0.003126450317613161,0.003863594748757082,0.005632313505059328,-0.0004286424738336736,0.001281800920514664,0.0024339253917642356,0.002581781924585025,0.0063006713523923175,0.011385121590635539,0.015069319421192384,0.022976976721010622,0.02422804025493419,-0.0006835426386609944,0.017431793164931042,0.010771584880696627,-0.002906973923522793,0.012030798668358544,-0.010663395145536603,-0.003490441992637039,0.0,-0.002779748636344892,0.00012598646924555368
2024-09-02,-0.00275709943850011,-0.0009456120484264696,-0.006399016194200469,-0.0026714429528513772,-0.0013583328295433406,-0.004582453790496155,-0.004717007366684345,0.0,0.002774884631209229,0.0034334894925227566,0.010733425004350483,0.00875552976055638,0.011282715107705954,-0.01464840057451433,-0.01716136090212994,-0.008891936761868613,-0.035979500849810386,-0.00826443648075903,0.002915449057909525,-0.008796985623724995,0.0,0.0,0.0,0.0,0.0
2024-09-03,-0.004423572157912448,-0.002839593444627919,-0.0011709422989973906,-0.004464285714285698,-0.00521422668451188,-0.006649631978300818,-0.0008616351229594477,-0.002048177886378455,-0.004496684934373607,0.0025662567874036313,0.0017698844977185324,0.0,0.0005871452902803664,-0.007433083065504276,-0.006135019577101497,0.0006901469316631381,0.008293916111232313,-0.01206140350877194,0.00872092177056838,-0.008874986192424439,0.01630222998295969,0.006572560792488653,0.001062746607729872,0.003012321804996396,-0.0035290653597008998
2024-09-04,-0.04887532853430798,-0.04793541049365846,-0.04454868600007045,-0.045739896628888776,-0.04284414362699984,-0.048403676849642974,-0.04743425425343262,-0.03565929722862926,-0.02084782373713212,-0.019624534831506946,-0.02385156379002984,-0.033478047446413806,-0.03931923232528012,-0.005491792640072268,-0.0004748446882920643,-0.001034506436051963,-0.04817859416978898,-0.09633738933736824,0.04322762412452463,-0.09656346378342029,0.012890047429467755,0.005850951606832577,0.0021791804903261713,0.006208407820726736,0.003685827585186985
2024-09-05,0.006131404681797514,0.00448650981605625,0.011042963507716719,0.009398496105818,0.003809520176478731,0.006493489872433145,-0.002716136963690996,0.0010641371472457362,0.0007097394445378935,-0.0008703087275292454,-0.0009049635667067735,0.0012829519875674489,0.00610873560563463,-0.001004039040515603,0.0,-0.00034519258263243646,-0.009259353013245764,0.010316830327890436,0.0,0.00696492415895178,0.0056559695637945495,0.0023472125925887433,0.00036239163734297364,0.004918138364999658,0.003418977319144645
2024-09-06,0.014219366830227065,0.013895796782917191,0.006674701604107991,0.006052155648454738,0.011859582585617368,0.012365607805149503,0.013163822021780902,0.006377833031019575,0.0056737533008290875,0.004355400581083302,-0.006340621086609599,-0.006406149653427118,0.002428713798939164,-0.0005025240740469394,-0.0038004715727117944,0.01001384408478212,-0.0031152174104217556,0.024313154137591608,-0.013812141960485746,0.024208582738156625,-0.00010045331185226658,0.0014253653829006119,0.0018113939174164706,-0.00044487830205708345,-0.0012619696720967966
2024-09-09,-0.015450626313259996,-0.016152731289591715,-0.018083183305430905,-0.014808015347756998,-0.014064661890932695,-0.022835915996113232,-0.01702505223845141,-0.005545262487341884,-0.004231341207714845,0.0,-0.008204137844315507,-0.012894906004485729,-0.02119927238406971,-0.015082918364325293,-0.016213646338622656,-0.008547008547008517,-0.010625004768371582,-0.026584338984023237,0.011204471316808462,-0.026753215046672052,0.004319006787065316,0.0014233366081710663,0.00012056577074304187,0.002225585292662924,0.002400839561177648
2024-09-10,0.0017436968697266408,0.0004975428035602913,0.0018416394290869942,-0.001409054962747458,-0.00023780636956471923,0.004347842672596913,-0.0027347936112341875,-0.012745606590046532,0.0031869742676109425,0.0,0.008272002493016739,0.00718478641981779,0.0037128144929785556,0.002552283648346032,0.0,0.0017241116227775244,0.0,-0.004389217956003888,0.0027700805412327334,-0.009340805673809682,0.0070007460005192534,0.004263940801475297,0.0014462470220810708,0.0027535757110659365,-0.001890854940333364
2024-09-11,-0.002901073294419798,-0.0024863251358760996,-0.0024509430389955122,0.0009407193908772538,-0.0028537201917236965,0.0,-0.0022851571745121646,-0.0008068525833954121,-0.004941736322819024,-0.002601934465024658,-0.00182312628811232,0.0012969970959813004,0.00863137596556296,-0.006109925438593122,-0.0009693917221805792,0.007573191961480541,-0.03284898967754479,-0.007102605885834223,0.005524922645682384,-0.00026941298552507487,-0.0007945359927986617,-0.0007076394674478959,-0.0008424563474471736,0.000442936061902266,0.0015155689077988033
2024-09-12,0.03753271294245386,0.036889300455283935,0.031941012596842455,0.027255653047839168,0.02742669967824818,0.03517315959231615,0.036188773169415045,0.016689068813439345,0.004611534526561822,0.006956548276154884,0.020091296330978947,0.0343264459926802,0.03667481525766925,0.0025614362647548017,0.004366819501338881,-0.0017082727580182144,0.02155453394261353,0.06931427362253673,-0.038461566172910966,0.06736728533770608,-0.004671515931337411,-0.0016185739522973641,0.00012047863930275682,-0.0007083569092022346,0.0013871450960698528
2024-09-13,0.0005608011386153411,0.0038461685180664062,0.00416664850144155,0.0036595963889860528,0.0032497535677336042,0.0031363870107425917,0.0004420124298076811,0.0013237817435680643,0.0056497121870149325,0.004317789178092779,0.0026857928375487727,0.0031308704417949418,0.010613135189807332,-0.008175771584422953,-0.008695666596208462,0.019849416062134306,0.02046033809461112,0.008996525712766656,-0.0028571401323590484,0.010098459829244844,0.0026962679659137123,0.001925167770915115,0.0014452938497688805,0.0031011737748385393,0.0027703511039323114
2024-09-16,0.0019619176877254674,0.003831432184220329,0.0017783228048893207,0.0045578852680907556,0.0053215996237907515,0.004689990536210775,0.003093309976529346,0.004230561837736069,0.003160117768064463,0.0017196641701993087,0.0008928435189383688,-0.0012484204247944497,-0.002917152962689018,-0.0025759524705618597,-0.004385972250494752,0.00738259148777165,-0.011904735584534532,0.004115268257120386,-0.002865326772473087,0.003999015443908016,0.009162415450568062,0.00262947151549886,0.0006012678466122967,0.00441657101001236,0.0025116737980062087
2024-09-17,0.0,0.0,0.0,0.0,0.0,0.0,0.0,0.0,0.0,0.0,0.0,0.0,0.0,0.0,0.0,0.0,0.0,0.0,0.0,0.0,-0.0048357395076439325,-0.0018156173722407853,-0.0007211245287793711,8.796180029024825e-05,0.00025049032453638986
2024-09-18,-0.005034930889423084,-0.008587800569379911,-0.004141993776580977,-0.00680580781097706,-0.00851551036566045,-0.016078869577006216,-0.01674013459663104,-0.006845664156579723,0.0014001020635148187,-0.0008583560010394162,0.00446030336133707,-0.0006250381469726785,-0.0029256876410589383,-0.004648768065625419,-0.0004894874563120544,-0.008660900230419433,0.0247304615299766,-0.016165769367439853,0.00862068138659322,-0.01568339088648052,-0.012395875103084597,-0.004345193099776878,-0.00036082246231783355,-0.004132968832729511,0.0008766399018391713
2024-09-19,0.012932177194472816,0.013955697083228857,0.010695205104685801,0.007766159225363722,0.011374137487067504,0.016868724300060256,0.015681020889569686,0.006627783454651315,0.011883961738360593,-0.000881820747579698,0.006216737008194473,0.010631721525466764,0.014084561274875451,0.017644013726575203,0.017140077383057895,0.0013440526838401912,0.005569316425600324,0.03378848853803995,-0.019943000978059566,0.03414264089122443,-0.0033135276011111436,-0.000811954044918739,0.0008422535712928614,0.0008829887339611986,0.003003071805090629
2024-09-20,0.01276715586834487,0.01186521137261387,0.01646083299529577,0.01314593751698978,0.009639705911966612,0.013478518329611111,0.007498900561174526,0.004740592556990331,0.0037996096754424613,0.0017651980834529901,0.002647797125179485,0.00556926895106602,0.011574073869668577,-0.005609413917789241,-0.006259078731345902,0.009060418277725635,0.01353841928335342,0.012088636106823314,-0.002906973923522793,0.01589630740284509,-0.0038283787490852594,-0.0003047108199774051,0.00036064894429932437,0.0008822097526883788,0.001247485897613032
2024-09-23,0.00438477974863849,0.003752359583532483,0.001735124709937308,0.00313197739705684,0.005455736635877617,0.0015345424642343453,0.005253893655126296,0.00262119187736487,0.006882338837405966,0.005286330168467801,0.006162012209852241,0.008615347055288547,0.009725382829306017,0.01794873751126813,0.018895412234976483,0.014632542019392014,0.009714623805865852,0.013934942950490248,-0.008746347173728575,0.008425613989951453,-0.002123777207785005,-0.0006096073939237945,0.0,-0.0014102779816541622,-0.0018689449524845747
2024-09-24,0.009549795361528002,0.009813112633250576,0.004618955345575992,0.002230151680668424,0.007234901608322186,0.011746695689017983,0.010888502176338077,-0.0002613940270118631,0.005809982056190988,0.005258531832997182,0.0,-0.0012202376796213166,-0.00793197675061974,0.03979843793434812,0.03471229283886301,0.0029498574864870175,-0.005411800948948997,0.013307168814869375,-0.00588234716633218,0.014323227709291064,-0.00020266183680439642,0.0011183469872810825,0.0009614449217030252,0.0016771333733849314,0.0001248550262671344
2024-09-25,0.014864864864864824,0.016196205002990238,0.01724137931034475,0.019136640454642695,0.012121232879351629,0.015143866267385953,0.017234017305347793,0.012813751105179794,0.004077435631683057,0.003487371722070698,-0.0026246985454756455,-0.0018326393240719607,-0.0005711370647040193,0.032461244966410785,0.025735269303862385,0.006209167702255103,0.001209102134708262,0.02992463702149495,-0.01775153229781612,0.029418687172410918,-0.008312211679075476,-0.004062166354424801,-0.0008404333540014131,-0.005904174995769451,-0.0011233645057381336
2024-09-26,0.00825567537554095,0.006830600903047879,0.010169508766993296,0.007423567459572844,0.0068751690450643554,0.008950709787856503,0.006776782857936814,0.0005164073844581285,0.0030456905215421326,0.0017376592553273174,0.005263144509834117,0.012851935018100447,0.01314287458147323,0.022055430900140616,0.012544833802593525,0.0003247262499481707,-0.030797116263844848,0.010869590872437218,-0.003012045380823114,0.012345665230535818,0.0023509733541275946,-0.0007137727647806846,-0.0009613293665127198,0.0,0.0016244518904844352
2024-09-27,-0.0021130964016100595,-0.0022614201094409703,-0.00503360816505638,0.0017338931970736216,0.000660766041599592,0.0014785759525990372,0.000841415960391334,0.006709634104082651,-0.0006747149401772345,-0.0008673556016363104,-0.005235588849127115,-0.007250736847384864,-0.014100394568353103,0.044536238878507106,0.06415924031486786,0.0019480965836784492,-0.021183751718099275,-0.0012407073944229463,0.0,0.0036133833505518353,0.0052009193241691065,0.003979585608657521,0.0015635945919210137,0.003989048731279254,0.002494971795226064
2024-09-30,-0.026204325612391166,-0.025385339748757008,-0.02922988828919204,-0.022933807493643266,-0.022452134072459273,-0.03937007933143677,-0.029003804434797886,-0.008972019717516821,-0.0023633220860727056,-0.0034721693322968816,-0.006140324107387629,-0.010346907587741483,-0.013730029252704279,0.058461535107958484,0.07609147533302463,-0.0055087515531973,0.01464032728694109,-0.05196688634268243,0.027190378895388667,-0.051980212467996556,-0.004768197445046751,-0.0027441472176166215,-0.0014410366521552254,-0.0024721770617670558,-0.0007466097329275057
2024-10-01,-0.0019026412097470358,0.0,0.009843642028272148,0.0,0.002026574035062456,0.011270476345476288,0.00173155876702058,-0.002327991540173713,-0.0027072732917611253,-0.006097600688399929,0.011473922218425914,0.012300122539520286,0.013921167286783609,-0.00041529189840194825,-0.001159149160342765,-0.0035842492159454675,-0.0031367150800981625,0.004586167572630195,0.0,-0.0049845137592775535,0.007196731912637892,0.0036282071428765154,0.000637387592595331,0.004788433681567625,-0.0004981357864955452
2024-10-02,0.0,0.0,0.0,0.0,0.0,0.0,0.0,0.0,0.0,0.0,0.0,0.0,0.0,0.0,0.0,0.0,0.0,0.0,0.0,0.0,-0.008427192808027062,-0.0028516017143798145,-0.00024112676947807277,-0.002210237809663007,0.00012513467499997155
2024-10-03,0.0,0.0,0.0,0.0,0.0,0.0,0.0,0.0,0.0,0.0,0.0,0.0,0.0,0.0,0.0,0.0,0.0,0.0,0.0,0.0,-0.009420497274636008,-0.005106730480018307,-0.0013267471413926923,-0.006468220387964796,-0.0023785029862852802
2024-10-04,0.0,0.0,0.0,-0.0053144239682190175,-0.0011235783609111483,-0.0020263115949948896,-0.0012964036338866114,-0.005703946653975445,-0.006447188026329043,-0.004382121005141015,-0.004363001803293298,-0.004860285674927023,0.0005720299941696094,0.12297470001454869,0.12185684998242063,0.009810308626848174,0.07740720385997424,-0.008260843028192966,0.0029411735831661456,0.00834923639809304,-0.012300959668073208,-0.009649957972149181,-0.003381719787092008,-0.00544011972971814,-0.0011294260826674174
2024-10-07,0.024782067765310556,0.02279066928597384,0.018922036509453788,0.014247537227435991,0.01687289059903274,0.018274142657439763,0.02163565498895048,0.0075619537696471895,0.008538251165889577,0.0026408719699599903,0.014022773843279213,0.012820456688654724,0.02058322600998097,0.035886026219515754,0.0503447960162986,-0.009067318228836552,0.008761659531378196,0.04427878375480199,-0.02639300595969518,0.02957179947720867,-0.007535334355909029,-0.0036280550398291034,-0.0013329251748857018,-0.005111188235133901,-0.0042713108593985805
2024-10-08,-0.004783385201593604,-0.004547521726948056,-0.002813731055637758,-0.00263391613466879,-0.003318617773163779,0.0019939874591925477,-0.0059297455899127716,-0.005434759000770395,-0.00846596661655541,-0.004389815568934807,-0.009507333648532179,-0.010247118811245515,-0.011204481792717047,-0.10071427481515072,-0.0909388914534498,-0.0009804145840363043,0.02316152912146885,-0.018052070137902443,0.00903613614246912,-0.01723345539896759,0.0016871879112676513,0.0008322326193754837,0.0008494077383034426,0.0019828862258171043,0.0023971083382656744
2024-10-09,0.009345794392523255,0.01187759788035958,0.010158030941070262,0.0039613079549400965,0.005993350995254998,0.001990019385494479,0.012356238773399975,0.0,-0.002732237767417156,-0.000881820747579698,0.0069808295149189625,0.011571310539502333,0.016430560320024767,-0.019062729802178158,-0.036114119924629096,-0.008832203482467937,-0.023203160477750395,0.008978222139009562,-0.0029850718650553665,0.010053747183171202,-0.0056848186932458855,-0.0037422102055288953,-0.0009699542652596982,-0.00197896216899085,-0.000629269028113999
2024-10-10,0.0,0.0,0.0,0.0,0.0,0.0,0.0,0.0,0.0,0.0,0.0,0.0,0.0,0.0,0.0,0.0,0.0,0.0,0.0,0.0,-0.003917365051798294,-0.00010428325561184781,0.0008495108437860388,-0.0010815242946196069,-0.0005037898584209222
2024-10-11,0.016666634372933142,0.017155769985362612,0.016201083220583,0.01359048996833323,0.009046775158273679,0.021847116626701357,0.014309770593966542,0.00442357969282714,-0.0006849471657910389,-0.000882666379717012,0.007798973258047015,0.009632695881596876,0.020066924336646697,-0.02914984609164195,-0.04083927054242664,0.008910906421193188,0.019119346426997863,0.02351696208371945,-0.01197603679070025,0.022222236350730507,-0.004039167468288252,0.0003130416229122357,0.0008487897876572337,-0.0001804951017815304,0.0026461577981045092
2024-10-14,0.0007806877961924474,0.0013315714500408138,-0.001099488482424027,-0.00043248635833215143,0.002405436506728309,0.006316827174345896,0.0041493933563012675,0.002590732973354992,0.0017134762350115018,0.0017668249384155121,0.006018890196680893,0.0011925876677501002,0.0005464814399760431,0.013761464971040693,0.014453083061380934,0.006215261235013481,-0.010801622081263229,0.006209894353338408,-0.0030303001841675004,0.005434768712212712,0.0007470618687734909,-0.0017734004575726825,-0.0004846246072650606,9.026384307220248e-05,0.0005027135312398734
2024-10-15,0.021320804886430622,0.019060229063095457,0.017061123586032068,0.01254865348287959,0.015488636171668402,0.0169000477877852,0.018181760861049723,0.010335857966305095,0.00855285678806661,0.007054633259248266,0.008547008547008517,0.010125147521323763,0.00327684775929149,-0.02426985460918929,-0.022718527847033765,-0.0078023332032624015,-0.04655169446554286,0.026126273462232064,-0.01519755407174006,0.026126139872783005,0.012157481709020201,0.0051206798126017805,0.00048485958214961045,0.0048727749234289686,-0.0002512783859762724
2024-10-16,-0.01731157842233133,-0.01565894275903068,-0.018398317635964445,-0.0064102564102563875,-0.011170794120006655,-0.018043698678194775,-0.00852269032769859,-0.0020459851529245343,-0.006105844910814673,-0.005253927234280309,-0.007627131575244972,-0.012382111013804376,-0.014153461556448033,-0.025716640837316396,-0.02285263762351264,0.010812579251521903,-0.00241114618200311,-0.023656752369180967,0.012345667202249944,-0.026119389238508095,0.0042144545469453565,0.0015595916552604283,0.0006057114345618952,0.003142946050671558,0.0017591032225781067
2024-10-17,0.0015544199572943285,0.000441850832426649,0.007717801556665682,0.0,0.004779518282370221,0.0,0.0020466326826018566,0.004356700977107997,0.007508574280945757,0.007042280479784058,0.0017079810439188936,-0.0029850746268657025,-0.005521810967959895,0.0012980864779137402,0.0032258034744816477,0.004538067679653146,-0.0018126151468151885,0.00657086695488962,-0.0030487776068546246,0.01014198755058926,-0.01584298127704431,-0.005190490921788915,-0.0008475565798288232,-0.007429969007761383,-0.0015051140289660259
2024-10-18,0.02483188295901151,0.02385163118750988,0.01914660799545498,0.019784972488239294,0.014702709301098071,0.029497053939597118,0.01388889538176974,-0.0015739129138213626,0.00846883455702141,0.0034965167879690284,0.0008525018884864011,0.0029940119760478723,0.0038867125181543116,0.004753699794856958,0.010048231850193323,0.011293978188277265,0.003631928830497344,0.03590366207193063,-0.018348606461624728,0.03748323814236887,0.0007462653789638285,0.001147872359905433,0.0008482755413454779,-0.001172413930718763,0.0023866654936508525
2024-10-21,-0.00025241317626045756,0.002588398778375245,0.006978008751812315,0.001687026091048427,0.0004261763825614828,0.001878859402259625,0.006043498000588343,0.0007881970103640334,-0.010749065834856797,-0.0008711332827276985,-0.0017036164824293376,-0.002388023262593242,0.0011061777924026295,0.009892453429519499,0.009550405351445024,0.022335697496212337,-0.018094043331786103,0.001181579594208726,0.0031152617895386925,0.0,-0.0174709634778204,-0.007713211114581786,-0.0014529013501414223,-0.010203135471042568,-0.004010021085045223
2024-10-22,-0.0037869224359667886,-0.005163498191728344,-0.010660980463382375,-0.005052618729440739,-0.0008519896672487537,-0.0037506002827562,0.004004821154169669,0.0018377446716670853,0.0,0.0008718928175799334,-0.0008532293235916644,0.004189089902298049,0.006629817393603243,0.0017036165377852797,0.0019708015532748924,-0.015293435220513074,0.007370941451077417,-0.002753725242509386,-0.003105587072796623,-0.006021479124663998,0.000975781574487522,-0.0009453397140291031,-0.00012128211570772152,-9.124371446689317e-05,-0.001384003594684935
2024-10-23,-0.006588966201976132,-0.006055337002438543,-0.0016163956998497264,-0.005078277328584457,-0.002344928814951408,-0.003294103285845562,-0.004786554979876567,-0.003930857612125416,-0.005432931859664203,-0.005226533863811111,0.0008539579455519863,0.0023837538093547384,0.004939677114973229,0.007227894259578038,0.0141621010728199,0.0057052396047079235,0.02621953141327671,-0.01499015010555349,0.009345785368615855,-0.01189961024392272,-0.002707972279315518,-0.0023131239542771853,-0.0006062990894780684,-0.003375629454627438,-0.003023881628558933
2024-10-24,-0.006122433409398886,-0.006092293893303902,-0.005936352322716165,-0.009783122702338639,-0.007264960643816543,-0.007554325214644275,-0.010821661302901742,-0.0052616931616354945,-0.0023899487874629033,0.004378283829785223,-0.008532423430365976,-0.010106997497540404,-0.015838389178610468,-0.011819361770083914,-0.015128056113632993,-0.009454750752870722,0.0005941906670925423,-0.011213468506121704,0.006172833601125083,-0.010729197028882975,0.00640821080960996,0.0022130792056425097,0.00048529649745909786,0.003020888296484836,0.0029066519008840164
2024-10-25,0.00821350523439901,0.0070052808505800535,0.0038002006505943875,0.008210930014645568,0.008394304720913848,0.0038059137172814506,0.012560756163255471,0.0042316805501396715,-0.00034223918948772525,-0.003487305205987723,0.002581781924585025,0.004204185875328559,0.0077691963317598756,0.004271695092761041,0.00984639645568186,0.0009544632200317871,-0.017814681374242358,0.01458082702515151,-0.006134963492337775,0.0117308952052817,-0.005611960413439698,-0.0022081923011786353,-0.00036384209105189136,-0.002372931796610689,-0.0010080875811416812
2024-10-28,-0.0017820308330103174,-0.0013043610945991935,-0.005408329004920609,-0.0012859110494364279,-0.00021341135237662456,-0.0028436308223489526,-0.0024009390352907056,-0.0007901657368866166,0.0013694254289999819,0.0008748772655395864,0.005150201494601658,0.011961722706365308,0.009911826720659489,-0.00808169001309511,-0.004680145660737156,0.0028607805215197235,-0.02599759863205975,-0.008582809966005467,0.0030864168005624304,-0.008750820272564463,-0.0027132624447150366,-0.0023184869018676446,-0.0004853302161612616,-0.0008233129622235991,0.002522762118015498
2024-10-29,-0.023208380417911068,-0.018284706156041275,-0.017400745266165862,-0.018884093976327843,-0.021135817148627778,-0.02233838918528941,-0.020457289315634397,-0.011860752886938664,-0.00683763292100692,-0.006993033575937835,-0.002561873836655737,-0.0065011280411727546,-0.007633554760501093,-0.002572875931713625,-0.005094085649817726,0.00665613302375645,-0.014276876920964021,-0.03362192832012745,0.01846152085524344,-0.031339686638157116,0.0015235541471143588,0.0004225300126863285,0.00036424386613043147,0.0011902330339228495,0.0002515933847737628
2024-10-30,0.001566595570536844,-0.004878075847075891,-0.0016602272098750204,0.0026246317966189814,0.0017448600592613328,-0.0004861003704911271,-0.00040950978094156376,-0.001867258105824332,0.0027538700794178528,0.0,0.0008561512971603236,0.008923259640313708,0.024725274725274637,-0.015907172639403888,-0.018905063165618907,0.010390425734504882,0.0037783038734251484,-0.003958320617675759,0.0,-0.0034176350441093017,0.0029338723898981733,-0.0014781901700111622,-0.0008495003168036419,-0.0012802870745496353,-0.0017609986119300203
2024-10-31,0.0,0.0,0.0,0.0,0.0,0.0,0.0,0.0,0.0,0.0,0.0,0.0,0.0,0.0,0.0,0.0,0.0,0.0,0.0,0.0,0.0016250692472921102,-0.0005287411644196993,0.00024294721096240757,-0.0020144787340667936,-0.0027721927798779467
2024-11-01,-0.006777909442509222,-0.004901920118741132,-0.0022172611420037125,-0.008726003606586596,-0.007620258475845354,-0.006809382848795065,-0.004096697341041899,-0.002137841268624374,-0.004119427921109753,-0.004401408509824067,-0.02224121847890237,-0.030660448230511395,-0.035388772673006,0.011795564218572085,0.011641947703884492,-0.012464930402875551,0.03889585331746748,-0.01003977881043494,0.0030211452072894662,-0.010288065987181905,-0.014050845356747907,-0.005903496550346374,-0.0003277993976891439,-0.005459177348390896,6.318688893260788e-05
2024-11-04,0.01286087636872546,0.013434840837438955,0.010000016954210045,0.01100352127456028,0.012724835301832993,0.0137120621626039,0.010695196815865282,0.0037493141155955367,0.005170617626570673,-0.0008841598184811117,-0.0008749440143963616,0.002433145803675041,0.0,-0.0034542281620522086,-0.004365103453224273,-0.0050489064283907314,0.0006038785751414366,0.02239595684957485,-0.006024090761646117,0.02032806291203393,0.015521837504976155,0.005337888435720695,0.0007312316436587363,0.007406679071761069,0.002793666294642838
2024-11-05,0.0036278671122755846,0.002651307276338555,0.005500549962671464,0.006530256943529711,0.0021663447671502745,0.005314039147418459,0.003256000191278252,0.005336199716706735,0.004458198518364265,0.0026548942633435324,0.0017513536162996335,-0.0012135736925888985,-0.0033351354368127417,0.028162895176730096,0.03387805405740707,-0.002537263620800978,0.012070052300720668,0.004339752283536669,-0.006060600368335001,0.001584744555372719,0.005311629959561248,0.0005309870736973643,-0.00024362772271635524,0.004779011893469853,0.0027858834659033604
2024-11-06,0.008004147175890708,0.008373773496619163,0.013676148568182223,0.012543292359656233,0.005620452781327501,0.009130196255444867,0.010953365596026332,0.002919336769125591,-0.0027313700428147625,-0.002647864463170113,0.02622377587400071,0.026123861686034866,0.03402114189014105,-0.011799358815768768,-0.0019275691356880342,0.00254371770319084,-0.00596305180322354,0.015432098765432167,-0.009146332820563763,0.01853529005461496,-0.02738840817376853,-0.01029506695113458,-0.0012181566400549793,-0.010427141411833651,0.0017678922254362739
2024-11-07,0.01152663952446975,0.008741258624666903,0.0021586286556760648,0.0034172907821925502,0.010748065242474736,0.013333347865513323,0.01003210269801813,0.0097909214850731,0.0030811419174514576,-0.0008849422488592662,0.020442942884884685,0.024866858252258872,0.02265378827022113,0.01620465451613784,0.01197378835841012,-0.031081554971232217,0.014997000531242977,0.019858131292743053,-0.00923076042762172,0.02019530843376227,0.012527770743284039,0.008042895442359255,0.0017075179082337577,0.011831026438788639,0.0042858481034036
2024-11-08,0.007850104207214104,0.009098747040551913,0.01023160574312243,0.004257130804527387,0.004678885975357261,0.008458660836203169,0.003972998854454124,-0.0007861315360804255,-0.002047763396064939,-0.0008857260652752608,0.0008347117827525175,0.007510038978226996,0.01687762049171604,0.010490977792714906,0.01603053679632116,0.013747957014166978,-0.0029550376380079735,0.00993443298483987,-0.003105587072796623,0.007396114435936019,0.012701149780557808,0.002127627108959418,-0.0007305194277387184,0.003471245539240053,0.001631792215393446
2024-11-11,0.0005025432337468771,0.0,-0.005863571789590738,-0.005086888424290392,-0.001058489627035808,-0.01071762808174559,0.0015828653523597414,-0.0013112833899802112,0.00034200509439519244,-0.001773090179305603,0.011676409575163582,0.010894548289956951,0.002593360954801227,-0.016195987993525507,-0.008640174392706146,-0.009686769251272986,-0.020746909547019965,-0.001967342168041286,0.0,-0.002807208580032472,-0.0048653579698964,-0.002760026701261853,-0.0007310534765060384,-0.0019116894618995683,-0.0011278692210924257
2024-11-12,-0.02561529857946887,-0.023615286149146653,-0.021983946935740573,-0.01406051595512181,-0.020767102580114494,-0.015072995300249858,-0.024496204858441395,-0.0147059177091301,-0.00683763292100692,-0.006216669251581486,0.0016487794164097291,-0.00226891178870825,0.0010346453444629589,-0.006753898007815007,-0.00037894009523009586,-0.02021522131369735,-0.027239754871070443,-0.05499703246172849,0.024922094316309096,-0.04720655775058613,-0.01499345110485717,-0.006280646710150606,-0.0009755130956073943,-0.00902953182488797,-0.004014548971266407
2024-11-13,-0.006443298969072142,-0.0065963062456493304,0.002741228161903031,-0.0030250517143718403,-0.0030296341143075667,-0.00047826925201577275,0.001215017361198223,-0.0007995410162813243,0.005507740158835928,-0.0017873509822112776,-0.0008230327088155631,-0.001705445158487584,0.008268765392845712,-0.004249909840694621,-0.007202374251457866,-0.0029950134733079947,0.006222799213987162,-0.005006245154443256,0.0030395108143479455,-0.00954548228870744,-0.009485997966168114,-0.0006427162246862572,0.0014646984759556503,-0.0037736185582263326,0.0002519747148850282
2024-11-14,-0.009079118028534339,-0.007968073668003561,-0.012028414552530342,-0.009536181089485507,-0.007814209089131108,-0.012918645685369268,-0.012944971833043106,-0.010936245106854758,-0.009243360454556204,-0.006266758884215018,0.003294905443585572,0.001708358670511112,0.0035878878848971674,0.003414422648914117,0.00610919603472504,-0.018691571530541684,-0.0037105420939573808,-0.018448611725301323,0.006060600368335001,-0.017439136757268492,0.0057906083006109554,-0.0001072155229103755,-0.0014625562720129714,-0.0002771505902525728,-0.0021408612328394083
2024-11-15,0.007068094782804346,0.002231146748693291,0.0005534372175128865,0.0008752601673618354,0.0030627738449462427,-0.0014542076942313242,0.002458994544279225,0.0016180570558521623,0.0069108103628212625,0.0009008871542441899,-0.010673259599225049,-0.010801557489550029,-0.009193069579687352,-0.00808169001309511,-0.01442129269882153,0.004421805095306874,0.0012413749011399577,0.016659520695440966,-0.003012045380823114,0.013311493523959106,-0.0026571951348587364,0.0004288262869940329,0.0010984540162992662,0.00046209271029362675,-0.0001261295697296827
2024-11-18,-0.014036974896575849,-0.008904732846872782,-0.008296460036953612,-0.010931351260865085,-0.008505934870427593,-0.012621388852017572,-0.015126694429013376,-0.0037695043605051604,-0.0006862920670528405,-0.006300602680973433,-0.00663902947516859,-0.010919505152209075,-0.015463917525773141,-0.002572875931713625,-0.010011560868549485,0.008804613032041608,-0.011779267840598573,-0.024789890321362917,0.009063435621868399,-0.02189444603280266,0.001776154856378831,0.0022503116712322413,0.0007315921780564061,0.0018473761712152204,0.001893145148671005
2024-11-19,0.013709497427849993,0.00951082796966407,0.01282767993647993,0.015030986742459618,0.010935011130385641,0.010030090577827666,0.010377750038043976,0.006756756756756799,0.003090598991947857,0.0009057832675631872,0.0008354728994592886,-0.0005810929690233113,-0.002094208882117199,-0.01633710508925057,-0.0198365748616931,0.012084548235622439,0.026976240286686215,0.02714341933347031,-0.01197603679070025,0.02450516975978334,0.0050975077056971685,0.0021384003020108455,0.0,0.0021206284240742335,0.0015117504501660495
2024-11-20,-0.00416126424841512,-0.002243158428403502,-0.00440530300038533,-0.0030488335732693495,-0.004635741457162168,0.0,-0.0008217114888368071,-0.004026886600775992,0.006162283834903137,0.0,0.00500833438094217,0.00813949939816494,0.020986358194698074,0.006993083943600098,0.016666669189614458,0.0036484448339413333,0.0006107709847662512,-0.009228175354725199,0.0030303001841676114,-0.00965957177407506,-0.0031972799987887157,-0.001493726811358398,-0.00048734057791177676,-0.0023921439910780107,-0.00025153010146428123
2024-11-21,-0.010968873743540941,-0.011690606637052015,-0.01272125560252002,-0.01048490153114523,-0.007096910484393759,-0.009433932244610421,-0.007812522057640159,0.0,-0.004763504340110525,-0.0009049635667067735,0.0,-0.0028835064452106263,-0.004111012470021547,0.003906173683292158,0.0023418994526533954,0.008922685251864904,-0.002441942016365717,-0.01566467822204487,0.012084580829157865,-0.014862967500622437,-0.0007743316157843294,-0.0005341962209591822,-0.0002438355952912863,-0.0011989048515363976,0.0003774380728465143
2024-11-22,0.019540516656859408,0.015923566657894073,0.01736698097207623,0.014128021846543826,0.014742011183018766,0.018045143376018258,0.01782015417037086,0.006199551654807456,0.0020512637929019917,0.0027173498026895615,0.00415282386763538,0.004048653740556851,-0.0025799793195383502,-0.015564146825113756,-0.01752339398721725,0.010481483381171053,0.01529987745810435,0.03397846837197571,-0.0179104311903322,0.03229604265727093,0.0005534984921937713,0.0006414107120644719,-0.00012185451408186498,0.0009233469187743815,-0.00025159441483424416
2024-11-25,-0.0036259877605623325,-0.0017913531115389958,0.002202609488109575,0.004353504629019733,0.0006603297181457801,0.0014770447265071152,0.003257325954627577,0.004018154401933538,0.007164824143559123,0.008130095308852558,0.006617000928589967,0.005760368461068532,0.006207951005157808,-0.019323694563545546,-0.019817677727776983,-0.008103727614543699,0.008438781697455155,0.0024958657185905064,0.0,0.008221069088132138,0.02588786351461292,0.010790621289483493,0.001950933161165791,0.01245386028706652,0.0037740981232878834
2024-11-26,-0.012997140216645442,-0.013907541182644478,-0.015384632152515398,-0.015171218232765016,-0.01319838289055375,-0.014257590872693182,-0.014610337334430623,-0.00453570360249711,-0.0030487856094941757,-0.005376330486780656,-0.0008216801695042353,-0.0034364609538438673,-0.011311038294304354,0.0,-0.0012130521573864295,-0.01699347880003832,-0.020920525466012085,-0.030497950636994342,0.012158043257392004,-0.03374857054696345,-0.0038822451991709084,-0.0021139091739981186,0.0,-0.0025512417248007013,-0.0018799539310409008
2024-11-27,-0.01448511936576169,-0.012283880394698632,-0.012834838677045934,-0.01144362182944425,-0.012483311762635063,-0.01695757554356292,-0.016474526959091684,-0.016081540250166837,0.0,-0.002702730196016301,0.007401328430694409,0.004022970966909067,0.0031200771461510346,0.007165241735726635,0.006882593969349982,0.006648961550755672,-0.004884000476487849,-0.028889365188644045,0.01801807284468171,-0.029535878863673037,0.006928649676500198,0.004024968103782278,0.0006085317375206234,0.0036539830220012615,0.0030135342241190965
2024-11-28,-0.0016034368892100526,-0.002303086070672866,-0.008479367166500551,-0.00623334424411448,-0.004740385735649721,-0.0076103498404368475,-0.003768770871111271,-0.005720487325249768,-0.001359188417008217,-0.005420040566050055,-0.0008163140744579245,-0.004579296312150594,-0.0031103725438609287,0.002223261223567974,0.004020847235491232,-0.003963039514933819,-0.0036809490031118886,-0.005949717413136879,0.0,-0.0033816277692859664,0.0,0.0,0.0,0.0,0.0
2024-11-29,0.0024089771996282927,-0.0004617086828142547,0.003990947727423366,0.00044805602546138523,0.0024949106366720653,0.0051124742780979116,0.0029423998373421245,0.0027396842224958196,-0.0037427255967100725,-0.001816502734005021,0.0008169809875366862,0.004025372234618629,0.004160182210410479,0.014640634884744985,0.01601928461667912,0.011273214665386222,0.0086206521934451,0.007537117824166328,-0.0029498496028924626,0.006786203954311842,0.01032146072920792,0.004219870471732223,0.0012162305112677352,0.006189135234156762,0.002003050420767538
2024-12-02,0.023765003728930312,0.026789852433061423,0.024417874184746502,0.0210479036453608,0.017873323572196398,0.028992862519246154,0.022631977970043904,0.011475464512370248,0.007855175438613582,0.012738867210563498,0.0024490045041454245,0.005727376661184724,0.0036250488146900572,-0.0034980288924526537,-0.0035475029409028913,-0.01377049430471955,-0.010378515568006286,0.036523665794313764,5.855029376271625,0.03538760814400588,0.0023943973923172897,-8.407449892374949e-05,-6.069780229503571e-05,0.0015648419842360095,-0.0003623112108537682
2024-12-03,0.013562890688086915,0.01169586508787046,0.016075439320344387,0.013596517997875646,0.0100021545110891,0.012852154253607972,0.004098376353816935,0.0008103397873022722,0.00338869470329084,-0.0008985274103642249,0.007328940342982371,0.015375836300657975,0.018575803859843587,0.004826621263011255,0.0015822392045994338,0.004321780621553417,-0.001850634237580584,0.023774106440983767,-0.009063486885187766,0.02418040862334081,-0.008629009952998756,-0.002845364577964804,0.00012180995081290114,-0.003534524221426971,0.0
2024-12-04,0.0059186509440147805,0.008003570923111214,0.0,0.003028978493097245,0.005941911662052046,0.005856575123362351,0.011428599454918587,0.0010796468650755564,-0.0010131943947012667,-0.0008992668782863422,-0.0064672226523821985,-0.0022434612923551978,0.007092245180147172,0.0008733824496436338,-0.0039494621909560435,0.003310174925530651,0.024721854819886424,0.0159651926226807,0.0,0.016572049473254857,0.010745755708518656,0.003804698794141359,0.001096806848195353,0.004820431317891671,0.0023853711032257863
2024-12-05,0.005372233656447012,0.0044111160717321685,0.010911074559203815,0.005608296094230525,0.0030627738449462427,0.005822401323168691,0.0004035604763814593,0.0032353446047745926,0.000338073999581745,0.0036003738197356583,0.004068348200099159,0.008993851368239048,0.017605633532554732,-0.006544485952485579,-0.007137129370651363,0.0009897950238904052,-0.019903493680613393,0.001428596340879995,0.0,0.0015632251588066914,0.0020200132504564206,-0.0001053078108754768,0.0,-0.00027160036006212973,-0.0008767497248869383
2024-12-06,-0.003816793893129722,-0.003074207104189375,-0.007555364987675617,-0.005577018523030386,-0.00043613181530843814,-0.007235889907948989,-0.003630502188949891,0.0024187088095213305,0.001689734261666631,0.001793694603068996,-0.0032415034111245022,-0.0033426523872737146,0.0,0.010979358584718879,0.014376944482445753,-0.002636780596694588,-0.003076876126802852,-0.0040758099658578795,0.0,-0.005797115058005842,0.0014854046647048147,0.0031588440402998685,0.0009738506338248243,0.002263467694952892,0.0016297466250903003
2024-12-09,0.0012771392081736277,0.000881043824855432,0.005437738081508048,0.0030198314884659627,0.00043632210926203285,0.006802691330049626,-0.0004048675535606172,0.0,-0.001686883876185541,0.0008953098142157057,0.005691032099530036,0.011179430230485288,0.01334649978997482,0.0004344147994341796,-0.003937022951637115,-0.0016523841384989968,-0.008024756913137754,-0.0006139109945832999,0.0,0.0017941653319075712,-0.009217107238136513,-0.00346377887359961,-0.0003649082751603361,-0.0025293476695197326,-0.0012515453343102667
2024-12-10,-0.007142826002471292,-0.004401408509824067,-0.008112493507380858,-0.004731209047379004,-0.005016347871115934,-0.004826254897338567,-0.005670364275770279,-0.006702413005724828,-0.002703613494204671,-0.0008945089515725035,-0.008084074572923483,-0.00995018161249217,-0.011707287299923763,0.023447633177529292,0.02213444229953576,0.01224762828356285,0.0031114589520051528,-0.011261261401992795,0.0,-0.011640949328251216,-0.004704820656602715,-0.001790665620055809,-0.00012158767891723432,-0.0015395596066322126,0.0005011689799920838
2024-12-11,-0.008735930902936118,-0.010610052735913755,-0.010359836203466699,-0.009507333648532179,-0.007233626130727089,-0.009699321191076526,-0.006109964284798597,-0.003778661066972444,-0.0013555037349065602,-0.0008952415116665335,0.0008150456886955038,0.0,0.0019743034769703627,-0.008485314305487157,-0.009280733389545825,0.015042543916577555,0.011786514690902417,-0.017394893358157804,0.006968717819721082,-0.01857307408161102,-0.009454285190171774,-0.0029545086970028667,-0.00024339058117439638,-0.002721116115717126,0.00025055452628386377
2024-12-12,0.011664075019138798,0.01117068796206322,0.014325102498708775,0.009162330416565556,0.007507179194410796,0.013222316300653736,0.009016443612402725,0.0029802387105475336,0.001018007714439051,0.0,0.006514620541386407,0.015633655486032794,0.0280788027007004,0.00684637747823702,0.007416027341343057,0.0032216002310447855,0.019006829150322258,0.017492071218058403,-0.01038069505860606,0.016847492536821385,-0.012147452866145159,-0.0038099335219649033,-0.00048680682023505284,-0.005638882532023715,-0.0027548362011232674
2024-12-13,0.0007686864461446952,0.002651307276338555,-0.0010864323758836836,-0.0012970300380440447,-0.0002192008765359299,-0.0004832810424179046,0.000812288778770931,-0.0037817230663776957,-0.002372871010990485,-0.0035842431124375462,-0.004045307493306227,-0.0016491907808390271,0.0023957834562116087,-0.01997455193317843,-0.01782251429643189,-0.013808616364929138,-0.004813472904117155,-0.004349576717135317,0.003059510696699963,-0.00045395416309701453,-0.01021080683442288,-0.0046743315080224335,-0.00048704391653542345,-0.005579443886721824,-0.0028879423568775042
2024-12-16,0.004096277722769992,0.002644363682924311,0.003806483035694308,-0.0008657876547281118,-0.0010959938235685085,0.0014506917182333101,-0.0064935004616650804,-0.009219092807506435,0.0010193265030853382,0.0008993354879511806,0.0,0.0049559133603296335,0.007648212843480495,-0.00823931617993301,-0.010256419130939776,-0.012699426938297287,0.011487219842329033,-0.005616834072116439,0.002614355727572404,-0.010217983792837448,0.0029949710315744227,0.0003201918936401871,0.0001218435458236744,0.0012877059241771516,0.0018888539172294827
2024-12-17,0.005099438902985698,0.003956017127403788,0.002708558957032814,0.0,0.0017555811189478021,0.005311399383429949,0.008986978137950796,-0.001642073666876076,-0.006109925438593122,-0.0044923902789589,0.0024370678755196717,0.013698630136986356,0.026091081216206513,0.009619558604347933,0.005181313669828436,-0.000659645711245993,-0.001793112977746425,0.011506276150627714,-0.006518888180713556,0.010782317671120145,0.0024331035739688645,0.0,0.00012182870178278904,9.188072914190215e-05,-0.002136729187555808
2024-12-18,0.0,0.0017513536162996335,0.0010804805059290157,0.005632595470400847,0.0015333996163073849,-0.0028818004491888427,0.00040479033297047273,0.008771921569070251,0.0013660863128652778,0.0,-0.001620782618829808,-0.003783767287795614,-0.012020370165660488,-0.0012992934797423361,0.005154681667512762,-0.0013200993130648708,-0.006586862594382348,0.0,-0.0013123659599519888,0.0011348161440618565,-0.012455822320625443,-0.007703785423525822,-0.0018268213866858706,-0.0123542144116996,-0.010215407821364379
2024-12-19,-0.013698691645971928,-0.011363662888271286,-0.012952018973270474,-0.012925462822530043,-0.00962385016750622,-0.008670534676479158,-0.00728443563319503,-0.004619515556242515,-0.008526603090112994,-0.005555541427047173,-0.024350649953833514,-0.030927817980781258,-0.03462795508732108,-0.00043366127985411396,0.0,-0.017845370503729807,-0.0036166043032268558,-0.022957613450911296,0.010512473583889737,-0.02085697592321556,-0.015141386810971436,-0.0045312955796430465,0.00110181608171378,-0.005413494813877429,-0.0010234339635237788
2024-12-20,-0.0092591967565967,-0.010610052735913755,-0.01093493748901897,-0.009602846566652667,-0.006183718790754411,-0.010689975294552845,-0.005707349901269643,-0.005733084713249403,-0.007911921040621106,-0.006517733404948323,-0.004991667964679314,-0.01119820790398407,-0.00630151736561857,-0.0065075758566229824,0.0,-0.0026917875354763865,-0.006654604100557071,-0.018839953453586578,0.010403111152706535,-0.015744357233305584,0.005694112446209321,0.0036848811060481435,0.00012232036983106376,0.00394149594559523,0.006274881753660644
2024-12-23,0.024143269725470207,0.021447734523255324,0.019900531923597642,0.019832525875046914,0.01822221544053826,0.02259327459149385,0.018860229738936418,0.011806708588536718,0.011789186920561745,0.009372071495794776,0.017558515893923543,0.021517483927726122,0.027804863162157023,0.010917030749542311,0.001577870121372893,0.01079621124877539,0.012789225547924277,0.04811216352312564,-0.021450021941464947,0.041637218149422894,-0.009172206782774639,-0.004427207206643136,-0.0006113404635552655,-0.002897786298939997,-0.0026724240211161154
2024-12-24,0.0027883551419913832,0.002187226538277409,0.0016260328008552705,0.00043217850541665825,0.001746002435345284,0.00048033671941150047,0.0,0.0029850913136078017,0.004455077429986964,-0.0018569819304479207,0.0024651031986910876,0.0033259762960962114,0.004271519545842706,0.005615596987361249,0.002363189237234886,-0.00267022450436305,-0.005411800948948997,0.0006175757885664712,-0.0013151591406946883,0.0015808767532272672,0.0042286028180804625,0.0005423324665170259,0.0004893342039660187,0.0030936705420396837,0.0031899960602068678
2024-12-25,0.0030333207051040922,0.003055420906125539,0.003246703651614835,0.004319654427645814,0.003050095533646102,0.0019202779194631425,0.004828930786425545,0.000811758515620431,0.003070629622237586,0.0018604367278343137,0.013114741591156553,0.017127105544285204,0.017485807379571394,0.005154593141984076,0.0031434153755527383,0.0010040390725611914,0.005441247899494961,0.009668754639867716,-0.004828823838273544,0.008568179916502272,0.0,0.0,0.0,0.0,0.0
2024-12-26,-0.0007560176466669954,0.0008703087275292454,0.0021575467553509586,0.002580671412970359,0.0004344147994341796,0.004312454089286044,0.00080097950795599,0.0027033919865784295,-0.005782315595228682,0.0,0.0016181600332187962,0.0,-0.00046449652623359317,-0.0025640797829273865,0.0035252702768224786,0.0036777201909976576,0.0036080202236312697,-0.0024449505283185013,-0.0004411216959938624,0.0006707317655589851,-0.0005690571320684512,0.0007588042799373529,0.0002446407396621275,0.0009345651787018294,0.0025438430584496796
2024-12-27,0.003278657737626034,0.002608722189198387,0.004305721413443431,-0.0025740286907121046,0.0008683695101510125,0.001431239428593356,0.0024009390352905946,-0.0010784824848417696,-0.0020526673582627053,-0.0018569819304479207,-0.004038772113688527,-0.007061396027476796,-0.007434901800260629,0.0017137535525797443,0.0,0.0029980063696040116,-0.0065908092769138005,0.005106209086671143,-0.0026478140488264135,0.0017872828017426734,-0.008198601949500617,-0.0025996302487313327,0.00024448762492434994,-0.004201652237660114,-0.0034254839395049252
2024-12-30,-0.005530371435300552,-0.003035612265842813,-0.0032154666875132687,-0.003010739562331999,-0.002819897130602822,-0.005716993726231245,-0.005588798160173769,-0.0059378518363314425,-0.0010284774277353748,-0.002790726062863347,-0.008921379369746463,-0.010940918854545734,-0.014981330129178239,0.0025663548094434496,0.001951570469270969,-0.005313844044131377,0.013872107556977431,-0.01564725078546636,0.007522127142676194,-0.013826899584847951,0.008036792076921762,0.005864475508136069,0.0014668469644689708,0.004313165287306964,0.0014003896381655778
2024-12-31,-0.010364019313090722,-0.007394506278271762,-0.010752688172043001,-0.0073338952798140955,-0.005655908838944623,-0.005270679735560169,0.0,-0.004072807994063843,-0.008236093896536567,-0.008395465691280801,-0.009001624399278763,-0.011061946715938187,-0.006653963579358102,0.0021330732048363554,-0.005843382083539517,-0.006010026730901341,0.013682418613453873,-0.007638277737558763,0.005709229607076205,-0.008593437823714356,-0.005353088888004454,-0.0018355192539240006,0.0006103143118705301,-0.0025208129112347377,-0.00012715656960093913
2025-01-02,-0.008684531025502928,-0.01139347449385053,-0.01304344508958899,-0.009126493036992311,-0.011813627791359527,-0.01493259158176452,-0.017262156074258406,0.0005452687458360472,-0.0006920573711997058,-0.00282222994492054,-0.0049545704515373545,-0.006711392213426426,-0.01100479929070719,-0.026819887905712547,-0.027037637996895292,0.009741316886781703,0.005281586878158384,-0.024547572313072363,0.010917030749542311,-0.03284670186351446,0.002748171976840519,0.000540865910312549,-0.00024401404783847003,9.361790128514791e-05,0.0024157000422841968
2025-01-03,0.010048940569828746,0.006205646536383558,0.014317129721044708,0.011403535541735232,0.007084426001626287,0.013691946463363358,0.00612743551205841,0.002179782416740661,0.002423878262016954,0.0,0.0,0.002252217808209167,0.002902787190973477,-0.007874028887570272,-0.010873961280438604,0.01164339280399096,0.019264444826235794,0.015568390713518454,-0.008207366617212886,0.024292424040020633,-0.003197428117764689,-0.001621638117609847,0.0,-0.0023397286248960647,0.0015221049233402617
2025-01-06,0.03137751988002235,0.03083700440528636,0.028230168482051177,0.022549856073758923,0.022202644191400278,0.029425908127958644,0.023548515772178424,0.011963090157956158,0.007253854194763543,0.010377344095481966,0.01576764751766735,0.016853932584269593,0.01784851371815166,-0.01675489695776211,-0.015472278869287037,-0.010193997615845607,0.004009255775683451,0.0548088511484337,-0.026567888820843155,0.05180750778820142,-0.00446785869581845,-0.0009745136911490926,0.00024407360522693544,-0.0025328015659582537,0.0017730419360650895
2025-01-07,0.011130349086986291,0.010683760683760646,0.012143627908535626,0.005513159605313733,0.008602183352234505,0.01265235372190765,0.014676749411755896,0.0021493286870963857,-0.003429368381104525,0.0,-0.002451005294263675,0.003314950848152698,0.0056871893281620345,-0.003138999875295312,-0.004135665020993495,0.0006644670269169151,-0.0022818547610107265,0.011546921066097005,-0.008053704792104543,0.014448349999752752,-0.011277368696498202,-0.00455241479096935,-0.0006099420555046864,-0.004608346512987138,-0.0032870055783317254
2025-01-08,-0.01492166283778551,-0.012262130640525948,-0.018257694604684738,-0.009278836568526905,-0.006396653347490289,-0.011106011510817804,-0.010946078478523358,0.0,-0.0010323048812176383,-0.0018673851642538875,-0.0024569649968247953,-0.009911910744825447,-0.016022591637047334,-0.0031488842224769442,-0.0012458756952059558,0.003320002368354391,0.01658095593610187,-0.022239752361358445,0.011727570049034464,-0.022658610570343463,0.001280267838638327,0.00174220022310001,0.0006103143118705301,0.0016062528743585602,0.001268469154755092
2025-01-09,-0.011422910265894703,-0.011130162823555279,-0.011689675791265897,-0.010217087947401171,-0.013090060421204752,-0.014506274632644867,-0.015019730127499797,-0.015281493471396068,-0.0027557671999248745,-0.007483658001297022,0.0,-0.0038931976438325577,0.003352475756758899,0.005415200363704464,0.011642440562494194,0.00694907334853867,-0.019685060064852045,-0.02777775388899484,0.01515827677048387,-0.03267826891680525,0.0,0.0,0.0,0.0,0.0
2025-01-10,-0.0002512084953086857,-0.0030302898192302585,0.0,-0.008602150537634357,-0.0013046612546463443,-0.0018993786499551524,0.00040129329258498103,-0.00462831938644126,-0.007944782159708952,-0.0037700427109474965,-0.0008210681527908159,0.000558296154768323,-0.0014319954737842533,-0.006732563790665225,-0.005343163221301017,0.008872837826352065,0.015490559554580008,-0.00496893146270061,0.0021958382106004315,-0.002967400804463116,-0.006625592269116631,-0.007282588792883793,-0.001829733102422737,-0.005754179776052304,-0.00519386432010438
2025-01-13,-0.023115608560379974,-0.02040814974364502,-0.023118295977192505,-0.016919713216851928,-0.02264317240620939,-0.02854424399196065,-0.03008423549213879,-0.015317323639383873,0.0020891843567389934,-0.004730369105354182,-0.01314707078260291,-0.015066947512404338,-0.01959842688592839,-0.00677811225570224,-0.007851261490395833,0.00423450024547023,0.04915247990872307,-0.047024564745111186,0.02322527141688413,-0.049450494939517475,-0.000351027142736382,-0.0017519288174915326,0.00024436811217110055,-0.0028463287230992007,-0.0002546369970360951
2025-01-14,0.006172902493352117,0.00398933453960737,0.007705058771532158,0.0070608596718026995,0.005791983510038179,0.00783548544283863,0.009511974331410489,0.010000016954210045,0.005906882287630699,0.00760459196734975,0.009991711847484375,0.007365456383896962,0.002437835129793342,0.019108284123795505,0.021241158851317055,-0.011028224243570417,-0.001615443176621878,0.015502196732566809,-0.006423966427397176,0.020472061055146762,-0.00163876143214714,0.000329042227699583,0.00024440162289396383,0.0011417958927142369,0.00127370362247059
2025-01-15,-0.007668711417146756,-0.004415011037527616,-0.009830709949513516,-0.007887831182425753,-0.007973435175749,-0.011661851893509656,-0.010651381831507933,-0.006600706117658062,0.0006907961964768283,-0.0028302174694133653,-0.004946464043035559,-0.005624296866344247,-0.008754878396509125,-0.002678547632328887,-0.0008156793389185735,0.0022958247080908656,-0.0053937635669680795,-0.016985581149887352,0.007327589254458644,-0.01888128338332684,0.01723532893567481,0.010526389758675148,0.002198611202358869,0.011974929876569451,0.008777540211790669
2025-01-16,0.020350318516402455,0.01818184524840638,0.027026992906809433,0.023409908103535937,0.01696803540965619,0.029006928870785043,0.019047660417697454,0.0074750959509395365,0.0065585273925095056,0.006622560055318472,0.017398559706808703,0.018099529937821268,0.01766433165269521,-0.0049239305998312055,-0.008163296446508261,0.011780124890144794,0.027657278422519305,0.04046369095813307,-0.018827578872780637,0.0461871087939516,0.003227279534378402,0.0023870831441714646,0.0006093287081505583,0.0019721926920748256,0.0011348844190066654
2025-01-17,0.004796768418891364,0.004355400581083302,-0.002148211357669221,0.00043161892461296425,0.0026344442128360956,0.022455790156294952,0.0032507079123112737,0.0008243771633914369,-0.0020576341106150198,0.0009398352696148304,-0.0024430215334063643,-0.00611114501953125,-0.0019286109366233317,0.0022492643022407055,0.01234572649498844,0.005821484629095597,-0.0036940157970734022,0.006306495528729084,-0.0047972354508313275,0.003449068799842303,0.001723363100885944,0.0007577364895583472,-0.00024356447549400695,0.0008435311259840095,0.0008817193017052194
2025-01-20,0.010188486851284706,0.010841283321032291,0.009890126658010034,0.0073338952798140955,0.008758518544257354,-0.007476664035119707,0.011695855181729886,0.004809108655748018,-0.0036968013656757392,0.0,0.005714260801977122,0.010061504265893584,0.007729498084616537,0.008976609040712402,0.004878005285526621,0.0025723447821472956,-0.015360117641389559,0.02005426225430229,-0.009640636121673096,0.0178735527489422,0.0,0.0,0.0,0.0,0.0
2025-01-21,0.002017114928535735,0.0012869488850872912,0.002176245320146819,-0.0008565179796239386,0.0030388406897290388,0.0,0.0024773482655686685,0.0033783482640281637,0.004081584411463002,0.0028169300634537375,-0.0016233518928268076,0.0,0.0004793424822668868,-0.0022241653949595097,-0.0028317029437133767,-0.0016036287337970467,-0.009144705481364923,0.0020479214110158406,-0.0022124399807611494,0.003151719626319771,0.008945965792592547,0.003353220099745702,0.0003654821957561616,0.005806356561808057,0.002642827672945325
2025-01-22,0.013085083761691596,0.014567306101907596,0.014657964131241874,0.012001727454485467,0.009305351951852003,0.01035787321210302,0.009884669041635208,0.003928153536643997,0.00036955761563928213,0.0037452610960182486,0.012195121951219523,0.014941876003548238,0.031145184930750247,-0.015158276770483758,-0.008519232767646434,0.008352079533928025,-0.012486402892708526,0.025546700003779677,-0.01241679772816584,0.02356373396808431,-0.0052290448799539035,-0.002587381281121348,-0.00024362772271635524,-0.003165772462333072,-0.0013807030611234783
2025-01-23,0.0,0.0,0.0,0.0,0.0,0.0,0.0,0.0,0.0,0.0,0.0,0.0,0.0,0.0,0.0,0.0,0.0,0.0,0.0,0.0,-0.007770543807291808,-0.0025940107271665847,0.0,-0.0014010265262922594,0.0012569897760739135
2025-01-24,0.0,0.0,0.0,0.0,0.0,0.0,0.0,0.0,0.0,0.0,0.0,0.0,0.0,0.0,0.0,0.0,0.0,0.0,0.0,0.0,0.004491528059705319,0.002058977502380266,0.0006091247897246355,0.001964260380500571,0.0011297556333584868
2025-01-27,0.0,0.0,0.0,0.0,0.0,0.0,0.0,0.0,0.0,0.0,0.0,0.0,0.0,0.0,0.0,0.0,0.0,0.0,0.0,0.0,0.01180920390829332,0.00648857430734795,0.0014609538285088597,0.0069081202837548705,0.0007523204839341435
2025-01-28,0.0,0.0,0.0,0.0,0.0,0.0,0.0,0.0,0.0,0.0,0.0,0.0,0.0,0.0,0.0,0.0,0.0,0.0,0.0,0.0,-0.0006798590208924038,0.00010746896167690423,0.00024309071902628432,-0.0013907057762848618,-0.0003758774616532401
2025-01-29,0.0,0.0,0.0,0.0,0.0,0.0,0.0,0.0,0.0,0.0,0.0,0.0,0.0,0.0,0.0,0.0,0.0,0.0,0.0,0.0,-0.0020410511417705557,-0.0011817856487714717,-0.0006076254631138811,-0.0012997808080811302,-0.0006266661209357594
2025-01-30,0.0,0.0,0.0,0.0,0.0,0.0,0.0,0.0,0.0,0.0,0.0,0.0,0.0,0.0,0.0,0.0,0.0,0.0,0.0,0.0,0.003749507938306307,0.002151198726645376,0.0006079948962942616,0.0022310854741136588,0.0018812729232291492
2025-01-31,0.0,0.0,0.0,0.0,0.0,0.0,0.0,0.0,0.0,0.0,0.0,0.0,0.0,0.0,0.0,0.0,0.0,0.0,0.0,0.0,-0.006565476858768959,-0.0016099766966497508,0.0001215621825334523,-0.00324643801175184,-0.0020029549100666344
2025-02-03,-0.0427223346902007,-0.04434121564476923,-0.04761901651753764,-0.03600169326667979,-0.03516293763100753,-0.05032620104655661,-0.04526919207295965,-0.009222974500165848,0.004432982659262619,0.0,-0.013654593961784589,-0.02617223529286472,-0.0311338152567614,0.00588497781206998,0.004500765163635956,0.009238640368466555,-0.020890657336911422,-0.0852929231449624,0.043556322111180545,-0.08309579782790588,0.008113052740970397,0.0007095707895389647,-0.0006926945001884187,0.0015726668596379987,-0.0012543788627876343
2025-02-04,0.005967873240715793,0.00353514379571096,0.008988798334357506,0.0017574423803066175,0.001555548773871429,0.013248267457368401,0.000854355313713695,-0.007052186025941043,-0.0029422553194086154,-0.0018656432270118817,0.0048859809381942565,0.010078318765148753,0.010551544116269573,0.011701180779315923,0.007331988218722829,0.010416603951342474,-0.026389630962834087,0.005010866651347978,-0.003872639994589866,0.004304131373572551,0.003062575225169173,0.002478669309944781,0.0009761082472954374,0.0019582160449072017,0.00315417604418311
2025-02-05,0.015217935802730453,0.016732662663323072,0.021158060489032238,0.018859662507709762,0.01619701680007246,0.016949152542372836,0.016218487230777345,0.011931765904604985,0.003319813742590716,0.009345794392523255,0.0016207207922946942,0.006651952592192645,0.007593764246274004,-0.014679712207557594,-0.006065492167684372,0.014058131413169583,0.005767034636086965,0.03902016144877596,-0.019006502864277408,0.04119044712611597,0.016510223673347646,0.005805213233875062,0.0006094029961647429,0.006979990891589072,0.002641165624833519
2025-02-06,0.00431905910338326,0.0038978310050408194,0.0010905791367918916,-0.00215238912368243,0.006550201791658328,0.006190490722656206,0.004619933339725879,0.002526674769418147,0.004411725313194337,0.0018518235948350448,0.008899664139975005,0.010462521104769973,0.014130946570305003,0.006771991923863796,0.006509351013374021,-0.0003080197724955047,-0.0166284923535992,0.005215940045214085,-0.00264198451612474,0.0064029691029228175,-0.00044499850705248534,-0.0011757226723170255,-0.0003654376980770646,-0.0018484006828378696,-0.0015053028693490234
2025-02-07,0.0045535501293503255,0.005608296094230525,0.0016339203866888585,0.008196694872605992,0.0032538293024697573,0.0047326075984723825,0.010451504983386872,0.00392045346507186,-0.002562214334046242,-0.0018484006828378696,0.000801973584306781,-0.0021798032505960796,-0.0009289221802477599,0.018834084783103666,0.023848025790067506,0.0006163469119702114,-0.002332303735767538,0.016604400586738066,-0.007064011042243523,0.015223770953270988,-0.0064552236049479905,-0.0033172559520301403,-0.0010967138748251282,-0.00435186315465852,-0.003140703577793169
2025-02-10,-0.011332157972384738,-0.009438061559098654,-0.007068993127321677,-0.0072742703056974944,-0.00540540540540535,-0.009420631046870076,-0.011998382896646231,0.0008368924761823493,0.0022018152639406985,-0.0018518235948350448,-0.008012820316881553,-0.0032769310951109576,0.0004648574704291253,-0.006161945153147386,-0.007895805903744835,0.004619578242762712,0.008766780431294974,-0.016741490187458186,0.008003570787356695,-0.018800344955194226,-0.003024494827147284,-0.00021469447280919596,0.0004879945703506472,0.0002789805601919326,0.0020164293029136804
2025-02-11,0.006113076564373765,0.004330879282951949,0.001095273502503602,0.004741405618601924,0.004999990048615732,0.004755111676122414,0.008375241623460372,0.0039018780791746366,-0.0014646286693851263,-0.002782959585017619,0.004846514211071851,-0.0005479786494007044,0.006505618843527072,-0.0048715948061662795,-0.0027855032694750204,0.014101867389096912,0.012166806586784151,0.008097993868476205,-0.004852254520571919,0.01140510964783581,-0.0064044909530811545,-0.0025773785017727535,-0.00024392478892643066,-0.00223129294549107,-0.0003772956670969885
2025-02-12,-0.0015190027937104222,-0.0004311808855467225,0.002735229713636489,-0.0008580532037498756,-0.0028120499546288036,-0.003312810876158534,-0.0049834235719935505,0.0,0.0029336238490336175,0.0037209444267805036,0.0016076924902657108,0.0005482790946385041,0.0,0.002670288167537116,-0.001197078209744018,-0.011789697181321723,0.008013812392656972,-0.002265718029898278,0.002659635403874816,-0.0029318624512030267,-0.01357002085379333,-0.006890605174139197,-0.0013416345068618662,-0.005404415138874241,-0.0021389757317493707
2025-02-13,-0.004310298467954055,-0.004745496501438851,-0.006546628086543715,0.0008587900913390456,0.0032538293024697573,-0.0037986848460231926,0.00375626694602893,0.008883944773944163,0.009506406773507559,0.006487460040251136,-0.0016051119638154088,0.008219178082191858,0.0013849851547345082,0.015534774232321746,0.012385116158138088,0.01529519795058909,-0.028960829710706903,0.00722543361705319,-0.0035366896877960796,0.007690553832945035,0.016622685915865354,0.007480512330727995,0.0013434369081757325,0.007775921375921424,0.004539158005717914
2025-02-14,-0.011968454445968835,-0.011703497979880462,-0.009884695175323532,-0.007722020611867553,-0.007351354650549036,-0.014299332489808858,-0.009563390832956986,-0.0013758733310568205,-0.0007243917899868446,-0.0027623888266883334,0.010450123845801018,0.011413076649541498,0.014753399248865096,0.006118938030257315,0.0027624188793491378,0.002410419836242683,0.007602289933716921,-0.02029103099063534,0.008429397470791411,-0.021548835249193377,0.005299968641020447,0.0041967006173218024,0.0013416345068617552,0.003904417310931052,0.001129709669307255
2025-02-17,0.015206169836299965,0.014035074334395548,0.015529689430754168,0.013402467807287044,0.014158168765830315,0.012088974676534692,0.014693551047600506,0.008542230663353578,0.006524113960865607,0.00738684579704918,-0.0007955328285510488,0.004298698370400755,0.007269381191993496,0.004778397081474983,0.006296727602239871,-0.013826242204493688,-0.005223456470052179,0.03075316361303604,-0.012318468320977716,0.030970406490085756,0.0,0.0,0.0,0.0,0.0
2025-02-18,0.0035541861339867253,0.004757811929218425,0.002730748133985994,0.0038396296019995724,0.0021477334873631904,0.0071667461926843146,0.003309885124266776,0.002185842469672572,-0.0014404362573987584,0.0009165763109044711,-0.0015923324098080505,0.002140230970232082,0.0013531937568220798,0.007782114643613891,0.0011732767697913982,0.004266972989595885,0.008168103966305962,0.008930370991416803,-0.003563470868033103,0.0071206325111083935,-0.011777936441795922,-0.00535790829013183,-0.00085261505633627,-0.0040744033773089106,-0.0008776290490145611
2025-02-19,-0.0017707607160861727,-0.0055962248587150265,0.0038126194170577943,0.0021249468487682943,-0.0010715653069879316,0.0037950808357503085,-0.001237141717340573,0.004362045967309713,-0.00216370237767205,0.0009158068343446679,0.0,-0.001067789348550785,-0.013513513513513487,-0.012440970176872845,-0.009765624854480848,0.006980259086822871,0.006365665430091205,-0.004224514338626473,-0.0008940749670690584,-0.002430415573755118,0.0012485881073411864,0.001616047472226656,0.0007314099657025341,0.0005578573397611031,0.0007528868961681479
2025-02-20,-0.0038013177313699353,0.0,-0.007053733207984414,-0.0033927185810180838,-0.0010727147909421753,-0.0051985164073081735,-0.003715943647375153,-0.00027139852040691803,0.004336857206451938,-0.0009149688995733207,0.0015948719761451624,-0.005879241409041058,-0.007305963942993765,0.0013031615421519316,0.0031558154833217777,0.0048221773942283,-0.002300115559665916,-0.00646467112531568,0.0035794148698262696,0.0,0.003741093237498605,0.0020436962343928222,0.0001218435458236744,0.0024161521676031583,0.0006269975142045858
2025-02-21,0.007122838335015036,0.005627718838778328,0.0043716013757257866,0.005531927879820486,0.005154596419215236,0.004275505446481587,0.00787403815440424,0.004615752389183214,0.004677911352423347,0.00824177244533697,-0.0031847255632039273,-0.0010752524099042482,-0.006899724204749602,0.010845987343810481,0.012976795900347948,-0.007198610598931454,0.007492746853506871,0.018503469559552732,-0.007579138385241935,0.011295694581429983,0.012084929791734034,0.0059037720131280835,0.00170523011267254,0.0035227333247658255,-0.0018797182975245352
2025-02-24,-0.008840616453545946,-0.008179118081415249,-0.008705147317462636,-0.006347862804180537,-0.005201514238064253,-0.004730369105354182,-0.0028782769614555948,-0.0005405529125316333,-0.0017908036147535888,0.000908251367002455,-0.011980830962959987,-0.015608229858131817,-0.022232459141569794,-0.0004291125262055884,-0.0011646229184373302,0.003323281432703551,-0.02860411974221555,-0.01397484544878358,0.00628928069222523,-0.015768751885208987,0.0029014857098486058,0.0021342928139016504,0.0007296350869034907,0.002586593804128068,0.0012554735995655708
2025-02-25,-0.012996957652504526,-0.013020833678267674,-0.006586152405826162,-0.0072401913379338545,-0.00871462990373495,-0.015209111411935483,-0.013195863704091537,-0.002163277916378936,0.002511650258929299,-0.0009074271950121338,-0.010509259938843996,-0.014762148924785112,-0.02226438688365806,-0.009446166253967436,-0.005441095691378628,-0.000301063589546402,0.012956491556780803,-0.024093934082895507,0.011160714475780154,-0.02269688880281251,0.017247083286889398,0.007879861941354704,0.001336580878160909,0.007647671983693316,0.0025077987240400557
2025-02-26,0.005422169299520219,0.002198768748549851,0.0,0.0004289611416061767,0.005494505494505475,0.0004826549468559538,0.008357662057679294,0.005149014061035517,0.006442387320514609,0.000908251367002455,-0.0008169809875365752,-0.007214223494860561,-0.011143352039643228,-0.0017338105204953713,0.0027354315907317517,-0.006325273483339,-0.02674424252424712,0.00892113649993509,-0.0039735167374687075,0.010473532463767699,0.005906813895679708,0.002746985018900139,0.00036401866234436753,0.0021031064946546163,0.0013758675991291103
2025-02-27,-0.01129941953120328,-0.0070205830959929605,-0.008287292817679592,-0.005145784579527746,-0.011803298700051257,-0.008200660507553081,-0.013261488021288903,-0.010245377906495379,-0.0017781345276283167,-0.0027222815850365123,0.0,-0.0005589203361539008,0.011268925645216532,0.007381679167405508,-0.0027279694170099233,-0.008790569893078581,-0.005973738520729244,-0.01932961984873871,0.00930855482236681,-0.02095535837938589,-0.007068307224338155,-0.001158999116080306,0.0003638862009762711,-0.004197455058346566,-0.0018735186242617718
2025-02-28,0.0,0.0,0.0,0.0,0.0,0.0,0.0,0.0,0.0,0.0,0.0,0.0,0.0,0.0,0.0,0.0,0.0,0.0,0.0,0.0,0.012265937756304579,0.005485196480241816,0.001818861691022411,0.004398454769672044,0.002753016909357253
2025-03-03,-0.02311686726359574,-0.02386217005060487,-0.023398311689371565,-0.0193965517241379,-0.018358726679171378,-0.026264635189527374,-0.020999580479419855,-0.0049033045400406206,0.007125071788879778,0.0009099042104885324,0.001635297982433892,-0.009507812747352573,-0.015988313423225153,-0.007327589254458533,-0.009378654540331932,-0.011009192720251249,0.017427940274309828,-0.03774376227798204,0.019762795192978855,-0.037284262847022465,0.004652162590378872,0.0036193841368944266,0.0006414357371281689,0.0031475258028891393,-0.0020716450919416743
2025-03-04,-0.006647168198428366,-0.006790403084858898,-0.0034227386940687277,-0.003076909662602989,-0.004055887806300729,-0.003996019300463005,-0.0021449694640104378,-0.001916224942878797,-0.006720924336081402,0.0,-0.013877526108099447,-0.016939581573173323,-0.020187129395879744,-0.013026536494336383,-0.00788957632859244,0.01082246358904504,-0.027170760988153075,-0.010895620105691006,0.006029341134241584,-0.008128123346174077,-0.012314998308379344,-0.003145015763469705,0.00012135569585880468,-0.0032864762401195735,-0.00012557491262477072
2025-03-05,0.013115615140345316,0.012762092660216329,0.011448197108970382,0.01146380427575755,0.011538423364934047,0.016048206143338684,0.011177997692321417,0.0065826024271351535,-0.0003561335081555539,0.0018181540749289127,-0.01241721822935149,-0.005169495253999679,-0.0005025432337468771,0.003519574365032474,0.0059641996344108605,0.0045886060624165115,-0.004857311902932926,0.024895392074237188,-0.01155823847213544,0.02530730333686071,-0.007984286935327378,-0.0055736544295741375,-0.001091883621884504,-0.0032057013477082563,0.0005026503469083288
2025-03-06,-0.006076585978781357,-0.007200678968052654,-0.006225188815644156,-0.006102850626561573,-0.004025951886863166,-0.008884516276066234,-0.002976177443105188,0.0016348108268797734,0.003206275510023726,0.0027223508172937727,0.0067057451961356485,0.006928388968741039,-0.004524856330326288,0.014905750133644036,0.018972389883784357,0.0018270820040262592,-0.015253203740684396,-0.01268276925890699,0.004763993487424623,-0.011753643798163016,-0.0033075571384469926,-0.0005287164092014907,0.0006072753701933387,-0.0031241749661363727,-0.003767935712243986
2025-03-07,-0.00930356163325663,-0.009066182886058094,-0.007972717008040031,-0.00921055308559482,-0.009431802839855008,-0.00796815776493398,-0.01236677637920014,-0.004352553175128504,-0.005326691027807584,-0.004524886877828038,-0.014154845710580899,-0.023509122638846636,-0.029292944705847535,0.007775391280425925,0.003491084181177495,-0.0027355668210865547,-0.003097846279511929,-0.018506423309184616,0.010344817380417926,-0.01831584633978156,-0.003207974675136782,-0.0012697359419064913,-0.00012139988232262588,-0.0015669478504256595,0.0016388962924624995
2025-03-10,-0.005902903501406875,-0.005032049738345923,-0.006888616356283461,-0.0017706680269662378,-0.0029472016847972293,-0.009036160036817176,-0.006476667509435874,-0.0049180413300577985,0.002856120066131451,-0.0018181540749290237,-0.0016892278298915597,-0.0017616150697697952,-0.01612898488006409,-0.016288005229716185,-0.01314264173011781,-0.0015240185816790541,0.00310747275241674,-0.007320292551747487,0.003839596865926831,-0.009692270127662161,0.010431721618457734,0.00699230497274228,0.0018208488817677004,0.0034158303879658902,-0.0037759022515597707
2025-03-11,-0.01754385964912286,-0.019770128973599088,-0.020231213872832332,-0.01552106430155209,-0.01773530667156553,-0.018743652799616872,-0.01999135103197014,-0.00686436058673856,-0.004983958308577674,-0.007286002090370669,-0.018612495812546648,-0.030588217342601087,-0.042305657016323384,0.0034858353397200226,0.0011750402855479347,-0.004578684947094347,-0.009913249904750732,-0.036871508379888285,0.017849556482687046,-0.03743581564366705,-0.007138951170703511,-0.003577106326866808,-0.0006057848431209045,-0.006532331111643974,-0.0035375713695384725
2025-03-12,0.0043956211635045594,0.004221431370338813,0.007669634523644886,0.005405391658748648,0.0043981162813306884,0.010841539166759784,0.008869213734196357,0.0,0.00035772169088676975,0.00366973876953125,-0.006896578032394962,0.0,0.0209828142733286,0.00825004867755652,0.00899849195581659,0.007666359868777173,0.011264099520154947,0.01090490071236938,-0.003757835061415027,0.011692949097314997,-0.005973461354121246,-0.0029563803400224353,-0.0007275119489097426,-0.002963508843081275,0.0011410718239708295
2025-03-13,-0.00929976433184665,-0.0065390430423273305,-0.007611258949239419,-0.009408561260928372,-0.005531179238199901,-0.011235939294958253,-0.0074725308261074375,-0.00663527442408296,0.0014306479555485918,-0.0027422582045105726,-0.0026041269992226335,0.0012135736925888985,0.012980039126540444,-0.0008612640398976135,-0.005816266791545344,0.010955587451759063,0.012376284952223093,-0.017902267826516716,0.007544019303071137,-0.01783921131536592,0.008791463500572583,0.004024115770305148,0.0007280416078787599,0.003158056161299161,-0.005572472726798394
2025-03-14,-0.0033131202832354933,-0.004231283071919223,-0.0035398590177913025,-0.0009046232542282429,-0.0018540400515792976,-0.004648807473653815,-0.0013286398027845259,-0.0011133012854882551,0.004285744258335722,0.0027497988630034165,-0.0008703087275292454,-0.0018182003136837377,-0.004805174269136181,0.03017236347289365,0.024961049619036224,0.014148024946879056,-0.007335014349416968,-0.0007010698697073048,0.0,-0.0005115929715416856,-0.005295127952055889,-0.003480584433685041,-0.0007275119489097426,-0.0004629912199797248,0.004584827123567559
2025-03-17,0.008587274524973987,0.009914970795412925,0.008880994992334523,0.0086012186861526,0.007197617262306721,0.007784120517671189,0.0070953371541206955,0.006687146351304074,0.000711185982154694,-0.0018281953825147745,0.009581867986755643,0.00910746829261555,0.013948531054992941,0.010460251212981886,0.0019025584381340277,0.0005936615784785104,0.009236429842630844,0.01637043942956673,-0.007903516090754237,0.014845118023429471,0.004990624229509022,0.0008466786496392764,-0.0003639745203024569,0.00203799191220555,0.0024087531442962273
2025-03-18,0.004119747253103601,0.003740079825083953,0.0005868902998691361,0.002244165139817511,0.006454559068756582,0.006179181087021313,0.007926037535547659,0.007749758400753981,0.0017768708419934054,0.005494561541059539,0.0069024625697236,0.0066185687347406486,0.002645502645502562,0.0,0.0030383563971843053,0.007119599079946193,0.0024405684574098085,0.008053382307515067,-0.0058700752518999755,0.010088272383354413,0.000993117801400878,0.0011632890565949072,0.0,0.0024036437148162726,-0.0017705753154012571
2025-03-19,-0.012308533711363978,-0.012109878349711112,-0.011730205278592365,-0.008060918169090159,-0.010994034446034973,-0.015353122281003162,-0.010921800203850474,-0.007140849289283491,0.0007094200083777036,-0.0018215352648254246,-0.0042844902577140465,-0.008965929304471931,-0.01319261213720313,0.0033126262927420935,0.0022718465084832218,0.011781964718489357,-0.01460741123921705,-0.01894548777656424,0.0113876199151981,-0.021972503852606073,0.005181360659759715,0.0030632821499565477,0.0014565207849377426,0.005902419882386489,0.006588073496210489
2025-03-20,0.021600630465602233,0.021216406744485328,0.020771513353115667,0.013092523234692344,0.014590112636931218,0.023908556390030533,0.015017674989132201,0.008575312462209217,0.0017724617522834052,0.005474438708708229,0.013769416054531414,0.017490915820906672,0.0272727599118483,-0.00495249418703414,-0.005666778330991384,0.0017467649477835856,0.010500313198651856,0.03396930320656111,-0.01668055154987591,0.034465150827885704,0.0006580122657704468,0.0014742985572682166,0.00024235416978157787,-0.0014669114620199375,-0.001384526300526101
2025-03-21,-0.008132285306683418,-0.006925207561089053,-0.0017442037892896334,-0.0031194160752299194,-0.005249932321995998,-0.009137071328719881,-0.004786714760405264,-0.0016455721365966625,0.0,0.0009074687343665067,-0.006791197207408506,-0.010077041962032518,-0.015096351187572243,-0.018664485754772087,-0.018237064886088117,-0.007846569571664186,0.01466991211273605,-0.01800180042725985,0.007209502834774728,-0.01530111554849467,-0.0059184669900324005,-0.0008412390361547395,0.0006058772870156659,-0.0013772979601055502,-0.0015124164699538145
2025-03-24,-0.0010931781993894774,-0.0037192144540099115,-0.005824111926463482,-0.007152395469619766,-0.004359853910581024,-0.0010245745459473987,-0.002623584219029973,-0.002747315511711257,0.008138695696161768,-0.0009302183639171568,0.008547008547008517,0.013173634420611924,0.012685038023177109,-0.00295856700235253,-0.0038699837801553505,-0.003222044883366748,-0.0030121170638643946,-0.006186942546322682,0.0029473555715460176,-0.00726815512903356,-0.010253586951127325,-0.005788207133170964,-0.001332049018073489,-0.004321452845453377,0.0029032532693140656
2025-03-25,0.010396683428095077,0.013999066529529758,0.007029859224930268,0.006753714357400353,0.008296856773808647,0.0071794558794071595,0.009206532079706564,-0.0013773894796532682,-0.006318017080444438,-0.0018622399887817664,0.009322020967127864,0.011820331182463395,0.01043841302864812,0.0029673460945924823,0.004273528023686746,0.00029392114573201233,0.014501612660462238,0.01567901222405932,-0.00797651286699641,0.01767230470117842,-0.00011133460186785182,0.0016936173456911785,0.0003637538359748671,0.0010157965594383978,-0.0005033768114410808
2025-03-26,-0.0008123146571478168,-0.002300966373575686,0.0,0.0013416269444548323,0.0009143066406249734,0.002036706556540313,0.0,0.002758578596443906,0.0024726137811634796,0.0009328927832330525,0.0041981528665480106,0.008761682399173631,0.014979306844307594,-0.0038038948929973726,-0.0015474241755144558,-0.0005875574978186915,0.0005954926139377648,0.0020431189477512213,-0.00042311984292420224,0.0012403869819630486,-0.006573127821339564,-0.002324776473568435,-0.00024238355232009123,-0.004059063055466883,-0.00402981122605639
2025-03-27,-0.01897018970189701,-0.019833962136666772,-0.016870238507574964,-0.014292081444725935,-0.015528666155717352,-0.019817119384128,-0.020417081292655404,-0.007702855324635438,0.0007047377855924353,0.0,-0.010869527081512231,-0.017950149968188,-0.029007618057212192,0.002969864053056881,0.0015498224081766931,0.0067607154362585575,0.00833341091398565,-0.033529651104706626,0.016088024863039507,-0.03518337956464057,-0.002915717305986054,-0.0008473872254153303,0.0004848846326999112,-0.0012041242545421937,-0.0018964964398729967
2025-03-28,-0.00994476824175583,-0.010352926815257346,-0.014792899408283988,-0.017671019258776788,-0.012526117093064504,-0.017625681721425646,-0.015964466305226188,-0.007485457722430033,-0.0042253145597392905,-0.006523807620947286,-0.0008453601093473262,-0.004716998956176499,-0.00890983711242932,-0.0042300540060453695,-0.0019342802193930142,0.015474416913777267,0.0005903322648503906,-0.033755259471304755,0.016666650772094727,-0.030816641469157302,0.013834165750498562,0.008056763405953182,0.0018177597186257444,0.006028021096552649,-0.001773491073202793
2025-03-31,-0.035993287154492126,-0.03471232974714311,-0.033033033033033066,-0.029059054257733474,-0.03688042532485858,-0.03852244354489609,-0.04236144711285095,-0.02905030552209409,-0.011669021064129148,-0.015947438767129896,-0.025380711315192706,-0.0349526602405591,-0.04442098828212182,-0.0038232858575857342,-0.007364288074708902,0.034215137526531825,-0.01002950257475177,-0.07326543258776763,0.03811476720145124,-0.07525170735501951,0.00987352336004843,0.002944646329530176,0.000725839957872676,0.001935832208464161,0.0011420854619956788
2025-04-01,0.02054994530684695,0.022167487684729092,0.01863354037267073,0.016627078384798155,0.02170730218654726,0.02085621907467594,0.025411807789522012,0.014384350521969402,0.0017888814202411396,0.007626267023131739,0.01041670667904504,0.00982201450868292,0.009961278816586816,-0.0021322448947721506,0.004295146442068631,-0.015012535368404079,0.0375446445164922,0.04214661283642829,-0.020923832934933606,0.04183382837683558,0.00863450615195907,0.0035021366223965842,0.00036262539323932835,0.003560596301502147,0.0023070484619840672
2025-04-02,-0.0017016622039974783,-0.0004819571253764643,0.0030487804878047697,0.004672897196261738,0.00023877145801387556,0.001612919633106502,-0.0036714927807863784,-0.002552471834149972,0.0028571401323591594,0.0,0.003436439180715789,0.007294814275028427,0.013698630136986356,-0.002991439998519807,-0.004276777058303205,-0.008467378901397371,-0.006318243039382554,0.00627982909236624,-0.001612863282630106,0.002750274981335732,-0.0006557827084342494,-0.0009434377971235808,-0.0007275119489097426,0.0023007545699833543,0.0020332447293285316
2025-04-03,0.0,0.0,0.0,0.0,0.0,0.0,0.0,0.0,0.0,0.0,0.0,0.0,0.0,0.0,0.0,0.0,0.0,0.0,0.0,0.0,0.004593658181597293,0.010282272395727654,0.003761286033431288,-9.183854461614072e-05,-0.012428608072335035
2025-04-04,0.0,0.0,0.0,0.0,0.0,0.0,0.0,0.0,0.0,0.0,0.0,0.0,0.0,0.0,0.0,0.0,0.0,0.0,0.0,0.0,0.010887316457405927,0.0028039946048319386,-0.0006044125435614722,-0.0011019535803542535,-0.014254534110701322
2025-04-07,-0.10000003467906604,-0.09980712419197946,-0.09969601152878038,-0.09999999999999998,-0.10000005462573447,-0.09983900053049477,-0.09995385815088909,-0.09980092420455366,-0.09971507281581915,-0.09990537240757569,-0.12585620028727806,-0.1430295557316461,-0.16054052404455232,-0.08186883213279916,-0.08082778779737809,-0.031027615128005226,-0.14624271045498316,-0.1999500870771771,0.099757645012996,-0.19994512527733455,-0.030156117053073417,-0.011909630546402483,0.00012097407103950353,-0.01948883196339013,-0.008598275713151082
2025-04-08,-0.032512588983115376,-0.03695765404001172,-0.024307940277864537,-0.04031009329073809,-0.04057276097699147,-0.05307092461803209,-0.05629479682345451,-0.03348071607868397,0.030063299376543062,0.012192596905099329,0.035259535043319135,0.05000004298250449,0.07726979886794139,0.0037348236891274755,-0.012319494657965557,-0.012926040821742202,0.014895010598246383,-0.11201246145548949,0.024972468476212706,-0.10970174378082753,-0.018878451083001235,-0.005030954182053127,-0.0006047049254018777,-0.012657097854527954,-0.004599191604979014
2025-04-09,-0.04600328255633157,-0.04449388133601473,-0.06089967509867,-0.04846526735543488,-0.05362074655459459,-0.0478589795809925,-0.05856832388433808,-0.062418294888935244,-0.028801842305342773,-0.03717551108623085,-0.0435193813333179,-0.044936364404838725,-0.04602508552172613,0.008372107217478275,0.01032257080078125,0.009821483513127394,-0.07538359784488691,-0.11138443965985445,0.05983518758237438,-0.11205238635228587,0.005885730406812062,-0.0031602554597427446,-0.0006050708147037342,0.01671258358211647,0.026798663753094143
2025-04-10,0.09986324492663523,0.09953428720006996,0.09948415846427094,0.09960388459243097,0.09988311919669424,0.09920635120868893,0.09965434800761175,0.09968625478441018,0.08105967429213923,0.09900776730281158,0.10385756833307691,0.12289326369438869,0.14661649750381134,0.02029522730000033,0.01958284360593643,0.03359856703197672,0.07864359160086765,0.19968367425374622,-0.09972957304084573,0.19991329090781318,-0.027568408933473898,-0.006234770738824169,-0.00012101352801918708,-0.01699822265818307,-0.016328062008204247
2025-04-11,0.023320895079790294,0.02488095478503194,0.01608585257616335,0.011837380420138821,0.025756803628074865,0.024669110582429488,0.04819277469566852,0.02091917158073442,-0.02596931191875229,-0.024533856354899908,-0.025985677110483052,-0.028767923829343567,-0.028961765310151932,0.005876996195046669,0.004175301500442208,0.02737379791350092,-0.02140466213423642,0.05537250708145636,-0.0341719818284032,0.05601734483626508,0.005438570130310572,-0.0056358865816361625,-0.0018164388780927965,-0.00018999185811308106,0.0030060870620489677
2025-04-14,-0.005165640156495566,-0.008781054511549313,0.007915546833308307,0.006103748275624987,0.0018120552132729895,0.004697610319564616,0.00799599428195763,0.013970840600128431,-0.0037551061687008946,-0.0042253336267400465,0.013799448409499204,0.01867349542496699,0.019696117389464085,-0.004494399167178753,-0.004157940843798391,-0.000555105701950942,0.012303506751042859,-0.0021861717062604535,0.0042768512164945705,-0.0051334700114153975,0.007135490285846258,0.008020532380133671,0.0021836746877275104,0.006176887539190101,0.004951849014735332
2025-04-15,0.01007946967644191,0.01094323173688272,0.008507873205457095,0.016177941854757405,0.01472867399449962,0.017533605452854317,0.010907253967393782,0.014696862966285806,0.005653962105088839,0.0113153675409432,-0.005444632402330285,-0.010113722348869758,-0.01434873558783345,0.002708779547435647,-0.0025052764667908844,0.001110828030875588,0.0087777958867854,0.032863849765258246,-0.015873010012509625,0.03508765483707266,0.003542424306094416,0.0029704940902950394,0.0,0.005383450222991248,0.0027230170772001294
2025-04-16,-0.018143331655650963,-0.019587644596689713,-0.02011684607872899,-0.016417925630635932,-0.014769590636457997,-0.02354971832153674,-0.018146098232479924,-0.00875078216259495,-0.0022488555193436177,-0.0009989857706835803,-0.01459852642697701,-0.01787996770515421,-0.02071675297080755,-0.007203955605922019,-0.006697356697356716,0.022746177869020112,-0.0133868684660301,-0.04181814482717805,0.020456351542209816,-0.041542041387678585,0.005579570319657057,0.004336746654796109,0.0013315653012810902,0.004227379901715844,-0.0001293435405875787
2025-04-17,-0.011087175756618772,-0.006834926775059702,-0.0066225165562914245,-0.0070814057566773725,-0.00956316735636542,-0.0052940817440256804,-0.006993071618176638,-0.007610350429603452,-0.004507920189714576,-0.010400009155273393,0.0018518235948350448,0.0013003702488540991,0.007432836461545245,0.01541950858739427,0.014327861742379433,0.010848970367964617,0.035956627874852654,-0.005060107658908075,0.0015419817793063118,-0.009708695742808304,-0.008832508219461133,-0.0028435666323779474,0.00036265448324690475,-0.0014031947964247005,0.005819929513945832
2025-04-18,0.0021799491627150225,0.0010588259052080051,0.001333312988281321,0.001018833138731301,0.0028705796249373083,0.003548142064283999,0.005030200487486924,0.002760741006148759,-0.0041509664283608805,0.00040421297390280664,0.0018484711948041355,0.0012986814820921122,-0.005675368997274943,0.003126382167593089,0.0020773221870846736,0.0056345339923093984,0.008513369801538273,0.0038143091741018598,-0.0019245280193043168,0.01610646360367496,0.0,0.0,0.0,0.0,0.0
2025-04-21,-0.014294517589904077,-0.014278223796318823,-0.013981297519268243,-0.012213709396867056,-0.011449352672779578,-0.014731880052788027,-0.013013024766702963,-0.009788917352929083,-0.003789256401435126,-0.0048485187569049515,-0.018450184242133294,-0.018806705278066715,-0.025114120851179145,0.0008904923677177656,0.0024875399608108584,0.015741733185535844,-0.005194800369332064,-0.03324889298882294,0.016197457437364893,-0.037215774832021875,-0.01747970753609518,-0.005386587817771571,-0.0006042664864992497,-0.010772848017601033,-0.005914865685077375
2025-04-22,-0.016708758217473307,-0.016630852715843525,-0.016205327862011898,-0.013395188159494475,-0.016846622165548997,-0.019736860717643134,-0.018762623974038384,-0.012048174313168847,-0.006086030779338669,-0.008120132456577611,-0.01033833137543283,-0.01321877038770336,-0.012295117482399864,0.004003565588103886,0.003722090630769115,0.01996328191023844,-0.0006526942171478645,-0.025876168399461386,0.012523716088373327,-0.025769441112159286,0.00558143438294878,0.0007433332928246106,0.00036283445947637993,0.00246214147715329,0.0038805207765066907
2025-04-23,0.04424500987687385,0.043644298236814816,0.042553171435169235,0.034464783830368884,0.036412333759367366,0.05003058274797856,0.04651160727584003,0.022201416734211152,0.009567547188266579,0.017805954175539762,0.0370369780005364,0.04018754104057165,0.04860697745452813,0.002215380819019064,0.002472165834804807,-0.043008032575135635,0.02155453394261353,0.08338943785983721,-0.039730114460933774,0.07898603613451494,0.00971318576878022,0.0010611043759323202,-0.0007253134963550734,0.004439837691226689,0.005025117724279715
2025-04-24,-0.00583366393260909,-0.005750162498523337,-0.009874918105804542,-0.005047955422462058,-0.00671656749373295,-0.006391668009901097,-0.011358002085744556,-0.005060143912526849,-0.005307027827986088,-0.0034184228938295425,-0.0009157369680925509,0.0038634309912188858,0.013567039220350852,0.002652496185513664,0.0004110246162432052,-0.002421963211987399,-0.027493625047096848,-0.015518311019762532,0.004683798905307013,-0.012597930041702177,0.010535938755847685,0.005406001229890212,0.0012096102133296593,0.01025107043280693,0.008974319849258894
2025-04-25,0.023780149775529003,0.02523660950985196,0.03191491520313172,0.022831049521310653,0.02392713005696656,0.02456138566223509,0.0294705364184491,0.01621106941269912,0.0053353426398474735,0.004842571773996607,0.02566455628706521,0.033354794166855495,0.05744563790545243,0.0004409271934424641,0.004108479081463612,-0.0026975579968795405,0.012491754103009844,0.04413618997865121,-0.022144510485341717,0.045862026872306005,0.007366291269435665,0.003795473022066398,0.000845713394505454,0.005306271686280839,0.0008894497781271049
2025-04-28,0.008446418681655299,0.006153830503806024,0.0025773786284728484,0.003968193297365197,0.005080029676543418,0.0057077626564994155,0.005337151855671518,0.005630347713183159,0.0030325976592535664,0.0032128483908295813,-0.0008936414008713367,0.00124144593833031,0.0,-0.0008814657246768443,-0.003273319229047167,-0.0067622394304927,0.0019480965836784492,0.013586956020964935,-0.005562152929045605,0.011210104025402456,0.006299893828764835,0.003991148588089244,0.0014486087866609765,0.0023150292151628005,0.0005078191853757907
2025-04-29,0.0038887776189568957,0.006116192491882444,0.002570654760889024,0.005434812928295951,0.006065243374216989,0.015323478972790738,0.006274183032016101,0.005909754827104541,0.00982616167339212,0.009807880052965956,-0.002683390371813532,0.0,-0.001054916669791961,-0.011910033385752472,-0.0127258360231437,0.002450984466121131,-0.03110826224349683,0.018468815799832283,-0.00838997147664211,0.017280689866393306,0.008384572672863966,0.0034522632461266856,0.0006027368889782725,0.002309682233315069,0.0026646249331061522
2025-04-30,0.0047675985530886145,0.0020263888938274466,0.007692288129757641,0.003931218927556879,0.00125594662988604,-0.0033537778937753338,-0.005755435829154609,-0.0037105420939573808,0.005613829705599427,-0.0029732710329133383,-0.008968609865470878,-0.01177934977883266,-0.013727512822136467,-0.012499945717197591,-0.0049895607356131855,0.0008149627323470465,-0.02943141043457509,-0.0038022457331845505,0.003223204056796769,-0.0022436288686898953,-0.008093079293095107,0.001563819106988662,0.001325148867856063,-0.004700843551276868,-0.005315087152463982
2025-05-01,0.0,0.0,0.0,0.0,0.0,0.0,0.0,0.0,0.0,0.0,0.0,0.0,0.0,0.0,0.0,0.0,0.0,0.0,0.0,0.0,-0.0050519590156469845,-0.00434061994647911,-0.0020572702060313096,-0.003500696205192397,0.001285045541953433
2025-05-02,0.029062833446612757,0.031344776807813446,0.025445293114840117,0.022026431389039036,0.021826365242423762,0.02748173759179351,0.025084441352938525,0.013035324426848183,0.0026051244003688634,0.008946337371072977,0.0,0.0037641538675670105,0.011777285397755799,-0.009493715364097932,-0.015461798349972078,-0.020629704625009793,-0.0027567168312931933,0.056077527190973475,-0.030120482389158765,0.05653712429703206,-0.010824208569696347,-0.006712811141509234,-0.0019349819492719966,-0.0024260008517129616,0.0030651066975169172
2025-05-05,-0.00893373516863294,-0.012745127958409874,-0.003722027643208947,-0.0028735924077879504,-0.010066286570588945,-0.005458515374771156,-0.01035290886374085,-0.008272073002835278,0.0014847441494347802,-0.003940901732797153,-0.05339367896722991,-0.05124998092651367,-0.049206365353215986,-0.046097683063248907,-0.034804741655855564,-0.0022173455375444906,-0.0601243862822487,-0.026132955504744815,0.01283641701197058,-0.02705987856991421,-0.005585380991842137,-0.001795123277968269,-0.00012119394618215207,-0.0014030635182932238,-0.0003819554233153166
2025-05-06,-0.005524844228570358,-0.005461722333973573,-0.00933997473843906,-0.0014409368691412627,-0.0007440173493038493,-0.013721185740251052,0.0004755220425736173,0.009576811353727344,0.01149004368238482,0.00395649388640984,0.014340344377453462,0.012516428578967398,0.011686177736110137,0.012918682425443029,0.00747581697471511,0.03194448682996964,0.03161759848825785,-0.0022837220121216806,0.005314843539702352,-0.006875038146972656,0.003324173803628483,0.0025388539814739097,0.0008482755413454779,0.001967020234831862,-0.000764299915368194
2025-05-07,-0.0038011338975694198,-0.0009984869954819953,-0.005656876937439326,-0.003366988786881464,-0.0019856497700861953,0.0016694660926690474,-0.0023764801441752414,-0.0012240182115607068,0.000732816040458939,0.0029556950912099644,0.005655028112629523,0.007807397345923617,0.010451011356382933,0.009447367133617268,0.009602763632464262,0.00915208986871896,0.028510376323427122,-0.0028612303290415086,-0.0016267147327827525,0.00031468252786970297,0.004227153567258446,0.002637965694370248,0.000363317714274336,0.002056662785758112,0.0008922842262237829
2025-05-08,0.013208100495357478,0.014492722678799641,0.01390642851252366,0.008687273543770635,0.0121860653972512,0.017777760823567634,0.014292574925225843,0.006127474469343364,0.002197047765081228,0.0019646065053702255,0.0103093358479589,0.010974901704433382,0.011976031490419814,0.009358860446258888,0.005188103916447417,-0.004534595252905005,-0.01663206650843918,0.023529446792055264,-0.012219928569597305,0.024850563221642474,-0.011149070988867638,-0.0077878119334108264,-0.002057683281145528,-0.0050377918017356915,-0.00025466943353691374
2025-05-09,0.012456511126627268,0.009359575844750667,0.013715787348789199,0.008612454793099689,0.009827953407457235,0.009825344332655028,0.011272886838775475,0.008221694777988509,0.00694185680976056,0.008823544371361791,-0.0037105891888227216,-0.0025543367795849425,-0.006455067173968709,-0.0004636174790598746,-0.0068817138671875,-0.015273303844728359,0.025370022621370447,0.022988453627228456,-0.009072136633174965,0.022099485809700337,0.0014956843712745638,0.0007424660132642202,0.00048515363260048794,-0.00037506718195068345,0.0006369815510549603
2025-05-12,0.011158780819697789,0.010737004746533607,0.003075030634880127,0.009962005760554726,0.010219026745391213,0.012432448928420659,0.010218267828061567,0.010872866315774443,0.0018142650717742903,-0.001943679054138947,0.013035395772704517,0.019846390295019223,0.013535463136475023,0.017161449369137438,0.015158093510471371,-0.014965965634300638,0.0192439676495324,0.021649750695050596,-0.013732830390198458,0.023423386765671905,-0.009305056399672607,-0.006359284407255861,-0.0018184207754088355,-0.0001876397368577587,0.009929964977632322
2025-05-13,0.012167567585771977,0.01496856954787873,0.017780464671741436,0.011742602497281096,0.011801489845068458,0.009076331663339099,0.017931006420617734,0.01224977091301982,-0.0018109794749672226,0.0,0.015624971512486763,0.019460080259504853,0.02136752171585732,0.010031888294254498,0.01279860197207161,-0.005248686116072432,0.008766022596743861,0.023336943379576258,-0.011814374583622556,0.02435451469437555,-0.004058423965570768,-0.0007466634114583481,-0.00024285455374983833,0.0008443941305695812,0.001764772298210593
2025-05-14,0.022644605282398977,0.02188394943054295,0.02048189094267694,0.01624883982903924,0.018090982304108216,0.028571396277695005,0.023035241325267908,0.016528853038342062,0.0025399018933480733,0.006816013616723904,0.009954737322362739,0.018472907098212366,0.0271966371926764,0.008126424752856298,0.0037910763881887632,-0.010552548490143643,0.021390353877556167,0.04167757246784887,-0.02220326456318089,0.040962439252230975,-0.00663639188351095,-0.003736106671444528,-0.0007288333189525709,-0.005061875834107443,-0.0036491872539671233
2025-05-15,-0.0021869541270228554,-0.0009310844757949299,0.0,0.003654650863700537,-0.0004676281868040144,-0.00462959837829835,-0.0052979661768556285,-0.0014517781374639993,0.004343135826214262,0.006769796304761044,-0.007168417861123877,-0.001813711028045728,-0.004073257728258395,-0.004478297438933909,-0.005455273234695968,-0.02525965475438352,-0.02617798596338672,-0.005787588898574225,0.0030567552834182,-0.005503577417697247,0.008790436037067861,0.006535954123903176,0.001945003994163308,0.007160374416815607,0.0018944370459810234
2025-05-16,0.00273972602739736,0.000931952202022357,-0.0017708843198191992,0.0009103183933556469,0.003508807622898402,0.0010335759599080507,0.0004438627863763145,0.0034893554525878834,0.0036036173502604907,0.006724347626294591,0.004512635254770192,0.0012113685090768822,-0.001022557263752888,-0.009446652667430944,-0.008860801057427592,0.022746931354450384,0.0020161110712677566,0.013161178458931166,-0.004353438272109766,0.012174858801311084,0.0026722825345546486,0.0003193397755720806,-0.00024261882444376326,0.0018708788155983314,0.0011344552604737324
2025-05-19,-0.013934442905780386,-0.01350097352919799,-0.005322348449369629,-0.01682581651177273,-0.01398606684096304,-0.02013419699498742,-0.018633543000640018,-0.00898283319823634,0.0007181492814980484,-0.003816808341898237,0.0008984588623468515,-0.007259509534712216,-0.01432951832358853,-0.006357915262790503,-0.004257146975057857,0.0022521963774337905,0.00469481526093829,-0.030227269435230353,0.01355485153330549,-0.030617774913081597,-0.0028968712764710913,-0.000532117176846425,0.00036406284880285966,9.339062906610351e-05,-0.000503663012460076
2025-05-20,0.0019396293124682717,0.0018877261292835623,-0.002972651659166492,0.0050879098938145795,0.002600487289257103,0.007376153182161005,0.0022603632533262363,-0.00029246011717365406,0.00287046721553863,-0.0009578397764324897,0.008976660559270266,0.012187689979355598,0.016095486741887433,0.004570401522182799,0.005557976550130572,-0.0011235141164164242,0.006008021050610379,0.0025759916758236745,-0.0012942487597297214,0.002538053809907792,-0.007205144969130384,-0.001277631170431337,0.0001213409704408086,-0.0024274310031638935,-0.0005039168167220165
2025-05-21,0.015486742281504595,0.013188897840360259,0.0065593686555349695,0.010584459362432685,0.012025426158173591,0.010460251212981886,0.016689257463243568,0.01082195850961476,0.0053667125021752415,0.004793863714000812,-0.007117464776667415,-0.004816393873334546,-0.007664793170112927,0.007734307544787544,0.008503352538192788,0.024465660806701095,0.017916420917805542,0.025179823960939984,-0.011663086920638777,0.025597766817202938,-0.01709000443939135,-0.006929653568563787,-0.0006065386981684018,-0.011137059700566443,-0.006680095837662159
2025-05-22,-0.010893245825233655,-0.011157643362029734,-0.0035545384636731514,-0.006375269200190714,-0.009785569920417495,-0.005693534482928864,-0.010204145529848607,-0.0031828879045292524,-0.00640570472356583,-0.003816808341898237,-0.01702510351126485,-0.015124016659680328,-0.009268810916807313,-0.0045146899860922796,-0.005902166682172583,0.010705445687109405,-0.022164286128154465,-0.020551409040178603,0.010489584233828841,-0.020296197950099293,0.00523999565332578,0.0037573641265464808,0.0006069068106353548,0.005110668819013675,0.002030245743763759
2025-05-23,-0.004129955808330088,-0.002350728759632603,-0.0035671275601223407,-0.0032080520533106505,-0.0038186119710111877,-0.005205621906441471,-0.002689353087344304,-0.004644407659469052,0.0,-0.0019157526313554607,-0.00182312628811232,-0.0006142880936177431,0.0057172876216797786,-0.001360488904074586,0.0,-0.003802264823704382,-0.012666638692220067,-0.003326478591543447,0.0025951325157638205,-0.002519665126833326,0.0016585639565762644,0.0028876646317261834,0.0006064461533563659,0.0007533129317667253,-0.00025331483033708135
2025-05-26,-0.0011059563189440569,-0.002356267705894255,0.0,0.001379324375897939,0.0007187057520496865,-0.003139749264008951,-0.004044950678107395,-0.0026246762958567205,-0.0017908036147535888,0.0,0.0018264561483305464,-0.0006145718906089837,0.0010335759599080507,-0.01907357255053388,-0.015267201506206862,0.005452583458981808,0.011478671019782949,-0.005904975078225294,0.0021569989819794078,-0.005893841307560543,0.0,0.0,0.0,0.0,0.0
2025-05-27,-0.00885685523822044,-0.010392049976174822,-0.012529868896416274,-0.011019325627388055,-0.011252123905968636,-0.0467191280655348,-0.0072202097704795465,-0.007894750050890464,-0.00717620225751503,-0.0038387131305105404,-0.002734689432168591,-0.002460080813396659,-0.0015488025631614777,-0.007870373763501637,-0.006890605174139197,-0.007049949259769761,-0.0073431014712049825,-0.01807851182674336,0.00860958962034486,-0.018915900553710507,0.013956242017560072,0.004159187725339519,0.0003636656573371422,0.009032735185349416,0.006079840094842304
2025-05-28,0.001675526649787873,0.0062052651635218226,0.008459177622262004,0.0009285618045438149,0.004842633574675181,0.04515416669957606,0.005000027743252922,0.0002946749614876065,-0.0014456420461528285,0.0,0.010054830519000468,0.012947016911385889,0.016028987597460187,0.0,-0.00043366127985411396,-0.0057345464390445855,0.0,0.003945291824933417,-0.002987609642017608,0.0051798209869604595,-0.004315907291424392,-0.0027612800140012217,-0.0007270669054103562,-0.0024244173071154007,-0.0006295234995051802
2025-05-29,0.002230241889445539,0.0004743398637523377,0.0005991977661643499,0.0004637794151014507,0.0004819387412933196,0.006322428498143573,0.006784243075056429,0.004125020919580447,-0.005428868008916399,-0.0057804054515917525,0.015384587766897662,0.018867868454938597,0.02188296718451821,0.003266434616303382,0.005206110334288194,-0.012084554478246079,0.025554816231703636,0.005763640605439324,-0.002996562200139663,0.004294303041570746,0.009254930996703159,0.004153348065079054,0.0010914863968523036,0.0044867798885515064,0.0015117504501660495
2025-05-30,0.0,0.0,0.0,0.0,0.0,0.0,0.0,0.0,0.0,0.0,0.0,0.0,0.0,0.0,0.0,0.0,0.0,0.0,0.0,0.0,0.001508964029198756,0.0029695490145102976,0.0012113685090768822,0.002884771647448714,0.0008804993059650101
2025-06-02,-0.02141867095140826,-0.02086293989483956,-0.02215567034875565,-0.01715343996564822,-0.016136849139106846,-0.024083801589087073,-0.021563321531935076,-0.016138586332370308,-0.0072779788545274116,-0.009689922767163739,-0.01604274038611264,-0.02389486347576264,-0.023904397304817637,-0.015813960585483233,-0.014242551688365745,0.01640256137240015,-0.005901649350025573,-0.0429799433767355,0.02146844054723296,-0.8632920651510299,-0.00927208076617941,-0.00338370788252717,-0.0008227945073160273,-0.002820793891726863,-0.0001759380382320968
2025-06-03,0.007106310650218717,0.006295414294226642,0.007960826867503323,0.004245254228699924,0.005875194306771858,0.010729614085237982,0.008723536304821256,0.007754313918764799,0.0032991257449619393,0.0,0.004528985444649525,0.009791959383604665,0.013265337262834853,0.01417765780831215,0.013572656036399344,0.010940856021790513,0.005277039875413392,0.01333694604759561,-0.004203462699509997,0.013702626944678942,-0.0017614081661394554,-0.0009581005423253686,-0.00024294306474947902,0.00046701271971927305,0.0018944370459810234
2025-06-04,0.023426527226969363,0.025505307862953686,0.02247871695651882,0.02301554389736582,0.017279120998687558,0.016454385371259095,0.01866180519918781,0.008878343561177227,0.0007306740884849283,0.0,0.009918831911507331,0.0121212121212122,0.003021101844346452,0.004193856310693356,0.005183621650574288,-0.0018939311839329953,0.0045932184743988635,0.05130273094216942,-0.02701567254407533,0.0,0.01623335159086925,0.007352183831910386,0.0018228402504563146,0.007281541815697512,0.001890854940333364
2025-06-05,0.0019304514000844097,0.0037540486628617753,0.00594177053991185,0.0032139437026355022,0.0028707878965312794,0.011488234716669377,0.0022341888420100986,-0.0023467829479787428,-0.0007301405936721572,0.0,-0.002678598676409072,-0.0011975865164203237,0.004518118318582509,-0.0013920547730361665,-0.003008151845603657,0.0027108238133075613,-0.005878520582701885,0.001532974228084294,-0.000867616098784274,0.0,0.0006944965738817643,-0.0029616963886752723,-0.0010917511477407382,-0.003058404322409003,-0.0021389757317493707
2025-06-06,0.0016515445187890165,0.0014025388514176118,-0.0070879912971727466,0.0,0.0019084407096647826,-0.002581311346812276,0.0,0.0,0.005845810833252196,0.003913909372047053,0.0,-0.002398136378626514,0.00199896993644999,-0.0004646946407581565,0.0017240951234194224,0.0024330940390382416,0.005913281932251824,0.003571413001235646,-0.002605356990970864,0.0,-0.01272410078602626,-0.007956715287530503,-0.0017000533362782067,-0.006042591128780916,-0.00012601824667257677
2025-06-09,0.009618027091793824,0.009337068293624906,0.011897679520418425,0.006864988558352492,0.005238124302455294,0.011904777888655849,0.008024980059150755,0.003822436769510995,0.004358842313541,0.0,0.00447627586088184,0.004807710823928835,0.004987531172069737,0.00046491068226073295,0.0030120350909474958,-0.017529705873275514,0.02220765444773809,0.012201368543513169,-0.004788798706623298,0.0,0.0010545280479699048,0.0018179677581191545,0.0007298085301290502,0.002992889078791361,0.0005043289356081448
2025-06-10,0.026946091619352908,0.02358929775903995,0.024103413860147027,0.020454545454545503,0.019185161894229363,0.023529442984734583,0.026536862358437885,0.011423532414200688,0.003978322309915905,0.008771944827132838,0.0026738240634374133,0.002990430676591327,0.0009925406860653574,-0.005111552416899645,-0.005147959443761119,-0.0010980212789528654,0.012140609500887578,0.03867401663583481,-0.0205599828588936,0.0,0.005149751866094121,0.0017078995750814396,0.0,0.0024244884502959696,0.0023947876251100286
2025-06-11,0.0,0.009489339429586074,0.012629144585437846,0.008017830965513673,0.005345097577529767,0.00949522158185978,0.0077552913518295075,0.001737659293720828,-0.0010807163688094645,0.0019323376641757761,0.0008888753255207327,0.0023852663241066274,-0.003470485666005274,0.008407300628614278,0.005605828278256508,0.009343230510869605,-0.006313155335000986,0.018375256265381834,-0.008485870115602867,0.13423460339037963,0.003027505176359524,0.004156085190355929,0.0015802222938763322,0.003162756631540642,-0.00025143522410830954
2025-06-12,0.0,-0.0026857245349997116,-0.003968236805342307,-0.0026513747035982194,-0.005547801042101952,0.0,-0.005557895004654645,0.0,0.002884959431182166,0.0009643790401030472,-0.009769080719605028,-0.009518179925171122,-0.00497512437810943,-0.007410831231186021,-0.004717007366684345,0.007895478332197392,0.03875480427076461,-0.007597369692046385,0.0049548963613803565,-0.007979663249535474,0.011957264761957465,0.004351013669837478,0.0008495108437860388,0.005563855006408325,0.0011318870012910764
2025-06-13,0.0,-0.013464990838905289,-0.013659612624759232,-0.00886132045654675,-0.006508572206357255,-0.012376237623762387,-0.007738620094778659,0.0,0.003236251503640153,-0.0028902027257958762,-0.010762304468539763,-0.01501501501501501,-0.013499984741210946,-0.01259918123745718,-0.010771219726899872,0.01431655247820851,0.07767586716407826,-0.023205770830218353,0.01255045689592893,-0.02632545560002786,-0.009636300969774192,-0.0036982087529405794,-0.0007275076719495122,-0.005994112055005885,-0.0030150485976147
2025-06-16,0.0,0.0031846994473305745,-0.00057706925420975,-0.0013410954664752062,0.003509539197262379,-0.0030075493910557416,0.001299856444743508,0.00028905237031207065,0.005376330486780656,0.0019323376641757761,0.0036264178188343266,0.004878067388767171,0.00456155034244099,-0.0004726006121904547,-0.001742117150421052,-0.00026626689044872975,0.0034051908674592735,0.0053882250129941855,-0.0044267543512287455,0.006759305702155993,-0.010077640775273067,-0.0028635514883792457,-0.0001213704136148186,-0.0017627093403139726,0.0020160790257601757
2025-06-17,0.0,0.004081604972718145,0.0028868360785792024,0.0026857928375487727,-0.0002331154505825772,0.0065359632561596825,0.0021635324855053817,0.0014451749700281624,-0.001425989635174818,0.0,0.0018067261350533936,0.0054611279115190925,0.0035317707316866453,0.0,-0.0013089304775586452,-0.009323449128462613,-0.015271518840677234,0.006090133982947554,-0.0022231764148239463,0.004848976900591939,0.012169446836751696,0.004892647631264513,0.00048544799498317914,0.003438687284656572,-0.0011317447395601254
2025-06-18,0.008640365415049533,0.007226766701103449,0.008059926193842104,0.0031249863760811625,0.004897366586793517,0.012987043672072707,0.004749594606057617,0.001442979361002461,0.002856120066131451,0.002892989976726268,-0.0027051672464387666,-0.002413964416724257,0.0065359632561596825,0.006619446785919081,0.0039318547395239545,0.00026894693734358377,0.026421653983510263,0.014527845036319542,-0.008467046770754272,0.01410538801906136,0.001734121686461254,0.0006350291750847337,0.0004852124495722254,0.0007409635097730405,0.001510798767732302
2025-06-19,-0.009880202306460473,-0.009417067728769601,-0.004568835087789047,-0.005340440429639104,-0.008354620772261456,-0.015779077416608778,-0.007305546753318959,-0.008357374903491976,-0.003203992598754035,-0.006730739886944059,-0.0018082906962153533,-0.00544470138328812,-0.006493521836036353,-0.007515347481457768,-0.005221885738692533,-0.005914011187932555,0.011191877235490866,-0.021002357501118785,0.010786506567108445,-0.019765703302003113,0.0,0.0,0.0,0.0,0.0
2025-06-20,-0.001486193144203174,-0.00045265209365930037,-0.0028686172762230067,-0.004921727532508413,-0.0030423840278007708,-0.0020040538228540683,-0.005194841439468578,-0.005812286074581174,-0.005357129233224067,-0.005808354637290618,-0.0018116356419599633,-0.0006082168396521759,0.0005027959104295654,0.0028396297053538966,0.002187193163849077,-0.007030782172840477,0.0044272233014464035,-0.005850863828963493,0.0031124809042510915,-0.00522783022432427,-0.0018465511747461916,0.000634626168952046,0.0007274194489796937,0.0008329137931399888,0.0031426774407203872
2025-06-23,-0.00829256644208376,-0.00905797088929916,-0.011507479659850217,-0.00944240513650374,-0.006337949594773518,-0.013052163075093381,-0.0021757718910589974,-0.009061606749193207,-0.007540430482759208,-0.007960229370724492,0.0027223508172937727,0.0024345337130540212,-0.005527668861887602,0.0018876360156019345,-0.0013095018265090186,0.0002722854357521953,0.01377410497269449,-0.016674811173415183,0.005762458829464467,-0.01651646534496376,0.003237354448058838,0.003488391505048094,0.0013326945618057362,0.0024968029774816713,0.0018796226910804403
2025-06-24,0.01822474914112049,0.018738531935745373,0.01862629156809814,0.019064897367502276,0.018426618132689088,0.024923671131039438,0.020497135067564898,0.016224165554703074,0.009406665507351919,0.0028084896415470073,0.01176473350007079,0.014572004855760046,0.013137979705424296,0.01130474688144445,0.012237792697372019,-0.005445161051784608,-0.114673844931931,0.043890289534951776,-0.02071402422391555,0.04198467336218825,0.007260630485028896,0.0034762649319901584,0.0008469412405551768,0.004704312236954555,0.0027517351982584426
2025-06-25,0.01452934517418325,0.013458950570421235,0.012571411132812571,0.011581318946617403,0.008582670532273795,0.01935480841927739,0.01239320172029812,0.004644407659468941,0.0035842431124375462,0.006201191201945511,0.0026833221303617094,0.004787479136734163,0.001994982027353487,0.0046576797702795325,0.0073402451387727385,-0.0030112404606458254,-0.014119179659819903,0.02126133245751438,-0.00855079354547017,0.021611727804993874,0.0012585881971522994,0.0004199130236228754,0.00012091557160132105,-0.0011935113441365885,-0.00024942800951877064
2025-06-26,0.0012453585079070795,-0.0004426332334138694,0.007900729003298856,0.003962984906632494,0.0006899443333188149,0.0029211593054769835,0.00126630555595586,0.0011557617689084143,0.0035714421953474407,0.0,-0.00892060672267414,-0.007147093459586529,0.003982095948544595,0.0013908524371795128,-0.0038577005093103356,0.0019221173267707226,-0.005603935361544132,-0.004912294978983933,0.0018156607776667055,-0.005736817888619017,0.0050279373931081395,0.0035676424659289996,0.001208732866716522,0.003676822525164658,0.0028695661030624375
2025-06-27,0.0010364683938819397,0.003100075016747139,-0.0027995519759960175,-0.003508785314727203,0.0018386999342883126,-0.00533983545395933,0.001264784465175639,0.0011543174334409656,0.0035587323883337074,0.002982137736661894,0.002700297532656437,0.0017996584118171732,0.00793260350879521,-0.01759264173167474,-0.013339047719253427,-0.015072705575740697,0.006887893227174757,-0.002350728759632603,0.00045311413774884457,-0.001442445324161934,-0.006367226583570029,-0.002613969067288169,-0.00036217286772566304,-0.0016485053681757345,-0.0004976476349113357
2025-06-30,0.0014495691343363593,-0.0017659774679221751,0.003930358923375454,0.0026408719699599903,0.0006882032390884696,0.004392431342521874,0.00042106226870886054,-0.002017863868415515,-0.0010638541075833619,-0.003964336172743388,0.01436264319753544,0.015568898823446808,0.021151023055632212,0.0075400496036499565,0.009594387720301745,-0.000556495785417388,-0.004353214872906852,0.0061263104168418625,-0.001358726754944306,0.004333655816913806,0.009840949952603317,0.003983617316798194,0.000724608168869878,0.005504068088827863,0.003858665697275887
2025-07-01,0.005789883700641152,0.008845643281780058,0.0,0.0061457150032007135,0.005272800272083655,0.006802691330049626,0.0058922301472985605,0.0025996578672624615,0.0035498892864356257,0.004975124378109541,-0.0008849422488592662,-0.0011793172159980658,-0.0014451013628979936,0.006080499215069812,0.0038876956402129625,0.012806317444849391,-0.006870743833789716,0.01896956932907634,-0.011791307506995752,0.020855804920685284,0.0024702480413420283,-0.0018481333793789372,-0.0010378768222016163,0.0012042306979660662,-0.0012523664602930888
2025-07-02,0.000205636027055478,0.0017535900297296347,0.0033556534367220614,0.0004363268099789597,0.0029646766850393025,-0.0038610186464319574,0.003347277195938858,0.004033402285829046,0.0010611524163819386,0.003960411147315934,0.0017714521305505215,-0.006493452682169165,-0.014954201919339272,-0.00278937542091795,0.0008606049036423702,0.003298486211149143,0.008176168002150597,0.0016087834512386046,-0.0018357463903931892,0.0021134686361738986,-0.006353500822233071,-0.0020989041422512233,-0.00012122331804031994,-0.0001828849802099075,0.0018710431496182789
2025-07-03,0.013771801601874856,0.009627995397121225,0.011705720038805323,0.013083296816715828,0.009549840564214485,0.01792641626184799,0.014178488702180525,0.008608409322617083,0.007067164958702188,0.007889501088016448,-0.005305026367956822,-0.0005942133196804589,-0.000489671137222869,-0.006993077880821041,-0.0038693100473893294,0.002465757605147667,0.019338705718249916,0.027765044613227152,-0.013333375426544558,0.02671347279973424,-0.006965067339554043,-0.0034703356227668847,-0.001090864701704497,-0.00237835836952327,0.000622547957517483
2025-07-04,-0.009326826587976011,-0.007368864199090441,-0.004407730312715241,-0.008179118081415249,-0.006756825257831389,-0.009043356021309679,-0.005345360295965329,-0.007396931008354146,-0.0014035408956962758,-0.002935376040326232,0.0026666937934027857,0.004756260798292278,0.009309131992483843,0.015023549935911262,0.010358211926106753,-0.0032795553808239175,0.0,-0.021210091827318922,0.010251688261361913,-0.01848678620691091,0.0,0.0,0.0,0.0,0.0
2025-07-07,-0.005935344083190741,-0.004366812227074246,-0.006640824396836664,-0.0060763625589043135,-0.004308359031360953,-0.010086411505801363,-0.0090947174801993,-0.0017196205114164975,0.0038650953580521286,-0.003925431991061545,0.006205646536383558,0.002958579881656709,0.0033980434380689317,-0.0064755454006741875,-0.007261857214951539,-0.01041955183427623,-0.007956001646343025,-0.013001783231774033,0.0050738288193337144,-0.011510286809483405,-0.009543541674196354,-0.0031659249155199243,-0.0002427408272296372,-0.005959966174904352,-0.0033595155310905955
2025-07-08,-0.004529570147939865,-0.006140324107387629,-0.011142061281337101,-0.0034934631081127154,-0.004327001306518641,-0.0004852309585346992,-0.0025031067025920173,-0.005167967146510244,0.0,-0.001970413283174266,-0.000881043824855432,0.0005900065104167407,0.0,0.005121071354553308,0.009896710176484635,0.00803549222225608,0.019124083331254482,-0.006933209880670366,0.0027535320523841555,-0.008115721277274779,-0.0012769980395981317,-0.0014821023820171808,0.00012139988232262588,-0.0028595625635665645,-0.0013732910417857402
2025-07-09,0.010341261960279402,0.010149989986840913,0.010704190966109195,0.00613500952671342,0.010750169096136686,0.009708737864077666,0.0184023645698701,0.008657986258282957,-0.006300325764735271,-0.0039486822687905265,-0.000881820747579698,0.000589568638727167,-0.0033865358421726333,0.009263583211021054,0.006817207162041594,-0.011819689185018967,0.010290561233855966,0.018850303364745802,-0.0068649709799311065,0.017431510511519477,0.010461484815172284,0.005195057944814785,0.0008495108437860388,0.005735455646009635,0.0027503591271225147
2025-07-10,0.01146369274888892,0.011358698876555717,0.01282053026760388,0.01001736816998089,0.010183316970448386,0.008173062251164431,0.011498922994266358,0.002575111605815028,0.007749250631662319,0.003964336172743499,0.008826125093246207,0.010606971621259342,0.011650455808176474,0.009637405949947109,0.007194248088514543,0.009457584015920117,0.004194109801337387,0.012562814420636448,-0.00645167244584488,0.012937025417821157,0.0006901824270462154,-0.0005273222618994433,0.0,0.00018392791429255873,-0.0009974047122284224
2025-07-11,0.00425013327506929,0.004319654427645814,0.003852487396802662,0.0017249209392045106,0.003808288216106126,0.007153075926702224,0.0016240729553520517,0.004566205571678639,0.007340058720469722,0.007897289222731141,0.001749754531079173,-0.0005831259680211254,-0.007197696947846666,0.010454524647105723,0.009663926762939257,0.00523556412002435,-0.020286405008633657,0.014211636553189244,-0.007421143384760076,0.013807439950283884,-0.013794654301767406,-0.004643335072678556,-0.00024256423141555405,-0.00606948726945622,-0.0012479530456595
2025-07-14,-0.005844359271917066,-0.007741948609711002,-0.01425433624850947,-0.00430477824736486,-0.007364468220065423,-0.018465880458512163,-0.0117552052951152,-0.004829601703349007,0.0024288582777740597,0.0009794169991730328,-0.0034934631081127154,-0.0040839963428758175,-0.009183151051396221,-0.008546946946534684,-0.007490649189861087,0.006304812092172263,0.021924519407969134,-0.01801602756573517,0.008411229363757489,-0.017024173841087675,-0.0020981501719882223,-0.00042409791832875854,0.00012131154154859658,-0.00027756086962105186,0.0007496883607258642
2025-07-15,0.013581961161078349,0.014304304704859439,0.016685205501005607,0.007782114258576334,0.01124100730993094,0.02026047702080125,0.01599677237170205,0.006565787903260123,0.0003461484628974887,-0.000978458680108707,0.012269952187566657,0.014645577297567325,0.01609757586223326,-0.004990953075417859,-0.0004192968017562304,0.0,-0.01966626401682381,0.026953553559420973,-0.01436512822235192,0.029788662210020522,-0.007008509167660826,-0.003924428531799529,-0.0009701895700087171,-0.0036094343233069592,-0.002996602256753911
2025-07-16,0.008000030517578027,0.01016236707899305,0.010940918854545734,0.01630196350694746,0.009559811239482352,0.009929106872414328,0.009689130669472412,0.006239399636294607,0.0010380860567995587,0.0019589087230731383,-0.006926433348552474,-0.0034641504347477925,-0.002880490133101654,-0.004103974069104344,-0.0008389453706232342,-0.006810133648457173,-0.0006079166211570008,0.017423895021683622,-0.00893279407468306,0.017154397468365223,0.0014115411618882412,0.0027685496400511322,0.001335283005814869,0.0015790280806495804,0.002629919705517736
2025-07-17,0.005952365634483314,0.002986400278407908,0.006493489872433145,-0.0016884504296743597,0.000660620554892688,0.0037452610960182486,0.001199547635783782,0.0016911323017236857,0.0027652928745991456,0.001955004323323406,0.004359198023567767,0.004055602105960343,0.0038517239456539176,0.006410228418970432,0.007556687971532305,0.000274331774043457,-0.0018248592257255059,0.015608091041750871,-0.008064519777477241,0.015542305453434047,-0.00023489538014287437,-0.0003185598373173226,-0.0003636656573372532,0.00241115183549101,0.0009992734635813072
2025-07-18,0.01479289918567872,0.014461904756341681,0.01182794058194725,0.010570824524312794,0.010343337035817246,-0.0013991968353953554,0.014376944482445753,0.0016881698662967182,-0.001378866432669601,0.0019511897389481447,0.008680555785511856,0.009809560982722454,0.005755381046725017,0.0036396690342204163,0.007083336512247795,-0.0019193773644428092,0.014625214707483014,0.019637165863460426,-0.010042997895987393,0.018886416422849717,0.0015274028020881847,0.002761866772001076,0.0008488927431651305,0.0018503523398363253,0.001372605580101549
2025-07-21,-0.003692890850205941,-0.004192872117400381,-0.0010627154888467197,-0.0029288575240259407,-0.0026137863708036724,0.01634750070164781,0.0,0.0018539540946169025,-0.004487371896715109,-0.0009736950057699367,-0.000860572089047773,0.0011428397042410054,0.0004769008343872283,0.005893067600293289,0.006619770248533774,0.009065879190219395,-0.004204185971650953,-0.006070806656805483,0.0038647304713768094,-0.006711440897308463,0.008916027161862461,0.0034957820521244187,0.0006058772870156659,0.003878457525112955,0.0013707241165303863
2025-07-22,-0.006876272658664084,-0.006736867804276292,-0.008025682445076954,-0.005874985888981943,-0.007643640135846175,-0.011948557125861292,-0.011023574153623428,-0.010919571162247288,0.00242717387149316,-0.008771944827132838,-0.0034453189589668254,-0.0022830702251812607,0.0023832220816348837,0.007210448110018586,0.009042306372559095,0.008440004823156544,-0.012665807324425904,-0.01874472225210988,0.0086620977805274,-0.01801800087892691,0.006046472593795427,0.0028501703103407383,0.0007265385960695259,0.002391703968541492,0.0017421526702976475
2025-07-23,0.002967389280768451,0.005934757064418372,0.0010788145286722006,0.005909705324370629,0.007702515391640796,0.009302325581395321,0.0063694204644377805,0.01045905373337197,0.005534411907872405,0.007866303596498092,0.0017286480804852289,-0.003432529136386586,-0.00855921552846961,0.010290807083252584,0.009368694775263142,0.010259104860299129,0.0030543209833389096,0.01674182960448789,-0.008587710195106513,0.01769328309565421,-0.005547801042101952,-0.0035789088199013053,-0.0008470437480785353,-0.0015600455817285086,0.0004969057829484758
2025-07-24,0.005917144626156334,0.004214074956340852,0.006465500586098516,0.004615991735793745,0.004586134096394856,0.0013825025426628113,0.00870250424758523,0.0020126422449988635,-0.0027519753885755227,-0.0029268590415396645,0.006039662976931703,0.0040183522417063244,0.009112680558678088,-0.003985834937643262,-0.002421362858288867,-0.014965194708600693,-0.0006090273346754937,0.011821776317561206,-0.003849851831692508,0.009014832307145726,-0.0017433928903158868,-0.0014790514855960168,-0.0008477618394445718,-0.0014706218531378434,-0.0012416001115517217
2025-07-25,-0.00196075439453125,-0.00209819552495516,0.00160601202814048,0.0020885547733815457,-0.001739170240319332,0.004601932747151372,-0.0007843316770067554,0.0005739012522059106,-0.003104524087563343,0.0,0.006003469869616529,0.005717553086890703,0.004752851848902617,-0.004001785393678348,0.0004045400145473721,-0.005425956582412184,0.010968940088330825,-0.00605047771821976,0.0024154219911944885,-0.003509910970516672,0.0062871221255640375,0.0023275627223509066,0.0006060975970643145,0.0032216354573584294,0.0006215243765028688
2025-07-28,0.0029469097580552273,0.0033641843628726686,0.0005344245936114156,0.002917933409090967,0.0039198674292959534,-0.0009161564152372348,0.007064376311208598,0.0025810196542792596,-0.0010380200585761168,-0.000978458680108707,0.010230152745287713,0.010233104685706262,0.008514678825578548,0.003124986429299481,0.004448063582196626,-0.007092152826387865,-0.008438781697455155,0.010075605314952663,-0.00626501979598082,0.009285972455271407,-0.006479203478149453,-0.0022165831666433045,-0.00012116457735555919,-0.002018545050144094,-0.0004969675312334054
2025-07-29,-0.01175315343953065,-0.012573344188006708,-0.009081180427114033,-0.009143857652625043,-0.010845987343810481,-0.009628638444507454,-0.010522231464116794,-0.007437023121910746,-0.008659507888211015,-0.00587657671976527,0.003375540302775537,0.005627462111275516,0.008442791170371278,0.004005347367073586,0.006038631948826589,-0.005494526224051444,0.014589651063048326,-0.020781379356444418,0.011639173683325899,-0.01967007710117863,0.016885954371300027,0.006558793553246289,0.0008480699545407866,0.0066194837080471025,0.0006215419969497482
2025-07-30,0.010901867764976814,0.01103561450496815,0.008086253369272267,0.010486577449685397,0.008552702135879109,0.009722250479238914,0.009452531582809343,0.00201728222723796,0.006289252010796664,0.0029556950912099644,-0.001682124264676177,-0.0022383542435102655,-0.00046514466751457206,0.007978737120429402,0.012004847825405118,0.003314887551262524,0.04074297683742856,0.019100169284473,-0.011025956033329454,0.016504861979868668,-0.005153423612172303,-0.00346822728074192,-0.0010895044984889912,-0.0037445980520063316,-0.002111778496215022
2025-07-31,0.010784298765893041,0.012594458599644254,0.008556182371741272,0.006226650220026775,0.009567267028715909,0.013296624554462344,0.018337933519037453,0.0005752216709908886,-0.005555550404536702,-0.0029469847029894858,0.013479411496643001,0.020751524873323435,0.030711988324647388,-0.01231313498081621,-0.015421165791956182,-0.010187195346741507,0.009786992981023257,0.021241110849983702,-0.010179306496144958,0.02037565720335932,0.0005755199813810563,0.0008437231735094475,0.0,0.0002750163072360312,0.000622375466496683
2025-08-01,-0.00872940387195853,-0.010364842585534828,-0.005832481802316991,-0.0066006224629272525,-0.0038768103379855923,-0.005882366750035395,-0.004980883763033628,0.0005748909812401948,0.0059357569803366594,0.0,-0.012468827613866695,-0.019230769230769273,-0.025733620533824775,-0.011130899830393726,-0.01084339204418061,0.0,-0.005701275726912924,-0.01753671739508822,0.00930462944895849,-0.017160663031297818,0.01416246608158249,0.01147522404412084,0.004968577747481325,0.008835089704645676,4.983955775706393e-05
2025-08-04,-0.005870826732264578,-0.005865077144462383,-0.00746663411458337,-0.00415282386763538,-0.0034594561602617757,-0.010468835155694856,-0.0057758807276185875,-0.0005745606714918639,0.011454353690501184,0.003940901732797153,-0.014309802474466893,-0.01680672268907568,-0.019462450828765077,0.003602063680885781,-0.00040594079877720457,0.019193285453843467,-0.029816539096325756,-0.008509704628094084,0.0058223643052439655,-0.009841252887059726,0.0027328383580451643,0.0013586669419245467,0.00024191437431020368,0.0017331245659619743,0.003375801847137483
2025-08-05,0.012795305819703673,0.013485026999954242,0.015045608281234024,0.01000831470367558,0.013017975095133583,0.024839049249673284,0.01781568540891576,0.009198036401355747,0.0034317221538875398,0.004906771270980048,0.015371503631194328,0.01880343619235214,0.019848756271715562,0.01211298965120089,0.010154345713977886,0.002456336083163757,-0.015957473791147314,0.024282971089626404,-0.01205981695709335,0.02532859873843485,0.0030661399040043946,-0.0007306095043099203,-0.0003628299369393684,0.00072848143577664,-0.0004984537760416297
2025-08-06,-0.008746370384188573,-0.009563422252631182,-0.005293806417738689,-0.005367477572824297,-0.003640997514359867,-0.017953321118540422,-0.007610378908440629,-0.00028487997882631344,0.005471951048718893,0.0,-0.0008410300490983014,-0.005592841067852405,-0.00973126076838815,0.0008865451346249387,0.004422947297589186,0.0002723151743839747,-0.007207143221265588,-0.014510475706248416,0.004882831235591301,-0.012507805636519431,-0.00577382684997485,-0.0007311436848350672,0.0003629616302847083,-0.0002729643210224175,0.0009974047122283114
2025-08-07,0.028431387508616623,0.03274560517082059,0.0234167605013198,0.021170636084395733,0.019991407911101433,0.036563070788018015,0.026840520129878254,0.002564107022803741,-0.0027210858756485656,-0.000976547584287113,0.0,0.006749139075621136,0.013102494579988022,0.0026571951348588474,0.00040032942614454115,0.00435492215847888,-0.012099259203360635,0.050186605302413145,-0.02429543254876554,0.04813168315665606,-0.0017080565520400937,-0.0007316786470572545,-0.00048380400797898293,-0.001001188746716286,-0.0009964108873140587
2025-08-08,0.0,-0.0004065288760797259,0.004680155393664398,0.0012195246006414528,0.0010537246840172099,0.003968227003414038,0.004480915937564056,0.001420944976106453,0.0013642877197712622,0.0,0.0008417379760294885,0.005586592178770999,-0.0018475468659786554,0.0,-0.0004001692266277779,0.01436310995611123,-0.015921630746880577,-0.001974723562505387,0.000996038737035132,-0.0012083716819911716,-0.004334404714891105,-0.0023012680357173965,-0.00024197293337480108,-0.0031887615461840824,0.00012469936846559726
2025-08-11,0.007626267023131739,0.006506735027367094,0.0010351809078743557,0.008932184007240496,0.006315773411800896,0.006587615371558275,0.011152459058122899,-0.00028382905091006716,-0.00034060724366302697,-0.003910083225281302,0.006728304559265874,0.010000016954210045,0.009717680635884074,0.003975271864584906,0.004403547332559876,-0.014961297588169664,-0.0037336320523830846,0.016026921648864656,-0.0079601912624645,0.015728990809533938,0.0011455891061091794,0.0003145985484953595,0.0,0.0015537717142422025,0.0
2025-08-12,0.0009461315648342516,0.0012121335424557511,0.0005170946570409729,-0.0016096333862550827,0.0008368392503306232,-0.0047992620391481555,-0.0007353109265688662,-0.00056771098562447,0.003747826288696743,0.0009813392799185028,-0.0025062274854776856,-0.0038503681875236007,-0.0032080520533106505,0.014958212029706042,0.0075727593823078365,-0.01030640803977223,0.012492120720274835,0.002142114091407077,-0.0015045479359073743,0.0023823112565597437,-0.005034928990494625,-0.00020966640491681954,0.0007261868385284309,0.0009125613474187944,0.0022438332390517512
2025-08-13,0.008506558322536995,0.008474539220598487,0.006201534616238735,0.0032244569660953015,0.005852817274327071,0.010521673968720613,0.008094161548357182,-0.0039761259099315716,0.0037338972766478573,0.002941206389782458,0.010887733716498538,0.0127000978213887,0.012873577249461254,0.0039011770168373427,0.011867058105699657,-0.0005481078882897394,-0.0141887449245226,0.01146526368825529,-0.005524892576323159,0.01158643468260201,0.00828063537634982,0.003564356530670665,0.0013304379528973342,0.0052881275477834055,0.0026119288617807435
2025-08-14,-0.0037487713957330415,-0.005602216609354116,0.002568053455763053,0.0004017923100361198,-0.0008311949650434691,-0.004772260752779256,-0.0032846771474779324,-0.0005703010532567276,0.008116326465846146,0.003910008646646812,0.0008285510028513965,-0.0016357023061738252,-0.005901057801857568,0.0073402451387727385,0.0035183797050946097,0.003016194315044851,-0.004380456622617768,-0.0036503831201969428,0.00101012416840085,-0.0029368128153216544,-0.007414184321371975,-0.003238328393580181,-0.0010871357203751097,-0.003446443637312724,-0.002605124462009889
2025-08-15,0.0,0.0,0.001536900903934768,0.0024096630663277274,0.0016638521903247216,0.0021795990117838837,0.010252680048371543,-0.0005706264821405682,-0.001006332768678786,-0.002921085017309921,0.007450280411820609,0.00327684775929149,0.010045648165489363,0.0017145698953344723,0.0031164753980632565,-0.004374074743034528,0.009428008797540688,0.0025068432111978733,-0.001009104847206177,0.0008836164542778135,-0.00712474306027111,-0.0019911424822637303,-0.0003627422056091678,-0.0012741116959218424,0.0007462382768044229
2025-08-18,0.0028221581726315392,0.0036217058208627417,-0.002557544757033292,0.0036057446894097733,0.0072674101999588014,0.00043499828695359177,0.00833636476635572,0.001998278540209064,-0.0013431884373940883,0.002929642752861339,-0.002465040508512595,-0.0021774300660281076,-0.00045203818311967403,0.0025673711505245222,0.009320379460899586,0.0019221173267707226,-0.011830609383656765,0.011155967533383881,-0.004545462427060776,0.010594485438532475,-0.0028935184674171444,-0.0009451219585471238,0.0,-0.0018224617471787052,-0.0007456818204877314
2025-08-19,-0.0018761440066130675,-0.002405737206936709,-0.0005128518129006165,0.002395233946170139,-0.005771980807770638,0.0017391038977581097,-0.010634430167190567,-0.00256410702280363,-0.0035791116520499378,-0.0009736950057699367,-0.0032949054435854608,-0.0021822648587762616,-0.0027137317365550917,0.00042681300689650925,0.00038477218045041006,-0.004932866453716822,0.003150610655036079,-0.009701420016488882,0.004058946462240698,-0.008153720968337663,0.005803830425351819,0.002522575838860508,0.0004838625428005283,0.0015519277663362807,-0.00024880935424487216
2025-08-20,-0.028195488317453887,-0.02974280170621224,-0.028219600678495493,-0.032656360046645294,-0.02571009486914122,-0.0360242535279659,-0.03409933624549233,-0.014567219251179542,-0.004310374948839346,-0.005847938431231325,-0.001652867340844577,-0.009841376998555251,-0.01768704714958902,0.0025597041201088633,0.0026922959547777126,-0.004406495217865847,-0.0018844053283556539,-0.05243947190401321,0.02627582245370408,-0.05226079043525744,0.0021926694595033602,0.001467806601802124,0.00036269833912383476,0.00045577478967362417,-0.00037321199703821417
2025-08-21,0.005802693087687549,0.007456516558694171,0.005279831215551978,0.006998815355078847,0.009789248334185294,0.012606878505279084,0.012663082519910551,0.006086929984714606,0.0003607586266070051,0.004901960784313708,0.0082781454862344,0.006073941511066661,0.0060017901954605435,0.02638301443546376,0.026467224477743523,0.006362366045038037,0.01636244616676641,0.018041809516114782,-0.008862644505610251,0.016728653529989534,-0.00495155105843359,-0.0029313106065440575,-0.0008460200221357406,-0.0038265833652093573,-0.0018668516331984408
2025-08-22,-0.004807692307692291,-0.0061677632352900025,-0.0031512125207985298,-0.00040885568691806373,-0.0025613433467036595,-0.004446420752062252,-0.004926076687125414,-0.0031691331965713054,-0.003966776228589097,-0.0029268590415396645,-0.0008210681527908159,-0.0016465590383244466,-0.0036713529847495208,0.012023175708476774,0.010463403746286515,-0.0030236560506308185,0.0061919742310698744,-0.008761498022920367,0.0054645114226310465,-0.009750143138321898,0.0074065427904741465,0.005564876009919395,0.002177335298930716,0.00786537990813474,0.00810475748893591
2025-08-25,0.01835750266549674,0.021100563375711312,0.022655442479551535,0.017995885057195737,0.019045568122550982,0.01563197898798574,0.02246763699335319,0.009826594438788527,-0.002172388539749215,0.0,0.01150371044359444,0.010445350297013656,0.01566095716673188,0.012699691433027516,0.016272138010776427,0.009374142495085502,0.00184619610126191,0.04098036342770395,-0.021245074606639935,0.04061537522536063,-0.002871912593171988,-0.0019838657060814446,-0.0004828113007128154,-0.002631518095858154,-0.001978924375194091
2025-08-26,0.0009487521126509968,-0.00040521111134128596,-0.0005152297803756589,-0.00120525432030949,-0.0004200012224334637,0.012313118412098145,0.002607064947102611,-0.0008585798647955389,-0.010159607573392293,-0.000978458680108707,-0.0032494031749561447,-0.002176328338584388,-0.00045354241957196173,0.011731428947519218,0.014192187172261228,0.003824075042731634,0.01289920611888662,-0.0005789034849518204,0.0005048071252615749,0.0,-0.0005760720046057433,0.002615609910134653,0.000845304877284736,0.0007278154762515587,0.0022307634121896402
2025-08-27,0.004739336492890933,0.0072963237698597805,0.00309281496657543,0.0032179717350273584,0.004201696835099522,0.007384869551603002,0.011887061438235813,0.00372389197030798,0.00036657729582567633,0.0,0.007334975943467548,0.00817884432889704,0.00907441041463608,0.00039984921192792733,0.004305666604639713,0.0008162933142006334,-0.01637358772051478,0.01911558778184408,-0.009586303581388789,0.018036682905260726,-0.0011527201627792305,0.0018783293513144894,0.0007240008443147872,0.0003636777552891157,0.0012365335813633305
2025-08-28,-0.009433962264150941,-0.010865178866165781,0.0005138275518521418,-0.002405737206936709,-0.005857715141547204,-0.0025872827102978446,-0.008076333157232662,0.0,-0.0010993288984625371,0.002938325722246171,-0.000809049153362551,-0.002704164502460249,-0.003147468378834617,-0.020783391217018,-0.021078962394157963,0.00598154507897819,0.0024661477941252397,-0.017051913998016754,0.008150879347999629,-0.017136222694113523,0.006578184475322546,0.00229144063960085,-0.0003616925297063034,0.001545016548498701,0.0004940214267541432
2025-08-29,0.0,-0.001220516875643174,-0.005136106911526217,0.003617338767866185,-0.0023148276366143916,0.0008646647021333109,0.0003701046895787652,-0.0014269188286005763,-0.004035238790461082,0.002929642752861339,0.004048582995951344,0.006507658604939515,0.018944506116627124,0.02163268108757177,0.02627741717982346,0.006486531850453892,0.009840088878222186,-0.00019270545159955077,0.0010105381248035616,0.0005910300730935791,-0.007108492752862516,-0.000831360576367679,0.0008442852699597214,-0.003629708780048757,-0.001851642043246171
2025-09-01,-0.00952380952380949,-0.009368647868667312,-0.01961798199084741,-0.018021626171396243,-0.013921110515425106,-0.024190091159894678,-0.02330747510585507,-0.009431317954402219,0.0033149227938280568,-0.004868549317016857,-0.0040322580645161255,-0.01023711795684823,-0.014165546855696487,-0.0007990594172992971,0.008534842245925933,0.02363043001490528,-0.004872102517316845,-0.025255457480666044,0.012115082159935175,-0.023331391059863926,0.0,0.0,0.0,0.0,0.0
2025-09-02,0.0,-0.00041114657064666993,0.008952144611220625,0.004078303476533485,0.0006416851186497041,0.005312139174209696,-0.0018939105220839858,0.0002884685971500378,0.004772432790292047,0.0,0.0008097042438954816,0.000544399048323374,-0.002245172909078219,-0.002798868220056372,-0.00987308464807668,0.00550899541065486,0.017135904775445354,0.0,0.0,-0.001511921303959718,-0.007413409145670756,-0.0029745030637791142,-0.0005061828158423108,-0.0033333332406873498,-0.0010759488009697829
2025-09-03,-0.0009615237896258844,-0.0012340725801136543,-0.0005219525069408704,-0.0032494031749561447,0.0010688980988160512,-0.0013210173654555346,0.0018975042253019936,0.0025959087782272405,-0.0007307437760469826,0.002935450691938346,-0.002427147460087542,-0.0005441028392554337,0.0036003738197356583,-0.000801942956511148,0.00035613350815544287,0.01017478139884842,0.00842354889164354,0.002175644956955214,-0.0019949630773440363,0.0009085032974256446,0.010977490033362347,0.003453628373841111,0.0007256598738787368,0.005960512409851848,0.0027366739939478357
2025-09-04,0.0067372178822138196,0.006589748042076904,0.008877268659228221,0.0077424987878154106,0.005765463004687721,0.008818342033018345,0.0053030795083346405,0.00431534905414499,0.0032906819500033713,0.004878048780487809,0.004055149940183744,0.004899342244012228,0.012556067496671819,-0.019261618810866077,-0.020647914580115057,-0.0025827036587201535,-0.028639590434441864,0.012236060899280199,-0.005497281813759858,0.012708078467112527,0.007623930512140609,0.004484775943821351,0.0007252258827354918,0.006836827902136244,0.0027292050494647224
2025-09-05,0.010516237955713104,0.009410814685748337,0.006211164426486393,0.005661115564933317,0.01146498796224038,0.01005246075646915,0.01657869674192658,0.005729039353011611,0.0,0.0,0.008077544227377054,0.009750746118390774,0.011957470822634653,0.007774084392683012,0.0065430862841944215,0.008285854574688445,-0.001842793942270382,0.021836519085117745,-0.010552718014984808,0.021810562163492975,0.015246980975318847,0.00488008755702829,0.001449216337739756,0.006518798013552818,0.0004948770830286442
2025-09-08,0.009460738210708364,0.01216051899923376,0.008230484329992294,0.005629309097116009,0.009235987553388947,0.011250500978186695,0.005930313199658643,0.008544552316871679,-0.0010933194628867104,0.0019417179440988086,-0.004807741096502949,-0.0037553485577415113,0.002625847280155913,0.00568417790367115,0.010111909494276983,0.0015408673704950804,-0.011076941856971168,0.013737860222148957,-0.007618060663371784,0.014035074021298666,0.013324303722965336,0.0030998455831969807,0.0006030276514952249,0.0035081352529642285,0.0
2025-09-09,0.0103093358479589,0.008009611631731639,0.011224474225725478,0.008396604532098229,0.00873540251560545,0.013692755626996789,0.01658072118863374,0.007060152529717367,0.004377994888778769,0.002907006401446699,-0.006441187133818249,-0.0021539790148508153,0.004801356680145918,-0.006863143849505371,-0.008223080010106187,0.018974402011969094,0.0,0.018257128608877515,-0.00870010585101133,0.018454422837848705,-0.005683023389527309,-0.0023692145920419794,-0.0008436747474308559,-0.0017927299445945621,-0.0011129462622524455
2025-09-10,0.01948050477431651,0.021056826046953248,0.01765893064526125,0.01863599129704485,0.017525741734455647,0.018995357179985017,0.021384565035333924,0.011497471934001302,0.004722090720094441,0.0038647490423082687,0.0016207207922946942,0.0005396159907165021,-0.0008687964852022168,0.004471491922650062,0.0018024926035233868,-0.004529448856901097,0.009956431266370247,0.033641427369743626,-0.01652047435768289,0.03454137121303269,0.005715504736628629,0.002684585857788635,0.00012065302830355229,0.0029633784953841946,0.0007427278967615525
2025-09-11,0.009099180947368168,0.008560358782222721,0.011403089174800485,0.0038925652929480137,0.0022289891337938794,0.006628028765409688,0.006032649909614163,-0.002772344745415767,-0.002892260453629003,-0.006737291312381433,0.005663467526525023,0.0026968717176936163,0.004782635232676524,0.018615985789750322,0.018711714044042926,-0.004044485385688912,0.0018484711948041355,0.0005364588455296637,-0.0010497927147489206,0.0008209846345166305,0.006685964880809525,0.001544655802040218,0.00036182339852652845,0.004655713418389551,0.0024740794989741577
2025-09-12,0.009918831911507331,0.008873409277202038,0.001470603194891229,0.0034897011158736557,0.008896127164393475,0.003292193628632978,0.006701958783104756,0.00583817284809518,0.002900649888591511,0.002907006401446699,0.00241347880127063,0.001613787313650361,-0.0064906964966851,0.00198646153790194,0.00035324016497662036,0.007867958035233436,-0.023985260629333593,0.01805178835735033,-0.007882371017683187,0.01859448484687909,-0.004317017992670258,-0.0028788687348030306,-0.0001205948388720568,-0.001782345155280085,-0.0009871894144976023
2025-09-15,0.0,-0.0003824325182242294,0.0019578751370994407,0.0019319939087476534,-0.001402799452579484,-0.0024610586382488586,-0.001051180297236276,0.001105608490600929,0.0010846235289589945,0.0019323376641757761,0.004815397122542642,0.008055854052548383,0.0052264674056723415,0.0039651222915289,0.00388420238477849,-0.002770098536581833,0.018273469687729138,-0.007197991154616723,0.0026483658173610536,-0.00751674575293626,0.002334705069395593,0.0016497837407365434,0.0003617361532193275,0.0031247073247566703,0.0028409505871362928
2025-09-16,0.013392857142857206,0.01377202061045657,0.013190019484586868,0.008484428502124608,0.008428620379531404,0.021792775979704304,0.010873358942605105,0.0024848191483894944,-0.001805747325561824,-0.0009643054683117214,-0.0007987098766658596,0.004794934309570564,0.006932369252905746,-0.010268571564595375,-0.013366199930924916,0.009595986938321976,0.0030940122235554313,0.021573850056642252,-0.010565280492085827,0.02082770982794746,0.0021073070573927044,0.0006176400964661433,0.0004821711182350086,-0.0008899828549118194,-0.000739071144031378
2025-09-17,-0.007048485037513763,-0.007547169811320753,-0.0019286109366233317,-0.004588956814651102,-0.006169181558030146,-0.009255545479910698,-0.006592662597832644,-0.0035803101954950955,-0.00397969267119902,-0.0019304725018132185,-0.006394847578905183,-0.007423166012545224,-0.0012908253048508067,0.0043894897324741056,0.006060608945376966,-0.0012506062439476828,0.013571945288625153,-0.012982516602946137,0.006406878919713588,-0.01192370807964771,-0.002545608538166655,-0.0021604844759869346,-0.0004819387412933196,-0.0017816192217242621,-0.0009860003003610007
2025-09-18,0.010647778262033336,0.009505703422053147,0.005314039147418459,0.005378503571717541,0.010212297762413503,0.013809947999261052,0.014320704393264272,0.006080741261675682,0.0021794211567705,0.002901309651220929,0.008849545029078199,0.009615401074261065,0.005600981295920127,-0.00198646153790194,0.0,-0.0067618446205890415,-0.009129617513337518,0.019817586024298173,-0.010610119835120058,0.01930805546604475,-0.010319576973282452,-0.0032993061333363993,-0.0003616053474919667,-0.002052433808226728,0.0022208550079982903
2025-09-19,0.0008779497171329531,-0.00037667082303438626,0.0,0.001528444317258737,-0.0009910651398300496,-0.00320514035334607,-0.005165341637393017,0.0043956000193670075,0.0028995985235089616,0.0025072766180165313,-0.0007974359880725812,0.0058201381138391906,0.006426735386571014,-0.008758010085712975,-0.006732765107441807,-0.0002521008969155192,-0.003685587884540764,0.0003439590834586337,0.0,0.00026314487430023625,-0.0019061082373165172,-0.00041378831369620617,0.0003617361532193275,-0.0008048284522174098,0.00036930663618295334
2025-09-22,0.007017570629454406,0.007535795199679063,0.0038442468500976545,0.009156786877511536,0.003968193297365197,0.009244385142870515,0.0013845938515899547,0.0065644927449282076,0.0014455731141460593,0.002929642752861339,0.008778918175019745,0.008942645416415651,0.00596002210153479,0.009638545172488966,0.004281089152521345,0.011853654171970263,-0.0018494932531949448,0.013924661192983967,-0.007506669839785762,0.013677023974298486,-0.0035946945280989073,-0.0016557594666514186,-0.0004821711182351196,-0.002237336717195837,0.0007383405982830382
2025-09-23,0.01829266914892247,0.019446568159026567,0.010531413457682604,0.011342155009451904,0.011857753101024882,0.020708807499229875,0.013135124671900478,0.0038043313193183437,-0.002526152910031776,0.0,0.003955696154779087,0.005213764254895059,-0.00126958547559608,-0.009546530506957196,-0.012433406259775959,0.0139581602243255,-0.011735671883266963,0.025601961569375442,-0.01188543007207632,0.024649733792733386,0.006989884643894717,0.0027987627205343646,0.00036177978725659976,0.0019732821321958305,-0.0007377958536510798
2025-09-24,-0.0008554189291345438,0.00036686023945886603,0.0042633532471005875,-0.004486026942172927,-0.001953169674379085,-0.008193487884294637,-0.004435317746001921,-0.001353525688124857,0.003979761678025273,0.004868549317016857,0.0,-0.0031120648029997477,-0.00720337689933126,0.010040160796386255,0.01978421437062372,0.006145526010927549,0.019999980926513672,0.0011571353010821905,0.0010934144020768866,0.0015193101049288948,-0.00380649730242133,-0.0026875595676781883,-0.00048213728275081635,-0.004028260244652859,-0.001353687022640604
2025-09-25,-0.0034246705087982443,-0.00440048461061382,0.0,0.0026286603046166146,0.0009785333317209322,0.001966955177036489,-0.0006854166399760109,0.0018975249656376647,-0.002522511525197113,-0.000968977491067613,-0.0007880100308801374,-0.0020811337296331445,-0.005121625832745336,0.015904557638066752,0.021164034334966164,-0.01001709856719113,0.01960782480441492,-0.008421360289856517,0.0027308108065313696,-0.008091016460105571,0.0,-0.0021766864278627285,-0.0008443772901525204,-0.0017976323368377178,-0.0028342988614762366
2025-09-26,-0.016323036949930647,-0.01731127884726058,-0.017452815793595255,-0.021722800722729363,-0.016617835062787023,-0.028661182329111856,-0.022290796362537058,-0.012175345619218514,-0.0007225598823397128,-0.007759412552892364,-0.003154586090314493,-0.0031282903752285485,0.0,-0.003131112567315242,0.0,0.0022211291108376052,0.009615375798129211,-0.03530393373360741,0.01742917669859989,-0.03619674191982836,-0.0008990989889466894,-0.0005193250660291415,0.0006036100189317217,0.0013506350547123347,0.0019773067934989452
2025-09-29,0.0,0.0,0.0,0.0,0.0,0.0,0.0,0.0,0.0,0.0,0.0,0.0,0.0,0.0,0.0,0.0,0.0,0.0,0.0,0.0,0.00821142536568531,0.0029099851979281777,0.00036191071923963314,0.003327063659995133,0.0017266821224319884
2025-09-30,0.009606973573109912,0.010494821734098547,0.01296205909114323,0.013782448000362768,0.010934378636238806,0.01940179131033526,0.01297786492158437,0.007943054748274392,0.00867678136088701,0.006842589710266411,0.007911392309558396,0.010460251212981886,0.005147991921155448,0.004711458283019221,0.012089756991272571,0.03176559704848958,-0.02976190611348406,0.024684944060588077,-0.011777367082920653,0.023274192580156727,-0.002900753261219413,-0.0004145172593507107,0.00048240371937602333,-0.00098584521013112,-0.0003693521158090185
2025-10-01,0.0051902982875506876,0.004080141241143975,0.007109004739336511,0.004154101790879494,0.0019666134084399545,0.00713720489111358,0.001385073292581085,0.0002717971858106072,-0.0003584311476189095,-0.0019417179440989196,0.0,-0.0036231726671802633,-0.00768247131162092,-0.003126218180110607,0.0,0.00023862341692337807,-0.008588920012347456,0.004717063583705716,-0.0027085178515855457,0.005686255583148281,0.002573549981837869,0.0033588926225590118,0.0011572320195833772,0.004001084692232908,0.0018597935524805025
2025-10-02,0.018932914246259758,0.021056451541988874,0.012705867991728015,0.0,0.012757560381715383,0.020472489004059957,0.021438479861610293,0.006248289422863484,-0.002151289611166174,-0.0019455697636119318,0.005494541359911453,0.009350665203936792,0.006451612903225712,0.006272044138633914,0.005119506135999208,-0.00023856648937259362,-0.00680696852662277,0.02850435832342857,-0.014122771919435118,0.029041405102713913,0.0029118841254849315,0.0010363610357031483,0.0002415053421422897,0.0016142077098686425,-0.00037053828601918415
2025-10-03,0.01435808214808687,0.01591893630117891,0.014405233027309006,0.024445280741640207,0.011627951677542825,0.012345607788387003,0.018957327304889304,0.0,-0.005030520662315352,-0.003898650407678117,0.002341824970143458,0.003602660510796385,0.0017093756260015969,-0.0054538133709522985,-0.00611206453353641,-0.004773287724486708,-0.019314609388053627,0.02380171992963942,-0.01212117454426187,0.023726292238196445,-0.00189844547790341,-0.0019670237003330815,-0.0003622166071892696,-0.001253463932207155,-0.001112121178126313
2025-10-06,0.0,0.0,0.0,0.0,0.0,0.0,0.0,0.0,0.0,0.0,0.0,0.0,0.0,0.0,0.0,0.0,0.0,0.0,0.0,0.0,-0.007943601547218737,-0.0029045516064821753,-0.0002416266727831573,-0.003227257736465705,0.00024745513813884124
2025-10-07,0.02747712817389325,0.02599721733581095,0.02840126826187994,0.023861968229228703,0.022030607171908523,0.027820192379374387,0.019269100211145362,0.011339043157778228,0.0,0.005870901383876692,-0.0023363536388529837,0.0,-0.002559687970774993,-0.002350229991274655,-0.005124687946169382,0.02805750953331243,0.01207119039520288,0.04394900571009153,-0.022308957708986,0.04293725907451673,0.005751687681990747,0.002496856605406883,0.00048327796483849106,0.0018886507767037486,-0.0011130839303213902
2025-10-08,-0.008914088010691046,-0.011454419439898111,-0.009354147454412542,-0.007888066466827048,-0.007497614294697086,-0.0074156466795586296,-0.008148630948932034,-0.0008008216772570353,0.002166827908457014,0.00097274777385703,0.0031225127043408296,0.0030769543770032826,0.004704836742380314,-0.004711383396930335,-0.0024039011042382707,0.01772806520098169,0.006277487730947273,-0.015100615844377052,0.0068453466733851,-0.013801173159950664,0.0007849259316514701,0.0002075201633431334,-0.00012069203152509367,-0.0012567269993790653,-0.0014856397446415537
2025-10-09,0.0073589033035714735,0.010182670429644158,0.006744604501644824,0.010119218176520173,0.0047214352483064825,0.002241223603208109,0.006572423712950304,-0.0002672224458700745,0.0007207372167088444,-0.0009718024551821358,0.0046693081985651474,0.009713669924319213,0.010642827011318357,0.011834289252312669,0.01583480219973432,0.00045841066408525144,-0.0012476891395478695,0.015332140609797706,-0.006232221268007598,0.015654645393757605,-0.0007843103061536683,-0.0007262886160928073,-0.00012079874229253829,-0.0019773612841904598,-0.0028518704597890743
2025-10-10,0.0,0.0,0.0,0.0,0.0,0.0,0.0,0.0,0.0,0.0,0.0,0.0,0.0,0.0,0.0,0.0,0.0,0.0,0.0,0.0,0.016147145508841998,0.00622994620211248,0.0016910180951836828,0.0027917647337698526,-0.005844332646162909
2025-10-13,-0.009740235210771275,-0.012513055094780623,-0.01563197898798585,-0.018246891246925356,-0.01033833137543283,-0.010808773866669452,-0.014038472399892421,-0.012827353439976319,-0.00648182579073231,-0.005836635074938035,-0.010844377142405937,-0.014177230641811756,-0.012636900072154678,-0.033138416924406555,-0.03219250273030072,0.008018292368525692,-0.03560278827918195,-0.028218426920266104,0.01311285805194684,-0.028491387888790465,-0.0005517882392659379,0.0005158953717265824,0.0019292901498380033,0.003412706672832222,0.00625390893165001
2025-10-14,-0.0049180202796811345,-0.0017599436439921234,-0.0009074271950121338,-0.0018221574749328617,-0.007597369692046385,-0.00904293124219313,-0.01324508330376517,-0.009474783084264415,0.007611420199755248,0.0009785333317209322,0.0,0.0,0.005972735459590872,0.008871017236740997,0.008053272194883387,0.02545452117919922,-0.005828963818620747,-0.00910373256196495,0.005627483336728689,-0.009374985671959823,0.0032019533676106438,0.002578382862629791,-0.0007220792061388703,0.0033115108392640646,0.0011187566277106598
2025-10-15,0.01812188567207884,0.020098665609240562,0.014078138721519862,0.012048259890776292,0.01244022059098393,0.0231939395570937,0.016778523919496635,0.0021863355021538577,-0.0007193723368300597,0.001955004323323406,0.002349280022922784,-0.0020544114163016935,-0.004664996137740407,-0.003597128334982269,-0.005210195245183402,0.0050975077056971685,-0.014983745289563477,0.03247267605955173,-0.015668756211290713,0.031060485863403597,-0.002201155039607161,-0.0011315771153950216,-0.00048176461658966385,0.0,0.003228236072447599
2025-10-16,0.019417488313168585,0.01866583007921485,0.0210479036453608,0.021284248328524047,0.01890359113715334,0.02601263411828869,0.023762417123181834,0.014180542234224713,0.000719890205929774,0.003902453911013737,-0.0015624761581420898,0.0020586407112810345,-0.0008521386912769824,0.01845162771125808,0.0129190239915693,0.006615282510516796,0.0013227816081384791,0.03620748245332872,-0.01762361928671019,0.035302422705249636,0.007500470420402694,0.0046344447446788894,0.0013254682875414314,0.002854591428902653,-0.003589120106116561
2025-10-17,-0.01507937718951513,-0.015269765231087584,-0.01491225393194906,-0.008124402193428026,-0.012059397170273267,-0.01521192362979007,-0.011605435365538819,-0.0021510626327361226,0.00035972047324750456,-0.0009718024551821358,-0.00938970695603758,-0.008217724035978757,-0.010660980810234588,-0.0027569789880640405,-0.006549484059240274,0.03176334939266501,-0.02377811110885042,-0.0285757301309969,0.013888875091518038,-0.027051657103908666,-0.0015327282161315958,-0.0016402220102902376,-0.00012036265239623312,-0.001956958052716784,0.002608360190045955
2025-10-20,0.016921825140545854,0.01619566330720934,0.01736417538068502,0.012820535114018261,0.014084507042253502,0.010665663705709427,0.016960223755759785,0.0102398561537409,0.0003595911209592906,0.00194549554771406,0.010268586630540533,0.014500195258760229,0.01249997369174305,-0.001974693430615182,-0.008327542458692827,-0.026114640808579725,0.0006766054846081282,0.02911147284228477,-0.014840195324687944,0.028271007150507454,0.003837786351180039,0.0013348111123592243,0.00012037714130830324,0.003030338471773808,0.0019821113763041076
2025-10-21,0.0015848223650809512,0.001017356109719536,0.006126887949603477,0.0007032778175939391,0.003703717832212128,0.009461449123041588,0.0035279220421720048,0.004534493500515158,-0.0007189237233310442,0.0019417179440988086,0.009382365624084121,0.011230282162202343,0.015751435943679892,0.020577777932089925,0.017144848580343375,0.019402646836117254,0.0020283795164683927,0.0039988331727152104,-0.0028969376446189576,0.0047717088656913376,0.0049153133068469135,0.0018457784184982007,0.00024072530479246623,0.00017768476011847945,-0.0014836192045299956
2025-10-22,-0.007911392309558285,-0.005081300602887584,-0.010004296885733455,-0.0014054599012864877,-0.0027675557890669555,-0.013698586433231075,-0.00703103912643066,0.0023898075664510188,0.0010791614197425137,0.0067829902939609,0.006971292439465371,0.0035335533905860306,0.0,-0.0007755120997933185,-0.0006880102502110352,-0.04384087490688626,0.022941981078895335,-0.0060481434923056465,0.002905354274788552,-0.006784329341387618,0.000652147376019041,0.00020475202749015153,0.0,0.0009772620179233638,-0.0009906120472822355
2025-10-23,-0.0055821735974401765,-0.007831182209572352,-0.006590509489344143,-0.003455313011333217,-0.0074005127997739395,-0.003654970678698244,-0.00836820828566498,-0.0019602285220923464,0.0003593326952660014,-0.0009624492074351565,-0.007692307692307665,-0.009054341167636593,-0.006286672094003354,-0.0019402849639498232,-0.005163498191728344,-0.01163051819306038,0.03957786197287794,-0.013357079493989787,0.007531816862265561,-0.013205784165253531,-0.0068433333709029265,-0.003274659136582425,-0.0007219103224914702,-0.001242561390996988,0.0022310399664715597
2025-10-24,0.0,0.0,0.0,0.0,0.0,0.0,0.0,0.0,0.0,0.0,0.0,0.0,0.0,0.0,0.0,0.0,0.0,0.0,0.0,0.0,0.0004375031761327808,0.0009239870275228323,0.0006020112355835661,0.0016884603525046948,0.002720766992857948
2025-10-27,0.023255826759022158,0.02505153899605128,0.02122948988675022,0.02096128491902305,0.021435185060095785,0.028246447237896266,0.02791303554880664,0.011681616113380144,-0.0014368144866416799,-0.0019268263175000744,0.023255813953488413,0.028933994661127782,0.02825810533854245,0.032659415824779714,0.033564056522726426,-0.0029417799832063274,0.01649747621230091,0.04617932125563118,-0.023576760310651035,0.044762312410678406,0.0033890625828874033,0.0,-0.00024069633394330214,0.0016856142596577417,0.0024666618614404
2025-10-28,-0.00705330357869427,-0.006026174211533952,-0.004330879282951838,-0.006725642111449104,-0.0018247896991477885,-0.0028540414834395955,-0.00031576346251172005,-0.0029538293607319632,-0.008273365055697979,-0.005791491148245287,-0.001515128395774168,0.0004933700297053978,0.002460996050927866,-0.0033885600300292973,-0.0030130616022506773,-0.027462616011251884,-0.010611739790029717,-0.013515491609004338,0.00647824577839029,-0.011484109359151007,0.002614925549810243,0.0009232123218518851,0.00012037714130830324,8.851746091376178e-05,-0.0009842745110260065
2025-10-29,0.016574634207556338,0.01684068744623568,0.015659009130450707,0.01211687035826392,0.011882956162992064,0.018246891246925356,0.0173720543181084,0.009157019736254712,0.0,0.0,0.0007586558604804061,0.0108481110213825,0.0184124390850271,-0.001133312432000766,0.00033580351414563836,-0.0018669316034103378,-0.017665658038270915,0.02754704137384878,-0.013458135762596801,0.02591599398818678,-0.010106502272360762,-0.006456290950919041,-0.001925343389322265,-0.005667724052659806,-0.003078817849702098
2025-10-30,0.0,-0.00033125573215453397,-0.005567464889755125,0.001408429212973239,-0.0009033286077492209,-0.006676014953398535,-0.0012418788160297733,-0.001868152990225691,-0.0018135378169747973,-0.002912650987939913,0.0037907507440251287,0.004390214129192049,0.0056247858160081154,0.0011345982863439907,0.010741849110096124,-0.0016366540583356848,0.002569040631794195,-0.00042551459995565644,0.0017792869638721953,0.0,-0.005818408174382728,-0.0014440370712253126,0.0001205028519621898,-0.005343769866799519,-0.0018529203476100875
2025-10-31,0.005434758786153848,0.005964275624098736,0.007751951229177045,0.0024613650564495604,0.0027125050261913586,0.008489542953138418,0.004973691986834838,0.0016042127311741705,-0.003270354327428837,0.0,-0.0015105510382316112,-0.0004856282063652184,0.001598057896953664,-0.017755924652305133,-0.017270024816435914,0.011241206877282695,-0.0019218279071747668,0.007804739470309796,-0.00473652614547071,0.005879801143944041,-0.0029814117750137648,0.000413189923934576,0.0003617409258029891,-0.004029342290584936,0.0
2025-11-03,-0.009266385700711921,-0.010540224448942093,-0.008547008547008517,-0.005612087229961982,-0.0036068667301646373,-0.00596286275214597,-0.005567593411110794,-0.0034702951573710727,0.002551939265236225,0.005842318610953967,-0.001512836254606631,-0.0009718024551821358,-0.012365340576236838,0.0003846241877629719,-0.00168973426166652,0.0020843018052758566,0.01861360483139496,-0.013939769422556036,0.00713865812289427,-0.011907323087524735,-0.002492004092106751,-0.0004749455327393518,3.612754456800435e-05,-0.002679174401176904,-0.0030941046122143394
2025-11-04,-0.003117704726145143,-0.0029959850691425594,-0.0021551724137931494,0.008465586936452718,-0.005429850444534812,-0.006351403781703069,-0.007154010534021982,-0.009911672339491528,0.0010909340598366235,-0.00484027091218453,-0.0007576219963304487,-0.0034047285323465237,-0.004442673975766143,0.0015378319041419175,-0.00135412709165883,-0.005777675002430982,-0.005040953010897686,-0.011566436851534134,0.00708794623282305,-0.012050816047672663,0.0022287116380406147,0.0012435517780522432,0.00036265448324690475,0.0013571114406545348,0.00012480828932681653
2025-11-05,-0.012509761180865664,-0.014691131540849334,-0.015550782304603161,-0.025533361136103605,-0.01000908515785659,-0.018465952039502964,-0.012844606717798968,-0.004870138247687339,-0.00036324840655332924,0.0,-0.007581501488050146,-0.01512928715016304,-0.011764681121640419,0.0011516578704089397,-0.001016972428661278,-0.0030218750983712628,-0.0037998999215740348,-0.02253689157177874,0.009384155693352048,-0.023065001375203065,-0.01089619001925246,-0.004760909453492279,-0.0007250460253021007,-0.0029815850211851735,0.000998151335391606
2025-11-06,0.0023752606105666985,0.005760696896959017,0.009214594821224331,0.010050207220485108,0.009191176212782759,0.013024624395845175,0.0031736077671642438,0.0046221313019256804,0.0039970458275155885,0.00291824332157109,0.003819709880165556,0.009910802625146875,0.006978640827782989,0.01226992698467555,0.012555169591257132,0.003730469799230862,-0.009535894653239674,0.019065954595832046,-0.008715841168498772,0.017480146903517957,0.008992840152776571,0.005095651467436513,0.0012093175857861294,0.005256020290663743,0.000373909735032818
2025-11-07,-0.011848341375032656,-0.01448783008700183,-0.013913030209748656,-0.015636083837666903,-0.013661201806095868,-0.013571384974888412,-0.014552387944929301,-0.010825480855743419,-0.008686202620626693,-0.004849660595538263,-0.006088187443897275,-0.015701653092858425,-0.0126376113532356,-0.0011363174140281984,0.004021411905869465,-0.0004645867158681316,-0.0032092548767465034,-0.02712111995218458,0.01289573432533353,-0.02565822252809402,-0.0021167829421158135,0.0004138739254611057,0.00048316119199176555,-0.0019832436680599086,0.0008721616366942353
2025-11-10,0.012789756144178321,0.011965811965811923,0.006613756524763703,0.012635379061371799,0.010156957000226452,0.005430846972141579,0.013804183320759611,0.0005472081581712196,0.0010953153455288689,-0.0019492880235533194,0.0076569674828910195,0.00648049727524902,0.015276618475899006,-0.002654592337695494,-0.0003337223577681847,0.016500184041639443,0.009014832307145726,0.022659529641676945,-0.00983796698719619,0.02312805538308238,-0.00022325157010760766,-0.0013445535167018186,-0.00024150998453120742,0.0005419344150474625,0.00336109345091562
2025-11-11,-0.007103345841847353,-0.006081039841110636,0.001314073796528925,0.006417068780637303,-0.00457038384850228,-0.001800504062013597,-0.010766312647539467,-0.004375166769136074,0.0032822812668662493,0.0,0.006838859078596382,0.00842007062121497,0.006100040818347585,-0.00570340771413036,-0.005008398065369013,0.019661562932167698,-0.004467115155290635,-0.014722996480958428,0.006428912862596947,-0.014547930202310488,0.004578403336043202,0.0031069082367753964,0.000845304877284736,0.003972216798237005,0.0011166745532142919
2025-11-12,0.004769463112606065,0.006458170692213772,0.005249330342094627,0.002833929667519497,0.0027547788628083936,0.008297213894965294,0.005761853600978473,0.001373228159024631,0.004725523798073894,0.003906264842953311,0.008301932856721761,0.0034380988568649684,0.005658889207003082,0.00573612316322869,-0.004362388056873834,-0.0076233220677165425,0.015384600336500354,0.017014350620817575,-0.008710779588356088,0.017033841035504427,0.0017786089788542903,0.00020644892567012185,-0.0003619543954030968,-0.0009891251799041267,-0.001982942833910095
2025-11-13,-0.00474682331390841,-0.006754474700351065,-0.011314212658778855,-0.0014129067038526344,-0.0009157369680925509,-0.004293424712097482,-0.002227870612802274,0.0013713449894692253,-0.002532550519897425,-0.004863813085183133,0.002245417509459724,-0.0004895061283493041,-0.00884243135553553,0.01368823653212381,0.015503845072120104,0.02530507883090305,-0.0353535615039251,-0.005528147647891224,0.0017575095009876307,-0.006252764335186289,-0.00821133456070744,-0.0028901608921856337,-0.0006034450607611541,-0.004950453914645103,-0.004097874531938106
2025-11-14,-0.019077913097438337,-0.019381203973946826,-0.013644326084356284,-0.017686592798370038,-0.018331805939249435,-0.02335609157423124,-0.02392344468497387,-0.010408032618118512,-0.002176259216776333,-0.0068426642889009015,-0.017176907377208894,-0.021547472880715235,-0.02068128944560843,-0.002625644982177766,-0.00365080338754753,-0.0066108248126801605,0.016361256830427218,-0.04066704035373958,0.0210525552615215,-0.039101161313860655,-0.005705913207738833,-0.0016562736567506953,0.000362304084434939,-0.0027137317365550917,0.0002494298406749973
2025-11-17,0.0032415034111246133,0.004160930070830515,-0.0013387016670549645,0.006121647874418379,-0.0009336925821269437,0.0029434081916011046,0.0032679862818003613,-0.009410466164860964,-0.003998568136545311,-0.0049212599164295545,0.003039467157545106,0.008508493104486092,0.010766070822010976,-0.014291126962564182,-0.014990031848020058,-0.029946810869212803,-0.0038634556969759926,0.006099420668581601,-0.0022908940593405758,0.004443462321432445,0.002475453859677623,0.0011406118578065616,-0.00012075499226560371,0.0006349178668862976,-0.0016206043484694455
2025-11-18,-0.02342489058474806,-0.021422672557879816,-0.020554093122383876,-0.023979892039422968,-0.02242992080260664,-0.026412369940656433,-0.025081447512314226,-0.022073229821701568,-0.007299228407856018,-0.013254167736052258,-0.01439389315518469,-0.017369727047146455,-0.021302794252393786,-0.00152609727492925,-0.0037200071520736566,-0.011662436013534005,0.0019392199388081899,-0.0454683245756794,0.020665936209809166,-0.041909178232511834,-0.0003367244419126836,0.0016571313066564564,0.0006037557587788012,0.00045325464010281813,0.0002497724232193299
2025-11-19,-0.006617064033589526,-0.00687158732905746,-0.005018206478288878,-0.012834616220489314,-0.00573612316322869,-0.008289305727381402,-0.007684582021088571,-0.007428523472377213,-0.003676484509735012,-0.0052125527398327876,-0.006149139233101009,-0.009090924503827313,-0.010464629819468496,0.004967487978128071,0.0,0.01943544953408094,0.017419384371849755,-0.01286118727045793,0.006186653473278403,-0.01312274351163123,-0.0020211128465095207,-0.000723810314206208,-0.00012069670446435143,9.055455818818281e-05,0.000499324868587836
2025-11-20,0.03080769878972145,0.030954114388459963,0.02980284189866067,0.03194641603256532,0.02788463005652786,0.0376139568287599,0.03838381684726966,0.021876749706787768,0.011439094523199689,0.011688872300277042,0.018561437276406467,0.0249745628516298,0.03045690521542066,0.006844118266061905,0.00644944127502578,-0.004085344974249061,-0.013950555525856112,0.06080100860667348,-0.02906643757159222,0.05934498426965784,0.003937962582488241,0.0023800016389303735,0.0008447947659739885,0.00135895569497535,-0.0006238683818573509
2025-11-21,-0.03311798063366367,-0.03532320658567378,-0.03695459851382388,-0.03527713543411748,-0.029934503540174642,-0.04284149375887048,-0.037289222206238315,-0.014084507042253502,-0.004377925302910812,-0.008565743000809478,-0.021260464059526196,-0.03381403702323871,-0.0369458118821866,-0.016238682500349655,-0.021247864042901132,-0.005241557352728798,-0.019292616530873885,-0.06853678879003977,0.03281517946370904,-0.06787545217507351,0.0030258504192404168,0.0033033930602992534,0.0012058178433993483,0.003528448330368361,0.0033708399201552997
2025-11-24,-0.005012518708588876,-0.004760228053799831,0.003236231800120226,0.00634332913071356,0.00293250648498522,0.001174640011461392,-0.006399478970694705,0.004285757882254382,0.01355804028845764,0.007635142949972806,0.017067589691261098,0.01698406073045078,0.01662401447152373,-0.007293613522977749,-0.004135108109596719,-0.0016036584737051385,-0.0019671956046682926,0.0030929911310739744,-0.0005574263424825698,0.002493822758694142,0.005698347890843225,0.0015433058207279249,0.00012046412594868272,0.003966845011447617,0.002737259970019723
2025-11-25,0.01343407636120797,0.01692423219319439,0.010599092404413923,0.009269558349448426,0.008771944827132838,0.015252284715759457,0.0203389959820246,0.0,-0.0050614385546186025,-0.001994063524938361,0.009153294373569043,0.017712550060178023,0.02473791990140195,0.006960568481337415,0.010380662573324928,0.024323026940269887,0.006570264523059199,0.022557551287805122,-0.011154532043243681,0.023134335510589077,0.002555224109326959,0.002568317335170045,0.0006020643281801075,0.002783742429011138,0.0034744561535580143
2025-11-26,0.016570008703957306,0.017366202664767627,0.012767911595044312,0.011021307367606648,0.016425091287364024,0.011556240098098192,0.020597970897915818,0.01536264800536391,0.002906973923522793,0.00799203860092601,0.008314367493220898,0.006464384651980515,0.007774178407214727,0.009216580748085068,0.010616419789133413,0.004480303890546988,-0.0065273779234600315,0.03316937823180721,-0.016356402462835762,0.03209335425589144,0.004432641127527059,0.0008197749160445689,-0.00012028532045293971,0.003402927277186718,0.0009891702602116137
2025-11-27,0.008965005141602589,0.007823547631404137,0.008104402267012256,0.014171488820830636,0.009505703697805234,0.01370908613801225,0.010416719053562673,0.012328452180913496,0.0039854601986448746,0.0009910651398299386,0.003748126108521266,0.005434812928295951,-0.0024360783438136524,0.0026636108445685647,-0.0010166278011799479,-0.004237257494701829,0.0032851635911714805,0.01920122887864828,-0.009747710498171247,0.01955236752509193,0.0,0.0,0.0,0.0,0.0
2025-11-28,0.007269740503222044,0.008115802258580773,0.013845494363652566,0.008957362756462084,0.007532985637915823,0.012772328101323005,0.00644326191017508,-0.0030445781095932434,-0.0032478617182520875,-0.0029703272451268026,0.005227873330393207,0.004914004914004844,0.004070004120556137,-0.0034155655136605123,0.00033922079501769176,0.004927153381581562,0.00982315743507467,0.014619460749105029,-0.008685559615190463,0.014556402169230154,-0.004744045764246696,-0.0017405362151359238,0.0,-0.0016956933175493738,0.0004941435087750801
2025-12-01,-0.013632694385291688,-0.01505081598467306,-0.013215859030836996,-0.010298273556920146,-0.008411229213821536,-0.011127596187249789,-0.008962890163154658,-0.0005552597864934006,-0.0032585137528325925,-0.003972134147034456,-0.004457697446567654,-0.004889975550122272,-0.007701637292208741,0.0057120950960729555,0.008138344285550492,0.012257616450926934,0.010376124942961917,-0.0271835820872518,0.014018677532314339,-0.024595718973136615,-0.012404416946711372,-0.005353821113782062,-0.0008545942857416115,-0.005337047496629678,-0.001790303085453815
2025-12-02,0.0032520449258448547,0.00461982352076773,-0.002678598676409072,0.006458513506025998,0.0037700427109474965,-0.006001523131602515,-0.000322943211526705,0.003055572509765625,0.00799125709652504,0.0029909811887889326,0.002985029078241608,0.0063882213845591895,0.008578393866615075,0.0049224183591949355,-0.0013454089739183273,-0.0008806055139258806,-0.0038510568829394076,0.008856294971370637,-0.0034563001832637053,0.00793827511919698,0.000450613011603318,0.0008273265036748967,0.0006041012696083037,0.000631481243011045,0.0018640676476131546
2025-12-03,0.009724448406838393,0.007782036061045439,0.01298124097808695,0.007130124777183555,0.0037558828721024895,0.012075517762382137,0.008400591764913035,0.0055386529924932315,-0.0014414744334177998,0.0009940206325829148,0.0029762587309454247,0.008789077270193735,0.004860316876048154,-0.0007535967247073172,-0.00033682144499680433,-0.0006611413241067732,-0.010309329662834377,0.015286779778010073,-0.008092450625577285,0.013666902423273841,0.0028149983883858365,0.002066803602096101,0.0006038286829126438,0.002253876705075486,0.0008682670855799657
2025-12-04,-0.0016051119638154088,-0.0007019364469547096,-0.0008837690921128516,-0.005309734513274322,0.0009354394077991657,-0.004474318241659558,-0.002242861162371712,0.0024786601262454244,0.007578527562599691,0.001986142837119509,-0.003709198729083263,-0.0024201354560923205,-0.010882757519581454,-0.008672682438397028,-0.004043154919121439,-0.006394644114388726,0.007161498229835139,0.001490757331839232,-0.0005827639260348461,0.002056676326324336,-0.0053895771468359666,-0.003093771764269726,-0.0007240834920565486,-0.0017990190837122721,0.0007435562867570411
2025-12-05,0.00884243135553553,0.00842990443828695,0.007076474133282495,0.007829224936054313,0.008411229213821647,0.011610509750994868,0.012845264409731216,0.004120816068510225,0.0014326292288471265,0.0,0.005212188624987624,0.0038815515248793453,0.003667519061361757,0.0038036694803624815,0.004397871125302766,0.005770046906552473,0.003232074329140744,0.014141113683568074,-0.008163229898685898,0.013683062934938484,-0.004628625577264733,-0.0020688626464300253,-0.00036239622687750384,-0.000991264388046531,0.0
2025-12-08,0.015139454389473395,0.014977316968145082,0.01317523074311655,0.012005627648062456,0.010194610366685453,0.015919984064423742,0.009828771621555932,0.0019151763689571055,0.0007153239777744069,0.0,-0.0037037037037036535,-0.0024166264608502797,-0.0012180391719068817,0.010231165744913895,0.012798893699267566,-0.0026478140488264135,0.010309268214748757,0.021282842007632974,-0.01116993130517474,0.02092239120839734,-0.003289111053077942,-0.002073230798236958,-0.00024159289449576793,-0.00207471906609491,-0.002476742393092146
2025-12-09,-0.001569894625127577,-0.001715854531478156,0.0017338931970736216,-0.001046818925881321,-0.002752321575759775,0.00036445373811977433,-0.0009419367750764795,-0.0010922201528316133,0.003931401434996928,-0.0029732710329133383,-0.004461011922049285,-0.004844961383581814,-0.0032520449258447437,-0.0030007473429831677,-0.00565347781906389,-0.006415949350273564,-0.020408204226431526,-0.004024127395934718,0.0023781757582108654,-0.002864721574600715,0.0010241689815444488,-0.0014542369848365988,-0.00048339474957515005,-0.0012654740407137544,-0.0011173676458748893
2025-12-10,0.0070755438432883455,0.007218996725943283,0.003894391487299309,0.005588565042736304,0.004599816136499735,0.009471789083845605,0.010685108606182547,0.0002733275295987436,-0.0024919791542887815,0.001988117104078979,0.0014937432124595418,0.0029211593054769835,0.0016313587285967657,-0.00827687411534872,-0.006688925021486325,0.004675998334138454,-0.004557271900314741,0.012554130168876299,-0.005338087148860082,0.010607724690305576,0.003864912278875865,0.0032248538109393987,0.0016926537443853196,0.004615821758447991,0.0033557578366048
2025-12-11,-0.010929032697641783,-0.012286710250906552,-0.004310344827586188,-0.013546349354514486,-0.010988983349614512,-0.012630818920633669,-0.01399256110306435,-0.007105720700982698,0.0024982046281452064,0.004960317310142015,-0.0029829167566529646,-0.006796086876137752,-0.011400663608199024,0.0015174130217205928,0.0047137840421584976,0.0017730902692498773,0.0,-0.02237425101027224,0.010733470498651698,-0.02099276392045446,-0.0013587942532541364,0.00010363445233219082,0.00012072584688804788,-0.0014414744334177998,-0.00012389614535557314
2025-12-12,0.0015785681330238166,0.005528701234485567,0.0,0.004577421806227999,0.003703717832212128,0.006213383229275005,0.004099686908502376,0.0035782341554095876,0.009967984518494566,0.003948606953940503,0.011219147600883383,0.006353801340118315,0.003706729345849924,0.0007575931080556764,0.0016755776409140832,0.015486742281504595,-0.003924160874191895,0.014139959485468312,-0.00766967918960082,0.014295273243345452,-0.009638349926119671,-0.0026956403842651744,0.00012071127391743985,-0.006044732867933833,-0.0018582943955708364
2025-12-15,-0.01024431076537613,-0.011683827822970394,-0.011688298477238956,-0.008412176653249448,-0.011070152774400377,-0.022520820793191065,-0.012248724490560026,-0.00493692566362236,0.0024673843057281264,-0.0019665383898090916,-0.005177492337593459,-0.012627444982022173,-0.01395155494075151,0.0003785097976138907,0.0,0.013725429901408015,-0.006565950807686405,-0.023860911786435013,0.0112961080561782,-0.024443968599018207,0.0006870298889884996,0.000831626984403977,0.0006032993931008868,0.0011800388941927142,0.0004964740682493751
2025-12-16,-0.008757949741119986,-0.009388081188216102,-0.009636429780263467,-0.012371863115983928,-0.005597000850762868,-0.008175444656753239,-0.011446759987865707,-0.0057882880798907355,0.0010548093788167456,0.001970413283174155,-0.0029739323158689546,-0.008362011425102622,-0.027049521088020834,-0.006810454146704337,-0.010036776285932025,-0.011820314882648675,-0.021150012716708022,-0.020615521283034344,0.01116993130517474,-0.020541757631698077,0.0054919418668080144,0.0028046565064503426,0.00048240371937602333,0.0022665457215145235,0.0006203082915172686
2025-12-17,-0.005622465447728375,-0.00280796002143624,0.002211410820444959,0.0,-0.0018761440066130675,-0.004870692479194805,-0.005467998567372012,0.0036041327755789165,0.016859903799147702,0.006883034401593546,0.002237045334190224,0.00992063462028403,0.011976060800726218,0.005333310081845344,0.010814453976818683,0.013484100436217838,-0.006076985147730363,-0.005262366754586911,0.004069749518560872,-0.00460937464283917,-0.0009102663195297289,-0.00020721226715592067,0.00012056577074304187,-0.0010855064972350448,-0.001239847495352886
2025-12-18,0.0,-0.00281597428144853,-0.010150057324831319,-0.0028632348262153107,-0.0037594127832941693,-0.004518118145537819,-0.0012936906671617843,-0.0024861920080407884,0.0010362272368322767,-0.000976547584287113,-0.008928549127512841,-0.01375247037239391,-0.014792899026675022,0.008715477639426483,0.00902709659448675,0.00021463812356170564,0.005434777327093299,-0.005743633514501467,0.0011581040667940634,-0.004399134817093642,0.0047835780677334405,0.0025901368493050914,0.0007231235110405354,0.003803297725116783,0.0027308990487879825
2025-12-19,0.009693028422143923,0.009883580766664402,0.01292908540806037,0.011844894905503445,0.008490580432819916,0.011724682961714805,0.011334209552518626,0.007477165693712928,0.009316786129349941,0.00938410428002309,0.007507507679512804,0.012450199013969154,0.009008969496954844,0.0022539242693768724,0.001656701012424211,-0.004076430785629581,-0.006081091312703735,0.02280328409601773,-0.010989041295364377,0.0211627871491189,-0.0037179569758194406,-0.0022424179686320843,-0.00018061716592662714,-0.002562031796233405,-0.00048277011060445137
2025-12-22,0.014400024414062518,0.015029666904001981,0.010123253004628241,0.013834671801789655,0.013096365817543809,0.01495327102803734,0.01665067132198983,0.00934579831241078,0.00683763292100692,0.0009833442135354087,0.011922549477648037,0.01574027004528622,0.014880952574035211,0.005996995711468278,0.008269930657812674,0.020249945680418158,0.018354826878937747,0.030321083210750555,-0.013450265327804578,0.029378294693922058,-0.002170216273937986,-0.0010390531623103438,-0.00048333632787367353,-0.0001815730824036299,0.0008710763351487127
2025-12-23,0.004731849051109016,0.005509663006693977,0.00915035339222503,0.005948258501196069,0.0,0.009944796342656437,0.0015747791200171335,-0.004901968932242151,-0.0047538639514485,-0.0058939694059789716,0.0007363095911598894,-0.0009685082239331289,-0.003770397603647724,0.009314455982813996,0.003937035467048267,0.016891875564834624,0.01201604210122098,0.004327755261354538,-0.0029639088276092185,0.004424795565566519,0.0016025571047426634,-0.00041606943812455555,-0.0004835700548482258,0.0009990065365708123,0.0007459599448724763
2025-12-24,0.0023547521096562996,0.0020548154229986793,0.00647668376713928,0.0006956946331522218,0.0009233469187743815,-0.0014588781774396153,0.004717029228858971,0.0002736267455580865,-0.0006823115243750344,0.0009882026337093563,0.0022075280738151903,-0.00048476055276902574,0.005466791568858209,-0.0036914131010137297,-0.0016340243067270999,0.0020763802831795797,0.010554079750826784,0.0022981550673424334,-0.0017835184209965549,0.0039647642979301345,0.006057128906250098,0.0026014568571228747,0.0006047780790185975,0.0039012910580062954,0.0018636045454092365
2025-12-26,0.00861398692093518,0.008544087313229864,0.0004289611416061767,0.006256474510239141,0.009225092121066591,0.009130752781078888,0.008450718351057374,0.0016416244745136588,0.0003413561359058015,0.005922985745760778,0.004405331255210143,0.006304573574189343,0.0,0.00629863200205949,0.011456641250751298,0.003937058599553955,-0.0013054506845787683,0.01676699973016138,-0.008338373398633747,0.017112741289216915,-0.0032943419237618787,0.0009341356378882448,0.0007252212759485399,-9.039436143276625e-05,-0.0004960431030518464
2025-12-29,0.01319873375747549,0.011182608352136691,0.012006874307032067,0.009671805847905945,0.010054830519000468,0.015562861022523355,0.011173202877479804,0.0032777637225942513,0.0037542871404729894,-0.0009813392799183918,-0.0029240434674705496,-0.002891595679593406,-0.0020911751871036666,-0.0018409144823802182,-0.0038834606267375005,-0.0014447821201638567,-0.01568625935465673,0.018040856649709225,-0.009609600665338225,0.017040571724042275,0.003761133338150646,0.0014516734353413607,0.00048316119199176555,0.0013557621719666457,0.00037219329857074435
2025-12-30,-0.0015325436646911328,-0.00033514110442744993,0.0016948893918828922,0.0,-0.001809927133413436,-0.0028510986926056914,-0.004297212905993608,-0.0010890529819186368,-0.0017000760734430242,-0.0009823781976192603,-0.0021993240937856484,-0.004833252921700559,-0.008382229458671175,0.002582061720702855,0.0006497254700750243,-0.03183135348341859,0.010624159558700885,-0.002215112298182831,0.0018193260801648847,-0.0016967513990593375,-0.0023844565141403207,-0.0010353952394411836,0.00024141787546017035,-0.001173366299699663,0.000992209274214062
