Date,cs_momentum_ret,cs_momentum_asset_stop_ret,ts_momentum_lb2_ret,ts_momentum_lb2_asset_stop_ret,ts_momentum_lb7_ret,ts_momentum_lb7_asset_stop_ret
2021-01-05,0.0,0.0,0.0,0.0,0.0,0.0
2021-01-06,0.0,0.0,0.0,0.0,0.0,0.0
2021-01-07,0.0,0.0,0.0,0.0,0.0,0.0
2021-01-08,0.0,0.0,0.0,0.0,0.0,0.0
2021-01-11,0.0,0.0,0.0,0.0,0.0,0.0
2021-01-12,0.0,0.0,0.0,0.0,0.0,0.0
2021-01-13,0.0,0.0,0.0,0.0,0.0,0.0
2021-01-14,0.0,0.0,0.0,0.0,0.0,0.0
2021-01-15,0.0,0.0,0.0,0.0,0.0,0.0
2021-01-18,0.0,0.0,0.0,0.0,0.0,0.0
2021-01-19,0.0,0.0,0.0,0.0,0.0,0.0
2021-01-20,0.0,0.0,0.0,0.0,0.0,0.0
2021-01-21,0.0,0.0,0.0,0.0,0.0,0.0
2021-01-22,0.0,0.0,0.0,0.0,0.0,0.0
2021-01-25,0.0,0.0,0.0,0.0,0.0,0.0
2021-01-26,0.0,0.0,0.0,0.0,0.0,0.0
2021-01-27,0.0,0.0,0.0,0.0,0.0,0.0
2021-01-28,0.0,0.0,0.0,0.0,0.0,0.0
2021-01-29,0.0,0.0,0.0,0.0,0.0,0.0
2021-02-01,0.0,0.0,0.0,0.0,0.0,0.0
2021-02-02,0.0,0.0,0.0,0.0,0.0,0.0
2021-02-03,0.0,0.0,0.0,0.0,0.0,0.0
2021-02-04,0.0,0.0,0.0,0.0,0.0,0.0
2021-02-05,0.0,0.0,0.0,0.0,0.0,0.0
2021-02-08,0.0,0.0,0.0,0.0,0.0,0.0
2021-02-09,0.0,0.0,0.0,0.0,0.0,0.0
2021-02-10,0.0,0.0,0.0,0.0,0.0,0.0
2021-02-11,0.0,0.0,0.0,0.0,0.0,0.0
2021-02-12,0.0,0.0,0.0,0.0,0.0,0.0
2021-02-16,0.0,0.0,0.0,0.0,0.0,0.0
2021-02-17,0.0,0.0,0.0,0.0,0.0,0.0
2021-02-18,0.0,0.0,0.0,0.0,0.0,0.0
2021-02-19,0.0,0.0,0.0,0.0,0.0,0.0
2021-02-22,0.0,0.0,0.0,0.0,0.0,0.0
2021-02-23,0.0,0.0,0.0,0.0,0.0,0.0
2021-02-24,0.0,0.0,0.0,0.0,0.0,0.0
2021-02-25,0.0,0.0,0.0,0.0,0.0,0.0
2021-02-26,0.0,0.0,0.0,0.0,0.0,0.0
2021-03-01,0.0,0.0,0.0,0.0,0.0,0.0
2021-03-02,0.0,0.0,0.0,0.0,0.0,0.0
2021-03-03,0.0,0.0,0.0,0.0,0.0,0.0
2021-03-04,0.0,0.0,0.0,0.0,0.0,0.0
2021-03-05,0.0,0.0,0.0,0.0,0.0,0.0
2021-03-08,0.0,0.0,0.0,0.0,0.0,0.0
2021-03-09,0.0,0.0,0.0,0.0,0.0,0.0
2021-03-10,0.0,0.0,0.0,0.0,0.0,0.0
2021-03-11,0.0,0.0,0.0,0.0,0.0,0.0
2021-03-12,0.0,0.0,0.0,0.0,0.0,0.0
2021-03-15,0.0,0.0,0.0,0.0,0.0,0.0
2021-03-16,0.0,0.0,0.0,0.0,0.0,0.0
2021-03-17,0.0,0.0,0.0,0.0,0.0,0.0
2021-03-18,0.0,0.0,0.0,0.0,0.0,0.0
2021-03-19,0.0,0.0,0.0,0.0,0.0,0.0
2021-03-22,0.0,0.0,0.0,0.0,0.0,0.0
2021-03-23,0.0,0.0,0.0,0.0,0.0,0.0
2021-03-24,0.0,0.0,0.0,0.0,0.0,0.0
2021-03-25,0.0,0.0,0.0,0.0,0.0,0.0
2021-03-26,0.0,0.0,0.0,0.0,0.0,0.0
2021-03-29,0.0,0.0,0.0,0.0,0.0,0.0
2021-03-30,0.0,0.0,0.0,0.0,0.0,0.0
2021-03-31,0.0,0.0,0.0,0.0,0.0,0.0
2021-04-01,0.0,0.0,0.0,0.0,0.0,0.0
2021-04-05,0.0,0.0,0.0,0.0,0.0,0.0
2021-04-06,0.0,0.0,0.0,0.0,0.0,0.0
2021-04-07,0.0,0.0,0.0,0.0,0.0,0.0
2021-04-08,0.0,0.0,0.0,0.0,0.0,0.0
2021-04-09,0.0,0.0,0.0,0.0,0.0,0.0
2021-04-12,0.0,0.0,0.0,0.0,0.0,0.0
2021-04-13,0.0,0.0,0.0,0.0,0.0,0.0
2021-04-14,0.0,0.0,0.0,0.0,0.0,0.0
2021-04-15,0.0,0.0,0.0,0.0,0.0,0.0
2021-04-16,0.0,0.0,0.0,0.0,0.0,0.0
2021-04-19,0.0,0.0,0.0,0.0,0.0,0.0
2021-04-20,0.0,0.0,0.0,0.0,0.0,0.0
2021-04-21,0.0,0.0,0.0,0.0,0.0,0.0
2021-04-22,0.0,0.0,0.0,0.0,0.0,0.0
2021-04-23,0.0,0.0,0.0,0.0,0.0,0.0
2021-04-26,0.0,0.0,0.0,0.0,0.0,0.0
2021-04-27,0.0,0.0,0.0,0.0,0.0,0.0
2021-04-28,0.0,0.0,0.0,0.0,0.0,0.0
2021-04-29,0.0,0.0,0.0,0.0,0.0,0.0
2021-04-30,0.0,0.0,0.0,0.0,0.0,0.0
2021-05-03,0.0,0.0,-0.017297003210932773,-0.017297003210932773,0.0,0.0
2021-05-04,0.0,0.0,-0.014100195332026985,-0.014100195332026985,0.0,0.0
2021-05-05,0.0,0.0,-0.003035522046408383,-0.003035522046408383,0.0,0.0
2021-05-06,0.0,0.0,0.0038943411256959007,0.0038943411256959007,0.0,0.0
2021-05-07,0.0,0.0,0.016642646960502765,0.016642646960502765,0.0,0.0
2021-05-10,0.0,0.0,-0.0020506234734093826,-0.0020506234734093826,0.0,0.0
2021-05-11,0.0,0.0,-0.0338328819372406,-0.0338328819372406,0.0,0.0
2021-05-12,0.0,0.0,-0.03313471544631725,-0.03313471544631725,0.0,0.0
2021-05-13,0.0,0.0,-0.012207596102200041,-0.00911986546111903,0.0,0.0
2021-05-14,0.0,0.0,0.008164402741124788,0.003096359131063521,0.0,0.0
2021-05-17,0.0,0.0,-0.019403295515498832,-0.01009613853059639,0.0,0.0
2021-05-18,0.0,0.0,0.04327757450933902,0.01690769467453629,0.0,0.0
2021-05-19,0.0,0.0,-0.007368465877461108,-0.004892024843943882,0.0,0.0
2021-05-20,0.0,0.0,-0.004385025301426683,-0.0014589534300263676,0.0,0.0
2021-05-21,0.0,0.0,0.013290865362935785,0.005128492272951986,0.0,0.0
2021-05-24,0.0,0.0,0.0029720768124782346,0.0010584022714249172,0.0,0.0
2021-05-25,0.0,0.0,0.016967725114752447,0.007939517375937843,0.0,0.0
2021-05-26,0.0,0.0,0.0004993811911171223,0.00017552207823407634,0.0,0.0
2021-05-27,0.0,0.0,-0.005705680421797428,-0.0021171456131428984,0.0,0.0
2021-05-28,0.0,0.0,0.015830912332520278,0.005854736220144527,0.0,0.0
2021-05-31,0.0,0.0,-0.0015,-0.0009375,0.0,0.0
2021-06-01,0.0,0.0,0.004020209187796638,0.0016590743661231131,0.0,0.0
2021-06-02,0.0,0.0,-0.0009619350308959021,0.0005468317069039562,0.0,0.0
2021-06-03,0.0,0.0,0.005014554076268196,0.0022233828339852393,0.0,0.0
2021-06-04,0.0,0.0,-0.006865461721362545,-0.004236717337278124,0.0,0.0
2021-06-07,0.0,0.0,0.002021203447367363,0.0025105967059718026,0.0,0.0
2021-06-08,0.0,0.0,-0.0013913639563795425,-0.0005756147289388491,0.0,0.0
2021-06-09,0.0,0.0,-0.004753766588007473,-0.000992793485949403,0.0,0.0
2021-06-10,0.0,0.0,0.008501749545258898,0.002318165378893753,0.0,0.0
2021-06-11,0.0,0.0,0.00368580552837519,0.001787841815115161,0.0,0.0
2021-06-14,0.0,0.0,-5.3709083708334206e-05,-5.3709083708334206e-05,0.0,0.0
2021-06-15,0.0,0.0,0.005415742637328482,0.002354111212027515,0.0,0.0
2021-06-16,0.0,0.0,0.0013054479815339083,0.0003374928237616551,0.0,0.0
2021-06-17,0.0,0.0,-0.002328324467403086,-0.0021270248281690268,0.0,0.0
2021-06-18,0.0,0.0,-0.001565551468945619,-0.0018162499819312993,0.0,0.0
2021-06-21,0.0,0.0,-0.015202264650922835,-0.005886268996503273,0.0,0.0
2021-06-22,0.0,0.0,0.0038346209386128914,0.0034098614066202975,0.0,0.0
2021-06-23,0.0,0.0,0.012928713869381778,0.005017702819622085,0.0,0.0
2021-06-24,0.0,0.0,0.0009681566701452834,0.0002776763748949986,0.0,0.0
2021-06-25,0.0,0.0,0.0030582894380018198,0.001182211089642279,0.0,0.0
2021-06-28,0.0,0.0,0.004511972774471435,0.002716867660711017,0.0,0.0
2021-06-29,0.0,0.0,-0.0006532477571087915,-0.001834291330735525,0.0,0.0
2021-06-30,0.0,0.0,-0.0014999999999999998,-0.0009705882352941175,0.0,0.0
2021-07-01,0.0,0.0,-0.003634808583037748,-0.0020622558489239826,0.0,0.0
2021-07-02,0.0,0.0,0.0001289983887044777,0.0004458370375672342,0.0,0.0
2021-07-05,0.0,0.0,0.007473675263731851,0.0030414243783711296,0.0,0.0
2021-07-06,0.0,0.0,0.0038098241588925223,0.0036837163995775257,0.0,0.0
2021-07-07,0.0,0.0,-0.0036050917589939024,-0.0015061916862464703,0.0,0.0
2021-07-08,0.0,0.0,0.00047186489336664445,-0.000276864101188503,0.0,0.0
2021-07-09,0.0,0.0,-0.007005484868990478,-0.0039037527200973215,0.0,0.0
2021-07-12,0.0,0.0,0.007558856464589642,0.003971410654589239,0.0,0.0
2021-07-13,0.0,0.0,0.0006053839720913108,0.0001742277692405496,0.0,0.0
2021-07-14,0.0,0.0,0.0005289835669370595,0.0008915309307672887,0.0,0.0
2021-07-15,0.0,0.0,0.005786139204661147,0.002914043036671209,0.0,0.0
2021-07-16,0.0,0.0,-0.0037473596434364357,-0.001445950952196233,0.0,0.0
2021-07-19,0.0,0.0,-0.0037441901625814913,-0.0019567989120067826,0.0,0.0
2021-07-20,0.0,0.0,-0.010656896448692794,-0.00670902287833993,0.0,0.0
2021-07-21,0.0,0.0,-0.0014147889881520877,-0.0005111100245161831,0.0,0.0
2021-07-22,0.0,0.0,0.007628075481219608,0.005575115904063889,0.0,0.0
2021-07-23,0.0,0.0,0.0015344064215881176,0.0012458049880515387,0.0,0.0
2021-07-26,0.0,0.0,-0.007812320924582685,-0.005530501559544565,0.0,0.0
2021-07-27,0.0,0.0,-0.0021345804214747775,-0.0008185904865869242,0.0,0.0
2021-07-28,0.0,0.0,-0.00849131545193679,-0.004750001017492871,0.0,0.0
2021-07-29,0.0,0.0,0.010183466579451236,0.003586844523356936,0.0,0.0
2021-07-30,0.0,0.0,-0.0015,-0.0011428571428571427,0.0,0.0
2021-08-02,0.0,0.0,0.010621844124292693,0.005279267777739988,0.0,0.0
2021-08-03,0.0,0.0,0.00152627547858426,-0.00016635513605743905,0.0,0.0
2021-08-04,0.0,0.0,0.0022879706566036823,0.0004617793165921036,0.0,0.0
2021-08-05,0.0,0.0,-0.002330193737209363,-0.0020417037396800734,0.0,0.0
2021-08-06,0.0,0.0,-0.0023004518143366574,-0.0008200949130854119,0.0,0.0
2021-08-09,0.0,0.0,-0.004383493695802126,-0.0033371842296521298,0.0,0.0
2021-08-10,0.0,0.0,-0.0040153964962413476,-0.0015604628198730604,0.0,0.0
2021-08-11,0.0,0.0,-0.0013511592213923452,0.0006568104461463386,0.0,0.0
2021-08-12,0.0,0.0,-0.0012925465094563273,-0.0007002282543884133,0.0,0.0
2021-08-13,0.0,0.0,-0.0045591800184947425,-0.0008692853509349003,0.0,0.0
2021-08-16,0.0,0.0,-0.002682937779695649,-0.0011916296736835476,0.0,0.0
2021-08-17,0.0,0.0,-0.007577180054207202,-0.002840553376459595,0.0,0.0
2021-08-18,0.0,0.0,0.0025176916333619955,-0.00041295188950085654,0.0,0.0
2021-08-19,0.0,0.0,-0.016738071120204392,-0.007545326755534335,0.0,0.0
2021-08-20,0.0,0.0,-0.00456814171952345,-0.002395708412070036,0.0,0.0
2021-08-23,0.0,0.0,0.01755144616889609,0.008300224597638298,0.0,0.0
2021-08-24,0.0,0.0,0.007595699883604612,0.0033588005423191526,0.0,0.0
2021-08-25,0.0,0.0,0.006629567713729816,0.0018463700612256725,0.0,0.0
2021-08-26,0.0,0.0,0.000753748044852348,2.8907566010488763e-05,0.0,0.0
2021-08-27,0.0,0.0,0.00635379476582269,0.003152283927464028,0.0,0.0
2021-08-30,0.0,0.0,0.0068818729205733335,0.0037178445521010247,0.0,0.0
2021-08-31,0.0,0.0,-0.0015,-0.0009750000000000002,0.0,0.0
2021-09-01,0.0,0.0,0.0002986897144120885,-0.00085277420943027,0.00029860791588555706,0.00029860791588555706
2021-09-02,0.0,0.0,-0.004452275859235011,-0.0014161662268512064,-0.005341817762738518,-0.005341817762738518
2021-09-03,0.0,0.0,0.008408904663247386,0.002377339208025142,0.00958277333247574,0.00958277333247574
2021-09-06,0.0,0.0,-0.0009357128846475052,-2.9456136145247444e-07,-0.00125413880038622,-0.00125413880038622
2021-09-07,0.0,0.0,-0.003712866088782752,-0.0016592368663366718,-0.0031141323387708286,-0.0031141323387708286
2021-09-08,0.0,0.0,-0.0052210358206752185,-0.0005123519514888653,-0.006569946657304422,-0.006569946657304422
2021-09-09,0.0,0.0,0.0005762225944820566,-0.000542044806688552,4.570749962735392e-05,4.570749962735392e-05
2021-09-10,0.0,0.0,0.006192320038423612,0.0018405401198813129,0.0075958199493907355,0.0075958199493907355
2021-09-13,0.0,0.0,-0.0007539872085020327,-0.0004535779791086438,-0.0008749216462079846,-0.0008749216462079846
2021-09-14,0.0,0.0,0.0024325144010699743,0.0014199764968718333,0.0016457124700527868,0.0016457124700527868
2021-09-15,0.0,0.0,-0.0037775970282337597,-0.0019080933275649912,-0.0037494840742734337,-0.0037494840742734337
2021-09-16,0.0,0.0,-0.00033015645283748237,0.00018753380099574275,-1.9164081212818485e-05,-1.9164081212818485e-05
2021-09-17,0.0,0.0,0.001247439355624586,-0.0003939238088113362,0.0019404881985980332,0.0019404881985980332
2021-09-20,0.0,0.0,0.0008639487740927765,0.0008639487740927765,-9.887877107849142e-06,-9.887877107849142e-06
2021-09-21,0.0,0.0,2.0510508822546588e-05,2.0510508822546588e-05,9.836498926182733e-05,9.836498926182733e-05
2021-09-22,0.0,0.0,-0.017488018841910973,-0.007488938946833441,-0.019590762514253384,-0.019590762514253384
2021-09-23,0.0,0.0,0.005809658494284086,0.0013107542224340633,0.008069045043834268,0.008069045043834268
2021-09-24,0.0,0.0,0.005860702906556542,0.002315887364589503,0.007192299747027134,0.007192299747027134
2021-09-27,0.0,0.0,0.0023163314590507644,-4.0332566529216524e-05,0.002772710398740087,0.002772710398740087
2021-09-28,0.0,0.0,-0.005794630432230925,-0.003969774135935261,-0.00542680719844574,-0.00542680719844574
2021-09-29,0.0,0.0,-0.015800033360537376,-0.005922840686122543,-0.01738246812473526,-0.01738246812473526
2021-09-30,0.0,0.0,-0.0015,-0.0009750000000000002,-0.0015,-0.0015
2021-10-01,-0.025581871216356994,-0.025581871216356994,-0.00898285372125237,-0.0049659299255500515,-0.01829809842132828,-0.01829809842132828
2021-10-04,0.0012504490316719435,0.0012504490316719435,-0.0008708793830573123,0.000538262192001952,-0.002888566119462006,-0.002888566119462006
2021-10-05,0.00043989675828572106,0.00043989675828572106,-0.003070496910580093,-0.002825678674801279,-0.0016332183796284986,-0.0016332183796284986
2021-10-06,0.0032579971071940578,0.0032579971071940578,0.0006130935821275447,0.0012166478110497783,0.001304581031966301,0.001304581031966301
2021-10-07,0.016010195964714577,0.016010195964714577,0.007641574612817728,0.003567363981103289,0.01451681327905765,0.01451681327905765
2021-10-08,0.002545565002973829,0.002545565002973829,-0.0019066599142178553,-0.0012541436106265707,-0.0006698877391233599,-0.0006698877391233599
2021-10-11,0.0,0.0,-0.0006356702447364108,-0.0006356702447364108,-0.0003971637669910015,-0.0003971637669910015
2021-10-12,-0.008451887392709884,-0.008451887392709884,-0.0038366098784126767,-0.000909718316322146,-0.007155925021488078,-0.007155925021488078
2021-10-13,-0.004379003517542446,-0.004379003517542446,-0.00018871911794603898,0.0004330035673207887,-0.002184998983435482,-0.002184998983435482
2021-10-14,0.005042660866594467,0.005042660866594467,0.003402276771631858,0.003109519388820373,0.004115448029969507,0.004115448029969507
2021-10-15,0.020938342529478432,0.020938342529478432,0.008932336424236596,0.004717263672055874,0.016798560992306585,0.016798560992306585
2021-10-18,0.004699775684345153,0.004699775684345153,-0.0005235587089983525,-0.000483284123592168,0.0016973769959143996,0.0016973769959143996
2021-10-19,0.004238523901166277,0.004238523901166277,0.0023700264791238043,0.00029968021146274773,0.004818149224599322,0.004818149224599322
2021-10-20,-0.0007529738721933354,-0.0007529738721933354,-0.00023519537906305736,-0.0006362621778528816,1.965785920615392e-05,1.965785920615392e-05
2021-10-21,0.00045703567842106385,0.00045703567842106385,-0.0011815459473728594,-0.0009559049156612861,-0.0011312375278764426,-0.0011312375278764426
2021-10-22,0.0005493140330672802,0.0005493140330672802,0.0015603618802418567,0.0018995638339872026,0.0017026752032375243,0.0017026752032375243
2021-10-25,0.003898106173303051,0.003898106173303051,0.00026666414658171883,0.00024629570561789517,0.0015690696954724825,0.0015690696954724825
2021-10-26,0.0062240591754332275,0.0062240591754332275,0.005179530094624646,0.0034794803749565676,0.007771158453632771,0.007771158453632771
2021-10-27,0.0008144383754129514,0.0008144383754129514,0.0011845419212369133,0.0008103075893267317,0.001634937945899867,0.001634937945899867
2021-10-28,-0.004330342851291247,-0.004330342851291247,0.0003234496316750442,1.6611177201139078e-05,-0.00202762152474667,-0.00202762152474667
2021-10-29,-0.0015,-0.0015,-0.0015,-0.0012352941176470588,-0.0015,-0.0015
2021-11-01,0.007963784438333928,0.007963784438333928,-0.002429910566483474,-0.003443798167617677,0.0030647196409267787,0.0030647196409267787
2021-11-02,-0.0008412699562156539,-0.0008412699562156539,0.003338829183913483,0.0016123032061667875,0.0011786165388998448,0.0011786165388998448
2021-11-03,0.0023302979204145313,0.0023302979204145313,-0.0025679732658090426,0.0001755083571222671,0.0005907502491274041,0.0005907502491274041
2021-11-04,-0.0018549872300179099,-0.0018549872300179099,-0.008061642579901412,-8.660728667697626e-05,0.0003797747200192103,0.0003797747200192103
2021-11-05,0.009852231406862491,0.009852231406862491,-0.0020370102010464353,-0.00024617242890340174,0.009840736215717698,0.009840736215717698
2021-11-08,0.011072573304478195,0.011072573304478195,0.007403975403682511,-0.0010736631004854835,0.006757041246087423,0.006757041246087423
2021-11-09,0.0049095727720357835,0.0049095727720357835,-0.0023377302170853875,-0.0009420581282511276,0.0053615222500665825,0.0053615222500665825
2021-11-10,0.00019359144352942836,0.00019359144352942836,0.005436375284231992,-0.0005285396734503178,-0.0032099403496356556,-0.0032099403496356556
2021-11-11,-0.008304707795199068,-0.008304707795199068,-0.005758143102712027,0.0005818137459767947,-0.005015969588734096,-0.005015969588734096
2021-11-12,0.0032758394180645717,0.0032758394180645717,-0.0018432763268212415,-0.00026099519289310424,0.002641196404377887,0.002641196404377887
2021-11-15,0.008240520996045358,0.008240520996045358,-0.002359467408068361,-0.00041325976853645585,0.005256502650039386,0.005256502650039386
2021-11-16,0.0016976285806285796,0.0016976285806285796,0.0032658856152462667,0.0004128213822221505,0.0012909575977771836,0.0012909575977771836
2021-11-17,0.00451754175177925,0.00451754175177925,-0.0025652791140265974,0.0006082099780378158,0.002835954102940807,0.002835954102940807
2021-11-18,0.002551263658815514,0.002551263658815514,-0.007179043089913406,-0.0007504777921054362,0.0035073941324239933,0.0035073941324239933
2021-11-19,0.002936957234070687,0.002936957234070687,0.004168010995466848,-0.0013305086069796135,0.0025887685975099803,0.0025887685975099803
2021-11-22,-0.005126112419330378,-0.005126112419330378,-0.010299866597862611,-0.0013328648932210418,-0.004219161566044667,-0.004219161566044667
2021-11-23,-0.010236441205435806,-0.010236441205435806,0.002200590756689741,0.0016425422525570277,-0.009351082623500652,-0.009351082623500652
2021-11-24,0.003542019866741908,0.003542019866741908,0.008026090426673654,4.5404773793694675e-05,0.0004184528878086333,0.0004184528878086333
2021-11-25,0.001398494737567646,0.001398494737567646,-0.0011637833454915814,9.520400604223767e-05,0.0009314834801833534,0.0009314834801833534
2021-11-26,-0.020147959194916312,-0.020147959194916312,-0.006930004044738286,-0.0002416474359131504,-0.010604369458652538,-0.010604369458652538
2021-11-29,-0.011522772160596911,-0.011522772160596911,-0.016322061809602023,0.0009513464842328401,-0.004711410161974551,-0.004711410161974551
2021-11-30,-0.0015,-0.0015,-0.0015,-0.0011250000000000001,-0.0015,-0.0015
2021-12-01,0.006538483889189305,0.006538483889189305,-0.0017708146231271075,0.0008203946649764289,0.0029412365636014358,0.004356125917514237
2021-12-02,-0.004035863798339381,-0.004035863798339381,-0.00887832247286239,-0.0063304466218459705,-0.0020755038867410203,-0.0003105529229477724
2021-12-03,0.001911085617084446,0.001911085617084446,0.004814512595554345,0.001514210521161284,0.004313560914635806,0.0027109957670636703
2021-12-06,-0.006827560982458944,-0.006827560982458944,-0.001933944120576779,-0.003692310419501749,-0.0043063933095893875,-0.00441056236044185
2021-12-07,0.007932777455986861,0.007932777455986861,0.011429379887176046,0.006974598249009527,0.005807638106181651,0.0036757754200445886
2021-12-08,0.015057716091257167,0.015057716091257167,0.014219224477226565,0.010839011372236355,0.008280830816069305,0.0070237914261753395
2021-12-09,-0.0004783066764607463,-0.0004783066764607463,0.008275060652728846,0.0029022996278787396,0.0005510750403171713,-0.000533306407137786
2021-12-10,-0.0046587422097078696,-0.0046587422097078696,-0.009013777341635318,-0.004514161448752348,-0.004741985212669962,-0.002900903952962261
2021-12-13,0.0018621195849288924,0.0018621195849288924,0.008584889468447944,0.004853290973259471,0.004500374284317335,0.0030027743138111573
2021-12-14,-0.014983641670979833,-0.014983641670979833,-0.012227824164559772,-0.009078987416661787,-0.01104322277591397,-0.009629416375970624
2021-12-15,-0.0014286389487030288,-0.0014286389487030288,-0.006177325992063554,-0.0031326274364260115,-0.002455378503293866,-0.0015575365473009528
2021-12-16,0.016788583201428647,0.016788583201428647,0.011492456040385561,0.009318673564424925,0.011639133309613633,0.010222130656159716
2021-12-17,-0.00968088751054147,-0.00968088751054147,-0.009443467977141955,-0.008317633429519484,-0.0032131852378517664,-0.0032131852378517664
2021-12-20,-0.01105846910268149,-0.01105846910268149,-0.012659905133456262,-0.007648786401604306,-0.009979424479606966,-0.00750515688524097
2021-12-21,0.008275752378603951,0.008275752378603951,0.003830031078005342,0.002360802006145055,0.005579420433353813,0.004703492595915265
2021-12-22,0.0056150504014643166,0.0056150504014643166,0.005736363893919873,0.003332204613550105,0.0050224660012821234,0.0034472654873834788
2021-12-23,0.009166535627567002,0.009166535627567002,0.0076035758260547155,0.004915988988102255,0.006542695466766307,0.005055779334219038
2021-12-24,0.0027173771537735564,0.0027173771537735564,0.003018923044548662,0.002098302107812601,0.0018152032039034233,0.0016699682439607066
2021-12-27,0.006062154646684775,0.006062154646684775,0.0007917034340455171,0.0014941041135670592,0.004456297520129632,0.004456297520129632
2021-12-28,0.007808636490520521,0.007808636490520521,0.008769061995345748,0.004549140669363183,0.006267565349996555,0.004142369502209177
2021-12-29,0.003008070024210288,0.003008070024210288,-0.0022179257424405816,-0.0005308556051990666,0.0005827875540330707,0.00044265427341554087
2021-12-30,-0.0032358925428236235,-0.0032358925428236235,0.0015947806363737372,-0.0005437773266717065,-9.705101905224667e-05,-0.0007961588392955132
2021-12-31,-0.0015,-0.0015,-0.0015,-0.0011666666666666665,-0.0015,-0.00140625
2022-01-03,-0.002382794035721446,-0.0006281842363735277,-0.0023231109685703084,-0.0022871300352400635,-0.0033466594859648756,-0.0026078764125552255
2022-01-04,0.013794701588657254,0.013047876330490371,0.009296333357645539,0.003466427304617009,0.011683396278090495,0.011368943537809702
2022-01-05,-0.0031824120865066863,-0.004110394879871804,-0.002896531594377094,-0.0022998013195729907,-0.003188859964376999,-0.0035795895615833642
2022-01-06,-0.01266599549504363,-0.012573887209925791,-0.010387791346504074,-0.005712045664690884,-0.010265931042845912,-0.01022714860700682
2022-01-07,0.0013298437682000425,-0.0036480318323035416,-0.004230345044153485,-0.0014177896338643976,-0.0025977933070263346,-0.004693740928291001
2022-01-10,-6.763342309187848e-05,0.0012621588477094159,0.0012637343280873618,0.00026407166341034315,0.0008203987412809079,0.0013803112763551369
2022-01-11,0.0019256038898325667,0.002552841307227785,0.0021156735359478657,0.0018626455357753568,0.002593634807658858,0.0028577347728778973
2022-01-12,0.011248813520783829,0.007286281309369064,0.0059381546168547515,0.0037485565475334076,0.007538334456836604,0.005869899841504071
2022-01-13,0.007129841797346423,0.00564590255226223,0.004413269799726824,0.002698216032626501,0.0056250682888781735,0.0050002517646321985
2022-01-14,-0.007733826613699951,-0.007302493008414762,-0.00787746434381395,-0.0054805092153661725,-0.007413662607153282,-0.0072320484575595185
2022-01-17,0.009978575152647093,0.006689100382187715,0.005906621771812183,0.0015424295885838391,0.007762648802939963,0.006377606794325489
2022-01-18,-0.0048093583486388146,-0.005990197975879563,-0.004317737746555833,-0.0028765783607469786,-0.005866177748332043,-0.006363373380854464
2022-01-19,-0.011194724359821592,-0.01320007003584249,-0.009301535969689065,-0.004596447486430626,-0.008663452025648244,-0.009507808099762306
2022-01-20,0.0027649334945065163,0.0026004560437281887,0.0044444639094595164,0.0028791814683709616,0.0018402312205201684,0.0017709775570345567
2022-01-21,-0.026154885346234183,-0.02319824438010823,-0.015420941448443772,-0.007945813460729033,-0.01651238182827409,-0.015267480368852634
2022-01-24,0.007089930456243926,0.003977549112809425,0.001567493187511297,-0.000905497346009167,0.003026335970650899,0.001715859615520583
2022-01-25,-0.021283017810671462,-0.018410402591406513,-0.014292236679616904,-0.007052912779292436,-0.01541384005989578,-0.014204317862310538
2022-01-26,0.0018323529247383369,0.00048405886682923604,-0.002199031435845354,-0.001488682490815246,-0.0009692661472644411,-0.0012712965938018268
2022-01-27,0.0,0.0,0.0011830510935336978,0.0011830510935336978,0.001077970385974832,0.001077970385974832
2022-01-28,0.0,0.0,0.00017914448290331665,0.00017914448290331665,0.0003475928218691418,0.0003475928218691418
2022-01-31,-0.0015,-0.0011250000000000001,-0.0014999999999999998,-0.0008571428571428571,-0.0015,-0.0012631578947368421
2022-02-01,-0.0015,-0.0013125,-0.0015354952511937219,-0.000935495251193722,-0.0014525267097259971,-0.0012275267097259972
2022-02-02,0.0,0.0,0.00034845579935649523,0.00034845579935649523,0.0003523681561142134,0.0003523681561142134
2022-02-03,0.0,0.0,-0.0010513522057340242,-0.0010513522057340242,-0.0014545144088504436,-0.0014545144088504436
2022-02-04,0.0,0.0,-0.0013170382039108031,-0.0013170382039108031,-0.001814237377351913,-0.001814237377351913
2022-02-07,0.021478886982349787,0.011475579712960954,0.008720616759455558,0.0035800791713983546,0.016163264194866304,0.00823889047883084
2022-02-08,0.005624729653940577,0.0066198242756028425,0.0017596777357971388,0.0006092418226198383,0.0016628720467441636,0.0034785050607371642
2022-02-09,0.005584519420208503,0.007359214521124896,0.008727930830548236,0.003911198852080467,0.006907857070496387,0.005617329987352271
2022-02-10,0.00937213891800498,0.009137325733365204,0.0039726716323015,0.00015237499389591548,0.004652806648480205,0.0031238305296485682
2022-02-11,-0.0004713070292327731,-0.000158807327255997,-0.0017331274103243254,-0.0004755995266584102,-0.0030326445374615537,-0.0001646997417394493
2022-02-14,-0.010694513071855385,-0.017116823900008585,-0.013179136238495651,-0.004877137306707091,-0.011602185390025523,-0.012173061219548002
2022-02-15,-0.0013566877964480695,-0.001431182942996212,-0.0014256861459142679,-0.0009751798284505508,-0.0023558996273797595,-0.0024534613795448856
2022-02-16,0.010623978271718501,0.014197544556794284,0.011704029523166468,0.004652055849618098,0.011353168929592044,0.010228406825951008
2022-02-17,0.0030893041188627263,0.002246258334424947,0.002264158635856234,0.001514163674207647,0.0011485309904637532,0.001377077629628731
2022-02-18,-0.0013537519758799882,0.0005494148849482655,-7.690074117747676e-05,0.0006321435814282572,-0.001504168470642725,0.0005436965041634656
2022-02-21,-0.001967014581110621,-0.002508137760562884,-0.0023972069324043666,-0.0005321319880857211,-0.0029052713594235726,-0.001226838622839055
2022-02-22,-0.011847667815296711,-0.01623498079911466,-0.01247538691754011,-0.004326351755685544,-0.011116515482293433,-0.010245390115539299
2022-02-23,0.006444163827032334,0.0072621197052120945,0.004735047550540177,0.0007567019124703535,0.003653936813293351,0.002876238461359865
2022-02-24,-0.023494388572530667,-0.029182998503763324,-0.02054318747801432,-0.006589669763868117,-0.02115701994748666,-0.018027628648847688
2022-02-25,-0.0012653871445614667,0.0005959984164809057,0.004317394932646523,0.0013114214637593381,0.006071767349626079,0.0021626653154868556
2022-02-28,-0.0015,-0.0013125,-0.0015,-0.0009000000000000002,-0.0015,-0.001275
2022-03-01,0.01819718370072476,0.016204456783911546,0.014890714455657284,0.0035829564342953948,0.015546473473489033,0.014407772378167195
2022-03-02,0.012149922218740103,-0.0029929409186413153,0.007095601028905837,9.836530362598091e-05,0.005906694697234871,-0.0027463699526973683
2022-03-03,0.009442592039019398,0.002498159071287115,0.005880538934949989,0.0001659213405943524,0.00645522164175175,0.002486974231619017
2022-03-04,-0.015390618692244687,-0.011105254641909104,-0.012040454983334488,-0.002636202663371381,-0.011821883783873331,-0.009373104326538713
2022-03-07,-0.014350667770038586,-0.03272567110789869,-0.0156711382638757,-0.006898100768824451,-0.015141935289934606,-0.025641937197283235
2022-03-08,-0.02729608741026654,-0.023100357027542165,-0.02374729970184045,-0.007383010042241477,-0.023605940920824818,-0.021208380702125176
2022-03-09,0.016704420301851597,0.012870408671068534,0.01582058988217606,0.005827341708366228,0.014926024448783657,0.012735160659764764
2022-03-10,0.012199476986408872,0.027188534565047773,0.012834150485686497,0.005853873541631615,0.013188740000818924,0.02175391576004115
2022-03-11,-0.015660972043380877,-0.011123419660058254,-0.013374817490381115,-0.0031481596511001154,-0.012861457229512159,-0.010268570153327801
2022-03-14,0.0019424721444853132,0.001168472889906319,6.33926341660613e-05,-0.00011397354997248006,0.00019421863292940744,-0.0002480666554014464
2022-03-15,-0.028197803143528974,-0.019159342583194933,-0.025561098964625537,-0.006713447456881704,-0.02439149981251739,-0.019226665206612224
2022-03-16,0.003551240012657997,0.004864123736089285,0.002130505194958063,0.0018057114985207635,0.0036145415209403245,0.004364760791472489
2022-03-17,0.03075907683473683,0.0306892428326771,0.030216356425904506,0.009621701716189873,0.02914347682330684,0.02910357167927271
2022-03-18,0.009144087530264008,-0.0015343093128449975,0.005015262381908464,8.749156837292077e-05,0.0049196332391518195,-0.0011823078140533261
2022-03-21,0.009046206714220212,0.0053810853204115106,0.007508151874164811,0.001221464256843868,0.008149244175626276,0.006054889093449875
2022-03-22,0.008476466420314743,0.0009802217809795066,0.005399438913958367,0.0007827557090183551,0.005197626247914572,0.0009140578825801516
2022-03-23,0.007551505025795532,0.010380356764099735,0.0066925505355252,0.002984429705381119,0.007259806798684105,0.008876293506286508
2022-03-24,0.004771393527930948,0.00012836123917693565,0.0035101336150012564,0.0008350975337577928,0.00269911234156811,4.595103370867517e-05
2022-03-25,-0.004688524851173992,-0.002130382211304127,-0.0011949753577951824,0.0005949817185917019,-0.00021698746533487553,0.0012448083288764758
2022-03-28,-0.009216989423083452,-0.00749572271170669,-0.010166242688049103,-0.002729157539904232,-0.008918310437833619,-0.00793472945990404
2022-03-29,-0.0060118739209739785,-5.376276727327156e-05,-0.004556916613731323,-0.001070285197990547,-0.003499096934549663,-9.446198957783042e-05
2022-03-30,0.011222481458603939,0.011475267821968116,0.011063431607089788,0.003703170052523682,0.010449987182439502,0.010594436532933318
2022-03-31,-0.0015,-0.0013125,-0.0015,-0.0006923076923076924,-0.0014999999999999998,-0.0013928571428571427
2022-04-01,-0.007176161496096898,-0.0036529586619958856,-0.0017760092329061786,0.0005770381325159459,-0.008071564277515935,-0.00706311540662074
2022-04-04,0.0,0.0,0.0,0.0,0.0,0.0
2022-04-05,0.0,0.0,0.0,0.0,0.0,0.0
2022-04-06,0.0026694753944480204,-0.00014552822547951594,0.005425134961185814,0.001520283961705023,-0.0022620123610154284,-0.003935519932221482
2022-04-07,-0.020396937700283668,-0.011862898423190466,-0.010872586712668775,-0.0035885060449842667,-0.02022931188218901,-0.01710756302460993
2022-04-08,0.0070805065460146505,0.006837395995705514,0.0020669639628863403,0.0036084953743496513,0.005046832295944111,0.005707488615142673
2022-04-11,-0.00920707569679298,-0.006302269039665409,0.0013454313793510029,0.0015284677276988603,-0.013074951754023758,-0.012996507604731821
2022-04-12,-0.0012400805038146612,-0.0005707167210848713,0.001018895860613822,-0.0004471096617842026,0.00039800691502519695,-0.00023028116600252787
2022-04-13,0.013967452120685675,0.008720596920208545,0.008781624688560419,0.0024237787209049526,0.019034720966069014,0.016309929837073817
2022-04-14,0.0038273901742060384,-0.0023201330816529225,0.002119415648895358,-0.003217422800638081,-0.000759951393489746,-0.00304716787186122
2022-04-15,-0.006572265142243142,-0.007378265436251072,0.005203834905698386,0.001473752356761393,-0.012306135142405068,-0.01390474194909235
2022-04-18,-0.0048089000568345,-0.005494761030805387,-0.0009174686776433812,-0.0037367070369731157,-0.0052166639858719655,-0.00642490899701328
2022-04-19,0.005751014512612521,0.0033961538188745782,-0.000689604931479552,-0.0012603786838871016,0.0053256028671253165,0.005080985544664938
2022-04-20,-0.00166785019652263,0.0017237335888683342,-0.008716635956679855,-0.0022969958891411735,0.0003501890084443254,0.0031014633231037612
2022-04-21,0.0020289614364152747,0.0017215358051061308,-0.0001266389363751007,-0.00038019444423620364,0.0018697989527650433,0.0017611323065388565
2022-04-22,-0.008947099968108108,-0.004600366526963398,5.5190666160590766e-05,0.0013210102318169101,-0.0067790386211014145,-0.006236544521534422
2022-04-25,-0.024409329105489014,-0.017033856446754092,-0.011380379344451259,-0.006363371341858825,-0.024540826353542194,-0.022390680066716864
2022-04-26,0.00439436146751232,0.00200075884623125,0.00023560017734153282,0.0004986256576527404,0.0005275887938633554,0.00023922688108076118
2022-04-27,-0.014716129239233225,-0.008639188214464383,-0.00014711867688736247,-0.0044498916215315685,-0.016780279682861703,-0.013338599932429028
2022-04-28,0.003317622665809608,0.0006174612978532973,-0.003133536119054703,-0.0015071139874878734,0.004380498149313905,0.002878623491640737
2022-04-29,-0.0015,-0.0009375,-0.0015,-0.0012499999999999998,-0.0014999999999999998,-0.0011785714285714283
2022-05-02,-0.0015,-0.0013125,-0.0015,-0.00075,-0.0015,-0.0010500000000000002
2022-05-03,-0.008583839113887992,-0.007169675666399894,-0.009856425886510712,-0.0058337049051181535,-0.010226078721473797,-0.006878357473853081
2022-05-04,-0.001193771590552159,0.0004231452250411105,-3.697172827033055e-06,0.0006984966119765734,0.0015120625637525145,0.0014170125923497093
2022-05-05,0.01198842522265929,0.0064440757140995925,0.019443484674199055,0.005310084882703659,0.01624496012663506,0.006952856628950488
2022-05-06,-0.007594618814741605,-0.008077243853093385,-0.022091131850619436,-0.006922377602437669,-0.01831912920115184,-0.010122738886083118
2022-05-09,-0.008212332150426424,-0.00995512617785739,-0.017636063446032767,-0.00799721214109116,-0.018920072645917854,-0.011972573937163833
2022-05-10,-0.010839763150962231,-0.002660525016000087,-0.012754426700583044,-0.0016747192540867983,-0.008220337899810793,-0.0019526690676107796
2022-05-11,-0.005220079808168132,-0.004585893616095502,-0.003476689455846394,-0.004042043282130604,-0.005413622639325656,-0.004258053429280129
2022-05-12,-0.00759452676086142,-0.00988926599975834,-0.022576740133118466,-0.007562612043092764,-0.020441606081762955,-0.012705761786718462
2022-05-13,0.0053992569611347185,0.001205465653353499,0.012059272369785169,0.0013190968436872289,0.012439185738783755,0.0035315486397336174
2022-05-16,-0.0003061145804783283,-0.0007906102567849793,0.00483579550624812,-0.0004569799285696896,0.002050593606116602,-4.8591226457361716e-05
2022-05-17,0.0066777887048486,0.0010672654423286437,0.008447798653594496,0.0011005722935418017,0.010820203904908088,0.002224829563702613
2022-05-18,0.005412468033961504,0.006047564482813059,0.01057021563810653,0.004379501167400268,0.010940411250678763,0.007079590579161055
2022-05-19,-0.012016451631903138,-0.008940774611716412,-0.023446210873902886,-0.007038117514606257,-0.019266117543370244,-0.010405374197983196
2022-05-20,0.004371769101487982,0.0032413518478720815,0.0077595925859916485,0.0030521399193749743,0.00913999367885453,0.004453167400251534
2022-05-23,0.003482007254698591,0.001359373469041733,0.001820797739734792,0.0009322216451840838,0.0032894284509252473,0.0008410359608452268
2022-05-24,-0.003169068652534246,-0.0014297409363250857,-0.009631461545393983,-0.0012996580731743925,-0.009567143943972291,-0.0031878878573500806
2022-05-25,0.005162705706537041,0.0034576315940215985,0.00645246838625697,0.0026699801809746404,0.010050131887996038,0.004700293922423238
2022-05-26,-0.0025532473818091483,-0.0022632285950882625,-0.006101686201846335,-0.0017315460999018152,-0.007841254786963415,-0.003556584243874361
2022-05-27,0.00886222948943792,0.0054901369097515446,0.020622157938618036,0.0048008968119413135,0.017671008742008866,0.007736691818382836
2022-05-30,0.010133975900880124,0.00860544069539658,0.022032106456646928,0.006755975945225236,0.020567768080506737,0.010693775228424742
2022-05-31,-0.0015,-0.0013125,-0.0015,-0.00075,-0.0015,-0.0010500000000000002
2022-06-01,-0.008140207533881142,-0.004670429790702749,-0.004324061544681844,-0.004324061544681844,-0.008274151123371097,-0.0048043733801927035
2022-06-02,-0.004658069663967257,-0.0024670618569535563,-0.00133914937056064,-0.00133914937056064,-0.0059830560360580876,-0.003792048229044387
2022-06-03,0.0,0.0,0.0,0.0,0.0,0.0
2022-06-06,0.011141125425584097,0.003879011319022463,0.004908240148217372,0.004908240148217372,0.01245515244844822,0.0051930383418865855
2022-06-07,-0.003957313497639711,-0.003795192981073933,-0.0019076557874039648,-0.0019076557874039648,-0.0055752157461413515,-0.0054130952295755735
2022-06-08,0.004564503912942788,0.003536362511860666,0.001625735788467586,0.001625735788467586,0.007370180126605286,0.006342038725523164
2022-06-09,-0.0004647812572166621,-0.003040991666016568,-0.0024018686822474917,-0.0024018686822474917,-0.0013583338925039629,-0.003934544301303869
2022-06-10,-0.00416244771196117,-0.002584822876918344,-0.0036935872453642453,-0.0036935872453642453,-0.007973304233054146,-0.00639567939801132
2022-06-13,-0.00945085298743542,-0.007213954347780563,-0.008065604596213454,-0.008065604596213454,-0.017161781929164427,-0.014924883289509569
2022-06-14,-0.00017934719181551817,-0.0024027737698135015,-0.00409778342192398,-0.00409778342192398,-0.0022768287761273376,-0.004500255354125321
2022-06-15,-0.0037613073732467167,-0.001896439045349252,-0.0037749462600826416,-0.0037749462600826416,-0.005707288290589196,-0.0038424199626917316
2022-06-16,-0.005223425278497354,-0.0023026069029806057,0.005968512839227465,0.005968512839227465,-0.004539991282959108,-0.0016191729074423594
2022-06-17,-0.002732004037731481,-0.0035073661973538256,-0.007277824647870041,-0.007277824647870041,-0.0072439134123868515,-0.008019275572009196
2022-06-20,-0.015171767058334118,-0.008071375930067223,-0.001493967155458427,-0.001493967155458427,-0.017998159933618876,-0.010897768805351982
2022-06-21,0.010600599790860865,0.008091260950733647,0.002633771398346715,0.002633771398346715,0.015504438517956243,0.012995099677829025
2022-06-22,-0.014315698857683967,-0.009681834716946253,0.002193286536204801,0.002193286536204801,-0.01707497864445076,-0.012441114503713047
2022-06-23,-0.0059399329239222115,-0.0038605581244929715,0.005349897821775565,0.005349897821775565,-0.005763789109319559,-0.0036844143098903187
2022-06-24,0.002308451976671899,0.0017647101311863145,0.003973845696976415,0.003973845696976415,0.00521729943056308,0.004673557585077495
2022-06-27,0.011354191744837289,0.008346492132961625,0.0015249970167579754,0.0015249970167579754,0.016188106532996183,0.013180406921120519
2022-06-28,-0.0011568851039689548,-0.005092505725884697,-0.000696125487949876,-0.000696125487949876,-0.0026284632908299133,-0.006564083912745655
2022-06-29,-0.00395850595793415,-0.004357137463578603,-0.0042795871799252705,-0.0042795871799252705,-0.007391060363925311,-0.007789691869569765
2022-06-30,-0.0015,-0.0013125,-0.0015,-0.0015,-0.0015,-0.0013125
2022-07-01,-0.009353143724603085,-0.004399911603258212,-0.002094989320666353,0.011113629669586643,-0.011039253899216337,-0.0011327896565265913
2022-07-04,0.006066132743358363,0.002663555855304159,0.010686452923588977,0.0016129145554444335,0.006615752404965564,-0.0001894013711428444
2022-07-05,0.0009199082891127308,-0.0011721454447372048,0.0023283515648744317,-0.00325045839205873,0.003457249956441394,-0.0007268575112584774
2022-07-06,-0.02092460489669172,-0.009950667981874675,-0.022084333428436003,0.007179498344409451,-0.027410956785024393,-0.005463082955390303
2022-07-07,-0.0027709877074717365,-0.0007659652141436268,-0.014027331742315963,-0.008680605093441004,-0.004595501028994753,-0.0005854560423385335
2022-07-08,0.005119000384110242,-0.0004846745123337354,0.0112930999039987,-0.0036500331531852392,0.010887063957727622,-0.00032028583516033327
2022-07-11,-0.005582239955503554,-0.006313583998321909,0.004803620789433527,0.0028533700085845806,0.0007114293474389244,-0.0007512587381977853
2022-07-12,-0.004078055939047448,-0.002381504856356617,0.004309385842966103,0.008833522063474986,-0.004473288004427534,-0.0010801858390458718
2022-07-13,-0.005746461409312731,0.0015016975775186958,-0.029728454921217486,-0.010400030956333683,-0.011545415095034595,0.0029509028786282587
2022-07-14,-0.00010311143281548085,-0.0010811997083325503,0.00030843975179643335,-0.002299795649582418,0.0003666363092199587,-0.0015895402418141802
2022-07-15,-0.004980123359540609,-0.004074330192745529,-0.004914275872045811,-0.0024988274272589317,-0.0047657789581062315,-0.002954192624516072
2022-07-18,0.0038716842592662892,0.0017210070013454204,0.0027693096622402784,-0.0029658296922153715,0.007236848230811582,0.0029354937149698446
2022-07-19,0.000399109371983869,-0.0045983321803926,0.011848151218586176,-0.0014783595877510731,0.007957406127184735,-0.0020374769775682033
2022-07-20,0.0026962323142387112,0.0018337422740010711,0.0011409592917337452,-0.0011590141488999617,0.003308270682794656,0.001583290602319376
2022-07-21,-0.002294914676688145,-0.0011935912400324739,-0.005934834154116256,-0.0029979716563678,-0.0002860855599093326,0.0019165613134020099
2022-07-22,0.0003358214347450178,0.0020642207350259345,-0.00376212356019386,0.0008469412405552508,-0.0018350791900168528,0.0016217194105449806
2022-07-25,-0.0035939790043626463,0.0009753723184748875,-0.01360225239711236,-0.0014173155362122714,-0.006714805587428291,0.0024238970582467767
2022-07-26,0.0073034300412586906,0.0018460485276109995,0.017240977402594483,0.0026879600328673092,0.011501808567836502,0.0005870455405411201
2022-07-27,-0.00579686993706717,-0.002622067703379541,-0.010202369507915716,-0.0017362302180820393,-0.006816596667642949,-0.0004669922002676907
2022-07-28,0.008696698795986751,0.005055923989440825,0.010432672292764936,0.0007239394753091322,0.010435090130251234,0.003153540517159381
2022-07-29,-0.0015,-0.0013125,-0.0015,-0.001,-0.0015,-0.0011250000000000001
2022-08-01,0.0008255975040675147,0.0003200493090980284,0.0014542062172830262,0.0009564265761363212,0.0007781217178401425,-0.0005700068020784887
2022-08-02,-0.005166318588277652,-0.00034175450107921945,-0.012649793304706244,-0.0034171513121031096,-0.005410051952478789,0.007455452280050363
2022-08-03,0.0014279971148065118,0.0003200717134180242,0.0012694270135456727,0.00046665472711793216,0.0015335755187865967,-0.00142089221824937
2022-08-04,-0.0019629041630048333,0.0019130672171062818,-0.004909813534098454,3.240950121761549e-05,-0.009763200212384858,0.0005727234679114475
2022-08-05,-0.0019818344653790426,0.0009515024283383994,-0.009361618401560188,-0.005901355151602451,-0.012580400541742549,-0.004758168825162705
2022-08-08,-5.4329716919876425e-05,-0.0006004788570035391,0.004681747184482073,0.002754508694805609,-0.001059617512739937,-0.002516015219629704
2022-08-09,0.002586261485446259,0.0008189950532068307,0.0018689634110409428,-0.0005617982981067082,0.006707927252579514,0.0019952167666077067
2022-08-10,0.0013894014298648644,0.0021266581674845575,-0.00435473573516711,-0.000694346022812246,0.0007743362028133824,0.0027403541697992306
2022-08-11,0.00445638739206676,0.0022988922530278316,0.005219856508970906,-0.0008314075375339679,-0.0017018300618676738,-0.00745515043263815
2022-08-12,0.003467406503393944,0.0007500162983064274,0.004932825677889958,-2.5477051251258473e-05,0.005898104318103299,-0.0013482695621300775
2022-08-15,-0.0026061375385823954,0.0005723767289195353,-0.00604145993409738,-0.0014355289320813385,-0.01085902240047032,-0.0023829843537985043
2022-08-16,-0.0027655631873983047,-3.65973166484854e-05,-0.005309175730518719,-0.00041686671240626083,-0.009087198291453472,-0.001809955969453954
2022-08-17,-0.004226063734200244,-0.0019805553738980602,-0.0017225112046089788,-0.0002889033984182129,-0.007152243003146541,-0.0011642207090073833
2022-08-18,-0.00038004416958793696,-0.0018351375302810696,-0.000679086487521426,-0.0007788104476877389,0.0017631447888786234,-0.0021171041729697304
2022-08-19,0.0010117821966193624,-0.0014539754085283324,0.00036022768794443316,-0.002704144220045834,0.00470432365369422,-0.001871029960032966
2022-08-22,-0.0037572425264403436,-0.0035557333535388425,0.0011193755347049803,0.0009408312334528802,0.0003919551976723592,0.0009293129920763623
2022-08-23,-0.0005750781782995346,-0.0025933723002883463,0.0018728750741926114,0.000817255678459139,0.008212052022273153,0.0028299343636363217
2022-08-24,0.004000876965961228,0.0002932405902753704,0.0030144583285882658,-0.0014785960940306337,0.01251555213102636,0.002628521795864073
2022-08-25,0.005712747502325657,0.003269337327896485,0.0017145548782659392,-0.0010916581787835757,0.004920416612985516,-0.001595343852158944
2022-08-26,-0.003668928328546206,-0.0009570191976389641,-0.0026039031820298915,-0.00027123748153094296,-0.009136796544959802,-0.0019050388625404904
2022-08-29,-0.006579239734478201,-0.007933036784707873,0.0005840985267674589,0.0010262210894615798,0.005810380933527037,0.0022002554662479135
2022-08-30,0.004618901730265357,0.0009199226969894281,0.0029384951958415883,-0.0013860362948026062,0.010794665869392223,0.0009307217806564145
2022-08-31,-0.0015,-0.0013125,-0.0015,-0.001,-0.0015,-0.001
2022-09-01,-0.009941952416313652,-0.005163149472217914,-0.010247224902363608,-0.004583305954534182,-0.009375669224125303,0.009739542552257646
2022-09-02,-0.0002911589251547442,0.0008500875076578734,0.00368533192219975,0.0023914173094383706,-0.0002841884203506617,0.004280797310899809
2022-09-05,0.0016619874206630636,0.0011877347653133918,-0.00446105687973888,-0.0010469225956799924,0.001897010621398687,0.0
2022-09-06,0.0008845395906555559,0.0007495473034706407,-0.0018498172847675558,-0.0039134447146868595,0.0005399691487396607,0.0
2022-09-07,-0.007131306513106034,-0.0024791995822499857,0.0014280054390997722,0.005245551385186959,-0.010968346685392594,0.007640081038031599
2022-09-08,0.00162916360500788,0.005270623315447781,0.005519850566440566,-0.00024041260995523282,-0.01874645678284531,-0.004180617941085707
2022-09-09,0.00039010336109125687,0.00039010336109125687,0.0005147930439184872,0.0005147930439184872,0.0,0.0
2022-09-12,0.007077249193276167,0.0032543936755410757,0.005174422077248127,-0.0007205039872473227,0.005173387582505851,-0.010118034488434513
2022-09-13,0.0023616423286131477,-0.0007878456347999302,0.007162343544259203,0.0015898019941337593,0.010876783082267971,-0.0017211687713843404
2022-09-14,-0.007264686024504502,-0.006377198554827018,-0.015105113944998865,-0.0026665941605092326,0.005085620526420476,0.00863557040513041
2022-09-15,0.0013610075473503708,-0.0009767272359316043,0.00030779094084990954,-0.001434881333336345,0.008502063728089537,-0.0008488754050383629
2022-09-16,-0.007310180163082977,-0.003193005518954878,-0.008485290002344386,-0.0033246749250214072,-0.012217022307416003,0.004251676269096394
2022-09-19,0.0005155127983387476,0.0003759227792567389,0.0006317896229704159,-5.3735016267708656e-05,0.0022446991577338427,0.0016863390814058077
2022-09-20,-0.0002789521780646176,-0.0007669589658002296,0.00012797861469727827,-0.002740639506126068,-0.002249629613806259,-0.004201656764748707
2022-09-21,-0.003998172397352992,-0.002470399387946798,-0.0010911830258761486,0.001352003599190373,-0.0027212648167375675,0.0033898272208872093
2022-09-22,-0.005580824488080768,-0.0044559662116952364,-0.013697470926959745,-0.007763591537610772,0.00223456714154624,0.0067340002470883675
2022-09-23,-0.0007545978666386732,-0.000612710403450123,0.000938346327687325,0.0010163540004188966,0.003585289922435342,0.004152839775189543
2022-09-26,-0.01443019386795208,-0.007327921294616971,-0.00914222384110593,-0.005363469908791699,-0.016876976411432765,0.011532113881907669
2022-09-27,-0.002592723362876345,-0.001312602335863347,-0.005080842914465323,-0.005997993010915154,-0.006730788520584785,-0.0016103044125327926
2022-09-28,-4.1244931390627126e-05,-4.1244931390627126e-05,0.005003793129306778,0.00876182067552975,0.012116324231084663,0.012116324231084663
2022-09-29,0.01050027212911997,0.0038812907252464,0.006913758580648514,0.0005199043535825488,0.02489864009142767,-0.0015772855240666073
2022-09-30,-0.0015,-0.0013125,-0.0015,-0.001,-0.0015,-0.00075
2022-10-03,-0.005247229368635234,-0.0061536728576990374,-0.012359064501489348,-0.004427099333002799,0.008361643358183292,0.004735869401928079
2022-10-04,0.012778346354381409,0.009525029178536898,0.02730534572709621,0.011076528737469893,0.0006101793899274677,-0.012403089313450577
2022-10-05,0.009261987398854116,0.006091181531144324,0.017884446456255067,0.006360758405599111,0.004734105407322664,-0.007949118063516503
2022-10-06,0.0027766015279371975,0.0007150345388457907,0.004412368031279215,0.0015770242442091423,0.005822987703455518,-0.0024232802529101094
2022-10-07,-0.00430331081447799,-0.005182171480543951,-0.014579039762474003,-0.006568527080693429,0.010008943125928926,0.0064935004616650804
2022-10-10,-4.62772734616812e-05,-4.62772734616812e-05,-0.0007626220615803841,-0.0007626220615803841,0.0,0.0
2022-10-11,-0.010090098537019795,-0.013379570536436333,-0.043623952443779875,-0.014603483988532853,0.03559380306807447,0.02243591507040832
2022-10-12,-0.0036782545893597335,-0.0009310014308064746,-0.003270175756124101,-0.0005617067002436985,-0.010222123914037429,0.0007668887201756069
2022-10-13,-0.0031777254241283914,-0.0012381794955522163,-0.01390696521989384,-0.005397887243693333,0.0021958464102651565,0.009954030124569857
2022-10-14,0.008545562666230314,0.005556428541368022,0.026477553626375785,0.008678525778578847,-0.0023077323874553524,-0.014264268886904519
2022-10-17,-0.008035710668306481,-0.00438656501672724,-0.015588405118995653,-0.00474028573925965,-0.007641392845389283,0.0069551897609276825
2022-10-18,0.0036560276278957,0.003997752217195283,0.014176909417993107,0.004977893242282677,-0.005940064767480213,-0.004573166410281881
2022-10-19,-0.006636068689677935,-0.0032780658301189286,-0.005588032591831145,-0.002698846039674679,-0.00881663122442522,0.004615380213810805
2022-10-20,0.0011966082890704083,-0.003028746510012184,-0.010129281925229196,-0.0032277264862178787,0.019950196803184994,0.0030487776068546246
2022-10-21,-0.0034288271756902355,-0.0024751398862716545,-0.004766772476302854,-0.0011291774833800325,-2.6855865451147487e-05,0.0037878932922231767
2022-10-24,0.0016928511702059695,0.002447921931691646,0.008524894211226243,0.002780759837656903,-0.005275937886402682,-0.0022556548404599752
2022-10-25,0.0018963436945650114,0.001412920397956402,-0.011485069324659834,-0.003051048372840634,0.00873128791028166,0.006797594723847222
2022-10-26,0.0019001468740651867,0.0014873822504379713,0.00562391662935121,0.0029087428376528834,-0.0020747381113486174,-0.0037257966058574787
2022-10-27,0.002648716693579009,-0.00167109326209057,0.010053733846593152,0.0037878229681508335,0.010522507254155544,-0.006756732568522772
2022-10-28,-0.00414578212939351,-0.00414578212939351,-0.014748702148126618,-0.004129776893803727,0.006849290213030046,0.006849290213030046
2022-10-31,-0.0015,-0.0013125,-0.0015,-0.00075,-0.0015,-0.00075
2022-11-01,-0.003406611779426882,-0.001923823910300848,-0.009110378908440629,-0.009110378908440629,-0.009110378908440629,-0.009110378908440629
2022-11-02,0.00029182409647635077,-0.0016078033885314064,-0.0030674817461688875,-0.0030674817461688875,-0.0030674817461688875,-0.0030674817461688875
2022-11-03,-0.008701839551315121,-0.004607328820007459,0.00923076042762161,0.00923076042762161,0.00923076042762161,0.00923076042762161
2022-11-04,-0.00273710023811842,-0.0008600984492682373,-0.006097555213709138,-0.006097555213709138,-0.006097555213709138,-0.006097555213709138
2022-11-07,0.0031394290553712623,0.0005406748725482746,-0.013803704425026875,-0.013803704425026875,-0.013803704425026875,-0.013803704425026875
2022-11-08,0.0016237233897012093,0.00032546502910915653,-0.007776005479400494,-0.007776005479400494,-0.007776005479400494,-0.007776005479400494
2022-11-09,-0.004248954245346423,-0.0008385600464359128,-0.023510986312980098,-0.023510986312980098,-0.023510986312980098,-0.023510986312980098
2022-11-10,0.0003299918293580839,0.006987715471714756,0.011235982575773296,0.011235982575773296,0.011235982575773296,0.011235982575773296
2022-11-11,0.010319318314752232,0.002224391856590832,-0.03809527629987697,-0.03809527629987697,-0.03809527629987697,-0.03809527629987697
2022-11-14,0.0001611348640174759,-0.002851203988392559,-0.011551183551541389,-0.011551183551541389,-0.011551183551541389,-0.011551183551541389
2022-11-15,-0.004061487275118597,0.00016501602852520003,-0.028380568606441336,-0.028380568606441336,-0.028380568606441336,-0.028380568606441336
2022-11-16,0.003987157326204652,0.0012361675254045773,-0.001718252334515169,-0.001718252334515169,-0.001718252334515169,-0.001718252334515169
2022-11-17,-0.007943069907393158,-0.003768704222261221,-0.003442337542768681,-0.003442337542768681,-0.003442337542768681,-0.003442337542768681
2022-11-18,-0.0033270605000858405,-0.0004665699306370119,0.0034542281620522086,0.0034542281620522086,0.0034542281620522086,0.0034542281620522086
2022-11-21,-0.004827157266862461,-0.00022200625980488276,0.00516354735005331,0.00516354735005331,0.00516354735005331,0.00516354735005331
2022-11-22,0.0008589768853932145,0.0005396443983970711,-0.005137022093236632,-0.005137022093236632,-0.005137022093236632,-0.005137022093236632
2022-11-23,0.004395884296701361,0.0017153521316092685,-0.006884675085537251,-0.006884675085537251,-0.006884675085537251,-0.006884675085537251
2022-11-24,-0.004372447090448886,0.0013267399682674946,-0.013864804847574463,-0.0015,-0.013864804847574463,-0.0015
2022-11-25,0.00041684314494191965,-0.0008231838899738358,0.007029870202245103,0.0,0.007029870202245103,0.0
2022-11-28,-0.009085984328368046,-0.00207302197467063,0.012216434804252607,0.0,0.012216434804252607,0.0
2022-11-29,0.006900076090435803,-0.0006653846449472256,-0.008620722256998503,0.0,-0.008620722256998503,0.0
2022-11-30,-0.0015,-0.0009375,-0.0015,0.0,-0.0015,0.0
2022-12-01,0.0087850438963731,0.005840725061423363,0.006625842283505325,0.0066371708466657995,-1.6992844740713973e-05,0.0
2022-12-02,0.0005376018702874519,0.00039665520087624195,0.003107590365943324,-0.0013802609553091871,0.006731776981878768,0.0
2022-12-05,-0.005009834014698636,-0.004075058139987431,-0.004000271302922427,-0.0012993564879247854,-0.004051372222496463,0.0
2022-12-06,-0.001863459871522033,-0.002316580172754837,-0.011949208995255013,-0.004522136124209375,-0.01114060930656846,0.0
2022-12-07,0.0007836639009701774,0.001959134505750665,-0.01343757793384026,-0.0027329750686018173,-0.016056904297857666,0.0
2022-12-08,-0.002317923402137073,-0.0022027996849597054,-0.005724355646033685,-0.0011555650499132097,-0.006853185894180713,0.0
2022-12-09,0.00011525416938408528,-0.00030301194817368426,-0.005517691478054882,0.002765153707532978,-0.012424267778381792,0.0
2022-12-12,-0.001023773442060824,-0.001057275312542863,-0.0016869930151093282,-0.0026539210423815276,0.0014503920409082993,0.0
2022-12-13,0.007260823281670908,0.005269899684140961,0.01821076516399474,0.004904576612668002,0.01995928282699011,0.0
2022-12-14,0.0009180597692650116,0.001588552588788525,-0.0001862300603165572,0.0018454968167945414,-0.0030475903156666484,0.0
2022-12-15,-0.0017983939316411478,-0.0007608938370061847,0.004763789800745656,-0.001835335499329275,0.009898687950112395,0.0
2022-12-16,-0.006449657999412244,-0.0049894792052218575,-0.004111440950292922,-0.0066789887522249085,0.0038513217028979807,0.0
2022-12-19,-0.005123115735441497,-0.0047460455534350104,-0.004768271790690651,-0.0038561251157819276,-0.001368220012363086,0.0
2022-12-20,-0.006478732838494927,-0.006491476217974135,-2.2091437525406654e-05,-0.006350941126473608,0.009493274533422302,0.0
2022-12-21,0.0035423282463482447,0.0033825239328271334,0.006194887166964961,0.0040695395443179905,0.003188021433970456,0.0
2022-12-22,0.0013367374632321377,0.0020532544014442156,0.009788069824983146,0.003929096405076511,0.008788460129859954,0.0
2022-12-23,-0.003973510659741192,-0.002283106460685483,-0.0025976353922341202,-0.004244569878498453,0.0024704017293964986,0.0
2022-12-26,0.0018282803397030312,0.0015405977379618907,0.006647632535855985,0.0036589968985868042,0.004482953455903771,0.0
2022-12-27,-0.004465495468240682,-0.0043915724487721824,0.0021301867855425165,-0.000542900588513362,0.004009631061083818,0.0
2022-12-28,-0.005058464583038991,-0.004300124689335147,-0.00030156913206624836,-0.002900124211027662,0.003897832618442121,0.0
2022-12-29,0.00047270855134400047,0.0013344898746546208,-0.006364796011047705,-0.0035655457985143504,-0.004198875318800033,0.0
2022-12-30,-0.0015,-0.0011250000000000001,-0.0015,-0.0005,-0.0015,0.0
2023-01-03,0.003321657445855318,0.0026914328614109995,0.00499266297568461,0.002838149158182468,-0.0010343307476840522,-0.00045739690955204284
2023-01-04,-0.001189478804067931,0.003021783931594843,0.001398897698824888,0.0015949645400850317,0.0011928492069297096,0.0026551938185019144
2023-01-05,0.00031579883598402414,0.002161015850438597,0.003287056572524412,0.0014663137486298156,0.0011950931309662922,0.0008858714510173356
2023-01-06,0.008299132009561533,0.007457374619229407,0.006850519610852579,0.004211195660221691,-0.0010577897941092358,0.0026493429208530594
2023-01-09,0.0008549105828899589,0.0022190473363602747,0.020785747090341533,0.008762483211865731,0.014030248523825726,0.0061421017391382424
2023-01-10,-0.0024381927724735075,-0.001269979110992317,0.002177723447994541,-0.0007599021287047802,-0.004575571535150794,-0.0027445051483857563
2023-01-11,0.004044597255258409,0.0030991349340258045,0.002191978507427951,0.002285855629451693,0.008283072351174795,0.004293809223955947
2023-01-12,0.007676716598029182,0.002828563666141523,0.0027729040145420573,0.0025274880555106296,0.011664016938404945,0.006129944298196133
2023-01-13,0.002365910771965879,0.00023270470674682797,0.003987229513106851,0.0008808407008332039,-0.00013338272466904372,-0.00035708726445171646
2023-01-16,0.008077506089544564,0.003484317244875884,0.004769772411988978,0.002218417755159571,0.003218656404426386,0.0009830260286106303
2023-01-17,-0.003678551734936586,-0.0028393947836064942,-0.0013979905723127478,-0.0011695559641682163,-0.0032199785400166916,-0.0016654660656258977
2023-01-18,0.003585107321092351,0.003585107321092351,0.0027848643835087137,0.0027848643835087137,0.0003927903051481607,0.0003927903051481607
2023-01-19,-0.0012617542864378634,-0.0012617542864378634,-0.0008607272719345477,-0.0008607272719345477,-0.0019615734730535905,-0.0019615734730535905
2023-01-20,-0.0013390463141030734,-0.0013390463141030734,-0.0014170305191643783,-0.0014170305191643783,0.0006577283719317872,0.0006577283719317872
2023-01-23,-0.0009038580144383884,-0.0009038580144383884,-0.0006283664304860913,-0.0006283664304860913,-4.373772297139311e-05,-4.373772297139311e-05
2023-01-24,0.0015064637878860754,0.0015064637878860754,0.001391161726526313,0.001391161726526313,0.0002188174893175502,0.0002188174893175502
2023-01-25,0.00025476797058916756,0.00025476797058916756,0.00023489917813983226,0.00023489917813983226,-4.374813607410655e-05,-4.374813607410655e-05
2023-01-26,-0.0002619624724478492,-0.0002619624724478492,-0.00035514357466408166,-0.00035514357466408166,0.000831156819841287,0.000831156819841287
2023-01-27,-0.0009263677101024048,-0.0009263677101024048,-0.000522885145773676,-0.000522885145773676,-0.0010036031303255846,-0.0010036031303255846
2023-01-30,-0.004070677096598446,0.00046879336939224803,0.02632694189803821,0.008259986491409188,0.017676858226460403,0.0023563064838053593
2023-01-31,-0.0015,-0.0009375,-0.0015,-0.0009473684210526315,-0.0015,-0.001
2023-02-01,0.005943315072847162,0.006402206426073286,0.004286586922418683,0.0024711440268855595,-0.005176467043408959,0.0
2023-02-02,0.013536922562112641,0.013645715306684458,0.010605612466231163,0.004372019552214646,-0.01291516064133369,0.0
2023-02-03,-0.00456668764434312,-0.002007893371174227,-0.005934400902658322,-0.004758847227294982,-0.001869112565033637,0.0
2023-02-06,-0.007688419901982921,-0.005854271796911337,-0.009953142474294463,-0.0049510791205454536,0.011235944019676314,0.0
2023-02-07,0.0013624324719894026,0.0005727247180835199,-0.0003797666171325598,-0.00040305765421828606,0.0018518059014955845,0.0
2023-02-08,0.008981326749450042,0.009093426251127398,0.00878854653327268,0.0029550191555927697,-0.012938945803797619,0.0
2023-02-09,-0.0024467161139452853,-0.003737108479003576,-0.0009082720898976272,-0.001032167732122491,0.0,0.0
2023-02-10,-0.005368355805726158,-0.004701980650166249,-0.0032067464586479303,-0.0027687791643386975,0.001872612688940123,0.0
2023-02-13,-0.0003624645556920686,-0.001869836513730752,0.0004167377871229729,0.0013348179149319517,0.0037383142585096785,0.0
2023-02-14,0.004765556562401435,0.005317191503614524,0.004086284377403065,0.0010016934577495422,-0.009310933885150252,0.0
2023-02-15,-0.0038434922097248664,-0.003455639281526146,-0.012087913702410153,-0.004762321975968592,0.016917231738101002,0.0
2023-02-16,0.00600569028572942,0.00522757005966662,0.00619737447469072,0.0013901770102639041,-0.012938945803797619,0.0
2023-02-17,-0.012510710089733368,-0.01063268171010405,-0.006885136134963905,-0.0025160329188851807,0.00936324203539085,0.0
2023-02-20,0.0017981612919412554,0.0017981612919412554,0.0038061773590357785,0.0020255811342934082,-0.005565813305066336,0.0
2023-02-21,-0.0031842692623204605,-0.00413760126076651,-0.002366408911492291,-0.002971937151840914,-0.001865714297152321,0.0
2023-02-22,-0.006311506760210195,-0.005754970260893139,-0.005390300513408834,-0.000786364307088933,0.011214942775529257,0.0
2023-02-23,0.005864025290440264,0.006870288149688861,0.01037110820190646,0.004411549058665771,-0.014787416998601755,0.0
2023-02-24,-0.006290293760458962,-0.004712291715863806,-0.006071181518794953,-0.0034732864870660406,0.0037523416909557294,0.0
2023-02-27,0.0008780848284087039,0.0008780848284087039,0.0006852497472474516,0.0006852497472474516,0.0,0.0
2023-02-28,-0.0015,-0.0013125,-0.0015,-0.0009750000000000002,-0.0015,0.0
2023-03-01,-0.0018216693800869438,-0.0010843084359454021,0.0008186486402608384,-0.0006361832750580768,0.0005724267160568685,0.0008543839486380442
2023-03-02,-0.004360097211455249,-0.0025980569575294737,-0.0018723499474300794,-0.00031826569151409287,-0.002254687415042331,-0.0003605175558775741
2023-03-03,0.005443959702558621,0.0037367483781016175,0.0047442889918942995,0.0035419129034556596,0.004574186890858959,0.0030969401926858498
2023-03-06,0.012403993966514773,0.009509261139880307,0.008618858710623793,0.0021278172126136603,0.012980617250238573,0.007031664696121068
2023-03-07,0.0002870323930038443,8.126636016825284e-05,0.0023861074231330956,0.0008203887441110756,0.003168681571012342,0.001733736632931461
2023-03-08,-0.005461942701107211,-0.004357792376332922,-0.006671843658893995,-0.0029888913270828647,-0.006958859576471668,-0.004538005517055886
2023-03-09,0.0020227383185285885,0.0014268845821650555,-2.4860639054577325e-05,-0.000494599427530425,-6.047291417326091e-05,-0.0003069521119049992
2023-03-10,-0.013541018854497502,-0.01101420482941036,-0.009229860729976997,6.035970635150159e-05,-0.015120881377640163,-0.008267651540262185
2023-03-13,0.0011132870297514974,0.0007975003668968528,0.004515725033401278,0.003032168223058634,0.0031578767433484683,0.0020821489553504552
2023-03-14,-0.006719791515794674,-0.0056173183470476645,-0.008595917155395684,-0.0036154745400065525,-0.008926368240098619,-0.005018599150989005
2023-03-15,0.009027508492770703,0.00664404001651514,0.00566444569914269,0.0025368280685542292,0.005059146665517146,0.0014575006357701625
2023-03-16,0.0007638546359040044,-0.0005874979479309206,-0.00458850427529369,-0.0026122281036251383,-0.0031492745907564235,-0.002308350936690847
2023-03-17,0.011458098395794078,0.008912845155831642,0.013490842195242632,0.005339657384353354,0.01442010876007125,0.007732420941881926
2023-03-20,-0.0022344646261988343,-0.0018565127918069857,-0.0031463561785580385,-0.0012816728765019027,-0.0017320946419730312,-0.0008829794646703212
2023-03-21,0.004048790284113757,0.003770786310226454,0.003900969821983856,0.0016461521980896832,0.00497209150412287,0.0039052130432588594
2023-03-22,0.01131448107957242,0.009725815878861788,0.012060972171291276,0.004144649494089017,0.01396079726897334,0.008211072803547152
2023-03-23,-0.0025363689550667867,-0.0002953293330531237,0.0050766706400922615,0.0031610382825327504,0.00385643968568363,0.0035640736219131656
2023-03-24,0.0044418917470254865,0.002945948132120804,0.004593682153781627,0.0016016549960516026,0.0056272375310381486,0.0028375725707611935
2023-03-27,0.0012309897450610563,0.0003290038391786376,-0.00553641368799695,-0.00366182670079094,-0.00310112474489032,-0.0024906790630610355
2023-03-28,-0.007077582512162339,-0.005659672823544876,-0.007035890649361755,-0.0021287920082630222,-0.009511662454135407,-0.005672271434871421
2023-03-29,0.0020920512759796672,0.0020165712560707427,0.002102742021467238,0.0014270233926494352,0.0027574020096833426,0.002464351745493721
2023-03-30,0.008788704558705035,0.006802180393353285,0.006389641052528116,0.001781403693272636,0.008037518294558905,0.004539151400313083
2023-03-31,-0.0015,-0.0013125,-0.0014999999999999998,-0.0008863636363636363,-0.0014999999999999998,-0.0011470588235294116
2023-04-03,-0.0015,-0.0013125,-0.0015426513151967063,-0.0007926513151967063,-0.0014999999999999998,-0.0012499999999999998
2023-04-04,0.0,0.0,-0.00016263858670520183,-0.00016263858670520183,0.0,0.0
2023-04-05,0.0,0.0,-0.0003114003938748327,-0.0003114003938748327,0.0,0.0
2023-04-06,-0.006096453957645187,-0.00465170131968419,-0.0033970205003803584,0.0005478252614105061,-0.003760058358567288,-0.0017330601460259127
2023-04-07,0.0018321166879543133,0.0009551288613703773,0.0018886338590983825,0.00021412532170635005,0.00010823531748053539,-0.0009074566201566584
2023-04-10,0.003999722249236365,0.0033610838208023297,0.002114450719009934,0.00076593215271011,0.002611377436815461,0.0016495978943211012
2023-04-11,0.003708437822609545,0.0030152699385537773,0.0013540588859215312,0.0007663361520573945,0.002453466135327986,0.001600782519037021
2023-04-12,8.854861541345016e-05,-0.00014122728375064175,-0.0008270804102032157,0.0004063879156013743,0.0006024034953071392,0.000449219562531078
2023-04-13,-0.009182973823716786,-0.007290770238993272,-0.006230797902461732,-0.001892511678808168,-0.007701908296839772,-0.005274195598482716
2023-04-14,0.010379095899611418,0.00793382516839275,0.008316581155970509,0.0026163830514608724,0.009256897153799995,0.006049657922061247
2023-04-17,-0.0024305304246611953,-0.001916600592786713,-0.0005571216280996278,0.00040505587790543333,-0.0038876524418258725,-0.0032284454145849735
2023-04-18,-0.00394896046225994,-0.0033182230175835548,-0.001438056185752681,-0.0006479700567207185,-0.0035962802417625517,-0.0025755072037006903
2023-04-19,-0.005564520525365074,-0.0042390319029066426,-0.004880521227506108,-0.001884303804353165,-0.006064115094162261,-0.0044335481749350845
2023-04-20,-0.004166518132770483,-0.003176296698310682,-0.0030161366726761335,-0.0014111023836498068,-0.002948577120612611,-0.0014988813433341
2023-04-21,-0.008738863741452205,-0.006977473366860026,-0.005699674163204259,-0.0017084538860291005,-0.006382629574147867,-0.004266338127493801
2023-04-24,0.0004669250910689232,0.00010960843970951595,-0.0019705553543604643,-0.0007015232766031604,-0.0011310011099589787,-0.0014425089758900536
2023-04-25,-0.018471013339056055,-0.014373629790074838,-0.01339036701111179,-0.004987102744904251,-0.016305595976060818,-0.010937798678193729
2023-04-26,-0.00043223787212266773,-0.00024805132818582487,-0.0004814405570326666,-0.00035256213453403913,-0.0015742388755582792,-0.0013758289133493729
2023-04-27,0.005142495432252148,0.004589129788514779,0.002560835569344691,0.000629992574537546,0.0031596429947947273,0.0026393515632079367
2023-04-28,-0.0015,-0.0013125,-0.0015,-0.00075,-0.0014999999999999998,-0.0012499999999999998
2023-05-01,-0.0015,-0.0013125,-0.0016281281733907687,-0.0009222458204495923,-0.002768103707771292,-0.0024347703744379587
2023-05-02,0.007047665158171512,0.00511716504030621,0.005742448627056058,0.0025559798907669917,0.005656748115293653,0.0034773144240757593
2023-05-03,-0.002291537969424967,-0.0013409730388517366,-0.0029610792538417555,-0.00027033221337449524,-0.0026630638453459133,-0.0006111354689459163
2023-05-04,0.004409136181351289,0.0036907472142156256,0.002161204570396473,0.0011098498687360594,0.0016530139184008795,0.0010918228538713145
2023-05-05,0.001862764087097818,0.00162467248204759,0.0008349939136376746,-4.221643161816305e-05,0.0008682283447454622,0.00048757737624149293
2023-05-08,0.005993135897898932,0.004567274904020868,0.006778227552908904,0.002117109285024229,0.005583752881755815,0.0027252403385124944
2023-05-09,0.002756093600771628,0.002814837786674726,0.0022191977607055997,0.0007833345695987357,0.0017673566586428168,0.0008043369746745367
2023-05-10,-0.007021188344305387,-0.005610754675453258,-0.0058487532573547035,-0.002052601264796574,-0.004678169169055569,-0.003048241440026713
2023-05-11,-0.0018581924872032446,-1.558308484349291e-05,-0.0010865220173123691,-0.0006976507151394909,-0.0007105853896980253,-0.0011654507628498757
2023-05-12,0.0010906237850555334,0.0006079964542515248,-0.00044233968870848963,-0.001032326523442167,-0.0008173021472903725,-0.0020282557132525712
2023-05-15,-0.003888361944280175,-0.0025061485718295695,-0.002347520284192397,-0.00024945588483544655,-0.002434045246973653,-0.000922797300197564
2023-05-16,0.01304100617913903,0.009030307223479639,0.01044798164266403,0.0034536321806931804,0.008698784516925129,0.005079295101737775
2023-05-17,0.013457276749009803,0.009394633203732641,0.011054324923348098,0.0028087106154703104,0.010277431774736709,0.00568156699789324
2023-05-18,0.013309088193141486,0.010457810781182506,0.010791759823168632,0.0032528405869001508,0.00977693835239407,0.00580076876552685
2023-05-19,0.007547190458264533,0.006710883578013846,0.006494925569357458,0.0019889098611356594,0.0059151562468873825,0.002284228677916013
2023-05-22,-0.0008347204717614187,-0.0008901071049403353,-0.0017632813803980124,-0.00013143491463619902,-0.0013689373341055663,-0.00017368029271451024
2023-05-23,0.0008610726815772296,0.0006949948208026524,0.0011625987486238213,0.00015748046828366414,0.0008283393524846701,-0.00020201552383102155
2023-05-24,-0.0030746246881412087,-0.0013054892830949433,-0.0040560898892834756,-0.0007892913627262337,-0.004345408004204582,-0.002073183943377694
2023-05-25,0.013625649930119499,0.010877775721142957,0.01054290480008282,0.0022227919924499868,0.009596178625132856,0.005525236340062523
2023-05-26,0.014289581994960374,0.010503369415917604,0.014076208081987824,0.005116144825175699,0.013706346956069424,0.009977781755309436
2023-05-29,0.014715801793274835,0.012532159826494277,0.011713322512044709,0.0042258138397646,0.010643470188982719,0.005188410077470507
2023-05-30,-0.0015794088064584322,-0.0011606467453538771,0.00029835123288812104,-5.0062987867497964e-05,0.0008007286426236554,0.0009995042239042253
2023-05-31,-0.0015,-0.0013125,-0.0014999999999999998,-0.0007941176470588235,-0.0015,-0.0011666666666666668
2023-06-01,-0.006292321994312648,-0.003943505513170144,-0.002729479912337249,-0.00014258538546779611,-0.0029926373169315325,-0.0014220836792223292
2023-06-02,0.018253676461802426,0.013558318130097419,0.008981236953225745,0.0027796151196667826,0.010022681835156236,0.006054504985963964
2023-06-05,2.9083628450554677e-06,-0.0008381687163476481,0.00043324230541318814,2.6586045069332265e-06,-0.0010453301874817635,-0.0012781254431596543
2023-06-06,0.003580322838725794,0.0021689588830609424,0.0029872283579660125,0.0015951932233913765,0.002853889894663402,0.0017880255860309978
2023-06-07,0.010509141725786958,0.008710667262199712,0.0031728558819227384,-0.00033791424266057385,0.0042800839652733826,0.0022354147254908764
2023-06-08,-0.015555086270208254,-0.010194393227013529,-0.0073155778568250104,-0.00034830472070002116,-0.007157516767810317,-0.0025933989012068004
2023-06-09,0.015887318091905467,0.011159294349988691,0.00914211037623866,0.003113608373789642,0.008708712982798576,0.004806199003559224
2023-06-12,0.006011346271200785,0.004142481794636943,0.003435053247268338,0.0013148599346807927,0.004551210729950179,0.003088714709410432
2023-06-13,0.0231486755484496,0.016744824408205267,0.010681111251392206,0.002883549033091695,0.012712545001929984,0.007808423719214883
2023-06-14,0.000790191685879571,0.0013738477891102052,0.0007972548965003781,0.0008810332964834175,0.0008085262450539835,0.000869455990496194
2023-06-15,0.012609464151564026,0.009805198624247169,0.007386007620186298,0.00386049670821121,0.007247049370347758,0.00489107218061897
2023-06-16,0.0005478952528092749,-0.0006217052506600259,0.0012277519520910345,0.0006027602053667496,0.0007837441733402599,0.00040685738801855777
2023-06-19,-0.003675196768436584,-0.002310723407074111,-0.0020874726878287453,-0.0008160493996885246,-0.0020714127816936134,-0.001172580063220897
2023-06-20,-0.004502374405885606,-0.00398256418774183,-0.001809524569741927,-0.0007803604128621688,-0.0022664861893857214,-0.001673139709043542
2023-06-21,0.004173489201934083,0.0031269141420782465,0.0020389253312464925,0.0006206819516098583,0.0009262494117114581,-0.00010520031893336683
2023-06-22,0.0,0.0,-0.0016857609533509274,-0.0016857609533509274,-0.0012260079660734017,-0.0012260079660734017
2023-06-23,0.0,0.0,0.001000809783468816,0.001000809783468816,0.0007278616607045935,0.0007278616607045935
2023-06-26,-0.010698800433253969,-0.007178515054756529,-0.004941683022788287,-0.0008563459764418593,-0.006123180156226996,-0.003385523738585548
2023-06-27,-0.014870272218521413,-0.011955881483644848,-0.008712845331188296,-0.003216476800382728,-0.007538010808746828,-0.0039579068909434325
2023-06-28,0.0056112177282472,0.004247639465139397,0.004439828572324465,0.0021922773820005625,0.0032349730908015125,0.0016793510473094148
2023-06-29,0.005630632522633128,0.00449445048855629,-5.5476668148361774e-05,-0.00199528426308878,0.00014287332649399635,-0.0011628002221951
2023-06-30,-0.0015,-0.0011250000000000001,-0.0015,-0.00103125,-0.0015,-0.0012272727272727272
2023-07-03,0.015658210582920273,0.010854823157056534,0.01301803909278732,0.005353043639683553,0.008391134945152326,0.004560872499945085
2023-07-04,0.009152589446227932,0.008075852982894122,0.007167685300821909,0.002702890724016171,0.005218777582945986,0.004251390992600829
2023-07-05,-0.006827004343770801,-0.00526881420884992,-0.005312914528918585,-0.0018695667263095722,-0.004955784804948721,-0.0037366014235405537
2023-07-06,-0.013802065015354678,-0.009604370519249741,-0.01432223917667336,-0.006121457255264081,-0.012288254041166364,-0.009187570877540723
2023-07-07,-0.006078164572660499,-0.004504357787938326,-0.004842844001024711,-0.0021386817963455615,-0.0039312099612486525,-0.0026833450008301443
2023-07-10,-0.0015337243917828147,-0.0014290394815822116,-0.0014796042347009263,-0.0006290616298686954,2.846043684203605e-05,0.00028913978016631946
2023-07-11,0.01479250852621361,0.011628236260084385,0.013553639047677072,0.006241608565815873,0.01062006536337347,0.008152132723049646
2023-07-12,0.0067227353528577505,0.005364197565037421,0.006047288468242511,0.0030349069390620096,0.006541801402414644,0.005760980578133473
2023-07-13,0.01544603001081793,0.011547799709704126,0.012922131914301728,0.004580025149949633,0.011197071066755269,0.008105510035258617
2023-07-14,0.014713780732473813,0.011045120092904093,0.012261985190034578,0.00506563865791024,0.007482027467240691,0.004041180848654045
2023-07-17,0.0046343122466436515,0.003981653472669655,0.0031415746973709377,0.00224046787578193,0.002376876577928712,0.0021282446640338557
2023-07-18,0.0007515318145531065,0.0006995520034522042,0.0007127867347664367,0.0007813297435192992,0.0011489750799591719,0.0011024899513296274
2023-07-19,-0.007225959314609676,-0.007149152946917661,-0.006170869143786163,-0.004027761007679571,-0.003051724546058188,-0.0031929914735652322
2023-07-20,0.0008259854506545844,0.0012742896573552792,0.0015370188865413044,0.0018304272142005767,-0.0002128072056081916,0.00035709573908067273
2023-07-21,-0.010325901974429952,-0.0060928123711130044,-0.00866022339602505,-0.0008829035202571942,-0.0062493367355234775,-0.002331311022757515
2023-07-24,0.006876709525971941,0.005544624595555853,0.005294808286573065,0.0032727947406367827,0.0030451294830303567,0.0025833157387185795
2023-07-25,0.00937978017356178,0.006649667928621317,0.009537822230606782,0.003131486155458893,0.006541274888339395,0.004155675781612059
2023-07-26,-0.0016574445185897069,-0.0013519188763959633,-0.0008784503692654819,0.0006667136484341954,6.085718636654003e-05,0.000249450490745418
2023-07-27,0.00607615261670949,0.004009645652049226,0.004809257816293614,0.0012618209143863133,0.001251965092510069,-0.0005279095959785924
2023-07-28,0.0032371510926536146,0.003053166579548461,0.0016951459090654465,0.0010350011074770737,0.0017185432785432396,0.0018535067012883863
2023-07-31,-0.0015,-0.0011250000000000001,-0.0015,-0.0007,-0.0015,-0.0012142857142857144
2023-08-01,0.002982814404091928,0.0011741108029825623,0.002764041879280386,0.0006032464841176704,0.0016752350739769935,-0.00015534969544281634
2023-08-02,-0.02595435726204276,-0.019504951630798267,-0.020063752087535858,-0.00819723043993937,-0.017514402958216088,-0.012221036947264776
2023-08-03,0.0,0.0,-0.00020147571659436675,-0.00020147571659436675,-0.0006229082923361153,-0.0006229082923361153
2023-08-04,-0.00026926647626590583,0.001009249886804675,-0.0010826666488110426,0.0002873691871791567,-0.0006287921534286916,0.0002894395022305053
2023-08-07,0.014864355299456164,0.012228794862045825,0.01130651031473752,0.005248814128901692,0.009455184485374267,0.007293341122549657
2023-08-08,-0.007126050622780114,-0.005186896651268716,-0.005786092854978851,-0.0016072002409736746,-0.004746346555209418,-0.002936303783098247
2023-08-09,-0.0033246134952473055,-0.002731527442369014,-0.0020481687452049008,-0.0006889146317619263,-0.0017512957956089534,-0.0009602524638938214
2023-08-10,-0.01974936113600957,-0.014836184627460988,-0.014367623998106129,-0.004956685136259492,-0.012934341707159376,-0.00837684863947451
2023-08-11,0.00045969408306480164,0.000764411058821371,0.0003749412110606448,0.0002108853369971811,-4.196520618040159e-06,2.8824622837831366e-05
2023-08-14,-0.013129771837434134,-0.00894886379577356,-0.01111046254249412,-0.0031024212835003007,-0.0094438168042867,-0.005263286444354158
2023-08-15,0.013355892868605862,0.00981213520948343,0.008543402037029184,0.0029364216907318066,0.0067835627292081035,0.003282590958863033
2023-08-16,-0.0029320173288827846,0.00046870009606855096,-0.0036061467488645656,-0.0009987383958134331,-0.003366088111009428,-0.0008296988128697149
2023-08-17,0.003943882777547161,0.0031496144417707816,0.0023914563636957195,0.0008138270716612356,0.001642133401422602,0.0015530704910590636
2023-08-18,-0.0141281323803258,-0.010783946422719681,-0.009861684299988294,-0.0037517014248731606,-0.008131800935000622,-0.004744044507746294
2023-08-21,-0.0006357621969725336,-0.0007344094459556805,-0.0011819685136642347,-0.0005107158259904515,-0.001389617997869139,-0.001602846747403192
2023-08-22,0.010336049928445973,0.0076806057714404186,0.007559209204844167,0.002283205042017303,0.006591787119103469,0.003674257653851781
2023-08-23,0.009802989026250902,0.007365285173812269,0.007879534444738684,0.0030171381931230756,0.007674097535821225,0.005553766776765579
2023-08-24,0.01960440525283283,0.014084188642762063,0.014968885572825184,0.004384128750418971,0.012837418916540513,0.007224039093343799
2023-08-25,-0.03004192334136964,-0.020498527508068798,-0.022411856161865952,-0.007053596572901839,-0.01911797545450522,-0.010266701931603716
2023-08-28,0.00418108624837997,0.0018978763108933178,0.00390677506754334,0.001288675315606301,0.0035321971034417343,0.0016384241546387095
2023-08-29,0.008509777555416126,0.004954258582836185,0.0066810769411839305,0.0026937416271193837,0.006384279951750989,0.0036302144081573674
2023-08-30,0.012125594191077532,0.00801833824345971,0.009018213074417268,0.002452060294890916,0.007828334351620682,0.004033422029992922
2023-08-31,-0.0015,-0.0011250000000000001,-0.0015,-0.00075,-0.0015,-0.0011842105263157896
2023-09-01,-0.0018641225176439361,-0.002249702803604813,0.0007892473811004098,-0.0006878385534449154,-0.0002722048827958105,-0.0020221090513730276
2023-09-04,0.005085299984538327,0.0038751761626210357,0.006815055723386096,0.0026121359465849834,0.005145543754111318,0.002992634562434622
2023-09-05,0.0019429874116572432,0.0019870602212069682,-8.480837164854578e-05,-0.00046117475823821767,4.1897907931362954e-05,-0.0001364485192219866
2023-09-06,0.0021172015296243435,0.002275736911088136,-6.773873688809302e-05,-0.0006389055326505167,0.0004755386196205278,-0.00023355831392091772
2023-09-07,-0.01078149581877444,-0.007334108345148929,-0.007625969475168073,-0.002383829310178606,-0.007301403744867908,-0.004430118986323336
2023-09-08,-0.0025410416398047447,-0.0020824954551668384,-0.003410970525378205,-0.0011283560731533604,-0.0021306269936569124,-0.0013133593859300534
2023-09-11,-0.009031092770821855,-0.00767413811531692,-0.003519742377413727,-0.001703005866482555,-0.00526884993947855,-0.0046080241726634595
2023-09-12,0.009628661152871698,0.007165287219613653,0.006234765547358284,0.0019809940953425227,0.006613522328589406,0.003555275051632585
2023-09-13,-0.001276788135281287,-0.0007163640145957384,-0.0004577819879088827,-0.00041183933120525484,0.00010460065491011309,-8.554053338810942e-05
2023-09-14,0.01551131264337166,0.011118870750390641,0.01001132910367787,0.004138354060836735,0.010020901140165791,0.006295268849955723
2023-09-15,0.006988646131954657,0.0048077915384128755,0.006249768151075643,0.0014039853979052814,0.006379537281858751,0.0038081655283712652
2023-09-18,-0.014234477600102425,-0.00921907714918083,-0.00965567894802207,-0.003214196851542737,-0.009382211715916728,-0.005417006939133946
2023-09-19,-0.004690912641110198,-0.0035802441471686625,-0.0021675441676659584,-0.0011065424847553496,-0.002150149105326878,-0.00126854509008802
2023-09-20,-0.005884001597622299,-0.00415871881070369,-0.0054307432287432735,-0.0017379403172789187,-0.005408947057923327,-0.0031634843598365757
2023-09-21,-0.018764994966694454,-0.013102052644598225,-0.014205009327888521,-0.005043889213038315,-0.013621960892657286,-0.008174346146141709
2023-09-22,-0.001844398001380046,-0.0005945122555828936,-0.0001518560438237516,0.0001412925600973228,-0.0010001216251291267,-0.0005925487301159848
2023-09-25,0.009395745866419919,0.006549706033018438,0.006827348338371857,0.002153495799950868,0.0064687271225994806,0.004252621848289736
2023-09-26,-0.010406290567671908,-0.007700213853314861,-0.00914923351666887,-0.003594144559421332,-0.008741324819851652,-0.005827102400162708
2023-09-27,-0.003081107856697546,-0.0013176085577227131,-0.0007537770395040776,-0.00024835382303004124,-0.001436199289625023,-0.0015595726344256435
2023-09-28,0.005971502747164181,0.003950975824019848,0.005678451464056527,0.001448915468703644,0.005474905550394123,0.002318679074566784
2023-09-29,-0.0015,-0.0011250000000000001,-0.0015,-0.0007105263157894736,-0.0015,-0.0011052631578947366
2023-10-02,0.009942958737183679,0.010354450649781584,0.0003059598881116454,0.0009246156655750338,0.007433645539968057,0.005549166377813717
2023-10-03,-0.008513731022739474,-0.003023747445983105,-0.005887358455543753,-0.0035317654077284314,-0.007044569832197051,-0.004207481937517515
2023-10-04,-0.010967441751206841,-0.007827699652141196,-0.004366831522000912,-0.002248952193103999,-0.008478039647265198,-0.0049997547078814986
2023-10-05,0.007367467939624839,0.008631659322605734,0.0009457309612937065,0.0025265785258144786,0.007158419642705483,0.005397492585779782
2023-10-06,-0.0017283869311711525,0.0013948250749318408,-0.0015813296665400957,0.0002814362412200464,0.0007119761450465186,0.0018173184718888761
2023-10-09,0.0,0.0,0.0007999090107203651,0.0007999090107203651,0.0005473061652297235,0.0005473061652297235
2023-10-10,0.0,0.0,-6.847009375368427e-05,-6.847009375368427e-05,-4.684795888409976e-05,-4.684795888409976e-05
2023-10-11,0.01865846971609636,0.007443250240891874,0.010216299082094999,0.003879792255106023,0.014436007297387457,0.007247275221937822
2023-10-12,0.004500706427645579,0.0052029643520217495,0.001534023722694221,0.0021030981983540978,0.005091465779805757,0.0038933925276967624
2023-10-13,-0.0031311607760225596,-0.0030163697569014075,-0.0023657753331667057,-0.0021687570846154773,-0.0026024054730549324,-0.0019270524966429508
2023-10-16,-0.0031812811686102727,-0.005619031260962928,0.0019383718220303825,0.0006760754939102357,-0.002453230180382927,-0.0020128324430450295
2023-10-17,-0.00079525148758193,-0.00015776579228264642,-0.0013113327618057623,-0.0012808749883456833,-0.0002645513408824352,-0.0004703373833972662
2023-10-18,-0.008784378199295617,-0.008404664368106246,-0.0015057315611457175,-0.0015685992320677237,-0.008202884473982507,-0.006331153341668455
2023-10-19,-0.0025362957186197445,-0.0012879098323240641,-0.00416855349658093,-0.0013950736376789322,-0.001485143042593158,-0.00043250834517745114
2023-10-20,-0.0024550243289196277,-0.0029410734937215938,-0.0014721395944783898,-0.0011033227377444258,-0.0006673746965989548,-0.0003537248763399767
2023-10-23,-0.013991657158851215,-0.007567093520350218,-0.006390539703994059,-0.002163618963217766,-0.010204409921030451,-0.005762146171951645
2023-10-24,0.005064251845509432,0.0056182757926729054,0.0014079034143115086,0.0017132990025163176,0.0021664057883880156,0.0011910414934303002
2023-10-25,0.00024297293690769828,0.0018964828758750996,-0.00016476212143701186,0.0002253549667369921,0.0015432439853781195,0.0018595813103133266
2023-10-26,-0.022395605164529667,-0.01603269780583301,-0.006862237712860345,-0.0028434808390241754,-0.016137229799260414,-0.009154325663574325
2023-10-27,0.0030060965411447677,0.002298474501427672,0.0013190764636211714,0.0006703819104657476,0.0025873747726442805,0.0014283829930247997
2023-10-30,0.001394566099726241,0.001706869772534425,0.0010217578568381296,0.00015844894537720726,3.316901658570022e-05,-0.00012040867951474146
2023-10-31,-0.0015,-0.0009375,-0.0015,-0.0008076923076923079,-0.0015,-0.0011052631578947366
2023-11-01,0.0015224007935672897,0.002893463742470668,-0.0021884611786206023,0.001617763792899203,0.0027853134623562615,0.002108573429975657
2023-11-02,0.016833017517241283,0.014545159121346268,0.00625278793355714,0.0055173462365044985,0.018741010752208506,0.011923302015020234
2023-11-03,0.007755630409493924,0.00423209383497003,0.00516742054241089,0.002327896642169628,0.008761572477162544,0.005375330064365956
2023-11-06,0.00638628372562422,0.008514729235420987,0.0016098775070374862,0.004742575516292462,0.00833206255463494,0.006302873073705045
2023-11-07,0.0006639781400977485,0.0004572739914136953,-0.0005852358355876904,0.0002487332376949943,-0.0003097182463095304,-0.0003847624240712364
2023-11-08,0.002541531921359766,0.006445040905487837,-0.004228237048976087,0.002372394166969216,0.003910583440938858,0.0035411526667754475
2023-11-09,-0.0009913941717733937,0.0011327210934086868,-0.0031491781310805282,-6.000950380284176e-05,-0.0006749369959687977,-4.630219563799768e-05
2023-11-10,-0.00210748837784501,-0.00271244166513257,0.0005186936832918634,-0.001056052215663091,-0.0027376964475864978,-0.0018754612368532017
2023-11-13,0.010184187526840194,0.007410606448079726,0.0019451157758250306,0.0008368602661903792,0.01101822405287236,0.006041103479483888
2023-11-14,0.0055878598852298345,0.0019059558428481393,0.005206873437252531,0.001645261117758497,0.00577080591975021,0.002842602320420921
2023-11-15,0.007663749999791192,0.006762903789278352,0.0005346712857933564,0.0011736461639071196,0.00968478641143388,0.00568135835066501
2023-11-16,-0.004348413133263533,-0.00040418240947251265,-0.005302540158880005,-0.00013733394690301765,-0.0019269866694228731,0.0001392527413902142
2023-11-17,-0.0029333433337303955,0.0019657053704844607,-0.005520812563459062,0.00015115920049546536,0.0002445967894864373,0.0018679374541355424
2023-11-20,0.0039048714838367943,-0.0005392680225768248,0.008352679703163576,0.00102289189028922,0.0007873824595421911,-0.0004524196721188915
2023-11-21,0.010900543658897477,0.00867040578113007,0.005440585455500116,0.0035556079145850905,0.011214643271920614,0.0066430754171632215
2023-11-22,-0.004762242730238855,-0.004357807069253233,-0.0007810163786745594,-0.0012278099200949317,-0.005659812642332717,-0.003539868958193446
2023-11-23,0.0002254720762956547,0.001205536320001227,-0.0036906667541312665,-0.000584319350177831,0.00015856858802475334,0.00020781225036849607
2023-11-24,-1.8974212577446692e-05,-0.00030743868542150443,-1.2398113764522378e-06,-9.577780870932232e-05,0.00019411436353769821,-0.00018340917303658982
2023-11-27,-0.007136636467245994,-0.003799192794877712,-0.004837457095143735,-0.001041207692541457,-0.006928096397538368,-0.0030350325777110695
2023-11-28,0.004039848111164396,0.004060769100327516,0.0019369701100761894,0.0021847154983371344,0.0067805628525759495,0.0042353106327846935
2023-11-29,0.0032267828256885706,0.0015148975001682968,0.005074852198003632,0.0016741348366994626,0.0018510609305876777,0.001212276118566101
2023-11-30,-0.0015,-0.0011250000000000001,-0.0015,-0.00075,-0.0015,-0.0010833333333333333
2023-12-01,-0.00020679397197030528,-0.00039805116085314587,-0.0022408463040156047,-0.00030096290357147025,-0.001127446480213322,0.0005723390708284146
2023-12-04,-0.001356998226367534,-0.0013066937120378153,0.007436946290611164,0.007436946290611164,-0.0025094281887335338,-0.0002768215068546398
2023-12-05,-0.007743419887958888,-0.0052741470174347965,-0.006477024642654242,-0.008646202668853962,-0.00583217892862022,-0.003233801177583793
2023-12-06,0.009216063403696295,0.006508993536570723,-0.002732536793758141,-0.0012957565134416036,0.005162521187971613,0.0031045269306815343
2023-12-07,-0.005817150311349328,-0.0049457239822214005,0.0028157938936720734,0.0006512765378656008,-0.006532236288621398,-0.0027326647881380814
2023-12-08,0.006034403947181577,0.005351879605425158,-0.0021684454298178295,-0.0007347550702241726,0.004840586643464847,0.002855864108721196
2023-12-11,0.003381190923866073,0.0024639957829053205,-0.005235856216037319,-0.004515897351051178,0.0031433259377775832,0.0008761799583727901
2023-12-12,0.004934528909946334,0.0025921205500390454,-0.0028744568195090414,-0.0021529739701310335,0.0034316168724264477,0.0018373734782988081
2023-12-13,0.0073276753718116705,0.006090048732871917,-0.000978771464392847,-0.0002556891366842413,0.002451411045547383,0.0035494703887563902
2023-12-14,0.014984344524503368,0.010292808901478073,0.006109360197672868,0.009732527946535304,0.011717621182548873,0.006906975061448452
2023-12-15,-0.0015990620704308262,-0.0011239082781449722,-0.0015617243891182797,-9.652438266264757e-05,0.0018895575184646337,0.0005259864086924162
2023-12-18,0.0009898740054828416,0.00045872755521138633,-0.0010600974147918496,-0.0017959143082087643,0.00063731119444665,0.0001488582803119775
2023-12-19,-0.003487503124289526,-0.0024944175443785827,0.002189358616735489,-1.329997800928831e-05,-0.0020978074746578076,-0.0023652842571470303
2023-12-20,0.008526886726170552,0.006537128520063745,0.0002465844572206626,0.00316415997512894,0.006334399260521298,0.00343846357499062
2023-12-21,-0.010299693513863353,-0.006903393348378556,0.002461110640950226,-0.0004822271074248115,-0.007562069138898626,-0.004353393825956076
2023-12-22,0.0031404110779335165,0.002070811913468626,0.0018771505102463946,0.0018771505102463946,0.002315477786566821,0.0010667618189195889
2023-12-25,0.0040868153570927795,0.0030683137539252864,-0.0008637146406006804,-0.00013430337100180562,0.002472480888786365,0.0024625959256556196
2023-12-26,0.0060019364884971865,0.004719910241920977,-0.00034032517227126436,0.0018526377917373882,0.004826961758309501,0.0031390108961088818
2023-12-27,0.008749787818299853,0.0068922279260305586,-0.0022693282050417762,0.0006740446306869133,0.008085163858715803,0.0052568575654998
2023-12-28,-0.0015562773585158368,-0.0007708306585313268,0.002628157806122466,0.002628157806122466,-0.0019737406018420778,-4.578920819615776e-05
2023-12-29,-0.0015,-0.0011250000000000001,-0.0015,-0.001,-0.0015,-0.0010833333333333333
2024-01-02,-0.008199372712242093,-0.006200996772141794,-0.006273674310943528,-0.002886959057581355,-0.005778368394969266,-0.004216458288447486
2024-01-03,-0.017361362897220872,-0.012713022490478218,-0.010935192008963153,-0.0039627410276730805,-0.013996783728565462,-0.007910631782479796
2024-01-04,-0.0035297455231630137,-0.0021624126887652695,-0.0037511905840623633,-0.0024514932891753767,-0.0004664111036937256,-0.0015429292797725618
2024-01-05,-0.0027898372711992886,-0.0020247233935813125,-0.002572320444912518,-0.0016553306022276458,-0.00247686687574861,-0.0013760328668864026
2024-01-08,0.004431757540197256,0.0032215131547852216,0.0042555295321700685,0.0021916370722530215,0.004220802319188229,0.003024675625345352
2024-01-09,0.0047005431690803345,0.002790350747511827,0.0019816867668693942,2.6467557339873542e-05,0.0013821269015578583,0.0005914445880609882
2024-01-10,-0.0037741283199285575,-0.0030904212075521104,-0.0031032104016899954,-0.0016384636829946317,-0.001872118855466494,-0.002361683074280178
2024-01-11,0.007694763725253351,0.005026832191341923,0.0057116835826892896,0.002671688541829209,0.0052053112860526865,0.0031460833876012792
2024-01-12,-0.0019051573296772345,-0.0013970244404013371,-0.001192139676904278,-0.0005692952135030184,-0.0003000414485205651,-0.0007712510283463974
2024-01-15,0.0012713299568869185,0.0009466489703232606,0.0009694327779895804,0.0004851166039374209,0.00020634820069670727,0.0
2024-01-16,-0.004672493753259399,-0.003565287113209914,-0.005594828894677767,-0.003130597545651005,-0.004823297286018146,-0.0032928264509571223
2024-01-17,-0.010698122684459192,-0.008432084977883548,-0.008244179450749373,-0.004236272497863486,-0.008556231502072196,-0.006294263876335802
2024-01-18,0.0011623010903381165,0.0009527574654938087,0.000330337720102962,-0.000512088152446273,0.001973240583116005,0.0014011671189495885
2024-01-19,0.027272310019799767,0.019451602294517922,0.018422970210903934,0.0064825884761707175,0.02049038323516766,0.013035882941961324
2024-01-22,0.013967059016121275,0.009963235809220844,0.008277947120230809,0.0029817714496324986,0.007989741526903701,0.004981136462861055
2024-01-23,0.0018898615206210112,0.0015218400754947181,0.0009408288561433965,0.0001542524964931298,0.002671823369334241,0.0010916247710653156
2024-01-24,0.00523043997783551,0.0033063744367445858,0.001759381153340326,-0.0002136125113237009,0.002305362959410324,0.0005730936704545846
2024-01-25,0.006166247330611635,0.005188303876686118,0.0056405239167432375,0.002797603909639467,0.006560243742750572,0.004623335298830311
2024-01-26,-0.0039780536473938005,-0.0033555459100890056,-0.0014694632598201297,-0.0003268327165238578,-0.0005223173749522126,-0.0005892682322746988
2024-01-29,0.0066115060850137075,0.005377782208680459,0.005291356826289133,0.002981930749005974,0.0058778895250038874,0.003160069828894759
2024-01-30,0.0033754769311440252,0.0026550200457254036,0.002051620430111766,0.0006979895826551166,0.0007037373528610527,0.0005792428457783599
2024-01-31,-0.0015,-0.0011250000000000001,-0.0015,-0.0009285714285714287,-0.0015,-0.0011052631578947366
2024-02-01,-0.0030822716978757257,-0.0023475667096963656,-0.0001808894062831335,0.0015082448976587687,-0.001845889340417644,-0.00033800403363626113
2024-02-02,0.012468231756468384,0.008805001117716121,0.004846352116469892,-0.0007115724032675636,0.004722772535711997,0.002196048285530158
2024-02-05,0.007029631967509581,0.0055193290311957854,0.001192864451617704,-0.00171985404348084,0.0013020236928060868,0.00035180175121535034
2024-02-06,0.0,0.0,0.001238861596180241,0.001238861596180241,0.0007734435445574501,0.0007734435445574501
2024-02-07,0.0,0.0,-0.00039227853894788613,-0.00039227853894788613,-0.0001618200338514141,-0.0001618200338514141
2024-02-08,0.0,0.0,-0.0007135777336995743,-0.0007135777336995743,-0.0004366958305200947,-0.0004366958305200947
2024-02-09,0.0,0.0,-0.0001620510715660299,-0.0001620510715660299,-6.5839510347665e-05,-6.5839510347665e-05
2024-02-12,0.0,0.0,6.751636543241989e-06,6.751636543241989e-06,-4.906215554648494e-05,-4.906215554648494e-05
2024-02-13,0.0,0.0,-0.002397238122466875,-0.002397238122466875,-0.0015812877555229454,-0.0015812877555229454
2024-02-14,0.0,0.0,0.0008997230016823266,0.0008997230016823266,0.0006573731275137357,0.0006573731275137357
2024-02-15,0.034415890367312046,0.024970171812244202,0.022664892220720056,0.0069945422346761295,0.024423965984929644,0.013990556646307637
2024-02-16,9.129643596049453e-05,-0.00079445299407431,-0.001172993502563803,-0.00038442337518437977,-3.576329753137328e-05,-0.0010877238067861597
2024-02-19,-0.001353363745935282,-0.00040048252603583356,-7.078030970095314e-05,0.0010032356291348834,0.0001266965737710732,0.0005843360927298767
2024-02-20,0.00399940345790839,0.003648332216538236,0.002925827722818802,0.0012998929602188655,0.003278074030516323,0.0024832262477652604
2024-02-21,-0.004782211084699395,-0.003907473468611394,-0.003392136351156078,-0.0013249743180464143,-0.0037223422735450018,-0.0016459014995035578
2024-02-22,0.014624079473182616,0.011113731720262227,0.009013268091539512,0.003430887054881809,0.00931775741830705,0.0051367520518361
2024-02-23,0.007632064089392834,0.005286545548553526,0.006144325122660488,0.002047544856687117,0.005562752373686319,0.0032176894731986237
2024-02-26,0.002002404767080912,0.001386401278724983,0.000430259645106388,0.00013676465929251297,-0.0006279432185710908,0.0004765927501425995
2024-02-27,-0.003416386976220584,-0.0033437043246599962,-0.002946110168538006,-0.0015899838704497358,-0.0017512649114822913,-0.002121784543331404
2024-02-28,0.0,0.0,0.0005112202233935814,0.0005112202233935814,0.00020889520868557404,0.00020889520868557404
2024-02-29,-0.0015,-0.0011250000000000001,-0.0015,-0.0009285714285714287,-0.0015,-0.0011428571428571427
2024-03-01,0.0016504978449985177,0.0008098517036139044,0.0005990322935138419,0.0002199715128294407,0.0002865493758746219,-0.00034771284518079234
2024-03-04,0.02176439236637351,0.015779077878695175,0.01551909023976543,0.004317128166025159,0.01575324326368968,0.00989352055294586
2024-03-05,0.0018347946831671486,0.0019174253800302299,0.003627506289826438,0.0029395241426873,0.0035039990462996645,0.004361960825232738
2024-03-06,0.002167820868285708,0.0026927619226124466,0.003021778163203054,0.0021052614598497167,0.0030874281557688957,0.003612041920133736
2024-03-07,0.009585052426622068,0.006311410170266041,0.00909334118055718,0.0036061971991980966,0.009566079064658691,0.007191008588208345
2024-03-08,0.006244047769176531,0.004934607279667713,0.0054959333754288865,0.0016904261298934407,0.005375566681027763,0.003308582109598344
2024-03-11,-0.007396820273143007,-0.006053643453840046,-0.006255421827786136,-0.001448867626666167,-0.0051735219322160755,-0.0021318056411167813
2024-03-12,0.01206182480935672,0.009154110463968718,0.008045499249953098,0.0024791845644215387,0.008282875794633203,0.0054727091408388814
2024-03-13,0.004878809889665492,0.003341371822888961,0.0031185022983150623,0.001417296951030389,0.00311117881404797,0.0019215571934384074
2024-03-14,-0.00540065987990708,-0.004711991969030091,-0.0035051071703326177,-0.002628666153528203,-0.001892635389603381,-0.002257458434531538
2024-03-15,-0.003986180293140629,-0.0013761249972554512,-0.0026981613043566386,-0.0008381605178258757,-0.002683656836663041,-0.0016511187642594223
2024-03-18,0.00581887263906937,0.0045333929306303755,0.004170264781482661,0.001569978724206914,0.0035311257917824464,0.002262413696783496
2024-03-19,0.003429440388521013,0.0029244116344588067,0.0030374679097777634,0.001310021163862285,0.002891187784245099,0.0017487270430633069
2024-03-20,0.00010143184803868,-0.0004380491968296041,-0.0002603460282416371,0.0005874524012938698,-0.0004327326113671043,-0.0009543287325949598
2024-03-21,0.02409984904999163,0.01719998433077824,0.01583082526960757,0.005266249685049996,0.016501378191038182,0.01104595006128413
2024-03-22,0.0015587821077549247,0.0012483603549509753,0.0002702999944710073,0.0005191550261200385,-0.0009763065579767053,-0.00022885391784108856
2024-03-25,-0.0022271745694053824,-0.0015644941309310711,-0.0007872818897575464,-0.0012256269518406194,-0.000549198899201998,-0.00084171846746491
2024-03-26,-0.0033323502945595967,-0.0033717337082978943,-0.0013812636409603618,-0.0006726318588843704,-0.0011212427486088767,-0.0015129702845624894
2024-03-27,0.003979431909950704,0.003382181957253816,0.0033672337951488334,0.002520011510054021,0.002952409065034161,0.0029442859506591144
2024-03-28,0.0010893125395024378,0.0013294832420471109,0.00020704899000953956,-5.304162758611458e-05,0.0004611647149934408,0.00032468162299980117
2024-03-29,-0.0015,-0.0011250000000000001,-0.0015,-0.0008250000000000001,-0.0015,-0.0011428571428571427
2024-04-01,-0.0029884241393203074,-0.0038188944590264373,-0.0003527319674793601,-0.0008748817313349047,-0.0037624623862451186,-0.004376279612613526
2024-04-02,0.015254835945071765,0.012747867906411858,0.008220180052311848,0.0024021417261166408,0.007057381701804585,0.004699433308069663
2024-04-03,-0.0076193493407514384,-0.0058102224517992546,-0.004648741487522893,-0.0017293919563442443,-0.004003334625330147,-0.0014383321253447713
2024-04-04,0.0,0.0,1.0660612880142893e-05,1.0660612880142893e-05,0.0005958575933067424,0.0005958575933067424
2024-04-05,0.0,0.0,-0.00013184497721349518,-0.00013184497721349518,-0.0013704343251630781,-0.0013704343251630781
2024-04-08,0.0063820599625241115,0.004892721370369613,0.004389724493248287,0.001373194247852211,0.0051794814734068394,0.0032508871899110175
2024-04-09,0.021156392013325587,0.016193358225220195,0.011618738615697457,0.0034316384224931137,0.012334534448051587,0.008271220371307552
2024-04-10,-0.0008562702118915383,-0.0004282947481200061,-0.0023240361704960706,-0.0010801099689032457,-0.0033187651985459813,-0.0031240865580306923
2024-04-11,-0.006261569496620198,-0.004246504022945685,-0.0027520241977748248,-0.0006265103642449685,-0.004416012476860465,-0.002896618865353068
2024-04-12,0.004031899000656786,0.0029910696274499937,0.0028014451282116835,7.33686285567861e-05,0.004825239916276129,0.0019910817713874205
2024-04-15,-0.015424825025132052,-0.012561210799192868,-0.008479117747964778,-0.0023297018392439348,-0.011780104627917523,-0.00849527793874671
2024-04-16,-0.03639145912456003,-0.029166819540664066,-0.02166019294396702,-0.007696179812097668,-0.021349410319994384,-0.013384431914630495
2024-04-17,0.014474365844172804,0.01158084737675566,0.007588467742927138,0.0027536945860483966,0.009295148753869659,0.00671492671940766
2024-04-18,0.004499791689502037,0.003050411728831382,0.0024031931263587946,0.0023560599016276863,0.001519489886029344,0.0019035665331051982
2024-04-19,-0.04912577575239574,-0.039725432064927124,-0.02889426110331544,-0.01033686679146782,-0.02725699973579269,-0.017674478638490206
2024-04-22,-0.007958357511683889,-0.007693854142849427,-0.004302736166810194,-0.00022119711260388,-0.003262016292267828,-0.0023254949290017982
2024-04-23,0.010261225896362525,0.008329990661124331,0.006773088631478694,0.0018371537131401934,0.005347293850301595,0.0032847033413203716
2024-04-24,0.03721613971908935,0.03098852147576922,0.0224972635334711,0.006710362340694587,0.020543203031387444,0.012666265397796403
2024-04-25,-0.02129615699587996,-0.01763745140778089,-0.012745693538460787,-0.0035540203413710657,-0.013322969686835348,-0.00788339624127496
2024-04-26,0.02149094837082327,0.017685330063349908,0.015887438686156167,0.004643283526243885,0.014207370321432447,0.007932691659076941
2024-04-29,0.019425634252588336,0.015128757085146716,0.013086703761085448,0.005572372690807108,0.01207886466448888,0.007819349566300012
2024-04-30,-0.0015,-0.0013125,-0.0015,-0.0007105263157894736,-0.0015,-0.0012000000000000001
2024-05-01,-0.0015,-0.0013125,-0.0012378424464544817,-0.00048784244645448167,-0.00042017462842202855,-0.00013446034270774292
2024-05-02,-0.01358220061846617,-0.010700753706700247,-0.009863768276681199,-0.001750893227594586,-0.007599007086853959,-0.004206102127700839
2024-05-03,0.0062350996561352234,0.00458481447108211,0.003961597892226227,0.001085321876025458,0.004682767577630473,0.0031284649461780214
2024-05-06,0.01591666951770132,0.013802732943159313,0.010531984204648176,0.004851257052834679,0.011087153316141895,0.007925680825622422
2024-05-07,0.006686481521312626,0.006209373948842939,0.0053666661347763055,0.0017905539781991886,0.005060676460294696,0.003073214940584509
2024-05-08,0.0036728266457453362,0.002824103154057095,0.0010748023035931475,0.0002962792018885719,0.0014206000972578358,0.001121902179431126
2024-05-09,-0.0021397591750109135,-0.0021397591750109135,-0.00014419252296469232,-0.0005724974894291911,-0.0008499142583359205,-0.0003709429078777
2024-05-10,0.0038049098649851343,0.0038049098649851343,0.005014115441916711,0.0037493334058764545,0.003704698170167206,0.0028098857177211644
2024-05-13,0.007043339217795458,0.00525618396474653,0.002762350155835914,0.0009236334621761321,0.004279056739908412,0.002983636415690396
2024-05-14,0.008046508304286798,0.006450767681624309,0.0034019054176582576,0.0005703105424521735,0.003886889069031081,0.0025872482169726004
2024-05-15,0.012531134254840023,0.009839428480846749,0.007570332845147082,0.0026808246346455736,0.00961896506532571,0.007011711606204535
2024-05-16,0.008522921670082922,0.007333971732090883,0.007287175204748207,0.003316650330837722,0.006029293222135084,0.003917105782979239
2024-05-17,-0.0033934189976982387,-0.0033934189976982387,-0.0016125108767916856,-0.0006906990014782471,-0.002476901688604801,-0.0021547941805419024
2024-05-20,-0.0014771428326847275,-0.0013816442646872595,0.0023931267216509952,0.0019019014146772818,0.00041649544954403515,0.00023589083305214638
2024-05-21,0.0007960310593622122,0.0013694216751134608,-0.0013753609029117765,-0.001540085697543392,-0.00011420726043703546,-0.0004974173962793083
2024-05-22,0.018538915687694696,0.014794681974615698,0.010381469840889236,0.003960922649727222,0.010114673928874081,0.0068437134951131766
2024-05-23,0.006042301671147499,0.005669441789391549,0.0003984125791046065,-0.0010747520203764737,0.0016126626483862526,0.0006896782774795664
2024-05-24,-0.004206374565563109,-0.0038965852223165204,-0.0044394405008761255,-0.0021426423854945084,-0.0031811981393018384,-0.001318212112486442
2024-05-27,0.016357912986548234,0.013469718019787746,0.010258738530242442,0.0037743152440274544,0.009507487172673404,0.006292491367823969
2024-05-28,0.004268067486595556,0.0027503403896384226,0.0030805161431901877,0.00027483118816336587,0.0010201180780731337,-0.00030053951379672105
2024-05-29,-0.010888825751866699,-0.00809972184551408,-0.005751088277047844,-0.002995535270341565,-0.007557383596892898,-0.0056557479086718305
2024-05-30,-0.01788679815351074,-0.014359190791547558,-0.012563587065353616,-0.00476619760628384,-0.010160282391621114,-0.006782328536590037
2024-05-31,-0.0015,-0.0013125,-0.0015,-0.00075,-0.0015,-0.0012142857142857144
2024-06-03,0.01736823093341311,0.014344904613353271,0.007670941312118767,0.002743678518768174,0.009014176977730567,0.006431791953466276
2024-06-04,-0.015212810480817629,-0.012082393951050013,-0.009166277616150315,-0.002164000604073585,-0.005569871058932762,-0.003328149728097363
2024-06-05,0.008432859744918864,0.0072248270405073645,0.003572163139847229,0.0013358250938431016,0.004243830462929032,0.002958491660241107
2024-06-06,0.03125146711701848,0.02621368374170363,0.01740430755491787,0.0061575830931429095,0.01585431327637808,0.010679699801909921
2024-06-07,-0.0058613781102379026,-0.00534684657057953,-0.0031611588453677236,-0.001315397666879142,-0.004689680477577158,-0.004378125174709747
2024-06-10,0.0,0.0,5.166908402458592e-05,5.166908402458592e-05,-0.00044735493021161565,-0.00044735493021161565
2024-06-11,0.002008262993710333,0.002099433611833401,1.1106567051810908e-05,-0.001399416946348825,0.0003174165735534521,0.00025531440984302966
2024-06-12,0.01768803056048532,0.015437424144279621,0.009127174378042684,0.0030781357935020072,0.009236275929937865,0.006244669609470622
2024-06-13,0.020111768093825422,0.017303452476709863,0.010784144347358077,0.0035636753973270993,0.011745027327413279,0.0074245398073202375
2024-06-14,0.009088596358802492,0.00680948855927116,0.004660214909318029,0.0011905538603501744,0.005039735852167785,0.003374133291411366
2024-06-17,-0.00018350757656378225,-0.00018350757656378225,0.0008421842750080458,0.0008307747959666768,-0.00024682498729587036,-0.0007256287351997478
2024-06-18,0.019422794044675118,0.016266228432338437,0.011803912886784744,0.003842092855304496,0.011056439824008427,0.007193125110962398
2024-06-19,0.027355485978036873,0.02220546536534697,0.015048350759519876,0.0055806540028442864,0.013349751861757625,0.00985320245372681
2024-06-20,0.01110987919293191,0.00869052435422224,0.006102620524831187,0.002013147038394497,0.005635826242465935,0.0034030900679252935
2024-06-21,-0.009841973138940974,-0.008576153573284659,-0.004694541523511892,-0.0011459780216659498,-0.005090757395788777,-0.002250765096046174
2024-06-24,-0.024363725870090197,-0.018928936898617105,-0.012916241081626284,-0.004653021172015114,-0.011578812036944119,-0.007393427072455636
2024-06-25,-0.0024966421323097815,-0.002970130393581613,-0.0009300785450903349,-0.0005834243088510439,-0.00141155078480955,-0.0007104623460624037
2024-06-26,0.010273499958846855,0.00927460814322098,0.0032956161127007675,0.0003631919031641951,0.002743502959274331,0.0005449832065891947
2024-06-27,-0.00021788266905553577,0.00038771416464329633,-0.0012771881816791954,-0.0010186822655311291,-0.0006711890332397558,-0.0007918934002959766
2024-06-28,-0.0015,-0.0013125,-0.0015,-0.0008250000000000001,-0.0015,-0.0012272727272727272
2024-07-01,-0.0035732122643154355,-0.002388081721196692,-0.0024312115385632304,-0.0004891660537145531,-0.0034058386616714854,-0.002052214966327591
2024-07-02,-0.006477496786321563,-0.004493373093711811,-0.0017021204420501253,-0.00022323017895447544,-0.0010412916746709202,-0.0005563204111706775
2024-07-03,0.016893050969247314,0.013192213111376278,0.011459632059875059,0.00432292712734027,0.011633460927153227,0.006882889008469813
2024-07-04,0.025003960890953997,0.020819409897521707,0.012643757224686879,0.004540508413179879,0.011905679664333247,0.007878323729979759
2024-07-05,-0.000681777384882773,-0.0009153721432606649,-0.0014881212071621297,-0.00045125535803812184,0.00013516419013212815,0.000345231397723058
2024-07-08,0.027787520871481786,0.023771976830031016,0.0141804561424079,0.004669616744339916,0.013062952489881112,0.009567369818156427
2024-07-09,9.599588277113547e-05,0.001275717822287012,-5.569594861522522e-05,-0.0006731219814813283,-0.0004615753395573186,-0.0008067367676070535
2024-07-10,0.0042908443680587105,0.003226580149793129,0.0037090786121461443,0.0017065971462670638,0.0031415273891698603,0.002248161937067985
2024-07-11,0.020842522106589656,0.0165962848166242,0.013225071891405617,0.005696585232616834,0.012602476464365974,0.009090627728126481
2024-07-12,-0.03589383114917284,-0.03040198736309488,-0.017363948538731792,-0.0040537159685425815,-0.015492917501109817,-0.008353392567407638
2024-07-15,0.0034767626689688746,0.0032225943015377345,0.00360200885925307,0.0011303802582550704,0.0020914068508808537,0.0007051802939969655
2024-07-16,0.00578819622031514,0.004367740091502221,0.0033129000233419466,0.0013804637561497077,0.004118422568352092,0.003027420080099979
2024-07-17,-0.013548714663290426,-0.010940369452655141,-0.006177328301301076,-0.001252370005183534,-0.005751324093430123,-0.0033220298606715178
2024-07-18,-0.025148421311160962,-0.02081952943193853,-0.012929321356720962,-0.0034080268179024703,-0.012730986182708062,-0.007551005805357191
2024-07-19,-0.021916335214164556,-0.01793628856651497,-0.013338598131615389,-0.006324962427389248,-0.012825540009907155,-0.009472906941003022
2024-07-22,-0.03233611943384916,-0.026060085233553895,-0.018664797548463133,-0.00693256995880735,-0.01704760417611164,-0.012060921271837353
2024-07-23,0.031228651571785254,0.025832765963950788,0.016412170716725755,0.005575526167370159,0.015260518225989816,0.010108738987895676
2024-07-24,0.0,0.0,-0.0001352834625264865,-0.0001352834625264865,-0.0009923850221625543,-0.0009923850221625543
2024-07-25,0.0,0.0,1.2502629047916881e-05,1.2502629047916881e-05,0.0006667162131364697,0.0006667162131364697
2024-07-26,-0.04589188084885246,-0.03775955226576695,-0.028161932691392756,-0.008981994366741308,-0.023840624223983885,-0.01397044557110883
2024-07-29,0.0030597959894731602,0.0017580226473180166,0.0030229241369860776,0.0016035152841462395,0.003144506364410988,0.001454218080131913
2024-07-30,0.006469972202086421,0.006030759265378188,-0.0004255254237934492,-0.001674111518389432,0.0005453952580671122,0.0007858209295627527
2024-07-31,-0.0015,-0.0013125,-0.0015,-0.0008250000000000001,-0.0015,-0.0012272727272727272
2024-08-01,0.02272552598868169,0.018684141307886225,0.014708871857905736,0.004569051811400839,0.01281715299500586,0.006324742623525377
2024-08-02,-0.060173815077337614,-0.04900252034758072,-0.029496723766798218,-0.0071614232420466216,-0.029977366723923995,-0.017104148187257737
2024-08-05,-0.11491416338459702,-0.08991415960298883,-0.06518299184263311,-0.02292787165607852,-0.06261128282598961,-0.03761498798423405
2024-08-06,0.05994407214149122,0.02122655839372769,0.0285938739164379,0.0043916456572147345,0.02729100802535017,0.01012213409404872
2024-08-07,0.04371300681850682,0.016088166788054914,0.021043652689784257,0.005840904307129277,0.02071359046136295,0.010430931472030114
2024-08-08,-0.025291632297238992,-0.010023167659871851,-0.01276061385863947,-0.0035003806940263164,-0.01198515826741875,-0.004840444083464111
2024-08-09,0.03429726825280324,0.0131495962187764,0.020539740428775217,0.006914119314424125,0.018767741341617118,0.008950493770847594
2024-08-12,0.018266131202486602,0.006919598801638727,0.011337330396881815,0.003655390710564593,0.010564927275500286,0.004998730963512037
2024-08-13,0.0047278796152498415,0.002027207715640522,0.004590103588488977,0.0020421613389983067,0.003711247695383886,0.001622768634358753
2024-08-14,0.0148552834819283,0.0064967400041948675,0.009580187593028595,0.0036482397376719562,0.008764970392025754,0.004361251945360294
2024-08-15,-0.00620084902579339,-0.002347500769062011,-0.004678094554925431,-0.0020598315347280564,-0.0033638262468382667,-0.001538841899936491
2024-08-16,0.027789635558577486,0.011949826601822838,0.016314562023113086,0.004983809101021532,0.01558304321025552,0.007437286217546663
2024-08-19,-0.00011915227339207024,-0.000656233579178378,-0.001079058678301911,0.000421978012973112,-0.0012046604996774756,0.0004493717900635462
2024-08-20,0.0029496689548803717,0.001696223124877369,0.0016652979987983975,0.0012822522915404825,0.00056513751366234,6.358595181196622e-05
2024-08-21,-0.009917353417606259,-0.004269988224320481,-0.004081274447016676,-0.0005717973718890499,-0.003959994328360738,-0.0017420553989199602
2024-08-22,-0.005822610530692537,-0.0015370072843595844,-0.004578811637270278,-0.0018508468498170418,-0.0037724607108911012,-0.0016467452868929565
2024-08-23,-0.000938354337587391,-0.0023241445060836335,0.0011680468097680088,0.0012646119732337272,0.001108259969494485,0.0011138358171973969
2024-08-26,0.0027699978825228982,0.001745738268792929,0.004117828815914428,0.0013444918579720501,0.0035668578757483732,0.0018439779475201824
2024-08-27,-0.004475722238732896,-0.0032511934417994437,-0.0017029249912547497,-0.0006731288239375069,-0.0015282946555093086,-0.0014777364259836272
2024-08-28,0.01300824759651062,0.004913172014752748,0.004767217513232891,0.0010544710895858047,0.003789958698371756,0.0017649569043883724
2024-08-29,-0.013215228062892978,-0.006156490549690127,-0.0076314235901872775,-0.0017606176315907642,-0.0071397130781219575,-0.002374346721223931
2024-08-30,-0.0015,-0.00075,-0.0015,-0.0008181818181818182,-0.0015,-0.0010434782608695651
2024-09-02,-0.004647486979385702,-0.0008305458656771424,-0.003699262742750931,-0.0005570037505343616,-0.004841397575715198,-0.0027173648719145092
2024-09-03,-0.004536827426714254,-0.0012591278039557202,-0.0007171362034896522,0.0006294726861530524,-0.0012227124633074223,-0.0005001901474509388
2024-09-04,-0.05867718019714764,-0.0225258757085815,-0.032266428842731024,-0.007317402964157644,-0.02982616966118528,-0.012735073417434779
2024-09-05,0.006103590125848685,0.003516462350230093,0.0032007471570997107,0.0011205514175145783,0.002892183267319917,0.0021076267346155407
2024-09-06,0.013908718214858756,0.004420602498889231,0.006416808400659487,0.0021484112406340906,0.005702782881989581,0.0028356048627043123
2024-09-09,-0.020510541944701532,-0.009783887871900696,-0.010568879074350909,-0.0021025367839584163,-0.010992162680777835,-0.00555331202497226
2024-09-10,-0.0005401601216372953,0.0012999799247778443,0.0006921718410260963,0.00064867603737102,0.0007408360062883396,0.0009001493170602048
2024-09-11,-0.0011080176936999891,0.00046176347383641847,-0.002059805430357881,-0.0003784831756119696,-0.0021831265261936287,-0.0007048404446814706
2024-09-12,0.04388516662177794,0.017584785987763973,0.02285427353487532,0.004793879648417478,0.021238428063889606,0.00861514305284483
2024-09-13,0.00523251729131155,0.002720292402507235,0.005369338331697524,0.002402757661796701,0.004218916879863089,0.0019563275950027583
2024-09-16,0.0025690129909893278,0.0009228240703289259,0.0024538914188124905,0.002084555009609942,0.0019593202705340904,0.0020801868374813732
2024-09-17,0.0,0.0,-0.0003197286038107932,-0.0003197286038107932,-0.00029308455349322715,-0.00029308455349322715
2024-09-18,-0.010669822163000067,-0.003966793945503255,-0.004883509393495022,-0.0021802747951953044,-0.004690644257451164,-0.003338790507533267
2024-09-19,0.019018564409519656,0.006950523470356296,0.009694699842792602,0.002323790053276274,0.010336145318794598,0.005051565037992538
2024-09-20,0.012703704563297141,0.006672329570898666,0.007449719950640088,0.0019034449104049754,0.006334389427706115,0.0030455243425696246
2024-09-23,0.00609332999140208,0.002093426198376269,0.004783460563724584,0.0017627228998202482,0.005920011756174393,0.003417737421396606
2024-09-24,0.008289435122406416,0.0022808483646531014,0.003935663248189397,0.0015674595482758121,0.00671230509305741,0.0053162768146058905
2024-09-25,0.017431564985016926,0.006001289189502115,0.00790034239779408,0.0014562779367748003,0.009666835292572621,0.005906521454653839
2024-09-26,0.009667676046977713,0.0048867117549213634,0.003949223394051953,0.0012224418628427602,0.005061799140494881,0.0036682404874873956
2024-09-27,-0.0023519814219176566,-0.002489605861281427,-0.0011703404251853988,0.0007957971491014556,0.0034561662433040072,0.005182578227425971
2024-09-30,-0.0015,-0.00075,-0.0015,-0.0008181818181818182,-0.0014999999999999998,-0.0010624999999999999
2024-10-01,0.0013214079724296348,0.0021425865511013617,-0.0003173622455655968,-0.00012986224556559684,0.0008579512288427328,0.0003573201406414034
2024-10-02,0.0,0.0,-0.001700628053318498,-0.001700628053318498,-0.0005668760177728327,-0.0005668760177728327
2024-10-03,0.0,0.0,-0.0030875872837871354,-0.0030875872837871354,-0.0010291957612623785,-0.0010291957612623785
2024-10-04,-0.0005447375274865718,-0.00039373624448825473,-0.0031997361320018347,-0.003567382829897603,0.011053751745270166,0.008057462665468904
2024-10-07,0.02464100562977148,0.009607467381487517,-0.006100110835974809,-0.0028009850910129114,0.0142328943994258,0.007464825723747234
2024-10-08,-0.006835567428116682,-0.0010857353870696307,0.0009173222218633453,-0.00021219479594529467,-0.011178798329020674,-0.009333434670234418
2024-10-09,0.008844125211285414,0.003752374900272415,-0.0034443409345099735,-0.0030712069513780527,0.0002443968106878215,-0.0016527995588905416
2024-10-10,0.0,0.0,-0.000594681452083079,-0.000594681452083079,-0.00019822715069435964,-0.00019822715069435964
2024-10-11,0.017620793549033786,0.008031343123865081,-0.0005202188620867382,0.0009767857367507932,0.006355869201539159,0.0011252621162645324
2024-10-14,0.0031911363583419783,0.001119293331086374,0.0004975564330131632,0.0008763439560341008,0.0025681583051671837,0.0022551503366460275
2024-10-15,0.020033126961384567,0.00856375457607264,0.0009921858942860545,0.002891880153253562,0.005906172022141492,0.0034642853597428337
2024-10-16,-0.017360270443864442,-0.00790896914914957,0.003541776056621815,0.001998567656340572,-0.009239454995249238,-0.0048829079490003
2024-10-17,0.004156634727104702,0.001617396333932819,-0.0027272809327056474,-0.0023461837318488193,0.0009081233197338589,0.0004916897195782639
2024-10-18,0.0249132101223426,0.010899750302957506,0.0006713588908525969,0.002964934698555688,0.01128749257449206,0.006178312079501216
2024-10-21,0.00235551346669316,0.0014839304143760834,-0.003268542380967146,-0.0036579501046594826,-0.0004355020745203062,8.12989414563646e-05
2024-10-22,-0.003623046781760772,-0.002553383575639459,-0.0024956387322138535,-0.0021074403481142756,-0.00113232669853112,-0.0015336826609481287
2024-10-23,-0.006447005791801769,-0.001663845600385655,-0.00030110166157469587,-0.0014693248326516778,-0.000907474924358082,-0.0007107116246195718
2024-10-24,-0.008216836540223274,-0.0033559915093101106,0.0011702825963589847,0.00039867839621834933,-0.0055851181045570636,-0.002908536593875245
2024-10-25,0.008761460445932179,0.0028757124924212174,-0.0021359692056520385,-0.0013690987691098166,0.003289698878302099,0.001571170359096527
2024-10-28,-0.003910791547639542,-0.0012212165342806724,0.0004373740430162615,5.157194294595768e-05,-0.001825443322608237,-0.0007570829346121577
2024-10-29,-0.023473367805994294,-0.00989495721951554,0.0027540219253275877,0.00044633181842215763,-0.010858106811691935,-0.0051481549610891035
2024-10-30,-0.0014373016550463108,-0.0006599429210225882,0.001338649003815806,0.001338649003815806,0.00014328775883756795,-0.0011570442564467535
2024-10-31,-0.0015,-0.00075,-0.0015,-0.0013125,-0.0014999999999999998,-0.0010624999999999999
2024-11-01,-0.008093909270819153,-0.0034436028231731577,-0.008821868170137755,-0.003448742903615087,-0.009114432395642543,-0.004494794461525787
2024-11-04,0.014518981025285677,0.0062339694070107365,0.006370480481451165,0.001826179982396773,0.006768365569430511,0.003780833449870748
2024-11-05,0.003555075662005247,0.001954030144197344,0.005089942706753393,0.002645970150234696,0.00509958128296243,0.004740465847611925
2024-11-06,0.01121568408669224,0.004600071387696719,0.007037361988211754,0.0008273536456819985,0.005540589372473481,0.000624506539076086
2024-11-07,0.012074185292165529,0.004372662548541378,0.0092238936125749,0.0026672231448024897,0.009367540444344858,0.004622634858628634
2024-11-08,0.007702693759709861,0.004058487449404347,0.006097774917115384,0.0021441528657992455,0.0063848781720476635,0.004056995130639526
2024-11-11,-0.0025411039575424094,-0.002204961187296517,-0.002002151828993775,-0.000771910501431903,-0.00212663905251128,-0.0025961506648065433
2024-11-12,-0.029219303076934558,-0.010179916370656447,-0.014673133977218509,-0.005063101418427716,-0.014687060808854973,-0.008011001674312788
2024-11-13,-0.003392873812636782,-0.0009203726812587049,-0.0017569938948687543,-0.0009284170102394049,-0.0020930375501426396,-0.001518398905939749
2024-11-14,-0.012330147667397692,-0.005091167874379285,-0.00632674142455532,-0.002522904585136684,-0.005799900132156785,-0.0035122657065594382
2024-11-15,0.005486406707925592,0.000549143764615137,0.0003322930710213291,-0.00018571948146933246,0.0002023153229395868,-0.0006456619152015549
2024-11-18,-0.014272065285753296,-0.004791064575783945,-0.007542914700346378,-0.001331391771287882,-0.007137737763097456,-0.0026928930518914985
2024-11-19,0.014879930771688116,0.0054129512017946635,0.0056666086564309565,0.0013660547075435142,0.005641865136833837,0.0024653201495291794
2024-11-20,-0.004394365719000398,-0.001410525360743875,0.0009431493803637826,0.0007252365577839532,0.0007631307117049783,0.0005346465931479858
2024-11-21,-0.011281468311553078,-0.005117838121072027,-0.004537653411488601,-0.0006723135872129603,-0.00437403072471885,-0.0019260498360631722
2024-11-22,0.02121411050568553,0.008259712773625916,0.008137082759174716,0.001815271138855626,0.0078073617040885866,0.003237628822458352
2024-11-25,0.0016121129777514204,0.0003185788526529343,0.0016760552570604583,0.0011748708594647719,0.002728742572606217,0.0017584559436055987
2024-11-26,-0.018575268229180084,-0.007093518387300851,-0.009866136316813389,-0.0029836390785790397,-0.009605967137785455,-0.0049711193993862346
2024-11-27,-0.017993062094389126,-0.006819950797242819,-0.005801372642896833,-0.0005144346166042509,-0.005247893411618703,-0.001672161139266078
2024-11-28,-0.004729592719500519,-0.0028916486016574983,-0.002854305286125942,-0.0009228042940241428,-0.0027302050562943796,-0.0017565867172180452
2024-11-29,-0.0015,-0.00075,-0.0015,-0.0008181818181818182,-0.0015,-0.001108695652173913
2024-12-02,0.020448754446742157,0.006410222492080426,0.011602646792184167,0.0014014638716247545,0.009975527776516445,0.004816367728117812
2024-12-03,0.014911478839658654,0.006709506076380101,0.01029775775132043,0.0021356380234554737,0.007402719702100664,0.0030737013426776214
2024-12-04,0.007314135743218139,0.0010785741813595234,0.004100009370713315,0.0005171086791153079,0.004058758020877416,0.0016790503520660728
2024-12-05,0.005720473499513129,0.004624521545448734,0.0031122563667854344,0.00026979044692841214,0.0028043233959202983,0.0012666233727329536
2024-12-06,-0.0038989120761166035,-0.0017338844378736867,-0.00115389640285792,0.0005156473930950336,-0.0004195658886475937,0.0004788199154053214
2024-12-09,0.003426104973475702,0.003169539224483542,0.0022438213983172477,-0.00010468591900804193,0.001133646139246535,-2.1938904770742836e-05
2024-12-10,-0.008502583112317219,-0.0040381579862565214,-0.0020577214866314085,0.0008086781908947391,-0.0022900415043458,0.00020443110091078692
2024-12-11,-0.008624300300152266,-0.0022725674717143235,-0.005528140385544803,-0.0007008423578172613,-0.005187406066145095,-0.0030639469726436524
2024-12-12,0.014388662011160014,0.00751115171285735,0.00977195262392492,0.0018670266646293886,0.006838222479176624,0.0025455033238220796
2024-12-13,-0.0004134005989945566,-1.0581142079968409e-05,-0.0035727470782631237,-0.00216623272440378,-0.00400608677463994,-0.0038984362102945425
2024-12-16,-0.0005166226302187327,0.0017623824452623893,-0.0015474053180286175,-0.0010209695690968203,-0.0013726167041164612,-0.0011279247736799894
2024-12-17,0.008945967004855893,0.004399090647020348,0.005463874850931971,0.00025252823089375357,0.004119142072784838,0.0008076324112249586
2024-12-18,-0.0011587140231536647,-0.0013511648327827058,-0.0009394521586658308,-0.00028764388483110386,-0.0017674799757724162,-0.0011472829767974694
2024-12-19,-0.01851150044449877,-0.010411785862837045,-0.013164828997710766,-0.00397954191584799,-0.011836006788981534,-0.0061684637576164885
2024-12-20,-0.010298629112498639,-0.004104771944403826,-0.007265436875842325,-0.0014439969968862922,-0.005639486625456822,-0.0027242439030932936
2024-12-23,0.027433065829986086,0.010838955687866692,0.018523697835015264,0.004339331647986431,0.014700353948967328,0.006784039678235227
2024-12-24,0.0019420862209314493,0.0013187352604583091,0.0019424529521174542,0.0007903169221858593,0.0019111681890396192,0.0013640245574864
2024-12-25,0.007875232447045993,0.00461283419105854,0.005655092789652433,0.0014687967834044282,0.004541907193791241,0.001902250716758362
2024-12-26,0.00030653276104936067,0.0005226898737331759,0.0006347156265478526,0.00039622456838252673,0.0006631558952613261,0.0007585364790745485
2024-12-27,0.0010017322937528883,-0.0005699037889134173,8.674378884391707e-06,-0.00015540765097657759,-0.0007730091317940306,-0.0006893913419502489
2024-12-30,-0.008843388552258677,-0.003769223556535098,-0.0051218231823499435,-0.000905577953675185,-0.003595954883005609,-0.0007039736243311473
2024-12-31,-0.0015,-0.00075,-0.0015,-0.0006666666666666666,-0.0015,-0.001108695652173913
2025-01-02,-0.010514419877444585,-0.007046788806988904,-0.010774943432924363,-0.0021211268791039325,-0.009705633761635794,-0.005512295343679982
2025-01-03,0.005917342148081067,0.004639688738970638,0.008056121343321385,0.0010772534827104413,0.0040645786191399365,0.0018568774017484375
2025-01-06,0.018944209268634382,0.01329269934168098,0.02073289579844055,0.004864637015323914,0.012496051560925406,0.005426178557991496
2025-01-07,0.007779409524644537,0.0051458664552957445,0.0056810410128652275,0.0006324102988934516,0.0028195654053591447,0.0006216151991590567
2025-01-08,-0.01021256380064696,-0.007206053549134478,-0.007994638002505015,-0.0013049740444564736,-0.005924927976741546,-0.0023843847858728328
2025-01-09,-0.0061438998446812915,-0.004246704686338393,-0.009709699824789579,-0.0016859994027928066,-0.005601190597072373,-0.002589477750581358
2025-01-10,-0.0004321805975405768,-0.000795207992871208,-0.0012356089948620738,-0.001143416606655047,-0.002848068695660483,-0.002578730838231194
2025-01-13,-0.017088829593345692,-0.01145863957484082,-0.014681789098039529,-0.0033977403482971513,-0.013300357845578226,-0.006587232565636725
2025-01-14,0.0048242600831292365,0.0027459642354714375,0.006436127263472008,0.0016846009879519508,0.0063164910565181925,0.004023221902402805
2025-01-15,-0.006409906517200026,-0.004332806409632489,-0.006492454639420331,-0.0004916608655027924,-0.002799149030862791,-0.00024754303960180656
2025-01-16,0.016318753584729576,0.011485012334837008,0.01939550136774735,0.0037651157610242153,0.012652382557928202,0.0066946716660981846
2025-01-17,0.00248418303799072,0.0028417960553857127,0.00158638372690979,0.00021068177822520205,0.0022640795636623056,0.0020571608447961347
2025-01-20,0.0054111817757217795,0.0026230305035673945,0.005247939051750125,0.0013510788313494393,0.005023467093063579,0.002191695290351241
2025-01-21,0.0007780699876055314,0.0004928170859376246,0.0005976798974063474,0.0005891781103998656,0.0015297662393658714,0.0011980576254931319
2025-01-22,0.012027894931838992,0.008841041047000342,0.010333640402871262,0.002191039659968433,0.006622783650874338,0.002216514901652529
2025-01-23,0.0,0.0,7.856186100461959e-05,7.856186100461959e-05,-0.0004378579701948641,-0.0004378579701948641
2025-01-24,0.0,0.0,7.060972708490543e-05,7.060972708490543e-05,0.0004272352652362199,0.0004272352652362199
2025-01-27,0.0,0.0,4.702003024588397e-05,4.702003024588397e-05,0.001142465533826631,0.001142465533826631
2025-01-28,0.0,0.0,-2.3492341353327506e-05,-2.3492341353327506e-05,-8.732844075530488e-05,-8.732844075530488e-05
2025-01-29,0.0,0.0,-3.916663255848496e-05,-3.916663255848496e-05,-0.0002398712159446999,-0.0002398712159446999
2025-01-30,0.0,0.0,0.00011757955770182182,0.00011757955770182182,0.00044254416494119797,0.00044254416494119797
2025-01-31,-0.0015,-0.00075,-0.0015,-0.00046875,-0.0014999999999999998,-0.0010624999999999999
2025-02-03,-0.044121872752189165,-0.02242753105820311,-0.02026318044816442,-0.006594288296952987,-0.02394244369500386,-0.010168778535395424
2025-02-04,0.005966748121844112,0.004540469212963305,0.0022135141647462333,0.0012551409025383766,0.0034341221572480314,0.003138448588914196
2025-02-05,0.01735696018179339,0.007804204992625269,0.005477728903199553,0.002160395207661603,0.00985632134274826,0.004735717696444809
2025-02-06,0.004825728896273668,0.00316373092934924,0.002675929520898024,0.0010926754577589737,0.0028567024829269346,0.001680298283081613
2025-02-07,0.005045451565782483,0.0013807377373930008,-0.00010460302551131852,0.0002172852225919008,0.003972055221566083,0.0024116831104801124
2025-02-10,-0.008041656323817717,-0.00318285353285766,-0.0021740969428000858,-0.0014946458002715879,-0.004372814898569551,-0.0023312649704916623
2025-02-11,0.004681351108152362,0.0020858604131381298,0.0032696553538835156,0.0008556173038000382,0.0032537744111425216,0.00110542832184776
2025-02-12,-0.0006332137398757098,-0.00012609525600859595,0.00040858145874090874,-0.00023040986338922488,-0.001213997572633473,-0.0011922575746500647
2025-02-13,-0.000829603123127895,-0.0017132280349089063,-0.0031470353026914477,-4.680135513606125e-05,0.0023975373407992577,0.002785328260503963
2025-02-14,-0.008314131201394237,-0.0026417657995184696,0.00171483464092268,0.00012179700420895655,-0.0018429308280538135,-0.0008804968182429216
2025-02-17,0.014191798906515243,0.006115389954209738,0.0034560840790043516,0.00132395415058445,0.0071746038356692785,0.003281447210288068
2025-02-18,0.004006277347648704,0.0020010625015888517,0.0020254225566057604,0.0001435235414059544,0.002303765540652728,0.0008940776958297408
2025-02-19,-0.002602725464369654,-0.0014377547649275513,-0.0011197320276222335,-0.0004111927996844345,-0.0013381602026055206,-0.00048486271420322685
2025-02-20,-0.0032805984431432123,-0.002444776694785794,-0.0018562027144379159,0.0002343713036173423,-0.001008361294039306,0.00016835863986684106
2025-02-21,0.004589745693373989,0.0009218876820295124,0.0005605480725830116,0.00022685050907224065,0.004048427183251037,0.002378669343068624
2025-02-24,-0.009517753342639393,-0.0054808867057252325,-0.009190135396649824,-0.0018174840357906175,-0.006369005619559865,-0.0017500047650741367
2025-02-25,-0.013213443805264971,-0.0071350605474609224,-0.0060801112855232925,-0.0019685714014910705,-0.00638535974742921,-0.0024811336556934682
2025-02-26,0.0015476741476896094,-0.001057741043029678,-0.004004883652735669,0.00031216740224867536,-1.8373293131646176e-05,0.0007043919102918684
2025-02-27,-0.006814431714121272,-0.0015299513470011378,-0.0013985473947334625,-0.0008530215519278461,-0.004729080233579315,-0.00241994095312856
2025-02-28,-0.0015,-0.00075,-0.0015000000000000005,-0.0006000000000000001,-0.0015,-0.0009545454545454546
2025-03-03,-0.010433114696243596,-0.008262879093997415,-0.01708107238685825,-0.0038765625514004445,-0.008749605083091024,-0.006571467693016361
2025-03-04,-0.0069349474957181995,-0.004740271416048186,-0.007282162084726547,-0.00086909828918625,-0.005567594375690647,-0.0032085607486131568
2025-03-05,0.0008478772885194413,0.0012993921117431667,0.007425614747774437,0.0009926669114524514,0.0017546420853176842,0.0020118084490387267
2025-03-06,0.0026744347828689535,0.0019724602231959154,-0.00458786670601892,-0.000365903999800285,0.0010990154435950306,0.0010308316844039045
2025-03-07,-0.009278290354260116,-0.006469806992799448,-0.01083842818697741,-0.0021169313654650426,-0.005564855296039305,-0.0023298045711935
2025-03-10,-0.0051677305581685345,-0.004689615345012305,-0.004688641032015141,-0.0008217219502816148,-0.0038903390019448467,-0.002643219840362726
2025-03-11,-0.014296805871631554,-0.010511490808001941,-0.019624097659986864,-0.004052498288591562,-0.01056876439159559,-0.006032003296260573
2025-03-12,0.004451288192244468,0.0015612131453172017,0.006364315825820935,0.0006126805851945499,0.0035764325180475676,0.0022251449945839344
2025-03-13,0.0010542523011271981,-0.0005004811726670305,-0.003922676811282548,-0.0005351995591819023,-0.0004691284441777771,-0.0012464951810748914
2025-03-14,0.003008873487551425,0.0042509353458083515,-0.0011160245834168844,0.0006906067669068192,0.003140885541324294,0.003761916470452757
2025-03-17,0.0057166020725761685,0.0027491323498476383,0.008361864297839756,0.0018333060154342232,0.00490617615447439,0.0034224412931101247
2025-03-18,0.003539280156673111,0.0026000622339922563,0.004584277566999424,0.001402882826756817,0.0024158463086424165,0.0019462373473019892
2025-03-19,-0.00317750157728669,-0.0002925696725565724,-0.008976273000486569,-0.00047261525336390886,-0.0019669373477048738,-0.000524471395339815
2025-03-20,0.01009369550803628,0.003883226176976118,0.016766866853213352,0.003136283015811689,0.007569676021074341,0.00446444135554426
2025-03-21,-0.008237026855970414,-0.004975004903281233,-0.0061528458823779525,-0.0017324653653184932,-0.0061604407437339595,-0.004529429767389369
2025-03-24,0.00318107690567776,-0.0002830293213154367,-0.0005943304440993932,-7.39312781067869e-05,0.000952600108714792,-0.0007794530047818063
2025-03-25,0.00657093142978582,0.0034860670832595475,0.008903135075442686,0.0019857651525457543,0.004124742905402212,0.002582310732139076
2025-03-26,0.002783469945381048,-2.972439754510281e-05,0.0017586092180239196,-0.00012801619641236717,0.0007698219187714378,-0.0006367752526916376
2025-03-27,-0.009029110529750181,-0.002799118921717969,-0.014911696866034621,-0.00255519073405068,-0.006794297723636607,-0.0036793019196205007
2025-03-28,-0.0005703879710609178,0.00029273122122244755,-0.01011330988363468,-0.0005128574036543099,-0.0019567500197533033,-0.0015251904236116207
2025-03-31,-0.0015,-0.00075,-0.0015,-0.0005625000000000001,-0.0015,-0.0011250000000000001
2025-04-01,-0.00472659685727251,-0.001469587128559291,0.0049301517663686715,0.003255216559691451,0.009799663521990954,0.00465611331764448
2025-04-02,-0.0017661280156495152,-0.001190590105505776,0.0003721929495266254,-0.00048264358413695793,0.0009911957800911467,-1.0435968530714116e-05
2025-04-03,0.00020186879460298846,0.00020186879460298846,0.00043691214241464715,0.00043691214241464715,6.622225270468563e-05,6.622225270468563e-05
2025-04-04,-0.001506869006178857,-0.001506869006178857,-0.00016211351231279882,-0.00016211351231279882,-0.0005720393752080482,-0.0005720393752080482
2025-04-07,-0.026758574381189962,-0.028994675991214566,-0.06787103315735485,-0.050511779176523,-0.08529918694565095,-0.05035738086096967
2025-04-08,0.0029112756687176833,-0.0006771358519498394,-0.003847430797758463,-0.004539570061456064,-0.015385504305701342,-0.008503796448474026
2025-04-09,0.010322855535883274,0.0017969436859016918,-0.01808297872480072,-0.011411433599066892,-0.031222877901929683,-0.013592718146364778
2025-04-10,0.004015361614269922,0.013944654831875597,0.04942303321194002,0.011535598169011386,0.07321792959271464,0.008907043939114503
2025-04-11,-0.0033951795669807106,0.00014169363718885553,-0.0010279981640050064,-0.0012965520703708269,0.007454441055083301,-0.0007701436052371947
2025-04-14,0.000808794427182763,0.0008359879210182858,0.0050096096778525145,0.001126781969031614,0.003557409986607768,0.00018021991797467773
2025-04-15,-0.0004014007035506584,0.001244128104583589,0.004302813640788598,0.0021567333504783977,0.006743779967539098,0.0012765487890451653
2025-04-16,0.0040739162505121496,0.002417366758476175,-0.003162135288808669,0.0020104927513213368,-0.010444245499888745,0.0006679727214312888
2025-04-17,0.005121177456518106,0.003000991160680533,-0.0012664651846194335,0.00024087265102035958,-0.0015697501473414643,0.0012010536487452365
2025-04-18,0.0005953429874152455,0.00044511121887914895,0.0009830292265464008,0.00028322162320971414,0.0018417433786267622,0.0003083254301099603
2025-04-21,0.002452780820080755,0.00031678709444542263,-0.007233974749843822,-0.00218334125393127,-0.010112422676245294,-0.0005302859848358625
2025-04-22,0.004889163995869222,0.002823253786309571,-0.003095543764810535,0.001607819549571502,-0.008016387647602166,0.0009100697782241797
2025-04-23,-0.00789026807376525,-0.003200926368525911,0.01261818714659963,0.0004536833348099559,0.02466929659405464,-4.983644619225089e-05
2025-04-24,0.001951032494946145,0.0010339956085935603,0.0008402555969984305,0.0018314679402552537,-0.001964942686119368,0.0007720481997060667
2025-04-25,-0.001178335421596094,0.0015346124898913127,0.010841473863838618,0.0021280024749174005,0.01761383525469618,0.0009942030683848004
2025-04-28,-0.0009373753867353424,-0.0001319230550200362,0.0018427687299391198,0.0007694562138997804,0.0028728196569188214,0.0001561316278763151
2025-04-29,-0.0017536337097267402,0.0007838668980725827,0.002964249350109257,0.0019123621531232605,0.003551425619097386,0.0002816723515264876
2025-04-30,-0.0015,-0.0011250000000000001,-0.0014999999999999998,-0.0009642857142857142,-0.0015,-0.0005869565217391304
2025-05-01,-0.0015965280830097346,-0.0008465280830097345,-0.002742318166490579,-0.0024695908937633062,-0.0015429013702265488,-0.0005429013702265488
2025-05-02,-0.007379267089333855,-0.004370172278342119,-0.007544284979224577,-0.00394299427438306,0.006838119433325886,-0.0023249982883592228
2025-05-05,-0.02140535611173819,-0.0046906545703621905,-0.007456929816876532,-0.004433178357669412,-0.018746020221171663,-0.0045632319709284245
2025-05-06,0.010242551463860619,0.004938034928832755,0.0073649446349578485,0.005707351365399177,0.005757291057881976,0.0035507225299161046
2025-05-07,0.005761189568102801,0.0025013069302101676,0.0036764910019610516,0.0029655226018851866,0.003581754810131855,0.0016772577008754195
2025-05-08,0.0023038776275468437,-0.00020735550639250366,-0.002212084784367377,-0.001951987682245703,0.006047570250081766,0.0005498368977888936
2025-05-09,-0.004947255074256113,-0.0026291103160325513,-0.001176377477889527,-0.0003094907404136325,0.0035607646300229957,-0.000808591288753318
2025-05-12,0.005639268061103431,0.0010379590097992775,-0.00038628213352888017,-0.0006979747679778784,0.008167241024798797,0.0015155214732947746
2025-05-13,0.006014618660806756,0.0011339792000574916,0.00013797041724228343,0.0003000146253666524,0.009231388675134223,0.0009607079122081782
2025-05-14,0.0025566514757111997,-0.0013924365843593217,-0.002844981033108192,-0.0015652683230786832,0.0114052839050381,-2.628700159278908e-05
2025-05-15,-0.004272999732594374,-0.0033594358686168946,0.0004820606913010079,0.0006112917963478905,-0.004058102574451475,-0.0015005915867586004
2025-05-16,0.00014583587985450563,0.0018472458416315951,0.0014698492632538357,0.0027244029850302643,0.0010609116326263006,0.000496385078660128
2025-05-19,-0.0020670802936333804,-0.0002680688451601604,-0.00012562467049253648,-0.0007798916041757167,-0.006253478176499725,-0.00043246204125409654
2025-05-20,0.004451402008891131,0.0005064858234291175,-0.0001517763957939506,-0.00044960846510786677,0.00398033234987181,0.0006384864069530205
2025-05-21,0.0011590515487205771,0.0032102973511329153,-0.0002947765508303121,6.238521061070832e-05,0.006135138000406085,0.002154633269779228
2025-05-22,-0.001372187721176893,0.000930053944916992,0.0015728037582267611,0.0010296315538870734,-0.006346474606484583,-0.00019333128612900963
2025-05-23,0.00036106370488327155,-0.0004311416875856372,0.000106299909065259,-5.940419270125912e-06,-0.0020317059159699357,-0.00026720124470887134
2025-05-26,-0.0032890234433100574,-0.0012268272559031318,-0.0025929086573211924,-0.0010550383329071494,-0.001297042101784866,-0.0017043885673618069
2025-05-27,-0.0013458395251805533,-0.000937131085216189,0.0008523106104851955,0.0007851091689539935,-0.007556126157917531,-0.00125242359459701
2025-05-28,0.002307949592876779,-0.0009405997654767795,-0.0019508776749568805,-0.0016792767984098252,0.005518785804082308,-0.0004983577872203924
2025-05-29,0.004593187594835124,-0.0005344009121174415,0.00024367732809543228,0.00021914347208054876,0.00497845588874016,-0.0003576467049751415
2025-05-30,-0.0015,-0.00075,-0.0015,-0.0012272727272727275,-0.0015,-0.0005000000000000001
2025-06-02,-0.009197422515554563,-0.0003144910442747118,0.006916124882447479,0.0019240147456392378,9.7360697790029e-05,0.0010033534907208088
2025-06-03,0.008318218938703908,0.00330099363802136,0.001384087428801417,0.0024349531036789163,0.0034493540040035904,0.0019390415767827813
2025-06-04,0.002615946295765087,0.0006475681758718321,-0.004933644911410406,0.0018202732246084263,-0.0024704371434936347,0.0015286579731278447
2025-06-05,6.937607079758601e-05,-0.0003045379705056833,-0.0005525599554731808,-0.0003356559307771123,2.81504608234025e-05,-0.0005802665758096366
2025-06-06,0.0002766871700835699,0.0005038963644731359,-0.002457257893935333,-0.0018059186461926169,-0.0013260133143273196,-0.0012249488052405073
2025-06-09,0.00013450490208874455,-0.0017516677308399842,-0.004942682072912652,-0.0037454823962568273,-0.0023798113639954543,-0.002412933441569861
2025-06-10,0.00017579182607654897,-0.00048139913720049443,-0.004987526140691256,0.00015246957403214356,-0.0027604627085982734,0.0005007776535397671
2025-06-11,0.001691729342016321,0.0018372029456272254,0.0016484169698747497,0.0037698844987754665,0.0004786244982309024,0.0024713504618322593
2025-06-12,-0.0015798601507852617,0.0005387947458505155,0.004512724801800316,0.003274000711455227,0.002367943638397152,0.0023713149745186644
2025-06-13,-0.0035041799930075335,6.62855192117423e-05,0.005610323237311837,0.002472709013329605,0.0009877099350702836,0.0011459645759506198
2025-06-16,0.0005684947190849193,9.618731112992496e-07,-0.0019194857859178849,-0.0008127971981106985,-0.0001833856292450624,-0.00020585162778043642
2025-06-17,-0.000624300264649949,-0.001470515543197673,-0.0015421324792597169,-0.0009863383755537303,-0.0006280839874853913,-0.0008461830402958411
2025-06-18,0.002078295589281201,0.00071395005557498,-0.0017694645521884322,0.0003472971405001357,0.00016148396918970947,0.00048333122162214076
2025-06-19,-0.0037103954208449197,-0.001391987115828136,0.0012181238447939724,-0.0014785027969831388,-0.0002701710761434106,-0.0009856685313220925
2025-06-20,0.00033244812098852383,-0.00021261394603387662,-0.0006390639126644115,-0.0014171841387271844,0.00018153628341538447,-0.0004210098523647249
2025-06-23,-0.00036165005569091524,0.00010530078754045213,0.0027139575830176232,0.0012733428756515064,0.001201297360210555,0.0011621656989477442
2025-06-24,0.005758727900459948,0.0011930458554807316,-0.005458994775788706,-0.00028048871980981827,-0.0009910440332453478,0.00027163005316986155
2025-06-25,0.0026872836539610506,0.0005099470835760178,-0.0027553013527229497,-0.0006176029663554072,-0.0015459418988428468,-0.0004533066458233999
2025-06-26,0.00027760714152927357,0.00011674786506535306,0.0021285383592707374,0.001674623164854061,0.0025609692481149966,0.0015946764604131136
2025-06-27,-0.004410024776167129,-0.0036136751162381825,-0.004398933343251421,-0.004512211877688632,-0.0016934629165203012,-0.0030910825242776436
2025-06-30,-0.0015,-0.0005625000000000001,-0.0015,-0.0011250000000000001,-0.0014999999999999998,-0.001
2025-07-01,0.001705998821803994,0.002650285699548248,0.002287713629674989,0.0010278244187795957,-0.0016104072576127078,0.0004913400852641597
2025-07-02,-0.0012718667928341282,0.0003827625930081374,-0.0003202926719169193,0.0005232227748043644,-0.0021617479616948578,0.00042529659296087883
2025-07-03,0.00559624512024029,0.0038303396527042954,0.007643501931494973,0.0008942643275447598,-0.0012445942284528,0.00035732353637474285
2025-07-04,-0.0018503927789149527,-0.0024614719501530047,-0.0036183980272850224,-0.0008191091984549508,0.0021815538639575376,-0.0005203440307244659
2025-07-07,-0.004348810050528729,-0.0035290363872803043,-0.00429951051289653,-0.0014145092630515929,-0.0008724613095454727,-0.0021425115472187345
2025-07-08,-0.0005303123354499645,4.580764318501407e-06,-0.002339624398901785,4.948284272348743e-05,0.000642830520001124,0.0002713262352454689
2025-07-09,0.003660189687633486,0.0013486747241277658,0.005679455677750343,0.00014847467482542303,-0.0014723966190442043,-0.0003988479320023628
2025-07-10,0.0070191674421123396,0.0034989925539264805,0.008369870047527012,0.0015245290907882625,0.0035190878412597855,0.0017628928430830143
2025-07-11,0.0008394634158159359,0.0019325426785891109,0.002097158664280217,0.0006203616361996238,-0.001647742564371514,4.13648023649157e-05
2025-07-14,-0.004690601858749505,-0.0023941660769156298,-0.006203993342643808,-4.3548970404944535e-05,0.00044967705041738023,0.0009892234982523302
2025-07-15,0.007859920080196064,0.003946022433613347,0.01024569165878862,0.0007951932983151393,0.0005803909687196707,-0.0012393895798857362
2025-07-16,0.002723392123466709,0.0019889075010584927,0.005510242836211842,0.0005628797032206526,-0.001415189089128534,0.00028230364893063375
2025-07-17,0.0013680480063118367,0.001000658326506365,0.0022967409673823225,0.0002997184506688784,0.0006234034141330404,0.0006408693836733715
2025-07-18,0.004674770369433395,0.0015644920170756332,0.007117683583516628,0.0011356942857819654,0.0010063797523835272,0.0003928304042212968
2025-07-21,0.0029049965433194133,0.0028239039863746512,0.0012594271982596722,0.0005268929597203898,0.002157091031588084,0.0015477053638097455
2025-07-22,-0.0019197242983510776,-0.001062908429585424,-0.004464638725276931,0.0003209098680959558,0.0030377770974311254,0.002064193804433234
2025-07-23,0.0022728721638364258,0.003249136661132662,0.003664707969183723,0.0012187479968913415,-0.0011416700509501167,0.0011449360446012954
2025-07-24,0.001159032534947299,-0.001326277165143594,0.0026133054751398947,-0.0009877293617889334,-0.001497224935357163,-0.0025284672652118186
2025-07-25,0.00026531159810574967,-0.0002875868729641379,0.0006584630223857794,-0.0004843484718307816,0.001236907378920978,-0.00019485116852211186
2025-07-28,0.0008899815861094645,-0.0006426365512482296,0.002573081359960372,-0.0003343154286233971,-5.562994389292841e-05,-0.0014426036900378162
2025-07-29,-0.0036585483636957655,-0.003384370857451982,-0.005456929005579695,-0.0012767891123513552,0.0029114757850549067,5.487278894682981e-05
2025-07-30,0.003853034085774587,0.0027451217549068208,0.005205014243046279,0.0008576322355020508,-0.001615491523305263,-8.999652948811948e-05
2025-07-31,-0.0015,-0.00075,-0.0015,-0.0004615384615384616,-0.0015,-0.0010000000000000002
2025-08-01,-0.0065563413843865,-0.0020389315444041952,-0.005974394297898443,0.0004008138907047224,-0.003720602679095054,0.0020240443667583242
2025-08-04,-0.001371633392402108,0.0017892158555234267,-0.0037092306280048053,0.001641733435707895,-0.0009169021559206018,0.003396104261243533
2025-08-05,0.010326508128740058,0.005526516810834853,0.009296482102134226,0.001592910014976243,0.008528042745954504,0.0004567860414124563
2025-08-06,-0.0053722069966868485,-0.002721559643508592,-0.0039437919486263115,-0.0002092946628373236,-0.00431856626113005,0.0005545931417962184
2025-08-07,0.014377685238923285,0.008867814030208615,0.010802441273480685,0.0012557428023652895,0.01237307565191684,-0.0001435678187487516
2025-08-08,0.002864812951479667,0.0024111369754021006,0.00036899622983985544,0.00021647790049883486,0.001483196520726502,0.0009200085935519829
2025-08-11,0.0022910826277208612,-0.0002759443041134152,0.0034257594787349896,-0.0002299020142756644,0.0025597475042699047,-0.0012212304153722845
2025-08-12,-0.0018309361998400664,-0.0012682137809709865,0.0007157210318643229,8.02450644867015e-05,-0.0008609115129755453,-0.0002623333391812119
2025-08-13,0.005766425890213686,0.0027727503222096522,0.005374272205573198,0.002067133885822639,0.005859195508287709,0.001452785480135479
2025-08-14,-0.0013957923447387582,9.475542734470321e-05,-0.0009768994464819478,-0.0002101097396248511,-0.00205031773996262,6.868077887391767e-05
2025-08-15,0.0020110518583406622,-0.00040010106249117883,0.0015957716817850067,-0.0006605007955748436,0.0012923419642673778,-0.0007511059653366937
2025-08-18,0.0013495819157499723,0.000579454124649121,0.0012499784074541762,0.0004366901274073737,0.001075350202440636,-0.0002667578760760842
2025-08-19,-0.0025429963578829234,-0.0011473264268681699,-0.0014318837080757442,-6.0576126909510066e-05,-0.0018266691392319675,-0.00038203830109221037
2025-08-20,-0.01602374683246431,-0.009310490675110417,-0.013822930204083862,-0.0016308511807089701,-0.013868429943623382,-0.0006185274939221659
2025-08-21,0.005298930129133336,0.003348314966952287,0.007456310266103901,0.0013533265133424028,0.003798483628326304,-0.00024978554140386855
2025-08-22,-0.0031931533529385436,-0.0022005770333215213,0.00023222512737051417,0.001108575682027471,-0.0006633990491107848,0.0015201742206091677
2025-08-25,0.009896914817246902,0.005491787039879167,0.011032273951524405,0.001505453185687197,0.008485752151524422,1.1330407044525705e-05
2025-08-26,0.0011474320669424276,0.000696546846262025,0.0018851623675515022,0.0005354959357132791,0.0013721948260125847,7.632831381811686e-06
2025-08-27,0.003997321086982891,0.0019830079914361365,0.003557061100175054,0.0006884644501751433,0.004160673982684876,0.000489582922028003
2025-08-28,-0.0026346412310208206,-0.0010712806744934966,-0.0036284204861292226,-0.0005902882085692168,-0.0022962930100926186,0.0008046365696057312
2025-08-29,-0.0015,-0.00075,-0.0015,-0.0006521739130434782,-0.0015,-0.0008181818181818183
2025-09-01,-0.00764866970879889,-0.0009241833459663472,-0.01033016425738119,-0.0006907579193882686,-0.007598784599139956,0.0010590567818679988
2025-09-02,-0.0008001310356346714,6.711292076765074e-05,0.00036946524325516707,-0.0009050076302339399,0.0007354456532793971,-0.000884695086706773
2025-09-03,0.0014637795325419117,0.0009969781201793343,0.0015662619349603396,0.0010948144577745665,0.0021303177208352292,0.0016426096429663806
2025-09-04,-0.0003109727609232199,-0.0009778160204674952,0.002722749487571615,0.0007178491079457149,0.0013081598234181366,-0.000840079490469975
2025-09-05,0.010139838276757213,0.004286527037637544,0.008266160720209454,0.0019366896059396137,0.007334146283175907,0.0025596492609117117
2025-09-08,0.007345609179548324,0.004382974605274065,0.005146997947275056,0.0018980930080584615,0.004750745453338895,0.001838947375808914
2025-09-09,0.007160244890978065,0.004056711157573917,0.004231477763975539,-0.0002056546097389665,0.004156050993452592,-0.00017677079473554238
2025-09-10,0.010224124027582354,0.004665653371695069,0.01098929709120652,0.0018988264533802569,0.00872780579117348,0.0009346738202116678
2025-09-11,0.00854825851067445,0.003731952025748303,0.004558338759956945,0.0014506416547389216,0.005025684319956547,0.0023056595496607655
2025-09-12,0.00406291960523425,0.002548350138255634,0.0024669531292880907,0.00021514302591712323,0.0011320560800956402,0.0001511146745290237
2025-09-15,0.0008013777614610668,-0.00021617341353455388,0.001849244640686317,0.0007317658232579763,0.002386476516001901,0.0008237866271964488
2025-09-16,0.006590574671416327,0.003974322949694742,0.005392013302955129,-3.4181210486575344e-05,0.004648687418333892,-0.0007133233804804738
2025-09-17,-0.0028168994746906595,-0.001499089073725271,-0.0033291199345365555,-0.0006674946659342695,-0.002229440998748811,-0.00013679257574139014
2025-09-18,0.005642101151755119,0.0020692258500906446,0.005157124748341392,3.36681293784922e-05,0.003048776421031046,-0.0010190476128029869
2025-09-19,-0.002148167975017476,-0.0013208346475922228,-0.0003062109817280973,-0.00017809752185993707,-0.000480594903218229,-0.0007618479890194596
2025-09-22,0.007114456927763663,0.004114365458380148,0.004748394398290162,0.00038958604292650277,0.004087823961874021,0.0009993620189614194
2025-09-23,0.007786475932634457,0.005210016202850748,0.00619193671882359,0.0006901270617151855,0.005108265662019006,4.1899198889550045e-05
2025-09-24,0.0019561449948292536,0.0022628890920894373,0.0009577737388936319,0.0007235323558687357,0.0010314663641226571,0.00137957607179095
2025-09-25,0.0019232813738431082,0.001089175791774713,0.0008691255878807314,0.00024430720833732247,0.0014121077112987767,0.0008437993482157734
2025-09-26,-0.010687034743164722,-0.005468916508191854,-0.00999231413906087,-0.0010121792813184993,-0.007259371089545991,4.402922366749106e-05
2025-09-29,0.0,0.0,0.0007190029158817497,0.0007190029158817497,0.0008268533532640122,0.0008268533532640122
2025-09-30,-0.0015,-0.00075,-0.0015,-0.0005869565217391304,-0.0015000000000000005,-0.000675
2025-10-01,0.0009527733166134768,0.0006819961936476166,0.00011732586622088424,-5.019916121793994e-05,0.0001756121798847422,-0.00025626436968159683
2025-10-02,0.015194709595325998,0.005801235024084431,0.009183286161619071,0.0011073667097969218,0.008917995729295055,0.0006064857881994341
2025-10-03,0.008630313480400761,0.0021723989789428494,0.006239869552135762,-0.00039047329294061346,0.0060582980708592075,-0.0013718164057445574
2025-10-06,0.0,0.0,-0.0002784536762541908,-0.0002784536762541908,-0.00032242004618906296,-0.00032242004618906296
2025-10-07,0.020636904425772984,0.009593778912791048,0.013563451931471477,0.0026616655328844737,0.01325916503541221,0.0012809627901313751
2025-10-08,-0.0050525775279554735,-0.0004432377528391651,-0.0031079137446796486,0.00019789916940712605,-0.003087799457957866,0.0005328457892667116
2025-10-09,0.008726857971912999,0.00358963836208398,0.0057220893383194355,0.0009340226796647982,0.005607042858204574,0.001219574748972432
2025-10-10,0.0,0.0,0.00022129074476832304,0.00022129074476832304,0.00025623138867911086,0.00025623138867911086
2025-10-13,-0.016578948847320182,-0.005937004915403138,-0.011637850059712192,-0.0016769965998263262,-0.011097910589870195,-0.0027201395763614246
2025-10-14,0.0005386374474033867,0.002838114810987169,-0.0001826528829298102,0.002119289744774196,0.0002304257324096349,0.002961936943897078
2025-10-15,0.013369484367874121,0.005397489703356004,0.008056805195803067,0.0010380229271232087,0.007467628636737771,-0.00014812073004398158
2025-10-16,0.020256473287565857,0.008026596337448705,0.012830102212947787,0.0021839938660568577,0.012874728854038424,0.0023121688828568613
2025-10-17,-0.007910668150195976,-0.0006584779409316149,-0.0071624452065184455,0.00037376525432023737,-0.006324243580435655,0.0011424960154342576
2025-10-20,0.00667974650670268,-0.0009476070317942231,0.008284524238467691,-0.00043062705407474614,0.007461812837764585,-0.0015573498671148946
2025-10-21,0.00958945702015998,0.005878287581152719,0.0061328722434776895,0.0017985552284466857,0.0062540735222439406,0.0030098378370578245
2025-10-22,-0.010634357402662983,-0.007913596524151995,-0.003867649728656421,-0.0018889378203704632,-0.004845170916972627,-0.002317570202053517
2025-10-23,-0.007190989451763011,-0.003535021159132415,-0.005308399634164425,-0.0012834729995513433,-0.0049960132045590005,-0.001125424186161677
2025-10-24,0.0,0.0,0.00026978298220313825,0.00026978298220313825,0.0003123802951825811,0.0003123802951825811
2025-10-27,0.026740982770213417,0.010490032846683456,0.01886334561308212,0.0025555342962992936,0.01836327912848105,0.003460866192884893
2025-10-28,-0.007953626498589467,-0.004919486663559514,-0.00470118399582653,-0.0022917670734514473,-0.004454490473948062,-0.0022099879097990474
2025-10-29,0.011739608508926136,0.004194556325487042,0.008251806689629273,-8.266440389237409e-05,0.008150794595956678,-0.0010417166717825617
2025-10-30,0.0001956411545707415,0.0002622405457759214,-0.00021845684488877305,-0.00020329426904461517,-0.0002991658075599068,-4.9457322391103435e-06
2025-10-31,-0.0015,-0.00075,-0.0015,-0.0006136363636363637,-0.0015,-0.0006315789473684211
2025-11-03,-0.008668953713395182,-0.004509735146597838,-0.005534828141723052,-0.0011067608749048654,-0.004207831275683065,-0.0006317674559176889
2025-11-04,-0.0038316001802897875,-0.0011018311663271302,-0.002821693877782788,-0.00037218636461996355,-0.002516917224009963,-0.0001750638875206386
2025-11-05,-0.015644295198734212,-0.00965788776492879,-0.009398617316483495,-0.0016286437677511133,-0.008561004209803973,-0.0009398268368268408
2025-11-06,0.008299427013413435,0.0052225741417180616,0.007437658644145409,0.0021691028116621507,0.006263048141677686,0.002452112815475913
2025-11-07,-0.013949345637165059,-0.0072591144781467415,-0.009093422641634668,-0.0011651173030084376,-0.00811738056983695,-0.0005846167520095841
2025-11-10,0.012799930959042916,0.006643247320716056,0.0071259642116955095,0.001277044076794834,0.006512345817089568,0.0006413743244684244
2025-11-11,-0.0016351866705169443,0.0024388952007762116,-0.00039243566856538925,0.0011075614823525622,4.586063782677819e-05,0.0011239802704821394
2025-11-12,0.005345123732934845,0.0019019153161345809,0.003912100786265008,7.631672625903023e-05,0.0038403946689170056,4.492335543359184e-05
2025-11-13,-0.001371597689847362,0.00019125750697787658,-0.0009919134246994647,0.00025673115814583026,-0.0022571654755141955,0.0011455446899925636
2025-11-14,-0.020543429672467042,-0.010084879905448069,-0.013754507108949337,-0.002092432189382019,-0.01134309762441508,-0.0013639296245224945
2025-11-17,-0.0006813270047388992,-0.002257440799927221,-0.0010751584347542676,-0.0020515702806844253,-0.0014363287833807216,-0.0028538336299624555
2025-11-18,-0.02475076579332735,-0.013003932959234637,-0.015680746980096968,-0.0023796227035022184,-0.013774294885691743,-0.0015145542129391505
2025-11-19,-0.005092637443284018,-0.0016972832776420144,-0.004301324911293474,6.082976161093995e-05,-0.0029734063076638662,0.0005755721662711804
2025-11-20,0.03202806355223267,0.0157789980217746,0.021027963063450728,0.0027975662527488696,0.017841200463645773,0.0017493055517750417
2025-11-21,-0.03682274790939452,-0.0194547489556518,-0.023238809750918167,-0.0026226933352852745,-0.021126512548996442,-0.0017929314185320521
2025-11-24,-0.0004910865166774248,0.0005487893018487761,0.0034908584482866564,0.0010765396269702579,0.0032969011281404636,0.0009663924326581745
2025-11-25,0.01658735227926547,0.00954602432538576,0.010368625923362886,0.002458966260107761,0.009648448923905064,0.002025763490027023
2025-11-26,0.015941165431218013,0.007148995702007971,0.011053025603172346,0.0022993985708440806,0.00937386333450489,0.00194506718316223
2025-11-27,0.009769277554546374,0.004946408420319681,0.005778744039784723,0.0003280951162607466,0.005071474303527312,0.00010375003857224349
2025-11-28,-0.0015,-0.0009375,-0.0015,-0.0006521739130434782,-0.0015,-0.0006521739130434783
2025-12-01,-0.012077182334967474,-0.004142081843979114,-0.008323739332754938,-0.0018532906989730965,-0.0068032243798810885,-0.0009505554345928351
2025-12-02,0.0019278608438917655,-0.0006176129751462173,0.0028241468872161886,0.0007718972605977483,0.002311567234949389,0.0007850535579206702
2025-12-03,0.008806223787902176,0.004022206684675969,0.005190286602735682,0.00064975625891987,0.0041478417294266295,0.00027864178997409795
2025-12-04,-0.0032118301511306485,-0.0015568334868894806,-0.0019598694002192565,-0.0005146939252549195,-0.0017379206218057434,-0.0008612480987958899
2025-12-05,0.00904790796741417,0.004110866903639598,0.00509149382775646,0.0005208392547987182,0.004637103018808732,0.00031969860445417615
2025-12-08,0.010807218321701798,0.00517808971585737,0.006041965618179173,0.00068210106049404,0.005580525488020538,0.00047574665948398823
2025-12-09,-0.0019776825835677303,-0.0007541821183197905,-0.0019076484957680775,-0.0007010198147038245,-0.0026704086110650688,-0.0007568847195518685
2025-12-10,0.007150914622271326,0.0031576469539033314,0.003651130049454609,0.0009328785833756081,0.002991782371601552,0.00025914506853682526
2025-12-11,-0.01076891151863174,-0.0034318479662345663,-0.005981486897306598,-4.52660232181838e-05,-0.0050687580311998826,0.0005549132495047356
2025-12-12,0.006344221327263699,0.003403603343158146,0.003944122718162573,0.0007170133186681409,0.0031519734087044294,0.0005095738349103195
2025-12-15,-0.011559127396889385,-0.00402093964899905,-0.006715798054024031,0.00027569205318661333,-0.005938492932661779,0.0008001415149511476
2025-12-16,-0.013361252825990294,-0.004877533813485185,-0.0071600446822699506,-0.0007197431995278143,-0.007186490555531252,-0.0006076724585925202
2025-12-17,0.000455011098383834,0.001002107344503969,0.002151513839936797,0.001822228947122217,0.002087704687550224,0.002176197212482286
2025-12-18,-0.004887466854574279,-0.0021586889535319953,-0.0018632799862044638,0.0009181076213534314,-0.0014357185886311188,0.001419475096174084
2025-12-19,0.01041255123980564,0.0038076147938512495,0.007202576802914799,0.0007382151037224372,0.006018060348052945,0.00040649090818819665
2025-12-22,0.01707610851724048,0.007544517077135715,0.010826592142563944,0.0021029312115390525,0.010347310933216803,0.0017102063770810662
2025-12-23,0.006045084266905379,0.0051870860383012585,0.002550047948810356,0.0007886358597548942,0.002880102146012724,0.0009540616413253298
2025-12-24,0.0029982161588242295,0.0011436251619847404,0.0018075931536719746,0.0007752748675909818,0.0020940851298848727,0.0005254388448078336
2025-12-26,0.006984070604702852,0.0027551074794336106,0.00533115629226636,0.0012165524595996516,0.004530365336883939,0.0011189239678096356
2025-12-29,0.009703647457386139,0.004663445195191032,0.005057869935348962,0.0006978798652961345,0.003634964236275093,0.0001316397420562689
2025-12-30,-0.0015,-0.00075,-0.0015,-0.0006521739130434782,-0.0015,-0.0006521739130434783
