Date,0050.TW,006208.TW,006203.TW,006204.TW,00850.TW,0053.TW,00881.TW,0056.TW,00701.TW,00713.TW,00646.TW,00662.TW,00757.TW,00636.TW,006207.TW,00635U.TW,00642U.TW,00631L.TW,00632R.TW,00663L.TW,TLT,IEF,SHY,LQD,HYG
2022-01-03,0.0,0.0,0.11991189589329633,0.08639020442400581,0.07966558953534358,0.08266266436867427,0.07445603509759503,0.0,0.13677885834683795,0.12800643243498744,0.07790072811943621,0.05550192715120229,0.04562575535162762,0.0,0.0,0.0,0.024512310911252798,0.045260360563580244,0.0,0.0433272378021605,0.0,0.0,0.0,0.0,0.0
2022-01-04,0.0,0.0,0.11991189589329633,0.08639020442400581,0.07966558953534358,0.08266266436867427,0.07445603509759503,0.0,0.13677885834683795,0.12800643243498744,0.07790072811943621,0.05550192715120229,0.04562575535162762,0.0,0.0,0.0,0.024512310911252798,0.045260360563580244,0.0,0.0433272378021605,0.0,0.0,0.0,0.0,0.0
2022-01-05,0.0,0.0,0.11991189589329633,0.08639020442400581,0.07966558953534358,0.08266266436867427,0.07445603509759503,0.0,0.13677885834683795,0.12800643243498744,0.07790072811943621,0.05550192715120229,0.04562575535162762,0.0,0.0,0.0,0.024512310911252798,0.045260360563580244,0.0,0.0433272378021605,0.0,0.0,0.0,0.0,0.0
2022-01-06,0.0,0.0,0.11991189589329633,0.08639020442400581,0.07966558953534358,0.08266266436867427,0.07445603509759503,0.0,0.13677885834683795,0.12800643243498744,0.07790072811943621,0.05550192715120229,0.04562575535162762,0.0,0.0,0.0,0.024512310911252798,0.045260360563580244,0.0,0.0433272378021605,0.0,0.0,0.0,0.0,0.0
2022-01-07,0.0,0.0,0.11991189589329633,0.08639020442400581,0.07966558953534358,0.08266266436867427,0.07445603509759503,0.0,0.13677885834683795,0.12800643243498744,0.07790072811943621,0.05550192715120229,0.04562575535162762,0.0,0.0,0.0,0.024512310911252798,0.045260360563580244,0.0,0.0433272378021605,0.0,0.0,0.0,0.0,0.0
2022-01-10,0.0,0.0,0.11991189589329633,0.08639020442400581,0.07966558953534358,0.08266266436867427,0.07445603509759503,0.0,0.13677885834683795,0.12800643243498744,0.07790072811943621,0.05550192715120229,0.04562575535162762,0.0,0.0,0.0,0.024512310911252798,0.045260360563580244,0.0,0.0433272378021605,0.0,0.0,0.0,0.0,0.0
2022-01-11,0.0,0.0,0.11991189589329633,0.08639020442400581,0.07966558953534358,0.08266266436867427,0.07445603509759503,0.0,0.13677885834683795,0.12800643243498744,0.07790072811943621,0.05550192715120229,0.04562575535162762,0.0,0.0,0.0,0.024512310911252798,0.045260360563580244,0.0,0.0433272378021605,0.0,0.0,0.0,0.0,0.0
2022-01-12,0.0,0.0,0.11991189589329633,0.08639020442400581,0.07966558953534358,0.08266266436867427,0.07445603509759503,0.0,0.13677885834683795,0.12800643243498744,0.07790072811943621,0.05550192715120229,0.04562575535162762,0.0,0.0,0.0,0.024512310911252798,0.045260360563580244,0.0,0.0433272378021605,0.0,0.0,0.0,0.0,0.0
2022-01-13,0.0,0.0,0.11991189589329633,0.08639020442400581,0.07966558953534358,0.08266266436867427,0.07445603509759503,0.0,0.13677885834683795,0.12800643243498744,0.07790072811943621,0.05550192715120229,0.04562575535162762,0.0,0.0,0.0,0.024512310911252798,0.045260360563580244,0.0,0.0433272378021605,0.0,0.0,0.0,0.0,0.0
2022-01-14,0.0,0.0,0.11991189589329633,0.08639020442400581,0.07966558953534358,0.08266266436867427,0.07445603509759503,0.0,0.13677885834683795,0.12800643243498744,0.07790072811943621,0.05550192715120229,0.04562575535162762,0.0,0.0,0.0,0.024512310911252798,0.045260360563580244,0.0,0.0433272378021605,0.0,0.0,0.0,0.0,0.0
2022-01-17,0.0,0.0,0.11991189589329633,0.08639020442400581,0.07966558953534358,0.08266266436867427,0.07445603509759503,0.0,0.13677885834683795,0.12800643243498744,0.07790072811943621,0.05550192715120229,0.04562575535162762,0.0,0.0,0.0,0.024512310911252798,0.045260360563580244,0.0,0.0433272378021605,0.0,0.0,0.0,0.0,0.0
2022-01-18,0.0,0.0,0.11991189589329633,0.08639020442400581,0.07966558953534358,0.08266266436867427,0.07445603509759503,0.0,0.13677885834683795,0.12800643243498744,0.07790072811943621,0.05550192715120229,0.04562575535162762,0.0,0.0,0.0,0.024512310911252798,0.045260360563580244,0.0,0.0433272378021605,0.0,0.0,0.0,0.0,0.0
2022-01-19,0.0,0.0,0.11991189589329633,0.08639020442400581,0.07966558953534358,0.08266266436867427,0.07445603509759503,0.0,0.13677885834683795,0.12800643243498744,0.07790072811943621,0.05550192715120229,0.04562575535162762,0.0,0.0,0.0,0.024512310911252798,0.045260360563580244,0.0,0.0433272378021605,0.0,0.0,0.0,0.0,0.0
2022-01-20,0.0,0.0,0.11991189589329633,0.08639020442400581,0.07966558953534358,0.08266266436867427,0.07445603509759503,0.0,0.13677885834683795,0.12800643243498744,0.07790072811943621,0.05550192715120229,0.04562575535162762,0.0,0.0,0.0,0.024512310911252798,0.045260360563580244,0.0,0.0433272378021605,0.0,0.0,0.0,0.0,0.0
2022-01-21,0.0,0.0,0.11991189589329633,0.08639020442400581,0.07966558953534358,0.08266266436867427,0.07445603509759503,0.0,0.13677885834683795,0.12800643243498744,0.07790072811943621,0.05550192715120229,0.04562575535162762,0.0,0.0,0.0,0.024512310911252798,0.045260360563580244,0.0,0.0433272378021605,0.0,0.0,0.0,0.0,0.0
2022-01-24,0.0,0.0,0.11991189589329633,0.08639020442400581,0.07966558953534358,0.08266266436867427,0.07445603509759503,0.0,0.13677885834683795,0.12800643243498744,0.07790072811943621,0.05550192715120229,0.04562575535162762,0.0,0.0,0.0,0.024512310911252798,0.045260360563580244,0.0,0.0433272378021605,0.0,0.0,0.0,0.0,0.0
2022-01-25,0.0,0.0,0.11991189589329633,0.08639020442400581,0.07966558953534358,0.08266266436867427,0.07445603509759503,0.0,0.13677885834683795,0.12800643243498744,0.07790072811943621,0.05550192715120229,0.04562575535162762,0.0,0.0,0.0,0.024512310911252798,0.045260360563580244,0.0,0.0433272378021605,0.0,0.0,0.0,0.0,0.0
2022-01-26,0.0,0.0,0.11991189589329633,0.08639020442400581,0.07966558953534358,0.08266266436867427,0.07445603509759503,0.0,0.13677885834683795,0.12800643243498744,0.07790072811943621,0.0,0.0,0.0,0.0,0.0,0.024512310911252798,0.045260360563580244,0.0,0.0433272378021605,0.0,0.0,0.0,0.0,0.0
2022-01-27,0.0,0.0,0.11991189589329633,0.08639020442400581,0.07966558953534358,0.08266266436867427,0.07445603509759503,0.0,0.13677885834683795,0.12800643243498744,0.07790072811943621,0.0,0.0,0.0,0.0,0.0,0.024512310911252798,0.045260360563580244,0.0,0.0433272378021605,0.0,0.0,0.0,0.0,0.0
2022-01-28,0.0,0.0,0.11991189589329633,0.08639020442400581,0.07966558953534358,0.08266266436867427,0.07445603509759503,0.0,0.13677885834683795,0.12800643243498744,0.07790072811943621,0.0,0.0,0.0,0.0,0.0,0.024512310911252798,0.045260360563580244,0.0,0.0433272378021605,0.0,0.0,0.0,0.0,0.0
2022-01-31,0.0,0.0,0.11991189589329633,0.08639020442400581,0.07966558953534358,0.08266266436867427,0.07445603509759503,0.0,0.13677885834683795,0.12800643243498744,0.07790072811943621,0.0,0.0,0.0,0.0,0.0,0.024512310911252798,0.045260360563580244,0.0,0.0433272378021605,0.0,0.0,0.0,0.0,0.0
2022-02-01,0.05432478525727635,0.05539240597186738,0.053962299686149684,0.053196653978808996,0.06503939132780683,0.06543122178769083,0.05948292614391279,0.0,0.07392937661821197,0.13524673471189805,0.0,0.0,0.0,0.0,0.0,0.2917814487529384,0.03263234271033535,0.029543078274063318,0.0,0.03003733477904021,0.0,0.0,0.0,0.0,0.0
2022-02-02,0.05432478525727635,0.05539240597186738,0.053962299686149684,0.053196653978808996,0.06503939132780683,0.06543122178769083,0.05948292614391279,0.0,0.07392937661821197,0.13524673471189805,0.0,0.0,0.0,0.0,0.0,0.2917814487529384,0.03263234271033535,0.029543078274063318,0.0,0.03003733477904021,0.0,0.0,0.0,0.0,0.0
2022-02-03,0.05432478525727635,0.05539240597186738,0.053962299686149684,0.053196653978808996,0.06503939132780683,0.06543122178769083,0.05948292614391279,0.0,0.07392937661821197,0.13524673471189805,0.0,0.0,0.0,0.0,0.0,0.2917814487529384,0.03263234271033535,0.029543078274063318,0.0,0.03003733477904021,0.0,0.0,0.0,0.0,0.0
2022-02-04,0.05432478525727635,0.05539240597186738,0.053962299686149684,0.053196653978808996,0.06503939132780683,0.06543122178769083,0.05948292614391279,0.0,0.07392937661821197,0.13524673471189805,0.0,0.0,0.0,0.0,0.0,0.2917814487529384,0.03263234271033535,0.029543078274063318,0.0,0.03003733477904021,0.0,0.0,0.0,0.0,0.0
2022-02-07,0.05432478525727635,0.05539240597186738,0.053962299686149684,0.053196653978808996,0.06503939132780683,0.06543122178769083,0.05948292614391279,0.0,0.07392937661821197,0.13524673471189805,0.0,0.0,0.0,0.0,0.0,0.2917814487529384,0.03263234271033535,0.029543078274063318,0.0,0.03003733477904021,0.0,0.0,0.0,0.0,0.0
2022-02-08,0.05432478525727635,0.05539240597186738,0.053962299686149684,0.053196653978808996,0.06503939132780683,0.06543122178769083,0.05948292614391279,0.0,0.07392937661821197,0.13524673471189805,0.0,0.0,0.0,0.0,0.0,0.2917814487529384,0.03263234271033535,0.029543078274063318,0.0,0.03003733477904021,0.0,0.0,0.0,0.0,0.0
2022-02-09,0.05432478525727635,0.05539240597186738,0.053962299686149684,0.053196653978808996,0.06503939132780683,0.06543122178769083,0.05948292614391279,0.0,0.07392937661821197,0.13524673471189805,0.0,0.0,0.0,0.0,0.0,0.2917814487529384,0.03263234271033535,0.029543078274063318,0.0,0.03003733477904021,0.0,0.0,0.0,0.0,0.0
2022-02-10,0.05432478525727635,0.05539240597186738,0.053962299686149684,0.053196653978808996,0.06503939132780683,0.06543122178769083,0.05948292614391279,0.0,0.07392937661821197,0.13524673471189805,0.0,0.0,0.0,0.0,0.0,0.2917814487529384,0.03263234271033535,0.029543078274063318,0.0,0.03003733477904021,0.0,0.0,0.0,0.0,0.0
2022-02-11,0.05432478525727635,0.05539240597186738,0.053962299686149684,0.053196653978808996,0.06503939132780683,0.06543122178769083,0.05948292614391279,0.0,0.07392937661821197,0.13524673471189805,0.0,0.0,0.0,0.0,0.0,0.2917814487529384,0.03263234271033535,0.029543078274063318,0.0,0.03003733477904021,0.0,0.0,0.0,0.0,0.0
2022-02-14,0.05432478525727635,0.05539240597186738,0.053962299686149684,0.053196653978808996,0.06503939132780683,0.06543122178769083,0.05948292614391279,0.0,0.07392937661821197,0.13524673471189805,0.0,0.0,0.0,0.0,0.0,0.2917814487529384,0.03263234271033535,0.029543078274063318,0.0,0.03003733477904021,0.0,0.0,0.0,0.0,0.0
2022-02-15,0.05432478525727635,0.05539240597186738,0.053962299686149684,0.053196653978808996,0.06503939132780683,0.06543122178769083,0.05948292614391279,0.0,0.07392937661821197,0.13524673471189805,0.0,0.0,0.0,0.0,0.0,0.2917814487529384,0.03263234271033535,0.029543078274063318,0.0,0.03003733477904021,0.0,0.0,0.0,0.0,0.0
2022-02-16,0.05432478525727635,0.05539240597186738,0.053962299686149684,0.053196653978808996,0.06503939132780683,0.06543122178769083,0.05948292614391279,0.0,0.07392937661821197,0.13524673471189805,0.0,0.0,0.0,0.0,0.0,0.2917814487529384,0.03263234271033535,0.029543078274063318,0.0,0.03003733477904021,0.0,0.0,0.0,0.0,0.0
2022-02-17,0.05432478525727635,0.05539240597186738,0.053962299686149684,0.053196653978808996,0.06503939132780683,0.06543122178769083,0.05948292614391279,0.0,0.07392937661821197,0.13524673471189805,0.0,0.0,0.0,0.0,0.0,0.2917814487529384,0.03263234271033535,0.029543078274063318,0.0,0.03003733477904021,0.0,0.0,0.0,0.0,0.0
2022-02-18,0.05432478525727635,0.05539240597186738,0.053962299686149684,0.053196653978808996,0.06503939132780683,0.06543122178769083,0.05948292614391279,0.0,0.07392937661821197,0.13524673471189805,0.0,0.0,0.0,0.0,0.0,0.2917814487529384,0.03263234271033535,0.029543078274063318,0.0,0.03003733477904021,0.0,0.0,0.0,0.0,0.0
2022-02-21,0.05432478525727635,0.05539240597186738,0.053962299686149684,0.053196653978808996,0.06503939132780683,0.06543122178769083,0.05948292614391279,0.0,0.07392937661821197,0.13524673471189805,0.0,0.0,0.0,0.0,0.0,0.2917814487529384,0.03263234271033535,0.029543078274063318,0.0,0.03003733477904021,0.0,0.0,0.0,0.0,0.0
2022-02-22,0.05432478525727635,0.05539240597186738,0.053962299686149684,0.053196653978808996,0.06503939132780683,0.06543122178769083,0.05948292614391279,0.0,0.07392937661821197,0.13524673471189805,0.0,0.0,0.0,0.0,0.0,0.2917814487529384,0.03263234271033535,0.029543078274063318,0.0,0.03003733477904021,0.0,0.0,0.0,0.0,0.0
2022-02-23,0.05432478525727635,0.05539240597186738,0.053962299686149684,0.053196653978808996,0.06503939132780683,0.06543122178769083,0.05948292614391279,0.0,0.07392937661821197,0.13524673471189805,0.0,0.0,0.0,0.0,0.0,0.2917814487529384,0.03263234271033535,0.029543078274063318,0.0,0.03003733477904021,0.0,0.0,0.0,0.0,0.0
2022-02-24,0.05432478525727635,0.05539240597186738,0.053962299686149684,0.053196653978808996,0.06503939132780683,0.06543122178769083,0.05948292614391279,0.0,0.07392937661821197,0.13524673471189805,0.0,0.0,0.0,0.0,0.0,0.2917814487529384,0.03263234271033535,0.029543078274063318,0.0,0.03003733477904021,0.0,0.0,0.0,0.0,0.0
2022-02-25,0.05432478525727635,0.05539240597186738,0.053962299686149684,0.053196653978808996,0.06503939132780683,0.06543122178769083,0.05948292614391279,0.0,0.07392937661821197,0.13524673471189805,0.0,0.0,0.0,0.0,0.0,0.2917814487529384,0.03263234271033535,0.029543078274063318,0.0,0.03003733477904021,0.0,0.0,0.0,0.0,0.0
2022-02-28,0.05432478525727635,0.05539240597186738,0.053962299686149684,0.053196653978808996,0.06503939132780683,0.06543122178769083,0.05948292614391279,0.0,0.07392937661821197,0.13524673471189805,0.0,0.0,0.0,0.0,0.0,0.2917814487529384,0.03263234271033535,0.029543078274063318,0.0,0.03003733477904021,0.0,0.0,0.0,0.0,0.0
2022-03-01,0.09012313869502546,0.09381438606586,0.07279355564953309,0.06082514103644407,0.08432941772591447,0.08201421555823346,0.0,0.09045023581304618,0.11131529071656196,0.14166946919570536,0.0,0.0,0.0,0.0,0.0,0.06533728635200575,0.03562767826279907,0.03569818421585006,0.0,0.03600200071302107,0.0,0.0,0.0,0.0,0.0
2022-03-02,0.09012313869502546,0.09381438606586,0.07279355564953309,0.06082514103644407,0.08432941772591447,0.08201421555823346,0.0,0.09045023581304618,0.11131529071656196,0.14166946919570536,0.0,0.0,0.0,0.0,0.0,0.06533728635200575,0.03562767826279907,0.03569818421585006,0.0,0.03600200071302107,0.0,0.0,0.0,0.0,0.0
2022-03-03,0.09012313869502546,0.09381438606586,0.07279355564953309,0.06082514103644407,0.08432941772591447,0.08201421555823346,0.0,0.09045023581304618,0.11131529071656196,0.14166946919570536,0.0,0.0,0.0,0.0,0.0,0.06533728635200575,0.03562767826279907,0.03569818421585006,0.0,0.03600200071302107,0.0,0.0,0.0,0.0,0.0
2022-03-04,0.09012313869502546,0.09381438606586,0.07279355564953309,0.06082514103644407,0.08432941772591447,0.08201421555823346,0.0,0.09045023581304618,0.11131529071656196,0.14166946919570536,0.0,0.0,0.0,0.0,0.0,0.06533728635200575,0.03562767826279907,0.03569818421585006,0.0,0.03600200071302107,0.0,0.0,0.0,0.0,0.0
2022-03-07,0.09012313869502546,0.09381438606586,0.07279355564953309,0.06082514103644407,0.08432941772591447,0.08201421555823346,0.0,0.09045023581304618,0.11131529071656196,0.14166946919570536,0.0,0.0,0.0,0.0,0.0,0.06533728635200575,0.03562767826279907,0.03569818421585006,0.0,0.03600200071302107,0.0,0.0,0.0,0.0,0.0
2022-03-08,0.09012313869502546,0.09381438606586,0.07279355564953309,0.06082514103644407,0.08432941772591447,0.08201421555823346,0.0,0.09045023581304618,0.11131529071656196,0.14166946919570536,0.0,0.0,0.0,0.0,0.0,0.06533728635200575,0.03562767826279907,0.03569818421585006,0.0,0.03600200071302107,0.0,0.0,0.0,0.0,0.0
2022-03-09,0.09012313869502546,0.09381438606586,0.07279355564953309,0.06082514103644407,0.08432941772591447,0.08201421555823346,0.0,0.09045023581304618,0.11131529071656196,0.14166946919570536,0.0,0.0,0.0,0.0,0.0,0.06533728635200575,0.03562767826279907,0.03569818421585006,0.0,0.03600200071302107,0.0,0.0,0.0,0.0,0.0
2022-03-10,0.09012313869502546,0.09381438606586,0.07279355564953309,0.06082514103644407,0.08432941772591447,0.08201421555823346,0.0,0.09045023581304618,0.11131529071656196,0.14166946919570536,0.0,0.0,0.0,0.0,0.0,0.06533728635200575,0.03562767826279907,0.03569818421585006,0.0,0.03600200071302107,0.0,0.0,0.0,0.0,0.0
2022-03-11,0.09012313869502546,0.09381438606586,0.07279355564953309,0.06082514103644407,0.08432941772591447,0.08201421555823346,0.0,0.09045023581304618,0.11131529071656196,0.14166946919570536,0.0,0.0,0.0,0.0,0.0,0.06533728635200575,0.03562767826279907,0.03569818421585006,0.0,0.03600200071302107,0.0,0.0,0.0,0.0,0.0
2022-03-14,0.09012313869502546,0.09381438606586,0.07279355564953309,0.06082514103644407,0.08432941772591447,0.08201421555823346,0.0,0.09045023581304618,0.11131529071656196,0.14166946919570536,0.0,0.0,0.0,0.0,0.0,0.06533728635200575,0.03562767826279907,0.03569818421585006,0.0,0.03600200071302107,0.0,0.0,0.0,0.0,0.0
2022-03-15,0.09012313869502546,0.09381438606586,0.07279355564953309,0.06082514103644407,0.08432941772591447,0.08201421555823346,0.0,0.09045023581304618,0.11131529071656196,0.14166946919570536,0.0,0.0,0.0,0.0,0.0,0.06533728635200575,0.03562767826279907,0.03569818421585006,0.0,0.03600200071302107,0.0,0.0,0.0,0.0,0.0
2022-03-16,0.09012313869502546,0.09381438606586,0.07279355564953309,0.06082514103644407,0.08432941772591447,0.08201421555823346,0.0,0.09045023581304618,0.11131529071656196,0.14166946919570536,0.0,0.0,0.0,0.0,0.0,0.06533728635200575,0.03562767826279907,0.03569818421585006,0.0,0.03600200071302107,0.0,0.0,0.0,0.0,0.0
2022-03-17,0.09012313869502546,0.09381438606586,0.07279355564953309,0.06082514103644407,0.08432941772591447,0.08201421555823346,0.0,0.09045023581304618,0.11131529071656196,0.14166946919570536,0.0,0.0,0.0,0.0,0.0,0.06533728635200575,0.03562767826279907,0.03569818421585006,0.0,0.03600200071302107,0.0,0.0,0.0,0.0,0.0
2022-03-18,0.09012313869502546,0.09381438606586,0.07279355564953309,0.06082514103644407,0.08432941772591447,0.08201421555823346,0.0,0.09045023581304618,0.11131529071656196,0.14166946919570536,0.0,0.0,0.0,0.0,0.0,0.06533728635200575,0.03562767826279907,0.03569818421585006,0.0,0.03600200071302107,0.0,0.0,0.0,0.0,0.0
2022-03-21,0.09012313869502546,0.09381438606586,0.07279355564953309,0.06082514103644407,0.08432941772591447,0.08201421555823346,0.0,0.09045023581304618,0.11131529071656196,0.14166946919570536,0.0,0.0,0.0,0.0,0.0,0.06533728635200575,0.03562767826279907,0.03569818421585006,0.0,0.03600200071302107,0.0,0.0,0.0,0.0,0.0
2022-03-22,0.09012313869502546,0.09381438606586,0.07279355564953309,0.06082514103644407,0.08432941772591447,0.08201421555823346,0.0,0.09045023581304618,0.11131529071656196,0.14166946919570536,0.0,0.0,0.0,0.0,0.0,0.06533728635200575,0.03562767826279907,0.03569818421585006,0.0,0.03600200071302107,0.0,0.0,0.0,0.0,0.0
2022-03-23,0.09012313869502546,0.09381438606586,0.07279355564953309,0.06082514103644407,0.08432941772591447,0.08201421555823346,0.0,0.09045023581304618,0.11131529071656196,0.14166946919570536,0.0,0.0,0.0,0.0,0.0,0.06533728635200575,0.03562767826279907,0.03569818421585006,0.0,0.03600200071302107,0.0,0.0,0.0,0.0,0.0
2022-03-24,0.09012313869502546,0.09381438606586,0.07279355564953309,0.06082514103644407,0.08432941772591447,0.08201421555823346,0.0,0.09045023581304618,0.11131529071656196,0.14166946919570536,0.0,0.0,0.0,0.0,0.0,0.06533728635200575,0.03562767826279907,0.03569818421585006,0.0,0.03600200071302107,0.0,0.0,0.0,0.0,0.0
2022-03-25,0.09012313869502546,0.09381438606586,0.07279355564953309,0.06082514103644407,0.08432941772591447,0.08201421555823346,0.0,0.09045023581304618,0.11131529071656196,0.14166946919570536,0.0,0.0,0.0,0.0,0.0,0.06533728635200575,0.03562767826279907,0.03569818421585006,0.0,0.03600200071302107,0.0,0.0,0.0,0.0,0.0
2022-03-28,0.09012313869502546,0.09381438606586,0.07279355564953309,0.06082514103644407,0.08432941772591447,0.08201421555823346,0.0,0.09045023581304618,0.11131529071656196,0.14166946919570536,0.0,0.0,0.0,0.0,0.0,0.06533728635200575,0.03562767826279907,0.03569818421585006,0.0,0.03600200071302107,0.0,0.0,0.0,0.0,0.0
2022-03-29,0.09012313869502546,0.09381438606586,0.07279355564953309,0.06082514103644407,0.08432941772591447,0.08201421555823346,0.0,0.09045023581304618,0.11131529071656196,0.14166946919570536,0.0,0.0,0.0,0.0,0.0,0.06533728635200575,0.03562767826279907,0.03569818421585006,0.0,0.03600200071302107,0.0,0.0,0.0,0.0,0.0
2022-03-30,0.09012313869502546,0.09381438606586,0.07279355564953309,0.06082514103644407,0.08432941772591447,0.08201421555823346,0.0,0.09045023581304618,0.11131529071656196,0.14166946919570536,0.0,0.0,0.0,0.0,0.0,0.06533728635200575,0.03562767826279907,0.03569818421585006,0.0,0.03600200071302107,0.0,0.0,0.0,0.0,0.0
2022-03-31,0.09012313869502546,0.09381438606586,0.07279355564953309,0.06082514103644407,0.08432941772591447,0.08201421555823346,0.0,0.09045023581304618,0.11131529071656196,0.14166946919570536,0.0,0.0,0.0,0.0,0.0,0.06533728635200575,0.03562767826279907,0.03569818421585006,0.0,0.03600200071302107,0.0,0.0,0.0,0.0,0.0
2022-04-01,0.0,0.06757681919109142,0.07235169489666471,0.07220643819555209,0.08735598662815608,0.0,0.0,0.19370385280908892,0.10281679550385654,0.13510965403878514,0.06506510508899692,0.0,0.0,0.0,0.0,0.0610450814286562,0.01932900356683157,0.036591974101466036,0.0,0.036575584406078936,0.0,0.0,0.0,0.0,0.0
2022-04-04,0.0,0.06757681919109142,0.07235169489666471,0.07220643819555209,0.08735598662815608,0.0,0.0,0.19370385280908892,0.10281679550385654,0.13510965403878514,0.06506510508899692,0.0,0.0,0.0,0.0,0.0610450814286562,0.01932900356683157,0.036591974101466036,0.0,0.036575584406078936,0.0,0.0,0.0,0.0,0.0
2022-04-05,0.0,0.06757681919109142,0.07235169489666471,0.07220643819555209,0.08735598662815608,0.0,0.0,0.19370385280908892,0.10281679550385654,0.13510965403878514,0.06506510508899692,0.0,0.0,0.0,0.0,0.0610450814286562,0.01932900356683157,0.036591974101466036,0.0,0.036575584406078936,0.0,0.0,0.0,0.0,0.0
2022-04-06,0.0,0.06757681919109142,0.07235169489666471,0.07220643819555209,0.08735598662815608,0.0,0.0,0.19370385280908892,0.10281679550385654,0.13510965403878514,0.06506510508899692,0.0,0.0,0.0,0.0,0.0610450814286562,0.01932900356683157,0.036591974101466036,0.0,0.036575584406078936,0.0,0.0,0.0,0.0,0.0
2022-04-07,0.0,0.06757681919109142,0.07235169489666471,0.07220643819555209,0.08735598662815608,0.0,0.0,0.19370385280908892,0.10281679550385654,0.13510965403878514,0.06506510508899692,0.0,0.0,0.0,0.0,0.0610450814286562,0.01932900356683157,0.036591974101466036,0.0,0.036575584406078936,0.0,0.0,0.0,0.0,0.0
2022-04-08,0.0,0.06757681919109142,0.07235169489666471,0.07220643819555209,0.08735598662815608,0.0,0.0,0.19370385280908892,0.10281679550385654,0.13510965403878514,0.06506510508899692,0.0,0.0,0.0,0.0,0.0610450814286562,0.01932900356683157,0.036591974101466036,0.0,0.036575584406078936,0.0,0.0,0.0,0.0,0.0
2022-04-11,0.0,0.06757681919109142,0.07235169489666471,0.07220643819555209,0.08735598662815608,0.0,0.0,0.19370385280908892,0.10281679550385654,0.13510965403878514,0.06506510508899692,0.0,0.0,0.0,0.0,0.0610450814286562,0.01932900356683157,0.036591974101466036,0.0,0.036575584406078936,0.0,0.0,0.0,0.0,0.0
2022-04-12,0.0,0.06757681919109142,0.07235169489666471,0.07220643819555209,0.08735598662815608,0.0,0.0,0.19370385280908892,0.10281679550385654,0.13510965403878514,0.06506510508899692,0.0,0.0,0.0,0.0,0.0610450814286562,0.01932900356683157,0.036591974101466036,0.0,0.036575584406078936,0.0,0.0,0.0,0.0,0.0
2022-04-13,0.0,0.06757681919109142,0.07235169489666471,0.07220643819555209,0.08735598662815608,0.0,0.0,0.19370385280908892,0.10281679550385654,0.13510965403878514,0.06506510508899692,0.0,0.0,0.0,0.0,0.0610450814286562,0.01932900356683157,0.036591974101466036,0.0,0.036575584406078936,0.0,0.0,0.0,0.0,0.0
2022-04-14,0.0,0.06757681919109142,0.07235169489666471,0.07220643819555209,0.08735598662815608,0.0,0.0,0.19370385280908892,0.10281679550385654,0.13510965403878514,0.06506510508899692,0.0,0.0,0.0,0.0,0.0610450814286562,0.01932900356683157,0.036591974101466036,0.0,0.036575584406078936,0.0,0.0,0.0,0.0,0.0
2022-04-15,0.0,0.06757681919109142,0.07235169489666471,0.07220643819555209,0.08735598662815608,0.0,0.0,0.19370385280908892,0.10281679550385654,0.13510965403878514,0.06506510508899692,0.0,0.0,0.0,0.0,0.0610450814286562,0.01932900356683157,0.036591974101466036,0.0,0.036575584406078936,0.0,0.0,0.0,0.0,0.0
2022-04-18,0.0,0.06757681919109142,0.07235169489666471,0.07220643819555209,0.08735598662815608,0.0,0.0,0.19370385280908892,0.10281679550385654,0.13510965403878514,0.06506510508899692,0.0,0.0,0.0,0.0,0.0610450814286562,0.01932900356683157,0.036591974101466036,0.0,0.036575584406078936,0.0,0.0,0.0,0.0,0.0
2022-04-19,0.0,0.06757681919109142,0.07235169489666471,0.07220643819555209,0.08735598662815608,0.0,0.0,0.19370385280908892,0.10281679550385654,0.13510965403878514,0.06506510508899692,0.0,0.0,0.0,0.0,0.0610450814286562,0.01932900356683157,0.036591974101466036,0.0,0.036575584406078936,0.0,0.0,0.0,0.0,0.0
2022-04-20,0.0,0.06757681919109142,0.07235169489666471,0.07220643819555209,0.08735598662815608,0.0,0.0,0.19370385280908892,0.10281679550385654,0.13510965403878514,0.06506510508899692,0.0,0.0,0.0,0.0,0.0610450814286562,0.01932900356683157,0.036591974101466036,0.0,0.036575584406078936,0.0,0.0,0.0,0.0,0.0
2022-04-21,0.0,0.06757681919109142,0.07235169489666471,0.07220643819555209,0.08735598662815608,0.0,0.0,0.19370385280908892,0.10281679550385654,0.13510965403878514,0.06506510508899692,0.0,0.0,0.0,0.0,0.0610450814286562,0.01932900356683157,0.036591974101466036,0.0,0.036575584406078936,0.0,0.0,0.0,0.0,0.0
2022-04-22,0.0,0.06757681919109142,0.07235169489666471,0.07220643819555209,0.08735598662815608,0.0,0.0,0.19370385280908892,0.10281679550385654,0.13510965403878514,0.06506510508899692,0.0,0.0,0.0,0.0,0.0610450814286562,0.01932900356683157,0.036591974101466036,0.0,0.036575584406078936,0.0,0.0,0.0,0.0,0.0
2022-04-25,0.0,0.06757681919109142,0.07235169489666471,0.07220643819555209,0.08735598662815608,0.0,0.0,0.19370385280908892,0.10281679550385654,0.13510965403878514,0.06506510508899692,0.0,0.0,0.0,0.0,0.0610450814286562,0.01932900356683157,0.036591974101466036,0.0,0.036575584406078936,0.0,0.0,0.0,0.0,0.0
2022-04-26,0.0,0.06757681919109142,0.07235169489666471,0.07220643819555209,0.08735598662815608,0.0,0.0,0.19370385280908892,0.10281679550385654,0.13510965403878514,0.06506510508899692,0.0,0.0,0.0,0.0,0.0610450814286562,0.01932900356683157,0.0,0.0,0.0,0.0,0.0,0.0,0.0,0.0
2022-04-27,0.0,0.06757681919109142,0.07235169489666471,0.07220643819555209,0.08735598662815608,0.0,0.0,0.19370385280908892,0.10281679550385654,0.13510965403878514,0.06506510508899692,0.0,0.0,0.0,0.0,0.0610450814286562,0.01932900356683157,0.0,0.0,0.0,0.0,0.0,0.0,0.0,0.0
2022-04-28,0.0,0.06757681919109142,0.07235169489666471,0.07220643819555209,0.08735598662815608,0.0,0.0,0.19370385280908892,0.10281679550385654,0.13510965403878514,0.06506510508899692,0.0,0.0,0.0,0.0,0.0610450814286562,0.01932900356683157,0.0,0.0,0.0,0.0,0.0,0.0,0.0,0.0
2022-04-29,0.0,0.06757681919109142,0.07235169489666471,0.07220643819555209,0.08735598662815608,0.0,0.0,0.19370385280908892,0.10281679550385654,0.13510965403878514,0.06506510508899692,0.0,0.0,0.0,0.0,0.0610450814286562,0.01932900356683157,0.0,0.0,0.0,0.0,0.0,0.0,0.0,0.0
2022-05-02,0.08341141129990957,0.07899675294830412,0.07412545461854388,0.07151572321761458,0.09002407327945816,0.0,0.0,0.08806756872983428,0.11457360378988435,0.13638738334231493,0.05906587555801263,0.0,0.0,0.0,0.0,0.09008792236585575,0.03703136734077494,0.0,0.0,0.0,0.0,0.0,0.0,0.0,0.0
2022-05-03,0.08341141129990957,0.07899675294830412,0.07412545461854388,0.07151572321761458,0.09002407327945816,0.0,0.0,0.08806756872983428,0.11457360378988435,0.13638738334231493,0.05906587555801263,0.0,0.0,0.0,0.0,0.09008792236585575,0.03703136734077494,0.0,0.0,0.0,0.0,0.0,0.0,0.0,0.0
2022-05-04,0.08341141129990957,0.07899675294830412,0.07412545461854388,0.07151572321761458,0.09002407327945816,0.0,0.0,0.08806756872983428,0.11457360378988435,0.13638738334231493,0.05906587555801263,0.0,0.0,0.0,0.0,0.09008792236585575,0.03703136734077494,0.0,0.0,0.0,0.0,0.0,0.0,0.0,0.0
2022-05-05,0.08341141129990957,0.07899675294830412,0.07412545461854388,0.07151572321761458,0.09002407327945816,0.0,0.0,0.08806756872983428,0.11457360378988435,0.13638738334231493,0.05906587555801263,0.0,0.0,0.0,0.0,0.09008792236585575,0.03703136734077494,0.0,0.0,0.0,0.0,0.0,0.0,0.0,0.0
2022-05-06,0.08341141129990957,0.07899675294830412,0.07412545461854388,0.07151572321761458,0.09002407327945816,0.0,0.0,0.08806756872983428,0.11457360378988435,0.13638738334231493,0.05906587555801263,0.0,0.0,0.0,0.0,0.09008792236585575,0.03703136734077494,0.0,0.0,0.0,0.0,0.0,0.0,0.0,0.0
2022-05-09,0.08341141129990957,0.07899675294830412,0.07412545461854388,0.07151572321761458,0.09002407327945816,0.0,0.0,0.08806756872983428,0.11457360378988435,0.13638738334231493,0.05906587555801263,0.0,0.0,0.0,0.0,0.09008792236585575,0.03703136734077494,0.0,0.0,0.0,0.0,0.0,0.0,0.0,0.0
2022-05-10,0.08341141129990957,0.07899675294830412,0.07412545461854388,0.07151572321761458,0.09002407327945816,0.0,0.0,0.08806756872983428,0.11457360378988435,0.13638738334231493,0.05906587555801263,0.0,0.0,0.0,0.0,0.09008792236585575,0.03703136734077494,0.0,0.0,0.0,0.0,0.0,0.0,0.0,0.0
2022-05-11,0.08341141129990957,0.07899675294830412,0.07412545461854388,0.07151572321761458,0.09002407327945816,0.0,0.0,0.08806756872983428,0.11457360378988435,0.13638738334231493,0.05906587555801263,0.0,0.0,0.0,0.0,0.09008792236585575,0.03703136734077494,0.0,0.0,0.0,0.0,0.0,0.0,0.0,0.0
2022-05-12,0.08341141129990957,0.07899675294830412,0.07412545461854388,0.07151572321761458,0.09002407327945816,0.0,0.0,0.08806756872983428,0.11457360378988435,0.13638738334231493,0.05906587555801263,0.0,0.0,0.0,0.0,0.09008792236585575,0.03703136734077494,0.0,0.0,0.0,0.0,0.0,0.0,0.0,0.0
2022-05-13,0.08341141129990957,0.07899675294830412,0.07412545461854388,0.07151572321761458,0.09002407327945816,0.0,0.0,0.08806756872983428,0.11457360378988435,0.13638738334231493,0.05906587555801263,0.0,0.0,0.0,0.0,0.09008792236585575,0.03703136734077494,0.0,0.0,0.0,0.0,0.0,0.0,0.0,0.0
2022-05-16,0.08341141129990957,0.07899675294830412,0.07412545461854388,0.07151572321761458,0.09002407327945816,0.0,0.0,0.08806756872983428,0.11457360378988435,0.13638738334231493,0.05906587555801263,0.0,0.0,0.0,0.0,0.09008792236585575,0.03703136734077494,0.0,0.0,0.0,0.0,0.0,0.0,0.0,0.0
2022-05-17,0.08341141129990957,0.07899675294830412,0.07412545461854388,0.07151572321761458,0.09002407327945816,0.0,0.0,0.08806756872983428,0.11457360378988435,0.13638738334231493,0.05906587555801263,0.0,0.0,0.0,0.0,0.09008792236585575,0.03703136734077494,0.0,0.0,0.0,0.0,0.0,0.0,0.0,0.0
2022-05-18,0.08341141129990957,0.07899675294830412,0.07412545461854388,0.07151572321761458,0.09002407327945816,0.0,0.0,0.08806756872983428,0.11457360378988435,0.13638738334231493,0.05906587555801263,0.0,0.0,0.0,0.0,0.09008792236585575,0.03703136734077494,0.0,0.0,0.0,0.0,0.0,0.0,0.0,0.0
2022-05-19,0.08341141129990957,0.07899675294830412,0.07412545461854388,0.07151572321761458,0.09002407327945816,0.0,0.0,0.08806756872983428,0.11457360378988435,0.13638738334231493,0.05906587555801263,0.0,0.0,0.0,0.0,0.09008792236585575,0.03703136734077494,0.0,0.0,0.0,0.0,0.0,0.0,0.0,0.0
2022-05-20,0.08341141129990957,0.07899675294830412,0.07412545461854388,0.07151572321761458,0.09002407327945816,0.0,0.0,0.08806756872983428,0.11457360378988435,0.13638738334231493,0.05906587555801263,0.0,0.0,0.0,0.0,0.09008792236585575,0.03703136734077494,0.0,0.0,0.0,0.0,0.0,0.0,0.0,0.0
2022-05-23,0.08341141129990957,0.07899675294830412,0.07412545461854388,0.07151572321761458,0.09002407327945816,0.0,0.0,0.08806756872983428,0.11457360378988435,0.13638738334231493,0.05906587555801263,0.0,0.0,0.0,0.0,0.09008792236585575,0.03703136734077494,0.0,0.0,0.0,0.0,0.0,0.0,0.0,0.0
2022-05-24,0.08341141129990957,0.07899675294830412,0.07412545461854388,0.07151572321761458,0.09002407327945816,0.0,0.0,0.08806756872983428,0.11457360378988435,0.13638738334231493,0.05906587555801263,0.0,0.0,0.0,0.0,0.09008792236585575,0.03703136734077494,0.0,0.0,0.0,0.0,0.0,0.0,0.0,0.0
2022-05-25,0.08341141129990957,0.07899675294830412,0.07412545461854388,0.07151572321761458,0.09002407327945816,0.0,0.0,0.08806756872983428,0.11457360378988435,0.13638738334231493,0.05906587555801263,0.0,0.0,0.0,0.0,0.09008792236585575,0.03703136734077494,0.0,0.0,0.0,0.0,0.0,0.0,0.0,0.0
2022-05-26,0.08341141129990957,0.07899675294830412,0.07412545461854388,0.07151572321761458,0.09002407327945816,0.0,0.0,0.08806756872983428,0.11457360378988435,0.13638738334231493,0.05906587555801263,0.0,0.0,0.0,0.0,0.09008792236585575,0.03703136734077494,0.0,0.0,0.0,0.0,0.0,0.0,0.0,0.0
2022-05-27,0.08341141129990957,0.07899675294830412,0.07412545461854388,0.07151572321761458,0.09002407327945816,0.0,0.0,0.08806756872983428,0.11457360378988435,0.13638738334231493,0.05906587555801263,0.0,0.0,0.0,0.0,0.09008792236585575,0.03703136734077494,0.0,0.0,0.0,0.0,0.0,0.0,0.0,0.0
2022-05-30,0.08341141129990957,0.07899675294830412,0.07412545461854388,0.07151572321761458,0.09002407327945816,0.0,0.0,0.08806756872983428,0.11457360378988435,0.13638738334231493,0.05906587555801263,0.0,0.0,0.0,0.0,0.09008792236585575,0.03703136734077494,0.0,0.0,0.0,0.0,0.0,0.0,0.0,0.0
2022-05-31,0.08341141129990957,0.07899675294830412,0.07412545461854388,0.07151572321761458,0.09002407327945816,0.0,0.0,0.08806756872983428,0.11457360378988435,0.13638738334231493,0.05906587555801263,0.0,0.0,0.0,0.0,0.09008792236585575,0.03703136734077494,0.0,0.0,0.0,0.0,0.0,0.0,0.0,0.0
2022-06-01,0.033444518720259594,0.03374092826207268,0.036763572646333946,0.042429181223294275,0.039035543502480244,0.02944788961549387,0.0,0.07751825388103413,0.054534318626771265,0.08850527367021607,0.0,0.0,0.0,0.0,0.0,0.08388286568908555,0.03354216828351507,0.0,0.037049044144995054,0.0,0.0,0.0,0.4101064417344483,0.0,0.0
2022-06-02,0.033444518720259594,0.03374092826207268,0.036763572646333946,0.042429181223294275,0.039035543502480244,0.02944788961549387,0.0,0.07751825388103413,0.054534318626771265,0.08850527367021607,0.0,0.0,0.0,0.0,0.0,0.08388286568908555,0.03354216828351507,0.0,0.037049044144995054,0.0,0.0,0.0,0.4101064417344483,0.0,0.0
2022-06-03,0.033444518720259594,0.03374092826207268,0.036763572646333946,0.042429181223294275,0.039035543502480244,0.02944788961549387,0.0,0.07751825388103413,0.054534318626771265,0.08850527367021607,0.0,0.0,0.0,0.0,0.0,0.08388286568908555,0.03354216828351507,0.0,0.037049044144995054,0.0,0.0,0.0,0.4101064417344483,0.0,0.0
2022-06-06,0.033444518720259594,0.03374092826207268,0.036763572646333946,0.042429181223294275,0.039035543502480244,0.02944788961549387,0.0,0.07751825388103413,0.054534318626771265,0.08850527367021607,0.0,0.0,0.0,0.0,0.0,0.08388286568908555,0.03354216828351507,0.0,0.037049044144995054,0.0,0.0,0.0,0.4101064417344483,0.0,0.0
2022-06-07,0.033444518720259594,0.03374092826207268,0.036763572646333946,0.042429181223294275,0.039035543502480244,0.02944788961549387,0.0,0.07751825388103413,0.054534318626771265,0.08850527367021607,0.0,0.0,0.0,0.0,0.0,0.08388286568908555,0.03354216828351507,0.0,0.037049044144995054,0.0,0.0,0.0,0.4101064417344483,0.0,0.0
2022-06-08,0.033444518720259594,0.03374092826207268,0.036763572646333946,0.042429181223294275,0.039035543502480244,0.02944788961549387,0.0,0.07751825388103413,0.054534318626771265,0.08850527367021607,0.0,0.0,0.0,0.0,0.0,0.08388286568908555,0.03354216828351507,0.0,0.037049044144995054,0.0,0.0,0.0,0.4101064417344483,0.0,0.0
2022-06-09,0.033444518720259594,0.03374092826207268,0.036763572646333946,0.042429181223294275,0.039035543502480244,0.02944788961549387,0.0,0.07751825388103413,0.054534318626771265,0.08850527367021607,0.0,0.0,0.0,0.0,0.0,0.08388286568908555,0.03354216828351507,0.0,0.037049044144995054,0.0,0.0,0.0,0.4101064417344483,0.0,0.0
2022-06-10,0.033444518720259594,0.03374092826207268,0.036763572646333946,0.042429181223294275,0.039035543502480244,0.02944788961549387,0.0,0.07751825388103413,0.054534318626771265,0.08850527367021607,0.0,0.0,0.0,0.0,0.0,0.08388286568908555,0.03354216828351507,0.0,0.037049044144995054,0.0,0.0,0.0,0.4101064417344483,0.0,0.0
2022-06-13,0.033444518720259594,0.03374092826207268,0.036763572646333946,0.042429181223294275,0.039035543502480244,0.02944788961549387,0.0,0.07751825388103413,0.054534318626771265,0.08850527367021607,0.0,0.0,0.0,0.0,0.0,0.08388286568908555,0.03354216828351507,0.0,0.037049044144995054,0.0,0.0,0.0,0.4101064417344483,0.0,0.0
2022-06-14,0.033444518720259594,0.03374092826207268,0.036763572646333946,0.042429181223294275,0.039035543502480244,0.02944788961549387,0.0,0.07751825388103413,0.054534318626771265,0.08850527367021607,0.0,0.0,0.0,0.0,0.0,0.08388286568908555,0.03354216828351507,0.0,0.037049044144995054,0.0,0.0,0.0,0.4101064417344483,0.0,0.0
2022-06-15,0.033444518720259594,0.03374092826207268,0.036763572646333946,0.042429181223294275,0.039035543502480244,0.02944788961549387,0.0,0.07751825388103413,0.054534318626771265,0.08850527367021607,0.0,0.0,0.0,0.0,0.0,0.08388286568908555,0.03354216828351507,0.0,0.037049044144995054,0.0,0.0,0.0,0.4101064417344483,0.0,0.0
2022-06-16,0.033444518720259594,0.03374092826207268,0.036763572646333946,0.042429181223294275,0.039035543502480244,0.02944788961549387,0.0,0.07751825388103413,0.054534318626771265,0.08850527367021607,0.0,0.0,0.0,0.0,0.0,0.08388286568908555,0.03354216828351507,0.0,0.037049044144995054,0.0,0.0,0.0,0.4101064417344483,0.0,0.0
2022-06-17,0.033444518720259594,0.03374092826207268,0.036763572646333946,0.042429181223294275,0.039035543502480244,0.02944788961549387,0.0,0.07751825388103413,0.054534318626771265,0.08850527367021607,0.0,0.0,0.0,0.0,0.0,0.08388286568908555,0.03354216828351507,0.0,0.037049044144995054,0.0,0.0,0.0,0.4101064417344483,0.0,0.0
2022-06-20,0.033444518720259594,0.03374092826207268,0.036763572646333946,0.042429181223294275,0.039035543502480244,0.02944788961549387,0.0,0.07751825388103413,0.054534318626771265,0.08850527367021607,0.0,0.0,0.0,0.0,0.0,0.08388286568908555,0.03354216828351507,0.0,0.037049044144995054,0.0,0.0,0.0,0.4101064417344483,0.0,0.0
2022-06-21,0.033444518720259594,0.03374092826207268,0.036763572646333946,0.042429181223294275,0.039035543502480244,0.02944788961549387,0.0,0.07751825388103413,0.054534318626771265,0.08850527367021607,0.0,0.0,0.0,0.0,0.0,0.08388286568908555,0.03354216828351507,0.0,0.037049044144995054,0.0,0.0,0.0,0.4101064417344483,0.0,0.0
2022-06-22,0.033444518720259594,0.03374092826207268,0.036763572646333946,0.042429181223294275,0.039035543502480244,0.02944788961549387,0.0,0.07751825388103413,0.054534318626771265,0.08850527367021607,0.0,0.0,0.0,0.0,0.0,0.08388286568908555,0.03354216828351507,0.0,0.037049044144995054,0.0,0.0,0.0,0.4101064417344483,0.0,0.0
2022-06-23,0.033444518720259594,0.03374092826207268,0.036763572646333946,0.042429181223294275,0.039035543502480244,0.02944788961549387,0.0,0.07751825388103413,0.054534318626771265,0.08850527367021607,0.0,0.0,0.0,0.0,0.0,0.08388286568908555,0.03354216828351507,0.0,0.037049044144995054,0.0,0.0,0.0,0.4101064417344483,0.0,0.0
2022-06-24,0.033444518720259594,0.03374092826207268,0.036763572646333946,0.042429181223294275,0.039035543502480244,0.02944788961549387,0.0,0.07751825388103413,0.054534318626771265,0.08850527367021607,0.0,0.0,0.0,0.0,0.0,0.08388286568908555,0.03354216828351507,0.0,0.037049044144995054,0.0,0.0,0.0,0.4101064417344483,0.0,0.0
2022-06-27,0.033444518720259594,0.03374092826207268,0.036763572646333946,0.042429181223294275,0.039035543502480244,0.02944788961549387,0.0,0.07751825388103413,0.054534318626771265,0.08850527367021607,0.0,0.0,0.0,0.0,0.0,0.08388286568908555,0.03354216828351507,0.0,0.037049044144995054,0.0,0.0,0.0,0.4101064417344483,0.0,0.0
2022-06-28,0.033444518720259594,0.03374092826207268,0.036763572646333946,0.042429181223294275,0.039035543502480244,0.02944788961549387,0.0,0.07751825388103413,0.054534318626771265,0.08850527367021607,0.0,0.0,0.0,0.0,0.0,0.08388286568908555,0.03354216828351507,0.0,0.037049044144995054,0.0,0.0,0.0,0.4101064417344483,0.0,0.0
2022-06-29,0.033444518720259594,0.03374092826207268,0.036763572646333946,0.042429181223294275,0.039035543502480244,0.02944788961549387,0.0,0.07751825388103413,0.054534318626771265,0.08850527367021607,0.0,0.0,0.0,0.0,0.0,0.08388286568908555,0.03354216828351507,0.0,0.037049044144995054,0.0,0.0,0.0,0.4101064417344483,0.0,0.0
2022-06-30,0.033444518720259594,0.03374092826207268,0.036763572646333946,0.042429181223294275,0.039035543502480244,0.02944788961549387,0.0,0.07751825388103413,0.054534318626771265,0.08850527367021607,0.0,0.0,0.0,0.0,0.0,0.08388286568908555,0.03354216828351507,0.0,0.037049044144995054,0.0,0.0,0.0,0.4101064417344483,0.0,0.0
2022-07-01,0.0,0.0,0.03139593808773573,0.0,0.03610422981521042,0.0,0.0,0.0,0.04871957382463528,0.05500497963512529,0.039457061786015615,0.0,0.0,0.046096549923029244,0.05561374111104199,0.10914365447627612,0.021631253147728402,0.0,0.033184087032912014,0.0,0.0,0.07739961309689117,0.3681496190245916,0.0,0.07809969903880737
2022-07-04,0.0,0.0,0.03139593808773573,0.0,0.03610422981521042,0.0,0.0,0.0,0.04871957382463528,0.05500497963512529,0.039457061786015615,0.0,0.0,0.046096549923029244,0.05561374111104199,0.10914365447627612,0.021631253147728402,0.0,0.033184087032912014,0.0,0.0,0.07739961309689117,0.3681496190245916,0.0,0.07809969903880737
2022-07-05,0.0,0.0,0.03139593808773573,0.0,0.03610422981521042,0.0,0.0,0.0,0.04871957382463528,0.05500497963512529,0.039457061786015615,0.0,0.0,0.046096549923029244,0.05561374111104199,0.10914365447627612,0.021631253147728402,0.0,0.033184087032912014,0.0,0.0,0.07739961309689117,0.3681496190245916,0.0,0.07809969903880737
2022-07-06,0.0,0.0,0.03139593808773573,0.0,0.03610422981521042,0.0,0.0,0.0,0.04871957382463528,0.05500497963512529,0.039457061786015615,0.0,0.0,0.046096549923029244,0.05561374111104199,0.10914365447627612,0.021631253147728402,0.0,0.033184087032912014,0.0,0.0,0.07739961309689117,0.3681496190245916,0.0,0.07809969903880737
2022-07-07,0.0,0.0,0.03139593808773573,0.0,0.03610422981521042,0.0,0.0,0.0,0.04871957382463528,0.05500497963512529,0.039457061786015615,0.0,0.0,0.046096549923029244,0.05561374111104199,0.10914365447627612,0.021631253147728402,0.0,0.033184087032912014,0.0,0.0,0.07739961309689117,0.3681496190245916,0.0,0.07809969903880737
2022-07-08,0.0,0.0,0.03139593808773573,0.0,0.03610422981521042,0.0,0.0,0.0,0.04871957382463528,0.05500497963512529,0.039457061786015615,0.0,0.0,0.046096549923029244,0.05561374111104199,0.10914365447627612,0.021631253147728402,0.0,0.033184087032912014,0.0,0.0,0.07739961309689117,0.3681496190245916,0.0,0.07809969903880737
2022-07-11,0.0,0.0,0.03139593808773573,0.0,0.03610422981521042,0.0,0.0,0.0,0.04871957382463528,0.05500497963512529,0.039457061786015615,0.0,0.0,0.046096549923029244,0.05561374111104199,0.10914365447627612,0.021631253147728402,0.0,0.033184087032912014,0.0,0.0,0.07739961309689117,0.3681496190245916,0.0,0.07809969903880737
2022-07-12,0.0,0.0,0.03139593808773573,0.0,0.03610422981521042,0.0,0.0,0.0,0.04871957382463528,0.05500497963512529,0.039457061786015615,0.0,0.0,0.046096549923029244,0.05561374111104199,0.10914365447627612,0.021631253147728402,0.0,0.033184087032912014,0.0,0.0,0.07739961309689117,0.3681496190245916,0.0,0.07809969903880737
2022-07-13,0.0,0.0,0.03139593808773573,0.0,0.03610422981521042,0.0,0.0,0.0,0.04871957382463528,0.05500497963512529,0.039457061786015615,0.0,0.0,0.046096549923029244,0.05561374111104199,0.10914365447627612,0.021631253147728402,0.0,0.033184087032912014,0.0,0.0,0.07739961309689117,0.3681496190245916,0.0,0.07809969903880737
2022-07-14,0.0,0.0,0.03139593808773573,0.0,0.03610422981521042,0.0,0.0,0.0,0.04871957382463528,0.05500497963512529,0.039457061786015615,0.0,0.0,0.046096549923029244,0.05561374111104199,0.10914365447627612,0.021631253147728402,0.0,0.033184087032912014,0.0,0.0,0.07739961309689117,0.3681496190245916,0.0,0.07809969903880737
2022-07-15,0.0,0.0,0.03139593808773573,0.0,0.03610422981521042,0.0,0.0,0.0,0.04871957382463528,0.05500497963512529,0.039457061786015615,0.0,0.0,0.046096549923029244,0.05561374111104199,0.10914365447627612,0.021631253147728402,0.0,0.033184087032912014,0.0,0.0,0.07739961309689117,0.3681496190245916,0.0,0.07809969903880737
2022-07-18,0.0,0.0,0.03139593808773573,0.0,0.03610422981521042,0.0,0.0,0.0,0.04871957382463528,0.05500497963512529,0.039457061786015615,0.0,0.0,0.046096549923029244,0.05561374111104199,0.10914365447627612,0.021631253147728402,0.0,0.033184087032912014,0.0,0.0,0.07739961309689117,0.3681496190245916,0.0,0.07809969903880737
2022-07-19,0.0,0.0,0.03139593808773573,0.0,0.03610422981521042,0.0,0.0,0.0,0.04871957382463528,0.05500497963512529,0.039457061786015615,0.0,0.0,0.046096549923029244,0.05561374111104199,0.10914365447627612,0.021631253147728402,0.0,0.033184087032912014,0.0,0.0,0.07739961309689117,0.3681496190245916,0.0,0.07809969903880737
2022-07-20,0.0,0.0,0.03139593808773573,0.0,0.03610422981521042,0.0,0.0,0.0,0.04871957382463528,0.05500497963512529,0.039457061786015615,0.0,0.0,0.046096549923029244,0.05561374111104199,0.10914365447627612,0.021631253147728402,0.0,0.033184087032912014,0.0,0.0,0.07739961309689117,0.3681496190245916,0.0,0.07809969903880737
2022-07-21,0.0,0.0,0.03139593808773573,0.0,0.03610422981521042,0.0,0.0,0.0,0.04871957382463528,0.05500497963512529,0.039457061786015615,0.0,0.0,0.046096549923029244,0.05561374111104199,0.10914365447627612,0.021631253147728402,0.0,0.033184087032912014,0.0,0.0,0.07739961309689117,0.3681496190245916,0.0,0.07809969903880737
2022-07-22,0.0,0.0,0.03139593808773573,0.0,0.03610422981521042,0.0,0.0,0.0,0.04871957382463528,0.05500497963512529,0.039457061786015615,0.0,0.0,0.046096549923029244,0.05561374111104199,0.10914365447627612,0.021631253147728402,0.0,0.033184087032912014,0.0,0.0,0.07739961309689117,0.3681496190245916,0.0,0.07809969903880737
2022-07-25,0.0,0.0,0.03139593808773573,0.0,0.03610422981521042,0.0,0.0,0.0,0.04871957382463528,0.05500497963512529,0.039457061786015615,0.0,0.0,0.046096549923029244,0.05561374111104199,0.10914365447627612,0.021631253147728402,0.0,0.033184087032912014,0.0,0.0,0.07739961309689117,0.3681496190245916,0.0,0.07809969903880737
2022-07-26,0.0,0.0,0.03139593808773573,0.0,0.03610422981521042,0.0,0.0,0.0,0.04871957382463528,0.05500497963512529,0.039457061786015615,0.0,0.0,0.046096549923029244,0.05561374111104199,0.10914365447627612,0.021631253147728402,0.0,0.033184087032912014,0.0,0.0,0.07739961309689117,0.3681496190245916,0.0,0.07809969903880737
2022-07-27,0.0,0.0,0.03139593808773573,0.0,0.03610422981521042,0.0,0.0,0.0,0.04871957382463528,0.05500497963512529,0.039457061786015615,0.0,0.0,0.046096549923029244,0.05561374111104199,0.10914365447627612,0.021631253147728402,0.0,0.033184087032912014,0.0,0.0,0.07739961309689117,0.3681496190245916,0.0,0.07809969903880737
2022-07-28,0.0,0.0,0.03139593808773573,0.0,0.03610422981521042,0.0,0.0,0.0,0.04871957382463528,0.05500497963512529,0.039457061786015615,0.0,0.0,0.046096549923029244,0.05561374111104199,0.10914365447627612,0.021631253147728402,0.0,0.033184087032912014,0.0,0.0,0.07739961309689117,0.3681496190245916,0.0,0.07809969903880737
2022-07-29,0.0,0.0,0.03139593808773573,0.0,0.03610422981521042,0.0,0.0,0.0,0.04871957382463528,0.05500497963512529,0.039457061786015615,0.0,0.0,0.046096549923029244,0.05561374111104199,0.10914365447627612,0.021631253147728402,0.0,0.033184087032912014,0.0,0.0,0.07739961309689117,0.3681496190245916,0.0,0.07809969903880737
2022-08-01,0.0,0.0,0.0,0.0,0.0,0.0,0.0,0.0,0.1377127335313593,0.07550255264701951,0.05126775685836865,0.0,0.0,0.05195183990443823,0.05121091042139858,0.04493868009821223,0.014965412355628486,0.0,0.06478819658781595,0.0,0.0,0.07069250533989815,0.28548959492531173,0.06112809695103329,0.06006929683003742
2022-08-02,0.0,0.0,0.0,0.0,0.0,0.0,0.0,0.0,0.1377127335313593,0.07550255264701951,0.05126775685836865,0.0,0.0,0.05195183990443823,0.05121091042139858,0.04493868009821223,0.014965412355628486,0.0,0.06478819658781595,0.0,0.0,0.07069250533989815,0.28548959492531173,0.06112809695103329,0.06006929683003742
2022-08-03,0.0,0.0,0.0,0.0,0.0,0.0,0.0,0.0,0.1377127335313593,0.07550255264701951,0.05126775685836865,0.0,0.0,0.05195183990443823,0.05121091042139858,0.04493868009821223,0.014965412355628486,0.0,0.06478819658781595,0.0,0.0,0.07069250533989815,0.28548959492531173,0.06112809695103329,0.06006929683003742
2022-08-04,0.0,0.0,0.0,0.0,0.0,0.0,0.0,0.0,0.1377127335313593,0.07550255264701951,0.05126775685836865,0.0,0.0,0.05195183990443823,0.05121091042139858,0.04493868009821223,0.014965412355628486,0.0,0.06478819658781595,0.0,0.0,0.07069250533989815,0.28548959492531173,0.06112809695103329,0.06006929683003742
2022-08-05,0.0,0.0,0.0,0.0,0.0,0.0,0.0,0.0,0.1377127335313593,0.07550255264701951,0.05126775685836865,0.0,0.0,0.05195183990443823,0.05121091042139858,0.04493868009821223,0.014965412355628486,0.0,0.06478819658781595,0.0,0.0,0.07069250533989815,0.28548959492531173,0.06112809695103329,0.06006929683003742
2022-08-08,0.0,0.0,0.0,0.0,0.0,0.0,0.0,0.0,0.1377127335313593,0.07550255264701951,0.05126775685836865,0.0,0.0,0.05195183990443823,0.05121091042139858,0.04493868009821223,0.014965412355628486,0.0,0.06478819658781595,0.0,0.0,0.07069250533989815,0.28548959492531173,0.06112809695103329,0.06006929683003742
2022-08-09,0.0,0.0,0.0,0.0,0.0,0.0,0.0,0.0,0.1377127335313593,0.07550255264701951,0.05126775685836865,0.0,0.0,0.05195183990443823,0.05121091042139858,0.04493868009821223,0.014965412355628486,0.0,0.06478819658781595,0.0,0.0,0.07069250533989815,0.28548959492531173,0.06112809695103329,0.06006929683003742
2022-08-10,0.0,0.0,0.0,0.0,0.0,0.0,0.0,0.0,0.1377127335313593,0.07550255264701951,0.05126775685836865,0.0,0.0,0.05195183990443823,0.05121091042139858,0.04493868009821223,0.014965412355628486,0.0,0.06478819658781595,0.0,0.0,0.07069250533989815,0.28548959492531173,0.06112809695103329,0.06006929683003742
2022-08-11,0.0,0.0,0.0,0.0,0.0,0.0,0.0,0.0,0.1377127335313593,0.07550255264701951,0.05126775685836865,0.0,0.0,0.05195183990443823,0.05121091042139858,0.04493868009821223,0.014965412355628486,0.0,0.06478819658781595,0.0,0.0,0.07069250533989815,0.28548959492531173,0.06112809695103329,0.06006929683003742
2022-08-12,0.0,0.0,0.0,0.0,0.0,0.0,0.0,0.0,0.1377127335313593,0.07550255264701951,0.05126775685836865,0.0,0.0,0.05195183990443823,0.05121091042139858,0.04493868009821223,0.014965412355628486,0.0,0.06478819658781595,0.0,0.0,0.07069250533989815,0.28548959492531173,0.06112809695103329,0.06006929683003742
2022-08-15,0.0,0.0,0.0,0.0,0.0,0.0,0.0,0.0,0.1377127335313593,0.07550255264701951,0.05126775685836865,0.0,0.0,0.05195183990443823,0.05121091042139858,0.04493868009821223,0.014965412355628486,0.0,0.06478819658781595,0.0,0.0,0.07069250533989815,0.28548959492531173,0.06112809695103329,0.06006929683003742
2022-08-16,0.0,0.0,0.0,0.0,0.0,0.0,0.0,0.0,0.1377127335313593,0.07550255264701951,0.05126775685836865,0.0,0.0,0.05195183990443823,0.05121091042139858,0.04493868009821223,0.014965412355628486,0.0,0.06478819658781595,0.0,0.0,0.07069250533989815,0.28548959492531173,0.06112809695103329,0.06006929683003742
2022-08-17,0.0,0.0,0.0,0.0,0.0,0.0,0.0,0.0,0.1377127335313593,0.07550255264701951,0.05126775685836865,0.0,0.0,0.05195183990443823,0.05121091042139858,0.04493868009821223,0.014965412355628486,0.0,0.06478819658781595,0.0,0.0,0.07069250533989815,0.28548959492531173,0.06112809695103329,0.06006929683003742
2022-08-18,0.0,0.0,0.0,0.0,0.0,0.0,0.0,0.0,0.1377127335313593,0.07550255264701951,0.05126775685836865,0.0,0.0,0.05195183990443823,0.05121091042139858,0.04493868009821223,0.014965412355628486,0.0,0.06478819658781595,0.0,0.0,0.07069250533989815,0.28548959492531173,0.06112809695103329,0.06006929683003742
2022-08-19,0.0,0.0,0.0,0.0,0.0,0.0,0.0,0.0,0.1377127335313593,0.07550255264701951,0.05126775685836865,0.0,0.0,0.05195183990443823,0.05121091042139858,0.04493868009821223,0.014965412355628486,0.0,0.06478819658781595,0.0,0.0,0.07069250533989815,0.28548959492531173,0.06112809695103329,0.06006929683003742
2022-08-22,0.0,0.0,0.0,0.0,0.0,0.0,0.0,0.0,0.1377127335313593,0.07550255264701951,0.05126775685836865,0.0,0.0,0.05195183990443823,0.05121091042139858,0.04493868009821223,0.014965412355628486,0.0,0.06478819658781595,0.0,0.0,0.07069250533989815,0.28548959492531173,0.06112809695103329,0.06006929683003742
2022-08-23,0.0,0.0,0.0,0.0,0.0,0.0,0.0,0.0,0.1377127335313593,0.07550255264701951,0.05126775685836865,0.0,0.0,0.05195183990443823,0.05121091042139858,0.04493868009821223,0.014965412355628486,0.0,0.06478819658781595,0.0,0.0,0.07069250533989815,0.28548959492531173,0.06112809695103329,0.06006929683003742
2022-08-24,0.0,0.0,0.0,0.0,0.0,0.0,0.0,0.0,0.1377127335313593,0.07550255264701951,0.05126775685836865,0.0,0.0,0.05195183990443823,0.05121091042139858,0.04493868009821223,0.014965412355628486,0.0,0.06478819658781595,0.0,0.0,0.07069250533989815,0.28548959492531173,0.06112809695103329,0.06006929683003742
2022-08-25,0.0,0.0,0.0,0.0,0.0,0.0,0.0,0.0,0.1377127335313593,0.07550255264701951,0.05126775685836865,0.0,0.0,0.05195183990443823,0.05121091042139858,0.04493868009821223,0.014965412355628486,0.0,0.06478819658781595,0.0,0.0,0.07069250533989815,0.28548959492531173,0.06112809695103329,0.06006929683003742
2022-08-26,0.0,0.0,0.0,0.0,0.0,0.0,0.0,0.0,0.1377127335313593,0.07550255264701951,0.05126775685836865,0.0,0.0,0.05195183990443823,0.05121091042139858,0.04493868009821223,0.014965412355628486,0.0,0.06478819658781595,0.0,0.0,0.07069250533989815,0.28548959492531173,0.06112809695103329,0.06006929683003742
2022-08-29,0.0,0.0,0.0,0.0,0.0,0.0,0.0,0.0,0.1377127335313593,0.07550255264701951,0.05126775685836865,0.0,0.0,0.05195183990443823,0.05121091042139858,0.04493868009821223,0.014965412355628486,0.0,0.06478819658781595,0.0,0.0,0.07069250533989815,0.28548959492531173,0.06112809695103329,0.06006929683003742
2022-08-30,0.0,0.0,0.0,0.0,0.0,0.0,0.0,0.0,0.1377127335313593,0.07550255264701951,0.05126775685836865,0.0,0.0,0.05195183990443823,0.05121091042139858,0.04493868009821223,0.014965412355628486,0.0,0.06478819658781595,0.0,0.0,0.07069250533989815,0.28548959492531173,0.06112809695103329,0.06006929683003742
2022-08-31,0.0,0.0,0.0,0.0,0.0,0.0,0.0,0.0,0.1377127335313593,0.07550255264701951,0.05126775685836865,0.0,0.0,0.05195183990443823,0.05121091042139858,0.04493868009821223,0.014965412355628486,0.0,0.06478819658781595,0.0,0.0,0.07069250533989815,0.28548959492531173,0.06112809695103329,0.06006929683003742
2022-09-01,0.0,0.0,0.0,0.0,0.0,0.0,0.0,0.0,0.04400552089683016,0.041357942760176146,0.020811291380024983,0.0,0.0,0.03056092877711162,0.04351230079339148,0.03484705700028706,0.012450100265173802,0.0,0.024939531288125198,0.0,0.0,0.08673609702322051,0.5537068438248577,0.049114088976240554,0.041165999137968916
2022-09-02,0.0,0.0,0.0,0.0,0.0,0.0,0.0,0.0,0.04400552089683016,0.041357942760176146,0.020811291380024983,0.0,0.0,0.03056092877711162,0.04351230079339148,0.03484705700028706,0.012450100265173802,0.0,0.024939531288125198,0.0,0.0,0.08673609702322051,0.5537068438248577,0.049114088976240554,0.041165999137968916
2022-09-05,0.0,0.0,0.0,0.0,0.0,0.0,0.0,0.0,0.04400552089683016,0.041357942760176146,0.020811291380024983,0.0,0.0,0.03056092877711162,0.04351230079339148,0.03484705700028706,0.012450100265173802,0.0,0.024939531288125198,0.0,0.0,0.08673609702322051,0.5537068438248577,0.049114088976240554,0.041165999137968916
2022-09-06,0.0,0.0,0.0,0.0,0.0,0.0,0.0,0.0,0.04400552089683016,0.041357942760176146,0.020811291380024983,0.0,0.0,0.03056092877711162,0.04351230079339148,0.03484705700028706,0.012450100265173802,0.0,0.024939531288125198,0.0,0.0,0.08673609702322051,0.5537068438248577,0.049114088976240554,0.041165999137968916
2022-09-07,0.0,0.0,0.0,0.0,0.0,0.0,0.0,0.0,0.04400552089683016,0.041357942760176146,0.020811291380024983,0.0,0.0,0.03056092877711162,0.04351230079339148,0.03484705700028706,0.012450100265173802,0.0,0.024939531288125198,0.0,0.0,0.08673609702322051,0.5537068438248577,0.049114088976240554,0.041165999137968916
2022-09-08,0.0,0.0,0.0,0.0,0.0,0.0,0.0,0.0,0.04400552089683016,0.041357942760176146,0.020811291380024983,0.0,0.0,0.03056092877711162,0.04351230079339148,0.03484705700028706,0.012450100265173802,0.0,0.024939531288125198,0.0,0.0,0.08673609702322051,0.5537068438248577,0.049114088976240554,0.041165999137968916
2022-09-09,0.0,0.0,0.0,0.0,0.0,0.0,0.0,0.0,0.04400552089683016,0.041357942760176146,0.020811291380024983,0.0,0.0,0.03056092877711162,0.04351230079339148,0.03484705700028706,0.012450100265173802,0.0,0.024939531288125198,0.0,0.0,0.08673609702322051,0.5537068438248577,0.049114088976240554,0.041165999137968916
2022-09-12,0.0,0.0,0.0,0.0,0.0,0.0,0.0,0.0,0.04400552089683016,0.041357942760176146,0.020811291380024983,0.0,0.0,0.03056092877711162,0.04351230079339148,0.03484705700028706,0.012450100265173802,0.0,0.024939531288125198,0.0,0.0,0.08673609702322051,0.5537068438248577,0.049114088976240554,0.041165999137968916
2022-09-13,0.0,0.0,0.0,0.0,0.0,0.0,0.0,0.0,0.04400552089683016,0.041357942760176146,0.020811291380024983,0.0,0.0,0.03056092877711162,0.04351230079339148,0.03484705700028706,0.012450100265173802,0.0,0.024939531288125198,0.0,0.0,0.08673609702322051,0.5537068438248577,0.049114088976240554,0.041165999137968916
2022-09-14,0.0,0.0,0.0,0.0,0.0,0.0,0.0,0.0,0.04400552089683016,0.041357942760176146,0.020811291380024983,0.0,0.0,0.03056092877711162,0.04351230079339148,0.03484705700028706,0.012450100265173802,0.0,0.024939531288125198,0.0,0.0,0.08673609702322051,0.5537068438248577,0.049114088976240554,0.041165999137968916
2022-09-15,0.0,0.0,0.0,0.0,0.0,0.0,0.0,0.0,0.04400552089683016,0.041357942760176146,0.020811291380024983,0.0,0.0,0.03056092877711162,0.04351230079339148,0.03484705700028706,0.012450100265173802,0.0,0.024939531288125198,0.0,0.0,0.08673609702322051,0.5537068438248577,0.049114088976240554,0.041165999137968916
2022-09-16,0.0,0.0,0.0,0.0,0.0,0.0,0.0,0.0,0.04400552089683016,0.041357942760176146,0.020811291380024983,0.0,0.0,0.03056092877711162,0.04351230079339148,0.03484705700028706,0.012450100265173802,0.0,0.024939531288125198,0.0,0.0,0.08673609702322051,0.5537068438248577,0.049114088976240554,0.041165999137968916
2022-09-19,0.0,0.0,0.0,0.0,0.0,0.0,0.0,0.0,0.04400552089683016,0.041357942760176146,0.020811291380024983,0.0,0.0,0.03056092877711162,0.04351230079339148,0.03484705700028706,0.012450100265173802,0.0,0.024939531288125198,0.0,0.0,0.08673609702322051,0.5537068438248577,0.049114088976240554,0.041165999137968916
2022-09-20,0.0,0.0,0.0,0.0,0.0,0.0,0.0,0.0,0.04400552089683016,0.041357942760176146,0.020811291380024983,0.0,0.0,0.03056092877711162,0.04351230079339148,0.03484705700028706,0.012450100265173802,0.0,0.024939531288125198,0.0,0.0,0.08673609702322051,0.5537068438248577,0.049114088976240554,0.041165999137968916
2022-09-21,0.0,0.0,0.0,0.0,0.0,0.0,0.0,0.0,0.04400552089683016,0.041357942760176146,0.020811291380024983,0.0,0.0,0.03056092877711162,0.04351230079339148,0.03484705700028706,0.012450100265173802,0.0,0.024939531288125198,0.0,0.0,0.08673609702322051,0.5537068438248577,0.049114088976240554,0.041165999137968916
2022-09-22,0.0,0.0,0.0,0.0,0.0,0.0,0.0,0.0,0.04400552089683016,0.041357942760176146,0.020811291380024983,0.0,0.0,0.03056092877711162,0.04351230079339148,0.03484705700028706,0.012450100265173802,0.0,0.024939531288125198,0.0,0.0,0.08673609702322051,0.5537068438248577,0.049114088976240554,0.041165999137968916
2022-09-23,0.0,0.0,0.0,0.0,0.0,0.0,0.0,0.0,0.04400552089683016,0.041357942760176146,0.020811291380024983,0.0,0.0,0.03056092877711162,0.04351230079339148,0.03484705700028706,0.012450100265173802,0.0,0.024939531288125198,0.0,0.0,0.08673609702322051,0.5537068438248577,0.049114088976240554,0.041165999137968916
2022-09-26,0.0,0.0,0.0,0.0,0.0,0.0,0.0,0.0,0.04400552089683016,0.041357942760176146,0.020811291380024983,0.0,0.0,0.03056092877711162,0.04351230079339148,0.03484705700028706,0.012450100265173802,0.0,0.024939531288125198,0.0,0.0,0.08673609702322051,0.5537068438248577,0.049114088976240554,0.041165999137968916
2022-09-27,0.0,0.0,0.0,0.0,0.0,0.0,0.0,0.0,0.04400552089683016,0.041357942760176146,0.020811291380024983,0.0,0.0,0.03056092877711162,0.04351230079339148,0.03484705700028706,0.0,0.0,0.024939531288125198,0.0,0.0,0.08673609702322051,0.5537068438248577,0.049114088976240554,0.041165999137968916
2022-09-28,0.0,0.0,0.0,0.0,0.0,0.0,0.0,0.0,0.04400552089683016,0.041357942760176146,0.020811291380024983,0.0,0.0,0.03056092877711162,0.04351230079339148,0.03484705700028706,0.0,0.0,0.024939531288125198,0.0,0.0,0.08673609702322051,0.5537068438248577,0.049114088976240554,0.041165999137968916
2022-09-29,0.0,0.0,0.0,0.0,0.0,0.0,0.0,0.0,0.04400552089683016,0.041357942760176146,0.020811291380024983,0.0,0.0,0.03056092877711162,0.04351230079339148,0.03484705700028706,0.0,0.0,0.024939531288125198,0.0,0.0,0.08673609702322051,0.5537068438248577,0.049114088976240554,0.041165999137968916
2022-09-30,0.0,0.0,0.0,0.0,0.0,0.0,0.0,0.0,0.04400552089683016,0.041357942760176146,0.020811291380024983,0.0,0.0,0.03056092877711162,0.04351230079339148,0.03484705700028706,0.0,0.0,0.024939531288125198,0.0,0.0,0.08673609702322051,0.5537068438248577,0.049114088976240554,0.041165999137968916
2022-10-03,0.0,0.0,0.0,0.0,0.06864096718530181,0.0,0.0,0.0,0.13110326733569644,0.061435820290419496,0.03449603103255792,0.0,0.0,0.07699266192182064,0.12128483461658504,0.0,0.0,0.0,0.05081067383067551,0.0,0.0,0.04318020516941211,0.2533343523841181,0.04400100736009908,0.05399585015147633
2022-10-04,0.0,0.0,0.0,0.0,0.06864096718530181,0.0,0.0,0.0,0.13110326733569644,0.061435820290419496,0.03449603103255792,0.0,0.0,0.07699266192182064,0.12128483461658504,0.0,0.0,0.0,0.05081067383067551,0.0,0.0,0.04318020516941211,0.2533343523841181,0.04400100736009908,0.05399585015147633
2022-10-05,0.0,0.0,0.0,0.0,0.06864096718530181,0.0,0.0,0.0,0.13110326733569644,0.061435820290419496,0.03449603103255792,0.0,0.0,0.07699266192182064,0.12128483461658504,0.0,0.0,0.0,0.05081067383067551,0.0,0.0,0.04318020516941211,0.2533343523841181,0.04400100736009908,0.05399585015147633
2022-10-06,0.0,0.0,0.0,0.0,0.06864096718530181,0.0,0.0,0.0,0.13110326733569644,0.061435820290419496,0.03449603103255792,0.0,0.0,0.07699266192182064,0.12128483461658504,0.0,0.0,0.0,0.05081067383067551,0.0,0.0,0.04318020516941211,0.2533343523841181,0.04400100736009908,0.05399585015147633
2022-10-07,0.0,0.0,0.0,0.0,0.06864096718530181,0.0,0.0,0.0,0.13110326733569644,0.061435820290419496,0.03449603103255792,0.0,0.0,0.07699266192182064,0.12128483461658504,0.0,0.0,0.0,0.05081067383067551,0.0,0.0,0.04318020516941211,0.2533343523841181,0.04400100736009908,0.05399585015147633
2022-10-10,0.0,0.0,0.0,0.0,0.06864096718530181,0.0,0.0,0.0,0.13110326733569644,0.061435820290419496,0.03449603103255792,0.0,0.0,0.07699266192182064,0.12128483461658504,0.0,0.0,0.0,0.05081067383067551,0.0,0.0,0.04318020516941211,0.2533343523841181,0.04400100736009908,0.05399585015147633
2022-10-11,0.0,0.0,0.0,0.0,0.06864096718530181,0.0,0.0,0.0,0.13110326733569644,0.061435820290419496,0.03449603103255792,0.0,0.0,0.07699266192182064,0.12128483461658504,0.0,0.0,0.0,0.05081067383067551,0.0,0.0,0.04318020516941211,0.2533343523841181,0.04400100736009908,0.05399585015147633
2022-10-12,0.0,0.0,0.0,0.0,0.06864096718530181,0.0,0.0,0.0,0.13110326733569644,0.061435820290419496,0.03449603103255792,0.0,0.0,0.07699266192182064,0.12128483461658504,0.0,0.0,0.0,0.05081067383067551,0.0,0.0,0.04318020516941211,0.2533343523841181,0.04400100736009908,0.05399585015147633
2022-10-13,0.0,0.0,0.0,0.0,0.06864096718530181,0.0,0.0,0.0,0.13110326733569644,0.061435820290419496,0.03449603103255792,0.0,0.0,0.07699266192182064,0.12128483461658504,0.0,0.0,0.0,0.05081067383067551,0.0,0.0,0.04318020516941211,0.2533343523841181,0.04400100736009908,0.05399585015147633
2022-10-14,0.0,0.0,0.0,0.0,0.06864096718530181,0.0,0.0,0.0,0.13110326733569644,0.061435820290419496,0.03449603103255792,0.0,0.0,0.07699266192182064,0.12128483461658504,0.0,0.0,0.0,0.05081067383067551,0.0,0.0,0.04318020516941211,0.2533343523841181,0.04400100736009908,0.05399585015147633
2022-10-17,0.0,0.0,0.0,0.0,0.06864096718530181,0.0,0.0,0.0,0.13110326733569644,0.061435820290419496,0.03449603103255792,0.0,0.0,0.07699266192182064,0.12128483461658504,0.0,0.0,0.0,0.05081067383067551,0.0,0.0,0.04318020516941211,0.2533343523841181,0.04400100736009908,0.05399585015147633
2022-10-18,0.0,0.0,0.0,0.0,0.06864096718530181,0.0,0.0,0.0,0.13110326733569644,0.061435820290419496,0.03449603103255792,0.0,0.0,0.07699266192182064,0.12128483461658504,0.0,0.0,0.0,0.05081067383067551,0.0,0.0,0.04318020516941211,0.2533343523841181,0.04400100736009908,0.05399585015147633
2022-10-19,0.0,0.0,0.0,0.0,0.06864096718530181,0.0,0.0,0.0,0.13110326733569644,0.061435820290419496,0.03449603103255792,0.0,0.0,0.07699266192182064,0.12128483461658504,0.0,0.0,0.0,0.05081067383067551,0.0,0.0,0.04318020516941211,0.2533343523841181,0.04400100736009908,0.05399585015147633
2022-10-20,0.0,0.0,0.0,0.0,0.06864096718530181,0.0,0.0,0.0,0.13110326733569644,0.061435820290419496,0.03449603103255792,0.0,0.0,0.07699266192182064,0.12128483461658504,0.0,0.0,0.0,0.05081067383067551,0.0,0.0,0.04318020516941211,0.2533343523841181,0.04400100736009908,0.05399585015147633
2022-10-21,0.0,0.0,0.0,0.0,0.06864096718530181,0.0,0.0,0.0,0.13110326733569644,0.061435820290419496,0.03449603103255792,0.0,0.0,0.07699266192182064,0.12128483461658504,0.0,0.0,0.0,0.05081067383067551,0.0,0.0,0.04318020516941211,0.2533343523841181,0.04400100736009908,0.05399585015147633
2022-10-24,0.0,0.0,0.0,0.0,0.06864096718530181,0.0,0.0,0.0,0.13110326733569644,0.061435820290419496,0.03449603103255792,0.0,0.0,0.07699266192182064,0.12128483461658504,0.0,0.0,0.0,0.05081067383067551,0.0,0.0,0.04318020516941211,0.2533343523841181,0.04400100736009908,0.05399585015147633
2022-10-25,0.0,0.0,0.0,0.0,0.06864096718530181,0.0,0.0,0.0,0.13110326733569644,0.061435820290419496,0.03449603103255792,0.0,0.0,0.07699266192182064,0.12128483461658504,0.0,0.0,0.0,0.05081067383067551,0.0,0.0,0.04318020516941211,0.2533343523841181,0.04400100736009908,0.05399585015147633
2022-10-26,0.0,0.0,0.0,0.0,0.06864096718530181,0.0,0.0,0.0,0.13110326733569644,0.061435820290419496,0.03449603103255792,0.0,0.0,0.07699266192182064,0.12128483461658504,0.0,0.0,0.0,0.05081067383067551,0.0,0.0,0.04318020516941211,0.2533343523841181,0.04400100736009908,0.05399585015147633
2022-10-27,0.0,0.0,0.0,0.0,0.06864096718530181,0.0,0.0,0.0,0.13110326733569644,0.061435820290419496,0.03449603103255792,0.0,0.0,0.07699266192182064,0.12128483461658504,0.0,0.0,0.0,0.05081067383067551,0.0,0.0,0.04318020516941211,0.2533343523841181,0.04400100736009908,0.05399585015147633
2022-10-28,0.0,0.0,0.0,0.0,0.06864096718530181,0.0,0.0,0.0,0.13110326733569644,0.061435820290419496,0.03449603103255792,0.0,0.0,0.07699266192182064,0.12128483461658504,0.0,0.0,0.0,0.05081067383067551,0.0,0.0,0.04318020516941211,0.2533343523841181,0.04400100736009908,0.05399585015147633
2022-10-31,0.0,0.0,0.0,0.0,0.06864096718530181,0.0,0.0,0.0,0.13110326733569644,0.061435820290419496,0.03449603103255792,0.0,0.0,0.0,0.12128483461658504,0.0,0.0,0.0,0.05081067383067551,0.0,0.0,0.04318020516941211,0.2533343523841181,0.04400100736009908,0.05399585015147633
2022-11-01,0.0,0.0,0.0,0.0,0.0,0.0,0.0,0.0,0.12458143266572573,0.0835679695704482,0.028099071945302402,0.0,0.0,0.0,0.04338470698400051,0.04459423974978223,0.0,0.0,0.04158189107895846,0.0,0.0,0.07765779776186238,0.3091013958771299,0.08743043936533394,0.05721053971933611
2022-11-02,0.0,0.0,0.0,0.0,0.0,0.0,0.0,0.0,0.12458143266572573,0.0835679695704482,0.028099071945302402,0.0,0.0,0.0,0.04338470698400051,0.04459423974978223,0.0,0.0,0.04158189107895846,0.0,0.0,0.07765779776186238,0.3091013958771299,0.08743043936533394,0.05721053971933611
2022-11-03,0.0,0.0,0.0,0.0,0.0,0.0,0.0,0.0,0.12458143266572573,0.0835679695704482,0.028099071945302402,0.0,0.0,0.0,0.04338470698400051,0.04459423974978223,0.0,0.0,0.04158189107895846,0.0,0.0,0.07765779776186238,0.3091013958771299,0.08743043936533394,0.05721053971933611
2022-11-04,0.0,0.0,0.0,0.0,0.0,0.0,0.0,0.0,0.12458143266572573,0.0835679695704482,0.028099071945302402,0.0,0.0,0.0,0.04338470698400051,0.04459423974978223,0.0,0.0,0.04158189107895846,0.0,0.0,0.07765779776186238,0.3091013958771299,0.08743043936533394,0.05721053971933611
2022-11-07,0.0,0.0,0.0,0.0,0.0,0.0,0.0,0.0,0.12458143266572573,0.0835679695704482,0.028099071945302402,0.0,0.0,0.0,0.04338470698400051,0.04459423974978223,0.0,0.0,0.04158189107895846,0.0,0.0,0.07765779776186238,0.3091013958771299,0.08743043936533394,0.05721053971933611
2022-11-08,0.0,0.0,0.0,0.0,0.0,0.0,0.0,0.0,0.12458143266572573,0.0835679695704482,0.028099071945302402,0.0,0.0,0.0,0.04338470698400051,0.04459423974978223,0.0,0.0,0.04158189107895846,0.0,0.0,0.07765779776186238,0.3091013958771299,0.08743043936533394,0.05721053971933611
2022-11-09,0.0,0.0,0.0,0.0,0.0,0.0,0.0,0.0,0.12458143266572573,0.0835679695704482,0.028099071945302402,0.0,0.0,0.0,0.04338470698400051,0.04459423974978223,0.0,0.0,0.04158189107895846,0.0,0.0,0.07765779776186238,0.3091013958771299,0.08743043936533394,0.05721053971933611
2022-11-10,0.0,0.0,0.0,0.0,0.0,0.0,0.0,0.0,0.12458143266572573,0.0835679695704482,0.028099071945302402,0.0,0.0,0.0,0.04338470698400051,0.04459423974978223,0.0,0.0,0.04158189107895846,0.0,0.0,0.07765779776186238,0.3091013958771299,0.08743043936533394,0.05721053971933611
2022-11-11,0.0,0.0,0.0,0.0,0.0,0.0,0.0,0.0,0.12458143266572573,0.0835679695704482,0.028099071945302402,0.0,0.0,0.0,0.04338470698400051,0.04459423974978223,0.0,0.0,0.04158189107895846,0.0,0.0,0.07765779776186238,0.3091013958771299,0.08743043936533394,0.05721053971933611
2022-11-14,0.0,0.0,0.0,0.0,0.0,0.0,0.0,0.0,0.12458143266572573,0.0835679695704482,0.028099071945302402,0.0,0.0,0.0,0.04338470698400051,0.04459423974978223,0.0,0.0,0.04158189107895846,0.0,0.0,0.07765779776186238,0.3091013958771299,0.08743043936533394,0.05721053971933611
2022-11-15,0.0,0.0,0.0,0.0,0.0,0.0,0.0,0.0,0.12458143266572573,0.0835679695704482,0.028099071945302402,0.0,0.0,0.0,0.04338470698400051,0.04459423974978223,0.0,0.0,0.04158189107895846,0.0,0.0,0.07765779776186238,0.3091013958771299,0.08743043936533394,0.05721053971933611
2022-11-16,0.0,0.0,0.0,0.0,0.0,0.0,0.0,0.0,0.12458143266572573,0.0835679695704482,0.028099071945302402,0.0,0.0,0.0,0.04338470698400051,0.04459423974978223,0.0,0.0,0.04158189107895846,0.0,0.0,0.07765779776186238,0.3091013958771299,0.08743043936533394,0.05721053971933611
2022-11-17,0.0,0.0,0.0,0.0,0.0,0.0,0.0,0.0,0.12458143266572573,0.0835679695704482,0.028099071945302402,0.0,0.0,0.0,0.04338470698400051,0.04459423974978223,0.0,0.0,0.04158189107895846,0.0,0.0,0.07765779776186238,0.3091013958771299,0.08743043936533394,0.05721053971933611
2022-11-18,0.0,0.0,0.0,0.0,0.0,0.0,0.0,0.0,0.12458143266572573,0.0835679695704482,0.028099071945302402,0.0,0.0,0.0,0.04338470698400051,0.04459423974978223,0.0,0.0,0.04158189107895846,0.0,0.0,0.07765779776186238,0.3091013958771299,0.08743043936533394,0.05721053971933611
2022-11-21,0.0,0.0,0.0,0.0,0.0,0.0,0.0,0.0,0.12458143266572573,0.0835679695704482,0.028099071945302402,0.0,0.0,0.0,0.04338470698400051,0.04459423974978223,0.0,0.0,0.04158189107895846,0.0,0.0,0.07765779776186238,0.3091013958771299,0.08743043936533394,0.05721053971933611
2022-11-22,0.0,0.0,0.0,0.0,0.0,0.0,0.0,0.0,0.12458143266572573,0.0835679695704482,0.028099071945302402,0.0,0.0,0.0,0.04338470698400051,0.04459423974978223,0.0,0.0,0.04158189107895846,0.0,0.0,0.07765779776186238,0.3091013958771299,0.08743043936533394,0.05721053971933611
2022-11-23,0.0,0.0,0.0,0.0,0.0,0.0,0.0,0.0,0.12458143266572573,0.0835679695704482,0.028099071945302402,0.0,0.0,0.0,0.04338470698400051,0.04459423974978223,0.0,0.0,0.04158189107895846,0.0,0.0,0.07765779776186238,0.3091013958771299,0.08743043936533394,0.05721053971933611
2022-11-24,0.0,0.0,0.0,0.0,0.0,0.0,0.0,0.0,0.12458143266572573,0.0835679695704482,0.028099071945302402,0.0,0.0,0.0,0.04338470698400051,0.04459423974978223,0.0,0.0,0.0,0.0,0.0,0.07765779776186238,0.3091013958771299,0.08743043936533394,0.05721053971933611
2022-11-25,0.0,0.0,0.0,0.0,0.0,0.0,0.0,0.0,0.12458143266572573,0.0835679695704482,0.028099071945302402,0.0,0.0,0.0,0.04338470698400051,0.04459423974978223,0.0,0.0,0.0,0.0,0.0,0.07765779776186238,0.3091013958771299,0.08743043936533394,0.05721053971933611
2022-11-28,0.0,0.0,0.0,0.0,0.0,0.0,0.0,0.0,0.12458143266572573,0.0835679695704482,0.028099071945302402,0.0,0.0,0.0,0.04338470698400051,0.04459423974978223,0.0,0.0,0.0,0.0,0.0,0.07765779776186238,0.3091013958771299,0.08743043936533394,0.05721053971933611
2022-11-29,0.0,0.0,0.0,0.0,0.0,0.0,0.0,0.0,0.12458143266572573,0.0835679695704482,0.028099071945302402,0.0,0.0,0.0,0.04338470698400051,0.04459423974978223,0.0,0.0,0.0,0.0,0.0,0.07765779776186238,0.3091013958771299,0.08743043936533394,0.05721053971933611
2022-11-30,0.0,0.0,0.0,0.0,0.0,0.0,0.0,0.0,0.12458143266572573,0.0835679695704482,0.028099071945302402,0.0,0.0,0.0,0.04338470698400051,0.04459423974978223,0.0,0.0,0.0,0.0,0.0,0.07765779776186238,0.3091013958771299,0.08743043936533394,0.05721053971933611
2022-12-01,0.0,0.0,0.04569500646454116,0.0,0.055648087626244284,0.048462742726545445,0.04191914476988073,0.0,0.0,0.07765679458872353,0.058077326252790745,0.0,0.0,0.0,0.02449787876730667,0.0,0.0,0.0,0.0,0.0,0.0,0.0930446209673757,0.3844480069063953,0.05542685703264967,0.0526206195906404
2022-12-02,0.0,0.0,0.04569500646454116,0.0,0.055648087626244284,0.048462742726545445,0.04191914476988073,0.0,0.0,0.07765679458872353,0.058077326252790745,0.0,0.0,0.0,0.02449787876730667,0.0,0.0,0.0,0.0,0.0,0.0,0.0930446209673757,0.3844480069063953,0.05542685703264967,0.0526206195906404
2022-12-05,0.0,0.0,0.04569500646454116,0.0,0.055648087626244284,0.048462742726545445,0.04191914476988073,0.0,0.0,0.07765679458872353,0.058077326252790745,0.0,0.0,0.0,0.02449787876730667,0.0,0.0,0.0,0.0,0.0,0.0,0.0930446209673757,0.3844480069063953,0.05542685703264967,0.0526206195906404
2022-12-06,0.0,0.0,0.04569500646454116,0.0,0.055648087626244284,0.048462742726545445,0.04191914476988073,0.0,0.0,0.07765679458872353,0.058077326252790745,0.0,0.0,0.0,0.02449787876730667,0.0,0.0,0.0,0.0,0.0,0.0,0.0930446209673757,0.3844480069063953,0.05542685703264967,0.0526206195906404
2022-12-07,0.0,0.0,0.04569500646454116,0.0,0.055648087626244284,0.048462742726545445,0.04191914476988073,0.0,0.0,0.07765679458872353,0.058077326252790745,0.0,0.0,0.0,0.02449787876730667,0.0,0.0,0.0,0.0,0.0,0.0,0.0930446209673757,0.3844480069063953,0.05542685703264967,0.0526206195906404
2022-12-08,0.0,0.0,0.04569500646454116,0.0,0.055648087626244284,0.048462742726545445,0.04191914476988073,0.0,0.0,0.07765679458872353,0.058077326252790745,0.0,0.0,0.0,0.02449787876730667,0.0,0.0,0.0,0.0,0.0,0.0,0.0930446209673757,0.3844480069063953,0.05542685703264967,0.0526206195906404
2022-12-09,0.0,0.0,0.04569500646454116,0.0,0.055648087626244284,0.048462742726545445,0.04191914476988073,0.0,0.0,0.07765679458872353,0.058077326252790745,0.0,0.0,0.0,0.02449787876730667,0.0,0.0,0.0,0.0,0.0,0.0,0.0930446209673757,0.3844480069063953,0.05542685703264967,0.0526206195906404
2022-12-12,0.0,0.0,0.04569500646454116,0.0,0.055648087626244284,0.048462742726545445,0.04191914476988073,0.0,0.0,0.07765679458872353,0.058077326252790745,0.0,0.0,0.0,0.02449787876730667,0.0,0.0,0.0,0.0,0.0,0.0,0.0930446209673757,0.3844480069063953,0.05542685703264967,0.0526206195906404
2022-12-13,0.0,0.0,0.04569500646454116,0.0,0.055648087626244284,0.048462742726545445,0.04191914476988073,0.0,0.0,0.07765679458872353,0.058077326252790745,0.0,0.0,0.0,0.02449787876730667,0.0,0.0,0.0,0.0,0.0,0.0,0.0930446209673757,0.3844480069063953,0.05542685703264967,0.0526206195906404
2022-12-14,0.0,0.0,0.04569500646454116,0.0,0.055648087626244284,0.048462742726545445,0.04191914476988073,0.0,0.0,0.07765679458872353,0.058077326252790745,0.0,0.0,0.0,0.02449787876730667,0.0,0.0,0.0,0.0,0.0,0.0,0.0930446209673757,0.3844480069063953,0.05542685703264967,0.0526206195906404
2022-12-15,0.0,0.0,0.04569500646454116,0.0,0.055648087626244284,0.048462742726545445,0.04191914476988073,0.0,0.0,0.07765679458872353,0.058077326252790745,0.0,0.0,0.0,0.02449787876730667,0.0,0.0,0.0,0.0,0.0,0.0,0.0930446209673757,0.3844480069063953,0.05542685703264967,0.0526206195906404
2022-12-16,0.0,0.0,0.04569500646454116,0.0,0.055648087626244284,0.048462742726545445,0.04191914476988073,0.0,0.0,0.07765679458872353,0.058077326252790745,0.0,0.0,0.0,0.02449787876730667,0.0,0.0,0.0,0.0,0.0,0.0,0.0930446209673757,0.3844480069063953,0.05542685703264967,0.0526206195906404
2022-12-19,0.0,0.0,0.04569500646454116,0.0,0.055648087626244284,0.048462742726545445,0.04191914476988073,0.0,0.0,0.07765679458872353,0.058077326252790745,0.0,0.0,0.0,0.02449787876730667,0.0,0.0,0.0,0.0,0.0,0.0,0.0930446209673757,0.3844480069063953,0.05542685703264967,0.0526206195906404
2022-12-20,0.0,0.0,0.04569500646454116,0.0,0.055648087626244284,0.048462742726545445,0.04191914476988073,0.0,0.0,0.07765679458872353,0.058077326252790745,0.0,0.0,0.0,0.02449787876730667,0.0,0.0,0.0,0.0,0.0,0.0,0.0930446209673757,0.3844480069063953,0.05542685703264967,0.0526206195906404
2022-12-21,0.0,0.0,0.04569500646454116,0.0,0.055648087626244284,0.048462742726545445,0.04191914476988073,0.0,0.0,0.07765679458872353,0.058077326252790745,0.0,0.0,0.0,0.02449787876730667,0.0,0.0,0.0,0.0,0.0,0.0,0.0930446209673757,0.3844480069063953,0.05542685703264967,0.0526206195906404
2022-12-22,0.0,0.0,0.04569500646454116,0.0,0.055648087626244284,0.048462742726545445,0.04191914476988073,0.0,0.0,0.07765679458872353,0.058077326252790745,0.0,0.0,0.0,0.02449787876730667,0.0,0.0,0.0,0.0,0.0,0.0,0.0930446209673757,0.3844480069063953,0.05542685703264967,0.0526206195906404
2022-12-23,0.0,0.0,0.04569500646454116,0.0,0.055648087626244284,0.048462742726545445,0.04191914476988073,0.0,0.0,0.07765679458872353,0.058077326252790745,0.0,0.0,0.0,0.02449787876730667,0.0,0.0,0.0,0.0,0.0,0.0,0.0930446209673757,0.3844480069063953,0.05542685703264967,0.0526206195906404
2022-12-26,0.0,0.0,0.04569500646454116,0.0,0.055648087626244284,0.048462742726545445,0.04191914476988073,0.0,0.0,0.07765679458872353,0.058077326252790745,0.0,0.0,0.0,0.02449787876730667,0.0,0.0,0.0,0.0,0.0,0.0,0.0930446209673757,0.3844480069063953,0.05542685703264967,0.0526206195906404
2022-12-27,0.0,0.0,0.04569500646454116,0.0,0.055648087626244284,0.048462742726545445,0.04191914476988073,0.0,0.0,0.07765679458872353,0.058077326252790745,0.0,0.0,0.0,0.02449787876730667,0.0,0.0,0.0,0.0,0.0,0.0,0.0930446209673757,0.3844480069063953,0.05542685703264967,0.0526206195906404
2022-12-28,0.0,0.0,0.04569500646454116,0.0,0.055648087626244284,0.048462742726545445,0.04191914476988073,0.0,0.0,0.07765679458872353,0.058077326252790745,0.0,0.0,0.0,0.02449787876730667,0.0,0.0,0.0,0.0,0.0,0.0,0.0930446209673757,0.3844480069063953,0.05542685703264967,0.0526206195906404
2022-12-29,0.0,0.0,0.04569500646454116,0.0,0.055648087626244284,0.048462742726545445,0.04191914476988073,0.0,0.0,0.07765679458872353,0.058077326252790745,0.0,0.0,0.0,0.02449787876730667,0.0,0.0,0.0,0.0,0.0,0.0,0.0930446209673757,0.3844480069063953,0.05542685703264967,0.0526206195906404
2022-12-30,0.0,0.0,0.04569500646454116,0.0,0.055648087626244284,0.048462742726545445,0.04191914476988073,0.0,0.0,0.07765679458872353,0.058077326252790745,0.0,0.0,0.0,0.02449787876730667,0.0,0.0,0.0,0.0,0.0,0.0,0.0930446209673757,0.3844480069063953,0.05542685703264967,0.0526206195906404
2023-01-03,0.0,0.0,0.0,0.0,0.03450086420965164,0.0,0.0,0.0,0.07087167929685788,0.056169617390366355,0.029075926328481928,0.0,0.0,0.0,0.03531470285431847,0.052138653713300676,0.0,0.0,0.0,0.0,0.0,0.07965325131991824,0.45453184188746104,0.05454146223528615,0.037721733218762536
2023-01-04,0.0,0.0,0.0,0.0,0.03450086420965164,0.0,0.0,0.0,0.07087167929685788,0.056169617390366355,0.029075926328481928,0.0,0.0,0.0,0.03531470285431847,0.052138653713300676,0.0,0.0,0.0,0.0,0.0,0.07965325131991824,0.45453184188746104,0.05454146223528615,0.037721733218762536
2023-01-05,0.0,0.0,0.0,0.0,0.03450086420965164,0.0,0.0,0.0,0.07087167929685788,0.056169617390366355,0.029075926328481928,0.0,0.0,0.0,0.03531470285431847,0.052138653713300676,0.0,0.0,0.0,0.0,0.0,0.07965325131991824,0.45453184188746104,0.05454146223528615,0.037721733218762536
2023-01-06,0.0,0.0,0.0,0.0,0.03450086420965164,0.0,0.0,0.0,0.07087167929685788,0.056169617390366355,0.029075926328481928,0.0,0.0,0.0,0.03531470285431847,0.052138653713300676,0.0,0.0,0.0,0.0,0.0,0.07965325131991824,0.45453184188746104,0.05454146223528615,0.037721733218762536
2023-01-09,0.0,0.0,0.0,0.0,0.03450086420965164,0.0,0.0,0.0,0.07087167929685788,0.056169617390366355,0.029075926328481928,0.0,0.0,0.0,0.03531470285431847,0.052138653713300676,0.0,0.0,0.0,0.0,0.0,0.07965325131991824,0.45453184188746104,0.05454146223528615,0.037721733218762536
2023-01-10,0.0,0.0,0.0,0.0,0.03450086420965164,0.0,0.0,0.0,0.07087167929685788,0.056169617390366355,0.029075926328481928,0.0,0.0,0.0,0.03531470285431847,0.052138653713300676,0.0,0.0,0.0,0.0,0.0,0.07965325131991824,0.45453184188746104,0.05454146223528615,0.037721733218762536
2023-01-11,0.0,0.0,0.0,0.0,0.03450086420965164,0.0,0.0,0.0,0.07087167929685788,0.056169617390366355,0.029075926328481928,0.0,0.0,0.0,0.03531470285431847,0.052138653713300676,0.0,0.0,0.0,0.0,0.0,0.07965325131991824,0.45453184188746104,0.05454146223528615,0.037721733218762536
2023-01-12,0.0,0.0,0.0,0.0,0.03450086420965164,0.0,0.0,0.0,0.07087167929685788,0.056169617390366355,0.029075926328481928,0.0,0.0,0.0,0.03531470285431847,0.052138653713300676,0.0,0.0,0.0,0.0,0.0,0.07965325131991824,0.45453184188746104,0.05454146223528615,0.037721733218762536
2023-01-13,0.0,0.0,0.0,0.0,0.03450086420965164,0.0,0.0,0.0,0.07087167929685788,0.056169617390366355,0.029075926328481928,0.0,0.0,0.0,0.03531470285431847,0.052138653713300676,0.0,0.0,0.0,0.0,0.0,0.07965325131991824,0.45453184188746104,0.05454146223528615,0.037721733218762536
2023-01-16,0.0,0.0,0.0,0.0,0.03450086420965164,0.0,0.0,0.0,0.07087167929685788,0.056169617390366355,0.029075926328481928,0.0,0.0,0.0,0.03531470285431847,0.052138653713300676,0.0,0.0,0.0,0.0,0.0,0.07965325131991824,0.45453184188746104,0.05454146223528615,0.037721733218762536
2023-01-17,0.0,0.0,0.0,0.0,0.03450086420965164,0.0,0.0,0.0,0.07087167929685788,0.056169617390366355,0.029075926328481928,0.0,0.0,0.0,0.03531470285431847,0.052138653713300676,0.0,0.0,0.0,0.0,0.0,0.07965325131991824,0.45453184188746104,0.05454146223528615,0.037721733218762536
2023-01-18,0.0,0.0,0.0,0.0,0.03450086420965164,0.0,0.0,0.0,0.07087167929685788,0.056169617390366355,0.029075926328481928,0.0,0.0,0.0,0.03531470285431847,0.052138653713300676,0.0,0.0,0.0,0.0,0.0,0.07965325131991824,0.45453184188746104,0.05454146223528615,0.037721733218762536
2023-01-19,0.0,0.0,0.0,0.0,0.03450086420965164,0.0,0.0,0.0,0.07087167929685788,0.056169617390366355,0.029075926328481928,0.0,0.0,0.0,0.03531470285431847,0.052138653713300676,0.0,0.0,0.0,0.0,0.0,0.07965325131991824,0.45453184188746104,0.05454146223528615,0.037721733218762536
2023-01-20,0.0,0.0,0.0,0.0,0.03450086420965164,0.0,0.0,0.0,0.07087167929685788,0.056169617390366355,0.029075926328481928,0.0,0.0,0.0,0.03531470285431847,0.052138653713300676,0.0,0.0,0.0,0.0,0.0,0.07965325131991824,0.45453184188746104,0.05454146223528615,0.037721733218762536
2023-01-23,0.0,0.0,0.0,0.0,0.03450086420965164,0.0,0.0,0.0,0.07087167929685788,0.056169617390366355,0.029075926328481928,0.0,0.0,0.0,0.03531470285431847,0.052138653713300676,0.0,0.0,0.0,0.0,0.0,0.07965325131991824,0.45453184188746104,0.05454146223528615,0.037721733218762536
2023-01-24,0.0,0.0,0.0,0.0,0.03450086420965164,0.0,0.0,0.0,0.07087167929685788,0.056169617390366355,0.029075926328481928,0.0,0.0,0.0,0.03531470285431847,0.052138653713300676,0.0,0.0,0.0,0.0,0.0,0.07965325131991824,0.45453184188746104,0.05454146223528615,0.037721733218762536
2023-01-25,0.0,0.0,0.0,0.0,0.03450086420965164,0.0,0.0,0.0,0.07087167929685788,0.056169617390366355,0.029075926328481928,0.0,0.0,0.0,0.03531470285431847,0.052138653713300676,0.0,0.0,0.0,0.0,0.0,0.07965325131991824,0.45453184188746104,0.05454146223528615,0.037721733218762536
2023-01-26,0.0,0.0,0.0,0.0,0.03450086420965164,0.0,0.0,0.0,0.07087167929685788,0.056169617390366355,0.029075926328481928,0.0,0.0,0.0,0.03531470285431847,0.052138653713300676,0.0,0.0,0.0,0.0,0.0,0.07965325131991824,0.45453184188746104,0.05454146223528615,0.037721733218762536
2023-01-27,0.0,0.0,0.0,0.0,0.03450086420965164,0.0,0.0,0.0,0.07087167929685788,0.056169617390366355,0.029075926328481928,0.0,0.0,0.0,0.03531470285431847,0.052138653713300676,0.0,0.0,0.0,0.0,0.0,0.07965325131991824,0.45453184188746104,0.05454146223528615,0.037721733218762536
2023-01-30,0.0,0.0,0.0,0.0,0.03450086420965164,0.0,0.0,0.0,0.07087167929685788,0.056169617390366355,0.029075926328481928,0.0,0.0,0.0,0.03531470285431847,0.052138653713300676,0.0,0.0,0.0,0.0,0.0,0.07965325131991824,0.45453184188746104,0.05454146223528615,0.037721733218762536
2023-01-31,0.0,0.0,0.0,0.0,0.03450086420965164,0.0,0.0,0.0,0.07087167929685788,0.056169617390366355,0.029075926328481928,0.0,0.0,0.0,0.03531470285431847,0.052138653713300676,0.0,0.0,0.0,0.0,0.0,0.07965325131991824,0.45453184188746104,0.05454146223528615,0.037721733218762536
2023-02-01,0.04121018867197184,0.04191114324033642,0.05015100064300906,0.07496524849853929,0.05505754589758909,0.03742280549779977,0.04701247373029347,0.0,0.0,0.15341967561444067,0.10601846657688538,0.0,0.0,0.0,0.0,0.21991108231472398,0.0,0.0,0.0,0.0,0.0,0.0,0.0,0.0,0.0
2023-02-02,0.04121018867197184,0.04191114324033642,0.05015100064300906,0.07496524849853929,0.05505754589758909,0.03742280549779977,0.04701247373029347,0.0,0.0,0.15341967561444067,0.10601846657688538,0.0,0.0,0.0,0.0,0.21991108231472398,0.0,0.0,0.0,0.0,0.0,0.0,0.0,0.0,0.0
2023-02-03,0.04121018867197184,0.04191114324033642,0.05015100064300906,0.07496524849853929,0.05505754589758909,0.03742280549779977,0.04701247373029347,0.0,0.0,0.15341967561444067,0.10601846657688538,0.0,0.0,0.0,0.0,0.21991108231472398,0.0,0.0,0.0,0.0,0.0,0.0,0.0,0.0,0.0
2023-02-06,0.04121018867197184,0.04191114324033642,0.05015100064300906,0.07496524849853929,0.05505754589758909,0.03742280549779977,0.04701247373029347,0.0,0.0,0.15341967561444067,0.10601846657688538,0.0,0.0,0.0,0.0,0.21991108231472398,0.0,0.0,0.0,0.0,0.0,0.0,0.0,0.0,0.0
2023-02-07,0.04121018867197184,0.04191114324033642,0.05015100064300906,0.07496524849853929,0.05505754589758909,0.03742280549779977,0.04701247373029347,0.0,0.0,0.15341967561444067,0.10601846657688538,0.0,0.0,0.0,0.0,0.21991108231472398,0.0,0.0,0.0,0.0,0.0,0.0,0.0,0.0,0.0
2023-02-08,0.04121018867197184,0.04191114324033642,0.05015100064300906,0.07496524849853929,0.05505754589758909,0.03742280549779977,0.04701247373029347,0.0,0.0,0.15341967561444067,0.10601846657688538,0.0,0.0,0.0,0.0,0.21991108231472398,0.0,0.0,0.0,0.0,0.0,0.0,0.0,0.0,0.0
2023-02-09,0.04121018867197184,0.04191114324033642,0.05015100064300906,0.07496524849853929,0.05505754589758909,0.03742280549779977,0.04701247373029347,0.0,0.0,0.15341967561444067,0.10601846657688538,0.0,0.0,0.0,0.0,0.21991108231472398,0.0,0.0,0.0,0.0,0.0,0.0,0.0,0.0,0.0
2023-02-10,0.04121018867197184,0.04191114324033642,0.05015100064300906,0.07496524849853929,0.05505754589758909,0.03742280549779977,0.04701247373029347,0.0,0.0,0.15341967561444067,0.10601846657688538,0.0,0.0,0.0,0.0,0.21991108231472398,0.0,0.0,0.0,0.0,0.0,0.0,0.0,0.0,0.0
2023-02-13,0.04121018867197184,0.04191114324033642,0.05015100064300906,0.07496524849853929,0.05505754589758909,0.03742280549779977,0.04701247373029347,0.0,0.0,0.15341967561444067,0.10601846657688538,0.0,0.0,0.0,0.0,0.21991108231472398,0.0,0.0,0.0,0.0,0.0,0.0,0.0,0.0,0.0
2023-02-14,0.04121018867197184,0.04191114324033642,0.05015100064300906,0.07496524849853929,0.05505754589758909,0.03742280549779977,0.04701247373029347,0.0,0.0,0.15341967561444067,0.10601846657688538,0.0,0.0,0.0,0.0,0.21991108231472398,0.0,0.0,0.0,0.0,0.0,0.0,0.0,0.0,0.0
2023-02-15,0.04121018867197184,0.04191114324033642,0.05015100064300906,0.07496524849853929,0.05505754589758909,0.03742280549779977,0.04701247373029347,0.0,0.0,0.15341967561444067,0.10601846657688538,0.0,0.0,0.0,0.0,0.21991108231472398,0.0,0.0,0.0,0.0,0.0,0.0,0.0,0.0,0.0
2023-02-16,0.04121018867197184,0.04191114324033642,0.05015100064300906,0.07496524849853929,0.05505754589758909,0.03742280549779977,0.04701247373029347,0.0,0.0,0.15341967561444067,0.10601846657688538,0.0,0.0,0.0,0.0,0.21991108231472398,0.0,0.0,0.0,0.0,0.0,0.0,0.0,0.0,0.0
2023-02-17,0.04121018867197184,0.04191114324033642,0.05015100064300906,0.07496524849853929,0.05505754589758909,0.03742280549779977,0.04701247373029347,0.0,0.0,0.15341967561444067,0.10601846657688538,0.0,0.0,0.0,0.0,0.21991108231472398,0.0,0.0,0.0,0.0,0.0,0.0,0.0,0.0,0.0
2023-02-20,0.04121018867197184,0.04191114324033642,0.05015100064300906,0.07496524849853929,0.05505754589758909,0.03742280549779977,0.04701247373029347,0.0,0.0,0.15341967561444067,0.10601846657688538,0.0,0.0,0.0,0.0,0.21991108231472398,0.0,0.0,0.0,0.0,0.0,0.0,0.0,0.0,0.0
2023-02-21,0.04121018867197184,0.04191114324033642,0.05015100064300906,0.07496524849853929,0.05505754589758909,0.03742280549779977,0.04701247373029347,0.0,0.0,0.15341967561444067,0.10601846657688538,0.0,0.0,0.0,0.0,0.21991108231472398,0.0,0.0,0.0,0.0,0.0,0.0,0.0,0.0,0.0
2023-02-22,0.04121018867197184,0.04191114324033642,0.05015100064300906,0.07496524849853929,0.05505754589758909,0.03742280549779977,0.04701247373029347,0.0,0.0,0.15341967561444067,0.10601846657688538,0.0,0.0,0.0,0.0,0.21991108231472398,0.0,0.0,0.0,0.0,0.0,0.0,0.0,0.0,0.0
2023-02-23,0.04121018867197184,0.04191114324033642,0.05015100064300906,0.07496524849853929,0.05505754589758909,0.03742280549779977,0.04701247373029347,0.0,0.0,0.15341967561444067,0.10601846657688538,0.0,0.0,0.0,0.0,0.21991108231472398,0.0,0.0,0.0,0.0,0.0,0.0,0.0,0.0,0.0
2023-02-24,0.04121018867197184,0.04191114324033642,0.05015100064300906,0.07496524849853929,0.05505754589758909,0.03742280549779977,0.04701247373029347,0.0,0.0,0.15341967561444067,0.10601846657688538,0.0,0.0,0.0,0.0,0.21991108231472398,0.0,0.0,0.0,0.0,0.0,0.0,0.0,0.0,0.0
2023-02-27,0.04121018867197184,0.04191114324033642,0.05015100064300906,0.07496524849853929,0.05505754589758909,0.03742280549779977,0.04701247373029347,0.0,0.0,0.15341967561444067,0.10601846657688538,0.0,0.0,0.0,0.0,0.21991108231472398,0.0,0.0,0.0,0.0,0.0,0.0,0.0,0.0,0.0
2023-02-28,0.04121018867197184,0.04191114324033642,0.05015100064300906,0.07496524849853929,0.05505754589758909,0.03742280549779977,0.04701247373029347,0.0,0.0,0.15341967561444067,0.10601846657688538,0.0,0.0,0.0,0.0,0.21991108231472398,0.0,0.0,0.0,0.0,0.0,0.0,0.0,0.0,0.0
2023-03-01,0.06747324332162892,0.06920632890751723,0.04942109017019253,0.08163602419847256,0.07809006249472096,0.06324946403467309,0.05632627379697367,0.0,0.0,0.1952651023724952,0.0,0.0,0.0,0.0,0.0,0.13070102244766424,0.0,0.0,0.0,0.0,0.0,0.0,0.0,0.0,0.0
2023-03-02,0.06747324332162892,0.06920632890751723,0.04942109017019253,0.08163602419847256,0.07809006249472096,0.06324946403467309,0.05632627379697367,0.0,0.0,0.1952651023724952,0.0,0.0,0.0,0.0,0.0,0.13070102244766424,0.0,0.0,0.0,0.0,0.0,0.0,0.0,0.0,0.0
2023-03-03,0.06747324332162892,0.06920632890751723,0.04942109017019253,0.08163602419847256,0.07809006249472096,0.06324946403467309,0.05632627379697367,0.0,0.0,0.1952651023724952,0.0,0.0,0.0,0.0,0.0,0.13070102244766424,0.0,0.0,0.0,0.0,0.0,0.0,0.0,0.0,0.0
2023-03-06,0.06747324332162892,0.06920632890751723,0.04942109017019253,0.08163602419847256,0.07809006249472096,0.06324946403467309,0.05632627379697367,0.0,0.0,0.1952651023724952,0.0,0.0,0.0,0.0,0.0,0.13070102244766424,0.0,0.0,0.0,0.0,0.0,0.0,0.0,0.0,0.0
2023-03-07,0.06747324332162892,0.06920632890751723,0.04942109017019253,0.08163602419847256,0.07809006249472096,0.06324946403467309,0.05632627379697367,0.0,0.0,0.1952651023724952,0.0,0.0,0.0,0.0,0.0,0.13070102244766424,0.0,0.0,0.0,0.0,0.0,0.0,0.0,0.0,0.0
2023-03-08,0.06747324332162892,0.06920632890751723,0.04942109017019253,0.08163602419847256,0.07809006249472096,0.06324946403467309,0.05632627379697367,0.0,0.0,0.1952651023724952,0.0,0.0,0.0,0.0,0.0,0.13070102244766424,0.0,0.0,0.0,0.0,0.0,0.0,0.0,0.0,0.0
2023-03-09,0.06747324332162892,0.06920632890751723,0.04942109017019253,0.08163602419847256,0.07809006249472096,0.06324946403467309,0.05632627379697367,0.0,0.0,0.1952651023724952,0.0,0.0,0.0,0.0,0.0,0.13070102244766424,0.0,0.0,0.0,0.0,0.0,0.0,0.0,0.0,0.0
2023-03-10,0.06747324332162892,0.06920632890751723,0.04942109017019253,0.08163602419847256,0.07809006249472096,0.06324946403467309,0.05632627379697367,0.0,0.0,0.1952651023724952,0.0,0.0,0.0,0.0,0.0,0.13070102244766424,0.0,0.0,0.0,0.0,0.0,0.0,0.0,0.0,0.0
2023-03-13,0.06747324332162892,0.06920632890751723,0.04942109017019253,0.08163602419847256,0.07809006249472096,0.06324946403467309,0.05632627379697367,0.0,0.0,0.1952651023724952,0.0,0.0,0.0,0.0,0.0,0.13070102244766424,0.0,0.0,0.0,0.0,0.0,0.0,0.0,0.0,0.0
2023-03-14,0.06747324332162892,0.06920632890751723,0.04942109017019253,0.08163602419847256,0.07809006249472096,0.06324946403467309,0.05632627379697367,0.0,0.0,0.1952651023724952,0.0,0.0,0.0,0.0,0.0,0.13070102244766424,0.0,0.0,0.0,0.0,0.0,0.0,0.0,0.0,0.0
2023-03-15,0.06747324332162892,0.06920632890751723,0.04942109017019253,0.08163602419847256,0.07809006249472096,0.06324946403467309,0.05632627379697367,0.0,0.0,0.1952651023724952,0.0,0.0,0.0,0.0,0.0,0.13070102244766424,0.0,0.0,0.0,0.0,0.0,0.0,0.0,0.0,0.0
2023-03-16,0.06747324332162892,0.06920632890751723,0.04942109017019253,0.08163602419847256,0.07809006249472096,0.06324946403467309,0.05632627379697367,0.0,0.0,0.1952651023724952,0.0,0.0,0.0,0.0,0.0,0.13070102244766424,0.0,0.0,0.0,0.0,0.0,0.0,0.0,0.0,0.0
2023-03-17,0.06747324332162892,0.06920632890751723,0.04942109017019253,0.08163602419847256,0.07809006249472096,0.06324946403467309,0.05632627379697367,0.0,0.0,0.1952651023724952,0.0,0.0,0.0,0.0,0.0,0.13070102244766424,0.0,0.0,0.0,0.0,0.0,0.0,0.0,0.0,0.0
2023-03-20,0.06747324332162892,0.06920632890751723,0.04942109017019253,0.08163602419847256,0.07809006249472096,0.06324946403467309,0.05632627379697367,0.0,0.0,0.1952651023724952,0.0,0.0,0.0,0.0,0.0,0.13070102244766424,0.0,0.0,0.0,0.0,0.0,0.0,0.0,0.0,0.0
2023-03-21,0.06747324332162892,0.06920632890751723,0.04942109017019253,0.08163602419847256,0.07809006249472096,0.06324946403467309,0.05632627379697367,0.0,0.0,0.1952651023724952,0.0,0.0,0.0,0.0,0.0,0.13070102244766424,0.0,0.0,0.0,0.0,0.0,0.0,0.0,0.0,0.0
2023-03-22,0.06747324332162892,0.06920632890751723,0.04942109017019253,0.08163602419847256,0.07809006249472096,0.06324946403467309,0.05632627379697367,0.0,0.0,0.1952651023724952,0.0,0.0,0.0,0.0,0.0,0.13070102244766424,0.0,0.0,0.0,0.0,0.0,0.0,0.0,0.0,0.0
2023-03-23,0.06747324332162892,0.06920632890751723,0.04942109017019253,0.08163602419847256,0.07809006249472096,0.06324946403467309,0.05632627379697367,0.0,0.0,0.1952651023724952,0.0,0.0,0.0,0.0,0.0,0.13070102244766424,0.0,0.0,0.0,0.0,0.0,0.0,0.0,0.0,0.0
2023-03-24,0.06747324332162892,0.06920632890751723,0.04942109017019253,0.08163602419847256,0.07809006249472096,0.06324946403467309,0.05632627379697367,0.0,0.0,0.1952651023724952,0.0,0.0,0.0,0.0,0.0,0.13070102244766424,0.0,0.0,0.0,0.0,0.0,0.0,0.0,0.0,0.0
2023-03-27,0.06747324332162892,0.06920632890751723,0.04942109017019253,0.08163602419847256,0.07809006249472096,0.06324946403467309,0.05632627379697367,0.0,0.0,0.1952651023724952,0.0,0.0,0.0,0.0,0.0,0.13070102244766424,0.0,0.0,0.0,0.0,0.0,0.0,0.0,0.0,0.0
2023-03-28,0.06747324332162892,0.06920632890751723,0.04942109017019253,0.08163602419847256,0.07809006249472096,0.06324946403467309,0.05632627379697367,0.0,0.0,0.1952651023724952,0.0,0.0,0.0,0.0,0.0,0.13070102244766424,0.0,0.0,0.0,0.0,0.0,0.0,0.0,0.0,0.0
2023-03-29,0.06747324332162892,0.06920632890751723,0.04942109017019253,0.08163602419847256,0.07809006249472096,0.06324946403467309,0.05632627379697367,0.0,0.0,0.1952651023724952,0.0,0.0,0.0,0.0,0.0,0.13070102244766424,0.0,0.0,0.0,0.0,0.0,0.0,0.0,0.0,0.0
2023-03-30,0.06747324332162892,0.06920632890751723,0.04942109017019253,0.08163602419847256,0.07809006249472096,0.06324946403467309,0.05632627379697367,0.0,0.0,0.1952651023724952,0.0,0.0,0.0,0.0,0.0,0.13070102244766424,0.0,0.0,0.0,0.0,0.0,0.0,0.0,0.0,0.0
2023-03-31,0.06747324332162892,0.06920632890751723,0.04942109017019253,0.08163602419847256,0.07809006249472096,0.06324946403467309,0.05632627379697367,0.0,0.0,0.1952651023724952,0.0,0.0,0.0,0.0,0.0,0.13070102244766424,0.0,0.0,0.0,0.0,0.0,0.0,0.0,0.0,0.0
2023-04-03,0.08564227747696149,0.086676875135289,0.08514987771468496,0.07971188566262694,0.09375380857209994,0.0638754283144404,0.06134164251457374,0.0,0.0,0.16347621225668552,0.0,0.0,0.0,0.0,0.0,0.0526556986950298,0.0,0.0,0.0,0.0,0.0,0.0,0.0,0.0,0.0
2023-04-04,0.08564227747696149,0.086676875135289,0.08514987771468496,0.07971188566262694,0.09375380857209994,0.0638754283144404,0.06134164251457374,0.0,0.0,0.16347621225668552,0.0,0.0,0.0,0.0,0.0,0.0526556986950298,0.0,0.0,0.0,0.0,0.0,0.0,0.0,0.0,0.0
2023-04-05,0.08564227747696149,0.086676875135289,0.08514987771468496,0.07971188566262694,0.09375380857209994,0.0638754283144404,0.06134164251457374,0.0,0.0,0.16347621225668552,0.0,0.0,0.0,0.0,0.0,0.0526556986950298,0.0,0.0,0.0,0.0,0.0,0.0,0.0,0.0,0.0
2023-04-06,0.08564227747696149,0.086676875135289,0.08514987771468496,0.07971188566262694,0.09375380857209994,0.0638754283144404,0.06134164251457374,0.0,0.0,0.16347621225668552,0.0,0.0,0.0,0.0,0.0,0.0526556986950298,0.0,0.0,0.0,0.0,0.0,0.0,0.0,0.0,0.0
2023-04-07,0.08564227747696149,0.086676875135289,0.08514987771468496,0.07971188566262694,0.09375380857209994,0.0638754283144404,0.06134164251457374,0.0,0.0,0.16347621225668552,0.0,0.0,0.0,0.0,0.0,0.0526556986950298,0.0,0.0,0.0,0.0,0.0,0.0,0.0,0.0,0.0
2023-04-10,0.08564227747696149,0.086676875135289,0.08514987771468496,0.07971188566262694,0.09375380857209994,0.0638754283144404,0.06134164251457374,0.0,0.0,0.16347621225668552,0.0,0.0,0.0,0.0,0.0,0.0526556986950298,0.0,0.0,0.0,0.0,0.0,0.0,0.0,0.0,0.0
2023-04-11,0.08564227747696149,0.086676875135289,0.08514987771468496,0.07971188566262694,0.09375380857209994,0.0638754283144404,0.06134164251457374,0.0,0.0,0.16347621225668552,0.0,0.0,0.0,0.0,0.0,0.0526556986950298,0.0,0.0,0.0,0.0,0.0,0.0,0.0,0.0,0.0
2023-04-12,0.08564227747696149,0.086676875135289,0.08514987771468496,0.07971188566262694,0.09375380857209994,0.0638754283144404,0.06134164251457374,0.0,0.0,0.16347621225668552,0.0,0.0,0.0,0.0,0.0,0.0526556986950298,0.0,0.0,0.0,0.0,0.0,0.0,0.0,0.0,0.0
2023-04-13,0.08564227747696149,0.086676875135289,0.08514987771468496,0.07971188566262694,0.09375380857209994,0.0638754283144404,0.06134164251457374,0.0,0.0,0.16347621225668552,0.0,0.0,0.0,0.0,0.0,0.0526556986950298,0.0,0.0,0.0,0.0,0.0,0.0,0.0,0.0,0.0
2023-04-14,0.08564227747696149,0.086676875135289,0.08514987771468496,0.07971188566262694,0.09375380857209994,0.0638754283144404,0.06134164251457374,0.0,0.0,0.16347621225668552,0.0,0.0,0.0,0.0,0.0,0.0526556986950298,0.0,0.0,0.0,0.0,0.0,0.0,0.0,0.0,0.0
2023-04-17,0.08564227747696149,0.086676875135289,0.08514987771468496,0.07971188566262694,0.09375380857209994,0.0638754283144404,0.06134164251457374,0.0,0.0,0.16347621225668552,0.0,0.0,0.0,0.0,0.0,0.0526556986950298,0.0,0.0,0.0,0.0,0.0,0.0,0.0,0.0,0.0
2023-04-18,0.08564227747696149,0.086676875135289,0.08514987771468496,0.07971188566262694,0.09375380857209994,0.0638754283144404,0.06134164251457374,0.0,0.0,0.16347621225668552,0.0,0.0,0.0,0.0,0.0,0.0526556986950298,0.0,0.0,0.0,0.0,0.0,0.0,0.0,0.0,0.0
2023-04-19,0.08564227747696149,0.086676875135289,0.08514987771468496,0.07971188566262694,0.09375380857209994,0.0638754283144404,0.06134164251457374,0.0,0.0,0.16347621225668552,0.0,0.0,0.0,0.0,0.0,0.0526556986950298,0.0,0.0,0.0,0.0,0.0,0.0,0.0,0.0,0.0
2023-04-20,0.08564227747696149,0.086676875135289,0.08514987771468496,0.07971188566262694,0.09375380857209994,0.0638754283144404,0.06134164251457374,0.0,0.0,0.16347621225668552,0.0,0.0,0.0,0.0,0.0,0.0526556986950298,0.0,0.0,0.0,0.0,0.0,0.0,0.0,0.0,0.0
2023-04-21,0.08564227747696149,0.086676875135289,0.08514987771468496,0.07971188566262694,0.09375380857209994,0.0638754283144404,0.06134164251457374,0.0,0.0,0.16347621225668552,0.0,0.0,0.0,0.0,0.0,0.0526556986950298,0.0,0.0,0.0,0.0,0.0,0.0,0.0,0.0,0.0
2023-04-24,0.08564227747696149,0.086676875135289,0.08514987771468496,0.07971188566262694,0.09375380857209994,0.0638754283144404,0.06134164251457374,0.0,0.0,0.16347621225668552,0.0,0.0,0.0,0.0,0.0,0.0526556986950298,0.0,0.0,0.0,0.0,0.0,0.0,0.0,0.0,0.0
2023-04-25,0.08564227747696149,0.086676875135289,0.08514987771468496,0.07971188566262694,0.09375380857209994,0.0638754283144404,0.06134164251457374,0.0,0.0,0.16347621225668552,0.0,0.0,0.0,0.0,0.0,0.0526556986950298,0.0,0.0,0.0,0.0,0.0,0.0,0.0,0.0,0.0
2023-04-26,0.08564227747696149,0.086676875135289,0.08514987771468496,0.07971188566262694,0.09375380857209994,0.0638754283144404,0.06134164251457374,0.0,0.0,0.16347621225668552,0.0,0.0,0.0,0.0,0.0,0.0526556986950298,0.0,0.0,0.0,0.0,0.0,0.0,0.0,0.0,0.0
2023-04-27,0.08564227747696149,0.086676875135289,0.08514987771468496,0.07971188566262694,0.09375380857209994,0.0638754283144404,0.06134164251457374,0.0,0.0,0.16347621225668552,0.0,0.0,0.0,0.0,0.0,0.0526556986950298,0.0,0.0,0.0,0.0,0.0,0.0,0.0,0.0,0.0
2023-04-28,0.08564227747696149,0.086676875135289,0.08514987771468496,0.07971188566262694,0.09375380857209994,0.0638754283144404,0.06134164251457374,0.0,0.0,0.16347621225668552,0.0,0.0,0.0,0.0,0.0,0.0526556986950298,0.0,0.0,0.0,0.0,0.0,0.0,0.0,0.0,0.0
2023-05-01,0.08961783074380414,0.08845078737807878,0.06613659813707823,0.08169126744908847,0.09750707001703311,0.06402266923403588,0.06597087437829993,0.0,0.0,0.10132530351402458,0.0,0.0,0.0,0.0,0.0,0.10879826283357903,0.0,0.0,0.0,0.0,0.0,0.0,0.0,0.0,0.0
2023-05-02,0.08961783074380414,0.08845078737807878,0.06613659813707823,0.08169126744908847,0.09750707001703311,0.06402266923403588,0.06597087437829993,0.0,0.0,0.10132530351402458,0.0,0.0,0.0,0.0,0.0,0.10879826283357903,0.0,0.0,0.0,0.0,0.0,0.0,0.0,0.0,0.0
2023-05-03,0.08961783074380414,0.08845078737807878,0.06613659813707823,0.08169126744908847,0.09750707001703311,0.06402266923403588,0.06597087437829993,0.0,0.0,0.10132530351402458,0.0,0.0,0.0,0.0,0.0,0.10879826283357903,0.0,0.0,0.0,0.0,0.0,0.0,0.0,0.0,0.0
2023-05-04,0.08961783074380414,0.08845078737807878,0.06613659813707823,0.08169126744908847,0.09750707001703311,0.06402266923403588,0.06597087437829993,0.0,0.0,0.10132530351402458,0.0,0.0,0.0,0.0,0.0,0.10879826283357903,0.0,0.0,0.0,0.0,0.0,0.0,0.0,0.0,0.0
2023-05-05,0.08961783074380414,0.08845078737807878,0.06613659813707823,0.08169126744908847,0.09750707001703311,0.06402266923403588,0.06597087437829993,0.0,0.0,0.10132530351402458,0.0,0.0,0.0,0.0,0.0,0.10879826283357903,0.0,0.0,0.0,0.0,0.0,0.0,0.0,0.0,0.0
2023-05-08,0.08961783074380414,0.08845078737807878,0.06613659813707823,0.08169126744908847,0.09750707001703311,0.06402266923403588,0.06597087437829993,0.0,0.0,0.10132530351402458,0.0,0.0,0.0,0.0,0.0,0.10879826283357903,0.0,0.0,0.0,0.0,0.0,0.0,0.0,0.0,0.0
2023-05-09,0.08961783074380414,0.08845078737807878,0.06613659813707823,0.08169126744908847,0.09750707001703311,0.06402266923403588,0.06597087437829993,0.0,0.0,0.10132530351402458,0.0,0.0,0.0,0.0,0.0,0.10879826283357903,0.0,0.0,0.0,0.0,0.0,0.0,0.0,0.0,0.0
2023-05-10,0.08961783074380414,0.08845078737807878,0.06613659813707823,0.08169126744908847,0.09750707001703311,0.06402266923403588,0.06597087437829993,0.0,0.0,0.10132530351402458,0.0,0.0,0.0,0.0,0.0,0.10879826283357903,0.0,0.0,0.0,0.0,0.0,0.0,0.0,0.0,0.0
2023-05-11,0.08961783074380414,0.08845078737807878,0.06613659813707823,0.08169126744908847,0.09750707001703311,0.06402266923403588,0.06597087437829993,0.0,0.0,0.10132530351402458,0.0,0.0,0.0,0.0,0.0,0.10879826283357903,0.0,0.0,0.0,0.0,0.0,0.0,0.0,0.0,0.0
2023-05-12,0.08961783074380414,0.08845078737807878,0.06613659813707823,0.08169126744908847,0.09750707001703311,0.06402266923403588,0.06597087437829993,0.0,0.0,0.10132530351402458,0.0,0.0,0.0,0.0,0.0,0.10879826283357903,0.0,0.0,0.0,0.0,0.0,0.0,0.0,0.0,0.0
2023-05-15,0.08961783074380414,0.08845078737807878,0.06613659813707823,0.08169126744908847,0.09750707001703311,0.06402266923403588,0.06597087437829993,0.0,0.0,0.10132530351402458,0.0,0.0,0.0,0.0,0.0,0.10879826283357903,0.0,0.0,0.0,0.0,0.0,0.0,0.0,0.0,0.0
2023-05-16,0.08961783074380414,0.08845078737807878,0.06613659813707823,0.08169126744908847,0.09750707001703311,0.06402266923403588,0.06597087437829993,0.0,0.0,0.10132530351402458,0.0,0.0,0.0,0.0,0.0,0.10879826283357903,0.0,0.0,0.0,0.0,0.0,0.0,0.0,0.0,0.0
2023-05-17,0.08961783074380414,0.08845078737807878,0.06613659813707823,0.08169126744908847,0.09750707001703311,0.06402266923403588,0.06597087437829993,0.0,0.0,0.10132530351402458,0.0,0.0,0.0,0.0,0.0,0.10879826283357903,0.0,0.0,0.0,0.0,0.0,0.0,0.0,0.0,0.0
2023-05-18,0.08961783074380414,0.08845078737807878,0.06613659813707823,0.08169126744908847,0.09750707001703311,0.06402266923403588,0.06597087437829993,0.0,0.0,0.10132530351402458,0.0,0.0,0.0,0.0,0.0,0.10879826283357903,0.0,0.0,0.0,0.0,0.0,0.0,0.0,0.0,0.0
2023-05-19,0.08961783074380414,0.08845078737807878,0.06613659813707823,0.08169126744908847,0.09750707001703311,0.06402266923403588,0.06597087437829993,0.0,0.0,0.10132530351402458,0.0,0.0,0.0,0.0,0.0,0.10879826283357903,0.0,0.0,0.0,0.0,0.0,0.0,0.0,0.0,0.0
2023-05-22,0.08961783074380414,0.08845078737807878,0.06613659813707823,0.08169126744908847,0.09750707001703311,0.06402266923403588,0.06597087437829993,0.0,0.0,0.10132530351402458,0.0,0.0,0.0,0.0,0.0,0.10879826283357903,0.0,0.0,0.0,0.0,0.0,0.0,0.0,0.0,0.0
2023-05-23,0.08961783074380414,0.08845078737807878,0.06613659813707823,0.08169126744908847,0.09750707001703311,0.06402266923403588,0.06597087437829993,0.0,0.0,0.10132530351402458,0.0,0.0,0.0,0.0,0.0,0.10879826283357903,0.0,0.0,0.0,0.0,0.0,0.0,0.0,0.0,0.0
2023-05-24,0.08961783074380414,0.08845078737807878,0.06613659813707823,0.08169126744908847,0.09750707001703311,0.06402266923403588,0.06597087437829993,0.0,0.0,0.10132530351402458,0.0,0.0,0.0,0.0,0.0,0.10879826283357903,0.0,0.0,0.0,0.0,0.0,0.0,0.0,0.0,0.0
2023-05-25,0.08961783074380414,0.08845078737807878,0.06613659813707823,0.08169126744908847,0.09750707001703311,0.06402266923403588,0.06597087437829993,0.0,0.0,0.10132530351402458,0.0,0.0,0.0,0.0,0.0,0.10879826283357903,0.0,0.0,0.0,0.0,0.0,0.0,0.0,0.0,0.0
2023-05-26,0.08961783074380414,0.08845078737807878,0.06613659813707823,0.08169126744908847,0.09750707001703311,0.06402266923403588,0.06597087437829993,0.0,0.0,0.10132530351402458,0.0,0.0,0.0,0.0,0.0,0.10879826283357903,0.0,0.0,0.0,0.0,0.0,0.0,0.0,0.0,0.0
2023-05-29,0.08961783074380414,0.08845078737807878,0.06613659813707823,0.08169126744908847,0.09750707001703311,0.06402266923403588,0.06597087437829993,0.0,0.0,0.10132530351402458,0.0,0.0,0.0,0.0,0.0,0.10879826283357903,0.0,0.0,0.0,0.0,0.0,0.0,0.0,0.0,0.0
2023-05-30,0.08961783074380414,0.08845078737807878,0.06613659813707823,0.08169126744908847,0.09750707001703311,0.06402266923403588,0.06597087437829993,0.0,0.0,0.10132530351402458,0.0,0.0,0.0,0.0,0.0,0.10879826283357903,0.0,0.0,0.0,0.0,0.0,0.0,0.0,0.0,0.0
2023-05-31,0.08961783074380414,0.08845078737807878,0.06613659813707823,0.08169126744908847,0.09750707001703311,0.06402266923403588,0.06597087437829993,0.0,0.0,0.10132530351402458,0.0,0.0,0.0,0.0,0.0,0.10879826283357903,0.0,0.0,0.0,0.0,0.0,0.0,0.0,0.0,0.0
2023-06-01,0.07544375124417549,0.07796757772428368,0.06618432272472721,0.12659769501914267,0.09712229597432208,0.05584109519149101,0.07228384539759254,0.0,0.0,0.11202094969224691,0.0,0.0,0.0,0.0,0.0,0.0,0.0,0.0,0.0,0.0,0.0,0.0,0.0,0.0,0.0
2023-06-02,0.07544375124417549,0.07796757772428368,0.06618432272472721,0.12659769501914267,0.09712229597432208,0.05584109519149101,0.07228384539759254,0.0,0.0,0.11202094969224691,0.0,0.0,0.0,0.0,0.0,0.0,0.0,0.0,0.0,0.0,0.0,0.0,0.0,0.0,0.0
2023-06-05,0.07544375124417549,0.07796757772428368,0.06618432272472721,0.12659769501914267,0.09712229597432208,0.05584109519149101,0.07228384539759254,0.0,0.0,0.11202094969224691,0.0,0.0,0.0,0.0,0.0,0.0,0.0,0.0,0.0,0.0,0.0,0.0,0.0,0.0,0.0
2023-06-06,0.07544375124417549,0.07796757772428368,0.06618432272472721,0.12659769501914267,0.09712229597432208,0.05584109519149101,0.07228384539759254,0.0,0.0,0.11202094969224691,0.0,0.0,0.0,0.0,0.0,0.0,0.0,0.0,0.0,0.0,0.0,0.0,0.0,0.0,0.0
2023-06-07,0.07544375124417549,0.07796757772428368,0.06618432272472721,0.12659769501914267,0.09712229597432208,0.05584109519149101,0.07228384539759254,0.0,0.0,0.11202094969224691,0.0,0.0,0.0,0.0,0.0,0.0,0.0,0.0,0.0,0.0,0.0,0.0,0.0,0.0,0.0
2023-06-08,0.07544375124417549,0.07796757772428368,0.06618432272472721,0.12659769501914267,0.09712229597432208,0.05584109519149101,0.07228384539759254,0.0,0.0,0.11202094969224691,0.0,0.0,0.0,0.0,0.0,0.0,0.0,0.0,0.0,0.0,0.0,0.0,0.0,0.0,0.0
2023-06-09,0.07544375124417549,0.07796757772428368,0.06618432272472721,0.12659769501914267,0.09712229597432208,0.05584109519149101,0.07228384539759254,0.0,0.0,0.11202094969224691,0.0,0.0,0.0,0.0,0.0,0.0,0.0,0.0,0.0,0.0,0.0,0.0,0.0,0.0,0.0
2023-06-12,0.07544375124417549,0.07796757772428368,0.06618432272472721,0.12659769501914267,0.09712229597432208,0.05584109519149101,0.07228384539759254,0.0,0.0,0.11202094969224691,0.0,0.0,0.0,0.0,0.0,0.0,0.0,0.0,0.0,0.0,0.0,0.0,0.0,0.0,0.0
2023-06-13,0.07544375124417549,0.07796757772428368,0.06618432272472721,0.12659769501914267,0.09712229597432208,0.05584109519149101,0.07228384539759254,0.0,0.0,0.11202094969224691,0.0,0.0,0.0,0.0,0.0,0.0,0.0,0.0,0.0,0.0,0.0,0.0,0.0,0.0,0.0
2023-06-14,0.07544375124417549,0.07796757772428368,0.06618432272472721,0.12659769501914267,0.09712229597432208,0.05584109519149101,0.07228384539759254,0.0,0.0,0.11202094969224691,0.0,0.0,0.0,0.0,0.0,0.0,0.0,0.0,0.0,0.0,0.0,0.0,0.0,0.0,0.0
2023-06-15,0.07544375124417549,0.07796757772428368,0.06618432272472721,0.12659769501914267,0.09712229597432208,0.05584109519149101,0.07228384539759254,0.0,0.0,0.11202094969224691,0.0,0.0,0.0,0.0,0.0,0.0,0.0,0.0,0.0,0.0,0.0,0.0,0.0,0.0,0.0
2023-06-16,0.07544375124417549,0.07796757772428368,0.06618432272472721,0.12659769501914267,0.09712229597432208,0.05584109519149101,0.07228384539759254,0.0,0.0,0.11202094969224691,0.0,0.0,0.0,0.0,0.0,0.0,0.0,0.0,0.0,0.0,0.0,0.0,0.0,0.0,0.0
2023-06-19,0.07544375124417549,0.07796757772428368,0.06618432272472721,0.12659769501914267,0.09712229597432208,0.05584109519149101,0.07228384539759254,0.0,0.0,0.11202094969224691,0.0,0.0,0.0,0.0,0.0,0.0,0.0,0.0,0.0,0.0,0.0,0.0,0.0,0.0,0.0
2023-06-20,0.07544375124417549,0.07796757772428368,0.06618432272472721,0.12659769501914267,0.09712229597432208,0.05584109519149101,0.07228384539759254,0.0,0.0,0.11202094969224691,0.0,0.0,0.0,0.0,0.0,0.0,0.0,0.0,0.0,0.0,0.0,0.0,0.0,0.0,0.0
2023-06-21,0.07544375124417549,0.07796757772428368,0.06618432272472721,0.12659769501914267,0.09712229597432208,0.05584109519149101,0.07228384539759254,0.0,0.0,0.11202094969224691,0.0,0.0,0.0,0.0,0.0,0.0,0.0,0.0,0.0,0.0,0.0,0.0,0.0,0.0,0.0
2023-06-22,0.07544375124417549,0.07796757772428368,0.06618432272472721,0.12659769501914267,0.09712229597432208,0.05584109519149101,0.07228384539759254,0.0,0.0,0.11202094969224691,0.0,0.0,0.0,0.0,0.0,0.0,0.0,0.0,0.0,0.0,0.0,0.0,0.0,0.0,0.0
2023-06-23,0.07544375124417549,0.07796757772428368,0.06618432272472721,0.12659769501914267,0.09712229597432208,0.05584109519149101,0.07228384539759254,0.0,0.0,0.11202094969224691,0.0,0.0,0.0,0.0,0.0,0.0,0.0,0.0,0.0,0.0,0.0,0.0,0.0,0.0,0.0
2023-06-26,0.07544375124417549,0.07796757772428368,0.06618432272472721,0.12659769501914267,0.09712229597432208,0.05584109519149101,0.07228384539759254,0.0,0.0,0.11202094969224691,0.0,0.0,0.0,0.0,0.0,0.0,0.0,0.0,0.0,0.0,0.0,0.0,0.0,0.0,0.0
2023-06-27,0.07544375124417549,0.07796757772428368,0.06618432272472721,0.12659769501914267,0.09712229597432208,0.05584109519149101,0.07228384539759254,0.0,0.0,0.11202094969224691,0.0,0.0,0.0,0.0,0.0,0.0,0.0,0.0,0.0,0.0,0.0,0.0,0.0,0.0,0.0
2023-06-28,0.07544375124417549,0.07796757772428368,0.06618432272472721,0.12659769501914267,0.09712229597432208,0.05584109519149101,0.07228384539759254,0.0,0.0,0.11202094969224691,0.0,0.0,0.0,0.0,0.0,0.0,0.0,0.0,0.0,0.0,0.0,0.0,0.0,0.0,0.0
2023-06-29,0.07544375124417549,0.07796757772428368,0.06618432272472721,0.12659769501914267,0.09712229597432208,0.05584109519149101,0.07228384539759254,0.0,0.0,0.11202094969224691,0.0,0.0,0.0,0.0,0.0,0.0,0.0,0.0,0.0,0.0,0.0,0.0,0.0,0.0,0.0
2023-06-30,0.07544375124417549,0.07796757772428368,0.06618432272472721,0.12659769501914267,0.09712229597432208,0.05584109519149101,0.07228384539759254,0.0,0.0,0.11202094969224691,0.0,0.0,0.0,0.0,0.0,0.0,0.0,0.0,0.0,0.0,0.0,0.0,0.0,0.0,0.0
2023-07-03,0.11835669997725551,0.15553538997582572,0.0,0.08920477676463007,0.10418477599162425,0.07657709881703519,0.07046336182827011,0.0,0.10214505847697172,0.08653975279361245,0.0,0.0,0.0,0.0,0.0,0.0,0.0,0.0,0.0,0.0,0.0,0.0,0.0,0.0,0.0
2023-07-04,0.11835669997725551,0.15553538997582572,0.0,0.08920477676463007,0.10418477599162425,0.07657709881703519,0.07046336182827011,0.0,0.10214505847697172,0.08653975279361245,0.0,0.0,0.0,0.0,0.0,0.0,0.0,0.0,0.0,0.0,0.0,0.0,0.0,0.0,0.0
2023-07-05,0.11835669997725551,0.15553538997582572,0.0,0.08920477676463007,0.10418477599162425,0.07657709881703519,0.07046336182827011,0.0,0.10214505847697172,0.08653975279361245,0.0,0.0,0.0,0.0,0.0,0.0,0.0,0.0,0.0,0.0,0.0,0.0,0.0,0.0,0.0
2023-07-06,0.11835669997725551,0.15553538997582572,0.0,0.08920477676463007,0.10418477599162425,0.07657709881703519,0.07046336182827011,0.0,0.10214505847697172,0.08653975279361245,0.0,0.0,0.0,0.0,0.0,0.0,0.0,0.0,0.0,0.0,0.0,0.0,0.0,0.0,0.0
2023-07-07,0.11835669997725551,0.15553538997582572,0.0,0.08920477676463007,0.10418477599162425,0.07657709881703519,0.07046336182827011,0.0,0.10214505847697172,0.08653975279361245,0.0,0.0,0.0,0.0,0.0,0.0,0.0,0.0,0.0,0.0,0.0,0.0,0.0,0.0,0.0
2023-07-10,0.11835669997725551,0.15553538997582572,0.0,0.08920477676463007,0.10418477599162425,0.07657709881703519,0.07046336182827011,0.0,0.10214505847697172,0.08653975279361245,0.0,0.0,0.0,0.0,0.0,0.0,0.0,0.0,0.0,0.0,0.0,0.0,0.0,0.0,0.0
2023-07-11,0.11835669997725551,0.15553538997582572,0.0,0.08920477676463007,0.10418477599162425,0.07657709881703519,0.07046336182827011,0.0,0.10214505847697172,0.08653975279361245,0.0,0.0,0.0,0.0,0.0,0.0,0.0,0.0,0.0,0.0,0.0,0.0,0.0,0.0,0.0
2023-07-12,0.11835669997725551,0.15553538997582572,0.0,0.08920477676463007,0.10418477599162425,0.07657709881703519,0.07046336182827011,0.0,0.10214505847697172,0.08653975279361245,0.0,0.0,0.0,0.0,0.0,0.0,0.0,0.0,0.0,0.0,0.0,0.0,0.0,0.0,0.0
2023-07-13,0.11835669997725551,0.15553538997582572,0.0,0.08920477676463007,0.10418477599162425,0.07657709881703519,0.07046336182827011,0.0,0.10214505847697172,0.08653975279361245,0.0,0.0,0.0,0.0,0.0,0.0,0.0,0.0,0.0,0.0,0.0,0.0,0.0,0.0,0.0
2023-07-14,0.11835669997725551,0.15553538997582572,0.0,0.08920477676463007,0.10418477599162425,0.07657709881703519,0.07046336182827011,0.0,0.10214505847697172,0.08653975279361245,0.0,0.0,0.0,0.0,0.0,0.0,0.0,0.0,0.0,0.0,0.0,0.0,0.0,0.0,0.0
2023-07-17,0.11835669997725551,0.15553538997582572,0.0,0.08920477676463007,0.10418477599162425,0.07657709881703519,0.07046336182827011,0.0,0.10214505847697172,0.08653975279361245,0.0,0.0,0.0,0.0,0.0,0.0,0.0,0.0,0.0,0.0,0.0,0.0,0.0,0.0,0.0
2023-07-18,0.11835669997725551,0.15553538997582572,0.0,0.08920477676463007,0.10418477599162425,0.07657709881703519,0.07046336182827011,0.0,0.10214505847697172,0.08653975279361245,0.0,0.0,0.0,0.0,0.0,0.0,0.0,0.0,0.0,0.0,0.0,0.0,0.0,0.0,0.0
2023-07-19,0.11835669997725551,0.15553538997582572,0.0,0.08920477676463007,0.10418477599162425,0.07657709881703519,0.07046336182827011,0.0,0.10214505847697172,0.08653975279361245,0.0,0.0,0.0,0.0,0.0,0.0,0.0,0.0,0.0,0.0,0.0,0.0,0.0,0.0,0.0
2023-07-20,0.11835669997725551,0.15553538997582572,0.0,0.08920477676463007,0.10418477599162425,0.07657709881703519,0.07046336182827011,0.0,0.10214505847697172,0.08653975279361245,0.0,0.0,0.0,0.0,0.0,0.0,0.0,0.0,0.0,0.0,0.0,0.0,0.0,0.0,0.0
2023-07-21,0.11835669997725551,0.15553538997582572,0.0,0.08920477676463007,0.10418477599162425,0.07657709881703519,0.07046336182827011,0.0,0.10214505847697172,0.08653975279361245,0.0,0.0,0.0,0.0,0.0,0.0,0.0,0.0,0.0,0.0,0.0,0.0,0.0,0.0,0.0
2023-07-24,0.11835669997725551,0.15553538997582572,0.0,0.08920477676463007,0.10418477599162425,0.07657709881703519,0.07046336182827011,0.0,0.10214505847697172,0.08653975279361245,0.0,0.0,0.0,0.0,0.0,0.0,0.0,0.0,0.0,0.0,0.0,0.0,0.0,0.0,0.0
2023-07-25,0.11835669997725551,0.15553538997582572,0.0,0.08920477676463007,0.10418477599162425,0.07657709881703519,0.07046336182827011,0.0,0.10214505847697172,0.08653975279361245,0.0,0.0,0.0,0.0,0.0,0.0,0.0,0.0,0.0,0.0,0.0,0.0,0.0,0.0,0.0
2023-07-26,0.11835669997725551,0.15553538997582572,0.0,0.08920477676463007,0.10418477599162425,0.07657709881703519,0.07046336182827011,0.0,0.10214505847697172,0.08653975279361245,0.0,0.0,0.0,0.0,0.0,0.0,0.0,0.0,0.0,0.0,0.0,0.0,0.0,0.0,0.0
2023-07-27,0.11835669997725551,0.15553538997582572,0.0,0.08920477676463007,0.10418477599162425,0.07657709881703519,0.07046336182827011,0.0,0.10214505847697172,0.08653975279361245,0.0,0.0,0.0,0.0,0.0,0.0,0.0,0.0,0.0,0.0,0.0,0.0,0.0,0.0,0.0
2023-07-28,0.11835669997725551,0.15553538997582572,0.0,0.08920477676463007,0.10418477599162425,0.07657709881703519,0.07046336182827011,0.0,0.10214505847697172,0.08653975279361245,0.0,0.0,0.0,0.0,0.0,0.0,0.0,0.0,0.0,0.0,0.0,0.0,0.0,0.0,0.0
2023-07-31,0.11835669997725551,0.15553538997582572,0.0,0.08920477676463007,0.10418477599162425,0.07657709881703519,0.07046336182827011,0.0,0.10214505847697172,0.08653975279361245,0.0,0.0,0.0,0.0,0.0,0.0,0.0,0.0,0.0,0.0,0.0,0.0,0.0,0.0,0.0
2023-08-01,0.0,0.0,0.06913715672937577,0.09825851435840582,0.09619917104315553,0.06646244277403092,0.07255634366440034,0.0,0.06203556200505358,0.18772220329840592,0.11263478577044465,0.0,0.0,0.0,0.0,0.0,0.0,0.0,0.0,0.0,0.0,0.0,0.0,0.0,0.0
2023-08-02,0.0,0.0,0.06913715672937577,0.09825851435840582,0.09619917104315553,0.06646244277403092,0.07255634366440034,0.0,0.06203556200505358,0.18772220329840592,0.11263478577044465,0.0,0.0,0.0,0.0,0.0,0.0,0.0,0.0,0.0,0.0,0.0,0.0,0.0,0.0
2023-08-03,0.0,0.0,0.06913715672937577,0.09825851435840582,0.09619917104315553,0.06646244277403092,0.07255634366440034,0.0,0.06203556200505358,0.18772220329840592,0.11263478577044465,0.0,0.0,0.0,0.0,0.0,0.0,0.0,0.0,0.0,0.0,0.0,0.0,0.0,0.0
2023-08-04,0.0,0.0,0.06913715672937577,0.09825851435840582,0.09619917104315553,0.06646244277403092,0.07255634366440034,0.0,0.06203556200505358,0.18772220329840592,0.11263478577044465,0.0,0.0,0.0,0.0,0.0,0.0,0.0,0.0,0.0,0.0,0.0,0.0,0.0,0.0
2023-08-07,0.0,0.0,0.06913715672937577,0.09825851435840582,0.09619917104315553,0.06646244277403092,0.07255634366440034,0.0,0.06203556200505358,0.18772220329840592,0.11263478577044465,0.0,0.0,0.0,0.0,0.0,0.0,0.0,0.0,0.0,0.0,0.0,0.0,0.0,0.0
2023-08-08,0.0,0.0,0.06913715672937577,0.09825851435840582,0.09619917104315553,0.06646244277403092,0.07255634366440034,0.0,0.06203556200505358,0.18772220329840592,0.11263478577044465,0.0,0.0,0.0,0.0,0.0,0.0,0.0,0.0,0.0,0.0,0.0,0.0,0.0,0.0
2023-08-09,0.0,0.0,0.06913715672937577,0.09825851435840582,0.09619917104315553,0.06646244277403092,0.07255634366440034,0.0,0.06203556200505358,0.18772220329840592,0.11263478577044465,0.0,0.0,0.0,0.0,0.0,0.0,0.0,0.0,0.0,0.0,0.0,0.0,0.0,0.0
2023-08-10,0.0,0.0,0.06913715672937577,0.09825851435840582,0.09619917104315553,0.06646244277403092,0.07255634366440034,0.0,0.06203556200505358,0.18772220329840592,0.11263478577044465,0.0,0.0,0.0,0.0,0.0,0.0,0.0,0.0,0.0,0.0,0.0,0.0,0.0,0.0
2023-08-11,0.0,0.0,0.06913715672937577,0.09825851435840582,0.09619917104315553,0.06646244277403092,0.07255634366440034,0.0,0.06203556200505358,0.18772220329840592,0.11263478577044465,0.0,0.0,0.0,0.0,0.0,0.0,0.0,0.0,0.0,0.0,0.0,0.0,0.0,0.0
2023-08-14,0.0,0.0,0.06913715672937577,0.09825851435840582,0.09619917104315553,0.06646244277403092,0.07255634366440034,0.0,0.06203556200505358,0.18772220329840592,0.11263478577044465,0.0,0.0,0.0,0.0,0.0,0.0,0.0,0.0,0.0,0.0,0.0,0.0,0.0,0.0
2023-08-15,0.0,0.0,0.06913715672937577,0.09825851435840582,0.09619917104315553,0.06646244277403092,0.07255634366440034,0.0,0.06203556200505358,0.18772220329840592,0.11263478577044465,0.0,0.0,0.0,0.0,0.0,0.0,0.0,0.0,0.0,0.0,0.0,0.0,0.0,0.0
2023-08-16,0.0,0.0,0.06913715672937577,0.09825851435840582,0.09619917104315553,0.06646244277403092,0.07255634366440034,0.0,0.06203556200505358,0.18772220329840592,0.11263478577044465,0.0,0.0,0.0,0.0,0.0,0.0,0.0,0.0,0.0,0.0,0.0,0.0,0.0,0.0
2023-08-17,0.0,0.0,0.06913715672937577,0.09825851435840582,0.09619917104315553,0.06646244277403092,0.07255634366440034,0.0,0.06203556200505358,0.18772220329840592,0.11263478577044465,0.0,0.0,0.0,0.0,0.0,0.0,0.0,0.0,0.0,0.0,0.0,0.0,0.0,0.0
2023-08-18,0.0,0.0,0.06913715672937577,0.09825851435840582,0.09619917104315553,0.06646244277403092,0.07255634366440034,0.0,0.06203556200505358,0.18772220329840592,0.11263478577044465,0.0,0.0,0.0,0.0,0.0,0.0,0.0,0.0,0.0,0.0,0.0,0.0,0.0,0.0
2023-08-21,0.0,0.0,0.06913715672937577,0.09825851435840582,0.09619917104315553,0.06646244277403092,0.07255634366440034,0.0,0.06203556200505358,0.18772220329840592,0.11263478577044465,0.0,0.0,0.0,0.0,0.0,0.0,0.0,0.0,0.0,0.0,0.0,0.0,0.0,0.0
2023-08-22,0.0,0.0,0.06913715672937577,0.09825851435840582,0.09619917104315553,0.06646244277403092,0.07255634366440034,0.0,0.06203556200505358,0.18772220329840592,0.11263478577044465,0.0,0.0,0.0,0.0,0.0,0.0,0.0,0.0,0.0,0.0,0.0,0.0,0.0,0.0
2023-08-23,0.0,0.0,0.06913715672937577,0.09825851435840582,0.09619917104315553,0.06646244277403092,0.07255634366440034,0.0,0.06203556200505358,0.18772220329840592,0.11263478577044465,0.0,0.0,0.0,0.0,0.0,0.0,0.0,0.0,0.0,0.0,0.0,0.0,0.0,0.0
2023-08-24,0.0,0.0,0.06913715672937577,0.09825851435840582,0.09619917104315553,0.06646244277403092,0.07255634366440034,0.0,0.06203556200505358,0.18772220329840592,0.11263478577044465,0.0,0.0,0.0,0.0,0.0,0.0,0.0,0.0,0.0,0.0,0.0,0.0,0.0,0.0
2023-08-25,0.0,0.0,0.06913715672937577,0.09825851435840582,0.09619917104315553,0.06646244277403092,0.07255634366440034,0.0,0.06203556200505358,0.18772220329840592,0.11263478577044465,0.0,0.0,0.0,0.0,0.0,0.0,0.0,0.0,0.0,0.0,0.0,0.0,0.0,0.0
2023-08-28,0.0,0.0,0.06913715672937577,0.09825851435840582,0.09619917104315553,0.06646244277403092,0.07255634366440034,0.0,0.06203556200505358,0.18772220329840592,0.11263478577044465,0.0,0.0,0.0,0.0,0.0,0.0,0.0,0.0,0.0,0.0,0.0,0.0,0.0,0.0
2023-08-29,0.0,0.0,0.06913715672937577,0.09825851435840582,0.09619917104315553,0.06646244277403092,0.07255634366440034,0.0,0.06203556200505358,0.18772220329840592,0.11263478577044465,0.0,0.0,0.0,0.0,0.0,0.0,0.0,0.0,0.0,0.0,0.0,0.0,0.0,0.0
2023-08-30,0.0,0.0,0.06913715672937577,0.09825851435840582,0.09619917104315553,0.06646244277403092,0.07255634366440034,0.0,0.06203556200505358,0.18772220329840592,0.11263478577044465,0.0,0.0,0.0,0.0,0.0,0.0,0.0,0.0,0.0,0.0,0.0,0.0,0.0,0.0
2023-08-31,0.0,0.0,0.06913715672937577,0.09825851435840582,0.09619917104315553,0.06646244277403092,0.07255634366440034,0.0,0.06203556200505358,0.18772220329840592,0.11263478577044465,0.0,0.0,0.0,0.0,0.0,0.0,0.0,0.0,0.0,0.0,0.0,0.0,0.0,0.0
2023-09-01,0.0,0.0,0.0,0.09598738110103497,0.08349957860074325,0.06535137505076175,0.0647514508808704,0.0,0.10986561066619087,0.15134035074661142,0.0841182955857987,0.0,0.0,0.0,0.0,0.0,0.0,0.0,0.0,0.0,0.0,0.0,0.0,0.0,0.0
2023-09-04,0.0,0.0,0.0,0.09598738110103497,0.08349957860074325,0.06535137505076175,0.0647514508808704,0.0,0.10986561066619087,0.15134035074661142,0.0841182955857987,0.0,0.0,0.0,0.0,0.0,0.0,0.0,0.0,0.0,0.0,0.0,0.0,0.0,0.0
2023-09-05,0.0,0.0,0.0,0.09598738110103497,0.08349957860074325,0.06535137505076175,0.0647514508808704,0.0,0.10986561066619087,0.15134035074661142,0.0841182955857987,0.0,0.0,0.0,0.0,0.0,0.0,0.0,0.0,0.0,0.0,0.0,0.0,0.0,0.0
2023-09-06,0.0,0.0,0.0,0.09598738110103497,0.08349957860074325,0.06535137505076175,0.0647514508808704,0.0,0.10986561066619087,0.15134035074661142,0.0841182955857987,0.0,0.0,0.0,0.0,0.0,0.0,0.0,0.0,0.0,0.0,0.0,0.0,0.0,0.0
2023-09-07,0.0,0.0,0.0,0.09598738110103497,0.08349957860074325,0.06535137505076175,0.0647514508808704,0.0,0.10986561066619087,0.15134035074661142,0.0841182955857987,0.0,0.0,0.0,0.0,0.0,0.0,0.0,0.0,0.0,0.0,0.0,0.0,0.0,0.0
2023-09-08,0.0,0.0,0.0,0.09598738110103497,0.08349957860074325,0.06535137505076175,0.0647514508808704,0.0,0.10986561066619087,0.15134035074661142,0.0841182955857987,0.0,0.0,0.0,0.0,0.0,0.0,0.0,0.0,0.0,0.0,0.0,0.0,0.0,0.0
2023-09-11,0.0,0.0,0.0,0.09598738110103497,0.08349957860074325,0.06535137505076175,0.0647514508808704,0.0,0.10986561066619087,0.15134035074661142,0.0841182955857987,0.0,0.0,0.0,0.0,0.0,0.0,0.0,0.0,0.0,0.0,0.0,0.0,0.0,0.0
2023-09-12,0.0,0.0,0.0,0.09598738110103497,0.08349957860074325,0.06535137505076175,0.0647514508808704,0.0,0.10986561066619087,0.15134035074661142,0.0841182955857987,0.0,0.0,0.0,0.0,0.0,0.0,0.0,0.0,0.0,0.0,0.0,0.0,0.0,0.0
2023-09-13,0.0,0.0,0.0,0.09598738110103497,0.08349957860074325,0.06535137505076175,0.0647514508808704,0.0,0.10986561066619087,0.15134035074661142,0.0841182955857987,0.0,0.0,0.0,0.0,0.0,0.0,0.0,0.0,0.0,0.0,0.0,0.0,0.0,0.0
2023-09-14,0.0,0.0,0.0,0.09598738110103497,0.08349957860074325,0.06535137505076175,0.0647514508808704,0.0,0.10986561066619087,0.15134035074661142,0.0841182955857987,0.0,0.0,0.0,0.0,0.0,0.0,0.0,0.0,0.0,0.0,0.0,0.0,0.0,0.0
2023-09-15,0.0,0.0,0.0,0.09598738110103497,0.08349957860074325,0.06535137505076175,0.0647514508808704,0.0,0.10986561066619087,0.15134035074661142,0.0841182955857987,0.0,0.0,0.0,0.0,0.0,0.0,0.0,0.0,0.0,0.0,0.0,0.0,0.0,0.0
2023-09-18,0.0,0.0,0.0,0.09598738110103497,0.08349957860074325,0.06535137505076175,0.0647514508808704,0.0,0.10986561066619087,0.15134035074661142,0.0841182955857987,0.0,0.0,0.0,0.0,0.0,0.0,0.0,0.0,0.0,0.0,0.0,0.0,0.0,0.0
2023-09-19,0.0,0.0,0.0,0.09598738110103497,0.08349957860074325,0.06535137505076175,0.0647514508808704,0.0,0.10986561066619087,0.15134035074661142,0.0841182955857987,0.0,0.0,0.0,0.0,0.0,0.0,0.0,0.0,0.0,0.0,0.0,0.0,0.0,0.0
2023-09-20,0.0,0.0,0.0,0.09598738110103497,0.08349957860074325,0.06535137505076175,0.0647514508808704,0.0,0.10986561066619087,0.15134035074661142,0.0841182955857987,0.0,0.0,0.0,0.0,0.0,0.0,0.0,0.0,0.0,0.0,0.0,0.0,0.0,0.0
2023-09-21,0.0,0.0,0.0,0.09598738110103497,0.08349957860074325,0.06535137505076175,0.0647514508808704,0.0,0.10986561066619087,0.15134035074661142,0.0841182955857987,0.0,0.0,0.0,0.0,0.0,0.0,0.0,0.0,0.0,0.0,0.0,0.0,0.0,0.0
2023-09-22,0.0,0.0,0.0,0.09598738110103497,0.08349957860074325,0.06535137505076175,0.0647514508808704,0.0,0.10986561066619087,0.15134035074661142,0.0841182955857987,0.0,0.0,0.0,0.0,0.0,0.0,0.0,0.0,0.0,0.0,0.0,0.0,0.0,0.0
2023-09-25,0.0,0.0,0.0,0.09598738110103497,0.08349957860074325,0.06535137505076175,0.0647514508808704,0.0,0.10986561066619087,0.15134035074661142,0.0841182955857987,0.0,0.0,0.0,0.0,0.0,0.0,0.0,0.0,0.0,0.0,0.0,0.0,0.0,0.0
2023-09-26,0.0,0.0,0.0,0.09598738110103497,0.08349957860074325,0.06535137505076175,0.0647514508808704,0.0,0.10986561066619087,0.15134035074661142,0.0841182955857987,0.0,0.0,0.0,0.0,0.0,0.0,0.0,0.0,0.0,0.0,0.0,0.0,0.0,0.0
2023-09-27,0.0,0.0,0.0,0.09598738110103497,0.08349957860074325,0.06535137505076175,0.0647514508808704,0.0,0.10986561066619087,0.15134035074661142,0.0841182955857987,0.0,0.0,0.0,0.0,0.0,0.0,0.0,0.0,0.0,0.0,0.0,0.0,0.0,0.0
2023-09-28,0.0,0.0,0.0,0.09598738110103497,0.08349957860074325,0.06535137505076175,0.0647514508808704,0.0,0.10986561066619087,0.15134035074661142,0.0841182955857987,0.0,0.0,0.0,0.0,0.0,0.0,0.0,0.0,0.0,0.0,0.0,0.0,0.0,0.0
2023-09-29,0.0,0.0,0.0,0.09598738110103497,0.08349957860074325,0.06535137505076175,0.0647514508808704,0.0,0.10986561066619087,0.15134035074661142,0.0841182955857987,0.0,0.0,0.0,0.0,0.0,0.0,0.0,0.0,0.0,0.0,0.0,0.0,0.0,0.0
2023-10-02,0.0,0.0,0.0,0.07979392181322584,0.08179966288260121,0.06514461532322094,0.07063194432818032,0.0,0.11784549019224529,0.09710101624792691,0.125948044469572,0.0,0.0,0.0,0.0,0.0,0.0,0.0,0.0,0.0,0.0,0.0,0.0,0.0,0.0
2023-10-03,0.0,0.0,0.0,0.07979392181322584,0.08179966288260121,0.06514461532322094,0.07063194432818032,0.0,0.11784549019224529,0.09710101624792691,0.125948044469572,0.0,0.0,0.0,0.0,0.0,0.0,0.0,0.0,0.0,0.0,0.0,0.0,0.0,0.0
2023-10-04,0.0,0.0,0.0,0.07979392181322584,0.08179966288260121,0.06514461532322094,0.07063194432818032,0.0,0.11784549019224529,0.09710101624792691,0.125948044469572,0.0,0.0,0.0,0.0,0.0,0.0,0.0,0.0,0.0,0.0,0.0,0.0,0.0,0.0
2023-10-05,0.0,0.0,0.0,0.07979392181322584,0.08179966288260121,0.06514461532322094,0.07063194432818032,0.0,0.11784549019224529,0.09710101624792691,0.125948044469572,0.0,0.0,0.0,0.0,0.0,0.0,0.0,0.0,0.0,0.0,0.0,0.0,0.0,0.0
2023-10-06,0.0,0.0,0.0,0.07979392181322584,0.08179966288260121,0.06514461532322094,0.07063194432818032,0.0,0.11784549019224529,0.09710101624792691,0.125948044469572,0.0,0.0,0.0,0.0,0.0,0.0,0.0,0.0,0.0,0.0,0.0,0.0,0.0,0.0
2023-10-09,0.0,0.0,0.0,0.07979392181322584,0.08179966288260121,0.06514461532322094,0.07063194432818032,0.0,0.11784549019224529,0.09710101624792691,0.125948044469572,0.0,0.0,0.0,0.0,0.0,0.0,0.0,0.0,0.0,0.0,0.0,0.0,0.0,0.0
2023-10-10,0.0,0.0,0.0,0.07979392181322584,0.08179966288260121,0.06514461532322094,0.07063194432818032,0.0,0.11784549019224529,0.09710101624792691,0.125948044469572,0.0,0.0,0.0,0.0,0.0,0.0,0.0,0.0,0.0,0.0,0.0,0.0,0.0,0.0
2023-10-11,0.0,0.0,0.0,0.07979392181322584,0.08179966288260121,0.06514461532322094,0.07063194432818032,0.0,0.11784549019224529,0.09710101624792691,0.125948044469572,0.0,0.0,0.0,0.0,0.0,0.0,0.0,0.0,0.0,0.0,0.0,0.0,0.0,0.0
2023-10-12,0.0,0.0,0.0,0.07979392181322584,0.08179966288260121,0.06514461532322094,0.07063194432818032,0.0,0.11784549019224529,0.09710101624792691,0.125948044469572,0.0,0.0,0.0,0.0,0.0,0.0,0.0,0.0,0.0,0.0,0.0,0.0,0.0,0.0
2023-10-13,0.0,0.0,0.0,0.07979392181322584,0.08179966288260121,0.06514461532322094,0.07063194432818032,0.0,0.11784549019224529,0.09710101624792691,0.125948044469572,0.0,0.0,0.0,0.0,0.0,0.0,0.0,0.0,0.0,0.0,0.0,0.0,0.0,0.0
2023-10-16,0.0,0.0,0.0,0.07979392181322584,0.08179966288260121,0.06514461532322094,0.07063194432818032,0.0,0.11784549019224529,0.09710101624792691,0.125948044469572,0.0,0.0,0.0,0.0,0.0,0.0,0.0,0.0,0.0,0.0,0.0,0.0,0.0,0.0
2023-10-17,0.0,0.0,0.0,0.07979392181322584,0.08179966288260121,0.06514461532322094,0.07063194432818032,0.0,0.11784549019224529,0.09710101624792691,0.125948044469572,0.0,0.0,0.0,0.0,0.0,0.0,0.0,0.0,0.0,0.0,0.0,0.0,0.0,0.0
2023-10-18,0.0,0.0,0.0,0.07979392181322584,0.08179966288260121,0.06514461532322094,0.07063194432818032,0.0,0.11784549019224529,0.09710101624792691,0.125948044469572,0.0,0.0,0.0,0.0,0.0,0.0,0.0,0.0,0.0,0.0,0.0,0.0,0.0,0.0
2023-10-19,0.0,0.0,0.0,0.07979392181322584,0.08179966288260121,0.06514461532322094,0.07063194432818032,0.0,0.11784549019224529,0.09710101624792691,0.125948044469572,0.0,0.0,0.0,0.0,0.0,0.0,0.0,0.0,0.0,0.0,0.0,0.0,0.0,0.0
2023-10-20,0.0,0.0,0.0,0.07979392181322584,0.08179966288260121,0.06514461532322094,0.07063194432818032,0.0,0.11784549019224529,0.09710101624792691,0.125948044469572,0.0,0.0,0.0,0.0,0.0,0.0,0.0,0.0,0.0,0.0,0.0,0.0,0.0,0.0
2023-10-23,0.0,0.0,0.0,0.07979392181322584,0.08179966288260121,0.06514461532322094,0.07063194432818032,0.0,0.11784549019224529,0.09710101624792691,0.125948044469572,0.0,0.0,0.0,0.0,0.0,0.0,0.0,0.0,0.0,0.0,0.0,0.0,0.0,0.0
2023-10-24,0.0,0.0,0.0,0.07979392181322584,0.08179966288260121,0.06514461532322094,0.07063194432818032,0.0,0.11784549019224529,0.09710101624792691,0.125948044469572,0.0,0.0,0.0,0.0,0.0,0.0,0.0,0.0,0.0,0.0,0.0,0.0,0.0,0.0
2023-10-25,0.0,0.0,0.0,0.07979392181322584,0.08179966288260121,0.06514461532322094,0.07063194432818032,0.0,0.11784549019224529,0.09710101624792691,0.125948044469572,0.0,0.0,0.0,0.0,0.0,0.0,0.0,0.0,0.0,0.0,0.0,0.0,0.0,0.0
2023-10-26,0.0,0.0,0.0,0.07979392181322584,0.08179966288260121,0.06514461532322094,0.07063194432818032,0.0,0.11784549019224529,0.09710101624792691,0.125948044469572,0.0,0.0,0.0,0.0,0.0,0.0,0.0,0.0,0.0,0.0,0.0,0.0,0.0,0.0
2023-10-27,0.0,0.0,0.0,0.07979392181322584,0.08179966288260121,0.06514461532322094,0.07063194432818032,0.0,0.11784549019224529,0.09710101624792691,0.125948044469572,0.0,0.0,0.0,0.0,0.0,0.0,0.0,0.0,0.0,0.0,0.0,0.0,0.0,0.0
2023-10-30,0.0,0.0,0.0,0.07979392181322584,0.08179966288260121,0.06514461532322094,0.07063194432818032,0.0,0.11784549019224529,0.09710101624792691,0.125948044469572,0.0,0.0,0.0,0.0,0.0,0.0,0.0,0.0,0.0,0.0,0.0,0.0,0.0,0.0
2023-10-31,0.0,0.0,0.0,0.07979392181322584,0.08179966288260121,0.06514461532322094,0.07063194432818032,0.0,0.11784549019224529,0.09710101624792691,0.125948044469572,0.0,0.0,0.0,0.0,0.0,0.0,0.0,0.0,0.0,0.0,0.0,0.0,0.0,0.0
2023-11-01,0.0,0.0,0.0,0.08798251751939154,0.10078543858117597,0.0658540065180088,0.07908553438237619,0.0,0.12701559755136352,0.12323745181648042,0.1138050230841226,0.0,0.0,0.0,0.0,0.0,0.0,0.0,0.0,0.0,0.0,0.0,0.0,0.0,0.0
2023-11-02,0.0,0.0,0.0,0.08798251751939154,0.10078543858117597,0.0658540065180088,0.07908553438237619,0.0,0.12701559755136352,0.12323745181648042,0.1138050230841226,0.0,0.0,0.0,0.0,0.0,0.0,0.0,0.0,0.0,0.0,0.0,0.0,0.0,0.0
2023-11-03,0.0,0.0,0.0,0.08798251751939154,0.10078543858117597,0.0658540065180088,0.07908553438237619,0.0,0.12701559755136352,0.12323745181648042,0.1138050230841226,0.0,0.0,0.0,0.0,0.0,0.0,0.0,0.0,0.0,0.0,0.0,0.0,0.0,0.0
2023-11-06,0.0,0.0,0.0,0.08798251751939154,0.10078543858117597,0.0658540065180088,0.07908553438237619,0.0,0.12701559755136352,0.12323745181648042,0.1138050230841226,0.0,0.0,0.0,0.0,0.0,0.0,0.0,0.0,0.0,0.0,0.0,0.0,0.0,0.0
2023-11-07,0.0,0.0,0.0,0.08798251751939154,0.10078543858117597,0.0658540065180088,0.07908553438237619,0.0,0.12701559755136352,0.12323745181648042,0.1138050230841226,0.0,0.0,0.0,0.0,0.0,0.0,0.0,0.0,0.0,0.0,0.0,0.0,0.0,0.0
2023-11-08,0.0,0.0,0.0,0.08798251751939154,0.10078543858117597,0.0658540065180088,0.07908553438237619,0.0,0.12701559755136352,0.12323745181648042,0.1138050230841226,0.0,0.0,0.0,0.0,0.0,0.0,0.0,0.0,0.0,0.0,0.0,0.0,0.0,0.0
2023-11-09,0.0,0.0,0.0,0.08798251751939154,0.10078543858117597,0.0658540065180088,0.07908553438237619,0.0,0.12701559755136352,0.12323745181648042,0.1138050230841226,0.0,0.0,0.0,0.0,0.0,0.0,0.0,0.0,0.0,0.0,0.0,0.0,0.0,0.0
2023-11-10,0.0,0.0,0.0,0.08798251751939154,0.10078543858117597,0.0658540065180088,0.07908553438237619,0.0,0.12701559755136352,0.12323745181648042,0.1138050230841226,0.0,0.0,0.0,0.0,0.0,0.0,0.0,0.0,0.0,0.0,0.0,0.0,0.0,0.0
2023-11-13,0.0,0.0,0.0,0.08798251751939154,0.10078543858117597,0.0658540065180088,0.07908553438237619,0.0,0.12701559755136352,0.12323745181648042,0.1138050230841226,0.0,0.0,0.0,0.0,0.0,0.0,0.0,0.0,0.0,0.0,0.0,0.0,0.0,0.0
2023-11-14,0.0,0.0,0.0,0.08798251751939154,0.10078543858117597,0.0658540065180088,0.07908553438237619,0.0,0.12701559755136352,0.12323745181648042,0.1138050230841226,0.0,0.0,0.0,0.0,0.0,0.0,0.0,0.0,0.0,0.0,0.0,0.0,0.0,0.0
2023-11-15,0.0,0.0,0.0,0.08798251751939154,0.10078543858117597,0.0658540065180088,0.07908553438237619,0.0,0.12701559755136352,0.12323745181648042,0.1138050230841226,0.0,0.0,0.0,0.0,0.0,0.0,0.0,0.0,0.0,0.0,0.0,0.0,0.0,0.0
2023-11-16,0.0,0.0,0.0,0.08798251751939154,0.10078543858117597,0.0658540065180088,0.07908553438237619,0.0,0.12701559755136352,0.12323745181648042,0.1138050230841226,0.0,0.0,0.0,0.0,0.0,0.0,0.0,0.0,0.0,0.0,0.0,0.0,0.0,0.0
2023-11-17,0.0,0.0,0.0,0.08798251751939154,0.10078543858117597,0.0658540065180088,0.07908553438237619,0.0,0.12701559755136352,0.12323745181648042,0.1138050230841226,0.0,0.0,0.0,0.0,0.0,0.0,0.0,0.0,0.0,0.0,0.0,0.0,0.0,0.0
2023-11-20,0.0,0.0,0.0,0.08798251751939154,0.10078543858117597,0.0658540065180088,0.07908553438237619,0.0,0.12701559755136352,0.12323745181648042,0.1138050230841226,0.0,0.0,0.0,0.0,0.0,0.0,0.0,0.0,0.0,0.0,0.0,0.0,0.0,0.0
2023-11-21,0.0,0.0,0.0,0.08798251751939154,0.10078543858117597,0.0658540065180088,0.07908553438237619,0.0,0.12701559755136352,0.12323745181648042,0.1138050230841226,0.0,0.0,0.0,0.0,0.0,0.0,0.0,0.0,0.0,0.0,0.0,0.0,0.0,0.0
2023-11-22,0.0,0.0,0.0,0.08798251751939154,0.10078543858117597,0.0658540065180088,0.07908553438237619,0.0,0.12701559755136352,0.12323745181648042,0.1138050230841226,0.0,0.0,0.0,0.0,0.0,0.0,0.0,0.0,0.0,0.0,0.0,0.0,0.0,0.0
2023-11-23,0.0,0.0,0.0,0.08798251751939154,0.10078543858117597,0.0658540065180088,0.07908553438237619,0.0,0.12701559755136352,0.12323745181648042,0.1138050230841226,0.0,0.0,0.0,0.0,0.0,0.0,0.0,0.0,0.0,0.0,0.0,0.0,0.0,0.0
2023-11-24,0.0,0.0,0.0,0.08798251751939154,0.10078543858117597,0.0658540065180088,0.07908553438237619,0.0,0.12701559755136352,0.12323745181648042,0.1138050230841226,0.0,0.0,0.0,0.0,0.0,0.0,0.0,0.0,0.0,0.0,0.0,0.0,0.0,0.0
2023-11-27,0.0,0.0,0.0,0.08798251751939154,0.10078543858117597,0.0658540065180088,0.07908553438237619,0.0,0.12701559755136352,0.12323745181648042,0.1138050230841226,0.0,0.0,0.0,0.0,0.0,0.0,0.0,0.0,0.0,0.0,0.0,0.0,0.0,0.0
2023-11-28,0.0,0.0,0.0,0.08798251751939154,0.10078543858117597,0.0658540065180088,0.07908553438237619,0.0,0.12701559755136352,0.12323745181648042,0.1138050230841226,0.0,0.0,0.0,0.0,0.0,0.0,0.0,0.0,0.0,0.0,0.0,0.0,0.0,0.0
2023-11-29,0.0,0.0,0.0,0.08798251751939154,0.10078543858117597,0.0658540065180088,0.07908553438237619,0.0,0.12701559755136352,0.12323745181648042,0.1138050230841226,0.0,0.0,0.0,0.0,0.0,0.0,0.0,0.0,0.0,0.0,0.0,0.0,0.0,0.0
2023-11-30,0.0,0.0,0.0,0.08798251751939154,0.10078543858117597,0.0658540065180088,0.07908553438237619,0.0,0.12701559755136352,0.12323745181648042,0.1138050230841226,0.0,0.0,0.0,0.0,0.0,0.0,0.0,0.0,0.0,0.0,0.0,0.0,0.0,0.0
2023-12-01,0.0,0.0,0.0931509848085557,0.055728566806113655,0.08628632360113561,0.05557195273213952,0.06493733920256631,0.0,0.1275880427073476,0.1292998716034187,0.09768537338005817,0.0,0.0,0.0,0.0,0.0,0.0,0.0,0.0,0.0,0.0,0.0,0.0,0.0,0.0
2023-12-04,0.0,0.0,0.0931509848085557,0.055728566806113655,0.08628632360113561,0.05557195273213952,0.06493733920256631,0.0,0.1275880427073476,0.1292998716034187,0.09768537338005817,0.0,0.0,0.0,0.0,0.0,0.0,0.0,0.0,0.0,0.0,0.0,0.0,0.0,0.0
2023-12-05,0.0,0.0,0.0931509848085557,0.055728566806113655,0.08628632360113561,0.05557195273213952,0.06493733920256631,0.0,0.1275880427073476,0.1292998716034187,0.09768537338005817,0.0,0.0,0.0,0.0,0.0,0.0,0.0,0.0,0.0,0.0,0.0,0.0,0.0,0.0
2023-12-06,0.0,0.0,0.0931509848085557,0.055728566806113655,0.08628632360113561,0.05557195273213952,0.06493733920256631,0.0,0.1275880427073476,0.1292998716034187,0.09768537338005817,0.0,0.0,0.0,0.0,0.0,0.0,0.0,0.0,0.0,0.0,0.0,0.0,0.0,0.0
2023-12-07,0.0,0.0,0.0931509848085557,0.055728566806113655,0.08628632360113561,0.05557195273213952,0.06493733920256631,0.0,0.1275880427073476,0.1292998716034187,0.09768537338005817,0.0,0.0,0.0,0.0,0.0,0.0,0.0,0.0,0.0,0.0,0.0,0.0,0.0,0.0
2023-12-08,0.0,0.0,0.0931509848085557,0.055728566806113655,0.08628632360113561,0.05557195273213952,0.06493733920256631,0.0,0.1275880427073476,0.1292998716034187,0.09768537338005817,0.0,0.0,0.0,0.0,0.0,0.0,0.0,0.0,0.0,0.0,0.0,0.0,0.0,0.0
2023-12-11,0.0,0.0,0.0931509848085557,0.055728566806113655,0.08628632360113561,0.05557195273213952,0.06493733920256631,0.0,0.1275880427073476,0.1292998716034187,0.09768537338005817,0.0,0.0,0.0,0.0,0.0,0.0,0.0,0.0,0.0,0.0,0.0,0.0,0.0,0.0
2023-12-12,0.0,0.0,0.0931509848085557,0.055728566806113655,0.08628632360113561,0.05557195273213952,0.06493733920256631,0.0,0.1275880427073476,0.1292998716034187,0.09768537338005817,0.0,0.0,0.0,0.0,0.0,0.0,0.0,0.0,0.0,0.0,0.0,0.0,0.0,0.0
2023-12-13,0.0,0.0,0.0931509848085557,0.055728566806113655,0.08628632360113561,0.05557195273213952,0.06493733920256631,0.0,0.1275880427073476,0.1292998716034187,0.09768537338005817,0.0,0.0,0.0,0.0,0.0,0.0,0.0,0.0,0.0,0.0,0.0,0.0,0.0,0.0
2023-12-14,0.0,0.0,0.0931509848085557,0.055728566806113655,0.08628632360113561,0.05557195273213952,0.06493733920256631,0.0,0.1275880427073476,0.1292998716034187,0.09768537338005817,0.0,0.0,0.0,0.0,0.0,0.0,0.0,0.0,0.0,0.0,0.0,0.0,0.0,0.0
2023-12-15,0.0,0.0,0.0931509848085557,0.055728566806113655,0.08628632360113561,0.05557195273213952,0.06493733920256631,0.0,0.1275880427073476,0.1292998716034187,0.09768537338005817,0.0,0.0,0.0,0.0,0.0,0.0,0.0,0.0,0.0,0.0,0.0,0.0,0.0,0.0
2023-12-18,0.0,0.0,0.0931509848085557,0.055728566806113655,0.08628632360113561,0.05557195273213952,0.06493733920256631,0.0,0.1275880427073476,0.1292998716034187,0.09768537338005817,0.0,0.0,0.0,0.0,0.0,0.0,0.0,0.0,0.0,0.0,0.0,0.0,0.0,0.0
2023-12-19,0.0,0.0,0.0931509848085557,0.055728566806113655,0.08628632360113561,0.05557195273213952,0.06493733920256631,0.0,0.1275880427073476,0.1292998716034187,0.09768537338005817,0.0,0.0,0.0,0.0,0.0,0.0,0.0,0.0,0.0,0.0,0.0,0.0,0.0,0.0
2023-12-20,0.0,0.0,0.0931509848085557,0.055728566806113655,0.08628632360113561,0.05557195273213952,0.06493733920256631,0.0,0.1275880427073476,0.1292998716034187,0.09768537338005817,0.0,0.0,0.0,0.0,0.0,0.0,0.0,0.0,0.0,0.0,0.0,0.0,0.0,0.0
2023-12-21,0.0,0.0,0.0931509848085557,0.055728566806113655,0.08628632360113561,0.05557195273213952,0.06493733920256631,0.0,0.1275880427073476,0.1292998716034187,0.09768537338005817,0.0,0.0,0.0,0.0,0.0,0.0,0.0,0.0,0.0,0.0,0.0,0.0,0.0,0.0
2023-12-22,0.0,0.0,0.0931509848085557,0.055728566806113655,0.08628632360113561,0.05557195273213952,0.06493733920256631,0.0,0.1275880427073476,0.1292998716034187,0.09768537338005817,0.0,0.0,0.0,0.0,0.0,0.0,0.0,0.0,0.0,0.0,0.0,0.0,0.0,0.0
2023-12-25,0.0,0.0,0.0931509848085557,0.055728566806113655,0.08628632360113561,0.05557195273213952,0.06493733920256631,0.0,0.1275880427073476,0.1292998716034187,0.09768537338005817,0.0,0.0,0.0,0.0,0.0,0.0,0.0,0.0,0.0,0.0,0.0,0.0,0.0,0.0
2023-12-26,0.0,0.0,0.0931509848085557,0.055728566806113655,0.08628632360113561,0.05557195273213952,0.06493733920256631,0.0,0.1275880427073476,0.1292998716034187,0.09768537338005817,0.0,0.0,0.0,0.0,0.0,0.0,0.0,0.0,0.0,0.0,0.0,0.0,0.0,0.0
2023-12-27,0.0,0.0,0.0931509848085557,0.055728566806113655,0.08628632360113561,0.05557195273213952,0.06493733920256631,0.0,0.1275880427073476,0.1292998716034187,0.09768537338005817,0.0,0.0,0.0,0.0,0.0,0.0,0.0,0.0,0.0,0.0,0.0,0.0,0.0,0.0
2023-12-28,0.0,0.0,0.0931509848085557,0.055728566806113655,0.08628632360113561,0.05557195273213952,0.06493733920256631,0.0,0.1275880427073476,0.1292998716034187,0.09768537338005817,0.0,0.0,0.0,0.0,0.0,0.0,0.0,0.0,0.0,0.0,0.0,0.0,0.0,0.0
2023-12-29,0.0,0.0,0.0931509848085557,0.055728566806113655,0.08628632360113561,0.05557195273213952,0.06493733920256631,0.0,0.1275880427073476,0.1292998716034187,0.09768537338005817,0.0,0.0,0.0,0.0,0.0,0.0,0.0,0.0,0.0,0.0,0.0,0.0,0.0,0.0
2024-01-02,0.0,0.0,0.09309439298474108,0.10594766994523123,0.08756366042036998,0.06349897465890053,0.07595351689061998,0.0,0.08478560533971198,0.09863786737119766,0.07298826399577056,0.0,0.0,0.0,0.0,0.0,0.0,0.0,0.0,0.0,0.0,0.0,0.0,0.0,0.0
2024-01-03,0.0,0.0,0.09309439298474108,0.10594766994523123,0.08756366042036998,0.06349897465890053,0.07595351689061998,0.0,0.08478560533971198,0.09863786737119766,0.07298826399577056,0.0,0.0,0.0,0.0,0.0,0.0,0.0,0.0,0.0,0.0,0.0,0.0,0.0,0.0
2024-01-04,0.0,0.0,0.09309439298474108,0.10594766994523123,0.08756366042036998,0.06349897465890053,0.07595351689061998,0.0,0.08478560533971198,0.09863786737119766,0.07298826399577056,0.0,0.0,0.0,0.0,0.0,0.0,0.0,0.0,0.0,0.0,0.0,0.0,0.0,0.0
2024-01-05,0.0,0.0,0.09309439298474108,0.10594766994523123,0.08756366042036998,0.06349897465890053,0.07595351689061998,0.0,0.08478560533971198,0.09863786737119766,0.07298826399577056,0.0,0.0,0.0,0.0,0.0,0.0,0.0,0.0,0.0,0.0,0.0,0.0,0.0,0.0
2024-01-08,0.0,0.0,0.09309439298474108,0.10594766994523123,0.08756366042036998,0.06349897465890053,0.07595351689061998,0.0,0.08478560533971198,0.09863786737119766,0.07298826399577056,0.0,0.0,0.0,0.0,0.0,0.0,0.0,0.0,0.0,0.0,0.0,0.0,0.0,0.0
2024-01-09,0.0,0.0,0.09309439298474108,0.10594766994523123,0.08756366042036998,0.06349897465890053,0.07595351689061998,0.0,0.08478560533971198,0.09863786737119766,0.07298826399577056,0.0,0.0,0.0,0.0,0.0,0.0,0.0,0.0,0.0,0.0,0.0,0.0,0.0,0.0
2024-01-10,0.0,0.0,0.09309439298474108,0.10594766994523123,0.08756366042036998,0.06349897465890053,0.07595351689061998,0.0,0.08478560533971198,0.09863786737119766,0.07298826399577056,0.0,0.0,0.0,0.0,0.0,0.0,0.0,0.0,0.0,0.0,0.0,0.0,0.0,0.0
2024-01-11,0.0,0.0,0.09309439298474108,0.10594766994523123,0.08756366042036998,0.06349897465890053,0.07595351689061998,0.0,0.08478560533971198,0.09863786737119766,0.07298826399577056,0.0,0.0,0.0,0.0,0.0,0.0,0.0,0.0,0.0,0.0,0.0,0.0,0.0,0.0
2024-01-12,0.0,0.0,0.09309439298474108,0.10594766994523123,0.08756366042036998,0.06349897465890053,0.07595351689061998,0.0,0.08478560533971198,0.09863786737119766,0.07298826399577056,0.0,0.0,0.0,0.0,0.0,0.0,0.0,0.0,0.0,0.0,0.0,0.0,0.0,0.0
2024-01-15,0.0,0.0,0.09309439298474108,0.10594766994523123,0.08756366042036998,0.06349897465890053,0.07595351689061998,0.0,0.08478560533971198,0.09863786737119766,0.07298826399577056,0.0,0.0,0.0,0.0,0.0,0.0,0.0,0.0,0.0,0.0,0.0,0.0,0.0,0.0
2024-01-16,0.0,0.0,0.09309439298474108,0.10594766994523123,0.08756366042036998,0.06349897465890053,0.07595351689061998,0.0,0.08478560533971198,0.09863786737119766,0.07298826399577056,0.0,0.0,0.0,0.0,0.0,0.0,0.0,0.0,0.0,0.0,0.0,0.0,0.0,0.0
2024-01-17,0.0,0.0,0.09309439298474108,0.10594766994523123,0.08756366042036998,0.06349897465890053,0.07595351689061998,0.0,0.08478560533971198,0.09863786737119766,0.07298826399577056,0.0,0.0,0.0,0.0,0.0,0.0,0.0,0.0,0.0,0.0,0.0,0.0,0.0,0.0
2024-01-18,0.0,0.0,0.09309439298474108,0.10594766994523123,0.08756366042036998,0.06349897465890053,0.07595351689061998,0.0,0.08478560533971198,0.09863786737119766,0.07298826399577056,0.0,0.0,0.0,0.0,0.0,0.0,0.0,0.0,0.0,0.0,0.0,0.0,0.0,0.0
2024-01-19,0.0,0.0,0.09309439298474108,0.10594766994523123,0.08756366042036998,0.06349897465890053,0.07595351689061998,0.0,0.08478560533971198,0.09863786737119766,0.07298826399577056,0.0,0.0,0.0,0.0,0.0,0.0,0.0,0.0,0.0,0.0,0.0,0.0,0.0,0.0
2024-01-22,0.0,0.0,0.09309439298474108,0.10594766994523123,0.08756366042036998,0.06349897465890053,0.07595351689061998,0.0,0.08478560533971198,0.09863786737119766,0.07298826399577056,0.0,0.0,0.0,0.0,0.0,0.0,0.0,0.0,0.0,0.0,0.0,0.0,0.0,0.0
2024-01-23,0.0,0.0,0.09309439298474108,0.10594766994523123,0.08756366042036998,0.06349897465890053,0.07595351689061998,0.0,0.08478560533971198,0.09863786737119766,0.07298826399577056,0.0,0.0,0.0,0.0,0.0,0.0,0.0,0.0,0.0,0.0,0.0,0.0,0.0,0.0
2024-01-24,0.0,0.0,0.09309439298474108,0.10594766994523123,0.08756366042036998,0.06349897465890053,0.07595351689061998,0.0,0.08478560533971198,0.09863786737119766,0.07298826399577056,0.0,0.0,0.0,0.0,0.0,0.0,0.0,0.0,0.0,0.0,0.0,0.0,0.0,0.0
2024-01-25,0.0,0.0,0.09309439298474108,0.10594766994523123,0.08756366042036998,0.06349897465890053,0.07595351689061998,0.0,0.08478560533971198,0.09863786737119766,0.07298826399577056,0.0,0.0,0.0,0.0,0.0,0.0,0.0,0.0,0.0,0.0,0.0,0.0,0.0,0.0
2024-01-26,0.0,0.0,0.09309439298474108,0.10594766994523123,0.08756366042036998,0.06349897465890053,0.07595351689061998,0.0,0.08478560533971198,0.09863786737119766,0.07298826399577056,0.0,0.0,0.0,0.0,0.0,0.0,0.0,0.0,0.0,0.0,0.0,0.0,0.0,0.0
2024-01-29,0.0,0.0,0.09309439298474108,0.10594766994523123,0.08756366042036998,0.06349897465890053,0.07595351689061998,0.0,0.08478560533971198,0.09863786737119766,0.07298826399577056,0.0,0.0,0.0,0.0,0.0,0.0,0.0,0.0,0.0,0.0,0.0,0.0,0.0,0.0
2024-01-30,0.0,0.0,0.09309439298474108,0.10594766994523123,0.08756366042036998,0.06349897465890053,0.07595351689061998,0.0,0.08478560533971198,0.09863786737119766,0.07298826399577056,0.0,0.0,0.0,0.0,0.0,0.0,0.0,0.0,0.0,0.0,0.0,0.0,0.0,0.0
2024-01-31,0.0,0.0,0.09309439298474108,0.10594766994523123,0.08756366042036998,0.06349897465890053,0.07595351689061998,0.0,0.08478560533971198,0.09863786737119766,0.07298826399577056,0.0,0.0,0.0,0.0,0.0,0.0,0.0,0.0,0.0,0.0,0.0,0.0,0.0,0.0
2024-02-01,0.06403459119249873,0.06732320504081132,0.0,0.0,0.08158984109245843,0.08169734271603973,0.06697720531982922,0.0,0.0,0.16281105709013136,0.1204976107831374,0.0,0.0,0.0,0.0,0.0,0.0,0.0,0.0,0.0,0.0,0.0,0.0,0.0,0.0
2024-02-02,0.06403459119249873,0.06732320504081132,0.0,0.0,0.08158984109245843,0.08169734271603973,0.06697720531982922,0.0,0.0,0.16281105709013136,0.1204976107831374,0.0,0.0,0.0,0.0,0.0,0.0,0.0,0.0,0.0,0.0,0.0,0.0,0.0,0.0
2024-02-05,0.06403459119249873,0.06732320504081132,0.0,0.0,0.08158984109245843,0.08169734271603973,0.06697720531982922,0.0,0.0,0.16281105709013136,0.1204976107831374,0.0,0.0,0.0,0.0,0.0,0.0,0.0,0.0,0.0,0.0,0.0,0.0,0.0,0.0
2024-02-06,0.06403459119249873,0.06732320504081132,0.0,0.0,0.08158984109245843,0.08169734271603973,0.06697720531982922,0.0,0.0,0.16281105709013136,0.1204976107831374,0.0,0.0,0.0,0.0,0.0,0.0,0.0,0.0,0.0,0.0,0.0,0.0,0.0,0.0
2024-02-07,0.06403459119249873,0.06732320504081132,0.0,0.0,0.08158984109245843,0.08169734271603973,0.06697720531982922,0.0,0.0,0.16281105709013136,0.1204976107831374,0.0,0.0,0.0,0.0,0.0,0.0,0.0,0.0,0.0,0.0,0.0,0.0,0.0,0.0
2024-02-08,0.06403459119249873,0.06732320504081132,0.0,0.0,0.08158984109245843,0.08169734271603973,0.06697720531982922,0.0,0.0,0.16281105709013136,0.1204976107831374,0.0,0.0,0.0,0.0,0.0,0.0,0.0,0.0,0.0,0.0,0.0,0.0,0.0,0.0
2024-02-09,0.06403459119249873,0.06732320504081132,0.0,0.0,0.08158984109245843,0.08169734271603973,0.06697720531982922,0.0,0.0,0.16281105709013136,0.1204976107831374,0.0,0.0,0.0,0.0,0.0,0.0,0.0,0.0,0.0,0.0,0.0,0.0,0.0,0.0
2024-02-12,0.06403459119249873,0.06732320504081132,0.0,0.0,0.08158984109245843,0.08169734271603973,0.06697720531982922,0.0,0.0,0.16281105709013136,0.1204976107831374,0.0,0.0,0.0,0.0,0.0,0.0,0.0,0.0,0.0,0.0,0.0,0.0,0.0,0.0
2024-02-13,0.06403459119249873,0.06732320504081132,0.0,0.0,0.08158984109245843,0.08169734271603973,0.06697720531982922,0.0,0.0,0.16281105709013136,0.1204976107831374,0.0,0.0,0.0,0.0,0.0,0.0,0.0,0.0,0.0,0.0,0.0,0.0,0.0,0.0
2024-02-14,0.06403459119249873,0.06732320504081132,0.0,0.0,0.08158984109245843,0.08169734271603973,0.06697720531982922,0.0,0.0,0.16281105709013136,0.1204976107831374,0.0,0.0,0.0,0.0,0.0,0.0,0.0,0.0,0.0,0.0,0.0,0.0,0.0,0.0
2024-02-15,0.06403459119249873,0.06732320504081132,0.0,0.0,0.08158984109245843,0.08169734271603973,0.06697720531982922,0.0,0.0,0.16281105709013136,0.1204976107831374,0.0,0.0,0.0,0.0,0.0,0.0,0.0,0.0,0.0,0.0,0.0,0.0,0.0,0.0
2024-02-16,0.06403459119249873,0.06732320504081132,0.0,0.0,0.08158984109245843,0.08169734271603973,0.06697720531982922,0.0,0.0,0.16281105709013136,0.1204976107831374,0.0,0.0,0.0,0.0,0.0,0.0,0.0,0.0,0.0,0.0,0.0,0.0,0.0,0.0
2024-02-19,0.06403459119249873,0.06732320504081132,0.0,0.0,0.08158984109245843,0.08169734271603973,0.06697720531982922,0.0,0.0,0.16281105709013136,0.1204976107831374,0.0,0.0,0.0,0.0,0.0,0.0,0.0,0.0,0.0,0.0,0.0,0.0,0.0,0.0
2024-02-20,0.06403459119249873,0.06732320504081132,0.0,0.0,0.08158984109245843,0.08169734271603973,0.06697720531982922,0.0,0.0,0.16281105709013136,0.1204976107831374,0.0,0.0,0.0,0.0,0.0,0.0,0.0,0.0,0.0,0.0,0.0,0.0,0.0,0.0
2024-02-21,0.06403459119249873,0.06732320504081132,0.0,0.0,0.08158984109245843,0.08169734271603973,0.06697720531982922,0.0,0.0,0.16281105709013136,0.1204976107831374,0.0,0.0,0.0,0.0,0.0,0.0,0.0,0.0,0.0,0.0,0.0,0.0,0.0,0.0
2024-02-22,0.06403459119249873,0.06732320504081132,0.0,0.0,0.08158984109245843,0.08169734271603973,0.06697720531982922,0.0,0.0,0.16281105709013136,0.1204976107831374,0.0,0.0,0.0,0.0,0.0,0.0,0.0,0.0,0.0,0.0,0.0,0.0,0.0,0.0
2024-02-23,0.06403459119249873,0.06732320504081132,0.0,0.0,0.08158984109245843,0.08169734271603973,0.06697720531982922,0.0,0.0,0.16281105709013136,0.1204976107831374,0.0,0.0,0.0,0.0,0.0,0.0,0.0,0.0,0.0,0.0,0.0,0.0,0.0,0.0
2024-02-26,0.06403459119249873,0.06732320504081132,0.0,0.0,0.08158984109245843,0.08169734271603973,0.06697720531982922,0.0,0.0,0.16281105709013136,0.1204976107831374,0.0,0.0,0.0,0.0,0.0,0.0,0.0,0.0,0.0,0.0,0.0,0.0,0.0,0.0
2024-02-27,0.06403459119249873,0.06732320504081132,0.0,0.0,0.08158984109245843,0.08169734271603973,0.06697720531982922,0.0,0.0,0.16281105709013136,0.1204976107831374,0.0,0.0,0.0,0.0,0.0,0.0,0.0,0.0,0.0,0.0,0.0,0.0,0.0,0.0
2024-02-28,0.06403459119249873,0.06732320504081132,0.0,0.0,0.08158984109245843,0.08169734271603973,0.06697720531982922,0.0,0.0,0.16281105709013136,0.1204976107831374,0.0,0.0,0.0,0.0,0.0,0.0,0.0,0.0,0.0,0.0,0.0,0.0,0.0,0.0
2024-02-29,0.06403459119249873,0.06732320504081132,0.0,0.0,0.08158984109245843,0.08169734271603973,0.06697720531982922,0.0,0.0,0.16281105709013136,0.1204976107831374,0.0,0.0,0.0,0.0,0.0,0.0,0.0,0.0,0.0,0.0,0.0,0.0,0.0,0.0
2024-03-01,0.0896626512104582,0.09032268495896209,0.08550684960004153,0.10143829173524287,0.0,0.07775712292798087,0.0659916103503468,0.0,0.0,0.11295270617286914,0.0573315670984187,0.0,0.0,0.0,0.0,0.0,0.0,0.0,0.0,0.0,0.0,0.0,0.0,0.0,0.0
2024-03-04,0.0896626512104582,0.09032268495896209,0.08550684960004153,0.10143829173524287,0.0,0.07775712292798087,0.0659916103503468,0.0,0.0,0.11295270617286914,0.0573315670984187,0.0,0.0,0.0,0.0,0.0,0.0,0.0,0.0,0.0,0.0,0.0,0.0,0.0,0.0
2024-03-05,0.0896626512104582,0.09032268495896209,0.08550684960004153,0.10143829173524287,0.0,0.07775712292798087,0.0659916103503468,0.0,0.0,0.11295270617286914,0.0573315670984187,0.0,0.0,0.0,0.0,0.0,0.0,0.0,0.0,0.0,0.0,0.0,0.0,0.0,0.0
2024-03-06,0.0896626512104582,0.09032268495896209,0.08550684960004153,0.10143829173524287,0.0,0.07775712292798087,0.0659916103503468,0.0,0.0,0.11295270617286914,0.0573315670984187,0.0,0.0,0.0,0.0,0.0,0.0,0.0,0.0,0.0,0.0,0.0,0.0,0.0,0.0
2024-03-07,0.0896626512104582,0.09032268495896209,0.08550684960004153,0.10143829173524287,0.0,0.07775712292798087,0.0659916103503468,0.0,0.0,0.11295270617286914,0.0573315670984187,0.0,0.0,0.0,0.0,0.0,0.0,0.0,0.0,0.0,0.0,0.0,0.0,0.0,0.0
2024-03-08,0.0896626512104582,0.09032268495896209,0.08550684960004153,0.10143829173524287,0.0,0.07775712292798087,0.0659916103503468,0.0,0.0,0.11295270617286914,0.0573315670984187,0.0,0.0,0.0,0.0,0.0,0.0,0.0,0.0,0.0,0.0,0.0,0.0,0.0,0.0
2024-03-11,0.0896626512104582,0.09032268495896209,0.08550684960004153,0.10143829173524287,0.0,0.07775712292798087,0.0659916103503468,0.0,0.0,0.11295270617286914,0.0573315670984187,0.0,0.0,0.0,0.0,0.0,0.0,0.0,0.0,0.0,0.0,0.0,0.0,0.0,0.0
2024-03-12,0.0896626512104582,0.09032268495896209,0.08550684960004153,0.10143829173524287,0.0,0.07775712292798087,0.0659916103503468,0.0,0.0,0.11295270617286914,0.0573315670984187,0.0,0.0,0.0,0.0,0.0,0.0,0.0,0.0,0.0,0.0,0.0,0.0,0.0,0.0
2024-03-13,0.0896626512104582,0.09032268495896209,0.08550684960004153,0.10143829173524287,0.0,0.07775712292798087,0.0659916103503468,0.0,0.0,0.11295270617286914,0.0573315670984187,0.0,0.0,0.0,0.0,0.0,0.0,0.0,0.0,0.0,0.0,0.0,0.0,0.0,0.0
2024-03-14,0.0896626512104582,0.09032268495896209,0.08550684960004153,0.10143829173524287,0.0,0.07775712292798087,0.0659916103503468,0.0,0.0,0.11295270617286914,0.0573315670984187,0.0,0.0,0.0,0.0,0.0,0.0,0.0,0.0,0.0,0.0,0.0,0.0,0.0,0.0
2024-03-15,0.0896626512104582,0.09032268495896209,0.08550684960004153,0.10143829173524287,0.0,0.07775712292798087,0.0659916103503468,0.0,0.0,0.11295270617286914,0.0573315670984187,0.0,0.0,0.0,0.0,0.0,0.0,0.0,0.0,0.0,0.0,0.0,0.0,0.0,0.0
2024-03-18,0.0896626512104582,0.09032268495896209,0.08550684960004153,0.10143829173524287,0.0,0.07775712292798087,0.0659916103503468,0.0,0.0,0.11295270617286914,0.0573315670984187,0.0,0.0,0.0,0.0,0.0,0.0,0.0,0.0,0.0,0.0,0.0,0.0,0.0,0.0
2024-03-19,0.0896626512104582,0.09032268495896209,0.08550684960004153,0.10143829173524287,0.0,0.07775712292798087,0.0659916103503468,0.0,0.0,0.11295270617286914,0.0573315670984187,0.0,0.0,0.0,0.0,0.0,0.0,0.0,0.0,0.0,0.0,0.0,0.0,0.0,0.0
2024-03-20,0.0896626512104582,0.09032268495896209,0.08550684960004153,0.10143829173524287,0.0,0.07775712292798087,0.0659916103503468,0.0,0.0,0.11295270617286914,0.0573315670984187,0.0,0.0,0.0,0.0,0.0,0.0,0.0,0.0,0.0,0.0,0.0,0.0,0.0,0.0
2024-03-21,0.0896626512104582,0.09032268495896209,0.08550684960004153,0.10143829173524287,0.0,0.07775712292798087,0.0659916103503468,0.0,0.0,0.11295270617286914,0.0573315670984187,0.0,0.0,0.0,0.0,0.0,0.0,0.0,0.0,0.0,0.0,0.0,0.0,0.0,0.0
2024-03-22,0.0896626512104582,0.09032268495896209,0.08550684960004153,0.10143829173524287,0.0,0.07775712292798087,0.0659916103503468,0.0,0.0,0.11295270617286914,0.0573315670984187,0.0,0.0,0.0,0.0,0.0,0.0,0.0,0.0,0.0,0.0,0.0,0.0,0.0,0.0
2024-03-25,0.0896626512104582,0.09032268495896209,0.08550684960004153,0.10143829173524287,0.0,0.07775712292798087,0.0659916103503468,0.0,0.0,0.11295270617286914,0.0573315670984187,0.0,0.0,0.0,0.0,0.0,0.0,0.0,0.0,0.0,0.0,0.0,0.0,0.0,0.0
2024-03-26,0.0896626512104582,0.09032268495896209,0.08550684960004153,0.10143829173524287,0.0,0.07775712292798087,0.0659916103503468,0.0,0.0,0.11295270617286914,0.0573315670984187,0.0,0.0,0.0,0.0,0.0,0.0,0.0,0.0,0.0,0.0,0.0,0.0,0.0,0.0
2024-03-27,0.0896626512104582,0.09032268495896209,0.08550684960004153,0.10143829173524287,0.0,0.07775712292798087,0.0659916103503468,0.0,0.0,0.11295270617286914,0.0573315670984187,0.0,0.0,0.0,0.0,0.0,0.0,0.0,0.0,0.0,0.0,0.0,0.0,0.0,0.0
2024-03-28,0.0896626512104582,0.09032268495896209,0.08550684960004153,0.10143829173524287,0.0,0.07775712292798087,0.0659916103503468,0.0,0.0,0.11295270617286914,0.0573315670984187,0.0,0.0,0.0,0.0,0.0,0.0,0.0,0.0,0.0,0.0,0.0,0.0,0.0,0.0
2024-03-29,0.0896626512104582,0.09032268495896209,0.08550684960004153,0.10143829173524287,0.0,0.07775712292798087,0.0659916103503468,0.0,0.0,0.11295270617286914,0.0573315670984187,0.0,0.0,0.0,0.0,0.0,0.0,0.0,0.0,0.0,0.0,0.0,0.0,0.0,0.0
2024-04-01,0.06920152039495357,0.08123422569630191,0.08770383668312258,0.07882916735766411,0.09626779315558404,0.06982776045242743,0.06638174598101779,0.0,0.0,0.08464874059569548,0.0,0.0,0.0,0.0,0.0,0.0,0.0,0.0,0.0,0.0,0.0,0.0,0.0,0.0,0.0
2024-04-02,0.06920152039495357,0.08123422569630191,0.08770383668312258,0.07882916735766411,0.09626779315558404,0.06982776045242743,0.06638174598101779,0.0,0.0,0.08464874059569548,0.0,0.0,0.0,0.0,0.0,0.0,0.0,0.0,0.0,0.0,0.0,0.0,0.0,0.0,0.0
2024-04-03,0.06920152039495357,0.08123422569630191,0.08770383668312258,0.07882916735766411,0.09626779315558404,0.06982776045242743,0.06638174598101779,0.0,0.0,0.08464874059569548,0.0,0.0,0.0,0.0,0.0,0.0,0.0,0.0,0.0,0.0,0.0,0.0,0.0,0.0,0.0
2024-04-04,0.06920152039495357,0.08123422569630191,0.08770383668312258,0.07882916735766411,0.09626779315558404,0.06982776045242743,0.06638174598101779,0.0,0.0,0.08464874059569548,0.0,0.0,0.0,0.0,0.0,0.0,0.0,0.0,0.0,0.0,0.0,0.0,0.0,0.0,0.0
2024-04-05,0.06920152039495357,0.08123422569630191,0.08770383668312258,0.07882916735766411,0.09626779315558404,0.06982776045242743,0.06638174598101779,0.0,0.0,0.08464874059569548,0.0,0.0,0.0,0.0,0.0,0.0,0.0,0.0,0.0,0.0,0.0,0.0,0.0,0.0,0.0
2024-04-08,0.06920152039495357,0.08123422569630191,0.08770383668312258,0.07882916735766411,0.09626779315558404,0.06982776045242743,0.06638174598101779,0.0,0.0,0.08464874059569548,0.0,0.0,0.0,0.0,0.0,0.0,0.0,0.0,0.0,0.0,0.0,0.0,0.0,0.0,0.0
2024-04-09,0.06920152039495357,0.08123422569630191,0.08770383668312258,0.07882916735766411,0.09626779315558404,0.06982776045242743,0.06638174598101779,0.0,0.0,0.08464874059569548,0.0,0.0,0.0,0.0,0.0,0.0,0.0,0.0,0.0,0.0,0.0,0.0,0.0,0.0,0.0
2024-04-10,0.06920152039495357,0.08123422569630191,0.08770383668312258,0.07882916735766411,0.09626779315558404,0.06982776045242743,0.06638174598101779,0.0,0.0,0.08464874059569548,0.0,0.0,0.0,0.0,0.0,0.0,0.0,0.0,0.0,0.0,0.0,0.0,0.0,0.0,0.0
2024-04-11,0.06920152039495357,0.08123422569630191,0.08770383668312258,0.07882916735766411,0.09626779315558404,0.06982776045242743,0.06638174598101779,0.0,0.0,0.08464874059569548,0.0,0.0,0.0,0.0,0.0,0.0,0.0,0.0,0.0,0.0,0.0,0.0,0.0,0.0,0.0
2024-04-12,0.06920152039495357,0.08123422569630191,0.08770383668312258,0.07882916735766411,0.09626779315558404,0.06982776045242743,0.06638174598101779,0.0,0.0,0.08464874059569548,0.0,0.0,0.0,0.0,0.0,0.0,0.0,0.0,0.0,0.0,0.0,0.0,0.0,0.0,0.0
2024-04-15,0.06920152039495357,0.08123422569630191,0.08770383668312258,0.07882916735766411,0.09626779315558404,0.06982776045242743,0.06638174598101779,0.0,0.0,0.08464874059569548,0.0,0.0,0.0,0.0,0.0,0.0,0.0,0.0,0.0,0.0,0.0,0.0,0.0,0.0,0.0
2024-04-16,0.06920152039495357,0.08123422569630191,0.08770383668312258,0.07882916735766411,0.09626779315558404,0.06982776045242743,0.06638174598101779,0.0,0.0,0.08464874059569548,0.0,0.0,0.0,0.0,0.0,0.0,0.0,0.0,0.0,0.0,0.0,0.0,0.0,0.0,0.0
2024-04-17,0.06920152039495357,0.08123422569630191,0.08770383668312258,0.07882916735766411,0.09626779315558404,0.06982776045242743,0.06638174598101779,0.0,0.0,0.08464874059569548,0.0,0.0,0.0,0.0,0.0,0.0,0.0,0.0,0.0,0.0,0.0,0.0,0.0,0.0,0.0
2024-04-18,0.06920152039495357,0.08123422569630191,0.08770383668312258,0.07882916735766411,0.09626779315558404,0.06982776045242743,0.06638174598101779,0.0,0.0,0.08464874059569548,0.0,0.0,0.0,0.0,0.0,0.0,0.0,0.0,0.0,0.0,0.0,0.0,0.0,0.0,0.0
2024-04-19,0.06920152039495357,0.08123422569630191,0.08770383668312258,0.07882916735766411,0.09626779315558404,0.06982776045242743,0.06638174598101779,0.0,0.0,0.08464874059569548,0.0,0.0,0.0,0.0,0.0,0.0,0.0,0.0,0.0,0.0,0.0,0.0,0.0,0.0,0.0
2024-04-22,0.06920152039495357,0.08123422569630191,0.08770383668312258,0.07882916735766411,0.09626779315558404,0.06982776045242743,0.06638174598101779,0.0,0.0,0.08464874059569548,0.0,0.0,0.0,0.0,0.0,0.0,0.0,0.0,0.0,0.0,0.0,0.0,0.0,0.0,0.0
2024-04-23,0.06920152039495357,0.08123422569630191,0.08770383668312258,0.07882916735766411,0.09626779315558404,0.06982776045242743,0.06638174598101779,0.0,0.0,0.08464874059569548,0.0,0.0,0.0,0.0,0.0,0.0,0.0,0.0,0.0,0.0,0.0,0.0,0.0,0.0,0.0
2024-04-24,0.06920152039495357,0.08123422569630191,0.08770383668312258,0.07882916735766411,0.09626779315558404,0.06982776045242743,0.06638174598101779,0.0,0.0,0.08464874059569548,0.0,0.0,0.0,0.0,0.0,0.0,0.0,0.0,0.0,0.0,0.0,0.0,0.0,0.0,0.0
2024-04-25,0.06920152039495357,0.08123422569630191,0.08770383668312258,0.07882916735766411,0.09626779315558404,0.06982776045242743,0.06638174598101779,0.0,0.0,0.08464874059569548,0.0,0.0,0.0,0.0,0.0,0.0,0.0,0.0,0.0,0.0,0.0,0.0,0.0,0.0,0.0
2024-04-26,0.06920152039495357,0.08123422569630191,0.08770383668312258,0.07882916735766411,0.09626779315558404,0.06982776045242743,0.06638174598101779,0.0,0.0,0.08464874059569548,0.0,0.0,0.0,0.0,0.0,0.0,0.0,0.0,0.0,0.0,0.0,0.0,0.0,0.0,0.0
2024-04-29,0.06920152039495357,0.08123422569630191,0.08770383668312258,0.07882916735766411,0.09626779315558404,0.06982776045242743,0.06638174598101779,0.0,0.0,0.08464874059569548,0.0,0.0,0.0,0.0,0.0,0.0,0.0,0.0,0.0,0.0,0.0,0.0,0.0,0.0,0.0
2024-04-30,0.06920152039495357,0.08123422569630191,0.08770383668312258,0.07882916735766411,0.09626779315558404,0.06982776045242743,0.06638174598101779,0.0,0.0,0.08464874059569548,0.0,0.0,0.0,0.0,0.0,0.0,0.0,0.0,0.0,0.0,0.0,0.0,0.0,0.0,0.0
2024-05-01,0.06691408084656354,0.07036936701391597,0.08011390017626907,0.07741554434540837,0.07553063995284173,0.0582525849395389,0.051673754265700686,0.0,0.0,0.15947168330979877,0.14219971484425903,0.0,0.0,0.0,0.0,0.10012112042509343,0.0,0.0,0.0,0.0,0.0,0.0,0.0,0.0,0.0
2024-05-02,0.06691408084656354,0.07036936701391597,0.08011390017626907,0.07741554434540837,0.07553063995284173,0.0582525849395389,0.051673754265700686,0.0,0.0,0.15947168330979877,0.14219971484425903,0.0,0.0,0.0,0.0,0.10012112042509343,0.0,0.0,0.0,0.0,0.0,0.0,0.0,0.0,0.0
2024-05-03,0.06691408084656354,0.07036936701391597,0.08011390017626907,0.07741554434540837,0.07553063995284173,0.0582525849395389,0.051673754265700686,0.0,0.0,0.15947168330979877,0.14219971484425903,0.0,0.0,0.0,0.0,0.10012112042509343,0.0,0.0,0.0,0.0,0.0,0.0,0.0,0.0,0.0
2024-05-06,0.06691408084656354,0.07036936701391597,0.08011390017626907,0.07741554434540837,0.07553063995284173,0.0582525849395389,0.051673754265700686,0.0,0.0,0.15947168330979877,0.14219971484425903,0.0,0.0,0.0,0.0,0.10012112042509343,0.0,0.0,0.0,0.0,0.0,0.0,0.0,0.0,0.0
2024-05-07,0.06691408084656354,0.07036936701391597,0.08011390017626907,0.07741554434540837,0.07553063995284173,0.0582525849395389,0.051673754265700686,0.0,0.0,0.15947168330979877,0.14219971484425903,0.0,0.0,0.0,0.0,0.10012112042509343,0.0,0.0,0.0,0.0,0.0,0.0,0.0,0.0,0.0
2024-05-08,0.06691408084656354,0.07036936701391597,0.08011390017626907,0.07741554434540837,0.07553063995284173,0.0582525849395389,0.051673754265700686,0.0,0.0,0.15947168330979877,0.14219971484425903,0.0,0.0,0.0,0.0,0.10012112042509343,0.0,0.0,0.0,0.0,0.0,0.0,0.0,0.0,0.0
2024-05-09,0.06691408084656354,0.07036936701391597,0.08011390017626907,0.07741554434540837,0.07553063995284173,0.0582525849395389,0.051673754265700686,0.0,0.0,0.15947168330979877,0.14219971484425903,0.0,0.0,0.0,0.0,0.10012112042509343,0.0,0.0,0.0,0.0,0.0,0.0,0.0,0.0,0.0
2024-05-10,0.06691408084656354,0.07036936701391597,0.08011390017626907,0.07741554434540837,0.07553063995284173,0.0582525849395389,0.051673754265700686,0.0,0.0,0.15947168330979877,0.14219971484425903,0.0,0.0,0.0,0.0,0.10012112042509343,0.0,0.0,0.0,0.0,0.0,0.0,0.0,0.0,0.0
2024-05-13,0.06691408084656354,0.07036936701391597,0.08011390017626907,0.07741554434540837,0.07553063995284173,0.0582525849395389,0.051673754265700686,0.0,0.0,0.15947168330979877,0.14219971484425903,0.0,0.0,0.0,0.0,0.10012112042509343,0.0,0.0,0.0,0.0,0.0,0.0,0.0,0.0,0.0
2024-05-14,0.06691408084656354,0.07036936701391597,0.08011390017626907,0.07741554434540837,0.07553063995284173,0.0582525849395389,0.051673754265700686,0.0,0.0,0.15947168330979877,0.14219971484425903,0.0,0.0,0.0,0.0,0.10012112042509343,0.0,0.0,0.0,0.0,0.0,0.0,0.0,0.0,0.0
2024-05-15,0.06691408084656354,0.07036936701391597,0.08011390017626907,0.07741554434540837,0.07553063995284173,0.0582525849395389,0.051673754265700686,0.0,0.0,0.15947168330979877,0.14219971484425903,0.0,0.0,0.0,0.0,0.10012112042509343,0.0,0.0,0.0,0.0,0.0,0.0,0.0,0.0,0.0
2024-05-16,0.06691408084656354,0.07036936701391597,0.08011390017626907,0.07741554434540837,0.07553063995284173,0.0582525849395389,0.051673754265700686,0.0,0.0,0.15947168330979877,0.14219971484425903,0.0,0.0,0.0,0.0,0.10012112042509343,0.0,0.0,0.0,0.0,0.0,0.0,0.0,0.0,0.0
2024-05-17,0.06691408084656354,0.07036936701391597,0.08011390017626907,0.07741554434540837,0.07553063995284173,0.0582525849395389,0.051673754265700686,0.0,0.0,0.15947168330979877,0.14219971484425903,0.0,0.0,0.0,0.0,0.10012112042509343,0.0,0.0,0.0,0.0,0.0,0.0,0.0,0.0,0.0
2024-05-20,0.06691408084656354,0.07036936701391597,0.08011390017626907,0.07741554434540837,0.07553063995284173,0.0582525849395389,0.051673754265700686,0.0,0.0,0.15947168330979877,0.14219971484425903,0.0,0.0,0.0,0.0,0.10012112042509343,0.0,0.0,0.0,0.0,0.0,0.0,0.0,0.0,0.0
2024-05-21,0.06691408084656354,0.07036936701391597,0.08011390017626907,0.07741554434540837,0.07553063995284173,0.0582525849395389,0.051673754265700686,0.0,0.0,0.15947168330979877,0.14219971484425903,0.0,0.0,0.0,0.0,0.10012112042509343,0.0,0.0,0.0,0.0,0.0,0.0,0.0,0.0,0.0
2024-05-22,0.06691408084656354,0.07036936701391597,0.08011390017626907,0.07741554434540837,0.07553063995284173,0.0582525849395389,0.051673754265700686,0.0,0.0,0.15947168330979877,0.14219971484425903,0.0,0.0,0.0,0.0,0.10012112042509343,0.0,0.0,0.0,0.0,0.0,0.0,0.0,0.0,0.0
2024-05-23,0.06691408084656354,0.07036936701391597,0.08011390017626907,0.07741554434540837,0.07553063995284173,0.0582525849395389,0.051673754265700686,0.0,0.0,0.15947168330979877,0.14219971484425903,0.0,0.0,0.0,0.0,0.10012112042509343,0.0,0.0,0.0,0.0,0.0,0.0,0.0,0.0,0.0
2024-05-24,0.06691408084656354,0.07036936701391597,0.08011390017626907,0.07741554434540837,0.07553063995284173,0.0582525849395389,0.051673754265700686,0.0,0.0,0.15947168330979877,0.14219971484425903,0.0,0.0,0.0,0.0,0.10012112042509343,0.0,0.0,0.0,0.0,0.0,0.0,0.0,0.0,0.0
2024-05-27,0.06691408084656354,0.07036936701391597,0.08011390017626907,0.07741554434540837,0.07553063995284173,0.0582525849395389,0.051673754265700686,0.0,0.0,0.15947168330979877,0.14219971484425903,0.0,0.0,0.0,0.0,0.10012112042509343,0.0,0.0,0.0,0.0,0.0,0.0,0.0,0.0,0.0
2024-05-28,0.06691408084656354,0.07036936701391597,0.08011390017626907,0.07741554434540837,0.07553063995284173,0.0582525849395389,0.051673754265700686,0.0,0.0,0.15947168330979877,0.14219971484425903,0.0,0.0,0.0,0.0,0.10012112042509343,0.0,0.0,0.0,0.0,0.0,0.0,0.0,0.0,0.0
2024-05-29,0.06691408084656354,0.07036936701391597,0.08011390017626907,0.07741554434540837,0.07553063995284173,0.0582525849395389,0.051673754265700686,0.0,0.0,0.15947168330979877,0.14219971484425903,0.0,0.0,0.0,0.0,0.10012112042509343,0.0,0.0,0.0,0.0,0.0,0.0,0.0,0.0,0.0
2024-05-30,0.06691408084656354,0.07036936701391597,0.08011390017626907,0.07741554434540837,0.07553063995284173,0.0582525849395389,0.051673754265700686,0.0,0.0,0.15947168330979877,0.14219971484425903,0.0,0.0,0.0,0.0,0.10012112042509343,0.0,0.0,0.0,0.0,0.0,0.0,0.0,0.0,0.0
2024-05-31,0.06691408084656354,0.07036936701391597,0.08011390017626907,0.07741554434540837,0.07553063995284173,0.0582525849395389,0.051673754265700686,0.0,0.0,0.15947168330979877,0.14219971484425903,0.0,0.0,0.0,0.0,0.10012112042509343,0.0,0.0,0.0,0.0,0.0,0.0,0.0,0.0,0.0
2024-06-03,0.06465863904552373,0.0724543901983993,0.07491885033671246,0.09003154490202821,0.06489916134584642,0.0632876133144852,0.04694392451105063,0.0,0.0,0.13466954238044135,0.14378912879059366,0.0,0.0,0.0,0.0,0.0,0.0,0.0,0.0,0.0,0.0,0.0,0.0,0.0,0.0
2024-06-04,0.06465863904552373,0.0724543901983993,0.07491885033671246,0.09003154490202821,0.06489916134584642,0.0632876133144852,0.04694392451105063,0.0,0.0,0.13466954238044135,0.14378912879059366,0.0,0.0,0.0,0.0,0.0,0.0,0.0,0.0,0.0,0.0,0.0,0.0,0.0,0.0
2024-06-05,0.06465863904552373,0.0724543901983993,0.07491885033671246,0.09003154490202821,0.06489916134584642,0.0632876133144852,0.04694392451105063,0.0,0.0,0.13466954238044135,0.14378912879059366,0.0,0.0,0.0,0.0,0.0,0.0,0.0,0.0,0.0,0.0,0.0,0.0,0.0,0.0
2024-06-06,0.06465863904552373,0.0724543901983993,0.07491885033671246,0.09003154490202821,0.06489916134584642,0.0632876133144852,0.04694392451105063,0.0,0.0,0.13466954238044135,0.14378912879059366,0.0,0.0,0.0,0.0,0.0,0.0,0.0,0.0,0.0,0.0,0.0,0.0,0.0,0.0
2024-06-07,0.06465863904552373,0.0724543901983993,0.07491885033671246,0.09003154490202821,0.06489916134584642,0.0632876133144852,0.04694392451105063,0.0,0.0,0.13466954238044135,0.14378912879059366,0.0,0.0,0.0,0.0,0.0,0.0,0.0,0.0,0.0,0.0,0.0,0.0,0.0,0.0
2024-06-10,0.06465863904552373,0.0724543901983993,0.07491885033671246,0.09003154490202821,0.06489916134584642,0.0632876133144852,0.04694392451105063,0.0,0.0,0.13466954238044135,0.14378912879059366,0.0,0.0,0.0,0.0,0.0,0.0,0.0,0.0,0.0,0.0,0.0,0.0,0.0,0.0
2024-06-11,0.06465863904552373,0.0724543901983993,0.07491885033671246,0.09003154490202821,0.06489916134584642,0.0632876133144852,0.04694392451105063,0.0,0.0,0.13466954238044135,0.14378912879059366,0.0,0.0,0.0,0.0,0.0,0.0,0.0,0.0,0.0,0.0,0.0,0.0,0.0,0.0
2024-06-12,0.06465863904552373,0.0724543901983993,0.07491885033671246,0.09003154490202821,0.06489916134584642,0.0632876133144852,0.04694392451105063,0.0,0.0,0.13466954238044135,0.14378912879059366,0.0,0.0,0.0,0.0,0.0,0.0,0.0,0.0,0.0,0.0,0.0,0.0,0.0,0.0
2024-06-13,0.06465863904552373,0.0724543901983993,0.07491885033671246,0.09003154490202821,0.06489916134584642,0.0632876133144852,0.04694392451105063,0.0,0.0,0.13466954238044135,0.14378912879059366,0.0,0.0,0.0,0.0,0.0,0.0,0.0,0.0,0.0,0.0,0.0,0.0,0.0,0.0
2024-06-14,0.06465863904552373,0.0724543901983993,0.07491885033671246,0.09003154490202821,0.06489916134584642,0.0632876133144852,0.04694392451105063,0.0,0.0,0.13466954238044135,0.14378912879059366,0.0,0.0,0.0,0.0,0.0,0.0,0.0,0.0,0.0,0.0,0.0,0.0,0.0,0.0
2024-06-17,0.06465863904552373,0.0724543901983993,0.07491885033671246,0.09003154490202821,0.06489916134584642,0.0632876133144852,0.04694392451105063,0.0,0.0,0.13466954238044135,0.14378912879059366,0.0,0.0,0.0,0.0,0.0,0.0,0.0,0.0,0.0,0.0,0.0,0.0,0.0,0.0
2024-06-18,0.06465863904552373,0.0724543901983993,0.07491885033671246,0.09003154490202821,0.06489916134584642,0.0632876133144852,0.04694392451105063,0.0,0.0,0.13466954238044135,0.14378912879059366,0.0,0.0,0.0,0.0,0.0,0.0,0.0,0.0,0.0,0.0,0.0,0.0,0.0,0.0
2024-06-19,0.06465863904552373,0.0724543901983993,0.07491885033671246,0.09003154490202821,0.06489916134584642,0.0632876133144852,0.04694392451105063,0.0,0.0,0.13466954238044135,0.14378912879059366,0.0,0.0,0.0,0.0,0.0,0.0,0.0,0.0,0.0,0.0,0.0,0.0,0.0,0.0
2024-06-20,0.06465863904552373,0.0724543901983993,0.07491885033671246,0.09003154490202821,0.06489916134584642,0.0632876133144852,0.04694392451105063,0.0,0.0,0.13466954238044135,0.14378912879059366,0.0,0.0,0.0,0.0,0.0,0.0,0.0,0.0,0.0,0.0,0.0,0.0,0.0,0.0
2024-06-21,0.06465863904552373,0.0724543901983993,0.07491885033671246,0.09003154490202821,0.06489916134584642,0.0632876133144852,0.04694392451105063,0.0,0.0,0.13466954238044135,0.14378912879059366,0.0,0.0,0.0,0.0,0.0,0.0,0.0,0.0,0.0,0.0,0.0,0.0,0.0,0.0
2024-06-24,0.06465863904552373,0.0724543901983993,0.07491885033671246,0.09003154490202821,0.06489916134584642,0.0632876133144852,0.04694392451105063,0.0,0.0,0.13466954238044135,0.14378912879059366,0.0,0.0,0.0,0.0,0.0,0.0,0.0,0.0,0.0,0.0,0.0,0.0,0.0,0.0
2024-06-25,0.06465863904552373,0.0724543901983993,0.07491885033671246,0.09003154490202821,0.06489916134584642,0.0632876133144852,0.04694392451105063,0.0,0.0,0.13466954238044135,0.14378912879059366,0.0,0.0,0.0,0.0,0.0,0.0,0.0,0.0,0.0,0.0,0.0,0.0,0.0,0.0
2024-06-26,0.06465863904552373,0.0724543901983993,0.07491885033671246,0.09003154490202821,0.06489916134584642,0.0632876133144852,0.04694392451105063,0.0,0.0,0.13466954238044135,0.14378912879059366,0.0,0.0,0.0,0.0,0.0,0.0,0.0,0.0,0.0,0.0,0.0,0.0,0.0,0.0
2024-06-27,0.06465863904552373,0.0724543901983993,0.07491885033671246,0.09003154490202821,0.06489916134584642,0.0632876133144852,0.04694392451105063,0.0,0.0,0.13466954238044135,0.14378912879059366,0.0,0.0,0.0,0.0,0.0,0.0,0.0,0.0,0.0,0.0,0.0,0.0,0.0,0.0
2024-06-28,0.06465863904552373,0.0724543901983993,0.07491885033671246,0.09003154490202821,0.06489916134584642,0.0632876133144852,0.04694392451105063,0.0,0.0,0.13466954238044135,0.14378912879059366,0.0,0.0,0.0,0.0,0.0,0.0,0.0,0.0,0.0,0.0,0.0,0.0,0.0,0.0
2024-07-01,0.05593293126732961,0.05949539971680059,0.060503742022075015,0.06794968976591281,0.0629530779597581,0.060499753397552834,0.049206197092702485,0.0,0.0,0.27501232167020423,0.14740311010839185,0.0,0.0,0.0,0.0,0.0,0.0,0.0,0.0,0.0,0.0,0.0,0.0,0.0,0.0
2024-07-02,0.05593293126732961,0.05949539971680059,0.060503742022075015,0.06794968976591281,0.0629530779597581,0.060499753397552834,0.049206197092702485,0.0,0.0,0.27501232167020423,0.14740311010839185,0.0,0.0,0.0,0.0,0.0,0.0,0.0,0.0,0.0,0.0,0.0,0.0,0.0,0.0
2024-07-03,0.05593293126732961,0.05949539971680059,0.060503742022075015,0.06794968976591281,0.0629530779597581,0.060499753397552834,0.049206197092702485,0.0,0.0,0.27501232167020423,0.14740311010839185,0.0,0.0,0.0,0.0,0.0,0.0,0.0,0.0,0.0,0.0,0.0,0.0,0.0,0.0
2024-07-04,0.05593293126732961,0.05949539971680059,0.060503742022075015,0.06794968976591281,0.0629530779597581,0.060499753397552834,0.049206197092702485,0.0,0.0,0.27501232167020423,0.14740311010839185,0.0,0.0,0.0,0.0,0.0,0.0,0.0,0.0,0.0,0.0,0.0,0.0,0.0,0.0
2024-07-05,0.05593293126732961,0.05949539971680059,0.060503742022075015,0.06794968976591281,0.0629530779597581,0.060499753397552834,0.049206197092702485,0.0,0.0,0.27501232167020423,0.14740311010839185,0.0,0.0,0.0,0.0,0.0,0.0,0.0,0.0,0.0,0.0,0.0,0.0,0.0,0.0
2024-07-08,0.05593293126732961,0.05949539971680059,0.060503742022075015,0.06794968976591281,0.0629530779597581,0.060499753397552834,0.049206197092702485,0.0,0.0,0.27501232167020423,0.14740311010839185,0.0,0.0,0.0,0.0,0.0,0.0,0.0,0.0,0.0,0.0,0.0,0.0,0.0,0.0
2024-07-09,0.05593293126732961,0.05949539971680059,0.060503742022075015,0.06794968976591281,0.0629530779597581,0.060499753397552834,0.049206197092702485,0.0,0.0,0.27501232167020423,0.14740311010839185,0.0,0.0,0.0,0.0,0.0,0.0,0.0,0.0,0.0,0.0,0.0,0.0,0.0,0.0
2024-07-10,0.05593293126732961,0.05949539971680059,0.060503742022075015,0.06794968976591281,0.0629530779597581,0.060499753397552834,0.049206197092702485,0.0,0.0,0.27501232167020423,0.14740311010839185,0.0,0.0,0.0,0.0,0.0,0.0,0.0,0.0,0.0,0.0,0.0,0.0,0.0,0.0
2024-07-11,0.05593293126732961,0.05949539971680059,0.060503742022075015,0.06794968976591281,0.0629530779597581,0.060499753397552834,0.049206197092702485,0.0,0.0,0.27501232167020423,0.14740311010839185,0.0,0.0,0.0,0.0,0.0,0.0,0.0,0.0,0.0,0.0,0.0,0.0,0.0,0.0
2024-07-12,0.05593293126732961,0.05949539971680059,0.060503742022075015,0.06794968976591281,0.0629530779597581,0.060499753397552834,0.049206197092702485,0.0,0.0,0.27501232167020423,0.14740311010839185,0.0,0.0,0.0,0.0,0.0,0.0,0.0,0.0,0.0,0.0,0.0,0.0,0.0,0.0
2024-07-15,0.05593293126732961,0.05949539971680059,0.060503742022075015,0.06794968976591281,0.0629530779597581,0.060499753397552834,0.049206197092702485,0.0,0.0,0.27501232167020423,0.14740311010839185,0.0,0.0,0.0,0.0,0.0,0.0,0.0,0.0,0.0,0.0,0.0,0.0,0.0,0.0
2024-07-16,0.05593293126732961,0.05949539971680059,0.060503742022075015,0.06794968976591281,0.0629530779597581,0.060499753397552834,0.049206197092702485,0.0,0.0,0.27501232167020423,0.14740311010839185,0.0,0.0,0.0,0.0,0.0,0.0,0.0,0.0,0.0,0.0,0.0,0.0,0.0,0.0
2024-07-17,0.05593293126732961,0.05949539971680059,0.060503742022075015,0.06794968976591281,0.0629530779597581,0.060499753397552834,0.049206197092702485,0.0,0.0,0.27501232167020423,0.14740311010839185,0.0,0.0,0.0,0.0,0.0,0.0,0.0,0.0,0.0,0.0,0.0,0.0,0.0,0.0
2024-07-18,0.05593293126732961,0.05949539971680059,0.060503742022075015,0.06794968976591281,0.0629530779597581,0.060499753397552834,0.049206197092702485,0.0,0.0,0.27501232167020423,0.14740311010839185,0.0,0.0,0.0,0.0,0.0,0.0,0.0,0.0,0.0,0.0,0.0,0.0,0.0,0.0
2024-07-19,0.05593293126732961,0.05949539971680059,0.060503742022075015,0.06794968976591281,0.0629530779597581,0.060499753397552834,0.049206197092702485,0.0,0.0,0.27501232167020423,0.14740311010839185,0.0,0.0,0.0,0.0,0.0,0.0,0.0,0.0,0.0,0.0,0.0,0.0,0.0,0.0
2024-07-22,0.05593293126732961,0.05949539971680059,0.060503742022075015,0.06794968976591281,0.0629530779597581,0.060499753397552834,0.049206197092702485,0.0,0.0,0.27501232167020423,0.14740311010839185,0.0,0.0,0.0,0.0,0.0,0.0,0.0,0.0,0.0,0.0,0.0,0.0,0.0,0.0
2024-07-23,0.05593293126732961,0.05949539971680059,0.060503742022075015,0.06794968976591281,0.0629530779597581,0.060499753397552834,0.049206197092702485,0.0,0.0,0.27501232167020423,0.14740311010839185,0.0,0.0,0.0,0.0,0.0,0.0,0.0,0.0,0.0,0.0,0.0,0.0,0.0,0.0
2024-07-24,0.05593293126732961,0.05949539971680059,0.060503742022075015,0.06794968976591281,0.0629530779597581,0.060499753397552834,0.049206197092702485,0.0,0.0,0.27501232167020423,0.14740311010839185,0.0,0.0,0.0,0.0,0.0,0.0,0.0,0.0,0.0,0.0,0.0,0.0,0.0,0.0
2024-07-25,0.05593293126732961,0.05949539971680059,0.060503742022075015,0.06794968976591281,0.0629530779597581,0.060499753397552834,0.049206197092702485,0.0,0.0,0.27501232167020423,0.14740311010839185,0.0,0.0,0.0,0.0,0.0,0.0,0.0,0.0,0.0,0.0,0.0,0.0,0.0,0.0
2024-07-26,0.05593293126732961,0.05949539971680059,0.060503742022075015,0.06794968976591281,0.0629530779597581,0.060499753397552834,0.049206197092702485,0.0,0.0,0.27501232167020423,0.14740311010839185,0.0,0.0,0.0,0.0,0.0,0.0,0.0,0.0,0.0,0.0,0.0,0.0,0.0,0.0
2024-07-29,0.05593293126732961,0.05949539971680059,0.060503742022075015,0.06794968976591281,0.0629530779597581,0.060499753397552834,0.049206197092702485,0.0,0.0,0.27501232167020423,0.14740311010839185,0.0,0.0,0.0,0.0,0.0,0.0,0.0,0.0,0.0,0.0,0.0,0.0,0.0,0.0
2024-07-30,0.05593293126732961,0.05949539971680059,0.060503742022075015,0.06794968976591281,0.0629530779597581,0.060499753397552834,0.049206197092702485,0.0,0.0,0.27501232167020423,0.14740311010839185,0.0,0.0,0.0,0.0,0.0,0.0,0.0,0.0,0.0,0.0,0.0,0.0,0.0,0.0
2024-07-31,0.05593293126732961,0.05949539971680059,0.060503742022075015,0.06794968976591281,0.0629530779597581,0.060499753397552834,0.049206197092702485,0.0,0.0,0.27501232167020423,0.14740311010839185,0.0,0.0,0.0,0.0,0.0,0.0,0.0,0.0,0.0,0.0,0.0,0.0,0.0,0.0
2024-08-01,0.06184124598702779,0.06759315538279145,0.06509390585159966,0.08040478893509037,0.09197502820561343,0.04312259563859323,0.0711045923388558,0.0,0.0,0.16213947546128404,0.13895007074944382,0.0,0.0,0.0,0.0,0.0,0.0,0.0,0.0,0.0,0.0,0.0,0.0,0.0,0.0
2024-08-02,0.06184124598702779,0.06759315538279145,0.06509390585159966,0.08040478893509037,0.09197502820561343,0.04312259563859323,0.0711045923388558,0.0,0.0,0.16213947546128404,0.13895007074944382,0.0,0.0,0.0,0.0,0.0,0.0,0.0,0.0,0.0,0.0,0.0,0.0,0.0,0.0
2024-08-05,0.06184124598702779,0.06759315538279145,0.06509390585159966,0.08040478893509037,0.09197502820561343,0.04312259563859323,0.0711045923388558,0.0,0.0,0.16213947546128404,0.13895007074944382,0.0,0.0,0.0,0.0,0.0,0.0,0.0,0.0,0.0,0.0,0.0,0.0,0.0,0.0
2024-08-06,0.0,0.06759315538279145,0.06509390585159966,0.08040478893509037,0.09197502820561343,0.04312259563859323,0.0,0.0,0.0,0.16213947546128404,0.13895007074944382,0.0,0.0,0.0,0.0,0.0,0.0,0.0,0.0,0.0,0.0,0.0,0.0,0.0,0.0
2024-08-07,0.0,0.06759315538279145,0.06509390585159966,0.08040478893509037,0.09197502820561343,0.04312259563859323,0.0,0.0,0.0,0.16213947546128404,0.13895007074944382,0.0,0.0,0.0,0.0,0.0,0.0,0.0,0.0,0.0,0.0,0.0,0.0,0.0,0.0
2024-08-08,0.0,0.06759315538279145,0.06509390585159966,0.08040478893509037,0.09197502820561343,0.04312259563859323,0.0,0.0,0.0,0.16213947546128404,0.13895007074944382,0.0,0.0,0.0,0.0,0.0,0.0,0.0,0.0,0.0,0.0,0.0,0.0,0.0,0.0
2024-08-09,0.0,0.06759315538279145,0.06509390585159966,0.08040478893509037,0.09197502820561343,0.04312259563859323,0.0,0.0,0.0,0.16213947546128404,0.13895007074944382,0.0,0.0,0.0,0.0,0.0,0.0,0.0,0.0,0.0,0.0,0.0,0.0,0.0,0.0
2024-08-12,0.0,0.06759315538279145,0.06509390585159966,0.08040478893509037,0.09197502820561343,0.04312259563859323,0.0,0.0,0.0,0.16213947546128404,0.13895007074944382,0.0,0.0,0.0,0.0,0.0,0.0,0.0,0.0,0.0,0.0,0.0,0.0,0.0,0.0
2024-08-13,0.0,0.06759315538279145,0.06509390585159966,0.08040478893509037,0.09197502820561343,0.04312259563859323,0.0,0.0,0.0,0.16213947546128404,0.13895007074944382,0.0,0.0,0.0,0.0,0.0,0.0,0.0,0.0,0.0,0.0,0.0,0.0,0.0,0.0
2024-08-14,0.0,0.06759315538279145,0.06509390585159966,0.08040478893509037,0.09197502820561343,0.04312259563859323,0.0,0.0,0.0,0.16213947546128404,0.13895007074944382,0.0,0.0,0.0,0.0,0.0,0.0,0.0,0.0,0.0,0.0,0.0,0.0,0.0,0.0
2024-08-15,0.0,0.06759315538279145,0.06509390585159966,0.08040478893509037,0.09197502820561343,0.04312259563859323,0.0,0.0,0.0,0.16213947546128404,0.13895007074944382,0.0,0.0,0.0,0.0,0.0,0.0,0.0,0.0,0.0,0.0,0.0,0.0,0.0,0.0
2024-08-16,0.0,0.06759315538279145,0.06509390585159966,0.08040478893509037,0.09197502820561343,0.04312259563859323,0.0,0.0,0.0,0.16213947546128404,0.13895007074944382,0.0,0.0,0.0,0.0,0.0,0.0,0.0,0.0,0.0,0.0,0.0,0.0,0.0,0.0
2024-08-19,0.0,0.06759315538279145,0.06509390585159966,0.08040478893509037,0.09197502820561343,0.04312259563859323,0.0,0.0,0.0,0.16213947546128404,0.13895007074944382,0.0,0.0,0.0,0.0,0.0,0.0,0.0,0.0,0.0,0.0,0.0,0.0,0.0,0.0
2024-08-20,0.0,0.06759315538279145,0.06509390585159966,0.08040478893509037,0.09197502820561343,0.04312259563859323,0.0,0.0,0.0,0.16213947546128404,0.13895007074944382,0.0,0.0,0.0,0.0,0.0,0.0,0.0,0.0,0.0,0.0,0.0,0.0,0.0,0.0
2024-08-21,0.0,0.06759315538279145,0.06509390585159966,0.08040478893509037,0.09197502820561343,0.04312259563859323,0.0,0.0,0.0,0.16213947546128404,0.13895007074944382,0.0,0.0,0.0,0.0,0.0,0.0,0.0,0.0,0.0,0.0,0.0,0.0,0.0,0.0
2024-08-22,0.0,0.06759315538279145,0.06509390585159966,0.08040478893509037,0.09197502820561343,0.04312259563859323,0.0,0.0,0.0,0.16213947546128404,0.13895007074944382,0.0,0.0,0.0,0.0,0.0,0.0,0.0,0.0,0.0,0.0,0.0,0.0,0.0,0.0
2024-08-23,0.0,0.06759315538279145,0.06509390585159966,0.08040478893509037,0.09197502820561343,0.04312259563859323,0.0,0.0,0.0,0.16213947546128404,0.13895007074944382,0.0,0.0,0.0,0.0,0.0,0.0,0.0,0.0,0.0,0.0,0.0,0.0,0.0,0.0
2024-08-26,0.0,0.06759315538279145,0.06509390585159966,0.08040478893509037,0.09197502820561343,0.04312259563859323,0.0,0.0,0.0,0.16213947546128404,0.13895007074944382,0.0,0.0,0.0,0.0,0.0,0.0,0.0,0.0,0.0,0.0,0.0,0.0,0.0,0.0
2024-08-27,0.0,0.06759315538279145,0.06509390585159966,0.08040478893509037,0.09197502820561343,0.04312259563859323,0.0,0.0,0.0,0.16213947546128404,0.13895007074944382,0.0,0.0,0.0,0.0,0.0,0.0,0.0,0.0,0.0,0.0,0.0,0.0,0.0,0.0
2024-08-28,0.0,0.06759315538279145,0.06509390585159966,0.08040478893509037,0.09197502820561343,0.04312259563859323,0.0,0.0,0.0,0.16213947546128404,0.13895007074944382,0.0,0.0,0.0,0.0,0.0,0.0,0.0,0.0,0.0,0.0,0.0,0.0,0.0,0.0
2024-08-29,0.0,0.06759315538279145,0.06509390585159966,0.08040478893509037,0.09197502820561343,0.04312259563859323,0.0,0.0,0.0,0.16213947546128404,0.13895007074944382,0.0,0.0,0.0,0.0,0.0,0.0,0.0,0.0,0.0,0.0,0.0,0.0,0.0,0.0
2024-08-30,0.0,0.06759315538279145,0.06509390585159966,0.08040478893509037,0.09197502820561343,0.04312259563859323,0.0,0.0,0.0,0.16213947546128404,0.13895007074944382,0.0,0.0,0.0,0.0,0.0,0.0,0.0,0.0,0.0,0.0,0.0,0.0,0.0,0.0
2024-09-02,0.0,0.06343541472175186,0.07767520626836755,0.06608456298798157,0.06931380415033908,0.057959267360380665,0.0,0.0,0.08714625712635184,0.21134221604401107,0.0,0.0,0.0,0.0,0.0,0.12531468738739593,0.0,0.0,0.0,0.0,0.0,0.0,0.0,0.0,0.0
2024-09-03,0.0,0.06343541472175186,0.07767520626836755,0.06608456298798157,0.06931380415033908,0.057959267360380665,0.0,0.0,0.08714625712635184,0.21134221604401107,0.0,0.0,0.0,0.0,0.0,0.12531468738739593,0.0,0.0,0.0,0.0,0.0,0.0,0.0,0.0,0.0
2024-09-04,0.0,0.06343541472175186,0.07767520626836755,0.06608456298798157,0.06931380415033908,0.057959267360380665,0.0,0.0,0.08714625712635184,0.21134221604401107,0.0,0.0,0.0,0.0,0.0,0.12531468738739593,0.0,0.0,0.0,0.0,0.0,0.0,0.0,0.0,0.0
2024-09-05,0.0,0.06343541472175186,0.07767520626836755,0.06608456298798157,0.06931380415033908,0.057959267360380665,0.0,0.0,0.08714625712635184,0.21134221604401107,0.0,0.0,0.0,0.0,0.0,0.12531468738739593,0.0,0.0,0.0,0.0,0.0,0.0,0.0,0.0,0.0
2024-09-06,0.0,0.06343541472175186,0.07767520626836755,0.06608456298798157,0.06931380415033908,0.057959267360380665,0.0,0.0,0.08714625712635184,0.21134221604401107,0.0,0.0,0.0,0.0,0.0,0.12531468738739593,0.0,0.0,0.0,0.0,0.0,0.0,0.0,0.0,0.0
2024-09-09,0.0,0.06343541472175186,0.07767520626836755,0.06608456298798157,0.06931380415033908,0.057959267360380665,0.0,0.0,0.08714625712635184,0.21134221604401107,0.0,0.0,0.0,0.0,0.0,0.12531468738739593,0.0,0.0,0.0,0.0,0.0,0.0,0.0,0.0,0.0
2024-09-10,0.0,0.06343541472175186,0.07767520626836755,0.06608456298798157,0.06931380415033908,0.057959267360380665,0.0,0.0,0.08714625712635184,0.21134221604401107,0.0,0.0,0.0,0.0,0.0,0.12531468738739593,0.0,0.0,0.0,0.0,0.0,0.0,0.0,0.0,0.0
2024-09-11,0.0,0.06343541472175186,0.07767520626836755,0.06608456298798157,0.06931380415033908,0.057959267360380665,0.0,0.0,0.08714625712635184,0.21134221604401107,0.0,0.0,0.0,0.0,0.0,0.12531468738739593,0.0,0.0,0.0,0.0,0.0,0.0,0.0,0.0,0.0
2024-09-12,0.0,0.06343541472175186,0.07767520626836755,0.06608456298798157,0.06931380415033908,0.057959267360380665,0.0,0.0,0.08714625712635184,0.21134221604401107,0.0,0.0,0.0,0.0,0.0,0.12531468738739593,0.0,0.0,0.0,0.0,0.0,0.0,0.0,0.0,0.0
2024-09-13,0.0,0.06343541472175186,0.07767520626836755,0.06608456298798157,0.06931380415033908,0.057959267360380665,0.0,0.0,0.08714625712635184,0.21134221604401107,0.0,0.0,0.0,0.0,0.0,0.12531468738739593,0.0,0.0,0.0,0.0,0.0,0.0,0.0,0.0,0.0
2024-09-16,0.0,0.06343541472175186,0.07767520626836755,0.06608456298798157,0.06931380415033908,0.057959267360380665,0.0,0.0,0.08714625712635184,0.21134221604401107,0.0,0.0,0.0,0.0,0.0,0.12531468738739593,0.0,0.0,0.0,0.0,0.0,0.0,0.0,0.0,0.0
2024-09-17,0.0,0.06343541472175186,0.07767520626836755,0.06608456298798157,0.06931380415033908,0.057959267360380665,0.0,0.0,0.08714625712635184,0.21134221604401107,0.0,0.0,0.0,0.0,0.0,0.12531468738739593,0.0,0.0,0.0,0.0,0.0,0.0,0.0,0.0,0.0
2024-09-18,0.0,0.06343541472175186,0.07767520626836755,0.06608456298798157,0.06931380415033908,0.057959267360380665,0.0,0.0,0.08714625712635184,0.21134221604401107,0.0,0.0,0.0,0.0,0.0,0.12531468738739593,0.0,0.0,0.0,0.0,0.0,0.0,0.0,0.0,0.0
2024-09-19,0.0,0.06343541472175186,0.07767520626836755,0.06608456298798157,0.06931380415033908,0.057959267360380665,0.0,0.0,0.08714625712635184,0.21134221604401107,0.0,0.0,0.0,0.0,0.0,0.12531468738739593,0.0,0.0,0.0,0.0,0.0,0.0,0.0,0.0,0.0
2024-09-20,0.0,0.06343541472175186,0.07767520626836755,0.06608456298798157,0.06931380415033908,0.057959267360380665,0.0,0.0,0.08714625712635184,0.21134221604401107,0.0,0.0,0.0,0.0,0.0,0.12531468738739593,0.0,0.0,0.0,0.0,0.0,0.0,0.0,0.0,0.0
2024-09-23,0.0,0.06343541472175186,0.07767520626836755,0.06608456298798157,0.06931380415033908,0.057959267360380665,0.0,0.0,0.08714625712635184,0.21134221604401107,0.0,0.0,0.0,0.0,0.0,0.12531468738739593,0.0,0.0,0.0,0.0,0.0,0.0,0.0,0.0,0.0
2024-09-24,0.0,0.06343541472175186,0.07767520626836755,0.06608456298798157,0.06931380415033908,0.057959267360380665,0.0,0.0,0.08714625712635184,0.21134221604401107,0.0,0.0,0.0,0.0,0.0,0.12531468738739593,0.0,0.0,0.0,0.0,0.0,0.0,0.0,0.0,0.0
2024-09-25,0.0,0.06343541472175186,0.07767520626836755,0.06608456298798157,0.06931380415033908,0.057959267360380665,0.0,0.0,0.08714625712635184,0.21134221604401107,0.0,0.0,0.0,0.0,0.0,0.12531468738739593,0.0,0.0,0.0,0.0,0.0,0.0,0.0,0.0,0.0
2024-09-26,0.0,0.06343541472175186,0.07767520626836755,0.06608456298798157,0.06931380415033908,0.057959267360380665,0.0,0.0,0.08714625712635184,0.21134221604401107,0.0,0.0,0.0,0.0,0.0,0.12531468738739593,0.0,0.0,0.0,0.0,0.0,0.0,0.0,0.0,0.0
2024-09-27,0.0,0.06343541472175186,0.07767520626836755,0.06608456298798157,0.06931380415033908,0.057959267360380665,0.0,0.0,0.08714625712635184,0.21134221604401107,0.0,0.0,0.0,0.0,0.0,0.12531468738739593,0.0,0.0,0.0,0.0,0.0,0.0,0.0,0.0,0.0
2024-09-30,0.0,0.06343541472175186,0.07767520626836755,0.06608456298798157,0.06931380415033908,0.057959267360380665,0.0,0.0,0.08714625712635184,0.21134221604401107,0.0,0.0,0.0,0.0,0.0,0.12531468738739593,0.0,0.0,0.0,0.0,0.0,0.0,0.0,0.0,0.0
2024-10-01,0.0,0.054159525466205734,0.04676743363937409,0.0,0.06410635265563601,0.039483500838818214,0.0,0.0,0.2241423629702158,0.23335325582656263,0.0,0.0,0.0,0.0,0.025850097301659485,0.11549402968626134,0.0,0.0,0.0,0.0,0.0,0.0,0.0,0.0,0.0
2024-10-02,0.0,0.054159525466205734,0.04676743363937409,0.0,0.06410635265563601,0.039483500838818214,0.0,0.0,0.2241423629702158,0.23335325582656263,0.0,0.0,0.0,0.0,0.025850097301659485,0.11549402968626134,0.0,0.0,0.0,0.0,0.0,0.0,0.0,0.0,0.0
2024-10-03,0.0,0.054159525466205734,0.04676743363937409,0.0,0.06410635265563601,0.039483500838818214,0.0,0.0,0.2241423629702158,0.23335325582656263,0.0,0.0,0.0,0.0,0.025850097301659485,0.11549402968626134,0.0,0.0,0.0,0.0,0.0,0.0,0.0,0.0,0.0
2024-10-04,0.0,0.054159525466205734,0.04676743363937409,0.0,0.06410635265563601,0.039483500838818214,0.0,0.0,0.2241423629702158,0.23335325582656263,0.0,0.0,0.0,0.0,0.025850097301659485,0.11549402968626134,0.0,0.0,0.0,0.0,0.0,0.0,0.0,0.0,0.0
2024-10-07,0.0,0.054159525466205734,0.04676743363937409,0.0,0.06410635265563601,0.039483500838818214,0.0,0.0,0.2241423629702158,0.23335325582656263,0.0,0.0,0.0,0.0,0.025850097301659485,0.11549402968626134,0.0,0.0,0.0,0.0,0.0,0.0,0.0,0.0,0.0
2024-10-08,0.0,0.054159525466205734,0.04676743363937409,0.0,0.06410635265563601,0.039483500838818214,0.0,0.0,0.2241423629702158,0.23335325582656263,0.0,0.0,0.0,0.0,0.025850097301659485,0.11549402968626134,0.0,0.0,0.0,0.0,0.0,0.0,0.0,0.0,0.0
2024-10-09,0.0,0.054159525466205734,0.04676743363937409,0.0,0.06410635265563601,0.039483500838818214,0.0,0.0,0.2241423629702158,0.23335325582656263,0.0,0.0,0.0,0.0,0.025850097301659485,0.11549402968626134,0.0,0.0,0.0,0.0,0.0,0.0,0.0,0.0,0.0
2024-10-10,0.0,0.054159525466205734,0.04676743363937409,0.0,0.06410635265563601,0.039483500838818214,0.0,0.0,0.2241423629702158,0.23335325582656263,0.0,0.0,0.0,0.0,0.025850097301659485,0.11549402968626134,0.0,0.0,0.0,0.0,0.0,0.0,0.0,0.0,0.0
2024-10-11,0.0,0.054159525466205734,0.04676743363937409,0.0,0.06410635265563601,0.039483500838818214,0.0,0.0,0.2241423629702158,0.23335325582656263,0.0,0.0,0.0,0.0,0.025850097301659485,0.11549402968626134,0.0,0.0,0.0,0.0,0.0,0.0,0.0,0.0,0.0
2024-10-14,0.0,0.054159525466205734,0.04676743363937409,0.0,0.06410635265563601,0.039483500838818214,0.0,0.0,0.2241423629702158,0.23335325582656263,0.0,0.0,0.0,0.0,0.025850097301659485,0.11549402968626134,0.0,0.0,0.0,0.0,0.0,0.0,0.0,0.0,0.0
2024-10-15,0.0,0.054159525466205734,0.04676743363937409,0.0,0.06410635265563601,0.039483500838818214,0.0,0.0,0.2241423629702158,0.23335325582656263,0.0,0.0,0.0,0.0,0.025850097301659485,0.11549402968626134,0.0,0.0,0.0,0.0,0.0,0.0,0.0,0.0,0.0
2024-10-16,0.0,0.054159525466205734,0.04676743363937409,0.0,0.06410635265563601,0.039483500838818214,0.0,0.0,0.2241423629702158,0.23335325582656263,0.0,0.0,0.0,0.0,0.025850097301659485,0.11549402968626134,0.0,0.0,0.0,0.0,0.0,0.0,0.0,0.0,0.0
2024-10-17,0.0,0.054159525466205734,0.04676743363937409,0.0,0.06410635265563601,0.039483500838818214,0.0,0.0,0.2241423629702158,0.23335325582656263,0.0,0.0,0.0,0.0,0.025850097301659485,0.11549402968626134,0.0,0.0,0.0,0.0,0.0,0.0,0.0,0.0,0.0
2024-10-18,0.0,0.054159525466205734,0.04676743363937409,0.0,0.06410635265563601,0.039483500838818214,0.0,0.0,0.2241423629702158,0.23335325582656263,0.0,0.0,0.0,0.0,0.025850097301659485,0.11549402968626134,0.0,0.0,0.0,0.0,0.0,0.0,0.0,0.0,0.0
2024-10-21,0.0,0.054159525466205734,0.04676743363937409,0.0,0.06410635265563601,0.039483500838818214,0.0,0.0,0.2241423629702158,0.23335325582656263,0.0,0.0,0.0,0.0,0.025850097301659485,0.11549402968626134,0.0,0.0,0.0,0.0,0.0,0.0,0.0,0.0,0.0
2024-10-22,0.0,0.054159525466205734,0.04676743363937409,0.0,0.06410635265563601,0.039483500838818214,0.0,0.0,0.2241423629702158,0.23335325582656263,0.0,0.0,0.0,0.0,0.025850097301659485,0.11549402968626134,0.0,0.0,0.0,0.0,0.0,0.0,0.0,0.0,0.0
2024-10-23,0.0,0.054159525466205734,0.04676743363937409,0.0,0.06410635265563601,0.039483500838818214,0.0,0.0,0.2241423629702158,0.23335325582656263,0.0,0.0,0.0,0.0,0.025850097301659485,0.11549402968626134,0.0,0.0,0.0,0.0,0.0,0.0,0.0,0.0,0.0
2024-10-24,0.0,0.054159525466205734,0.04676743363937409,0.0,0.06410635265563601,0.039483500838818214,0.0,0.0,0.2241423629702158,0.23335325582656263,0.0,0.0,0.0,0.0,0.025850097301659485,0.11549402968626134,0.0,0.0,0.0,0.0,0.0,0.0,0.0,0.0,0.0
2024-10-25,0.0,0.054159525466205734,0.04676743363937409,0.0,0.06410635265563601,0.039483500838818214,0.0,0.0,0.2241423629702158,0.23335325582656263,0.0,0.0,0.0,0.0,0.025850097301659485,0.11549402968626134,0.0,0.0,0.0,0.0,0.0,0.0,0.0,0.0,0.0
2024-10-28,0.0,0.054159525466205734,0.04676743363937409,0.0,0.06410635265563601,0.039483500838818214,0.0,0.0,0.2241423629702158,0.23335325582656263,0.0,0.0,0.0,0.0,0.025850097301659485,0.11549402968626134,0.0,0.0,0.0,0.0,0.0,0.0,0.0,0.0,0.0
2024-10-29,0.0,0.054159525466205734,0.04676743363937409,0.0,0.06410635265563601,0.039483500838818214,0.0,0.0,0.2241423629702158,0.23335325582656263,0.0,0.0,0.0,0.0,0.025850097301659485,0.11549402968626134,0.0,0.0,0.0,0.0,0.0,0.0,0.0,0.0,0.0
2024-10-30,0.0,0.054159525466205734,0.04676743363937409,0.0,0.06410635265563601,0.039483500838818214,0.0,0.0,0.2241423629702158,0.23335325582656263,0.0,0.0,0.0,0.0,0.025850097301659485,0.11549402968626134,0.0,0.0,0.0,0.0,0.0,0.0,0.0,0.0,0.0
2024-10-31,0.0,0.054159525466205734,0.04676743363937409,0.0,0.06410635265563601,0.039483500838818214,0.0,0.0,0.2241423629702158,0.23335325582656263,0.0,0.0,0.0,0.0,0.025850097301659485,0.11549402968626134,0.0,0.0,0.0,0.0,0.0,0.0,0.0,0.0,0.0
2024-11-01,0.0,0.09203824050268891,0.10525559635405868,0.0,0.07655590522401244,0.08325118335277103,0.0,0.0,0.0,0.0,0.0,0.0,0.0,0.0,0.05880423442520893,0.11197938650547157,0.0,0.0,0.0,0.0,0.0,0.0,0.0,0.0,0.0
2024-11-04,0.0,0.09203824050268891,0.10525559635405868,0.0,0.07655590522401244,0.08325118335277103,0.0,0.0,0.0,0.0,0.0,0.0,0.0,0.0,0.05880423442520893,0.11197938650547157,0.0,0.0,0.0,0.0,0.0,0.0,0.0,0.0,0.0
2024-11-05,0.0,0.09203824050268891,0.10525559635405868,0.0,0.07655590522401244,0.08325118335277103,0.0,0.0,0.0,0.0,0.0,0.0,0.0,0.0,0.05880423442520893,0.11197938650547157,0.0,0.0,0.0,0.0,0.0,0.0,0.0,0.0,0.0
2024-11-06,0.0,0.09203824050268891,0.10525559635405868,0.0,0.07655590522401244,0.08325118335277103,0.0,0.0,0.0,0.0,0.0,0.0,0.0,0.0,0.05880423442520893,0.11197938650547157,0.0,0.0,0.0,0.0,0.0,0.0,0.0,0.0,0.0
2024-11-07,0.0,0.09203824050268891,0.10525559635405868,0.0,0.07655590522401244,0.08325118335277103,0.0,0.0,0.0,0.0,0.0,0.0,0.0,0.0,0.05880423442520893,0.11197938650547157,0.0,0.0,0.0,0.0,0.0,0.0,0.0,0.0,0.0
2024-11-08,0.0,0.09203824050268891,0.10525559635405868,0.0,0.07655590522401244,0.08325118335277103,0.0,0.0,0.0,0.0,0.0,0.0,0.0,0.0,0.05880423442520893,0.11197938650547157,0.0,0.0,0.0,0.0,0.0,0.0,0.0,0.0,0.0
2024-11-11,0.0,0.09203824050268891,0.10525559635405868,0.0,0.07655590522401244,0.08325118335277103,0.0,0.0,0.0,0.0,0.0,0.0,0.0,0.0,0.05880423442520893,0.11197938650547157,0.0,0.0,0.0,0.0,0.0,0.0,0.0,0.0,0.0
2024-11-12,0.0,0.09203824050268891,0.10525559635405868,0.0,0.07655590522401244,0.08325118335277103,0.0,0.0,0.0,0.0,0.0,0.0,0.0,0.0,0.05880423442520893,0.11197938650547157,0.0,0.0,0.0,0.0,0.0,0.0,0.0,0.0,0.0
2024-11-13,0.0,0.09203824050268891,0.10525559635405868,0.0,0.07655590522401244,0.08325118335277103,0.0,0.0,0.0,0.0,0.0,0.0,0.0,0.0,0.05880423442520893,0.11197938650547157,0.0,0.0,0.0,0.0,0.0,0.0,0.0,0.0,0.0
2024-11-14,0.0,0.09203824050268891,0.10525559635405868,0.0,0.07655590522401244,0.08325118335277103,0.0,0.0,0.0,0.0,0.0,0.0,0.0,0.0,0.05880423442520893,0.11197938650547157,0.0,0.0,0.0,0.0,0.0,0.0,0.0,0.0,0.0
2024-11-15,0.0,0.09203824050268891,0.10525559635405868,0.0,0.07655590522401244,0.08325118335277103,0.0,0.0,0.0,0.0,0.0,0.0,0.0,0.0,0.05880423442520893,0.11197938650547157,0.0,0.0,0.0,0.0,0.0,0.0,0.0,0.0,0.0
2024-11-18,0.0,0.09203824050268891,0.10525559635405868,0.0,0.07655590522401244,0.08325118335277103,0.0,0.0,0.0,0.0,0.0,0.0,0.0,0.0,0.05880423442520893,0.11197938650547157,0.0,0.0,0.0,0.0,0.0,0.0,0.0,0.0,0.0
2024-11-19,0.0,0.09203824050268891,0.10525559635405868,0.0,0.07655590522401244,0.08325118335277103,0.0,0.0,0.0,0.0,0.0,0.0,0.0,0.0,0.05880423442520893,0.11197938650547157,0.0,0.0,0.0,0.0,0.0,0.0,0.0,0.0,0.0
2024-11-20,0.0,0.09203824050268891,0.10525559635405868,0.0,0.07655590522401244,0.08325118335277103,0.0,0.0,0.0,0.0,0.0,0.0,0.0,0.0,0.05880423442520893,0.11197938650547157,0.0,0.0,0.0,0.0,0.0,0.0,0.0,0.0,0.0
2024-11-21,0.0,0.09203824050268891,0.10525559635405868,0.0,0.07655590522401244,0.08325118335277103,0.0,0.0,0.0,0.0,0.0,0.0,0.0,0.0,0.05880423442520893,0.11197938650547157,0.0,0.0,0.0,0.0,0.0,0.0,0.0,0.0,0.0
2024-11-22,0.0,0.09203824050268891,0.10525559635405868,0.0,0.07655590522401244,0.08325118335277103,0.0,0.0,0.0,0.0,0.0,0.0,0.0,0.0,0.05880423442520893,0.11197938650547157,0.0,0.0,0.0,0.0,0.0,0.0,0.0,0.0,0.0
2024-11-25,0.0,0.09203824050268891,0.10525559635405868,0.0,0.07655590522401244,0.08325118335277103,0.0,0.0,0.0,0.0,0.0,0.0,0.0,0.0,0.05880423442520893,0.11197938650547157,0.0,0.0,0.0,0.0,0.0,0.0,0.0,0.0,0.0
2024-11-26,0.0,0.09203824050268891,0.10525559635405868,0.0,0.07655590522401244,0.08325118335277103,0.0,0.0,0.0,0.0,0.0,0.0,0.0,0.0,0.05880423442520893,0.11197938650547157,0.0,0.0,0.0,0.0,0.0,0.0,0.0,0.0,0.0
2024-11-27,0.0,0.09203824050268891,0.10525559635405868,0.0,0.07655590522401244,0.08325118335277103,0.0,0.0,0.0,0.0,0.0,0.0,0.0,0.0,0.05880423442520893,0.11197938650547157,0.0,0.0,0.0,0.0,0.0,0.0,0.0,0.0,0.0
2024-11-28,0.0,0.09203824050268891,0.10525559635405868,0.0,0.07655590522401244,0.08325118335277103,0.0,0.0,0.0,0.0,0.0,0.0,0.0,0.0,0.05880423442520893,0.11197938650547157,0.0,0.0,0.0,0.0,0.0,0.0,0.0,0.0,0.0
2024-11-29,0.0,0.09203824050268891,0.10525559635405868,0.0,0.07655590522401244,0.08325118335277103,0.0,0.0,0.0,0.0,0.0,0.0,0.0,0.0,0.05880423442520893,0.11197938650547157,0.0,0.0,0.0,0.0,0.0,0.0,0.0,0.0,0.0
2024-12-02,0.0,0.06598450123752607,0.056981840599823676,0.0,0.06996008069941255,0.05539911975670351,0.0,0.0,0.0,0.0,0.19341814918605726,0.0,0.0,0.0,0.05252267436697885,0.062298264158333685,0.0,0.0,0.0,0.0,0.0,0.0,0.0,0.0,0.0
2024-12-03,0.0,0.06598450123752607,0.056981840599823676,0.0,0.06996008069941255,0.05539911975670351,0.0,0.0,0.0,0.0,0.19341814918605726,0.0,0.0,0.0,0.05252267436697885,0.062298264158333685,0.0,0.0,0.0,0.0,0.0,0.0,0.0,0.0,0.0
2024-12-04,0.0,0.06598450123752607,0.056981840599823676,0.0,0.06996008069941255,0.05539911975670351,0.0,0.0,0.0,0.0,0.19341814918605726,0.0,0.0,0.0,0.05252267436697885,0.062298264158333685,0.0,0.0,0.0,0.0,0.0,0.0,0.0,0.0,0.0
2024-12-05,0.0,0.06598450123752607,0.056981840599823676,0.0,0.06996008069941255,0.05539911975670351,0.0,0.0,0.0,0.0,0.19341814918605726,0.0,0.0,0.0,0.05252267436697885,0.062298264158333685,0.0,0.0,0.0,0.0,0.0,0.0,0.0,0.0,0.0
2024-12-06,0.0,0.06598450123752607,0.056981840599823676,0.0,0.06996008069941255,0.05539911975670351,0.0,0.0,0.0,0.0,0.19341814918605726,0.0,0.0,0.0,0.05252267436697885,0.062298264158333685,0.0,0.0,0.0,0.0,0.0,0.0,0.0,0.0,0.0
2024-12-09,0.0,0.06598450123752607,0.056981840599823676,0.0,0.06996008069941255,0.05539911975670351,0.0,0.0,0.0,0.0,0.19341814918605726,0.0,0.0,0.0,0.05252267436697885,0.062298264158333685,0.0,0.0,0.0,0.0,0.0,0.0,0.0,0.0,0.0
2024-12-10,0.0,0.06598450123752607,0.056981840599823676,0.0,0.06996008069941255,0.05539911975670351,0.0,0.0,0.0,0.0,0.19341814918605726,0.0,0.0,0.0,0.05252267436697885,0.062298264158333685,0.0,0.0,0.0,0.0,0.0,0.0,0.0,0.0,0.0
2024-12-11,0.0,0.06598450123752607,0.056981840599823676,0.0,0.06996008069941255,0.05539911975670351,0.0,0.0,0.0,0.0,0.19341814918605726,0.0,0.0,0.0,0.05252267436697885,0.062298264158333685,0.0,0.0,0.0,0.0,0.0,0.0,0.0,0.0,0.0
2024-12-12,0.0,0.06598450123752607,0.056981840599823676,0.0,0.06996008069941255,0.05539911975670351,0.0,0.0,0.0,0.0,0.19341814918605726,0.0,0.0,0.0,0.05252267436697885,0.062298264158333685,0.0,0.0,0.0,0.0,0.0,0.0,0.0,0.0,0.0
2024-12-13,0.0,0.06598450123752607,0.056981840599823676,0.0,0.06996008069941255,0.05539911975670351,0.0,0.0,0.0,0.0,0.19341814918605726,0.0,0.0,0.0,0.05252267436697885,0.062298264158333685,0.0,0.0,0.0,0.0,0.0,0.0,0.0,0.0,0.0
2024-12-16,0.0,0.06598450123752607,0.056981840599823676,0.0,0.06996008069941255,0.05539911975670351,0.0,0.0,0.0,0.0,0.19341814918605726,0.0,0.0,0.0,0.05252267436697885,0.062298264158333685,0.0,0.0,0.0,0.0,0.0,0.0,0.0,0.0,0.0
2024-12-17,0.0,0.06598450123752607,0.056981840599823676,0.0,0.06996008069941255,0.05539911975670351,0.0,0.0,0.0,0.0,0.19341814918605726,0.0,0.0,0.0,0.05252267436697885,0.062298264158333685,0.0,0.0,0.0,0.0,0.0,0.0,0.0,0.0,0.0
2024-12-18,0.0,0.06598450123752607,0.056981840599823676,0.0,0.06996008069941255,0.05539911975670351,0.0,0.0,0.0,0.0,0.19341814918605726,0.0,0.0,0.0,0.05252267436697885,0.062298264158333685,0.0,0.0,0.0,0.0,0.0,0.0,0.0,0.0,0.0
2024-12-19,0.0,0.06598450123752607,0.056981840599823676,0.0,0.06996008069941255,0.05539911975670351,0.0,0.0,0.0,0.0,0.19341814918605726,0.0,0.0,0.0,0.05252267436697885,0.062298264158333685,0.0,0.0,0.0,0.0,0.0,0.0,0.0,0.0,0.0
2024-12-20,0.0,0.06598450123752607,0.056981840599823676,0.0,0.06996008069941255,0.05539911975670351,0.0,0.0,0.0,0.0,0.19341814918605726,0.0,0.0,0.0,0.05252267436697885,0.062298264158333685,0.0,0.0,0.0,0.0,0.0,0.0,0.0,0.0,0.0
2024-12-23,0.0,0.06598450123752607,0.056981840599823676,0.0,0.06996008069941255,0.05539911975670351,0.0,0.0,0.0,0.0,0.19341814918605726,0.0,0.0,0.0,0.05252267436697885,0.062298264158333685,0.0,0.0,0.0,0.0,0.0,0.0,0.0,0.0,0.0
2024-12-24,0.0,0.06598450123752607,0.056981840599823676,0.0,0.06996008069941255,0.05539911975670351,0.0,0.0,0.0,0.0,0.19341814918605726,0.0,0.0,0.0,0.05252267436697885,0.062298264158333685,0.0,0.0,0.0,0.0,0.0,0.0,0.0,0.0,0.0
2024-12-25,0.0,0.06598450123752607,0.056981840599823676,0.0,0.06996008069941255,0.05539911975670351,0.0,0.0,0.0,0.0,0.19341814918605726,0.0,0.0,0.0,0.05252267436697885,0.062298264158333685,0.0,0.0,0.0,0.0,0.0,0.0,0.0,0.0,0.0
2024-12-26,0.0,0.06598450123752607,0.056981840599823676,0.0,0.06996008069941255,0.05539911975670351,0.0,0.0,0.0,0.0,0.19341814918605726,0.0,0.0,0.0,0.05252267436697885,0.062298264158333685,0.0,0.0,0.0,0.0,0.0,0.0,0.0,0.0,0.0
2024-12-27,0.0,0.06598450123752607,0.056981840599823676,0.0,0.06996008069941255,0.05539911975670351,0.0,0.0,0.0,0.0,0.19341814918605726,0.0,0.0,0.0,0.05252267436697885,0.062298264158333685,0.0,0.0,0.0,0.0,0.0,0.0,0.0,0.0,0.0
2024-12-30,0.0,0.06598450123752607,0.056981840599823676,0.0,0.06996008069941255,0.05539911975670351,0.0,0.0,0.0,0.0,0.19341814918605726,0.0,0.0,0.0,0.05252267436697885,0.062298264158333685,0.0,0.0,0.0,0.0,0.0,0.0,0.0,0.0,0.0
2024-12-31,0.0,0.06598450123752607,0.056981840599823676,0.0,0.06996008069941255,0.05539911975670351,0.0,0.0,0.0,0.0,0.19341814918605726,0.0,0.0,0.0,0.05252267436697885,0.062298264158333685,0.0,0.0,0.0,0.0,0.0,0.0,0.0,0.0,0.0
2025-01-02,0.0,0.06825060604104632,0.06651816288017842,0.0,0.08081582866751573,0.06502308715288736,0.0,0.0,0.0,0.0,0.05959624276083224,0.0,0.0,0.0,0.19202607462749766,0.0,0.0,0.0,0.0,0.0,0.0,0.0,0.0,0.0,0.0
2025-01-03,0.0,0.06825060604104632,0.06651816288017842,0.0,0.08081582866751573,0.06502308715288736,0.0,0.0,0.0,0.0,0.05959624276083224,0.0,0.0,0.0,0.19202607462749766,0.0,0.0,0.0,0.0,0.0,0.0,0.0,0.0,0.0,0.0
2025-01-06,0.0,0.06825060604104632,0.06651816288017842,0.0,0.08081582866751573,0.06502308715288736,0.0,0.0,0.0,0.0,0.05959624276083224,0.0,0.0,0.0,0.19202607462749766,0.0,0.0,0.0,0.0,0.0,0.0,0.0,0.0,0.0,0.0
2025-01-07,0.0,0.06825060604104632,0.06651816288017842,0.0,0.08081582866751573,0.06502308715288736,0.0,0.0,0.0,0.0,0.05959624276083224,0.0,0.0,0.0,0.19202607462749766,0.0,0.0,0.0,0.0,0.0,0.0,0.0,0.0,0.0,0.0
2025-01-08,0.0,0.06825060604104632,0.06651816288017842,0.0,0.08081582866751573,0.06502308715288736,0.0,0.0,0.0,0.0,0.05959624276083224,0.0,0.0,0.0,0.19202607462749766,0.0,0.0,0.0,0.0,0.0,0.0,0.0,0.0,0.0,0.0
2025-01-09,0.0,0.06825060604104632,0.06651816288017842,0.0,0.08081582866751573,0.06502308715288736,0.0,0.0,0.0,0.0,0.05959624276083224,0.0,0.0,0.0,0.19202607462749766,0.0,0.0,0.0,0.0,0.0,0.0,0.0,0.0,0.0,0.0
2025-01-10,0.0,0.06825060604104632,0.06651816288017842,0.0,0.08081582866751573,0.06502308715288736,0.0,0.0,0.0,0.0,0.05959624276083224,0.0,0.0,0.0,0.19202607462749766,0.0,0.0,0.0,0.0,0.0,0.0,0.0,0.0,0.0,0.0
2025-01-13,0.0,0.06825060604104632,0.06651816288017842,0.0,0.08081582866751573,0.06502308715288736,0.0,0.0,0.0,0.0,0.05959624276083224,0.0,0.0,0.0,0.19202607462749766,0.0,0.0,0.0,0.0,0.0,0.0,0.0,0.0,0.0,0.0
2025-01-14,0.0,0.06825060604104632,0.06651816288017842,0.0,0.08081582866751573,0.06502308715288736,0.0,0.0,0.0,0.0,0.05959624276083224,0.0,0.0,0.0,0.19202607462749766,0.0,0.0,0.0,0.0,0.0,0.0,0.0,0.0,0.0,0.0
2025-01-15,0.0,0.06825060604104632,0.06651816288017842,0.0,0.08081582866751573,0.06502308715288736,0.0,0.0,0.0,0.0,0.05959624276083224,0.0,0.0,0.0,0.19202607462749766,0.0,0.0,0.0,0.0,0.0,0.0,0.0,0.0,0.0,0.0
2025-01-16,0.0,0.06825060604104632,0.06651816288017842,0.0,0.08081582866751573,0.06502308715288736,0.0,0.0,0.0,0.0,0.05959624276083224,0.0,0.0,0.0,0.19202607462749766,0.0,0.0,0.0,0.0,0.0,0.0,0.0,0.0,0.0,0.0
2025-01-17,0.0,0.06825060604104632,0.06651816288017842,0.0,0.08081582866751573,0.06502308715288736,0.0,0.0,0.0,0.0,0.05959624276083224,0.0,0.0,0.0,0.19202607462749766,0.0,0.0,0.0,0.0,0.0,0.0,0.0,0.0,0.0,0.0
2025-01-20,0.0,0.06825060604104632,0.06651816288017842,0.0,0.08081582866751573,0.06502308715288736,0.0,0.0,0.0,0.0,0.05959624276083224,0.0,0.0,0.0,0.19202607462749766,0.0,0.0,0.0,0.0,0.0,0.0,0.0,0.0,0.0,0.0
2025-01-21,0.0,0.06825060604104632,0.06651816288017842,0.0,0.08081582866751573,0.06502308715288736,0.0,0.0,0.0,0.0,0.05959624276083224,0.0,0.0,0.0,0.19202607462749766,0.0,0.0,0.0,0.0,0.0,0.0,0.0,0.0,0.0,0.0
2025-01-22,0.0,0.06825060604104632,0.06651816288017842,0.0,0.08081582866751573,0.06502308715288736,0.0,0.0,0.0,0.0,0.05959624276083224,0.0,0.0,0.0,0.19202607462749766,0.0,0.0,0.0,0.0,0.0,0.0,0.0,0.0,0.0,0.0
2025-01-23,0.0,0.06825060604104632,0.06651816288017842,0.0,0.08081582866751573,0.06502308715288736,0.0,0.0,0.0,0.0,0.05959624276083224,0.0,0.0,0.0,0.19202607462749766,0.0,0.0,0.0,0.0,0.0,0.0,0.0,0.0,0.0,0.0
2025-01-24,0.0,0.06825060604104632,0.06651816288017842,0.0,0.08081582866751573,0.06502308715288736,0.0,0.0,0.0,0.0,0.05959624276083224,0.0,0.0,0.0,0.19202607462749766,0.0,0.0,0.0,0.0,0.0,0.0,0.0,0.0,0.0,0.0
2025-01-27,0.0,0.06825060604104632,0.06651816288017842,0.0,0.08081582866751573,0.06502308715288736,0.0,0.0,0.0,0.0,0.05959624276083224,0.0,0.0,0.0,0.19202607462749766,0.0,0.0,0.0,0.0,0.0,0.0,0.0,0.0,0.0,0.0
2025-01-28,0.0,0.06825060604104632,0.06651816288017842,0.0,0.08081582866751573,0.06502308715288736,0.0,0.0,0.0,0.0,0.05959624276083224,0.0,0.0,0.0,0.19202607462749766,0.0,0.0,0.0,0.0,0.0,0.0,0.0,0.0,0.0,0.0
2025-01-29,0.0,0.06825060604104632,0.06651816288017842,0.0,0.08081582866751573,0.06502308715288736,0.0,0.0,0.0,0.0,0.05959624276083224,0.0,0.0,0.0,0.19202607462749766,0.0,0.0,0.0,0.0,0.0,0.0,0.0,0.0,0.0,0.0
2025-01-30,0.0,0.06825060604104632,0.06651816288017842,0.0,0.08081582866751573,0.06502308715288736,0.0,0.0,0.0,0.0,0.05959624276083224,0.0,0.0,0.0,0.19202607462749766,0.0,0.0,0.0,0.0,0.0,0.0,0.0,0.0,0.0,0.0
2025-01-31,0.0,0.06825060604104632,0.06651816288017842,0.0,0.08081582866751573,0.06502308715288736,0.0,0.0,0.0,0.0,0.05959624276083224,0.0,0.0,0.0,0.19202607462749766,0.0,0.0,0.0,0.0,0.0,0.0,0.0,0.0,0.0,0.0
2025-02-03,0.0,0.0,0.0,0.0,0.0,0.0,0.0,0.0,0.0,0.0,0.0,0.0,0.0,0.0,0.0,0.0,0.0,0.0,0.0,0.0,0.0,0.0,0.601488466910574,0.112482954216088,0.28602857887333805
2025-02-04,0.0,0.0,0.0,0.0,0.0,0.0,0.0,0.0,0.0,0.0,0.0,0.0,0.0,0.0,0.0,0.0,0.0,0.0,0.0,0.0,0.0,0.0,0.601488466910574,0.112482954216088,0.28602857887333805
2025-02-05,0.0,0.0,0.0,0.0,0.0,0.0,0.0,0.0,0.0,0.0,0.0,0.0,0.0,0.0,0.0,0.0,0.0,0.0,0.0,0.0,0.0,0.0,0.601488466910574,0.112482954216088,0.28602857887333805
2025-02-06,0.0,0.0,0.0,0.0,0.0,0.0,0.0,0.0,0.0,0.0,0.0,0.0,0.0,0.0,0.0,0.0,0.0,0.0,0.0,0.0,0.0,0.0,0.601488466910574,0.112482954216088,0.28602857887333805
2025-02-07,0.0,0.0,0.0,0.0,0.0,0.0,0.0,0.0,0.0,0.0,0.0,0.0,0.0,0.0,0.0,0.0,0.0,0.0,0.0,0.0,0.0,0.0,0.601488466910574,0.112482954216088,0.28602857887333805
2025-02-10,0.0,0.0,0.0,0.0,0.0,0.0,0.0,0.0,0.0,0.0,0.0,0.0,0.0,0.0,0.0,0.0,0.0,0.0,0.0,0.0,0.0,0.0,0.601488466910574,0.112482954216088,0.28602857887333805
2025-02-11,0.0,0.0,0.0,0.0,0.0,0.0,0.0,0.0,0.0,0.0,0.0,0.0,0.0,0.0,0.0,0.0,0.0,0.0,0.0,0.0,0.0,0.0,0.601488466910574,0.112482954216088,0.28602857887333805
2025-02-12,0.0,0.0,0.0,0.0,0.0,0.0,0.0,0.0,0.0,0.0,0.0,0.0,0.0,0.0,0.0,0.0,0.0,0.0,0.0,0.0,0.0,0.0,0.601488466910574,0.112482954216088,0.28602857887333805
2025-02-13,0.0,0.0,0.0,0.0,0.0,0.0,0.0,0.0,0.0,0.0,0.0,0.0,0.0,0.0,0.0,0.0,0.0,0.0,0.0,0.0,0.0,0.0,0.601488466910574,0.112482954216088,0.28602857887333805
2025-02-14,0.0,0.0,0.0,0.0,0.0,0.0,0.0,0.0,0.0,0.0,0.0,0.0,0.0,0.0,0.0,0.0,0.0,0.0,0.0,0.0,0.0,0.0,0.601488466910574,0.112482954216088,0.28602857887333805
2025-02-17,0.0,0.0,0.0,0.0,0.0,0.0,0.0,0.0,0.0,0.0,0.0,0.0,0.0,0.0,0.0,0.0,0.0,0.0,0.0,0.0,0.0,0.0,0.601488466910574,0.112482954216088,0.28602857887333805
2025-02-18,0.0,0.0,0.0,0.0,0.0,0.0,0.0,0.0,0.0,0.0,0.0,0.0,0.0,0.0,0.0,0.0,0.0,0.0,0.0,0.0,0.0,0.0,0.601488466910574,0.112482954216088,0.28602857887333805
2025-02-19,0.0,0.0,0.0,0.0,0.0,0.0,0.0,0.0,0.0,0.0,0.0,0.0,0.0,0.0,0.0,0.0,0.0,0.0,0.0,0.0,0.0,0.0,0.601488466910574,0.112482954216088,0.28602857887333805
2025-02-20,0.0,0.0,0.0,0.0,0.0,0.0,0.0,0.0,0.0,0.0,0.0,0.0,0.0,0.0,0.0,0.0,0.0,0.0,0.0,0.0,0.0,0.0,0.601488466910574,0.112482954216088,0.28602857887333805
2025-02-21,0.0,0.0,0.0,0.0,0.0,0.0,0.0,0.0,0.0,0.0,0.0,0.0,0.0,0.0,0.0,0.0,0.0,0.0,0.0,0.0,0.0,0.0,0.601488466910574,0.112482954216088,0.28602857887333805
2025-02-24,0.0,0.0,0.0,0.0,0.0,0.0,0.0,0.0,0.0,0.0,0.0,0.0,0.0,0.0,0.0,0.0,0.0,0.0,0.0,0.0,0.0,0.0,0.601488466910574,0.112482954216088,0.28602857887333805
2025-02-25,0.0,0.0,0.0,0.0,0.0,0.0,0.0,0.0,0.0,0.0,0.0,0.0,0.0,0.0,0.0,0.0,0.0,0.0,0.0,0.0,0.0,0.0,0.601488466910574,0.112482954216088,0.28602857887333805
2025-02-26,0.0,0.0,0.0,0.0,0.0,0.0,0.0,0.0,0.0,0.0,0.0,0.0,0.0,0.0,0.0,0.0,0.0,0.0,0.0,0.0,0.0,0.0,0.601488466910574,0.112482954216088,0.28602857887333805
2025-02-27,0.0,0.0,0.0,0.0,0.0,0.0,0.0,0.0,0.0,0.0,0.0,0.0,0.0,0.0,0.0,0.0,0.0,0.0,0.0,0.0,0.0,0.0,0.601488466910574,0.112482954216088,0.28602857887333805
2025-02-28,0.0,0.0,0.0,0.0,0.0,0.0,0.0,0.0,0.0,0.0,0.0,0.0,0.0,0.0,0.0,0.0,0.0,0.0,0.0,0.0,0.0,0.0,0.601488466910574,0.112482954216088,0.28602857887333805
2025-03-03,0.0,0.08574637723098734,0.11052522361811995,0.0,0.0,0.08795405987442949,0.0,0.0,0.0,0.0,0.0,0.0,0.0,0.0,0.09563969370037008,0.10551002666292848,0.0,0.0,0.0,0.0,0.0,0.0,0.0,0.0,0.0
2025-03-04,0.0,0.08574637723098734,0.11052522361811995,0.0,0.0,0.08795405987442949,0.0,0.0,0.0,0.0,0.0,0.0,0.0,0.0,0.09563969370037008,0.10551002666292848,0.0,0.0,0.0,0.0,0.0,0.0,0.0,0.0,0.0
2025-03-05,0.0,0.08574637723098734,0.11052522361811995,0.0,0.0,0.08795405987442949,0.0,0.0,0.0,0.0,0.0,0.0,0.0,0.0,0.09563969370037008,0.10551002666292848,0.0,0.0,0.0,0.0,0.0,0.0,0.0,0.0,0.0
2025-03-06,0.0,0.08574637723098734,0.11052522361811995,0.0,0.0,0.08795405987442949,0.0,0.0,0.0,0.0,0.0,0.0,0.0,0.0,0.09563969370037008,0.10551002666292848,0.0,0.0,0.0,0.0,0.0,0.0,0.0,0.0,0.0
2025-03-07,0.0,0.08574637723098734,0.11052522361811995,0.0,0.0,0.08795405987442949,0.0,0.0,0.0,0.0,0.0,0.0,0.0,0.0,0.09563969370037008,0.10551002666292848,0.0,0.0,0.0,0.0,0.0,0.0,0.0,0.0,0.0
2025-03-10,0.0,0.08574637723098734,0.11052522361811995,0.0,0.0,0.08795405987442949,0.0,0.0,0.0,0.0,0.0,0.0,0.0,0.0,0.09563969370037008,0.10551002666292848,0.0,0.0,0.0,0.0,0.0,0.0,0.0,0.0,0.0
2025-03-11,0.0,0.08574637723098734,0.11052522361811995,0.0,0.0,0.08795405987442949,0.0,0.0,0.0,0.0,0.0,0.0,0.0,0.0,0.09563969370037008,0.10551002666292848,0.0,0.0,0.0,0.0,0.0,0.0,0.0,0.0,0.0
2025-03-12,0.0,0.08574637723098734,0.11052522361811995,0.0,0.0,0.08795405987442949,0.0,0.0,0.0,0.0,0.0,0.0,0.0,0.0,0.09563969370037008,0.10551002666292848,0.0,0.0,0.0,0.0,0.0,0.0,0.0,0.0,0.0
2025-03-13,0.0,0.08574637723098734,0.11052522361811995,0.0,0.0,0.08795405987442949,0.0,0.0,0.0,0.0,0.0,0.0,0.0,0.0,0.09563969370037008,0.10551002666292848,0.0,0.0,0.0,0.0,0.0,0.0,0.0,0.0,0.0
2025-03-14,0.0,0.08574637723098734,0.11052522361811995,0.0,0.0,0.08795405987442949,0.0,0.0,0.0,0.0,0.0,0.0,0.0,0.0,0.09563969370037008,0.10551002666292848,0.0,0.0,0.0,0.0,0.0,0.0,0.0,0.0,0.0
2025-03-17,0.0,0.08574637723098734,0.11052522361811995,0.0,0.0,0.08795405987442949,0.0,0.0,0.0,0.0,0.0,0.0,0.0,0.0,0.09563969370037008,0.10551002666292848,0.0,0.0,0.0,0.0,0.0,0.0,0.0,0.0,0.0
2025-03-18,0.0,0.08574637723098734,0.11052522361811995,0.0,0.0,0.08795405987442949,0.0,0.0,0.0,0.0,0.0,0.0,0.0,0.0,0.09563969370037008,0.10551002666292848,0.0,0.0,0.0,0.0,0.0,0.0,0.0,0.0,0.0
2025-03-19,0.0,0.08574637723098734,0.11052522361811995,0.0,0.0,0.08795405987442949,0.0,0.0,0.0,0.0,0.0,0.0,0.0,0.0,0.09563969370037008,0.10551002666292848,0.0,0.0,0.0,0.0,0.0,0.0,0.0,0.0,0.0
2025-03-20,0.0,0.08574637723098734,0.11052522361811995,0.0,0.0,0.08795405987442949,0.0,0.0,0.0,0.0,0.0,0.0,0.0,0.0,0.09563969370037008,0.10551002666292848,0.0,0.0,0.0,0.0,0.0,0.0,0.0,0.0,0.0
2025-03-21,0.0,0.08574637723098734,0.11052522361811995,0.0,0.0,0.08795405987442949,0.0,0.0,0.0,0.0,0.0,0.0,0.0,0.0,0.09563969370037008,0.10551002666292848,0.0,0.0,0.0,0.0,0.0,0.0,0.0,0.0,0.0
2025-03-24,0.0,0.08574637723098734,0.11052522361811995,0.0,0.0,0.08795405987442949,0.0,0.0,0.0,0.0,0.0,0.0,0.0,0.0,0.09563969370037008,0.10551002666292848,0.0,0.0,0.0,0.0,0.0,0.0,0.0,0.0,0.0
2025-03-25,0.0,0.08574637723098734,0.11052522361811995,0.0,0.0,0.08795405987442949,0.0,0.0,0.0,0.0,0.0,0.0,0.0,0.0,0.09563969370037008,0.10551002666292848,0.0,0.0,0.0,0.0,0.0,0.0,0.0,0.0,0.0
2025-03-26,0.0,0.08574637723098734,0.11052522361811995,0.0,0.0,0.08795405987442949,0.0,0.0,0.0,0.0,0.0,0.0,0.0,0.0,0.09563969370037008,0.10551002666292848,0.0,0.0,0.0,0.0,0.0,0.0,0.0,0.0,0.0
2025-03-27,0.0,0.08574637723098734,0.11052522361811995,0.0,0.0,0.08795405987442949,0.0,0.0,0.0,0.0,0.0,0.0,0.0,0.0,0.09563969370037008,0.10551002666292848,0.0,0.0,0.0,0.0,0.0,0.0,0.0,0.0,0.0
2025-03-28,0.0,0.08574637723098734,0.11052522361811995,0.0,0.0,0.08795405987442949,0.0,0.0,0.0,0.0,0.0,0.0,0.0,0.0,0.09563969370037008,0.10551002666292848,0.0,0.0,0.0,0.0,0.0,0.0,0.0,0.0,0.0
2025-03-31,0.0,0.08574637723098734,0.11052522361811995,0.0,0.0,0.08795405987442949,0.0,0.0,0.0,0.0,0.0,0.0,0.0,0.0,0.09563969370037008,0.10551002666292848,0.0,0.0,0.0,0.0,0.0,0.0,0.0,0.0,0.0
2025-04-01,0.0,0.02664651503847532,0.0,0.0,0.0,0.0,0.0,0.0,0.0627688779436989,0.0,0.032731730286100894,0.0,0.0,0.0,0.055163837533065904,0.028199127757646384,0.0,0.0,0.0,0.0,0.0,0.0,0.42076751924378797,0.0,0.17916758872220612
2025-04-02,0.0,0.02664651503847532,0.0,0.0,0.0,0.0,0.0,0.0,0.0627688779436989,0.0,0.032731730286100894,0.0,0.0,0.0,0.055163837533065904,0.028199127757646384,0.0,0.0,0.0,0.0,0.0,0.0,0.42076751924378797,0.0,0.17916758872220612
2025-04-03,0.0,0.02664651503847532,0.0,0.0,0.0,0.0,0.0,0.0,0.0627688779436989,0.0,0.032731730286100894,0.0,0.0,0.0,0.055163837533065904,0.028199127757646384,0.0,0.0,0.0,0.0,0.0,0.0,0.42076751924378797,0.0,0.17916758872220612
2025-04-04,0.0,0.02664651503847532,0.0,0.0,0.0,0.0,0.0,0.0,0.0627688779436989,0.0,0.032731730286100894,0.0,0.0,0.0,0.055163837533065904,0.028199127757646384,0.0,0.0,0.0,0.0,0.0,0.0,0.42076751924378797,0.0,0.17916758872220612
2025-04-07,0.0,0.02664651503847532,0.0,0.0,0.0,0.0,0.0,0.0,0.0627688779436989,0.0,0.032731730286100894,0.0,0.0,0.0,0.055163837533065904,0.028199127757646384,0.0,0.0,0.0,0.0,0.0,0.0,0.42076751924378797,0.0,0.17916758872220612
2025-04-08,0.0,0.02664651503847532,0.0,0.0,0.0,0.0,0.0,0.0,0.0627688779436989,0.0,0.032731730286100894,0.0,0.0,0.0,0.055163837533065904,0.028199127757646384,0.0,0.0,0.0,0.0,0.0,0.0,0.42076751924378797,0.0,0.17916758872220612
2025-04-09,0.0,0.02664651503847532,0.0,0.0,0.0,0.0,0.0,0.0,0.0627688779436989,0.0,0.032731730286100894,0.0,0.0,0.0,0.055163837533065904,0.028199127757646384,0.0,0.0,0.0,0.0,0.0,0.0,0.42076751924378797,0.0,0.17916758872220612
2025-04-10,0.0,0.0,0.0,0.0,0.0,0.0,0.0,0.0,0.0627688779436989,0.0,0.0,0.0,0.0,0.0,0.055163837533065904,0.028199127757646384,0.0,0.0,0.0,0.0,0.0,0.0,0.42076751924378797,0.0,0.17916758872220612
2025-04-11,0.0,0.0,0.0,0.0,0.0,0.0,0.0,0.0,0.0627688779436989,0.0,0.0,0.0,0.0,0.0,0.055163837533065904,0.028199127757646384,0.0,0.0,0.0,0.0,0.0,0.0,0.42076751924378797,0.0,0.17916758872220612
2025-04-14,0.0,0.0,0.0,0.0,0.0,0.0,0.0,0.0,0.0627688779436989,0.0,0.0,0.0,0.0,0.0,0.055163837533065904,0.028199127757646384,0.0,0.0,0.0,0.0,0.0,0.0,0.42076751924378797,0.0,0.17916758872220612
2025-04-15,0.0,0.0,0.0,0.0,0.0,0.0,0.0,0.0,0.0627688779436989,0.0,0.0,0.0,0.0,0.0,0.055163837533065904,0.028199127757646384,0.0,0.0,0.0,0.0,0.0,0.0,0.42076751924378797,0.0,0.17916758872220612
2025-04-16,0.0,0.0,0.0,0.0,0.0,0.0,0.0,0.0,0.0627688779436989,0.0,0.0,0.0,0.0,0.0,0.055163837533065904,0.028199127757646384,0.0,0.0,0.0,0.0,0.0,0.0,0.42076751924378797,0.0,0.17916758872220612
2025-04-17,0.0,0.0,0.0,0.0,0.0,0.0,0.0,0.0,0.0627688779436989,0.0,0.0,0.0,0.0,0.0,0.055163837533065904,0.028199127757646384,0.0,0.0,0.0,0.0,0.0,0.0,0.42076751924378797,0.0,0.17916758872220612
2025-04-18,0.0,0.0,0.0,0.0,0.0,0.0,0.0,0.0,0.0627688779436989,0.0,0.0,0.0,0.0,0.0,0.055163837533065904,0.028199127757646384,0.0,0.0,0.0,0.0,0.0,0.0,0.42076751924378797,0.0,0.17916758872220612
2025-04-21,0.0,0.0,0.0,0.0,0.0,0.0,0.0,0.0,0.0627688779436989,0.0,0.0,0.0,0.0,0.0,0.055163837533065904,0.028199127757646384,0.0,0.0,0.0,0.0,0.0,0.0,0.42076751924378797,0.0,0.17916758872220612
2025-04-22,0.0,0.0,0.0,0.0,0.0,0.0,0.0,0.0,0.0627688779436989,0.0,0.0,0.0,0.0,0.0,0.055163837533065904,0.028199127757646384,0.0,0.0,0.0,0.0,0.0,0.0,0.42076751924378797,0.0,0.17916758872220612
2025-04-23,0.0,0.0,0.0,0.0,0.0,0.0,0.0,0.0,0.0627688779436989,0.0,0.0,0.0,0.0,0.0,0.055163837533065904,0.028199127757646384,0.0,0.0,0.0,0.0,0.0,0.0,0.42076751924378797,0.0,0.17916758872220612
2025-04-24,0.0,0.0,0.0,0.0,0.0,0.0,0.0,0.0,0.0627688779436989,0.0,0.0,0.0,0.0,0.0,0.055163837533065904,0.028199127757646384,0.0,0.0,0.0,0.0,0.0,0.0,0.42076751924378797,0.0,0.17916758872220612
2025-04-25,0.0,0.0,0.0,0.0,0.0,0.0,0.0,0.0,0.0627688779436989,0.0,0.0,0.0,0.0,0.0,0.055163837533065904,0.028199127757646384,0.0,0.0,0.0,0.0,0.0,0.0,0.42076751924378797,0.0,0.17916758872220612
2025-04-28,0.0,0.0,0.0,0.0,0.0,0.0,0.0,0.0,0.0627688779436989,0.0,0.0,0.0,0.0,0.0,0.055163837533065904,0.028199127757646384,0.0,0.0,0.0,0.0,0.0,0.0,0.42076751924378797,0.0,0.17916758872220612
2025-04-29,0.0,0.0,0.0,0.0,0.0,0.0,0.0,0.0,0.0627688779436989,0.0,0.0,0.0,0.0,0.0,0.055163837533065904,0.028199127757646384,0.0,0.0,0.0,0.0,0.0,0.0,0.42076751924378797,0.0,0.17916758872220612
2025-04-30,0.0,0.0,0.0,0.0,0.0,0.0,0.0,0.0,0.0627688779436989,0.0,0.0,0.0,0.0,0.0,0.055163837533065904,0.028199127757646384,0.0,0.0,0.0,0.0,0.0,0.0,0.42076751924378797,0.0,0.17916758872220612
2025-05-01,0.0,0.0,0.0,0.0,0.0,0.0,0.0,0.0,0.050072442538744384,0.03678779248997021,0.0,0.0,0.0,0.0,0.0,0.017110022568098737,0.0,0.0,0.0,0.0,0.051445116520913485,0.18591674093160246,0.43341494767434285,0.07269795396118083,0.0734593292017408
2025-05-02,0.0,0.0,0.0,0.0,0.0,0.0,0.0,0.0,0.050072442538744384,0.03678779248997021,0.0,0.0,0.0,0.0,0.0,0.017110022568098737,0.0,0.0,0.0,0.0,0.051445116520913485,0.18591674093160246,0.43341494767434285,0.07269795396118083,0.0734593292017408
2025-05-05,0.0,0.0,0.0,0.0,0.0,0.0,0.0,0.0,0.050072442538744384,0.03678779248997021,0.0,0.0,0.0,0.0,0.0,0.017110022568098737,0.0,0.0,0.0,0.0,0.051445116520913485,0.18591674093160246,0.43341494767434285,0.07269795396118083,0.0734593292017408
2025-05-06,0.0,0.0,0.0,0.0,0.0,0.0,0.0,0.0,0.050072442538744384,0.03678779248997021,0.0,0.0,0.0,0.0,0.0,0.017110022568098737,0.0,0.0,0.0,0.0,0.051445116520913485,0.18591674093160246,0.43341494767434285,0.07269795396118083,0.0734593292017408
2025-05-07,0.0,0.0,0.0,0.0,0.0,0.0,0.0,0.0,0.050072442538744384,0.03678779248997021,0.0,0.0,0.0,0.0,0.0,0.017110022568098737,0.0,0.0,0.0,0.0,0.051445116520913485,0.18591674093160246,0.43341494767434285,0.07269795396118083,0.0734593292017408
2025-05-08,0.0,0.0,0.0,0.0,0.0,0.0,0.0,0.0,0.050072442538744384,0.03678779248997021,0.0,0.0,0.0,0.0,0.0,0.017110022568098737,0.0,0.0,0.0,0.0,0.051445116520913485,0.18591674093160246,0.43341494767434285,0.07269795396118083,0.0734593292017408
2025-05-09,0.0,0.0,0.0,0.0,0.0,0.0,0.0,0.0,0.050072442538744384,0.03678779248997021,0.0,0.0,0.0,0.0,0.0,0.017110022568098737,0.0,0.0,0.0,0.0,0.051445116520913485,0.18591674093160246,0.43341494767434285,0.07269795396118083,0.0734593292017408
2025-05-12,0.0,0.0,0.0,0.0,0.0,0.0,0.0,0.0,0.050072442538744384,0.03678779248997021,0.0,0.0,0.0,0.0,0.0,0.017110022568098737,0.0,0.0,0.0,0.0,0.051445116520913485,0.18591674093160246,0.43341494767434285,0.07269795396118083,0.0734593292017408
2025-05-13,0.0,0.0,0.0,0.0,0.0,0.0,0.0,0.0,0.050072442538744384,0.03678779248997021,0.0,0.0,0.0,0.0,0.0,0.017110022568098737,0.0,0.0,0.0,0.0,0.051445116520913485,0.18591674093160246,0.43341494767434285,0.07269795396118083,0.0734593292017408
2025-05-14,0.0,0.0,0.0,0.0,0.0,0.0,0.0,0.0,0.050072442538744384,0.03678779248997021,0.0,0.0,0.0,0.0,0.0,0.017110022568098737,0.0,0.0,0.0,0.0,0.051445116520913485,0.18591674093160246,0.43341494767434285,0.07269795396118083,0.0734593292017408
2025-05-15,0.0,0.0,0.0,0.0,0.0,0.0,0.0,0.0,0.050072442538744384,0.03678779248997021,0.0,0.0,0.0,0.0,0.0,0.017110022568098737,0.0,0.0,0.0,0.0,0.051445116520913485,0.18591674093160246,0.43341494767434285,0.07269795396118083,0.0734593292017408
2025-05-16,0.0,0.0,0.0,0.0,0.0,0.0,0.0,0.0,0.050072442538744384,0.03678779248997021,0.0,0.0,0.0,0.0,0.0,0.017110022568098737,0.0,0.0,0.0,0.0,0.051445116520913485,0.18591674093160246,0.43341494767434285,0.07269795396118083,0.0734593292017408
2025-05-19,0.0,0.0,0.0,0.0,0.0,0.0,0.0,0.0,0.050072442538744384,0.03678779248997021,0.0,0.0,0.0,0.0,0.0,0.017110022568098737,0.0,0.0,0.0,0.0,0.051445116520913485,0.18591674093160246,0.43341494767434285,0.07269795396118083,0.0734593292017408
2025-05-20,0.0,0.0,0.0,0.0,0.0,0.0,0.0,0.0,0.050072442538744384,0.03678779248997021,0.0,0.0,0.0,0.0,0.0,0.017110022568098737,0.0,0.0,0.0,0.0,0.051445116520913485,0.18591674093160246,0.43341494767434285,0.07269795396118083,0.0734593292017408
2025-05-21,0.0,0.0,0.0,0.0,0.0,0.0,0.0,0.0,0.050072442538744384,0.03678779248997021,0.0,0.0,0.0,0.0,0.0,0.017110022568098737,0.0,0.0,0.0,0.0,0.051445116520913485,0.18591674093160246,0.43341494767434285,0.07269795396118083,0.0734593292017408
2025-05-22,0.0,0.0,0.0,0.0,0.0,0.0,0.0,0.0,0.050072442538744384,0.03678779248997021,0.0,0.0,0.0,0.0,0.0,0.017110022568098737,0.0,0.0,0.0,0.0,0.051445116520913485,0.18591674093160246,0.43341494767434285,0.07269795396118083,0.0734593292017408
2025-05-23,0.0,0.0,0.0,0.0,0.0,0.0,0.0,0.0,0.050072442538744384,0.03678779248997021,0.0,0.0,0.0,0.0,0.0,0.017110022568098737,0.0,0.0,0.0,0.0,0.051445116520913485,0.18591674093160246,0.43341494767434285,0.07269795396118083,0.0734593292017408
2025-05-26,0.0,0.0,0.0,0.0,0.0,0.0,0.0,0.0,0.050072442538744384,0.03678779248997021,0.0,0.0,0.0,0.0,0.0,0.017110022568098737,0.0,0.0,0.0,0.0,0.051445116520913485,0.18591674093160246,0.43341494767434285,0.07269795396118083,0.0734593292017408
2025-05-27,0.0,0.0,0.0,0.0,0.0,0.0,0.0,0.0,0.050072442538744384,0.03678779248997021,0.0,0.0,0.0,0.0,0.0,0.017110022568098737,0.0,0.0,0.0,0.0,0.051445116520913485,0.18591674093160246,0.43341494767434285,0.07269795396118083,0.0734593292017408
2025-05-28,0.0,0.0,0.0,0.0,0.0,0.0,0.0,0.0,0.050072442538744384,0.03678779248997021,0.0,0.0,0.0,0.0,0.0,0.017110022568098737,0.0,0.0,0.0,0.0,0.051445116520913485,0.18591674093160246,0.43341494767434285,0.07269795396118083,0.0734593292017408
2025-05-29,0.0,0.0,0.0,0.0,0.0,0.0,0.0,0.0,0.050072442538744384,0.03678779248997021,0.0,0.0,0.0,0.0,0.0,0.017110022568098737,0.0,0.0,0.0,0.0,0.051445116520913485,0.18591674093160246,0.43341494767434285,0.07269795396118083,0.0734593292017408
2025-05-30,0.0,0.0,0.0,0.0,0.0,0.0,0.0,0.0,0.050072442538744384,0.03678779248997021,0.0,0.0,0.0,0.0,0.0,0.017110022568098737,0.0,0.0,0.0,0.0,0.051445116520913485,0.18591674093160246,0.43341494767434285,0.07269795396118083,0.0734593292017408
2025-06-02,0.0,0.0,0.0,0.0,0.0,0.0,0.0,0.0,0.0745673708382405,0.09806992603655375,0.0,0.0,0.0,0.0,0.0,0.029360390200738797,0.0,0.0,0.0,0.0,0.037393552394401404,0.0880486765023403,0.3455314474310655,0.06036666299903891,0.1001275958215678
2025-06-03,0.0,0.0,0.0,0.0,0.0,0.0,0.0,0.0,0.0745673708382405,0.09806992603655375,0.0,0.0,0.0,0.0,0.0,0.029360390200738797,0.0,0.0,0.0,0.0,0.037393552394401404,0.0880486765023403,0.3455314474310655,0.06036666299903891,0.1001275958215678
2025-06-04,0.0,0.0,0.0,0.0,0.0,0.0,0.0,0.0,0.0745673708382405,0.09806992603655375,0.0,0.0,0.0,0.0,0.0,0.029360390200738797,0.0,0.0,0.0,0.0,0.037393552394401404,0.0880486765023403,0.3455314474310655,0.06036666299903891,0.1001275958215678
2025-06-05,0.0,0.0,0.0,0.0,0.0,0.0,0.0,0.0,0.0745673708382405,0.09806992603655375,0.0,0.0,0.0,0.0,0.0,0.029360390200738797,0.0,0.0,0.0,0.0,0.037393552394401404,0.0880486765023403,0.3455314474310655,0.06036666299903891,0.1001275958215678
2025-06-06,0.0,0.0,0.0,0.0,0.0,0.0,0.0,0.0,0.0745673708382405,0.09806992603655375,0.0,0.0,0.0,0.0,0.0,0.029360390200738797,0.0,0.0,0.0,0.0,0.037393552394401404,0.0880486765023403,0.3455314474310655,0.06036666299903891,0.1001275958215678
2025-06-09,0.0,0.0,0.0,0.0,0.0,0.0,0.0,0.0,0.0745673708382405,0.09806992603655375,0.0,0.0,0.0,0.0,0.0,0.029360390200738797,0.0,0.0,0.0,0.0,0.037393552394401404,0.0880486765023403,0.3455314474310655,0.06036666299903891,0.1001275958215678
2025-06-10,0.0,0.0,0.0,0.0,0.0,0.0,0.0,0.0,0.0745673708382405,0.09806992603655375,0.0,0.0,0.0,0.0,0.0,0.029360390200738797,0.0,0.0,0.0,0.0,0.037393552394401404,0.0880486765023403,0.3455314474310655,0.06036666299903891,0.1001275958215678
2025-06-11,0.0,0.0,0.0,0.0,0.0,0.0,0.0,0.0,0.0745673708382405,0.09806992603655375,0.0,0.0,0.0,0.0,0.0,0.029360390200738797,0.0,0.0,0.0,0.0,0.037393552394401404,0.0880486765023403,0.3455314474310655,0.06036666299903891,0.1001275958215678
2025-06-12,0.0,0.0,0.0,0.0,0.0,0.0,0.0,0.0,0.0745673708382405,0.09806992603655375,0.0,0.0,0.0,0.0,0.0,0.029360390200738797,0.0,0.0,0.0,0.0,0.037393552394401404,0.0880486765023403,0.3455314474310655,0.06036666299903891,0.1001275958215678
2025-06-13,0.0,0.0,0.0,0.0,0.0,0.0,0.0,0.0,0.0745673708382405,0.09806992603655375,0.0,0.0,0.0,0.0,0.0,0.029360390200738797,0.0,0.0,0.0,0.0,0.037393552394401404,0.0880486765023403,0.3455314474310655,0.06036666299903891,0.1001275958215678
2025-06-16,0.0,0.0,0.0,0.0,0.0,0.0,0.0,0.0,0.0745673708382405,0.09806992603655375,0.0,0.0,0.0,0.0,0.0,0.029360390200738797,0.0,0.0,0.0,0.0,0.037393552394401404,0.0880486765023403,0.3455314474310655,0.06036666299903891,0.1001275958215678
2025-06-17,0.0,0.0,0.0,0.0,0.0,0.0,0.0,0.0,0.0745673708382405,0.09806992603655375,0.0,0.0,0.0,0.0,0.0,0.029360390200738797,0.0,0.0,0.0,0.0,0.037393552394401404,0.0880486765023403,0.3455314474310655,0.06036666299903891,0.1001275958215678
2025-06-18,0.0,0.0,0.0,0.0,0.0,0.0,0.0,0.0,0.0745673708382405,0.09806992603655375,0.0,0.0,0.0,0.0,0.0,0.029360390200738797,0.0,0.0,0.0,0.0,0.037393552394401404,0.0880486765023403,0.3455314474310655,0.06036666299903891,0.1001275958215678
2025-06-19,0.0,0.0,0.0,0.0,0.0,0.0,0.0,0.0,0.0745673708382405,0.09806992603655375,0.0,0.0,0.0,0.0,0.0,0.029360390200738797,0.0,0.0,0.0,0.0,0.037393552394401404,0.0880486765023403,0.3455314474310655,0.06036666299903891,0.1001275958215678
2025-06-20,0.0,0.0,0.0,0.0,0.0,0.0,0.0,0.0,0.0745673708382405,0.09806992603655375,0.0,0.0,0.0,0.0,0.0,0.029360390200738797,0.0,0.0,0.0,0.0,0.037393552394401404,0.0880486765023403,0.3455314474310655,0.06036666299903891,0.1001275958215678
2025-06-23,0.0,0.0,0.0,0.0,0.0,0.0,0.0,0.0,0.0745673708382405,0.09806992603655375,0.0,0.0,0.0,0.0,0.0,0.029360390200738797,0.0,0.0,0.0,0.0,0.037393552394401404,0.0880486765023403,0.3455314474310655,0.06036666299903891,0.1001275958215678
2025-06-24,0.0,0.0,0.0,0.0,0.0,0.0,0.0,0.0,0.0745673708382405,0.09806992603655375,0.0,0.0,0.0,0.0,0.0,0.029360390200738797,0.0,0.0,0.0,0.0,0.037393552394401404,0.0880486765023403,0.3455314474310655,0.06036666299903891,0.1001275958215678
2025-06-25,0.0,0.0,0.0,0.0,0.0,0.0,0.0,0.0,0.0745673708382405,0.09806992603655375,0.0,0.0,0.0,0.0,0.0,0.029360390200738797,0.0,0.0,0.0,0.0,0.037393552394401404,0.0880486765023403,0.3455314474310655,0.06036666299903891,0.1001275958215678
2025-06-26,0.0,0.0,0.0,0.0,0.0,0.0,0.0,0.0,0.0745673708382405,0.09806992603655375,0.0,0.0,0.0,0.0,0.0,0.029360390200738797,0.0,0.0,0.0,0.0,0.037393552394401404,0.0880486765023403,0.3455314474310655,0.06036666299903891,0.1001275958215678
2025-06-27,0.0,0.0,0.0,0.0,0.0,0.0,0.0,0.0,0.0745673708382405,0.09806992603655375,0.0,0.0,0.0,0.0,0.0,0.029360390200738797,0.0,0.0,0.0,0.0,0.037393552394401404,0.0880486765023403,0.3455314474310655,0.06036666299903891,0.1001275958215678
2025-06-30,0.0,0.0,0.0,0.0,0.0,0.0,0.0,0.0,0.0745673708382405,0.09806992603655375,0.0,0.0,0.0,0.0,0.0,0.029360390200738797,0.0,0.0,0.0,0.0,0.037393552394401404,0.0880486765023403,0.3455314474310655,0.06036666299903891,0.1001275958215678
2025-07-01,0.0,0.0,0.023695404942201036,0.0,0.0,0.01811885365661637,0.0,0.0,0.04142758574363683,0.0,0.0,0.0,0.0,0.0,0.0,0.042258881938790065,0.0,0.0,0.0,0.0,0.0,0.09919804518846415,0.40914741075211647,0.08669290879199512,0.14330010898577525
2025-07-02,0.0,0.0,0.023695404942201036,0.0,0.0,0.01811885365661637,0.0,0.0,0.04142758574363683,0.0,0.0,0.0,0.0,0.0,0.0,0.042258881938790065,0.0,0.0,0.0,0.0,0.0,0.09919804518846415,0.40914741075211647,0.08669290879199512,0.14330010898577525
2025-07-03,0.0,0.0,0.023695404942201036,0.0,0.0,0.01811885365661637,0.0,0.0,0.04142758574363683,0.0,0.0,0.0,0.0,0.0,0.0,0.042258881938790065,0.0,0.0,0.0,0.0,0.0,0.09919804518846415,0.40914741075211647,0.08669290879199512,0.14330010898577525
2025-07-04,0.0,0.0,0.023695404942201036,0.0,0.0,0.01811885365661637,0.0,0.0,0.04142758574363683,0.0,0.0,0.0,0.0,0.0,0.0,0.042258881938790065,0.0,0.0,0.0,0.0,0.0,0.09919804518846415,0.40914741075211647,0.08669290879199512,0.14330010898577525
2025-07-07,0.0,0.0,0.023695404942201036,0.0,0.0,0.01811885365661637,0.0,0.0,0.04142758574363683,0.0,0.0,0.0,0.0,0.0,0.0,0.042258881938790065,0.0,0.0,0.0,0.0,0.0,0.09919804518846415,0.40914741075211647,0.08669290879199512,0.14330010898577525
2025-07-08,0.0,0.0,0.023695404942201036,0.0,0.0,0.01811885365661637,0.0,0.0,0.04142758574363683,0.0,0.0,0.0,0.0,0.0,0.0,0.042258881938790065,0.0,0.0,0.0,0.0,0.0,0.09919804518846415,0.40914741075211647,0.08669290879199512,0.14330010898577525
2025-07-09,0.0,0.0,0.023695404942201036,0.0,0.0,0.01811885365661637,0.0,0.0,0.04142758574363683,0.0,0.0,0.0,0.0,0.0,0.0,0.042258881938790065,0.0,0.0,0.0,0.0,0.0,0.09919804518846415,0.40914741075211647,0.08669290879199512,0.14330010898577525
2025-07-10,0.0,0.0,0.023695404942201036,0.0,0.0,0.01811885365661637,0.0,0.0,0.04142758574363683,0.0,0.0,0.0,0.0,0.0,0.0,0.042258881938790065,0.0,0.0,0.0,0.0,0.0,0.09919804518846415,0.40914741075211647,0.08669290879199512,0.14330010898577525
2025-07-11,0.0,0.0,0.023695404942201036,0.0,0.0,0.01811885365661637,0.0,0.0,0.04142758574363683,0.0,0.0,0.0,0.0,0.0,0.0,0.042258881938790065,0.0,0.0,0.0,0.0,0.0,0.09919804518846415,0.40914741075211647,0.08669290879199512,0.14330010898577525
2025-07-14,0.0,0.0,0.023695404942201036,0.0,0.0,0.01811885365661637,0.0,0.0,0.04142758574363683,0.0,0.0,0.0,0.0,0.0,0.0,0.042258881938790065,0.0,0.0,0.0,0.0,0.0,0.09919804518846415,0.40914741075211647,0.08669290879199512,0.14330010898577525
2025-07-15,0.0,0.0,0.023695404942201036,0.0,0.0,0.01811885365661637,0.0,0.0,0.04142758574363683,0.0,0.0,0.0,0.0,0.0,0.0,0.042258881938790065,0.0,0.0,0.0,0.0,0.0,0.09919804518846415,0.40914741075211647,0.08669290879199512,0.14330010898577525
2025-07-16,0.0,0.0,0.023695404942201036,0.0,0.0,0.01811885365661637,0.0,0.0,0.04142758574363683,0.0,0.0,0.0,0.0,0.0,0.0,0.042258881938790065,0.0,0.0,0.0,0.0,0.0,0.09919804518846415,0.40914741075211647,0.08669290879199512,0.14330010898577525
2025-07-17,0.0,0.0,0.023695404942201036,0.0,0.0,0.01811885365661637,0.0,0.0,0.04142758574363683,0.0,0.0,0.0,0.0,0.0,0.0,0.042258881938790065,0.0,0.0,0.0,0.0,0.0,0.09919804518846415,0.40914741075211647,0.08669290879199512,0.14330010898577525
2025-07-18,0.0,0.0,0.023695404942201036,0.0,0.0,0.01811885365661637,0.0,0.0,0.04142758574363683,0.0,0.0,0.0,0.0,0.0,0.0,0.042258881938790065,0.0,0.0,0.0,0.0,0.0,0.09919804518846415,0.40914741075211647,0.08669290879199512,0.14330010898577525
2025-07-21,0.0,0.0,0.023695404942201036,0.0,0.0,0.01811885365661637,0.0,0.0,0.04142758574363683,0.0,0.0,0.0,0.0,0.0,0.0,0.042258881938790065,0.0,0.0,0.0,0.0,0.0,0.09919804518846415,0.40914741075211647,0.08669290879199512,0.14330010898577525
2025-07-22,0.0,0.0,0.023695404942201036,0.0,0.0,0.01811885365661637,0.0,0.0,0.04142758574363683,0.0,0.0,0.0,0.0,0.0,0.0,0.042258881938790065,0.0,0.0,0.0,0.0,0.0,0.09919804518846415,0.40914741075211647,0.08669290879199512,0.14330010898577525
2025-07-23,0.0,0.0,0.023695404942201036,0.0,0.0,0.01811885365661637,0.0,0.0,0.04142758574363683,0.0,0.0,0.0,0.0,0.0,0.0,0.042258881938790065,0.0,0.0,0.0,0.0,0.0,0.09919804518846415,0.40914741075211647,0.08669290879199512,0.14330010898577525
2025-07-24,0.0,0.0,0.023695404942201036,0.0,0.0,0.01811885365661637,0.0,0.0,0.04142758574363683,0.0,0.0,0.0,0.0,0.0,0.0,0.042258881938790065,0.0,0.0,0.0,0.0,0.0,0.09919804518846415,0.40914741075211647,0.08669290879199512,0.14330010898577525
2025-07-25,0.0,0.0,0.023695404942201036,0.0,0.0,0.01811885365661637,0.0,0.0,0.04142758574363683,0.0,0.0,0.0,0.0,0.0,0.0,0.042258881938790065,0.0,0.0,0.0,0.0,0.0,0.09919804518846415,0.40914741075211647,0.08669290879199512,0.14330010898577525
2025-07-28,0.0,0.0,0.023695404942201036,0.0,0.0,0.01811885365661637,0.0,0.0,0.04142758574363683,0.0,0.0,0.0,0.0,0.0,0.0,0.042258881938790065,0.0,0.0,0.0,0.0,0.0,0.09919804518846415,0.40914741075211647,0.08669290879199512,0.14330010898577525
2025-07-29,0.0,0.0,0.023695404942201036,0.0,0.0,0.01811885365661637,0.0,0.0,0.04142758574363683,0.0,0.0,0.0,0.0,0.0,0.0,0.042258881938790065,0.0,0.0,0.0,0.0,0.0,0.09919804518846415,0.40914741075211647,0.08669290879199512,0.14330010898577525
2025-07-30,0.0,0.0,0.023695404942201036,0.0,0.0,0.01811885365661637,0.0,0.0,0.04142758574363683,0.0,0.0,0.0,0.0,0.0,0.0,0.042258881938790065,0.0,0.0,0.0,0.0,0.0,0.09919804518846415,0.40914741075211647,0.08669290879199512,0.14330010898577525
2025-07-31,0.0,0.0,0.023695404942201036,0.0,0.0,0.01811885365661637,0.0,0.0,0.04142758574363683,0.0,0.0,0.0,0.0,0.0,0.0,0.042258881938790065,0.0,0.0,0.0,0.0,0.0,0.09919804518846415,0.40914741075211647,0.08669290879199512,0.14330010898577525
2025-08-01,0.0,0.0,0.0,0.0,0.0,0.03312152429936459,0.0,0.0,0.04686582701577539,0.0,0.0,0.0,0.0,0.0,0.028211977087791638,0.0305327066343608,0.0,0.0,0.0,0.0,0.030704636685777047,0.07027830618764937,0.3417120588591039,0.07218688096563106,0.2333937067014165
2025-08-04,0.0,0.0,0.0,0.0,0.0,0.03312152429936459,0.0,0.0,0.04686582701577539,0.0,0.0,0.0,0.0,0.0,0.028211977087791638,0.0305327066343608,0.0,0.0,0.0,0.0,0.030704636685777047,0.07027830618764937,0.3417120588591039,0.07218688096563106,0.2333937067014165
2025-08-05,0.0,0.0,0.0,0.0,0.0,0.03312152429936459,0.0,0.0,0.04686582701577539,0.0,0.0,0.0,0.0,0.0,0.028211977087791638,0.0305327066343608,0.0,0.0,0.0,0.0,0.030704636685777047,0.07027830618764937,0.3417120588591039,0.07218688096563106,0.2333937067014165
2025-08-06,0.0,0.0,0.0,0.0,0.0,0.03312152429936459,0.0,0.0,0.04686582701577539,0.0,0.0,0.0,0.0,0.0,0.028211977087791638,0.0305327066343608,0.0,0.0,0.0,0.0,0.030704636685777047,0.07027830618764937,0.3417120588591039,0.07218688096563106,0.2333937067014165
2025-08-07,0.0,0.0,0.0,0.0,0.0,0.03312152429936459,0.0,0.0,0.04686582701577539,0.0,0.0,0.0,0.0,0.0,0.028211977087791638,0.0305327066343608,0.0,0.0,0.0,0.0,0.030704636685777047,0.07027830618764937,0.3417120588591039,0.07218688096563106,0.2333937067014165
2025-08-08,0.0,0.0,0.0,0.0,0.0,0.03312152429936459,0.0,0.0,0.04686582701577539,0.0,0.0,0.0,0.0,0.0,0.028211977087791638,0.0305327066343608,0.0,0.0,0.0,0.0,0.030704636685777047,0.07027830618764937,0.3417120588591039,0.07218688096563106,0.2333937067014165
2025-08-11,0.0,0.0,0.0,0.0,0.0,0.03312152429936459,0.0,0.0,0.04686582701577539,0.0,0.0,0.0,0.0,0.0,0.028211977087791638,0.0305327066343608,0.0,0.0,0.0,0.0,0.030704636685777047,0.07027830618764937,0.3417120588591039,0.07218688096563106,0.2333937067014165
2025-08-12,0.0,0.0,0.0,0.0,0.0,0.03312152429936459,0.0,0.0,0.04686582701577539,0.0,0.0,0.0,0.0,0.0,0.028211977087791638,0.0305327066343608,0.0,0.0,0.0,0.0,0.030704636685777047,0.07027830618764937,0.3417120588591039,0.07218688096563106,0.2333937067014165
2025-08-13,0.0,0.0,0.0,0.0,0.0,0.03312152429936459,0.0,0.0,0.04686582701577539,0.0,0.0,0.0,0.0,0.0,0.028211977087791638,0.0305327066343608,0.0,0.0,0.0,0.0,0.030704636685777047,0.07027830618764937,0.3417120588591039,0.07218688096563106,0.2333937067014165
2025-08-14,0.0,0.0,0.0,0.0,0.0,0.03312152429936459,0.0,0.0,0.04686582701577539,0.0,0.0,0.0,0.0,0.0,0.028211977087791638,0.0305327066343608,0.0,0.0,0.0,0.0,0.030704636685777047,0.07027830618764937,0.3417120588591039,0.07218688096563106,0.2333937067014165
2025-08-15,0.0,0.0,0.0,0.0,0.0,0.03312152429936459,0.0,0.0,0.04686582701577539,0.0,0.0,0.0,0.0,0.0,0.028211977087791638,0.0305327066343608,0.0,0.0,0.0,0.0,0.030704636685777047,0.07027830618764937,0.3417120588591039,0.07218688096563106,0.2333937067014165
2025-08-18,0.0,0.0,0.0,0.0,0.0,0.03312152429936459,0.0,0.0,0.04686582701577539,0.0,0.0,0.0,0.0,0.0,0.028211977087791638,0.0305327066343608,0.0,0.0,0.0,0.0,0.030704636685777047,0.07027830618764937,0.3417120588591039,0.07218688096563106,0.2333937067014165
2025-08-19,0.0,0.0,0.0,0.0,0.0,0.03312152429936459,0.0,0.0,0.04686582701577539,0.0,0.0,0.0,0.0,0.0,0.028211977087791638,0.0305327066343608,0.0,0.0,0.0,0.0,0.030704636685777047,0.07027830618764937,0.3417120588591039,0.07218688096563106,0.2333937067014165
2025-08-20,0.0,0.0,0.0,0.0,0.0,0.03312152429936459,0.0,0.0,0.04686582701577539,0.0,0.0,0.0,0.0,0.0,0.028211977087791638,0.0305327066343608,0.0,0.0,0.0,0.0,0.030704636685777047,0.07027830618764937,0.3417120588591039,0.07218688096563106,0.2333937067014165
2025-08-21,0.0,0.0,0.0,0.0,0.0,0.03312152429936459,0.0,0.0,0.04686582701577539,0.0,0.0,0.0,0.0,0.0,0.028211977087791638,0.0305327066343608,0.0,0.0,0.0,0.0,0.030704636685777047,0.07027830618764937,0.3417120588591039,0.07218688096563106,0.2333937067014165
2025-08-22,0.0,0.0,0.0,0.0,0.0,0.03312152429936459,0.0,0.0,0.04686582701577539,0.0,0.0,0.0,0.0,0.0,0.028211977087791638,0.0305327066343608,0.0,0.0,0.0,0.0,0.030704636685777047,0.07027830618764937,0.3417120588591039,0.07218688096563106,0.2333937067014165
2025-08-25,0.0,0.0,0.0,0.0,0.0,0.03312152429936459,0.0,0.0,0.04686582701577539,0.0,0.0,0.0,0.0,0.0,0.028211977087791638,0.0305327066343608,0.0,0.0,0.0,0.0,0.030704636685777047,0.07027830618764937,0.3417120588591039,0.07218688096563106,0.2333937067014165
2025-08-26,0.0,0.0,0.0,0.0,0.0,0.03312152429936459,0.0,0.0,0.04686582701577539,0.0,0.0,0.0,0.0,0.0,0.028211977087791638,0.0305327066343608,0.0,0.0,0.0,0.0,0.030704636685777047,0.07027830618764937,0.3417120588591039,0.07218688096563106,0.2333937067014165
2025-08-27,0.0,0.0,0.0,0.0,0.0,0.03312152429936459,0.0,0.0,0.04686582701577539,0.0,0.0,0.0,0.0,0.0,0.028211977087791638,0.0305327066343608,0.0,0.0,0.0,0.0,0.030704636685777047,0.07027830618764937,0.3417120588591039,0.07218688096563106,0.2333937067014165
2025-08-28,0.0,0.0,0.0,0.0,0.0,0.03312152429936459,0.0,0.0,0.04686582701577539,0.0,0.0,0.0,0.0,0.0,0.028211977087791638,0.0305327066343608,0.0,0.0,0.0,0.0,0.030704636685777047,0.07027830618764937,0.3417120588591039,0.07218688096563106,0.2333937067014165
2025-08-29,0.0,0.0,0.0,0.0,0.0,0.03312152429936459,0.0,0.0,0.04686582701577539,0.0,0.0,0.0,0.0,0.0,0.028211977087791638,0.0305327066343608,0.0,0.0,0.0,0.0,0.030704636685777047,0.07027830618764937,0.3417120588591039,0.07218688096563106,0.2333937067014165
2025-09-01,0.0,0.0,0.06791734901115011,0.0898976565987664,0.07222632960232393,0.07820418566531562,0.0,0.0,0.17190747695866895,0.0,0.0,0.0,0.0,0.0,0.03866725620976205,0.15123617252125168,0.0,0.0,0.0,0.0,0.0,0.0,0.0,0.0,0.0
2025-09-02,0.0,0.0,0.06791734901115011,0.0898976565987664,0.07222632960232393,0.07820418566531562,0.0,0.0,0.17190747695866895,0.0,0.0,0.0,0.0,0.0,0.03866725620976205,0.15123617252125168,0.0,0.0,0.0,0.0,0.0,0.0,0.0,0.0,0.0
2025-09-03,0.0,0.0,0.06791734901115011,0.0898976565987664,0.07222632960232393,0.07820418566531562,0.0,0.0,0.17190747695866895,0.0,0.0,0.0,0.0,0.0,0.03866725620976205,0.15123617252125168,0.0,0.0,0.0,0.0,0.0,0.0,0.0,0.0,0.0
2025-09-04,0.0,0.0,0.06791734901115011,0.0898976565987664,0.07222632960232393,0.07820418566531562,0.0,0.0,0.17190747695866895,0.0,0.0,0.0,0.0,0.0,0.03866725620976205,0.15123617252125168,0.0,0.0,0.0,0.0,0.0,0.0,0.0,0.0,0.0
2025-09-05,0.0,0.0,0.06791734901115011,0.0898976565987664,0.07222632960232393,0.07820418566531562,0.0,0.0,0.17190747695866895,0.0,0.0,0.0,0.0,0.0,0.03866725620976205,0.15123617252125168,0.0,0.0,0.0,0.0,0.0,0.0,0.0,0.0,0.0
2025-09-08,0.0,0.0,0.06791734901115011,0.0898976565987664,0.07222632960232393,0.07820418566531562,0.0,0.0,0.17190747695866895,0.0,0.0,0.0,0.0,0.0,0.03866725620976205,0.15123617252125168,0.0,0.0,0.0,0.0,0.0,0.0,0.0,0.0,0.0
2025-09-09,0.0,0.0,0.06791734901115011,0.0898976565987664,0.07222632960232393,0.07820418566531562,0.0,0.0,0.17190747695866895,0.0,0.0,0.0,0.0,0.0,0.03866725620976205,0.15123617252125168,0.0,0.0,0.0,0.0,0.0,0.0,0.0,0.0,0.0
2025-09-10,0.0,0.0,0.06791734901115011,0.0898976565987664,0.07222632960232393,0.07820418566531562,0.0,0.0,0.17190747695866895,0.0,0.0,0.0,0.0,0.0,0.03866725620976205,0.15123617252125168,0.0,0.0,0.0,0.0,0.0,0.0,0.0,0.0,0.0
2025-09-11,0.0,0.0,0.06791734901115011,0.0898976565987664,0.07222632960232393,0.07820418566531562,0.0,0.0,0.17190747695866895,0.0,0.0,0.0,0.0,0.0,0.03866725620976205,0.15123617252125168,0.0,0.0,0.0,0.0,0.0,0.0,0.0,0.0,0.0
2025-09-12,0.0,0.0,0.06791734901115011,0.0898976565987664,0.07222632960232393,0.07820418566531562,0.0,0.0,0.17190747695866895,0.0,0.0,0.0,0.0,0.0,0.03866725620976205,0.15123617252125168,0.0,0.0,0.0,0.0,0.0,0.0,0.0,0.0,0.0
2025-09-15,0.0,0.0,0.06791734901115011,0.0898976565987664,0.07222632960232393,0.07820418566531562,0.0,0.0,0.17190747695866895,0.0,0.0,0.0,0.0,0.0,0.03866725620976205,0.15123617252125168,0.0,0.0,0.0,0.0,0.0,0.0,0.0,0.0,0.0
2025-09-16,0.0,0.0,0.06791734901115011,0.0898976565987664,0.07222632960232393,0.07820418566531562,0.0,0.0,0.17190747695866895,0.0,0.0,0.0,0.0,0.0,0.03866725620976205,0.15123617252125168,0.0,0.0,0.0,0.0,0.0,0.0,0.0,0.0,0.0
2025-09-17,0.0,0.0,0.06791734901115011,0.0898976565987664,0.07222632960232393,0.07820418566531562,0.0,0.0,0.17190747695866895,0.0,0.0,0.0,0.0,0.0,0.03866725620976205,0.15123617252125168,0.0,0.0,0.0,0.0,0.0,0.0,0.0,0.0,0.0
2025-09-18,0.0,0.0,0.06791734901115011,0.0898976565987664,0.07222632960232393,0.07820418566531562,0.0,0.0,0.17190747695866895,0.0,0.0,0.0,0.0,0.0,0.03866725620976205,0.15123617252125168,0.0,0.0,0.0,0.0,0.0,0.0,0.0,0.0,0.0
2025-09-19,0.0,0.0,0.06791734901115011,0.0898976565987664,0.07222632960232393,0.07820418566531562,0.0,0.0,0.17190747695866895,0.0,0.0,0.0,0.0,0.0,0.03866725620976205,0.15123617252125168,0.0,0.0,0.0,0.0,0.0,0.0,0.0,0.0,0.0
2025-09-22,0.0,0.0,0.06791734901115011,0.0898976565987664,0.07222632960232393,0.07820418566531562,0.0,0.0,0.17190747695866895,0.0,0.0,0.0,0.0,0.0,0.03866725620976205,0.15123617252125168,0.0,0.0,0.0,0.0,0.0,0.0,0.0,0.0,0.0
2025-09-23,0.0,0.0,0.06791734901115011,0.0898976565987664,0.07222632960232393,0.07820418566531562,0.0,0.0,0.17190747695866895,0.0,0.0,0.0,0.0,0.0,0.03866725620976205,0.15123617252125168,0.0,0.0,0.0,0.0,0.0,0.0,0.0,0.0,0.0
2025-09-24,0.0,0.0,0.06791734901115011,0.0898976565987664,0.07222632960232393,0.07820418566531562,0.0,0.0,0.17190747695866895,0.0,0.0,0.0,0.0,0.0,0.03866725620976205,0.15123617252125168,0.0,0.0,0.0,0.0,0.0,0.0,0.0,0.0,0.0
2025-09-25,0.0,0.0,0.06791734901115011,0.0898976565987664,0.07222632960232393,0.07820418566531562,0.0,0.0,0.17190747695866895,0.0,0.0,0.0,0.0,0.0,0.03866725620976205,0.15123617252125168,0.0,0.0,0.0,0.0,0.0,0.0,0.0,0.0,0.0
2025-09-26,0.0,0.0,0.06791734901115011,0.0898976565987664,0.07222632960232393,0.07820418566531562,0.0,0.0,0.17190747695866895,0.0,0.0,0.0,0.0,0.0,0.03866725620976205,0.15123617252125168,0.0,0.0,0.0,0.0,0.0,0.0,0.0,0.0,0.0
2025-09-29,0.0,0.0,0.06791734901115011,0.0898976565987664,0.07222632960232393,0.07820418566531562,0.0,0.0,0.17190747695866895,0.0,0.0,0.0,0.0,0.0,0.03866725620976205,0.15123617252125168,0.0,0.0,0.0,0.0,0.0,0.0,0.0,0.0,0.0
2025-09-30,0.0,0.0,0.06791734901115011,0.0898976565987664,0.07222632960232393,0.07820418566531562,0.0,0.0,0.17190747695866895,0.0,0.0,0.0,0.0,0.0,0.03866725620976205,0.15123617252125168,0.0,0.0,0.0,0.0,0.0,0.0,0.0,0.0,0.0
2025-10-01,0.0,0.0,0.07740979521425911,0.06309135548731333,0.08041016908337993,0.0448242326211069,0.0,0.0,0.0,0.0,0.0,0.0,0.0,0.0,0.06361131307776141,0.05818343546413718,0.0,0.0,0.0,0.0,0.0,0.0,0.0,0.0,0.0
2025-10-02,0.0,0.0,0.07740979521425911,0.06309135548731333,0.08041016908337993,0.0448242326211069,0.0,0.0,0.0,0.0,0.0,0.0,0.0,0.0,0.06361131307776141,0.05818343546413718,0.0,0.0,0.0,0.0,0.0,0.0,0.0,0.0,0.0
2025-10-03,0.0,0.0,0.07740979521425911,0.06309135548731333,0.08041016908337993,0.0448242326211069,0.0,0.0,0.0,0.0,0.0,0.0,0.0,0.0,0.06361131307776141,0.05818343546413718,0.0,0.0,0.0,0.0,0.0,0.0,0.0,0.0,0.0
2025-10-06,0.0,0.0,0.07740979521425911,0.06309135548731333,0.08041016908337993,0.0448242326211069,0.0,0.0,0.0,0.0,0.0,0.0,0.0,0.0,0.06361131307776141,0.05818343546413718,0.0,0.0,0.0,0.0,0.0,0.0,0.0,0.0,0.0
2025-10-07,0.0,0.0,0.07740979521425911,0.06309135548731333,0.08041016908337993,0.0448242326211069,0.0,0.0,0.0,0.0,0.0,0.0,0.0,0.0,0.06361131307776141,0.05818343546413718,0.0,0.0,0.0,0.0,0.0,0.0,0.0,0.0,0.0
2025-10-08,0.0,0.0,0.07740979521425911,0.06309135548731333,0.08041016908337993,0.0448242326211069,0.0,0.0,0.0,0.0,0.0,0.0,0.0,0.0,0.06361131307776141,0.05818343546413718,0.0,0.0,0.0,0.0,0.0,0.0,0.0,0.0,0.0
2025-10-09,0.0,0.0,0.07740979521425911,0.06309135548731333,0.08041016908337993,0.0448242326211069,0.0,0.0,0.0,0.0,0.0,0.0,0.0,0.0,0.06361131307776141,0.05818343546413718,0.0,0.0,0.0,0.0,0.0,0.0,0.0,0.0,0.0
2025-10-10,0.0,0.0,0.07740979521425911,0.06309135548731333,0.08041016908337993,0.0448242326211069,0.0,0.0,0.0,0.0,0.0,0.0,0.0,0.0,0.06361131307776141,0.05818343546413718,0.0,0.0,0.0,0.0,0.0,0.0,0.0,0.0,0.0
2025-10-13,0.0,0.0,0.07740979521425911,0.06309135548731333,0.08041016908337993,0.0448242326211069,0.0,0.0,0.0,0.0,0.0,0.0,0.0,0.0,0.06361131307776141,0.05818343546413718,0.0,0.0,0.0,0.0,0.0,0.0,0.0,0.0,0.0
2025-10-14,0.0,0.0,0.07740979521425911,0.06309135548731333,0.08041016908337993,0.0448242326211069,0.0,0.0,0.0,0.0,0.0,0.0,0.0,0.0,0.06361131307776141,0.05818343546413718,0.0,0.0,0.0,0.0,0.0,0.0,0.0,0.0,0.0
2025-10-15,0.0,0.0,0.07740979521425911,0.06309135548731333,0.08041016908337993,0.0448242326211069,0.0,0.0,0.0,0.0,0.0,0.0,0.0,0.0,0.06361131307776141,0.05818343546413718,0.0,0.0,0.0,0.0,0.0,0.0,0.0,0.0,0.0
2025-10-16,0.0,0.0,0.07740979521425911,0.06309135548731333,0.08041016908337993,0.0448242326211069,0.0,0.0,0.0,0.0,0.0,0.0,0.0,0.0,0.06361131307776141,0.05818343546413718,0.0,0.0,0.0,0.0,0.0,0.0,0.0,0.0,0.0
2025-10-17,0.0,0.0,0.07740979521425911,0.06309135548731333,0.08041016908337993,0.0448242326211069,0.0,0.0,0.0,0.0,0.0,0.0,0.0,0.0,0.06361131307776141,0.05818343546413718,0.0,0.0,0.0,0.0,0.0,0.0,0.0,0.0,0.0
2025-10-20,0.0,0.0,0.07740979521425911,0.06309135548731333,0.08041016908337993,0.0448242326211069,0.0,0.0,0.0,0.0,0.0,0.0,0.0,0.0,0.06361131307776141,0.05818343546413718,0.0,0.0,0.0,0.0,0.0,0.0,0.0,0.0,0.0
2025-10-21,0.0,0.0,0.07740979521425911,0.06309135548731333,0.08041016908337993,0.0448242326211069,0.0,0.0,0.0,0.0,0.0,0.0,0.0,0.0,0.06361131307776141,0.05818343546413718,0.0,0.0,0.0,0.0,0.0,0.0,0.0,0.0,0.0
2025-10-22,0.0,0.0,0.07740979521425911,0.06309135548731333,0.08041016908337993,0.0448242326211069,0.0,0.0,0.0,0.0,0.0,0.0,0.0,0.0,0.06361131307776141,0.05818343546413718,0.0,0.0,0.0,0.0,0.0,0.0,0.0,0.0,0.0
2025-10-23,0.0,0.0,0.07740979521425911,0.06309135548731333,0.08041016908337993,0.0448242326211069,0.0,0.0,0.0,0.0,0.0,0.0,0.0,0.0,0.06361131307776141,0.05818343546413718,0.0,0.0,0.0,0.0,0.0,0.0,0.0,0.0,0.0
2025-10-24,0.0,0.0,0.07740979521425911,0.06309135548731333,0.08041016908337993,0.0448242326211069,0.0,0.0,0.0,0.0,0.0,0.0,0.0,0.0,0.06361131307776141,0.05818343546413718,0.0,0.0,0.0,0.0,0.0,0.0,0.0,0.0,0.0
2025-10-27,0.0,0.0,0.07740979521425911,0.06309135548731333,0.08041016908337993,0.0448242326211069,0.0,0.0,0.0,0.0,0.0,0.0,0.0,0.0,0.06361131307776141,0.05818343546413718,0.0,0.0,0.0,0.0,0.0,0.0,0.0,0.0,0.0
2025-10-28,0.0,0.0,0.07740979521425911,0.06309135548731333,0.08041016908337993,0.0448242326211069,0.0,0.0,0.0,0.0,0.0,0.0,0.0,0.0,0.06361131307776141,0.05818343546413718,0.0,0.0,0.0,0.0,0.0,0.0,0.0,0.0,0.0
2025-10-29,0.0,0.0,0.07740979521425911,0.06309135548731333,0.08041016908337993,0.0448242326211069,0.0,0.0,0.0,0.0,0.0,0.0,0.0,0.0,0.06361131307776141,0.05818343546413718,0.0,0.0,0.0,0.0,0.0,0.0,0.0,0.0,0.0
2025-10-30,0.0,0.0,0.07740979521425911,0.06309135548731333,0.08041016908337993,0.0448242326211069,0.0,0.0,0.0,0.0,0.0,0.0,0.0,0.0,0.06361131307776141,0.05818343546413718,0.0,0.0,0.0,0.0,0.0,0.0,0.0,0.0,0.0
2025-10-31,0.0,0.0,0.07740979521425911,0.06309135548731333,0.08041016908337993,0.0448242326211069,0.0,0.0,0.0,0.0,0.0,0.0,0.0,0.0,0.06361131307776141,0.05818343546413718,0.0,0.0,0.0,0.0,0.0,0.0,0.0,0.0,0.0
2025-11-03,0.0,0.0,0.0757015096690426,0.08764423363734221,0.08593626267315393,0.06432272869973218,0.0,0.0,0.0,0.0,0.0,0.0,0.0,0.0,0.0,0.06992398181018056,0.0,0.0,0.0,0.0,0.0,0.0,0.0,0.0,0.0
2025-11-04,0.0,0.0,0.0757015096690426,0.08764423363734221,0.08593626267315393,0.06432272869973218,0.0,0.0,0.0,0.0,0.0,0.0,0.0,0.0,0.0,0.06992398181018056,0.0,0.0,0.0,0.0,0.0,0.0,0.0,0.0,0.0
2025-11-05,0.0,0.0,0.0757015096690426,0.08764423363734221,0.08593626267315393,0.06432272869973218,0.0,0.0,0.0,0.0,0.0,0.0,0.0,0.0,0.0,0.06992398181018056,0.0,0.0,0.0,0.0,0.0,0.0,0.0,0.0,0.0
2025-11-06,0.0,0.0,0.0757015096690426,0.08764423363734221,0.08593626267315393,0.06432272869973218,0.0,0.0,0.0,0.0,0.0,0.0,0.0,0.0,0.0,0.06992398181018056,0.0,0.0,0.0,0.0,0.0,0.0,0.0,0.0,0.0
2025-11-07,0.0,0.0,0.0757015096690426,0.08764423363734221,0.08593626267315393,0.06432272869973218,0.0,0.0,0.0,0.0,0.0,0.0,0.0,0.0,0.0,0.06992398181018056,0.0,0.0,0.0,0.0,0.0,0.0,0.0,0.0,0.0
2025-11-10,0.0,0.0,0.0757015096690426,0.08764423363734221,0.08593626267315393,0.06432272869973218,0.0,0.0,0.0,0.0,0.0,0.0,0.0,0.0,0.0,0.06992398181018056,0.0,0.0,0.0,0.0,0.0,0.0,0.0,0.0,0.0
2025-11-11,0.0,0.0,0.0757015096690426,0.08764423363734221,0.08593626267315393,0.06432272869973218,0.0,0.0,0.0,0.0,0.0,0.0,0.0,0.0,0.0,0.06992398181018056,0.0,0.0,0.0,0.0,0.0,0.0,0.0,0.0,0.0
2025-11-12,0.0,0.0,0.0757015096690426,0.08764423363734221,0.08593626267315393,0.06432272869973218,0.0,0.0,0.0,0.0,0.0,0.0,0.0,0.0,0.0,0.06992398181018056,0.0,0.0,0.0,0.0,0.0,0.0,0.0,0.0,0.0
2025-11-13,0.0,0.0,0.0757015096690426,0.08764423363734221,0.08593626267315393,0.06432272869973218,0.0,0.0,0.0,0.0,0.0,0.0,0.0,0.0,0.0,0.06992398181018056,0.0,0.0,0.0,0.0,0.0,0.0,0.0,0.0,0.0
2025-11-14,0.0,0.0,0.0757015096690426,0.08764423363734221,0.08593626267315393,0.06432272869973218,0.0,0.0,0.0,0.0,0.0,0.0,0.0,0.0,0.0,0.06992398181018056,0.0,0.0,0.0,0.0,0.0,0.0,0.0,0.0,0.0
2025-11-17,0.0,0.0,0.0757015096690426,0.08764423363734221,0.08593626267315393,0.06432272869973218,0.0,0.0,0.0,0.0,0.0,0.0,0.0,0.0,0.0,0.06992398181018056,0.0,0.0,0.0,0.0,0.0,0.0,0.0,0.0,0.0
2025-11-18,0.0,0.0,0.0757015096690426,0.08764423363734221,0.08593626267315393,0.06432272869973218,0.0,0.0,0.0,0.0,0.0,0.0,0.0,0.0,0.0,0.06992398181018056,0.0,0.0,0.0,0.0,0.0,0.0,0.0,0.0,0.0
2025-11-19,0.0,0.0,0.0757015096690426,0.08764423363734221,0.08593626267315393,0.06432272869973218,0.0,0.0,0.0,0.0,0.0,0.0,0.0,0.0,0.0,0.06992398181018056,0.0,0.0,0.0,0.0,0.0,0.0,0.0,0.0,0.0
2025-11-20,0.0,0.0,0.0757015096690426,0.08764423363734221,0.08593626267315393,0.06432272869973218,0.0,0.0,0.0,0.0,0.0,0.0,0.0,0.0,0.0,0.06992398181018056,0.0,0.0,0.0,0.0,0.0,0.0,0.0,0.0,0.0
2025-11-21,0.0,0.0,0.0757015096690426,0.08764423363734221,0.08593626267315393,0.06432272869973218,0.0,0.0,0.0,0.0,0.0,0.0,0.0,0.0,0.0,0.06992398181018056,0.0,0.0,0.0,0.0,0.0,0.0,0.0,0.0,0.0
2025-11-24,0.0,0.0,0.0757015096690426,0.08764423363734221,0.08593626267315393,0.06432272869973218,0.0,0.0,0.0,0.0,0.0,0.0,0.0,0.0,0.0,0.06992398181018056,0.0,0.0,0.0,0.0,0.0,0.0,0.0,0.0,0.0
2025-11-25,0.0,0.0,0.0757015096690426,0.08764423363734221,0.08593626267315393,0.06432272869973218,0.0,0.0,0.0,0.0,0.0,0.0,0.0,0.0,0.0,0.06992398181018056,0.0,0.0,0.0,0.0,0.0,0.0,0.0,0.0,0.0
2025-11-26,0.0,0.0,0.0757015096690426,0.08764423363734221,0.08593626267315393,0.06432272869973218,0.0,0.0,0.0,0.0,0.0,0.0,0.0,0.0,0.0,0.06992398181018056,0.0,0.0,0.0,0.0,0.0,0.0,0.0,0.0,0.0
2025-11-27,0.0,0.0,0.0757015096690426,0.08764423363734221,0.08593626267315393,0.06432272869973218,0.0,0.0,0.0,0.0,0.0,0.0,0.0,0.0,0.0,0.06992398181018056,0.0,0.0,0.0,0.0,0.0,0.0,0.0,0.0,0.0
2025-11-28,0.0,0.0,0.0757015096690426,0.08764423363734221,0.08593626267315393,0.06432272869973218,0.0,0.0,0.0,0.0,0.0,0.0,0.0,0.0,0.0,0.06992398181018056,0.0,0.0,0.0,0.0,0.0,0.0,0.0,0.0,0.0
2025-12-01,0.0,0.0,0.06653463088706066,0.06741800059404507,0.07690162943970903,0.05584704671484053,0.0,0.0,0.0,0.0,0.0,0.0,0.0,0.0,0.12427839541101421,0.0,0.0,0.0,0.0,0.0,0.0,0.0,0.0,0.0,0.0
2025-12-02,0.0,0.0,0.06653463088706066,0.06741800059404507,0.07690162943970903,0.05584704671484053,0.0,0.0,0.0,0.0,0.0,0.0,0.0,0.0,0.12427839541101421,0.0,0.0,0.0,0.0,0.0,0.0,0.0,0.0,0.0,0.0
2025-12-03,0.0,0.0,0.06653463088706066,0.06741800059404507,0.07690162943970903,0.05584704671484053,0.0,0.0,0.0,0.0,0.0,0.0,0.0,0.0,0.12427839541101421,0.0,0.0,0.0,0.0,0.0,0.0,0.0,0.0,0.0,0.0
2025-12-04,0.0,0.0,0.06653463088706066,0.06741800059404507,0.07690162943970903,0.05584704671484053,0.0,0.0,0.0,0.0,0.0,0.0,0.0,0.0,0.12427839541101421,0.0,0.0,0.0,0.0,0.0,0.0,0.0,0.0,0.0,0.0
2025-12-05,0.0,0.0,0.06653463088706066,0.06741800059404507,0.07690162943970903,0.05584704671484053,0.0,0.0,0.0,0.0,0.0,0.0,0.0,0.0,0.12427839541101421,0.0,0.0,0.0,0.0,0.0,0.0,0.0,0.0,0.0,0.0
2025-12-08,0.0,0.0,0.06653463088706066,0.06741800059404507,0.07690162943970903,0.05584704671484053,0.0,0.0,0.0,0.0,0.0,0.0,0.0,0.0,0.12427839541101421,0.0,0.0,0.0,0.0,0.0,0.0,0.0,0.0,0.0,0.0
2025-12-09,0.0,0.0,0.06653463088706066,0.06741800059404507,0.07690162943970903,0.05584704671484053,0.0,0.0,0.0,0.0,0.0,0.0,0.0,0.0,0.12427839541101421,0.0,0.0,0.0,0.0,0.0,0.0,0.0,0.0,0.0,0.0
2025-12-10,0.0,0.0,0.06653463088706066,0.06741800059404507,0.07690162943970903,0.05584704671484053,0.0,0.0,0.0,0.0,0.0,0.0,0.0,0.0,0.12427839541101421,0.0,0.0,0.0,0.0,0.0,0.0,0.0,0.0,0.0,0.0
2025-12-11,0.0,0.0,0.06653463088706066,0.06741800059404507,0.07690162943970903,0.05584704671484053,0.0,0.0,0.0,0.0,0.0,0.0,0.0,0.0,0.12427839541101421,0.0,0.0,0.0,0.0,0.0,0.0,0.0,0.0,0.0,0.0
2025-12-12,0.0,0.0,0.06653463088706066,0.06741800059404507,0.07690162943970903,0.05584704671484053,0.0,0.0,0.0,0.0,0.0,0.0,0.0,0.0,0.12427839541101421,0.0,0.0,0.0,0.0,0.0,0.0,0.0,0.0,0.0,0.0
2025-12-15,0.0,0.0,0.06653463088706066,0.06741800059404507,0.07690162943970903,0.05584704671484053,0.0,0.0,0.0,0.0,0.0,0.0,0.0,0.0,0.12427839541101421,0.0,0.0,0.0,0.0,0.0,0.0,0.0,0.0,0.0,0.0
2025-12-16,0.0,0.0,0.06653463088706066,0.06741800059404507,0.07690162943970903,0.05584704671484053,0.0,0.0,0.0,0.0,0.0,0.0,0.0,0.0,0.12427839541101421,0.0,0.0,0.0,0.0,0.0,0.0,0.0,0.0,0.0,0.0
2025-12-17,0.0,0.0,0.06653463088706066,0.06741800059404507,0.07690162943970903,0.05584704671484053,0.0,0.0,0.0,0.0,0.0,0.0,0.0,0.0,0.12427839541101421,0.0,0.0,0.0,0.0,0.0,0.0,0.0,0.0,0.0,0.0
2025-12-18,0.0,0.0,0.06653463088706066,0.06741800059404507,0.07690162943970903,0.05584704671484053,0.0,0.0,0.0,0.0,0.0,0.0,0.0,0.0,0.12427839541101421,0.0,0.0,0.0,0.0,0.0,0.0,0.0,0.0,0.0,0.0
2025-12-19,0.0,0.0,0.06653463088706066,0.06741800059404507,0.07690162943970903,0.05584704671484053,0.0,0.0,0.0,0.0,0.0,0.0,0.0,0.0,0.12427839541101421,0.0,0.0,0.0,0.0,0.0,0.0,0.0,0.0,0.0,0.0
2025-12-22,0.0,0.0,0.06653463088706066,0.06741800059404507,0.07690162943970903,0.05584704671484053,0.0,0.0,0.0,0.0,0.0,0.0,0.0,0.0,0.12427839541101421,0.0,0.0,0.0,0.0,0.0,0.0,0.0,0.0,0.0,0.0
2025-12-23,0.0,0.0,0.06653463088706066,0.06741800059404507,0.07690162943970903,0.05584704671484053,0.0,0.0,0.0,0.0,0.0,0.0,0.0,0.0,0.12427839541101421,0.0,0.0,0.0,0.0,0.0,0.0,0.0,0.0,0.0,0.0
2025-12-24,0.0,0.0,0.06653463088706066,0.06741800059404507,0.07690162943970903,0.05584704671484053,0.0,0.0,0.0,0.0,0.0,0.0,0.0,0.0,0.12427839541101421,0.0,0.0,0.0,0.0,0.0,0.0,0.0,0.0,0.0,0.0
2025-12-26,0.0,0.0,0.06653463088706066,0.06741800059404507,0.07690162943970903,0.05584704671484053,0.0,0.0,0.0,0.0,0.0,0.0,0.0,0.0,0.12427839541101421,0.0,0.0,0.0,0.0,0.0,0.0,0.0,0.0,0.0,0.0
2025-12-29,0.0,0.0,0.06653463088706066,0.06741800059404507,0.07690162943970903,0.05584704671484053,0.0,0.0,0.0,0.0,0.0,0.0,0.0,0.0,0.12427839541101421,0.0,0.0,0.0,0.0,0.0,0.0,0.0,0.0,0.0,0.0
2025-12-30,0.0,0.0,0.06653463088706066,0.06741800059404507,0.07690162943970903,0.05584704671484053,0.0,0.0,0.0,0.0,0.0,0.0,0.0,0.0,0.12427839541101421,0.0,0.0,0.0,0.0,0.0,0.0,0.0,0.0,0.0,0.0
