Date,0050.TW,006208.TW,006203.TW,006204.TW,00850.TW,0053.TW,00881.TW,0056.TW,00701.TW,00713.TW,00646.TW,00662.TW,00757.TW,00636.TW,006207.TW,00635U.TW,00642U.TW,00631L.TW,00632R.TW,00663L.TW,TLT,IEF,SHY,LQD,HYG
2022-01-03,0.0,0.0,0.0,0.07903398812098218,0.0,0.08410250043231379,0.07405282172432483,0.0,0.13072535099481536,0.11647158974625443,0.12058405993040848,0.07781409586121138,0.07719862633504428,0.0,0.0,0.0,0.019710261997074263,0.042012389147794885,0.0,0.034930774522182934,0.04009392822961222,0.0,0.0,0.10326961295798108,0.0
2022-01-04,0.0,0.0,0.0,0.07903398812098218,0.0,0.08410250043231379,0.07405282172432483,0.0,0.13072535099481536,0.11647158974625443,0.12058405993040848,0.07781409586121138,0.07719862633504428,0.0,0.0,0.0,0.019710261997074263,0.042012389147794885,0.0,0.034930774522182934,0.04009392822961222,0.0,0.0,0.10326961295798108,0.0
2022-01-05,0.0,0.0,0.0,0.07903398812098218,0.0,0.08410250043231379,0.07405282172432483,0.0,0.13072535099481536,0.11647158974625443,0.12058405993040848,0.07781409586121138,0.07719862633504428,0.0,0.0,0.0,0.019710261997074263,0.042012389147794885,0.0,0.034930774522182934,0.04009392822961222,0.0,0.0,0.10326961295798108,0.0
2022-01-06,0.0,0.0,0.0,0.07903398812098218,0.0,0.08410250043231379,0.07405282172432483,0.0,0.13072535099481536,0.11647158974625443,0.12058405993040848,0.07781409586121138,0.07719862633504428,0.0,0.0,0.0,0.019710261997074263,0.042012389147794885,0.0,0.034930774522182934,0.04009392822961222,0.0,0.0,0.10326961295798108,0.0
2022-01-07,0.0,0.0,0.0,0.07903398812098218,0.0,0.08410250043231379,0.07405282172432483,0.0,0.13072535099481536,0.11647158974625443,0.12058405993040848,0.07781409586121138,0.07719862633504428,0.0,0.0,0.0,0.019710261997074263,0.042012389147794885,0.0,0.034930774522182934,0.04009392822961222,0.0,0.0,0.10326961295798108,0.0
2022-01-10,0.0,0.0,0.0,0.07903398812098218,0.0,0.08410250043231379,0.07405282172432483,0.0,0.13072535099481536,0.11647158974625443,0.12058405993040848,0.07781409586121138,0.07719862633504428,0.0,0.0,0.0,0.019710261997074263,0.042012389147794885,0.0,0.034930774522182934,0.04009392822961222,0.0,0.0,0.10326961295798108,0.0
2022-01-11,0.0,0.0,0.0,0.07903398812098218,0.0,0.08410250043231379,0.07405282172432483,0.0,0.13072535099481536,0.11647158974625443,0.12058405993040848,0.07781409586121138,0.07719862633504428,0.0,0.0,0.0,0.019710261997074263,0.042012389147794885,0.0,0.034930774522182934,0.04009392822961222,0.0,0.0,0.10326961295798108,0.0
2022-01-12,0.0,0.0,0.0,0.07903398812098218,0.0,0.08410250043231379,0.07405282172432483,0.0,0.13072535099481536,0.11647158974625443,0.12058405993040848,0.07781409586121138,0.07719862633504428,0.0,0.0,0.0,0.019710261997074263,0.042012389147794885,0.0,0.034930774522182934,0.04009392822961222,0.0,0.0,0.10326961295798108,0.0
2022-01-13,0.0,0.0,0.0,0.07903398812098218,0.0,0.08410250043231379,0.07405282172432483,0.0,0.13072535099481536,0.11647158974625443,0.12058405993040848,0.07781409586121138,0.07719862633504428,0.0,0.0,0.0,0.019710261997074263,0.042012389147794885,0.0,0.034930774522182934,0.04009392822961222,0.0,0.0,0.10326961295798108,0.0
2022-01-14,0.0,0.0,0.0,0.07903398812098218,0.0,0.08410250043231379,0.07405282172432483,0.0,0.13072535099481536,0.11647158974625443,0.12058405993040848,0.07781409586121138,0.07719862633504428,0.0,0.0,0.0,0.019710261997074263,0.042012389147794885,0.0,0.034930774522182934,0.04009392822961222,0.0,0.0,0.10326961295798108,0.0
2022-01-17,0.0,0.0,0.0,0.07903398812098218,0.0,0.08410250043231379,0.07405282172432483,0.0,0.13072535099481536,0.11647158974625443,0.12058405993040848,0.07781409586121138,0.07719862633504428,0.0,0.0,0.0,0.019710261997074263,0.042012389147794885,0.0,0.034930774522182934,0.04009392822961222,0.0,0.0,0.10326961295798108,0.0
2022-01-18,0.0,0.0,0.0,0.07903398812098218,0.0,0.08410250043231379,0.07405282172432483,0.0,0.13072535099481536,0.11647158974625443,0.12058405993040848,0.07781409586121138,0.07719862633504428,0.0,0.0,0.0,0.019710261997074263,0.042012389147794885,0.0,0.034930774522182934,0.04009392822961222,0.0,0.0,0.10326961295798108,0.0
2022-01-19,0.0,0.0,0.0,0.07903398812098218,0.0,0.08410250043231379,0.07405282172432483,0.0,0.13072535099481536,0.11647158974625443,0.12058405993040848,0.07781409586121138,0.07719862633504428,0.0,0.0,0.0,0.019710261997074263,0.042012389147794885,0.0,0.034930774522182934,0.04009392822961222,0.0,0.0,0.10326961295798108,0.0
2022-01-20,0.0,0.0,0.0,0.07903398812098218,0.0,0.08410250043231379,0.07405282172432483,0.0,0.13072535099481536,0.11647158974625443,0.12058405993040848,0.07781409586121138,0.07719862633504428,0.0,0.0,0.0,0.019710261997074263,0.042012389147794885,0.0,0.034930774522182934,0.04009392822961222,0.0,0.0,0.10326961295798108,0.0
2022-01-21,0.0,0.0,0.0,0.07903398812098218,0.0,0.08410250043231379,0.07405282172432483,0.0,0.13072535099481536,0.11647158974625443,0.12058405993040848,0.07781409586121138,0.07719862633504428,0.0,0.0,0.0,0.019710261997074263,0.042012389147794885,0.0,0.034930774522182934,0.04009392822961222,0.0,0.0,0.10326961295798108,0.0
2022-01-24,0.0,0.0,0.0,0.07903398812098218,0.0,0.08410250043231379,0.07405282172432483,0.0,0.13072535099481536,0.11647158974625443,0.12058405993040848,0.07781409586121138,0.07719862633504428,0.0,0.0,0.0,0.019710261997074263,0.042012389147794885,0.0,0.034930774522182934,0.04009392822961222,0.0,0.0,0.10326961295798108,0.0
2022-01-25,0.0,0.0,0.0,0.07903398812098218,0.0,0.08410250043231379,0.07405282172432483,0.0,0.13072535099481536,0.11647158974625443,0.12058405993040848,0.07781409586121138,0.07719862633504428,0.0,0.0,0.0,0.019710261997074263,0.042012389147794885,0.0,0.034930774522182934,0.04009392822961222,0.0,0.0,0.10326961295798108,0.0
2022-01-26,0.0,0.0,0.0,0.07903398812098218,0.0,0.08410250043231379,0.07405282172432483,0.0,0.13072535099481536,0.11647158974625443,0.12058405993040848,0.07781409586121138,0.07719862633504428,0.0,0.0,0.0,0.019710261997074263,0.042012389147794885,0.0,0.034930774522182934,0.04009392822961222,0.0,0.0,0.10326961295798108,0.0
2022-01-27,0.0,0.0,0.0,0.07903398812098218,0.0,0.08410250043231379,0.07405282172432483,0.0,0.13072535099481536,0.11647158974625443,0.12058405993040848,0.07781409586121138,0.07719862633504428,0.0,0.0,0.0,0.019710261997074263,0.042012389147794885,0.0,0.034930774522182934,0.04009392822961222,0.0,0.0,0.10326961295798108,0.0
2022-01-28,0.0,0.0,0.0,0.07903398812098218,0.0,0.08410250043231379,0.07405282172432483,0.0,0.13072535099481536,0.11647158974625443,0.12058405993040848,0.07781409586121138,0.07719862633504428,0.0,0.0,0.0,0.019710261997074263,0.042012389147794885,0.0,0.034930774522182934,0.04009392822961222,0.0,0.0,0.10326961295798108,0.0
2022-01-31,0.0,0.0,0.0,0.07903398812098218,0.0,0.08410250043231379,0.07405282172432483,0.0,0.13072535099481536,0.11647158974625443,0.12058405993040848,0.07781409586121138,0.07719862633504428,0.0,0.0,0.0,0.019710261997074263,0.042012389147794885,0.0,0.034930774522182934,0.04009392822961222,0.0,0.0,0.10326961295798108,0.0
2022-02-01,0.05432478525727635,0.05539240597186738,0.053962299686149684,0.053196653978808996,0.06503939132780683,0.06543122178769083,0.05948292614391279,0.0,0.07392937661821197,0.13524673471189805,0.0,0.0,0.0,0.0,0.0,0.2917814487529384,0.03263234271033535,0.029543078274063318,0.0,0.03003733477904021,0.0,0.0,0.0,0.0,0.0
2022-02-02,0.05432478525727635,0.05539240597186738,0.053962299686149684,0.053196653978808996,0.06503939132780683,0.06543122178769083,0.05948292614391279,0.0,0.07392937661821197,0.13524673471189805,0.0,0.0,0.0,0.0,0.0,0.2917814487529384,0.03263234271033535,0.029543078274063318,0.0,0.03003733477904021,0.0,0.0,0.0,0.0,0.0
2022-02-03,0.05432478525727635,0.05539240597186738,0.053962299686149684,0.053196653978808996,0.06503939132780683,0.06543122178769083,0.05948292614391279,0.0,0.07392937661821197,0.13524673471189805,0.0,0.0,0.0,0.0,0.0,0.2917814487529384,0.03263234271033535,0.029543078274063318,0.0,0.03003733477904021,0.0,0.0,0.0,0.0,0.0
2022-02-04,0.05432478525727635,0.05539240597186738,0.053962299686149684,0.053196653978808996,0.06503939132780683,0.06543122178769083,0.05948292614391279,0.0,0.07392937661821197,0.13524673471189805,0.0,0.0,0.0,0.0,0.0,0.2917814487529384,0.03263234271033535,0.029543078274063318,0.0,0.03003733477904021,0.0,0.0,0.0,0.0,0.0
2022-02-07,0.05432478525727635,0.05539240597186738,0.053962299686149684,0.053196653978808996,0.06503939132780683,0.06543122178769083,0.05948292614391279,0.0,0.07392937661821197,0.13524673471189805,0.0,0.0,0.0,0.0,0.0,0.2917814487529384,0.03263234271033535,0.029543078274063318,0.0,0.03003733477904021,0.0,0.0,0.0,0.0,0.0
2022-02-08,0.05432478525727635,0.05539240597186738,0.053962299686149684,0.053196653978808996,0.06503939132780683,0.06543122178769083,0.05948292614391279,0.0,0.07392937661821197,0.13524673471189805,0.0,0.0,0.0,0.0,0.0,0.2917814487529384,0.03263234271033535,0.029543078274063318,0.0,0.03003733477904021,0.0,0.0,0.0,0.0,0.0
2022-02-09,0.05432478525727635,0.05539240597186738,0.053962299686149684,0.053196653978808996,0.06503939132780683,0.06543122178769083,0.05948292614391279,0.0,0.07392937661821197,0.13524673471189805,0.0,0.0,0.0,0.0,0.0,0.2917814487529384,0.03263234271033535,0.029543078274063318,0.0,0.03003733477904021,0.0,0.0,0.0,0.0,0.0
2022-02-10,0.05432478525727635,0.05539240597186738,0.053962299686149684,0.053196653978808996,0.06503939132780683,0.06543122178769083,0.05948292614391279,0.0,0.07392937661821197,0.13524673471189805,0.0,0.0,0.0,0.0,0.0,0.2917814487529384,0.03263234271033535,0.029543078274063318,0.0,0.03003733477904021,0.0,0.0,0.0,0.0,0.0
2022-02-11,0.05432478525727635,0.05539240597186738,0.053962299686149684,0.053196653978808996,0.06503939132780683,0.06543122178769083,0.05948292614391279,0.0,0.07392937661821197,0.13524673471189805,0.0,0.0,0.0,0.0,0.0,0.2917814487529384,0.03263234271033535,0.029543078274063318,0.0,0.03003733477904021,0.0,0.0,0.0,0.0,0.0
2022-02-14,0.05432478525727635,0.05539240597186738,0.053962299686149684,0.053196653978808996,0.06503939132780683,0.06543122178769083,0.05948292614391279,0.0,0.07392937661821197,0.13524673471189805,0.0,0.0,0.0,0.0,0.0,0.2917814487529384,0.03263234271033535,0.029543078274063318,0.0,0.03003733477904021,0.0,0.0,0.0,0.0,0.0
2022-02-15,0.05432478525727635,0.05539240597186738,0.053962299686149684,0.053196653978808996,0.06503939132780683,0.06543122178769083,0.05948292614391279,0.0,0.07392937661821197,0.13524673471189805,0.0,0.0,0.0,0.0,0.0,0.2917814487529384,0.03263234271033535,0.029543078274063318,0.0,0.03003733477904021,0.0,0.0,0.0,0.0,0.0
2022-02-16,0.05432478525727635,0.05539240597186738,0.053962299686149684,0.053196653978808996,0.06503939132780683,0.06543122178769083,0.05948292614391279,0.0,0.07392937661821197,0.13524673471189805,0.0,0.0,0.0,0.0,0.0,0.2917814487529384,0.03263234271033535,0.029543078274063318,0.0,0.03003733477904021,0.0,0.0,0.0,0.0,0.0
2022-02-17,0.05432478525727635,0.05539240597186738,0.053962299686149684,0.053196653978808996,0.06503939132780683,0.06543122178769083,0.05948292614391279,0.0,0.07392937661821197,0.13524673471189805,0.0,0.0,0.0,0.0,0.0,0.2917814487529384,0.03263234271033535,0.029543078274063318,0.0,0.03003733477904021,0.0,0.0,0.0,0.0,0.0
2022-02-18,0.05432478525727635,0.05539240597186738,0.053962299686149684,0.053196653978808996,0.06503939132780683,0.06543122178769083,0.05948292614391279,0.0,0.07392937661821197,0.13524673471189805,0.0,0.0,0.0,0.0,0.0,0.2917814487529384,0.03263234271033535,0.029543078274063318,0.0,0.03003733477904021,0.0,0.0,0.0,0.0,0.0
2022-02-21,0.05432478525727635,0.05539240597186738,0.053962299686149684,0.053196653978808996,0.06503939132780683,0.06543122178769083,0.05948292614391279,0.0,0.07392937661821197,0.13524673471189805,0.0,0.0,0.0,0.0,0.0,0.2917814487529384,0.03263234271033535,0.029543078274063318,0.0,0.03003733477904021,0.0,0.0,0.0,0.0,0.0
2022-02-22,0.05432478525727635,0.05539240597186738,0.053962299686149684,0.053196653978808996,0.06503939132780683,0.06543122178769083,0.05948292614391279,0.0,0.07392937661821197,0.13524673471189805,0.0,0.0,0.0,0.0,0.0,0.2917814487529384,0.03263234271033535,0.029543078274063318,0.0,0.03003733477904021,0.0,0.0,0.0,0.0,0.0
2022-02-23,0.05432478525727635,0.05539240597186738,0.053962299686149684,0.053196653978808996,0.06503939132780683,0.06543122178769083,0.05948292614391279,0.0,0.07392937661821197,0.13524673471189805,0.0,0.0,0.0,0.0,0.0,0.2917814487529384,0.03263234271033535,0.029543078274063318,0.0,0.03003733477904021,0.0,0.0,0.0,0.0,0.0
2022-02-24,0.05432478525727635,0.05539240597186738,0.053962299686149684,0.053196653978808996,0.06503939132780683,0.06543122178769083,0.05948292614391279,0.0,0.07392937661821197,0.13524673471189805,0.0,0.0,0.0,0.0,0.0,0.2917814487529384,0.03263234271033535,0.029543078274063318,0.0,0.03003733477904021,0.0,0.0,0.0,0.0,0.0
2022-02-25,0.05432478525727635,0.05539240597186738,0.053962299686149684,0.053196653978808996,0.06503939132780683,0.06543122178769083,0.05948292614391279,0.0,0.07392937661821197,0.13524673471189805,0.0,0.0,0.0,0.0,0.0,0.2917814487529384,0.03263234271033535,0.029543078274063318,0.0,0.03003733477904021,0.0,0.0,0.0,0.0,0.0
2022-02-28,0.05432478525727635,0.05539240597186738,0.053962299686149684,0.053196653978808996,0.06503939132780683,0.06543122178769083,0.05948292614391279,0.0,0.07392937661821197,0.13524673471189805,0.0,0.0,0.0,0.0,0.0,0.2917814487529384,0.03263234271033535,0.029543078274063318,0.0,0.03003733477904021,0.0,0.0,0.0,0.0,0.0
2022-03-01,0.05432478525727635,0.05539240597186738,0.053962299686149684,0.053196653978808996,0.06503939132780683,0.06543122178769083,0.05948292614391279,0.0,0.07392937661821197,0.13524673471189805,0.0,0.0,0.0,0.0,0.0,0.2917814487529384,0.03263234271033535,0.029543078274063318,0.0,0.03003733477904021,0.0,0.0,0.0,0.0,0.0
2022-03-02,0.05432478525727635,0.05539240597186738,0.053962299686149684,0.053196653978808996,0.06503939132780683,0.06543122178769083,0.05948292614391279,0.0,0.07392937661821197,0.13524673471189805,0.0,0.0,0.0,0.0,0.0,0.2917814487529384,0.03263234271033535,0.029543078274063318,0.0,0.03003733477904021,0.0,0.0,0.0,0.0,0.0
2022-03-03,0.05432478525727635,0.05539240597186738,0.053962299686149684,0.053196653978808996,0.06503939132780683,0.06543122178769083,0.05948292614391279,0.0,0.07392937661821197,0.13524673471189805,0.0,0.0,0.0,0.0,0.0,0.2917814487529384,0.03263234271033535,0.029543078274063318,0.0,0.03003733477904021,0.0,0.0,0.0,0.0,0.0
2022-03-04,0.05432478525727635,0.05539240597186738,0.053962299686149684,0.053196653978808996,0.06503939132780683,0.06543122178769083,0.05948292614391279,0.0,0.07392937661821197,0.13524673471189805,0.0,0.0,0.0,0.0,0.0,0.2917814487529384,0.03263234271033535,0.029543078274063318,0.0,0.03003733477904021,0.0,0.0,0.0,0.0,0.0
2022-03-07,0.05432478525727635,0.05539240597186738,0.053962299686149684,0.053196653978808996,0.06503939132780683,0.06543122178769083,0.05948292614391279,0.0,0.07392937661821197,0.13524673471189805,0.0,0.0,0.0,0.0,0.0,0.2917814487529384,0.03263234271033535,0.029543078274063318,0.0,0.03003733477904021,0.0,0.0,0.0,0.0,0.0
2022-03-08,0.05432478525727635,0.05539240597186738,0.053962299686149684,0.053196653978808996,0.06503939132780683,0.06543122178769083,0.05948292614391279,0.0,0.07392937661821197,0.13524673471189805,0.0,0.0,0.0,0.0,0.0,0.2917814487529384,0.03263234271033535,0.029543078274063318,0.0,0.03003733477904021,0.0,0.0,0.0,0.0,0.0
2022-03-09,0.05432478525727635,0.05539240597186738,0.053962299686149684,0.053196653978808996,0.06503939132780683,0.06543122178769083,0.05948292614391279,0.0,0.07392937661821197,0.13524673471189805,0.0,0.0,0.0,0.0,0.0,0.2917814487529384,0.03263234271033535,0.029543078274063318,0.0,0.03003733477904021,0.0,0.0,0.0,0.0,0.0
2022-03-10,0.05432478525727635,0.05539240597186738,0.053962299686149684,0.053196653978808996,0.06503939132780683,0.06543122178769083,0.05948292614391279,0.0,0.07392937661821197,0.13524673471189805,0.0,0.0,0.0,0.0,0.0,0.2917814487529384,0.03263234271033535,0.029543078274063318,0.0,0.03003733477904021,0.0,0.0,0.0,0.0,0.0
2022-03-11,0.05432478525727635,0.05539240597186738,0.053962299686149684,0.053196653978808996,0.06503939132780683,0.06543122178769083,0.05948292614391279,0.0,0.07392937661821197,0.13524673471189805,0.0,0.0,0.0,0.0,0.0,0.2917814487529384,0.03263234271033535,0.029543078274063318,0.0,0.03003733477904021,0.0,0.0,0.0,0.0,0.0
2022-03-14,0.05432478525727635,0.05539240597186738,0.053962299686149684,0.053196653978808996,0.06503939132780683,0.06543122178769083,0.05948292614391279,0.0,0.07392937661821197,0.13524673471189805,0.0,0.0,0.0,0.0,0.0,0.2917814487529384,0.03263234271033535,0.029543078274063318,0.0,0.03003733477904021,0.0,0.0,0.0,0.0,0.0
2022-03-15,0.05432478525727635,0.05539240597186738,0.053962299686149684,0.053196653978808996,0.06503939132780683,0.06543122178769083,0.05948292614391279,0.0,0.07392937661821197,0.13524673471189805,0.0,0.0,0.0,0.0,0.0,0.2917814487529384,0.03263234271033535,0.029543078274063318,0.0,0.03003733477904021,0.0,0.0,0.0,0.0,0.0
2022-03-16,0.05432478525727635,0.05539240597186738,0.053962299686149684,0.053196653978808996,0.06503939132780683,0.06543122178769083,0.05948292614391279,0.0,0.07392937661821197,0.13524673471189805,0.0,0.0,0.0,0.0,0.0,0.2917814487529384,0.03263234271033535,0.029543078274063318,0.0,0.03003733477904021,0.0,0.0,0.0,0.0,0.0
2022-03-17,0.05432478525727635,0.05539240597186738,0.053962299686149684,0.053196653978808996,0.06503939132780683,0.06543122178769083,0.05948292614391279,0.0,0.07392937661821197,0.13524673471189805,0.0,0.0,0.0,0.0,0.0,0.2917814487529384,0.03263234271033535,0.029543078274063318,0.0,0.03003733477904021,0.0,0.0,0.0,0.0,0.0
2022-03-18,0.05432478525727635,0.05539240597186738,0.053962299686149684,0.053196653978808996,0.06503939132780683,0.06543122178769083,0.05948292614391279,0.0,0.07392937661821197,0.13524673471189805,0.0,0.0,0.0,0.0,0.0,0.2917814487529384,0.03263234271033535,0.029543078274063318,0.0,0.03003733477904021,0.0,0.0,0.0,0.0,0.0
2022-03-21,0.05432478525727635,0.05539240597186738,0.053962299686149684,0.053196653978808996,0.06503939132780683,0.06543122178769083,0.05948292614391279,0.0,0.07392937661821197,0.13524673471189805,0.0,0.0,0.0,0.0,0.0,0.2917814487529384,0.03263234271033535,0.029543078274063318,0.0,0.03003733477904021,0.0,0.0,0.0,0.0,0.0
2022-03-22,0.05432478525727635,0.05539240597186738,0.053962299686149684,0.053196653978808996,0.06503939132780683,0.06543122178769083,0.05948292614391279,0.0,0.07392937661821197,0.13524673471189805,0.0,0.0,0.0,0.0,0.0,0.2917814487529384,0.03263234271033535,0.029543078274063318,0.0,0.03003733477904021,0.0,0.0,0.0,0.0,0.0
2022-03-23,0.05432478525727635,0.05539240597186738,0.053962299686149684,0.053196653978808996,0.06503939132780683,0.06543122178769083,0.05948292614391279,0.0,0.07392937661821197,0.13524673471189805,0.0,0.0,0.0,0.0,0.0,0.2917814487529384,0.03263234271033535,0.029543078274063318,0.0,0.03003733477904021,0.0,0.0,0.0,0.0,0.0
2022-03-24,0.05432478525727635,0.05539240597186738,0.053962299686149684,0.053196653978808996,0.06503939132780683,0.06543122178769083,0.05948292614391279,0.0,0.07392937661821197,0.13524673471189805,0.0,0.0,0.0,0.0,0.0,0.2917814487529384,0.03263234271033535,0.029543078274063318,0.0,0.03003733477904021,0.0,0.0,0.0,0.0,0.0
2022-03-25,0.05432478525727635,0.05539240597186738,0.053962299686149684,0.053196653978808996,0.06503939132780683,0.06543122178769083,0.05948292614391279,0.0,0.07392937661821197,0.13524673471189805,0.0,0.0,0.0,0.0,0.0,0.2917814487529384,0.03263234271033535,0.029543078274063318,0.0,0.03003733477904021,0.0,0.0,0.0,0.0,0.0
2022-03-28,0.05432478525727635,0.05539240597186738,0.053962299686149684,0.053196653978808996,0.06503939132780683,0.06543122178769083,0.05948292614391279,0.0,0.07392937661821197,0.13524673471189805,0.0,0.0,0.0,0.0,0.0,0.2917814487529384,0.03263234271033535,0.029543078274063318,0.0,0.03003733477904021,0.0,0.0,0.0,0.0,0.0
2022-03-29,0.05432478525727635,0.05539240597186738,0.053962299686149684,0.053196653978808996,0.06503939132780683,0.06543122178769083,0.05948292614391279,0.0,0.07392937661821197,0.13524673471189805,0.0,0.0,0.0,0.0,0.0,0.2917814487529384,0.03263234271033535,0.029543078274063318,0.0,0.03003733477904021,0.0,0.0,0.0,0.0,0.0
2022-03-30,0.05432478525727635,0.05539240597186738,0.053962299686149684,0.053196653978808996,0.06503939132780683,0.06543122178769083,0.05948292614391279,0.0,0.07392937661821197,0.13524673471189805,0.0,0.0,0.0,0.0,0.0,0.2917814487529384,0.03263234271033535,0.029543078274063318,0.0,0.03003733477904021,0.0,0.0,0.0,0.0,0.0
2022-03-31,0.05432478525727635,0.05539240597186738,0.053962299686149684,0.053196653978808996,0.06503939132780683,0.06543122178769083,0.05948292614391279,0.0,0.07392937661821197,0.13524673471189805,0.0,0.0,0.0,0.0,0.0,0.2917814487529384,0.03263234271033535,0.029543078274063318,0.0,0.03003733477904021,0.0,0.0,0.0,0.0,0.0
2022-04-01,0.0,0.06757681919109142,0.07235169489666471,0.07220643819555209,0.08735598662815608,0.0,0.0,0.19370385280908892,0.10281679550385654,0.13510965403878514,0.06506510508899692,0.05027201014477554,0.0,0.0,0.0,0.0610450814286562,0.01932900356683157,0.036591974101466036,0.0,0.036575584406078936,0.0,0.0,0.0,0.0,0.0
2022-04-04,0.0,0.06757681919109142,0.07235169489666471,0.07220643819555209,0.08735598662815608,0.0,0.0,0.19370385280908892,0.10281679550385654,0.13510965403878514,0.06506510508899692,0.05027201014477554,0.0,0.0,0.0,0.0610450814286562,0.01932900356683157,0.036591974101466036,0.0,0.036575584406078936,0.0,0.0,0.0,0.0,0.0
2022-04-05,0.0,0.06757681919109142,0.07235169489666471,0.07220643819555209,0.08735598662815608,0.0,0.0,0.19370385280908892,0.10281679550385654,0.13510965403878514,0.06506510508899692,0.05027201014477554,0.0,0.0,0.0,0.0610450814286562,0.01932900356683157,0.036591974101466036,0.0,0.036575584406078936,0.0,0.0,0.0,0.0,0.0
2022-04-06,0.0,0.06757681919109142,0.07235169489666471,0.07220643819555209,0.08735598662815608,0.0,0.0,0.19370385280908892,0.10281679550385654,0.13510965403878514,0.06506510508899692,0.05027201014477554,0.0,0.0,0.0,0.0610450814286562,0.01932900356683157,0.036591974101466036,0.0,0.036575584406078936,0.0,0.0,0.0,0.0,0.0
2022-04-07,0.0,0.06757681919109142,0.07235169489666471,0.07220643819555209,0.08735598662815608,0.0,0.0,0.19370385280908892,0.10281679550385654,0.13510965403878514,0.06506510508899692,0.05027201014477554,0.0,0.0,0.0,0.0610450814286562,0.01932900356683157,0.036591974101466036,0.0,0.036575584406078936,0.0,0.0,0.0,0.0,0.0
2022-04-08,0.0,0.06757681919109142,0.07235169489666471,0.07220643819555209,0.08735598662815608,0.0,0.0,0.19370385280908892,0.10281679550385654,0.13510965403878514,0.06506510508899692,0.05027201014477554,0.0,0.0,0.0,0.0610450814286562,0.01932900356683157,0.036591974101466036,0.0,0.036575584406078936,0.0,0.0,0.0,0.0,0.0
2022-04-11,0.0,0.06757681919109142,0.07235169489666471,0.07220643819555209,0.08735598662815608,0.0,0.0,0.19370385280908892,0.10281679550385654,0.13510965403878514,0.06506510508899692,0.05027201014477554,0.0,0.0,0.0,0.0610450814286562,0.01932900356683157,0.036591974101466036,0.0,0.036575584406078936,0.0,0.0,0.0,0.0,0.0
2022-04-12,0.0,0.06757681919109142,0.07235169489666471,0.07220643819555209,0.08735598662815608,0.0,0.0,0.19370385280908892,0.10281679550385654,0.13510965403878514,0.06506510508899692,0.05027201014477554,0.0,0.0,0.0,0.0610450814286562,0.01932900356683157,0.036591974101466036,0.0,0.036575584406078936,0.0,0.0,0.0,0.0,0.0
2022-04-13,0.0,0.06757681919109142,0.07235169489666471,0.07220643819555209,0.08735598662815608,0.0,0.0,0.19370385280908892,0.10281679550385654,0.13510965403878514,0.06506510508899692,0.05027201014477554,0.0,0.0,0.0,0.0610450814286562,0.01932900356683157,0.036591974101466036,0.0,0.036575584406078936,0.0,0.0,0.0,0.0,0.0
2022-04-14,0.0,0.06757681919109142,0.07235169489666471,0.07220643819555209,0.08735598662815608,0.0,0.0,0.19370385280908892,0.10281679550385654,0.13510965403878514,0.06506510508899692,0.05027201014477554,0.0,0.0,0.0,0.0610450814286562,0.01932900356683157,0.036591974101466036,0.0,0.036575584406078936,0.0,0.0,0.0,0.0,0.0
2022-04-15,0.0,0.06757681919109142,0.07235169489666471,0.07220643819555209,0.08735598662815608,0.0,0.0,0.19370385280908892,0.10281679550385654,0.13510965403878514,0.06506510508899692,0.05027201014477554,0.0,0.0,0.0,0.0610450814286562,0.01932900356683157,0.036591974101466036,0.0,0.036575584406078936,0.0,0.0,0.0,0.0,0.0
2022-04-18,0.0,0.06757681919109142,0.07235169489666471,0.07220643819555209,0.08735598662815608,0.0,0.0,0.19370385280908892,0.10281679550385654,0.13510965403878514,0.06506510508899692,0.05027201014477554,0.0,0.0,0.0,0.0610450814286562,0.01932900356683157,0.036591974101466036,0.0,0.036575584406078936,0.0,0.0,0.0,0.0,0.0
2022-04-19,0.0,0.06757681919109142,0.07235169489666471,0.07220643819555209,0.08735598662815608,0.0,0.0,0.19370385280908892,0.10281679550385654,0.13510965403878514,0.06506510508899692,0.05027201014477554,0.0,0.0,0.0,0.0610450814286562,0.01932900356683157,0.036591974101466036,0.0,0.036575584406078936,0.0,0.0,0.0,0.0,0.0
2022-04-20,0.0,0.06757681919109142,0.07235169489666471,0.07220643819555209,0.08735598662815608,0.0,0.0,0.19370385280908892,0.10281679550385654,0.13510965403878514,0.06506510508899692,0.05027201014477554,0.0,0.0,0.0,0.0610450814286562,0.01932900356683157,0.036591974101466036,0.0,0.036575584406078936,0.0,0.0,0.0,0.0,0.0
2022-04-21,0.0,0.06757681919109142,0.07235169489666471,0.07220643819555209,0.08735598662815608,0.0,0.0,0.19370385280908892,0.10281679550385654,0.13510965403878514,0.06506510508899692,0.05027201014477554,0.0,0.0,0.0,0.0610450814286562,0.01932900356683157,0.036591974101466036,0.0,0.036575584406078936,0.0,0.0,0.0,0.0,0.0
2022-04-22,0.0,0.06757681919109142,0.07235169489666471,0.07220643819555209,0.08735598662815608,0.0,0.0,0.19370385280908892,0.10281679550385654,0.13510965403878514,0.06506510508899692,0.05027201014477554,0.0,0.0,0.0,0.0610450814286562,0.01932900356683157,0.036591974101466036,0.0,0.036575584406078936,0.0,0.0,0.0,0.0,0.0
2022-04-25,0.0,0.06757681919109142,0.07235169489666471,0.07220643819555209,0.08735598662815608,0.0,0.0,0.19370385280908892,0.10281679550385654,0.13510965403878514,0.06506510508899692,0.05027201014477554,0.0,0.0,0.0,0.0610450814286562,0.01932900356683157,0.036591974101466036,0.0,0.036575584406078936,0.0,0.0,0.0,0.0,0.0
2022-04-26,0.0,0.06757681919109142,0.07235169489666471,0.07220643819555209,0.08735598662815608,0.0,0.0,0.19370385280908892,0.10281679550385654,0.13510965403878514,0.06506510508899692,0.05027201014477554,0.0,0.0,0.0,0.0610450814286562,0.01932900356683157,0.036591974101466036,0.0,0.036575584406078936,0.0,0.0,0.0,0.0,0.0
2022-04-27,0.0,0.06757681919109142,0.07235169489666471,0.07220643819555209,0.08735598662815608,0.0,0.0,0.19370385280908892,0.10281679550385654,0.13510965403878514,0.06506510508899692,0.05027201014477554,0.0,0.0,0.0,0.0610450814286562,0.01932900356683157,0.036591974101466036,0.0,0.036575584406078936,0.0,0.0,0.0,0.0,0.0
2022-04-28,0.0,0.06757681919109142,0.07235169489666471,0.07220643819555209,0.08735598662815608,0.0,0.0,0.19370385280908892,0.10281679550385654,0.13510965403878514,0.06506510508899692,0.05027201014477554,0.0,0.0,0.0,0.0610450814286562,0.01932900356683157,0.036591974101466036,0.0,0.036575584406078936,0.0,0.0,0.0,0.0,0.0
2022-04-29,0.0,0.06757681919109142,0.07235169489666471,0.07220643819555209,0.08735598662815608,0.0,0.0,0.19370385280908892,0.10281679550385654,0.13510965403878514,0.06506510508899692,0.05027201014477554,0.0,0.0,0.0,0.0610450814286562,0.01932900356683157,0.036591974101466036,0.0,0.036575584406078936,0.0,0.0,0.0,0.0,0.0
2022-05-02,0.0,0.06757681919109142,0.07235169489666471,0.07220643819555209,0.08735598662815608,0.0,0.0,0.19370385280908892,0.10281679550385654,0.13510965403878514,0.06506510508899692,0.05027201014477554,0.0,0.0,0.0,0.0610450814286562,0.01932900356683157,0.036591974101466036,0.0,0.036575584406078936,0.0,0.0,0.0,0.0,0.0
2022-05-03,0.0,0.06757681919109142,0.07235169489666471,0.07220643819555209,0.08735598662815608,0.0,0.0,0.19370385280908892,0.10281679550385654,0.13510965403878514,0.06506510508899692,0.05027201014477554,0.0,0.0,0.0,0.0610450814286562,0.01932900356683157,0.036591974101466036,0.0,0.036575584406078936,0.0,0.0,0.0,0.0,0.0
2022-05-04,0.0,0.06757681919109142,0.07235169489666471,0.07220643819555209,0.08735598662815608,0.0,0.0,0.19370385280908892,0.10281679550385654,0.13510965403878514,0.06506510508899692,0.05027201014477554,0.0,0.0,0.0,0.0610450814286562,0.01932900356683157,0.036591974101466036,0.0,0.036575584406078936,0.0,0.0,0.0,0.0,0.0
2022-05-05,0.0,0.06757681919109142,0.07235169489666471,0.07220643819555209,0.08735598662815608,0.0,0.0,0.19370385280908892,0.10281679550385654,0.13510965403878514,0.06506510508899692,0.05027201014477554,0.0,0.0,0.0,0.0610450814286562,0.01932900356683157,0.036591974101466036,0.0,0.036575584406078936,0.0,0.0,0.0,0.0,0.0
2022-05-06,0.0,0.06757681919109142,0.07235169489666471,0.07220643819555209,0.08735598662815608,0.0,0.0,0.19370385280908892,0.10281679550385654,0.13510965403878514,0.06506510508899692,0.05027201014477554,0.0,0.0,0.0,0.0610450814286562,0.01932900356683157,0.036591974101466036,0.0,0.036575584406078936,0.0,0.0,0.0,0.0,0.0
2022-05-09,0.0,0.06757681919109142,0.07235169489666471,0.07220643819555209,0.08735598662815608,0.0,0.0,0.19370385280908892,0.10281679550385654,0.13510965403878514,0.06506510508899692,0.05027201014477554,0.0,0.0,0.0,0.0610450814286562,0.01932900356683157,0.036591974101466036,0.0,0.036575584406078936,0.0,0.0,0.0,0.0,0.0
2022-05-10,0.0,0.06757681919109142,0.07235169489666471,0.07220643819555209,0.08735598662815608,0.0,0.0,0.19370385280908892,0.10281679550385654,0.13510965403878514,0.06506510508899692,0.05027201014477554,0.0,0.0,0.0,0.0610450814286562,0.01932900356683157,0.036591974101466036,0.0,0.036575584406078936,0.0,0.0,0.0,0.0,0.0
2022-05-11,0.0,0.06757681919109142,0.07235169489666471,0.07220643819555209,0.08735598662815608,0.0,0.0,0.19370385280908892,0.10281679550385654,0.13510965403878514,0.06506510508899692,0.05027201014477554,0.0,0.0,0.0,0.0610450814286562,0.01932900356683157,0.036591974101466036,0.0,0.036575584406078936,0.0,0.0,0.0,0.0,0.0
2022-05-12,0.0,0.06757681919109142,0.07235169489666471,0.07220643819555209,0.08735598662815608,0.0,0.0,0.19370385280908892,0.10281679550385654,0.13510965403878514,0.06506510508899692,0.05027201014477554,0.0,0.0,0.0,0.0610450814286562,0.01932900356683157,0.036591974101466036,0.0,0.036575584406078936,0.0,0.0,0.0,0.0,0.0
2022-05-13,0.0,0.06757681919109142,0.07235169489666471,0.07220643819555209,0.08735598662815608,0.0,0.0,0.19370385280908892,0.10281679550385654,0.13510965403878514,0.06506510508899692,0.05027201014477554,0.0,0.0,0.0,0.0610450814286562,0.01932900356683157,0.036591974101466036,0.0,0.036575584406078936,0.0,0.0,0.0,0.0,0.0
2022-05-16,0.0,0.06757681919109142,0.07235169489666471,0.07220643819555209,0.08735598662815608,0.0,0.0,0.19370385280908892,0.10281679550385654,0.13510965403878514,0.06506510508899692,0.05027201014477554,0.0,0.0,0.0,0.0610450814286562,0.01932900356683157,0.036591974101466036,0.0,0.036575584406078936,0.0,0.0,0.0,0.0,0.0
2022-05-17,0.0,0.06757681919109142,0.07235169489666471,0.07220643819555209,0.08735598662815608,0.0,0.0,0.19370385280908892,0.10281679550385654,0.13510965403878514,0.06506510508899692,0.05027201014477554,0.0,0.0,0.0,0.0610450814286562,0.01932900356683157,0.036591974101466036,0.0,0.036575584406078936,0.0,0.0,0.0,0.0,0.0
2022-05-18,0.0,0.06757681919109142,0.07235169489666471,0.07220643819555209,0.08735598662815608,0.0,0.0,0.19370385280908892,0.10281679550385654,0.13510965403878514,0.06506510508899692,0.05027201014477554,0.0,0.0,0.0,0.0610450814286562,0.01932900356683157,0.036591974101466036,0.0,0.036575584406078936,0.0,0.0,0.0,0.0,0.0
2022-05-19,0.0,0.06757681919109142,0.07235169489666471,0.07220643819555209,0.08735598662815608,0.0,0.0,0.19370385280908892,0.10281679550385654,0.13510965403878514,0.06506510508899692,0.05027201014477554,0.0,0.0,0.0,0.0610450814286562,0.01932900356683157,0.036591974101466036,0.0,0.036575584406078936,0.0,0.0,0.0,0.0,0.0
2022-05-20,0.0,0.06757681919109142,0.07235169489666471,0.07220643819555209,0.08735598662815608,0.0,0.0,0.19370385280908892,0.10281679550385654,0.13510965403878514,0.06506510508899692,0.05027201014477554,0.0,0.0,0.0,0.0610450814286562,0.01932900356683157,0.036591974101466036,0.0,0.036575584406078936,0.0,0.0,0.0,0.0,0.0
2022-05-23,0.0,0.06757681919109142,0.07235169489666471,0.07220643819555209,0.08735598662815608,0.0,0.0,0.19370385280908892,0.10281679550385654,0.13510965403878514,0.06506510508899692,0.05027201014477554,0.0,0.0,0.0,0.0610450814286562,0.01932900356683157,0.036591974101466036,0.0,0.036575584406078936,0.0,0.0,0.0,0.0,0.0
2022-05-24,0.0,0.06757681919109142,0.07235169489666471,0.07220643819555209,0.08735598662815608,0.0,0.0,0.19370385280908892,0.10281679550385654,0.13510965403878514,0.06506510508899692,0.05027201014477554,0.0,0.0,0.0,0.0610450814286562,0.01932900356683157,0.036591974101466036,0.0,0.036575584406078936,0.0,0.0,0.0,0.0,0.0
2022-05-25,0.0,0.06757681919109142,0.07235169489666471,0.07220643819555209,0.08735598662815608,0.0,0.0,0.19370385280908892,0.10281679550385654,0.13510965403878514,0.06506510508899692,0.05027201014477554,0.0,0.0,0.0,0.0610450814286562,0.01932900356683157,0.036591974101466036,0.0,0.036575584406078936,0.0,0.0,0.0,0.0,0.0
2022-05-26,0.0,0.06757681919109142,0.07235169489666471,0.07220643819555209,0.08735598662815608,0.0,0.0,0.19370385280908892,0.10281679550385654,0.13510965403878514,0.06506510508899692,0.05027201014477554,0.0,0.0,0.0,0.0610450814286562,0.01932900356683157,0.036591974101466036,0.0,0.036575584406078936,0.0,0.0,0.0,0.0,0.0
2022-05-27,0.0,0.06757681919109142,0.07235169489666471,0.07220643819555209,0.08735598662815608,0.0,0.0,0.19370385280908892,0.10281679550385654,0.13510965403878514,0.06506510508899692,0.05027201014477554,0.0,0.0,0.0,0.0610450814286562,0.01932900356683157,0.036591974101466036,0.0,0.036575584406078936,0.0,0.0,0.0,0.0,0.0
2022-05-30,0.0,0.06757681919109142,0.07235169489666471,0.07220643819555209,0.08735598662815608,0.0,0.0,0.19370385280908892,0.10281679550385654,0.13510965403878514,0.06506510508899692,0.05027201014477554,0.0,0.0,0.0,0.0610450814286562,0.01932900356683157,0.036591974101466036,0.0,0.036575584406078936,0.0,0.0,0.0,0.0,0.0
2022-05-31,0.0,0.06757681919109142,0.07235169489666471,0.07220643819555209,0.08735598662815608,0.0,0.0,0.19370385280908892,0.10281679550385654,0.13510965403878514,0.06506510508899692,0.05027201014477554,0.0,0.0,0.0,0.0610450814286562,0.01932900356683157,0.036591974101466036,0.0,0.036575584406078936,0.0,0.0,0.0,0.0,0.0
2022-06-01,0.033444518720259594,0.03374092826207268,0.036763572646333946,0.042429181223294275,0.039035543502480244,0.02944788961549387,0.0,0.07751825388103413,0.054534318626771265,0.08850527367021607,0.0,0.0,0.0,0.0,0.0,0.08388286568908555,0.03354216828351507,0.0,0.037049044144995054,0.0,0.0,0.0,0.4101064417344483,0.0,0.0
2022-06-02,0.033444518720259594,0.03374092826207268,0.036763572646333946,0.042429181223294275,0.039035543502480244,0.02944788961549387,0.0,0.07751825388103413,0.054534318626771265,0.08850527367021607,0.0,0.0,0.0,0.0,0.0,0.08388286568908555,0.03354216828351507,0.0,0.037049044144995054,0.0,0.0,0.0,0.4101064417344483,0.0,0.0
2022-06-03,0.033444518720259594,0.03374092826207268,0.036763572646333946,0.042429181223294275,0.039035543502480244,0.02944788961549387,0.0,0.07751825388103413,0.054534318626771265,0.08850527367021607,0.0,0.0,0.0,0.0,0.0,0.08388286568908555,0.03354216828351507,0.0,0.037049044144995054,0.0,0.0,0.0,0.4101064417344483,0.0,0.0
2022-06-06,0.033444518720259594,0.03374092826207268,0.036763572646333946,0.042429181223294275,0.039035543502480244,0.02944788961549387,0.0,0.07751825388103413,0.054534318626771265,0.08850527367021607,0.0,0.0,0.0,0.0,0.0,0.08388286568908555,0.03354216828351507,0.0,0.037049044144995054,0.0,0.0,0.0,0.4101064417344483,0.0,0.0
2022-06-07,0.033444518720259594,0.03374092826207268,0.036763572646333946,0.042429181223294275,0.039035543502480244,0.02944788961549387,0.0,0.07751825388103413,0.054534318626771265,0.08850527367021607,0.0,0.0,0.0,0.0,0.0,0.08388286568908555,0.03354216828351507,0.0,0.037049044144995054,0.0,0.0,0.0,0.4101064417344483,0.0,0.0
2022-06-08,0.033444518720259594,0.03374092826207268,0.036763572646333946,0.042429181223294275,0.039035543502480244,0.02944788961549387,0.0,0.07751825388103413,0.054534318626771265,0.08850527367021607,0.0,0.0,0.0,0.0,0.0,0.08388286568908555,0.03354216828351507,0.0,0.037049044144995054,0.0,0.0,0.0,0.4101064417344483,0.0,0.0
2022-06-09,0.033444518720259594,0.03374092826207268,0.036763572646333946,0.042429181223294275,0.039035543502480244,0.02944788961549387,0.0,0.07751825388103413,0.054534318626771265,0.08850527367021607,0.0,0.0,0.0,0.0,0.0,0.08388286568908555,0.03354216828351507,0.0,0.037049044144995054,0.0,0.0,0.0,0.4101064417344483,0.0,0.0
2022-06-10,0.033444518720259594,0.03374092826207268,0.036763572646333946,0.042429181223294275,0.039035543502480244,0.02944788961549387,0.0,0.07751825388103413,0.054534318626771265,0.08850527367021607,0.0,0.0,0.0,0.0,0.0,0.08388286568908555,0.03354216828351507,0.0,0.037049044144995054,0.0,0.0,0.0,0.4101064417344483,0.0,0.0
2022-06-13,0.033444518720259594,0.03374092826207268,0.036763572646333946,0.042429181223294275,0.039035543502480244,0.02944788961549387,0.0,0.07751825388103413,0.054534318626771265,0.08850527367021607,0.0,0.0,0.0,0.0,0.0,0.08388286568908555,0.03354216828351507,0.0,0.037049044144995054,0.0,0.0,0.0,0.4101064417344483,0.0,0.0
2022-06-14,0.033444518720259594,0.03374092826207268,0.036763572646333946,0.042429181223294275,0.039035543502480244,0.02944788961549387,0.0,0.07751825388103413,0.054534318626771265,0.08850527367021607,0.0,0.0,0.0,0.0,0.0,0.08388286568908555,0.03354216828351507,0.0,0.037049044144995054,0.0,0.0,0.0,0.4101064417344483,0.0,0.0
2022-06-15,0.033444518720259594,0.03374092826207268,0.036763572646333946,0.042429181223294275,0.039035543502480244,0.02944788961549387,0.0,0.07751825388103413,0.054534318626771265,0.08850527367021607,0.0,0.0,0.0,0.0,0.0,0.08388286568908555,0.03354216828351507,0.0,0.037049044144995054,0.0,0.0,0.0,0.4101064417344483,0.0,0.0
2022-06-16,0.033444518720259594,0.03374092826207268,0.036763572646333946,0.042429181223294275,0.039035543502480244,0.02944788961549387,0.0,0.07751825388103413,0.054534318626771265,0.08850527367021607,0.0,0.0,0.0,0.0,0.0,0.08388286568908555,0.03354216828351507,0.0,0.037049044144995054,0.0,0.0,0.0,0.4101064417344483,0.0,0.0
2022-06-17,0.033444518720259594,0.03374092826207268,0.036763572646333946,0.042429181223294275,0.039035543502480244,0.02944788961549387,0.0,0.07751825388103413,0.054534318626771265,0.08850527367021607,0.0,0.0,0.0,0.0,0.0,0.08388286568908555,0.03354216828351507,0.0,0.037049044144995054,0.0,0.0,0.0,0.4101064417344483,0.0,0.0
2022-06-20,0.033444518720259594,0.03374092826207268,0.036763572646333946,0.042429181223294275,0.039035543502480244,0.02944788961549387,0.0,0.07751825388103413,0.054534318626771265,0.08850527367021607,0.0,0.0,0.0,0.0,0.0,0.08388286568908555,0.03354216828351507,0.0,0.037049044144995054,0.0,0.0,0.0,0.4101064417344483,0.0,0.0
2022-06-21,0.033444518720259594,0.03374092826207268,0.036763572646333946,0.042429181223294275,0.039035543502480244,0.02944788961549387,0.0,0.07751825388103413,0.054534318626771265,0.08850527367021607,0.0,0.0,0.0,0.0,0.0,0.08388286568908555,0.03354216828351507,0.0,0.037049044144995054,0.0,0.0,0.0,0.4101064417344483,0.0,0.0
2022-06-22,0.033444518720259594,0.03374092826207268,0.036763572646333946,0.042429181223294275,0.039035543502480244,0.02944788961549387,0.0,0.07751825388103413,0.054534318626771265,0.08850527367021607,0.0,0.0,0.0,0.0,0.0,0.08388286568908555,0.03354216828351507,0.0,0.037049044144995054,0.0,0.0,0.0,0.4101064417344483,0.0,0.0
2022-06-23,0.033444518720259594,0.03374092826207268,0.036763572646333946,0.042429181223294275,0.039035543502480244,0.02944788961549387,0.0,0.07751825388103413,0.054534318626771265,0.08850527367021607,0.0,0.0,0.0,0.0,0.0,0.08388286568908555,0.03354216828351507,0.0,0.037049044144995054,0.0,0.0,0.0,0.4101064417344483,0.0,0.0
2022-06-24,0.033444518720259594,0.03374092826207268,0.036763572646333946,0.042429181223294275,0.039035543502480244,0.02944788961549387,0.0,0.07751825388103413,0.054534318626771265,0.08850527367021607,0.0,0.0,0.0,0.0,0.0,0.08388286568908555,0.03354216828351507,0.0,0.037049044144995054,0.0,0.0,0.0,0.4101064417344483,0.0,0.0
2022-06-27,0.033444518720259594,0.03374092826207268,0.036763572646333946,0.042429181223294275,0.039035543502480244,0.02944788961549387,0.0,0.07751825388103413,0.054534318626771265,0.08850527367021607,0.0,0.0,0.0,0.0,0.0,0.08388286568908555,0.03354216828351507,0.0,0.037049044144995054,0.0,0.0,0.0,0.4101064417344483,0.0,0.0
2022-06-28,0.033444518720259594,0.03374092826207268,0.036763572646333946,0.042429181223294275,0.039035543502480244,0.02944788961549387,0.0,0.07751825388103413,0.054534318626771265,0.08850527367021607,0.0,0.0,0.0,0.0,0.0,0.08388286568908555,0.03354216828351507,0.0,0.037049044144995054,0.0,0.0,0.0,0.4101064417344483,0.0,0.0
2022-06-29,0.033444518720259594,0.03374092826207268,0.036763572646333946,0.042429181223294275,0.039035543502480244,0.02944788961549387,0.0,0.07751825388103413,0.054534318626771265,0.08850527367021607,0.0,0.0,0.0,0.0,0.0,0.08388286568908555,0.03354216828351507,0.0,0.037049044144995054,0.0,0.0,0.0,0.4101064417344483,0.0,0.0
2022-06-30,0.033444518720259594,0.03374092826207268,0.036763572646333946,0.042429181223294275,0.039035543502480244,0.02944788961549387,0.0,0.07751825388103413,0.054534318626771265,0.08850527367021607,0.0,0.0,0.0,0.0,0.0,0.08388286568908555,0.03354216828351507,0.0,0.037049044144995054,0.0,0.0,0.0,0.4101064417344483,0.0,0.0
2022-07-01,0.033444518720259594,0.03374092826207268,0.036763572646333946,0.042429181223294275,0.039035543502480244,0.02944788961549387,0.0,0.07751825388103413,0.054534318626771265,0.08850527367021607,0.0,0.0,0.0,0.0,0.0,0.08388286568908555,0.03354216828351507,0.0,0.037049044144995054,0.0,0.0,0.0,0.4101064417344483,0.0,0.0
2022-07-04,0.033444518720259594,0.03374092826207268,0.036763572646333946,0.042429181223294275,0.039035543502480244,0.02944788961549387,0.0,0.07751825388103413,0.054534318626771265,0.08850527367021607,0.0,0.0,0.0,0.0,0.0,0.08388286568908555,0.03354216828351507,0.0,0.037049044144995054,0.0,0.0,0.0,0.4101064417344483,0.0,0.0
2022-07-05,0.033444518720259594,0.03374092826207268,0.036763572646333946,0.042429181223294275,0.039035543502480244,0.02944788961549387,0.0,0.07751825388103413,0.054534318626771265,0.08850527367021607,0.0,0.0,0.0,0.0,0.0,0.08388286568908555,0.03354216828351507,0.0,0.037049044144995054,0.0,0.0,0.0,0.4101064417344483,0.0,0.0
2022-07-06,0.033444518720259594,0.03374092826207268,0.036763572646333946,0.042429181223294275,0.039035543502480244,0.02944788961549387,0.0,0.07751825388103413,0.054534318626771265,0.08850527367021607,0.0,0.0,0.0,0.0,0.0,0.08388286568908555,0.03354216828351507,0.0,0.037049044144995054,0.0,0.0,0.0,0.4101064417344483,0.0,0.0
2022-07-07,0.033444518720259594,0.03374092826207268,0.036763572646333946,0.042429181223294275,0.039035543502480244,0.02944788961549387,0.0,0.07751825388103413,0.054534318626771265,0.08850527367021607,0.0,0.0,0.0,0.0,0.0,0.08388286568908555,0.03354216828351507,0.0,0.037049044144995054,0.0,0.0,0.0,0.4101064417344483,0.0,0.0
2022-07-08,0.033444518720259594,0.03374092826207268,0.036763572646333946,0.042429181223294275,0.039035543502480244,0.02944788961549387,0.0,0.07751825388103413,0.054534318626771265,0.08850527367021607,0.0,0.0,0.0,0.0,0.0,0.08388286568908555,0.03354216828351507,0.0,0.037049044144995054,0.0,0.0,0.0,0.4101064417344483,0.0,0.0
2022-07-11,0.033444518720259594,0.03374092826207268,0.036763572646333946,0.042429181223294275,0.039035543502480244,0.02944788961549387,0.0,0.07751825388103413,0.054534318626771265,0.08850527367021607,0.0,0.0,0.0,0.0,0.0,0.08388286568908555,0.03354216828351507,0.0,0.037049044144995054,0.0,0.0,0.0,0.4101064417344483,0.0,0.0
2022-07-12,0.033444518720259594,0.03374092826207268,0.036763572646333946,0.042429181223294275,0.039035543502480244,0.02944788961549387,0.0,0.07751825388103413,0.054534318626771265,0.08850527367021607,0.0,0.0,0.0,0.0,0.0,0.08388286568908555,0.03354216828351507,0.0,0.037049044144995054,0.0,0.0,0.0,0.4101064417344483,0.0,0.0
2022-07-13,0.033444518720259594,0.03374092826207268,0.036763572646333946,0.042429181223294275,0.039035543502480244,0.02944788961549387,0.0,0.07751825388103413,0.054534318626771265,0.08850527367021607,0.0,0.0,0.0,0.0,0.0,0.08388286568908555,0.03354216828351507,0.0,0.037049044144995054,0.0,0.0,0.0,0.4101064417344483,0.0,0.0
2022-07-14,0.033444518720259594,0.03374092826207268,0.036763572646333946,0.042429181223294275,0.039035543502480244,0.02944788961549387,0.0,0.07751825388103413,0.054534318626771265,0.08850527367021607,0.0,0.0,0.0,0.0,0.0,0.08388286568908555,0.03354216828351507,0.0,0.037049044144995054,0.0,0.0,0.0,0.4101064417344483,0.0,0.0
2022-07-15,0.033444518720259594,0.03374092826207268,0.036763572646333946,0.042429181223294275,0.039035543502480244,0.02944788961549387,0.0,0.07751825388103413,0.054534318626771265,0.08850527367021607,0.0,0.0,0.0,0.0,0.0,0.08388286568908555,0.03354216828351507,0.0,0.037049044144995054,0.0,0.0,0.0,0.4101064417344483,0.0,0.0
2022-07-18,0.033444518720259594,0.03374092826207268,0.036763572646333946,0.042429181223294275,0.039035543502480244,0.02944788961549387,0.0,0.07751825388103413,0.054534318626771265,0.08850527367021607,0.0,0.0,0.0,0.0,0.0,0.08388286568908555,0.03354216828351507,0.0,0.037049044144995054,0.0,0.0,0.0,0.4101064417344483,0.0,0.0
2022-07-19,0.033444518720259594,0.03374092826207268,0.036763572646333946,0.042429181223294275,0.039035543502480244,0.02944788961549387,0.0,0.07751825388103413,0.054534318626771265,0.08850527367021607,0.0,0.0,0.0,0.0,0.0,0.08388286568908555,0.03354216828351507,0.0,0.037049044144995054,0.0,0.0,0.0,0.4101064417344483,0.0,0.0
2022-07-20,0.033444518720259594,0.03374092826207268,0.036763572646333946,0.042429181223294275,0.039035543502480244,0.02944788961549387,0.0,0.07751825388103413,0.054534318626771265,0.08850527367021607,0.0,0.0,0.0,0.0,0.0,0.08388286568908555,0.03354216828351507,0.0,0.037049044144995054,0.0,0.0,0.0,0.4101064417344483,0.0,0.0
2022-07-21,0.033444518720259594,0.03374092826207268,0.036763572646333946,0.042429181223294275,0.039035543502480244,0.02944788961549387,0.0,0.07751825388103413,0.054534318626771265,0.08850527367021607,0.0,0.0,0.0,0.0,0.0,0.08388286568908555,0.03354216828351507,0.0,0.037049044144995054,0.0,0.0,0.0,0.4101064417344483,0.0,0.0
2022-07-22,0.033444518720259594,0.03374092826207268,0.036763572646333946,0.042429181223294275,0.039035543502480244,0.02944788961549387,0.0,0.07751825388103413,0.054534318626771265,0.08850527367021607,0.0,0.0,0.0,0.0,0.0,0.08388286568908555,0.03354216828351507,0.0,0.037049044144995054,0.0,0.0,0.0,0.4101064417344483,0.0,0.0
2022-07-25,0.033444518720259594,0.03374092826207268,0.036763572646333946,0.042429181223294275,0.039035543502480244,0.02944788961549387,0.0,0.07751825388103413,0.054534318626771265,0.08850527367021607,0.0,0.0,0.0,0.0,0.0,0.08388286568908555,0.03354216828351507,0.0,0.037049044144995054,0.0,0.0,0.0,0.4101064417344483,0.0,0.0
2022-07-26,0.033444518720259594,0.03374092826207268,0.036763572646333946,0.042429181223294275,0.039035543502480244,0.02944788961549387,0.0,0.07751825388103413,0.054534318626771265,0.08850527367021607,0.0,0.0,0.0,0.0,0.0,0.08388286568908555,0.03354216828351507,0.0,0.037049044144995054,0.0,0.0,0.0,0.4101064417344483,0.0,0.0
2022-07-27,0.033444518720259594,0.03374092826207268,0.036763572646333946,0.042429181223294275,0.039035543502480244,0.02944788961549387,0.0,0.07751825388103413,0.054534318626771265,0.08850527367021607,0.0,0.0,0.0,0.0,0.0,0.08388286568908555,0.03354216828351507,0.0,0.037049044144995054,0.0,0.0,0.0,0.4101064417344483,0.0,0.0
2022-07-28,0.033444518720259594,0.03374092826207268,0.036763572646333946,0.042429181223294275,0.039035543502480244,0.02944788961549387,0.0,0.07751825388103413,0.054534318626771265,0.08850527367021607,0.0,0.0,0.0,0.0,0.0,0.08388286568908555,0.03354216828351507,0.0,0.037049044144995054,0.0,0.0,0.0,0.4101064417344483,0.0,0.0
2022-07-29,0.033444518720259594,0.03374092826207268,0.036763572646333946,0.042429181223294275,0.039035543502480244,0.02944788961549387,0.0,0.07751825388103413,0.054534318626771265,0.08850527367021607,0.0,0.0,0.0,0.0,0.0,0.08388286568908555,0.03354216828351507,0.0,0.037049044144995054,0.0,0.0,0.0,0.4101064417344483,0.0,0.0
2022-08-01,0.0,0.0,0.0,0.0,0.0,0.0,0.0,0.0,0.1377127335313593,0.07550255264701951,0.05126775685836865,0.030282423549478604,0.0,0.05195183990443823,0.05121091042139858,0.04493868009821223,0.014965412355628486,0.0,0.06478819658781595,0.0,0.0,0.07069250533989815,0.28548959492531173,0.06112809695103329,0.06006929683003742
2022-08-02,0.0,0.0,0.0,0.0,0.0,0.0,0.0,0.0,0.1377127335313593,0.07550255264701951,0.05126775685836865,0.030282423549478604,0.0,0.05195183990443823,0.05121091042139858,0.04493868009821223,0.014965412355628486,0.0,0.06478819658781595,0.0,0.0,0.07069250533989815,0.28548959492531173,0.06112809695103329,0.06006929683003742
2022-08-03,0.0,0.0,0.0,0.0,0.0,0.0,0.0,0.0,0.1377127335313593,0.07550255264701951,0.05126775685836865,0.030282423549478604,0.0,0.05195183990443823,0.05121091042139858,0.04493868009821223,0.014965412355628486,0.0,0.06478819658781595,0.0,0.0,0.07069250533989815,0.28548959492531173,0.06112809695103329,0.06006929683003742
2022-08-04,0.0,0.0,0.0,0.0,0.0,0.0,0.0,0.0,0.1377127335313593,0.07550255264701951,0.05126775685836865,0.030282423549478604,0.0,0.05195183990443823,0.05121091042139858,0.04493868009821223,0.014965412355628486,0.0,0.06478819658781595,0.0,0.0,0.07069250533989815,0.28548959492531173,0.06112809695103329,0.06006929683003742
2022-08-05,0.0,0.0,0.0,0.0,0.0,0.0,0.0,0.0,0.1377127335313593,0.07550255264701951,0.05126775685836865,0.030282423549478604,0.0,0.05195183990443823,0.05121091042139858,0.04493868009821223,0.014965412355628486,0.0,0.06478819658781595,0.0,0.0,0.07069250533989815,0.28548959492531173,0.06112809695103329,0.06006929683003742
2022-08-08,0.0,0.0,0.0,0.0,0.0,0.0,0.0,0.0,0.1377127335313593,0.07550255264701951,0.05126775685836865,0.030282423549478604,0.0,0.05195183990443823,0.05121091042139858,0.04493868009821223,0.014965412355628486,0.0,0.06478819658781595,0.0,0.0,0.07069250533989815,0.28548959492531173,0.06112809695103329,0.06006929683003742
2022-08-09,0.0,0.0,0.0,0.0,0.0,0.0,0.0,0.0,0.1377127335313593,0.07550255264701951,0.05126775685836865,0.030282423549478604,0.0,0.05195183990443823,0.05121091042139858,0.04493868009821223,0.014965412355628486,0.0,0.06478819658781595,0.0,0.0,0.07069250533989815,0.28548959492531173,0.06112809695103329,0.06006929683003742
2022-08-10,0.0,0.0,0.0,0.0,0.0,0.0,0.0,0.0,0.1377127335313593,0.07550255264701951,0.05126775685836865,0.030282423549478604,0.0,0.05195183990443823,0.05121091042139858,0.04493868009821223,0.014965412355628486,0.0,0.06478819658781595,0.0,0.0,0.07069250533989815,0.28548959492531173,0.06112809695103329,0.06006929683003742
2022-08-11,0.0,0.0,0.0,0.0,0.0,0.0,0.0,0.0,0.1377127335313593,0.07550255264701951,0.05126775685836865,0.030282423549478604,0.0,0.05195183990443823,0.05121091042139858,0.04493868009821223,0.014965412355628486,0.0,0.06478819658781595,0.0,0.0,0.07069250533989815,0.28548959492531173,0.06112809695103329,0.06006929683003742
2022-08-12,0.0,0.0,0.0,0.0,0.0,0.0,0.0,0.0,0.1377127335313593,0.07550255264701951,0.05126775685836865,0.030282423549478604,0.0,0.05195183990443823,0.05121091042139858,0.04493868009821223,0.014965412355628486,0.0,0.06478819658781595,0.0,0.0,0.07069250533989815,0.28548959492531173,0.06112809695103329,0.06006929683003742
2022-08-15,0.0,0.0,0.0,0.0,0.0,0.0,0.0,0.0,0.1377127335313593,0.07550255264701951,0.05126775685836865,0.030282423549478604,0.0,0.05195183990443823,0.05121091042139858,0.04493868009821223,0.014965412355628486,0.0,0.06478819658781595,0.0,0.0,0.07069250533989815,0.28548959492531173,0.06112809695103329,0.06006929683003742
2022-08-16,0.0,0.0,0.0,0.0,0.0,0.0,0.0,0.0,0.1377127335313593,0.07550255264701951,0.05126775685836865,0.030282423549478604,0.0,0.05195183990443823,0.05121091042139858,0.04493868009821223,0.014965412355628486,0.0,0.06478819658781595,0.0,0.0,0.07069250533989815,0.28548959492531173,0.06112809695103329,0.06006929683003742
2022-08-17,0.0,0.0,0.0,0.0,0.0,0.0,0.0,0.0,0.1377127335313593,0.07550255264701951,0.05126775685836865,0.030282423549478604,0.0,0.05195183990443823,0.05121091042139858,0.04493868009821223,0.014965412355628486,0.0,0.06478819658781595,0.0,0.0,0.07069250533989815,0.28548959492531173,0.06112809695103329,0.06006929683003742
2022-08-18,0.0,0.0,0.0,0.0,0.0,0.0,0.0,0.0,0.1377127335313593,0.07550255264701951,0.05126775685836865,0.030282423549478604,0.0,0.05195183990443823,0.05121091042139858,0.04493868009821223,0.014965412355628486,0.0,0.06478819658781595,0.0,0.0,0.07069250533989815,0.28548959492531173,0.06112809695103329,0.06006929683003742
2022-08-19,0.0,0.0,0.0,0.0,0.0,0.0,0.0,0.0,0.1377127335313593,0.07550255264701951,0.05126775685836865,0.030282423549478604,0.0,0.05195183990443823,0.05121091042139858,0.04493868009821223,0.014965412355628486,0.0,0.06478819658781595,0.0,0.0,0.07069250533989815,0.28548959492531173,0.06112809695103329,0.06006929683003742
2022-08-22,0.0,0.0,0.0,0.0,0.0,0.0,0.0,0.0,0.1377127335313593,0.07550255264701951,0.05126775685836865,0.030282423549478604,0.0,0.05195183990443823,0.05121091042139858,0.04493868009821223,0.014965412355628486,0.0,0.06478819658781595,0.0,0.0,0.07069250533989815,0.28548959492531173,0.06112809695103329,0.06006929683003742
2022-08-23,0.0,0.0,0.0,0.0,0.0,0.0,0.0,0.0,0.1377127335313593,0.07550255264701951,0.05126775685836865,0.030282423549478604,0.0,0.05195183990443823,0.05121091042139858,0.04493868009821223,0.014965412355628486,0.0,0.06478819658781595,0.0,0.0,0.07069250533989815,0.28548959492531173,0.06112809695103329,0.06006929683003742
2022-08-24,0.0,0.0,0.0,0.0,0.0,0.0,0.0,0.0,0.1377127335313593,0.07550255264701951,0.05126775685836865,0.030282423549478604,0.0,0.05195183990443823,0.05121091042139858,0.04493868009821223,0.014965412355628486,0.0,0.06478819658781595,0.0,0.0,0.07069250533989815,0.28548959492531173,0.06112809695103329,0.06006929683003742
2022-08-25,0.0,0.0,0.0,0.0,0.0,0.0,0.0,0.0,0.1377127335313593,0.07550255264701951,0.05126775685836865,0.030282423549478604,0.0,0.05195183990443823,0.05121091042139858,0.04493868009821223,0.014965412355628486,0.0,0.06478819658781595,0.0,0.0,0.07069250533989815,0.28548959492531173,0.06112809695103329,0.06006929683003742
2022-08-26,0.0,0.0,0.0,0.0,0.0,0.0,0.0,0.0,0.1377127335313593,0.07550255264701951,0.05126775685836865,0.030282423549478604,0.0,0.05195183990443823,0.05121091042139858,0.04493868009821223,0.014965412355628486,0.0,0.06478819658781595,0.0,0.0,0.07069250533989815,0.28548959492531173,0.06112809695103329,0.06006929683003742
2022-08-29,0.0,0.0,0.0,0.0,0.0,0.0,0.0,0.0,0.1377127335313593,0.07550255264701951,0.05126775685836865,0.030282423549478604,0.0,0.05195183990443823,0.05121091042139858,0.04493868009821223,0.014965412355628486,0.0,0.06478819658781595,0.0,0.0,0.07069250533989815,0.28548959492531173,0.06112809695103329,0.06006929683003742
2022-08-30,0.0,0.0,0.0,0.0,0.0,0.0,0.0,0.0,0.1377127335313593,0.07550255264701951,0.05126775685836865,0.030282423549478604,0.0,0.05195183990443823,0.05121091042139858,0.04493868009821223,0.014965412355628486,0.0,0.06478819658781595,0.0,0.0,0.07069250533989815,0.28548959492531173,0.06112809695103329,0.06006929683003742
2022-08-31,0.0,0.0,0.0,0.0,0.0,0.0,0.0,0.0,0.1377127335313593,0.07550255264701951,0.05126775685836865,0.030282423549478604,0.0,0.05195183990443823,0.05121091042139858,0.04493868009821223,0.014965412355628486,0.0,0.06478819658781595,0.0,0.0,0.07069250533989815,0.28548959492531173,0.06112809695103329,0.06006929683003742
2022-09-01,0.0,0.0,0.0,0.0,0.0,0.0,0.0,0.0,0.1377127335313593,0.07550255264701951,0.05126775685836865,0.030282423549478604,0.0,0.05195183990443823,0.05121091042139858,0.04493868009821223,0.014965412355628486,0.0,0.06478819658781595,0.0,0.0,0.07069250533989815,0.28548959492531173,0.06112809695103329,0.06006929683003742
2022-09-02,0.0,0.0,0.0,0.0,0.0,0.0,0.0,0.0,0.1377127335313593,0.07550255264701951,0.05126775685836865,0.030282423549478604,0.0,0.05195183990443823,0.05121091042139858,0.04493868009821223,0.014965412355628486,0.0,0.06478819658781595,0.0,0.0,0.07069250533989815,0.28548959492531173,0.06112809695103329,0.06006929683003742
2022-09-05,0.0,0.0,0.0,0.0,0.0,0.0,0.0,0.0,0.1377127335313593,0.07550255264701951,0.05126775685836865,0.030282423549478604,0.0,0.05195183990443823,0.05121091042139858,0.04493868009821223,0.014965412355628486,0.0,0.06478819658781595,0.0,0.0,0.07069250533989815,0.28548959492531173,0.06112809695103329,0.06006929683003742
2022-09-06,0.0,0.0,0.0,0.0,0.0,0.0,0.0,0.0,0.1377127335313593,0.07550255264701951,0.05126775685836865,0.030282423549478604,0.0,0.05195183990443823,0.05121091042139858,0.04493868009821223,0.014965412355628486,0.0,0.06478819658781595,0.0,0.0,0.07069250533989815,0.28548959492531173,0.06112809695103329,0.06006929683003742
2022-09-07,0.0,0.0,0.0,0.0,0.0,0.0,0.0,0.0,0.1377127335313593,0.07550255264701951,0.05126775685836865,0.030282423549478604,0.0,0.05195183990443823,0.05121091042139858,0.04493868009821223,0.014965412355628486,0.0,0.06478819658781595,0.0,0.0,0.07069250533989815,0.28548959492531173,0.06112809695103329,0.06006929683003742
2022-09-08,0.0,0.0,0.0,0.0,0.0,0.0,0.0,0.0,0.1377127335313593,0.07550255264701951,0.05126775685836865,0.030282423549478604,0.0,0.05195183990443823,0.05121091042139858,0.04493868009821223,0.014965412355628486,0.0,0.06478819658781595,0.0,0.0,0.07069250533989815,0.28548959492531173,0.06112809695103329,0.06006929683003742
2022-09-09,0.0,0.0,0.0,0.0,0.0,0.0,0.0,0.0,0.1377127335313593,0.07550255264701951,0.05126775685836865,0.030282423549478604,0.0,0.05195183990443823,0.05121091042139858,0.04493868009821223,0.014965412355628486,0.0,0.06478819658781595,0.0,0.0,0.07069250533989815,0.28548959492531173,0.06112809695103329,0.06006929683003742
2022-09-12,0.0,0.0,0.0,0.0,0.0,0.0,0.0,0.0,0.1377127335313593,0.07550255264701951,0.05126775685836865,0.030282423549478604,0.0,0.05195183990443823,0.05121091042139858,0.04493868009821223,0.014965412355628486,0.0,0.06478819658781595,0.0,0.0,0.07069250533989815,0.28548959492531173,0.06112809695103329,0.06006929683003742
2022-09-13,0.0,0.0,0.0,0.0,0.0,0.0,0.0,0.0,0.1377127335313593,0.07550255264701951,0.05126775685836865,0.030282423549478604,0.0,0.05195183990443823,0.05121091042139858,0.04493868009821223,0.014965412355628486,0.0,0.06478819658781595,0.0,0.0,0.07069250533989815,0.28548959492531173,0.06112809695103329,0.06006929683003742
2022-09-14,0.0,0.0,0.0,0.0,0.0,0.0,0.0,0.0,0.1377127335313593,0.07550255264701951,0.05126775685836865,0.030282423549478604,0.0,0.05195183990443823,0.05121091042139858,0.04493868009821223,0.014965412355628486,0.0,0.06478819658781595,0.0,0.0,0.07069250533989815,0.28548959492531173,0.06112809695103329,0.06006929683003742
2022-09-15,0.0,0.0,0.0,0.0,0.0,0.0,0.0,0.0,0.1377127335313593,0.07550255264701951,0.05126775685836865,0.030282423549478604,0.0,0.05195183990443823,0.05121091042139858,0.04493868009821223,0.014965412355628486,0.0,0.06478819658781595,0.0,0.0,0.07069250533989815,0.28548959492531173,0.06112809695103329,0.06006929683003742
2022-09-16,0.0,0.0,0.0,0.0,0.0,0.0,0.0,0.0,0.1377127335313593,0.07550255264701951,0.05126775685836865,0.030282423549478604,0.0,0.05195183990443823,0.05121091042139858,0.04493868009821223,0.014965412355628486,0.0,0.06478819658781595,0.0,0.0,0.07069250533989815,0.28548959492531173,0.06112809695103329,0.06006929683003742
2022-09-19,0.0,0.0,0.0,0.0,0.0,0.0,0.0,0.0,0.1377127335313593,0.07550255264701951,0.05126775685836865,0.030282423549478604,0.0,0.05195183990443823,0.05121091042139858,0.04493868009821223,0.014965412355628486,0.0,0.06478819658781595,0.0,0.0,0.07069250533989815,0.28548959492531173,0.06112809695103329,0.06006929683003742
2022-09-20,0.0,0.0,0.0,0.0,0.0,0.0,0.0,0.0,0.1377127335313593,0.07550255264701951,0.05126775685836865,0.030282423549478604,0.0,0.05195183990443823,0.05121091042139858,0.04493868009821223,0.014965412355628486,0.0,0.06478819658781595,0.0,0.0,0.07069250533989815,0.28548959492531173,0.06112809695103329,0.06006929683003742
2022-09-21,0.0,0.0,0.0,0.0,0.0,0.0,0.0,0.0,0.1377127335313593,0.07550255264701951,0.05126775685836865,0.030282423549478604,0.0,0.05195183990443823,0.05121091042139858,0.04493868009821223,0.014965412355628486,0.0,0.06478819658781595,0.0,0.0,0.07069250533989815,0.28548959492531173,0.06112809695103329,0.06006929683003742
2022-09-22,0.0,0.0,0.0,0.0,0.0,0.0,0.0,0.0,0.1377127335313593,0.07550255264701951,0.05126775685836865,0.030282423549478604,0.0,0.05195183990443823,0.05121091042139858,0.04493868009821223,0.014965412355628486,0.0,0.06478819658781595,0.0,0.0,0.07069250533989815,0.28548959492531173,0.06112809695103329,0.06006929683003742
2022-09-23,0.0,0.0,0.0,0.0,0.0,0.0,0.0,0.0,0.1377127335313593,0.07550255264701951,0.05126775685836865,0.030282423549478604,0.0,0.05195183990443823,0.05121091042139858,0.04493868009821223,0.014965412355628486,0.0,0.06478819658781595,0.0,0.0,0.07069250533989815,0.28548959492531173,0.06112809695103329,0.06006929683003742
2022-09-26,0.0,0.0,0.0,0.0,0.0,0.0,0.0,0.0,0.1377127335313593,0.07550255264701951,0.05126775685836865,0.030282423549478604,0.0,0.05195183990443823,0.05121091042139858,0.04493868009821223,0.014965412355628486,0.0,0.06478819658781595,0.0,0.0,0.07069250533989815,0.28548959492531173,0.06112809695103329,0.06006929683003742
2022-09-27,0.0,0.0,0.0,0.0,0.0,0.0,0.0,0.0,0.1377127335313593,0.07550255264701951,0.05126775685836865,0.030282423549478604,0.0,0.05195183990443823,0.05121091042139858,0.04493868009821223,0.014965412355628486,0.0,0.06478819658781595,0.0,0.0,0.07069250533989815,0.28548959492531173,0.06112809695103329,0.06006929683003742
2022-09-28,0.0,0.0,0.0,0.0,0.0,0.0,0.0,0.0,0.1377127335313593,0.07550255264701951,0.05126775685836865,0.030282423549478604,0.0,0.05195183990443823,0.05121091042139858,0.04493868009821223,0.014965412355628486,0.0,0.06478819658781595,0.0,0.0,0.07069250533989815,0.28548959492531173,0.06112809695103329,0.06006929683003742
2022-09-29,0.0,0.0,0.0,0.0,0.0,0.0,0.0,0.0,0.1377127335313593,0.07550255264701951,0.05126775685836865,0.030282423549478604,0.0,0.05195183990443823,0.05121091042139858,0.04493868009821223,0.014965412355628486,0.0,0.06478819658781595,0.0,0.0,0.07069250533989815,0.28548959492531173,0.06112809695103329,0.06006929683003742
2022-09-30,0.0,0.0,0.0,0.0,0.0,0.0,0.0,0.0,0.1377127335313593,0.07550255264701951,0.05126775685836865,0.030282423549478604,0.0,0.05195183990443823,0.05121091042139858,0.04493868009821223,0.014965412355628486,0.0,0.06478819658781595,0.0,0.0,0.07069250533989815,0.28548959492531173,0.06112809695103329,0.06006929683003742
2022-10-03,0.0,0.0,0.0,0.0,0.06864096718530181,0.0,0.0,0.0,0.13110326733569644,0.061435820290419496,0.03449603103255792,0.03042124216978961,0.030303086552048004,0.07699266192182064,0.12128483461658504,0.0,0.0,0.0,0.05081067383067551,0.0,0.0,0.04318020516941211,0.2533343523841181,0.04400100736009908,0.05399585015147633
2022-10-04,0.0,0.0,0.0,0.0,0.06864096718530181,0.0,0.0,0.0,0.13110326733569644,0.061435820290419496,0.03449603103255792,0.03042124216978961,0.030303086552048004,0.07699266192182064,0.12128483461658504,0.0,0.0,0.0,0.05081067383067551,0.0,0.0,0.04318020516941211,0.2533343523841181,0.04400100736009908,0.05399585015147633
2022-10-05,0.0,0.0,0.0,0.0,0.06864096718530181,0.0,0.0,0.0,0.13110326733569644,0.061435820290419496,0.03449603103255792,0.03042124216978961,0.030303086552048004,0.07699266192182064,0.12128483461658504,0.0,0.0,0.0,0.05081067383067551,0.0,0.0,0.04318020516941211,0.2533343523841181,0.04400100736009908,0.05399585015147633
2022-10-06,0.0,0.0,0.0,0.0,0.06864096718530181,0.0,0.0,0.0,0.13110326733569644,0.061435820290419496,0.03449603103255792,0.03042124216978961,0.030303086552048004,0.07699266192182064,0.12128483461658504,0.0,0.0,0.0,0.05081067383067551,0.0,0.0,0.04318020516941211,0.2533343523841181,0.04400100736009908,0.05399585015147633
2022-10-07,0.0,0.0,0.0,0.0,0.06864096718530181,0.0,0.0,0.0,0.13110326733569644,0.061435820290419496,0.03449603103255792,0.03042124216978961,0.030303086552048004,0.07699266192182064,0.12128483461658504,0.0,0.0,0.0,0.05081067383067551,0.0,0.0,0.04318020516941211,0.2533343523841181,0.04400100736009908,0.05399585015147633
2022-10-10,0.0,0.0,0.0,0.0,0.06864096718530181,0.0,0.0,0.0,0.13110326733569644,0.061435820290419496,0.03449603103255792,0.03042124216978961,0.030303086552048004,0.07699266192182064,0.12128483461658504,0.0,0.0,0.0,0.05081067383067551,0.0,0.0,0.04318020516941211,0.2533343523841181,0.04400100736009908,0.05399585015147633
2022-10-11,0.0,0.0,0.0,0.0,0.06864096718530181,0.0,0.0,0.0,0.13110326733569644,0.061435820290419496,0.03449603103255792,0.03042124216978961,0.030303086552048004,0.07699266192182064,0.12128483461658504,0.0,0.0,0.0,0.05081067383067551,0.0,0.0,0.04318020516941211,0.2533343523841181,0.04400100736009908,0.05399585015147633
2022-10-12,0.0,0.0,0.0,0.0,0.06864096718530181,0.0,0.0,0.0,0.13110326733569644,0.061435820290419496,0.03449603103255792,0.03042124216978961,0.030303086552048004,0.07699266192182064,0.12128483461658504,0.0,0.0,0.0,0.05081067383067551,0.0,0.0,0.04318020516941211,0.2533343523841181,0.04400100736009908,0.05399585015147633
2022-10-13,0.0,0.0,0.0,0.0,0.06864096718530181,0.0,0.0,0.0,0.13110326733569644,0.061435820290419496,0.03449603103255792,0.03042124216978961,0.030303086552048004,0.07699266192182064,0.12128483461658504,0.0,0.0,0.0,0.05081067383067551,0.0,0.0,0.04318020516941211,0.2533343523841181,0.04400100736009908,0.05399585015147633
2022-10-14,0.0,0.0,0.0,0.0,0.06864096718530181,0.0,0.0,0.0,0.13110326733569644,0.061435820290419496,0.03449603103255792,0.03042124216978961,0.030303086552048004,0.07699266192182064,0.12128483461658504,0.0,0.0,0.0,0.05081067383067551,0.0,0.0,0.04318020516941211,0.2533343523841181,0.04400100736009908,0.05399585015147633
2022-10-17,0.0,0.0,0.0,0.0,0.06864096718530181,0.0,0.0,0.0,0.13110326733569644,0.061435820290419496,0.03449603103255792,0.03042124216978961,0.030303086552048004,0.07699266192182064,0.12128483461658504,0.0,0.0,0.0,0.05081067383067551,0.0,0.0,0.04318020516941211,0.2533343523841181,0.04400100736009908,0.05399585015147633
2022-10-18,0.0,0.0,0.0,0.0,0.06864096718530181,0.0,0.0,0.0,0.13110326733569644,0.061435820290419496,0.03449603103255792,0.03042124216978961,0.030303086552048004,0.07699266192182064,0.12128483461658504,0.0,0.0,0.0,0.05081067383067551,0.0,0.0,0.04318020516941211,0.2533343523841181,0.04400100736009908,0.05399585015147633
2022-10-19,0.0,0.0,0.0,0.0,0.06864096718530181,0.0,0.0,0.0,0.13110326733569644,0.061435820290419496,0.03449603103255792,0.03042124216978961,0.030303086552048004,0.07699266192182064,0.12128483461658504,0.0,0.0,0.0,0.05081067383067551,0.0,0.0,0.04318020516941211,0.2533343523841181,0.04400100736009908,0.05399585015147633
2022-10-20,0.0,0.0,0.0,0.0,0.06864096718530181,0.0,0.0,0.0,0.13110326733569644,0.061435820290419496,0.03449603103255792,0.03042124216978961,0.030303086552048004,0.07699266192182064,0.12128483461658504,0.0,0.0,0.0,0.05081067383067551,0.0,0.0,0.04318020516941211,0.2533343523841181,0.04400100736009908,0.05399585015147633
2022-10-21,0.0,0.0,0.0,0.0,0.06864096718530181,0.0,0.0,0.0,0.13110326733569644,0.061435820290419496,0.03449603103255792,0.03042124216978961,0.030303086552048004,0.07699266192182064,0.12128483461658504,0.0,0.0,0.0,0.05081067383067551,0.0,0.0,0.04318020516941211,0.2533343523841181,0.04400100736009908,0.05399585015147633
2022-10-24,0.0,0.0,0.0,0.0,0.06864096718530181,0.0,0.0,0.0,0.13110326733569644,0.061435820290419496,0.03449603103255792,0.03042124216978961,0.030303086552048004,0.07699266192182064,0.12128483461658504,0.0,0.0,0.0,0.05081067383067551,0.0,0.0,0.04318020516941211,0.2533343523841181,0.04400100736009908,0.05399585015147633
2022-10-25,0.0,0.0,0.0,0.0,0.06864096718530181,0.0,0.0,0.0,0.13110326733569644,0.061435820290419496,0.03449603103255792,0.03042124216978961,0.030303086552048004,0.07699266192182064,0.12128483461658504,0.0,0.0,0.0,0.05081067383067551,0.0,0.0,0.04318020516941211,0.2533343523841181,0.04400100736009908,0.05399585015147633
2022-10-26,0.0,0.0,0.0,0.0,0.06864096718530181,0.0,0.0,0.0,0.13110326733569644,0.061435820290419496,0.03449603103255792,0.03042124216978961,0.030303086552048004,0.07699266192182064,0.12128483461658504,0.0,0.0,0.0,0.05081067383067551,0.0,0.0,0.04318020516941211,0.2533343523841181,0.04400100736009908,0.05399585015147633
2022-10-27,0.0,0.0,0.0,0.0,0.06864096718530181,0.0,0.0,0.0,0.13110326733569644,0.061435820290419496,0.03449603103255792,0.03042124216978961,0.030303086552048004,0.07699266192182064,0.12128483461658504,0.0,0.0,0.0,0.05081067383067551,0.0,0.0,0.04318020516941211,0.2533343523841181,0.04400100736009908,0.05399585015147633
2022-10-28,0.0,0.0,0.0,0.0,0.06864096718530181,0.0,0.0,0.0,0.13110326733569644,0.061435820290419496,0.03449603103255792,0.03042124216978961,0.030303086552048004,0.07699266192182064,0.12128483461658504,0.0,0.0,0.0,0.05081067383067551,0.0,0.0,0.04318020516941211,0.2533343523841181,0.04400100736009908,0.05399585015147633
2022-10-31,0.0,0.0,0.0,0.0,0.06864096718530181,0.0,0.0,0.0,0.13110326733569644,0.061435820290419496,0.03449603103255792,0.03042124216978961,0.030303086552048004,0.07699266192182064,0.12128483461658504,0.0,0.0,0.0,0.05081067383067551,0.0,0.0,0.04318020516941211,0.2533343523841181,0.04400100736009908,0.05399585015147633
2022-11-01,0.0,0.0,0.0,0.0,0.06864096718530181,0.0,0.0,0.0,0.13110326733569644,0.061435820290419496,0.03449603103255792,0.03042124216978961,0.030303086552048004,0.07699266192182064,0.12128483461658504,0.0,0.0,0.0,0.05081067383067551,0.0,0.0,0.04318020516941211,0.2533343523841181,0.04400100736009908,0.05399585015147633
2022-11-02,0.0,0.0,0.0,0.0,0.06864096718530181,0.0,0.0,0.0,0.13110326733569644,0.061435820290419496,0.03449603103255792,0.03042124216978961,0.030303086552048004,0.07699266192182064,0.12128483461658504,0.0,0.0,0.0,0.05081067383067551,0.0,0.0,0.04318020516941211,0.2533343523841181,0.04400100736009908,0.05399585015147633
2022-11-03,0.0,0.0,0.0,0.0,0.06864096718530181,0.0,0.0,0.0,0.13110326733569644,0.061435820290419496,0.03449603103255792,0.03042124216978961,0.030303086552048004,0.07699266192182064,0.12128483461658504,0.0,0.0,0.0,0.05081067383067551,0.0,0.0,0.04318020516941211,0.2533343523841181,0.04400100736009908,0.05399585015147633
2022-11-04,0.0,0.0,0.0,0.0,0.06864096718530181,0.0,0.0,0.0,0.13110326733569644,0.061435820290419496,0.03449603103255792,0.03042124216978961,0.030303086552048004,0.07699266192182064,0.12128483461658504,0.0,0.0,0.0,0.05081067383067551,0.0,0.0,0.04318020516941211,0.2533343523841181,0.04400100736009908,0.05399585015147633
2022-11-07,0.0,0.0,0.0,0.0,0.06864096718530181,0.0,0.0,0.0,0.13110326733569644,0.061435820290419496,0.03449603103255792,0.03042124216978961,0.030303086552048004,0.07699266192182064,0.12128483461658504,0.0,0.0,0.0,0.05081067383067551,0.0,0.0,0.04318020516941211,0.2533343523841181,0.04400100736009908,0.05399585015147633
2022-11-08,0.0,0.0,0.0,0.0,0.06864096718530181,0.0,0.0,0.0,0.13110326733569644,0.061435820290419496,0.03449603103255792,0.03042124216978961,0.030303086552048004,0.07699266192182064,0.12128483461658504,0.0,0.0,0.0,0.05081067383067551,0.0,0.0,0.04318020516941211,0.2533343523841181,0.04400100736009908,0.05399585015147633
2022-11-09,0.0,0.0,0.0,0.0,0.06864096718530181,0.0,0.0,0.0,0.13110326733569644,0.061435820290419496,0.03449603103255792,0.03042124216978961,0.030303086552048004,0.07699266192182064,0.12128483461658504,0.0,0.0,0.0,0.05081067383067551,0.0,0.0,0.04318020516941211,0.2533343523841181,0.04400100736009908,0.05399585015147633
2022-11-10,0.0,0.0,0.0,0.0,0.06864096718530181,0.0,0.0,0.0,0.13110326733569644,0.061435820290419496,0.03449603103255792,0.03042124216978961,0.030303086552048004,0.07699266192182064,0.12128483461658504,0.0,0.0,0.0,0.05081067383067551,0.0,0.0,0.04318020516941211,0.2533343523841181,0.04400100736009908,0.05399585015147633
2022-11-11,0.0,0.0,0.0,0.0,0.06864096718530181,0.0,0.0,0.0,0.13110326733569644,0.061435820290419496,0.03449603103255792,0.03042124216978961,0.030303086552048004,0.07699266192182064,0.12128483461658504,0.0,0.0,0.0,0.05081067383067551,0.0,0.0,0.04318020516941211,0.2533343523841181,0.04400100736009908,0.05399585015147633
2022-11-14,0.0,0.0,0.0,0.0,0.06864096718530181,0.0,0.0,0.0,0.13110326733569644,0.061435820290419496,0.03449603103255792,0.03042124216978961,0.030303086552048004,0.07699266192182064,0.12128483461658504,0.0,0.0,0.0,0.05081067383067551,0.0,0.0,0.04318020516941211,0.2533343523841181,0.04400100736009908,0.05399585015147633
2022-11-15,0.0,0.0,0.0,0.0,0.06864096718530181,0.0,0.0,0.0,0.13110326733569644,0.061435820290419496,0.03449603103255792,0.03042124216978961,0.030303086552048004,0.07699266192182064,0.12128483461658504,0.0,0.0,0.0,0.05081067383067551,0.0,0.0,0.04318020516941211,0.2533343523841181,0.04400100736009908,0.05399585015147633
2022-11-16,0.0,0.0,0.0,0.0,0.06864096718530181,0.0,0.0,0.0,0.13110326733569644,0.061435820290419496,0.03449603103255792,0.03042124216978961,0.030303086552048004,0.07699266192182064,0.12128483461658504,0.0,0.0,0.0,0.05081067383067551,0.0,0.0,0.04318020516941211,0.2533343523841181,0.04400100736009908,0.05399585015147633
2022-11-17,0.0,0.0,0.0,0.0,0.06864096718530181,0.0,0.0,0.0,0.13110326733569644,0.061435820290419496,0.03449603103255792,0.03042124216978961,0.030303086552048004,0.07699266192182064,0.12128483461658504,0.0,0.0,0.0,0.05081067383067551,0.0,0.0,0.04318020516941211,0.2533343523841181,0.04400100736009908,0.05399585015147633
2022-11-18,0.0,0.0,0.0,0.0,0.06864096718530181,0.0,0.0,0.0,0.13110326733569644,0.061435820290419496,0.03449603103255792,0.03042124216978961,0.030303086552048004,0.07699266192182064,0.12128483461658504,0.0,0.0,0.0,0.05081067383067551,0.0,0.0,0.04318020516941211,0.2533343523841181,0.04400100736009908,0.05399585015147633
2022-11-21,0.0,0.0,0.0,0.0,0.06864096718530181,0.0,0.0,0.0,0.13110326733569644,0.061435820290419496,0.03449603103255792,0.03042124216978961,0.030303086552048004,0.07699266192182064,0.12128483461658504,0.0,0.0,0.0,0.05081067383067551,0.0,0.0,0.04318020516941211,0.2533343523841181,0.04400100736009908,0.05399585015147633
2022-11-22,0.0,0.0,0.0,0.0,0.06864096718530181,0.0,0.0,0.0,0.13110326733569644,0.061435820290419496,0.03449603103255792,0.03042124216978961,0.030303086552048004,0.07699266192182064,0.12128483461658504,0.0,0.0,0.0,0.05081067383067551,0.0,0.0,0.04318020516941211,0.2533343523841181,0.04400100736009908,0.05399585015147633
2022-11-23,0.0,0.0,0.0,0.0,0.06864096718530181,0.0,0.0,0.0,0.13110326733569644,0.061435820290419496,0.03449603103255792,0.03042124216978961,0.030303086552048004,0.07699266192182064,0.12128483461658504,0.0,0.0,0.0,0.05081067383067551,0.0,0.0,0.04318020516941211,0.2533343523841181,0.04400100736009908,0.05399585015147633
2022-11-24,0.0,0.0,0.0,0.0,0.06864096718530181,0.0,0.0,0.0,0.13110326733569644,0.061435820290419496,0.03449603103255792,0.03042124216978961,0.030303086552048004,0.07699266192182064,0.12128483461658504,0.0,0.0,0.0,0.05081067383067551,0.0,0.0,0.04318020516941211,0.2533343523841181,0.04400100736009908,0.05399585015147633
2022-11-25,0.0,0.0,0.0,0.0,0.06864096718530181,0.0,0.0,0.0,0.13110326733569644,0.061435820290419496,0.03449603103255792,0.03042124216978961,0.030303086552048004,0.07699266192182064,0.12128483461658504,0.0,0.0,0.0,0.05081067383067551,0.0,0.0,0.04318020516941211,0.2533343523841181,0.04400100736009908,0.05399585015147633
2022-11-28,0.0,0.0,0.0,0.0,0.06864096718530181,0.0,0.0,0.0,0.13110326733569644,0.061435820290419496,0.03449603103255792,0.03042124216978961,0.030303086552048004,0.07699266192182064,0.12128483461658504,0.0,0.0,0.0,0.05081067383067551,0.0,0.0,0.04318020516941211,0.2533343523841181,0.04400100736009908,0.05399585015147633
2022-11-29,0.0,0.0,0.0,0.0,0.06864096718530181,0.0,0.0,0.0,0.13110326733569644,0.061435820290419496,0.03449603103255792,0.03042124216978961,0.030303086552048004,0.07699266192182064,0.12128483461658504,0.0,0.0,0.0,0.05081067383067551,0.0,0.0,0.04318020516941211,0.2533343523841181,0.04400100736009908,0.05399585015147633
2022-11-30,0.0,0.0,0.0,0.0,0.06864096718530181,0.0,0.0,0.0,0.13110326733569644,0.061435820290419496,0.03449603103255792,0.03042124216978961,0.030303086552048004,0.07699266192182064,0.12128483461658504,0.0,0.0,0.0,0.05081067383067551,0.0,0.0,0.04318020516941211,0.2533343523841181,0.04400100736009908,0.05399585015147633
2022-12-01,0.0,0.0,0.04569500646454116,0.0,0.055648087626244284,0.048462742726545445,0.04191914476988073,0.0,0.0,0.07765679458872353,0.058077326252790745,0.0,0.0,0.01943433417515041,0.02449787876730667,0.0,0.0,0.0,0.043068580131756004,0.0,0.0,0.0930446209673757,0.3844480069063953,0.05542685703264967,0.0526206195906404
2022-12-02,0.0,0.0,0.04569500646454116,0.0,0.055648087626244284,0.048462742726545445,0.04191914476988073,0.0,0.0,0.07765679458872353,0.058077326252790745,0.0,0.0,0.01943433417515041,0.02449787876730667,0.0,0.0,0.0,0.043068580131756004,0.0,0.0,0.0930446209673757,0.3844480069063953,0.05542685703264967,0.0526206195906404
2022-12-05,0.0,0.0,0.04569500646454116,0.0,0.055648087626244284,0.048462742726545445,0.04191914476988073,0.0,0.0,0.07765679458872353,0.058077326252790745,0.0,0.0,0.01943433417515041,0.02449787876730667,0.0,0.0,0.0,0.043068580131756004,0.0,0.0,0.0930446209673757,0.3844480069063953,0.05542685703264967,0.0526206195906404
2022-12-06,0.0,0.0,0.04569500646454116,0.0,0.055648087626244284,0.048462742726545445,0.04191914476988073,0.0,0.0,0.07765679458872353,0.058077326252790745,0.0,0.0,0.01943433417515041,0.02449787876730667,0.0,0.0,0.0,0.043068580131756004,0.0,0.0,0.0930446209673757,0.3844480069063953,0.05542685703264967,0.0526206195906404
2022-12-07,0.0,0.0,0.04569500646454116,0.0,0.055648087626244284,0.048462742726545445,0.04191914476988073,0.0,0.0,0.07765679458872353,0.058077326252790745,0.0,0.0,0.01943433417515041,0.02449787876730667,0.0,0.0,0.0,0.043068580131756004,0.0,0.0,0.0930446209673757,0.3844480069063953,0.05542685703264967,0.0526206195906404
2022-12-08,0.0,0.0,0.04569500646454116,0.0,0.055648087626244284,0.048462742726545445,0.04191914476988073,0.0,0.0,0.07765679458872353,0.058077326252790745,0.0,0.0,0.01943433417515041,0.02449787876730667,0.0,0.0,0.0,0.043068580131756004,0.0,0.0,0.0930446209673757,0.3844480069063953,0.05542685703264967,0.0526206195906404
2022-12-09,0.0,0.0,0.04569500646454116,0.0,0.055648087626244284,0.048462742726545445,0.04191914476988073,0.0,0.0,0.07765679458872353,0.058077326252790745,0.0,0.0,0.01943433417515041,0.02449787876730667,0.0,0.0,0.0,0.043068580131756004,0.0,0.0,0.0930446209673757,0.3844480069063953,0.05542685703264967,0.0526206195906404
2022-12-12,0.0,0.0,0.04569500646454116,0.0,0.055648087626244284,0.048462742726545445,0.04191914476988073,0.0,0.0,0.07765679458872353,0.058077326252790745,0.0,0.0,0.01943433417515041,0.02449787876730667,0.0,0.0,0.0,0.043068580131756004,0.0,0.0,0.0930446209673757,0.3844480069063953,0.05542685703264967,0.0526206195906404
2022-12-13,0.0,0.0,0.04569500646454116,0.0,0.055648087626244284,0.048462742726545445,0.04191914476988073,0.0,0.0,0.07765679458872353,0.058077326252790745,0.0,0.0,0.01943433417515041,0.02449787876730667,0.0,0.0,0.0,0.043068580131756004,0.0,0.0,0.0930446209673757,0.3844480069063953,0.05542685703264967,0.0526206195906404
2022-12-14,0.0,0.0,0.04569500646454116,0.0,0.055648087626244284,0.048462742726545445,0.04191914476988073,0.0,0.0,0.07765679458872353,0.058077326252790745,0.0,0.0,0.01943433417515041,0.02449787876730667,0.0,0.0,0.0,0.043068580131756004,0.0,0.0,0.0930446209673757,0.3844480069063953,0.05542685703264967,0.0526206195906404
2022-12-15,0.0,0.0,0.04569500646454116,0.0,0.055648087626244284,0.048462742726545445,0.04191914476988073,0.0,0.0,0.07765679458872353,0.058077326252790745,0.0,0.0,0.01943433417515041,0.02449787876730667,0.0,0.0,0.0,0.043068580131756004,0.0,0.0,0.0930446209673757,0.3844480069063953,0.05542685703264967,0.0526206195906404
2022-12-16,0.0,0.0,0.04569500646454116,0.0,0.055648087626244284,0.048462742726545445,0.04191914476988073,0.0,0.0,0.07765679458872353,0.058077326252790745,0.0,0.0,0.01943433417515041,0.02449787876730667,0.0,0.0,0.0,0.043068580131756004,0.0,0.0,0.0930446209673757,0.3844480069063953,0.05542685703264967,0.0526206195906404
2022-12-19,0.0,0.0,0.04569500646454116,0.0,0.055648087626244284,0.048462742726545445,0.04191914476988073,0.0,0.0,0.07765679458872353,0.058077326252790745,0.0,0.0,0.01943433417515041,0.02449787876730667,0.0,0.0,0.0,0.043068580131756004,0.0,0.0,0.0930446209673757,0.3844480069063953,0.05542685703264967,0.0526206195906404
2022-12-20,0.0,0.0,0.04569500646454116,0.0,0.055648087626244284,0.048462742726545445,0.04191914476988073,0.0,0.0,0.07765679458872353,0.058077326252790745,0.0,0.0,0.01943433417515041,0.02449787876730667,0.0,0.0,0.0,0.043068580131756004,0.0,0.0,0.0930446209673757,0.3844480069063953,0.05542685703264967,0.0526206195906404
2022-12-21,0.0,0.0,0.04569500646454116,0.0,0.055648087626244284,0.048462742726545445,0.04191914476988073,0.0,0.0,0.07765679458872353,0.058077326252790745,0.0,0.0,0.01943433417515041,0.02449787876730667,0.0,0.0,0.0,0.043068580131756004,0.0,0.0,0.0930446209673757,0.3844480069063953,0.05542685703264967,0.0526206195906404
2022-12-22,0.0,0.0,0.04569500646454116,0.0,0.055648087626244284,0.048462742726545445,0.04191914476988073,0.0,0.0,0.07765679458872353,0.058077326252790745,0.0,0.0,0.01943433417515041,0.02449787876730667,0.0,0.0,0.0,0.043068580131756004,0.0,0.0,0.0930446209673757,0.3844480069063953,0.05542685703264967,0.0526206195906404
2022-12-23,0.0,0.0,0.04569500646454116,0.0,0.055648087626244284,0.048462742726545445,0.04191914476988073,0.0,0.0,0.07765679458872353,0.058077326252790745,0.0,0.0,0.01943433417515041,0.02449787876730667,0.0,0.0,0.0,0.043068580131756004,0.0,0.0,0.0930446209673757,0.3844480069063953,0.05542685703264967,0.0526206195906404
2022-12-26,0.0,0.0,0.04569500646454116,0.0,0.055648087626244284,0.048462742726545445,0.04191914476988073,0.0,0.0,0.07765679458872353,0.058077326252790745,0.0,0.0,0.01943433417515041,0.02449787876730667,0.0,0.0,0.0,0.043068580131756004,0.0,0.0,0.0930446209673757,0.3844480069063953,0.05542685703264967,0.0526206195906404
2022-12-27,0.0,0.0,0.04569500646454116,0.0,0.055648087626244284,0.048462742726545445,0.04191914476988073,0.0,0.0,0.07765679458872353,0.058077326252790745,0.0,0.0,0.01943433417515041,0.02449787876730667,0.0,0.0,0.0,0.043068580131756004,0.0,0.0,0.0930446209673757,0.3844480069063953,0.05542685703264967,0.0526206195906404
2022-12-28,0.0,0.0,0.04569500646454116,0.0,0.055648087626244284,0.048462742726545445,0.04191914476988073,0.0,0.0,0.07765679458872353,0.058077326252790745,0.0,0.0,0.01943433417515041,0.02449787876730667,0.0,0.0,0.0,0.043068580131756004,0.0,0.0,0.0930446209673757,0.3844480069063953,0.05542685703264967,0.0526206195906404
2022-12-29,0.0,0.0,0.04569500646454116,0.0,0.055648087626244284,0.048462742726545445,0.04191914476988073,0.0,0.0,0.07765679458872353,0.058077326252790745,0.0,0.0,0.01943433417515041,0.02449787876730667,0.0,0.0,0.0,0.043068580131756004,0.0,0.0,0.0930446209673757,0.3844480069063953,0.05542685703264967,0.0526206195906404
2022-12-30,0.0,0.0,0.04569500646454116,0.0,0.055648087626244284,0.048462742726545445,0.04191914476988073,0.0,0.0,0.07765679458872353,0.058077326252790745,0.0,0.0,0.01943433417515041,0.02449787876730667,0.0,0.0,0.0,0.043068580131756004,0.0,0.0,0.0930446209673757,0.3844480069063953,0.05542685703264967,0.0526206195906404
2023-01-03,0.0,0.0,0.04569500646454116,0.0,0.055648087626244284,0.048462742726545445,0.04191914476988073,0.0,0.0,0.07765679458872353,0.058077326252790745,0.0,0.0,0.01943433417515041,0.02449787876730667,0.0,0.0,0.0,0.043068580131756004,0.0,0.0,0.0930446209673757,0.3844480069063953,0.05542685703264967,0.0526206195906404
2023-01-04,0.0,0.0,0.04569500646454116,0.0,0.055648087626244284,0.048462742726545445,0.04191914476988073,0.0,0.0,0.07765679458872353,0.058077326252790745,0.0,0.0,0.01943433417515041,0.02449787876730667,0.0,0.0,0.0,0.043068580131756004,0.0,0.0,0.0930446209673757,0.3844480069063953,0.05542685703264967,0.0526206195906404
2023-01-05,0.0,0.0,0.04569500646454116,0.0,0.055648087626244284,0.048462742726545445,0.04191914476988073,0.0,0.0,0.07765679458872353,0.058077326252790745,0.0,0.0,0.01943433417515041,0.02449787876730667,0.0,0.0,0.0,0.043068580131756004,0.0,0.0,0.0930446209673757,0.3844480069063953,0.05542685703264967,0.0526206195906404
2023-01-06,0.0,0.0,0.04569500646454116,0.0,0.055648087626244284,0.048462742726545445,0.04191914476988073,0.0,0.0,0.07765679458872353,0.058077326252790745,0.0,0.0,0.01943433417515041,0.02449787876730667,0.0,0.0,0.0,0.043068580131756004,0.0,0.0,0.0930446209673757,0.3844480069063953,0.05542685703264967,0.0526206195906404
2023-01-09,0.0,0.0,0.04569500646454116,0.0,0.055648087626244284,0.048462742726545445,0.04191914476988073,0.0,0.0,0.07765679458872353,0.058077326252790745,0.0,0.0,0.01943433417515041,0.02449787876730667,0.0,0.0,0.0,0.043068580131756004,0.0,0.0,0.0930446209673757,0.3844480069063953,0.05542685703264967,0.0526206195906404
2023-01-10,0.0,0.0,0.04569500646454116,0.0,0.055648087626244284,0.048462742726545445,0.04191914476988073,0.0,0.0,0.07765679458872353,0.058077326252790745,0.0,0.0,0.01943433417515041,0.02449787876730667,0.0,0.0,0.0,0.043068580131756004,0.0,0.0,0.0930446209673757,0.3844480069063953,0.05542685703264967,0.0526206195906404
2023-01-11,0.0,0.0,0.04569500646454116,0.0,0.055648087626244284,0.048462742726545445,0.04191914476988073,0.0,0.0,0.07765679458872353,0.058077326252790745,0.0,0.0,0.01943433417515041,0.02449787876730667,0.0,0.0,0.0,0.043068580131756004,0.0,0.0,0.0930446209673757,0.3844480069063953,0.05542685703264967,0.0526206195906404
2023-01-12,0.0,0.0,0.04569500646454116,0.0,0.055648087626244284,0.048462742726545445,0.04191914476988073,0.0,0.0,0.07765679458872353,0.058077326252790745,0.0,0.0,0.01943433417515041,0.02449787876730667,0.0,0.0,0.0,0.043068580131756004,0.0,0.0,0.0930446209673757,0.3844480069063953,0.05542685703264967,0.0526206195906404
2023-01-13,0.0,0.0,0.04569500646454116,0.0,0.055648087626244284,0.048462742726545445,0.04191914476988073,0.0,0.0,0.07765679458872353,0.058077326252790745,0.0,0.0,0.01943433417515041,0.02449787876730667,0.0,0.0,0.0,0.043068580131756004,0.0,0.0,0.0930446209673757,0.3844480069063953,0.05542685703264967,0.0526206195906404
2023-01-16,0.0,0.0,0.04569500646454116,0.0,0.055648087626244284,0.048462742726545445,0.04191914476988073,0.0,0.0,0.07765679458872353,0.058077326252790745,0.0,0.0,0.01943433417515041,0.02449787876730667,0.0,0.0,0.0,0.043068580131756004,0.0,0.0,0.0930446209673757,0.3844480069063953,0.05542685703264967,0.0526206195906404
2023-01-17,0.0,0.0,0.04569500646454116,0.0,0.055648087626244284,0.048462742726545445,0.04191914476988073,0.0,0.0,0.07765679458872353,0.058077326252790745,0.0,0.0,0.01943433417515041,0.02449787876730667,0.0,0.0,0.0,0.043068580131756004,0.0,0.0,0.0930446209673757,0.3844480069063953,0.05542685703264967,0.0526206195906404
2023-01-18,0.0,0.0,0.04569500646454116,0.0,0.055648087626244284,0.048462742726545445,0.04191914476988073,0.0,0.0,0.07765679458872353,0.058077326252790745,0.0,0.0,0.01943433417515041,0.02449787876730667,0.0,0.0,0.0,0.043068580131756004,0.0,0.0,0.0930446209673757,0.3844480069063953,0.05542685703264967,0.0526206195906404
2023-01-19,0.0,0.0,0.04569500646454116,0.0,0.055648087626244284,0.048462742726545445,0.04191914476988073,0.0,0.0,0.07765679458872353,0.058077326252790745,0.0,0.0,0.01943433417515041,0.02449787876730667,0.0,0.0,0.0,0.043068580131756004,0.0,0.0,0.0930446209673757,0.3844480069063953,0.05542685703264967,0.0526206195906404
2023-01-20,0.0,0.0,0.04569500646454116,0.0,0.055648087626244284,0.048462742726545445,0.04191914476988073,0.0,0.0,0.07765679458872353,0.058077326252790745,0.0,0.0,0.01943433417515041,0.02449787876730667,0.0,0.0,0.0,0.043068580131756004,0.0,0.0,0.0930446209673757,0.3844480069063953,0.05542685703264967,0.0526206195906404
2023-01-23,0.0,0.0,0.04569500646454116,0.0,0.055648087626244284,0.048462742726545445,0.04191914476988073,0.0,0.0,0.07765679458872353,0.058077326252790745,0.0,0.0,0.01943433417515041,0.02449787876730667,0.0,0.0,0.0,0.043068580131756004,0.0,0.0,0.0930446209673757,0.3844480069063953,0.05542685703264967,0.0526206195906404
2023-01-24,0.0,0.0,0.04569500646454116,0.0,0.055648087626244284,0.048462742726545445,0.04191914476988073,0.0,0.0,0.07765679458872353,0.058077326252790745,0.0,0.0,0.01943433417515041,0.02449787876730667,0.0,0.0,0.0,0.043068580131756004,0.0,0.0,0.0930446209673757,0.3844480069063953,0.05542685703264967,0.0526206195906404
2023-01-25,0.0,0.0,0.04569500646454116,0.0,0.055648087626244284,0.048462742726545445,0.04191914476988073,0.0,0.0,0.07765679458872353,0.058077326252790745,0.0,0.0,0.01943433417515041,0.02449787876730667,0.0,0.0,0.0,0.043068580131756004,0.0,0.0,0.0930446209673757,0.3844480069063953,0.05542685703264967,0.0526206195906404
2023-01-26,0.0,0.0,0.04569500646454116,0.0,0.055648087626244284,0.048462742726545445,0.04191914476988073,0.0,0.0,0.07765679458872353,0.058077326252790745,0.0,0.0,0.01943433417515041,0.02449787876730667,0.0,0.0,0.0,0.043068580131756004,0.0,0.0,0.0930446209673757,0.3844480069063953,0.05542685703264967,0.0526206195906404
2023-01-27,0.0,0.0,0.04569500646454116,0.0,0.055648087626244284,0.048462742726545445,0.04191914476988073,0.0,0.0,0.07765679458872353,0.058077326252790745,0.0,0.0,0.01943433417515041,0.02449787876730667,0.0,0.0,0.0,0.043068580131756004,0.0,0.0,0.0930446209673757,0.3844480069063953,0.05542685703264967,0.0526206195906404
2023-01-30,0.0,0.0,0.04569500646454116,0.0,0.055648087626244284,0.048462742726545445,0.04191914476988073,0.0,0.0,0.07765679458872353,0.058077326252790745,0.0,0.0,0.01943433417515041,0.02449787876730667,0.0,0.0,0.0,0.043068580131756004,0.0,0.0,0.0930446209673757,0.3844480069063953,0.05542685703264967,0.0526206195906404
2023-01-31,0.0,0.0,0.04569500646454116,0.0,0.055648087626244284,0.048462742726545445,0.04191914476988073,0.0,0.0,0.07765679458872353,0.058077326252790745,0.0,0.0,0.01943433417515041,0.02449787876730667,0.0,0.0,0.0,0.043068580131756004,0.0,0.0,0.0930446209673757,0.3844480069063953,0.05542685703264967,0.0526206195906404
2023-02-01,0.04121018867197184,0.04191114324033642,0.05015100064300906,0.07496524849853929,0.05505754589758909,0.03742280549779977,0.04701247373029347,0.11747370779283652,0.0,0.15341967561444067,0.10601846657688538,0.0,0.0,0.0,0.0,0.21991108231472398,0.0,0.026895196444746625,0.0,0.02855146507682786,0.0,0.0,0.0,0.0,0.0
2023-02-02,0.04121018867197184,0.04191114324033642,0.05015100064300906,0.07496524849853929,0.05505754589758909,0.03742280549779977,0.04701247373029347,0.11747370779283652,0.0,0.15341967561444067,0.10601846657688538,0.0,0.0,0.0,0.0,0.21991108231472398,0.0,0.026895196444746625,0.0,0.02855146507682786,0.0,0.0,0.0,0.0,0.0
2023-02-03,0.04121018867197184,0.04191114324033642,0.05015100064300906,0.07496524849853929,0.05505754589758909,0.03742280549779977,0.04701247373029347,0.11747370779283652,0.0,0.15341967561444067,0.10601846657688538,0.0,0.0,0.0,0.0,0.21991108231472398,0.0,0.026895196444746625,0.0,0.02855146507682786,0.0,0.0,0.0,0.0,0.0
2023-02-06,0.04121018867197184,0.04191114324033642,0.05015100064300906,0.07496524849853929,0.05505754589758909,0.03742280549779977,0.04701247373029347,0.11747370779283652,0.0,0.15341967561444067,0.10601846657688538,0.0,0.0,0.0,0.0,0.21991108231472398,0.0,0.026895196444746625,0.0,0.02855146507682786,0.0,0.0,0.0,0.0,0.0
2023-02-07,0.04121018867197184,0.04191114324033642,0.05015100064300906,0.07496524849853929,0.05505754589758909,0.03742280549779977,0.04701247373029347,0.11747370779283652,0.0,0.15341967561444067,0.10601846657688538,0.0,0.0,0.0,0.0,0.21991108231472398,0.0,0.026895196444746625,0.0,0.02855146507682786,0.0,0.0,0.0,0.0,0.0
2023-02-08,0.04121018867197184,0.04191114324033642,0.05015100064300906,0.07496524849853929,0.05505754589758909,0.03742280549779977,0.04701247373029347,0.11747370779283652,0.0,0.15341967561444067,0.10601846657688538,0.0,0.0,0.0,0.0,0.21991108231472398,0.0,0.026895196444746625,0.0,0.02855146507682786,0.0,0.0,0.0,0.0,0.0
2023-02-09,0.04121018867197184,0.04191114324033642,0.05015100064300906,0.07496524849853929,0.05505754589758909,0.03742280549779977,0.04701247373029347,0.11747370779283652,0.0,0.15341967561444067,0.10601846657688538,0.0,0.0,0.0,0.0,0.21991108231472398,0.0,0.026895196444746625,0.0,0.02855146507682786,0.0,0.0,0.0,0.0,0.0
2023-02-10,0.04121018867197184,0.04191114324033642,0.05015100064300906,0.07496524849853929,0.05505754589758909,0.03742280549779977,0.04701247373029347,0.11747370779283652,0.0,0.15341967561444067,0.10601846657688538,0.0,0.0,0.0,0.0,0.21991108231472398,0.0,0.026895196444746625,0.0,0.02855146507682786,0.0,0.0,0.0,0.0,0.0
2023-02-13,0.04121018867197184,0.04191114324033642,0.05015100064300906,0.07496524849853929,0.05505754589758909,0.03742280549779977,0.04701247373029347,0.11747370779283652,0.0,0.15341967561444067,0.10601846657688538,0.0,0.0,0.0,0.0,0.21991108231472398,0.0,0.026895196444746625,0.0,0.02855146507682786,0.0,0.0,0.0,0.0,0.0
2023-02-14,0.04121018867197184,0.04191114324033642,0.05015100064300906,0.07496524849853929,0.05505754589758909,0.03742280549779977,0.04701247373029347,0.11747370779283652,0.0,0.15341967561444067,0.10601846657688538,0.0,0.0,0.0,0.0,0.21991108231472398,0.0,0.026895196444746625,0.0,0.02855146507682786,0.0,0.0,0.0,0.0,0.0
2023-02-15,0.04121018867197184,0.04191114324033642,0.05015100064300906,0.07496524849853929,0.05505754589758909,0.03742280549779977,0.04701247373029347,0.11747370779283652,0.0,0.15341967561444067,0.10601846657688538,0.0,0.0,0.0,0.0,0.21991108231472398,0.0,0.026895196444746625,0.0,0.02855146507682786,0.0,0.0,0.0,0.0,0.0
2023-02-16,0.04121018867197184,0.04191114324033642,0.05015100064300906,0.07496524849853929,0.05505754589758909,0.03742280549779977,0.04701247373029347,0.11747370779283652,0.0,0.15341967561444067,0.10601846657688538,0.0,0.0,0.0,0.0,0.21991108231472398,0.0,0.026895196444746625,0.0,0.02855146507682786,0.0,0.0,0.0,0.0,0.0
2023-02-17,0.04121018867197184,0.04191114324033642,0.05015100064300906,0.07496524849853929,0.05505754589758909,0.03742280549779977,0.04701247373029347,0.11747370779283652,0.0,0.15341967561444067,0.10601846657688538,0.0,0.0,0.0,0.0,0.21991108231472398,0.0,0.026895196444746625,0.0,0.02855146507682786,0.0,0.0,0.0,0.0,0.0
2023-02-20,0.04121018867197184,0.04191114324033642,0.05015100064300906,0.07496524849853929,0.05505754589758909,0.03742280549779977,0.04701247373029347,0.11747370779283652,0.0,0.15341967561444067,0.10601846657688538,0.0,0.0,0.0,0.0,0.21991108231472398,0.0,0.026895196444746625,0.0,0.02855146507682786,0.0,0.0,0.0,0.0,0.0
2023-02-21,0.04121018867197184,0.04191114324033642,0.05015100064300906,0.07496524849853929,0.05505754589758909,0.03742280549779977,0.04701247373029347,0.11747370779283652,0.0,0.15341967561444067,0.10601846657688538,0.0,0.0,0.0,0.0,0.21991108231472398,0.0,0.026895196444746625,0.0,0.02855146507682786,0.0,0.0,0.0,0.0,0.0
2023-02-22,0.04121018867197184,0.04191114324033642,0.05015100064300906,0.07496524849853929,0.05505754589758909,0.03742280549779977,0.04701247373029347,0.11747370779283652,0.0,0.15341967561444067,0.10601846657688538,0.0,0.0,0.0,0.0,0.21991108231472398,0.0,0.026895196444746625,0.0,0.02855146507682786,0.0,0.0,0.0,0.0,0.0
2023-02-23,0.04121018867197184,0.04191114324033642,0.05015100064300906,0.07496524849853929,0.05505754589758909,0.03742280549779977,0.04701247373029347,0.11747370779283652,0.0,0.15341967561444067,0.10601846657688538,0.0,0.0,0.0,0.0,0.21991108231472398,0.0,0.026895196444746625,0.0,0.02855146507682786,0.0,0.0,0.0,0.0,0.0
2023-02-24,0.04121018867197184,0.04191114324033642,0.05015100064300906,0.07496524849853929,0.05505754589758909,0.03742280549779977,0.04701247373029347,0.11747370779283652,0.0,0.15341967561444067,0.10601846657688538,0.0,0.0,0.0,0.0,0.21991108231472398,0.0,0.026895196444746625,0.0,0.02855146507682786,0.0,0.0,0.0,0.0,0.0
2023-02-27,0.04121018867197184,0.04191114324033642,0.05015100064300906,0.07496524849853929,0.05505754589758909,0.03742280549779977,0.04701247373029347,0.11747370779283652,0.0,0.15341967561444067,0.10601846657688538,0.0,0.0,0.0,0.0,0.21991108231472398,0.0,0.026895196444746625,0.0,0.02855146507682786,0.0,0.0,0.0,0.0,0.0
2023-02-28,0.04121018867197184,0.04191114324033642,0.05015100064300906,0.07496524849853929,0.05505754589758909,0.03742280549779977,0.04701247373029347,0.11747370779283652,0.0,0.15341967561444067,0.10601846657688538,0.0,0.0,0.0,0.0,0.21991108231472398,0.0,0.026895196444746625,0.0,0.02855146507682786,0.0,0.0,0.0,0.0,0.0
2023-03-01,0.04121018867197184,0.04191114324033642,0.05015100064300906,0.07496524849853929,0.05505754589758909,0.03742280549779977,0.04701247373029347,0.11747370779283652,0.0,0.15341967561444067,0.10601846657688538,0.0,0.0,0.0,0.0,0.21991108231472398,0.0,0.026895196444746625,0.0,0.02855146507682786,0.0,0.0,0.0,0.0,0.0
2023-03-02,0.04121018867197184,0.04191114324033642,0.05015100064300906,0.07496524849853929,0.05505754589758909,0.03742280549779977,0.04701247373029347,0.11747370779283652,0.0,0.15341967561444067,0.10601846657688538,0.0,0.0,0.0,0.0,0.21991108231472398,0.0,0.026895196444746625,0.0,0.02855146507682786,0.0,0.0,0.0,0.0,0.0
2023-03-03,0.04121018867197184,0.04191114324033642,0.05015100064300906,0.07496524849853929,0.05505754589758909,0.03742280549779977,0.04701247373029347,0.11747370779283652,0.0,0.15341967561444067,0.10601846657688538,0.0,0.0,0.0,0.0,0.21991108231472398,0.0,0.026895196444746625,0.0,0.02855146507682786,0.0,0.0,0.0,0.0,0.0
2023-03-06,0.04121018867197184,0.04191114324033642,0.05015100064300906,0.07496524849853929,0.05505754589758909,0.03742280549779977,0.04701247373029347,0.11747370779283652,0.0,0.15341967561444067,0.10601846657688538,0.0,0.0,0.0,0.0,0.21991108231472398,0.0,0.026895196444746625,0.0,0.02855146507682786,0.0,0.0,0.0,0.0,0.0
2023-03-07,0.04121018867197184,0.04191114324033642,0.05015100064300906,0.07496524849853929,0.05505754589758909,0.03742280549779977,0.04701247373029347,0.11747370779283652,0.0,0.15341967561444067,0.10601846657688538,0.0,0.0,0.0,0.0,0.21991108231472398,0.0,0.026895196444746625,0.0,0.02855146507682786,0.0,0.0,0.0,0.0,0.0
2023-03-08,0.04121018867197184,0.04191114324033642,0.05015100064300906,0.07496524849853929,0.05505754589758909,0.03742280549779977,0.04701247373029347,0.11747370779283652,0.0,0.15341967561444067,0.10601846657688538,0.0,0.0,0.0,0.0,0.21991108231472398,0.0,0.026895196444746625,0.0,0.02855146507682786,0.0,0.0,0.0,0.0,0.0
2023-03-09,0.04121018867197184,0.04191114324033642,0.05015100064300906,0.07496524849853929,0.05505754589758909,0.03742280549779977,0.04701247373029347,0.11747370779283652,0.0,0.15341967561444067,0.10601846657688538,0.0,0.0,0.0,0.0,0.21991108231472398,0.0,0.026895196444746625,0.0,0.02855146507682786,0.0,0.0,0.0,0.0,0.0
2023-03-10,0.04121018867197184,0.04191114324033642,0.05015100064300906,0.07496524849853929,0.05505754589758909,0.03742280549779977,0.04701247373029347,0.11747370779283652,0.0,0.15341967561444067,0.10601846657688538,0.0,0.0,0.0,0.0,0.21991108231472398,0.0,0.026895196444746625,0.0,0.02855146507682786,0.0,0.0,0.0,0.0,0.0
2023-03-13,0.04121018867197184,0.04191114324033642,0.05015100064300906,0.07496524849853929,0.05505754589758909,0.03742280549779977,0.04701247373029347,0.11747370779283652,0.0,0.15341967561444067,0.10601846657688538,0.0,0.0,0.0,0.0,0.21991108231472398,0.0,0.026895196444746625,0.0,0.02855146507682786,0.0,0.0,0.0,0.0,0.0
2023-03-14,0.04121018867197184,0.04191114324033642,0.05015100064300906,0.07496524849853929,0.05505754589758909,0.03742280549779977,0.04701247373029347,0.11747370779283652,0.0,0.15341967561444067,0.10601846657688538,0.0,0.0,0.0,0.0,0.21991108231472398,0.0,0.026895196444746625,0.0,0.02855146507682786,0.0,0.0,0.0,0.0,0.0
2023-03-15,0.04121018867197184,0.04191114324033642,0.05015100064300906,0.07496524849853929,0.05505754589758909,0.03742280549779977,0.04701247373029347,0.11747370779283652,0.0,0.15341967561444067,0.10601846657688538,0.0,0.0,0.0,0.0,0.21991108231472398,0.0,0.026895196444746625,0.0,0.02855146507682786,0.0,0.0,0.0,0.0,0.0
2023-03-16,0.04121018867197184,0.04191114324033642,0.05015100064300906,0.07496524849853929,0.05505754589758909,0.03742280549779977,0.04701247373029347,0.11747370779283652,0.0,0.15341967561444067,0.10601846657688538,0.0,0.0,0.0,0.0,0.21991108231472398,0.0,0.026895196444746625,0.0,0.02855146507682786,0.0,0.0,0.0,0.0,0.0
2023-03-17,0.04121018867197184,0.04191114324033642,0.05015100064300906,0.07496524849853929,0.05505754589758909,0.03742280549779977,0.04701247373029347,0.11747370779283652,0.0,0.15341967561444067,0.10601846657688538,0.0,0.0,0.0,0.0,0.21991108231472398,0.0,0.026895196444746625,0.0,0.02855146507682786,0.0,0.0,0.0,0.0,0.0
2023-03-20,0.04121018867197184,0.04191114324033642,0.05015100064300906,0.07496524849853929,0.05505754589758909,0.03742280549779977,0.04701247373029347,0.11747370779283652,0.0,0.15341967561444067,0.10601846657688538,0.0,0.0,0.0,0.0,0.21991108231472398,0.0,0.026895196444746625,0.0,0.02855146507682786,0.0,0.0,0.0,0.0,0.0
2023-03-21,0.04121018867197184,0.04191114324033642,0.05015100064300906,0.07496524849853929,0.05505754589758909,0.03742280549779977,0.04701247373029347,0.11747370779283652,0.0,0.15341967561444067,0.10601846657688538,0.0,0.0,0.0,0.0,0.21991108231472398,0.0,0.026895196444746625,0.0,0.02855146507682786,0.0,0.0,0.0,0.0,0.0
2023-03-22,0.04121018867197184,0.04191114324033642,0.05015100064300906,0.07496524849853929,0.05505754589758909,0.03742280549779977,0.04701247373029347,0.11747370779283652,0.0,0.15341967561444067,0.10601846657688538,0.0,0.0,0.0,0.0,0.21991108231472398,0.0,0.026895196444746625,0.0,0.02855146507682786,0.0,0.0,0.0,0.0,0.0
2023-03-23,0.04121018867197184,0.04191114324033642,0.05015100064300906,0.07496524849853929,0.05505754589758909,0.03742280549779977,0.04701247373029347,0.11747370779283652,0.0,0.15341967561444067,0.10601846657688538,0.0,0.0,0.0,0.0,0.21991108231472398,0.0,0.026895196444746625,0.0,0.02855146507682786,0.0,0.0,0.0,0.0,0.0
2023-03-24,0.04121018867197184,0.04191114324033642,0.05015100064300906,0.07496524849853929,0.05505754589758909,0.03742280549779977,0.04701247373029347,0.11747370779283652,0.0,0.15341967561444067,0.10601846657688538,0.0,0.0,0.0,0.0,0.21991108231472398,0.0,0.026895196444746625,0.0,0.02855146507682786,0.0,0.0,0.0,0.0,0.0
2023-03-27,0.04121018867197184,0.04191114324033642,0.05015100064300906,0.07496524849853929,0.05505754589758909,0.03742280549779977,0.04701247373029347,0.11747370779283652,0.0,0.15341967561444067,0.10601846657688538,0.0,0.0,0.0,0.0,0.21991108231472398,0.0,0.026895196444746625,0.0,0.02855146507682786,0.0,0.0,0.0,0.0,0.0
2023-03-28,0.04121018867197184,0.04191114324033642,0.05015100064300906,0.07496524849853929,0.05505754589758909,0.03742280549779977,0.04701247373029347,0.11747370779283652,0.0,0.15341967561444067,0.10601846657688538,0.0,0.0,0.0,0.0,0.21991108231472398,0.0,0.026895196444746625,0.0,0.02855146507682786,0.0,0.0,0.0,0.0,0.0
2023-03-29,0.04121018867197184,0.04191114324033642,0.05015100064300906,0.07496524849853929,0.05505754589758909,0.03742280549779977,0.04701247373029347,0.11747370779283652,0.0,0.15341967561444067,0.10601846657688538,0.0,0.0,0.0,0.0,0.21991108231472398,0.0,0.026895196444746625,0.0,0.02855146507682786,0.0,0.0,0.0,0.0,0.0
2023-03-30,0.04121018867197184,0.04191114324033642,0.05015100064300906,0.07496524849853929,0.05505754589758909,0.03742280549779977,0.04701247373029347,0.11747370779283652,0.0,0.15341967561444067,0.10601846657688538,0.0,0.0,0.0,0.0,0.21991108231472398,0.0,0.026895196444746625,0.0,0.02855146507682786,0.0,0.0,0.0,0.0,0.0
2023-03-31,0.04121018867197184,0.04191114324033642,0.05015100064300906,0.07496524849853929,0.05505754589758909,0.03742280549779977,0.04701247373029347,0.11747370779283652,0.0,0.15341967561444067,0.10601846657688538,0.0,0.0,0.0,0.0,0.21991108231472398,0.0,0.026895196444746625,0.0,0.02855146507682786,0.0,0.0,0.0,0.0,0.0
2023-04-03,0.08564227747696149,0.086676875135289,0.08514987771468496,0.07971188566262694,0.09375380857209994,0.0638754283144404,0.06134164251457374,0.1043363114432935,0.0,0.16347621225668552,0.0,0.0,0.04835725499591336,0.0,0.0,0.0526556986950298,0.0,0.03830089531450312,0.0,0.036721831903898085,0.0,0.0,0.0,0.0,0.0
2023-04-04,0.08564227747696149,0.086676875135289,0.08514987771468496,0.07971188566262694,0.09375380857209994,0.0638754283144404,0.06134164251457374,0.1043363114432935,0.0,0.16347621225668552,0.0,0.0,0.04835725499591336,0.0,0.0,0.0526556986950298,0.0,0.03830089531450312,0.0,0.036721831903898085,0.0,0.0,0.0,0.0,0.0
2023-04-05,0.08564227747696149,0.086676875135289,0.08514987771468496,0.07971188566262694,0.09375380857209994,0.0638754283144404,0.06134164251457374,0.1043363114432935,0.0,0.16347621225668552,0.0,0.0,0.04835725499591336,0.0,0.0,0.0526556986950298,0.0,0.03830089531450312,0.0,0.036721831903898085,0.0,0.0,0.0,0.0,0.0
2023-04-06,0.08564227747696149,0.086676875135289,0.08514987771468496,0.07971188566262694,0.09375380857209994,0.0638754283144404,0.06134164251457374,0.1043363114432935,0.0,0.16347621225668552,0.0,0.0,0.04835725499591336,0.0,0.0,0.0526556986950298,0.0,0.03830089531450312,0.0,0.036721831903898085,0.0,0.0,0.0,0.0,0.0
2023-04-07,0.08564227747696149,0.086676875135289,0.08514987771468496,0.07971188566262694,0.09375380857209994,0.0638754283144404,0.06134164251457374,0.1043363114432935,0.0,0.16347621225668552,0.0,0.0,0.04835725499591336,0.0,0.0,0.0526556986950298,0.0,0.03830089531450312,0.0,0.036721831903898085,0.0,0.0,0.0,0.0,0.0
2023-04-10,0.08564227747696149,0.086676875135289,0.08514987771468496,0.07971188566262694,0.09375380857209994,0.0638754283144404,0.06134164251457374,0.1043363114432935,0.0,0.16347621225668552,0.0,0.0,0.04835725499591336,0.0,0.0,0.0526556986950298,0.0,0.03830089531450312,0.0,0.036721831903898085,0.0,0.0,0.0,0.0,0.0
2023-04-11,0.08564227747696149,0.086676875135289,0.08514987771468496,0.07971188566262694,0.09375380857209994,0.0638754283144404,0.06134164251457374,0.1043363114432935,0.0,0.16347621225668552,0.0,0.0,0.04835725499591336,0.0,0.0,0.0526556986950298,0.0,0.03830089531450312,0.0,0.036721831903898085,0.0,0.0,0.0,0.0,0.0
2023-04-12,0.08564227747696149,0.086676875135289,0.08514987771468496,0.07971188566262694,0.09375380857209994,0.0638754283144404,0.06134164251457374,0.1043363114432935,0.0,0.16347621225668552,0.0,0.0,0.04835725499591336,0.0,0.0,0.0526556986950298,0.0,0.03830089531450312,0.0,0.036721831903898085,0.0,0.0,0.0,0.0,0.0
2023-04-13,0.08564227747696149,0.086676875135289,0.08514987771468496,0.07971188566262694,0.09375380857209994,0.0638754283144404,0.06134164251457374,0.1043363114432935,0.0,0.16347621225668552,0.0,0.0,0.04835725499591336,0.0,0.0,0.0526556986950298,0.0,0.03830089531450312,0.0,0.036721831903898085,0.0,0.0,0.0,0.0,0.0
2023-04-14,0.08564227747696149,0.086676875135289,0.08514987771468496,0.07971188566262694,0.09375380857209994,0.0638754283144404,0.06134164251457374,0.1043363114432935,0.0,0.16347621225668552,0.0,0.0,0.04835725499591336,0.0,0.0,0.0526556986950298,0.0,0.03830089531450312,0.0,0.036721831903898085,0.0,0.0,0.0,0.0,0.0
2023-04-17,0.08564227747696149,0.086676875135289,0.08514987771468496,0.07971188566262694,0.09375380857209994,0.0638754283144404,0.06134164251457374,0.1043363114432935,0.0,0.16347621225668552,0.0,0.0,0.04835725499591336,0.0,0.0,0.0526556986950298,0.0,0.03830089531450312,0.0,0.036721831903898085,0.0,0.0,0.0,0.0,0.0
2023-04-18,0.08564227747696149,0.086676875135289,0.08514987771468496,0.07971188566262694,0.09375380857209994,0.0638754283144404,0.06134164251457374,0.1043363114432935,0.0,0.16347621225668552,0.0,0.0,0.04835725499591336,0.0,0.0,0.0526556986950298,0.0,0.03830089531450312,0.0,0.036721831903898085,0.0,0.0,0.0,0.0,0.0
2023-04-19,0.08564227747696149,0.086676875135289,0.08514987771468496,0.07971188566262694,0.09375380857209994,0.0638754283144404,0.06134164251457374,0.1043363114432935,0.0,0.16347621225668552,0.0,0.0,0.04835725499591336,0.0,0.0,0.0526556986950298,0.0,0.03830089531450312,0.0,0.036721831903898085,0.0,0.0,0.0,0.0,0.0
2023-04-20,0.08564227747696149,0.086676875135289,0.08514987771468496,0.07971188566262694,0.09375380857209994,0.0638754283144404,0.06134164251457374,0.1043363114432935,0.0,0.16347621225668552,0.0,0.0,0.04835725499591336,0.0,0.0,0.0526556986950298,0.0,0.03830089531450312,0.0,0.036721831903898085,0.0,0.0,0.0,0.0,0.0
2023-04-21,0.08564227747696149,0.086676875135289,0.08514987771468496,0.07971188566262694,0.09375380857209994,0.0638754283144404,0.06134164251457374,0.1043363114432935,0.0,0.16347621225668552,0.0,0.0,0.04835725499591336,0.0,0.0,0.0526556986950298,0.0,0.03830089531450312,0.0,0.036721831903898085,0.0,0.0,0.0,0.0,0.0
2023-04-24,0.08564227747696149,0.086676875135289,0.08514987771468496,0.07971188566262694,0.09375380857209994,0.0638754283144404,0.06134164251457374,0.1043363114432935,0.0,0.16347621225668552,0.0,0.0,0.04835725499591336,0.0,0.0,0.0526556986950298,0.0,0.03830089531450312,0.0,0.036721831903898085,0.0,0.0,0.0,0.0,0.0
2023-04-25,0.08564227747696149,0.086676875135289,0.08514987771468496,0.07971188566262694,0.09375380857209994,0.0638754283144404,0.06134164251457374,0.1043363114432935,0.0,0.16347621225668552,0.0,0.0,0.04835725499591336,0.0,0.0,0.0526556986950298,0.0,0.03830089531450312,0.0,0.036721831903898085,0.0,0.0,0.0,0.0,0.0
2023-04-26,0.08564227747696149,0.086676875135289,0.08514987771468496,0.07971188566262694,0.09375380857209994,0.0638754283144404,0.06134164251457374,0.1043363114432935,0.0,0.16347621225668552,0.0,0.0,0.04835725499591336,0.0,0.0,0.0526556986950298,0.0,0.03830089531450312,0.0,0.036721831903898085,0.0,0.0,0.0,0.0,0.0
2023-04-27,0.08564227747696149,0.086676875135289,0.08514987771468496,0.07971188566262694,0.09375380857209994,0.0638754283144404,0.06134164251457374,0.1043363114432935,0.0,0.16347621225668552,0.0,0.0,0.04835725499591336,0.0,0.0,0.0526556986950298,0.0,0.03830089531450312,0.0,0.036721831903898085,0.0,0.0,0.0,0.0,0.0
2023-04-28,0.08564227747696149,0.086676875135289,0.08514987771468496,0.07971188566262694,0.09375380857209994,0.0638754283144404,0.06134164251457374,0.1043363114432935,0.0,0.16347621225668552,0.0,0.0,0.04835725499591336,0.0,0.0,0.0526556986950298,0.0,0.03830089531450312,0.0,0.036721831903898085,0.0,0.0,0.0,0.0,0.0
2023-05-01,0.08564227747696149,0.086676875135289,0.08514987771468496,0.07971188566262694,0.09375380857209994,0.0638754283144404,0.06134164251457374,0.1043363114432935,0.0,0.16347621225668552,0.0,0.0,0.04835725499591336,0.0,0.0,0.0526556986950298,0.0,0.03830089531450312,0.0,0.036721831903898085,0.0,0.0,0.0,0.0,0.0
2023-05-02,0.08564227747696149,0.086676875135289,0.08514987771468496,0.07971188566262694,0.09375380857209994,0.0638754283144404,0.06134164251457374,0.1043363114432935,0.0,0.16347621225668552,0.0,0.0,0.04835725499591336,0.0,0.0,0.0526556986950298,0.0,0.03830089531450312,0.0,0.036721831903898085,0.0,0.0,0.0,0.0,0.0
2023-05-03,0.08564227747696149,0.086676875135289,0.08514987771468496,0.07971188566262694,0.09375380857209994,0.0638754283144404,0.06134164251457374,0.1043363114432935,0.0,0.16347621225668552,0.0,0.0,0.04835725499591336,0.0,0.0,0.0526556986950298,0.0,0.03830089531450312,0.0,0.036721831903898085,0.0,0.0,0.0,0.0,0.0
2023-05-04,0.08564227747696149,0.086676875135289,0.08514987771468496,0.07971188566262694,0.09375380857209994,0.0638754283144404,0.06134164251457374,0.1043363114432935,0.0,0.16347621225668552,0.0,0.0,0.04835725499591336,0.0,0.0,0.0526556986950298,0.0,0.03830089531450312,0.0,0.036721831903898085,0.0,0.0,0.0,0.0,0.0
2023-05-05,0.08564227747696149,0.086676875135289,0.08514987771468496,0.07971188566262694,0.09375380857209994,0.0638754283144404,0.06134164251457374,0.1043363114432935,0.0,0.16347621225668552,0.0,0.0,0.04835725499591336,0.0,0.0,0.0526556986950298,0.0,0.03830089531450312,0.0,0.036721831903898085,0.0,0.0,0.0,0.0,0.0
2023-05-08,0.08564227747696149,0.086676875135289,0.08514987771468496,0.07971188566262694,0.09375380857209994,0.0638754283144404,0.06134164251457374,0.1043363114432935,0.0,0.16347621225668552,0.0,0.0,0.04835725499591336,0.0,0.0,0.0526556986950298,0.0,0.03830089531450312,0.0,0.036721831903898085,0.0,0.0,0.0,0.0,0.0
2023-05-09,0.08564227747696149,0.086676875135289,0.08514987771468496,0.07971188566262694,0.09375380857209994,0.0638754283144404,0.06134164251457374,0.1043363114432935,0.0,0.16347621225668552,0.0,0.0,0.04835725499591336,0.0,0.0,0.0526556986950298,0.0,0.03830089531450312,0.0,0.036721831903898085,0.0,0.0,0.0,0.0,0.0
2023-05-10,0.08564227747696149,0.086676875135289,0.08514987771468496,0.07971188566262694,0.09375380857209994,0.0638754283144404,0.06134164251457374,0.1043363114432935,0.0,0.16347621225668552,0.0,0.0,0.04835725499591336,0.0,0.0,0.0526556986950298,0.0,0.03830089531450312,0.0,0.036721831903898085,0.0,0.0,0.0,0.0,0.0
2023-05-11,0.08564227747696149,0.086676875135289,0.08514987771468496,0.07971188566262694,0.09375380857209994,0.0638754283144404,0.06134164251457374,0.1043363114432935,0.0,0.16347621225668552,0.0,0.0,0.04835725499591336,0.0,0.0,0.0526556986950298,0.0,0.03830089531450312,0.0,0.036721831903898085,0.0,0.0,0.0,0.0,0.0
2023-05-12,0.08564227747696149,0.086676875135289,0.08514987771468496,0.07971188566262694,0.09375380857209994,0.0638754283144404,0.06134164251457374,0.1043363114432935,0.0,0.16347621225668552,0.0,0.0,0.04835725499591336,0.0,0.0,0.0526556986950298,0.0,0.03830089531450312,0.0,0.036721831903898085,0.0,0.0,0.0,0.0,0.0
2023-05-15,0.08564227747696149,0.086676875135289,0.08514987771468496,0.07971188566262694,0.09375380857209994,0.0638754283144404,0.06134164251457374,0.1043363114432935,0.0,0.16347621225668552,0.0,0.0,0.04835725499591336,0.0,0.0,0.0526556986950298,0.0,0.03830089531450312,0.0,0.036721831903898085,0.0,0.0,0.0,0.0,0.0
2023-05-16,0.08564227747696149,0.086676875135289,0.08514987771468496,0.07971188566262694,0.09375380857209994,0.0638754283144404,0.06134164251457374,0.1043363114432935,0.0,0.16347621225668552,0.0,0.0,0.04835725499591336,0.0,0.0,0.0526556986950298,0.0,0.03830089531450312,0.0,0.036721831903898085,0.0,0.0,0.0,0.0,0.0
2023-05-17,0.08564227747696149,0.086676875135289,0.08514987771468496,0.07971188566262694,0.09375380857209994,0.0638754283144404,0.06134164251457374,0.1043363114432935,0.0,0.16347621225668552,0.0,0.0,0.04835725499591336,0.0,0.0,0.0526556986950298,0.0,0.03830089531450312,0.0,0.036721831903898085,0.0,0.0,0.0,0.0,0.0
2023-05-18,0.08564227747696149,0.086676875135289,0.08514987771468496,0.07971188566262694,0.09375380857209994,0.0638754283144404,0.06134164251457374,0.1043363114432935,0.0,0.16347621225668552,0.0,0.0,0.04835725499591336,0.0,0.0,0.0526556986950298,0.0,0.03830089531450312,0.0,0.036721831903898085,0.0,0.0,0.0,0.0,0.0
2023-05-19,0.08564227747696149,0.086676875135289,0.08514987771468496,0.07971188566262694,0.09375380857209994,0.0638754283144404,0.06134164251457374,0.1043363114432935,0.0,0.16347621225668552,0.0,0.0,0.04835725499591336,0.0,0.0,0.0526556986950298,0.0,0.03830089531450312,0.0,0.036721831903898085,0.0,0.0,0.0,0.0,0.0
2023-05-22,0.08564227747696149,0.086676875135289,0.08514987771468496,0.07971188566262694,0.09375380857209994,0.0638754283144404,0.06134164251457374,0.1043363114432935,0.0,0.16347621225668552,0.0,0.0,0.04835725499591336,0.0,0.0,0.0526556986950298,0.0,0.03830089531450312,0.0,0.036721831903898085,0.0,0.0,0.0,0.0,0.0
2023-05-23,0.08564227747696149,0.086676875135289,0.08514987771468496,0.07971188566262694,0.09375380857209994,0.0638754283144404,0.06134164251457374,0.1043363114432935,0.0,0.16347621225668552,0.0,0.0,0.04835725499591336,0.0,0.0,0.0526556986950298,0.0,0.03830089531450312,0.0,0.036721831903898085,0.0,0.0,0.0,0.0,0.0
2023-05-24,0.08564227747696149,0.086676875135289,0.08514987771468496,0.07971188566262694,0.09375380857209994,0.0638754283144404,0.06134164251457374,0.1043363114432935,0.0,0.16347621225668552,0.0,0.0,0.04835725499591336,0.0,0.0,0.0526556986950298,0.0,0.03830089531450312,0.0,0.036721831903898085,0.0,0.0,0.0,0.0,0.0
2023-05-25,0.08564227747696149,0.086676875135289,0.08514987771468496,0.07971188566262694,0.09375380857209994,0.0638754283144404,0.06134164251457374,0.1043363114432935,0.0,0.16347621225668552,0.0,0.0,0.04835725499591336,0.0,0.0,0.0526556986950298,0.0,0.03830089531450312,0.0,0.036721831903898085,0.0,0.0,0.0,0.0,0.0
2023-05-26,0.08564227747696149,0.086676875135289,0.08514987771468496,0.07971188566262694,0.09375380857209994,0.0638754283144404,0.06134164251457374,0.1043363114432935,0.0,0.16347621225668552,0.0,0.0,0.04835725499591336,0.0,0.0,0.0526556986950298,0.0,0.03830089531450312,0.0,0.036721831903898085,0.0,0.0,0.0,0.0,0.0
2023-05-29,0.08564227747696149,0.086676875135289,0.08514987771468496,0.07971188566262694,0.09375380857209994,0.0638754283144404,0.06134164251457374,0.1043363114432935,0.0,0.16347621225668552,0.0,0.0,0.04835725499591336,0.0,0.0,0.0526556986950298,0.0,0.03830089531450312,0.0,0.036721831903898085,0.0,0.0,0.0,0.0,0.0
2023-05-30,0.08564227747696149,0.086676875135289,0.08514987771468496,0.07971188566262694,0.09375380857209994,0.0638754283144404,0.06134164251457374,0.1043363114432935,0.0,0.16347621225668552,0.0,0.0,0.04835725499591336,0.0,0.0,0.0526556986950298,0.0,0.03830089531450312,0.0,0.036721831903898085,0.0,0.0,0.0,0.0,0.0
2023-05-31,0.08564227747696149,0.086676875135289,0.08514987771468496,0.07971188566262694,0.09375380857209994,0.0638754283144404,0.06134164251457374,0.1043363114432935,0.0,0.16347621225668552,0.0,0.0,0.04835725499591336,0.0,0.0,0.0526556986950298,0.0,0.03830089531450312,0.0,0.036721831903898085,0.0,0.0,0.0,0.0,0.0
2023-06-01,0.07544375124417549,0.07796757772428368,0.06618432272472721,0.12659769501914267,0.09712229597432208,0.05584109519149101,0.07228384539759254,0.0969416730645031,0.0,0.11202094969224691,0.0,0.06420923649895077,0.051448432513083245,0.0,0.0,0.0,0.0,0.05464011390389715,0.0,0.049299011051584234,0.0,0.0,0.0,0.0,0.0
2023-06-02,0.07544375124417549,0.07796757772428368,0.06618432272472721,0.12659769501914267,0.09712229597432208,0.05584109519149101,0.07228384539759254,0.0969416730645031,0.0,0.11202094969224691,0.0,0.06420923649895077,0.051448432513083245,0.0,0.0,0.0,0.0,0.05464011390389715,0.0,0.049299011051584234,0.0,0.0,0.0,0.0,0.0
2023-06-05,0.07544375124417549,0.07796757772428368,0.06618432272472721,0.12659769501914267,0.09712229597432208,0.05584109519149101,0.07228384539759254,0.0969416730645031,0.0,0.11202094969224691,0.0,0.06420923649895077,0.051448432513083245,0.0,0.0,0.0,0.0,0.05464011390389715,0.0,0.049299011051584234,0.0,0.0,0.0,0.0,0.0
2023-06-06,0.07544375124417549,0.07796757772428368,0.06618432272472721,0.12659769501914267,0.09712229597432208,0.05584109519149101,0.07228384539759254,0.0969416730645031,0.0,0.11202094969224691,0.0,0.06420923649895077,0.051448432513083245,0.0,0.0,0.0,0.0,0.05464011390389715,0.0,0.049299011051584234,0.0,0.0,0.0,0.0,0.0
2023-06-07,0.07544375124417549,0.07796757772428368,0.06618432272472721,0.12659769501914267,0.09712229597432208,0.05584109519149101,0.07228384539759254,0.0969416730645031,0.0,0.11202094969224691,0.0,0.06420923649895077,0.051448432513083245,0.0,0.0,0.0,0.0,0.05464011390389715,0.0,0.049299011051584234,0.0,0.0,0.0,0.0,0.0
2023-06-08,0.07544375124417549,0.07796757772428368,0.06618432272472721,0.12659769501914267,0.09712229597432208,0.05584109519149101,0.07228384539759254,0.0969416730645031,0.0,0.11202094969224691,0.0,0.06420923649895077,0.051448432513083245,0.0,0.0,0.0,0.0,0.05464011390389715,0.0,0.049299011051584234,0.0,0.0,0.0,0.0,0.0
2023-06-09,0.07544375124417549,0.07796757772428368,0.06618432272472721,0.12659769501914267,0.09712229597432208,0.05584109519149101,0.07228384539759254,0.0969416730645031,0.0,0.11202094969224691,0.0,0.06420923649895077,0.051448432513083245,0.0,0.0,0.0,0.0,0.05464011390389715,0.0,0.049299011051584234,0.0,0.0,0.0,0.0,0.0
2023-06-12,0.07544375124417549,0.07796757772428368,0.06618432272472721,0.12659769501914267,0.09712229597432208,0.05584109519149101,0.07228384539759254,0.0969416730645031,0.0,0.11202094969224691,0.0,0.06420923649895077,0.051448432513083245,0.0,0.0,0.0,0.0,0.05464011390389715,0.0,0.049299011051584234,0.0,0.0,0.0,0.0,0.0
2023-06-13,0.07544375124417549,0.07796757772428368,0.06618432272472721,0.12659769501914267,0.09712229597432208,0.05584109519149101,0.07228384539759254,0.0969416730645031,0.0,0.11202094969224691,0.0,0.06420923649895077,0.051448432513083245,0.0,0.0,0.0,0.0,0.05464011390389715,0.0,0.049299011051584234,0.0,0.0,0.0,0.0,0.0
2023-06-14,0.07544375124417549,0.07796757772428368,0.06618432272472721,0.12659769501914267,0.09712229597432208,0.05584109519149101,0.07228384539759254,0.0969416730645031,0.0,0.11202094969224691,0.0,0.06420923649895077,0.051448432513083245,0.0,0.0,0.0,0.0,0.05464011390389715,0.0,0.049299011051584234,0.0,0.0,0.0,0.0,0.0
2023-06-15,0.07544375124417549,0.07796757772428368,0.06618432272472721,0.12659769501914267,0.09712229597432208,0.05584109519149101,0.07228384539759254,0.0969416730645031,0.0,0.11202094969224691,0.0,0.06420923649895077,0.051448432513083245,0.0,0.0,0.0,0.0,0.05464011390389715,0.0,0.049299011051584234,0.0,0.0,0.0,0.0,0.0
2023-06-16,0.07544375124417549,0.07796757772428368,0.06618432272472721,0.12659769501914267,0.09712229597432208,0.05584109519149101,0.07228384539759254,0.0969416730645031,0.0,0.11202094969224691,0.0,0.06420923649895077,0.051448432513083245,0.0,0.0,0.0,0.0,0.05464011390389715,0.0,0.049299011051584234,0.0,0.0,0.0,0.0,0.0
2023-06-19,0.07544375124417549,0.07796757772428368,0.06618432272472721,0.12659769501914267,0.09712229597432208,0.05584109519149101,0.07228384539759254,0.0969416730645031,0.0,0.11202094969224691,0.0,0.06420923649895077,0.051448432513083245,0.0,0.0,0.0,0.0,0.05464011390389715,0.0,0.049299011051584234,0.0,0.0,0.0,0.0,0.0
2023-06-20,0.07544375124417549,0.07796757772428368,0.06618432272472721,0.12659769501914267,0.09712229597432208,0.05584109519149101,0.07228384539759254,0.0969416730645031,0.0,0.11202094969224691,0.0,0.06420923649895077,0.051448432513083245,0.0,0.0,0.0,0.0,0.05464011390389715,0.0,0.049299011051584234,0.0,0.0,0.0,0.0,0.0
2023-06-21,0.07544375124417549,0.07796757772428368,0.06618432272472721,0.12659769501914267,0.09712229597432208,0.05584109519149101,0.07228384539759254,0.0969416730645031,0.0,0.11202094969224691,0.0,0.06420923649895077,0.051448432513083245,0.0,0.0,0.0,0.0,0.05464011390389715,0.0,0.049299011051584234,0.0,0.0,0.0,0.0,0.0
2023-06-22,0.07544375124417549,0.07796757772428368,0.06618432272472721,0.12659769501914267,0.09712229597432208,0.05584109519149101,0.07228384539759254,0.0969416730645031,0.0,0.11202094969224691,0.0,0.06420923649895077,0.051448432513083245,0.0,0.0,0.0,0.0,0.05464011390389715,0.0,0.049299011051584234,0.0,0.0,0.0,0.0,0.0
2023-06-23,0.07544375124417549,0.07796757772428368,0.06618432272472721,0.12659769501914267,0.09712229597432208,0.05584109519149101,0.07228384539759254,0.0969416730645031,0.0,0.11202094969224691,0.0,0.06420923649895077,0.051448432513083245,0.0,0.0,0.0,0.0,0.05464011390389715,0.0,0.049299011051584234,0.0,0.0,0.0,0.0,0.0
2023-06-26,0.07544375124417549,0.07796757772428368,0.06618432272472721,0.12659769501914267,0.09712229597432208,0.05584109519149101,0.07228384539759254,0.0969416730645031,0.0,0.11202094969224691,0.0,0.06420923649895077,0.051448432513083245,0.0,0.0,0.0,0.0,0.05464011390389715,0.0,0.049299011051584234,0.0,0.0,0.0,0.0,0.0
2023-06-27,0.07544375124417549,0.07796757772428368,0.06618432272472721,0.12659769501914267,0.09712229597432208,0.05584109519149101,0.07228384539759254,0.0969416730645031,0.0,0.11202094969224691,0.0,0.06420923649895077,0.051448432513083245,0.0,0.0,0.0,0.0,0.05464011390389715,0.0,0.049299011051584234,0.0,0.0,0.0,0.0,0.0
2023-06-28,0.07544375124417549,0.07796757772428368,0.06618432272472721,0.12659769501914267,0.09712229597432208,0.05584109519149101,0.07228384539759254,0.0969416730645031,0.0,0.11202094969224691,0.0,0.06420923649895077,0.051448432513083245,0.0,0.0,0.0,0.0,0.05464011390389715,0.0,0.049299011051584234,0.0,0.0,0.0,0.0,0.0
2023-06-29,0.07544375124417549,0.07796757772428368,0.06618432272472721,0.12659769501914267,0.09712229597432208,0.05584109519149101,0.07228384539759254,0.0969416730645031,0.0,0.11202094969224691,0.0,0.06420923649895077,0.051448432513083245,0.0,0.0,0.0,0.0,0.05464011390389715,0.0,0.049299011051584234,0.0,0.0,0.0,0.0,0.0
2023-06-30,0.07544375124417549,0.07796757772428368,0.06618432272472721,0.12659769501914267,0.09712229597432208,0.05584109519149101,0.07228384539759254,0.0969416730645031,0.0,0.11202094969224691,0.0,0.06420923649895077,0.051448432513083245,0.0,0.0,0.0,0.0,0.05464011390389715,0.0,0.049299011051584234,0.0,0.0,0.0,0.0,0.0
2023-07-03,0.07544375124417549,0.07796757772428368,0.06618432272472721,0.12659769501914267,0.09712229597432208,0.05584109519149101,0.07228384539759254,0.0969416730645031,0.0,0.11202094969224691,0.0,0.06420923649895077,0.051448432513083245,0.0,0.0,0.0,0.0,0.05464011390389715,0.0,0.049299011051584234,0.0,0.0,0.0,0.0,0.0
2023-07-04,0.07544375124417549,0.07796757772428368,0.06618432272472721,0.12659769501914267,0.09712229597432208,0.05584109519149101,0.07228384539759254,0.0969416730645031,0.0,0.11202094969224691,0.0,0.06420923649895077,0.051448432513083245,0.0,0.0,0.0,0.0,0.05464011390389715,0.0,0.049299011051584234,0.0,0.0,0.0,0.0,0.0
2023-07-05,0.07544375124417549,0.07796757772428368,0.06618432272472721,0.12659769501914267,0.09712229597432208,0.05584109519149101,0.07228384539759254,0.0969416730645031,0.0,0.11202094969224691,0.0,0.06420923649895077,0.051448432513083245,0.0,0.0,0.0,0.0,0.05464011390389715,0.0,0.049299011051584234,0.0,0.0,0.0,0.0,0.0
2023-07-06,0.07544375124417549,0.07796757772428368,0.06618432272472721,0.12659769501914267,0.09712229597432208,0.05584109519149101,0.07228384539759254,0.0969416730645031,0.0,0.11202094969224691,0.0,0.06420923649895077,0.051448432513083245,0.0,0.0,0.0,0.0,0.05464011390389715,0.0,0.049299011051584234,0.0,0.0,0.0,0.0,0.0
2023-07-07,0.07544375124417549,0.07796757772428368,0.06618432272472721,0.12659769501914267,0.09712229597432208,0.05584109519149101,0.07228384539759254,0.0969416730645031,0.0,0.11202094969224691,0.0,0.06420923649895077,0.051448432513083245,0.0,0.0,0.0,0.0,0.05464011390389715,0.0,0.049299011051584234,0.0,0.0,0.0,0.0,0.0
2023-07-10,0.07544375124417549,0.07796757772428368,0.06618432272472721,0.12659769501914267,0.09712229597432208,0.05584109519149101,0.07228384539759254,0.0969416730645031,0.0,0.11202094969224691,0.0,0.06420923649895077,0.051448432513083245,0.0,0.0,0.0,0.0,0.05464011390389715,0.0,0.049299011051584234,0.0,0.0,0.0,0.0,0.0
2023-07-11,0.07544375124417549,0.07796757772428368,0.06618432272472721,0.12659769501914267,0.09712229597432208,0.05584109519149101,0.07228384539759254,0.0969416730645031,0.0,0.11202094969224691,0.0,0.06420923649895077,0.051448432513083245,0.0,0.0,0.0,0.0,0.05464011390389715,0.0,0.049299011051584234,0.0,0.0,0.0,0.0,0.0
2023-07-12,0.07544375124417549,0.07796757772428368,0.06618432272472721,0.12659769501914267,0.09712229597432208,0.05584109519149101,0.07228384539759254,0.0969416730645031,0.0,0.11202094969224691,0.0,0.06420923649895077,0.051448432513083245,0.0,0.0,0.0,0.0,0.05464011390389715,0.0,0.049299011051584234,0.0,0.0,0.0,0.0,0.0
2023-07-13,0.07544375124417549,0.07796757772428368,0.06618432272472721,0.12659769501914267,0.09712229597432208,0.05584109519149101,0.07228384539759254,0.0969416730645031,0.0,0.11202094969224691,0.0,0.06420923649895077,0.051448432513083245,0.0,0.0,0.0,0.0,0.05464011390389715,0.0,0.049299011051584234,0.0,0.0,0.0,0.0,0.0
2023-07-14,0.07544375124417549,0.07796757772428368,0.06618432272472721,0.12659769501914267,0.09712229597432208,0.05584109519149101,0.07228384539759254,0.0969416730645031,0.0,0.11202094969224691,0.0,0.06420923649895077,0.051448432513083245,0.0,0.0,0.0,0.0,0.05464011390389715,0.0,0.049299011051584234,0.0,0.0,0.0,0.0,0.0
2023-07-17,0.07544375124417549,0.07796757772428368,0.06618432272472721,0.12659769501914267,0.09712229597432208,0.05584109519149101,0.07228384539759254,0.0969416730645031,0.0,0.11202094969224691,0.0,0.06420923649895077,0.051448432513083245,0.0,0.0,0.0,0.0,0.05464011390389715,0.0,0.049299011051584234,0.0,0.0,0.0,0.0,0.0
2023-07-18,0.07544375124417549,0.07796757772428368,0.06618432272472721,0.12659769501914267,0.09712229597432208,0.05584109519149101,0.07228384539759254,0.0969416730645031,0.0,0.11202094969224691,0.0,0.06420923649895077,0.051448432513083245,0.0,0.0,0.0,0.0,0.05464011390389715,0.0,0.049299011051584234,0.0,0.0,0.0,0.0,0.0
2023-07-19,0.07544375124417549,0.07796757772428368,0.06618432272472721,0.12659769501914267,0.09712229597432208,0.05584109519149101,0.07228384539759254,0.0969416730645031,0.0,0.11202094969224691,0.0,0.06420923649895077,0.051448432513083245,0.0,0.0,0.0,0.0,0.05464011390389715,0.0,0.049299011051584234,0.0,0.0,0.0,0.0,0.0
2023-07-20,0.07544375124417549,0.07796757772428368,0.06618432272472721,0.12659769501914267,0.09712229597432208,0.05584109519149101,0.07228384539759254,0.0969416730645031,0.0,0.11202094969224691,0.0,0.06420923649895077,0.051448432513083245,0.0,0.0,0.0,0.0,0.05464011390389715,0.0,0.049299011051584234,0.0,0.0,0.0,0.0,0.0
2023-07-21,0.07544375124417549,0.07796757772428368,0.06618432272472721,0.12659769501914267,0.09712229597432208,0.05584109519149101,0.07228384539759254,0.0969416730645031,0.0,0.11202094969224691,0.0,0.06420923649895077,0.051448432513083245,0.0,0.0,0.0,0.0,0.05464011390389715,0.0,0.049299011051584234,0.0,0.0,0.0,0.0,0.0
2023-07-24,0.07544375124417549,0.07796757772428368,0.06618432272472721,0.12659769501914267,0.09712229597432208,0.05584109519149101,0.07228384539759254,0.0969416730645031,0.0,0.11202094969224691,0.0,0.06420923649895077,0.051448432513083245,0.0,0.0,0.0,0.0,0.05464011390389715,0.0,0.049299011051584234,0.0,0.0,0.0,0.0,0.0
2023-07-25,0.07544375124417549,0.07796757772428368,0.06618432272472721,0.12659769501914267,0.09712229597432208,0.05584109519149101,0.07228384539759254,0.0969416730645031,0.0,0.11202094969224691,0.0,0.06420923649895077,0.051448432513083245,0.0,0.0,0.0,0.0,0.05464011390389715,0.0,0.049299011051584234,0.0,0.0,0.0,0.0,0.0
2023-07-26,0.07544375124417549,0.07796757772428368,0.06618432272472721,0.12659769501914267,0.09712229597432208,0.05584109519149101,0.07228384539759254,0.0969416730645031,0.0,0.11202094969224691,0.0,0.06420923649895077,0.051448432513083245,0.0,0.0,0.0,0.0,0.05464011390389715,0.0,0.049299011051584234,0.0,0.0,0.0,0.0,0.0
2023-07-27,0.07544375124417549,0.07796757772428368,0.06618432272472721,0.12659769501914267,0.09712229597432208,0.05584109519149101,0.07228384539759254,0.0969416730645031,0.0,0.11202094969224691,0.0,0.06420923649895077,0.051448432513083245,0.0,0.0,0.0,0.0,0.05464011390389715,0.0,0.049299011051584234,0.0,0.0,0.0,0.0,0.0
2023-07-28,0.07544375124417549,0.07796757772428368,0.06618432272472721,0.12659769501914267,0.09712229597432208,0.05584109519149101,0.07228384539759254,0.0969416730645031,0.0,0.11202094969224691,0.0,0.06420923649895077,0.051448432513083245,0.0,0.0,0.0,0.0,0.05464011390389715,0.0,0.049299011051584234,0.0,0.0,0.0,0.0,0.0
2023-07-31,0.07544375124417549,0.07796757772428368,0.06618432272472721,0.12659769501914267,0.09712229597432208,0.05584109519149101,0.07228384539759254,0.0969416730645031,0.0,0.11202094969224691,0.0,0.06420923649895077,0.051448432513083245,0.0,0.0,0.0,0.0,0.05464011390389715,0.0,0.049299011051584234,0.0,0.0,0.0,0.0,0.0
2023-08-01,0.0,0.0,0.06913715672937577,0.09825851435840582,0.09619917104315553,0.06646244277403092,0.07255634366440034,0.04282833831114317,0.06203556200505358,0.18772220329840592,0.11263478577044465,0.07542368009414462,0.04047460664433569,0.0,0.0,0.0,0.0,0.03895425391950084,0.0,0.03731294138760319,0.0,0.0,0.0,0.0,0.0
2023-08-02,0.0,0.0,0.06913715672937577,0.09825851435840582,0.09619917104315553,0.06646244277403092,0.07255634366440034,0.04282833831114317,0.06203556200505358,0.18772220329840592,0.11263478577044465,0.07542368009414462,0.04047460664433569,0.0,0.0,0.0,0.0,0.03895425391950084,0.0,0.03731294138760319,0.0,0.0,0.0,0.0,0.0
2023-08-03,0.0,0.0,0.06913715672937577,0.09825851435840582,0.09619917104315553,0.06646244277403092,0.07255634366440034,0.04282833831114317,0.06203556200505358,0.18772220329840592,0.11263478577044465,0.07542368009414462,0.04047460664433569,0.0,0.0,0.0,0.0,0.03895425391950084,0.0,0.03731294138760319,0.0,0.0,0.0,0.0,0.0
2023-08-04,0.0,0.0,0.06913715672937577,0.09825851435840582,0.09619917104315553,0.06646244277403092,0.07255634366440034,0.04282833831114317,0.06203556200505358,0.18772220329840592,0.11263478577044465,0.07542368009414462,0.04047460664433569,0.0,0.0,0.0,0.0,0.03895425391950084,0.0,0.03731294138760319,0.0,0.0,0.0,0.0,0.0
2023-08-07,0.0,0.0,0.06913715672937577,0.09825851435840582,0.09619917104315553,0.06646244277403092,0.07255634366440034,0.04282833831114317,0.06203556200505358,0.18772220329840592,0.11263478577044465,0.07542368009414462,0.04047460664433569,0.0,0.0,0.0,0.0,0.03895425391950084,0.0,0.03731294138760319,0.0,0.0,0.0,0.0,0.0
2023-08-08,0.0,0.0,0.06913715672937577,0.09825851435840582,0.09619917104315553,0.06646244277403092,0.07255634366440034,0.04282833831114317,0.06203556200505358,0.18772220329840592,0.11263478577044465,0.07542368009414462,0.04047460664433569,0.0,0.0,0.0,0.0,0.03895425391950084,0.0,0.03731294138760319,0.0,0.0,0.0,0.0,0.0
2023-08-09,0.0,0.0,0.06913715672937577,0.09825851435840582,0.09619917104315553,0.06646244277403092,0.07255634366440034,0.04282833831114317,0.06203556200505358,0.18772220329840592,0.11263478577044465,0.07542368009414462,0.04047460664433569,0.0,0.0,0.0,0.0,0.03895425391950084,0.0,0.03731294138760319,0.0,0.0,0.0,0.0,0.0
2023-08-10,0.0,0.0,0.06913715672937577,0.09825851435840582,0.09619917104315553,0.06646244277403092,0.07255634366440034,0.04282833831114317,0.06203556200505358,0.18772220329840592,0.11263478577044465,0.07542368009414462,0.04047460664433569,0.0,0.0,0.0,0.0,0.03895425391950084,0.0,0.03731294138760319,0.0,0.0,0.0,0.0,0.0
2023-08-11,0.0,0.0,0.06913715672937577,0.09825851435840582,0.09619917104315553,0.06646244277403092,0.07255634366440034,0.04282833831114317,0.06203556200505358,0.18772220329840592,0.11263478577044465,0.07542368009414462,0.04047460664433569,0.0,0.0,0.0,0.0,0.03895425391950084,0.0,0.03731294138760319,0.0,0.0,0.0,0.0,0.0
2023-08-14,0.0,0.0,0.06913715672937577,0.09825851435840582,0.09619917104315553,0.06646244277403092,0.07255634366440034,0.04282833831114317,0.06203556200505358,0.18772220329840592,0.11263478577044465,0.07542368009414462,0.04047460664433569,0.0,0.0,0.0,0.0,0.03895425391950084,0.0,0.03731294138760319,0.0,0.0,0.0,0.0,0.0
2023-08-15,0.0,0.0,0.06913715672937577,0.09825851435840582,0.09619917104315553,0.06646244277403092,0.07255634366440034,0.04282833831114317,0.06203556200505358,0.18772220329840592,0.11263478577044465,0.07542368009414462,0.04047460664433569,0.0,0.0,0.0,0.0,0.03895425391950084,0.0,0.03731294138760319,0.0,0.0,0.0,0.0,0.0
2023-08-16,0.0,0.0,0.06913715672937577,0.09825851435840582,0.09619917104315553,0.06646244277403092,0.07255634366440034,0.04282833831114317,0.06203556200505358,0.18772220329840592,0.11263478577044465,0.07542368009414462,0.04047460664433569,0.0,0.0,0.0,0.0,0.03895425391950084,0.0,0.03731294138760319,0.0,0.0,0.0,0.0,0.0
2023-08-17,0.0,0.0,0.06913715672937577,0.09825851435840582,0.09619917104315553,0.06646244277403092,0.07255634366440034,0.04282833831114317,0.06203556200505358,0.18772220329840592,0.11263478577044465,0.07542368009414462,0.04047460664433569,0.0,0.0,0.0,0.0,0.03895425391950084,0.0,0.03731294138760319,0.0,0.0,0.0,0.0,0.0
2023-08-18,0.0,0.0,0.06913715672937577,0.09825851435840582,0.09619917104315553,0.06646244277403092,0.07255634366440034,0.04282833831114317,0.06203556200505358,0.18772220329840592,0.11263478577044465,0.07542368009414462,0.04047460664433569,0.0,0.0,0.0,0.0,0.03895425391950084,0.0,0.03731294138760319,0.0,0.0,0.0,0.0,0.0
2023-08-21,0.0,0.0,0.06913715672937577,0.09825851435840582,0.09619917104315553,0.06646244277403092,0.07255634366440034,0.04282833831114317,0.06203556200505358,0.18772220329840592,0.11263478577044465,0.07542368009414462,0.04047460664433569,0.0,0.0,0.0,0.0,0.03895425391950084,0.0,0.03731294138760319,0.0,0.0,0.0,0.0,0.0
2023-08-22,0.0,0.0,0.06913715672937577,0.09825851435840582,0.09619917104315553,0.06646244277403092,0.07255634366440034,0.04282833831114317,0.06203556200505358,0.18772220329840592,0.11263478577044465,0.07542368009414462,0.04047460664433569,0.0,0.0,0.0,0.0,0.03895425391950084,0.0,0.03731294138760319,0.0,0.0,0.0,0.0,0.0
2023-08-23,0.0,0.0,0.06913715672937577,0.09825851435840582,0.09619917104315553,0.06646244277403092,0.07255634366440034,0.04282833831114317,0.06203556200505358,0.18772220329840592,0.11263478577044465,0.07542368009414462,0.04047460664433569,0.0,0.0,0.0,0.0,0.03895425391950084,0.0,0.03731294138760319,0.0,0.0,0.0,0.0,0.0
2023-08-24,0.0,0.0,0.06913715672937577,0.09825851435840582,0.09619917104315553,0.06646244277403092,0.07255634366440034,0.04282833831114317,0.06203556200505358,0.18772220329840592,0.11263478577044465,0.07542368009414462,0.04047460664433569,0.0,0.0,0.0,0.0,0.03895425391950084,0.0,0.03731294138760319,0.0,0.0,0.0,0.0,0.0
2023-08-25,0.0,0.0,0.06913715672937577,0.09825851435840582,0.09619917104315553,0.06646244277403092,0.07255634366440034,0.04282833831114317,0.06203556200505358,0.18772220329840592,0.11263478577044465,0.07542368009414462,0.04047460664433569,0.0,0.0,0.0,0.0,0.03895425391950084,0.0,0.03731294138760319,0.0,0.0,0.0,0.0,0.0
2023-08-28,0.0,0.0,0.06913715672937577,0.09825851435840582,0.09619917104315553,0.06646244277403092,0.07255634366440034,0.04282833831114317,0.06203556200505358,0.18772220329840592,0.11263478577044465,0.07542368009414462,0.04047460664433569,0.0,0.0,0.0,0.0,0.03895425391950084,0.0,0.03731294138760319,0.0,0.0,0.0,0.0,0.0
2023-08-29,0.0,0.0,0.06913715672937577,0.09825851435840582,0.09619917104315553,0.06646244277403092,0.07255634366440034,0.04282833831114317,0.06203556200505358,0.18772220329840592,0.11263478577044465,0.07542368009414462,0.04047460664433569,0.0,0.0,0.0,0.0,0.03895425391950084,0.0,0.03731294138760319,0.0,0.0,0.0,0.0,0.0
2023-08-30,0.0,0.0,0.06913715672937577,0.09825851435840582,0.09619917104315553,0.06646244277403092,0.07255634366440034,0.04282833831114317,0.06203556200505358,0.18772220329840592,0.11263478577044465,0.07542368009414462,0.04047460664433569,0.0,0.0,0.0,0.0,0.03895425391950084,0.0,0.03731294138760319,0.0,0.0,0.0,0.0,0.0
2023-08-31,0.0,0.0,0.06913715672937577,0.09825851435840582,0.09619917104315553,0.06646244277403092,0.07255634366440034,0.04282833831114317,0.06203556200505358,0.18772220329840592,0.11263478577044465,0.07542368009414462,0.04047460664433569,0.0,0.0,0.0,0.0,0.03895425391950084,0.0,0.03731294138760319,0.0,0.0,0.0,0.0,0.0
2023-09-01,0.0,0.0,0.06913715672937577,0.09825851435840582,0.09619917104315553,0.06646244277403092,0.07255634366440034,0.04282833831114317,0.06203556200505358,0.18772220329840592,0.11263478577044465,0.07542368009414462,0.04047460664433569,0.0,0.0,0.0,0.0,0.03895425391950084,0.0,0.03731294138760319,0.0,0.0,0.0,0.0,0.0
2023-09-04,0.0,0.0,0.06913715672937577,0.09825851435840582,0.09619917104315553,0.06646244277403092,0.07255634366440034,0.04282833831114317,0.06203556200505358,0.18772220329840592,0.11263478577044465,0.07542368009414462,0.04047460664433569,0.0,0.0,0.0,0.0,0.03895425391950084,0.0,0.03731294138760319,0.0,0.0,0.0,0.0,0.0
2023-09-05,0.0,0.0,0.06913715672937577,0.09825851435840582,0.09619917104315553,0.06646244277403092,0.07255634366440034,0.04282833831114317,0.06203556200505358,0.18772220329840592,0.11263478577044465,0.07542368009414462,0.04047460664433569,0.0,0.0,0.0,0.0,0.03895425391950084,0.0,0.03731294138760319,0.0,0.0,0.0,0.0,0.0
2023-09-06,0.0,0.0,0.06913715672937577,0.09825851435840582,0.09619917104315553,0.06646244277403092,0.07255634366440034,0.04282833831114317,0.06203556200505358,0.18772220329840592,0.11263478577044465,0.07542368009414462,0.04047460664433569,0.0,0.0,0.0,0.0,0.03895425391950084,0.0,0.03731294138760319,0.0,0.0,0.0,0.0,0.0
2023-09-07,0.0,0.0,0.06913715672937577,0.09825851435840582,0.09619917104315553,0.06646244277403092,0.07255634366440034,0.04282833831114317,0.06203556200505358,0.18772220329840592,0.11263478577044465,0.07542368009414462,0.04047460664433569,0.0,0.0,0.0,0.0,0.03895425391950084,0.0,0.03731294138760319,0.0,0.0,0.0,0.0,0.0
2023-09-08,0.0,0.0,0.06913715672937577,0.09825851435840582,0.09619917104315553,0.06646244277403092,0.07255634366440034,0.04282833831114317,0.06203556200505358,0.18772220329840592,0.11263478577044465,0.07542368009414462,0.04047460664433569,0.0,0.0,0.0,0.0,0.03895425391950084,0.0,0.03731294138760319,0.0,0.0,0.0,0.0,0.0
2023-09-11,0.0,0.0,0.06913715672937577,0.09825851435840582,0.09619917104315553,0.06646244277403092,0.07255634366440034,0.04282833831114317,0.06203556200505358,0.18772220329840592,0.11263478577044465,0.07542368009414462,0.04047460664433569,0.0,0.0,0.0,0.0,0.03895425391950084,0.0,0.03731294138760319,0.0,0.0,0.0,0.0,0.0
2023-09-12,0.0,0.0,0.06913715672937577,0.09825851435840582,0.09619917104315553,0.06646244277403092,0.07255634366440034,0.04282833831114317,0.06203556200505358,0.18772220329840592,0.11263478577044465,0.07542368009414462,0.04047460664433569,0.0,0.0,0.0,0.0,0.03895425391950084,0.0,0.03731294138760319,0.0,0.0,0.0,0.0,0.0
2023-09-13,0.0,0.0,0.06913715672937577,0.09825851435840582,0.09619917104315553,0.06646244277403092,0.07255634366440034,0.04282833831114317,0.06203556200505358,0.18772220329840592,0.11263478577044465,0.07542368009414462,0.04047460664433569,0.0,0.0,0.0,0.0,0.03895425391950084,0.0,0.03731294138760319,0.0,0.0,0.0,0.0,0.0
2023-09-14,0.0,0.0,0.06913715672937577,0.09825851435840582,0.09619917104315553,0.06646244277403092,0.07255634366440034,0.04282833831114317,0.06203556200505358,0.18772220329840592,0.11263478577044465,0.07542368009414462,0.04047460664433569,0.0,0.0,0.0,0.0,0.03895425391950084,0.0,0.03731294138760319,0.0,0.0,0.0,0.0,0.0
2023-09-15,0.0,0.0,0.06913715672937577,0.09825851435840582,0.09619917104315553,0.06646244277403092,0.07255634366440034,0.04282833831114317,0.06203556200505358,0.18772220329840592,0.11263478577044465,0.07542368009414462,0.04047460664433569,0.0,0.0,0.0,0.0,0.03895425391950084,0.0,0.03731294138760319,0.0,0.0,0.0,0.0,0.0
2023-09-18,0.0,0.0,0.06913715672937577,0.09825851435840582,0.09619917104315553,0.06646244277403092,0.07255634366440034,0.04282833831114317,0.06203556200505358,0.18772220329840592,0.11263478577044465,0.07542368009414462,0.04047460664433569,0.0,0.0,0.0,0.0,0.03895425391950084,0.0,0.03731294138760319,0.0,0.0,0.0,0.0,0.0
2023-09-19,0.0,0.0,0.06913715672937577,0.09825851435840582,0.09619917104315553,0.06646244277403092,0.07255634366440034,0.04282833831114317,0.06203556200505358,0.18772220329840592,0.11263478577044465,0.07542368009414462,0.04047460664433569,0.0,0.0,0.0,0.0,0.03895425391950084,0.0,0.03731294138760319,0.0,0.0,0.0,0.0,0.0
2023-09-20,0.0,0.0,0.06913715672937577,0.09825851435840582,0.09619917104315553,0.06646244277403092,0.07255634366440034,0.04282833831114317,0.06203556200505358,0.18772220329840592,0.11263478577044465,0.07542368009414462,0.04047460664433569,0.0,0.0,0.0,0.0,0.03895425391950084,0.0,0.03731294138760319,0.0,0.0,0.0,0.0,0.0
2023-09-21,0.0,0.0,0.06913715672937577,0.09825851435840582,0.09619917104315553,0.06646244277403092,0.07255634366440034,0.04282833831114317,0.06203556200505358,0.18772220329840592,0.11263478577044465,0.07542368009414462,0.04047460664433569,0.0,0.0,0.0,0.0,0.03895425391950084,0.0,0.03731294138760319,0.0,0.0,0.0,0.0,0.0
2023-09-22,0.0,0.0,0.06913715672937577,0.09825851435840582,0.09619917104315553,0.06646244277403092,0.07255634366440034,0.04282833831114317,0.06203556200505358,0.18772220329840592,0.11263478577044465,0.07542368009414462,0.04047460664433569,0.0,0.0,0.0,0.0,0.03895425391950084,0.0,0.03731294138760319,0.0,0.0,0.0,0.0,0.0
2023-09-25,0.0,0.0,0.06913715672937577,0.09825851435840582,0.09619917104315553,0.06646244277403092,0.07255634366440034,0.04282833831114317,0.06203556200505358,0.18772220329840592,0.11263478577044465,0.07542368009414462,0.04047460664433569,0.0,0.0,0.0,0.0,0.03895425391950084,0.0,0.03731294138760319,0.0,0.0,0.0,0.0,0.0
2023-09-26,0.0,0.0,0.06913715672937577,0.09825851435840582,0.09619917104315553,0.06646244277403092,0.07255634366440034,0.04282833831114317,0.06203556200505358,0.18772220329840592,0.11263478577044465,0.07542368009414462,0.04047460664433569,0.0,0.0,0.0,0.0,0.03895425391950084,0.0,0.03731294138760319,0.0,0.0,0.0,0.0,0.0
2023-09-27,0.0,0.0,0.06913715672937577,0.09825851435840582,0.09619917104315553,0.06646244277403092,0.07255634366440034,0.04282833831114317,0.06203556200505358,0.18772220329840592,0.11263478577044465,0.07542368009414462,0.04047460664433569,0.0,0.0,0.0,0.0,0.03895425391950084,0.0,0.03731294138760319,0.0,0.0,0.0,0.0,0.0
2023-09-28,0.0,0.0,0.06913715672937577,0.09825851435840582,0.09619917104315553,0.06646244277403092,0.07255634366440034,0.04282833831114317,0.06203556200505358,0.18772220329840592,0.11263478577044465,0.07542368009414462,0.04047460664433569,0.0,0.0,0.0,0.0,0.03895425391950084,0.0,0.03731294138760319,0.0,0.0,0.0,0.0,0.0
2023-09-29,0.0,0.0,0.06913715672937577,0.09825851435840582,0.09619917104315553,0.06646244277403092,0.07255634366440034,0.04282833831114317,0.06203556200505358,0.18772220329840592,0.11263478577044465,0.07542368009414462,0.04047460664433569,0.0,0.0,0.0,0.0,0.03895425391950084,0.0,0.03731294138760319,0.0,0.0,0.0,0.0,0.0
2023-10-02,0.0,0.0,0.0,0.07979392181322584,0.08179966288260121,0.06514461532322094,0.07063194432818032,0.0957259734738672,0.11784549019224529,0.09710101624792691,0.125948044469572,0.08562467602881178,0.06700837625658042,0.0,0.0,0.0,0.03841490175719982,0.03829303105133936,0.0,0.03666834617522916,0.0,0.0,0.0,0.0,0.0
2023-10-03,0.0,0.0,0.0,0.07979392181322584,0.08179966288260121,0.06514461532322094,0.07063194432818032,0.0957259734738672,0.11784549019224529,0.09710101624792691,0.125948044469572,0.08562467602881178,0.06700837625658042,0.0,0.0,0.0,0.03841490175719982,0.03829303105133936,0.0,0.03666834617522916,0.0,0.0,0.0,0.0,0.0
2023-10-04,0.0,0.0,0.0,0.07979392181322584,0.08179966288260121,0.06514461532322094,0.07063194432818032,0.0957259734738672,0.11784549019224529,0.09710101624792691,0.125948044469572,0.08562467602881178,0.06700837625658042,0.0,0.0,0.0,0.03841490175719982,0.03829303105133936,0.0,0.03666834617522916,0.0,0.0,0.0,0.0,0.0
2023-10-05,0.0,0.0,0.0,0.07979392181322584,0.08179966288260121,0.06514461532322094,0.07063194432818032,0.0957259734738672,0.11784549019224529,0.09710101624792691,0.125948044469572,0.08562467602881178,0.06700837625658042,0.0,0.0,0.0,0.03841490175719982,0.03829303105133936,0.0,0.03666834617522916,0.0,0.0,0.0,0.0,0.0
2023-10-06,0.0,0.0,0.0,0.07979392181322584,0.08179966288260121,0.06514461532322094,0.07063194432818032,0.0957259734738672,0.11784549019224529,0.09710101624792691,0.125948044469572,0.08562467602881178,0.06700837625658042,0.0,0.0,0.0,0.03841490175719982,0.03829303105133936,0.0,0.03666834617522916,0.0,0.0,0.0,0.0,0.0
2023-10-09,0.0,0.0,0.0,0.07979392181322584,0.08179966288260121,0.06514461532322094,0.07063194432818032,0.0957259734738672,0.11784549019224529,0.09710101624792691,0.125948044469572,0.08562467602881178,0.06700837625658042,0.0,0.0,0.0,0.03841490175719982,0.03829303105133936,0.0,0.03666834617522916,0.0,0.0,0.0,0.0,0.0
2023-10-10,0.0,0.0,0.0,0.07979392181322584,0.08179966288260121,0.06514461532322094,0.07063194432818032,0.0957259734738672,0.11784549019224529,0.09710101624792691,0.125948044469572,0.08562467602881178,0.06700837625658042,0.0,0.0,0.0,0.03841490175719982,0.03829303105133936,0.0,0.03666834617522916,0.0,0.0,0.0,0.0,0.0
2023-10-11,0.0,0.0,0.0,0.07979392181322584,0.08179966288260121,0.06514461532322094,0.07063194432818032,0.0957259734738672,0.11784549019224529,0.09710101624792691,0.125948044469572,0.08562467602881178,0.06700837625658042,0.0,0.0,0.0,0.03841490175719982,0.03829303105133936,0.0,0.03666834617522916,0.0,0.0,0.0,0.0,0.0
2023-10-12,0.0,0.0,0.0,0.07979392181322584,0.08179966288260121,0.06514461532322094,0.07063194432818032,0.0957259734738672,0.11784549019224529,0.09710101624792691,0.125948044469572,0.08562467602881178,0.06700837625658042,0.0,0.0,0.0,0.03841490175719982,0.03829303105133936,0.0,0.03666834617522916,0.0,0.0,0.0,0.0,0.0
2023-10-13,0.0,0.0,0.0,0.07979392181322584,0.08179966288260121,0.06514461532322094,0.07063194432818032,0.0957259734738672,0.11784549019224529,0.09710101624792691,0.125948044469572,0.08562467602881178,0.06700837625658042,0.0,0.0,0.0,0.03841490175719982,0.03829303105133936,0.0,0.03666834617522916,0.0,0.0,0.0,0.0,0.0
2023-10-16,0.0,0.0,0.0,0.07979392181322584,0.08179966288260121,0.06514461532322094,0.07063194432818032,0.0957259734738672,0.11784549019224529,0.09710101624792691,0.125948044469572,0.08562467602881178,0.06700837625658042,0.0,0.0,0.0,0.03841490175719982,0.03829303105133936,0.0,0.03666834617522916,0.0,0.0,0.0,0.0,0.0
2023-10-17,0.0,0.0,0.0,0.07979392181322584,0.08179966288260121,0.06514461532322094,0.07063194432818032,0.0957259734738672,0.11784549019224529,0.09710101624792691,0.125948044469572,0.08562467602881178,0.06700837625658042,0.0,0.0,0.0,0.03841490175719982,0.03829303105133936,0.0,0.03666834617522916,0.0,0.0,0.0,0.0,0.0
2023-10-18,0.0,0.0,0.0,0.07979392181322584,0.08179966288260121,0.06514461532322094,0.07063194432818032,0.0957259734738672,0.11784549019224529,0.09710101624792691,0.125948044469572,0.08562467602881178,0.06700837625658042,0.0,0.0,0.0,0.03841490175719982,0.03829303105133936,0.0,0.03666834617522916,0.0,0.0,0.0,0.0,0.0
2023-10-19,0.0,0.0,0.0,0.07979392181322584,0.08179966288260121,0.06514461532322094,0.07063194432818032,0.0957259734738672,0.11784549019224529,0.09710101624792691,0.125948044469572,0.08562467602881178,0.06700837625658042,0.0,0.0,0.0,0.03841490175719982,0.03829303105133936,0.0,0.03666834617522916,0.0,0.0,0.0,0.0,0.0
2023-10-20,0.0,0.0,0.0,0.07979392181322584,0.08179966288260121,0.06514461532322094,0.07063194432818032,0.0957259734738672,0.11784549019224529,0.09710101624792691,0.125948044469572,0.08562467602881178,0.06700837625658042,0.0,0.0,0.0,0.03841490175719982,0.03829303105133936,0.0,0.03666834617522916,0.0,0.0,0.0,0.0,0.0
2023-10-23,0.0,0.0,0.0,0.07979392181322584,0.08179966288260121,0.06514461532322094,0.07063194432818032,0.0957259734738672,0.11784549019224529,0.09710101624792691,0.125948044469572,0.08562467602881178,0.06700837625658042,0.0,0.0,0.0,0.03841490175719982,0.03829303105133936,0.0,0.03666834617522916,0.0,0.0,0.0,0.0,0.0
2023-10-24,0.0,0.0,0.0,0.07979392181322584,0.08179966288260121,0.06514461532322094,0.07063194432818032,0.0957259734738672,0.11784549019224529,0.09710101624792691,0.125948044469572,0.08562467602881178,0.06700837625658042,0.0,0.0,0.0,0.03841490175719982,0.03829303105133936,0.0,0.03666834617522916,0.0,0.0,0.0,0.0,0.0
2023-10-25,0.0,0.0,0.0,0.07979392181322584,0.08179966288260121,0.06514461532322094,0.07063194432818032,0.0957259734738672,0.11784549019224529,0.09710101624792691,0.125948044469572,0.08562467602881178,0.06700837625658042,0.0,0.0,0.0,0.03841490175719982,0.03829303105133936,0.0,0.03666834617522916,0.0,0.0,0.0,0.0,0.0
2023-10-26,0.0,0.0,0.0,0.07979392181322584,0.08179966288260121,0.06514461532322094,0.07063194432818032,0.0957259734738672,0.11784549019224529,0.09710101624792691,0.125948044469572,0.08562467602881178,0.06700837625658042,0.0,0.0,0.0,0.03841490175719982,0.03829303105133936,0.0,0.03666834617522916,0.0,0.0,0.0,0.0,0.0
2023-10-27,0.0,0.0,0.0,0.07979392181322584,0.08179966288260121,0.06514461532322094,0.07063194432818032,0.0957259734738672,0.11784549019224529,0.09710101624792691,0.125948044469572,0.08562467602881178,0.06700837625658042,0.0,0.0,0.0,0.03841490175719982,0.03829303105133936,0.0,0.03666834617522916,0.0,0.0,0.0,0.0,0.0
2023-10-30,0.0,0.0,0.0,0.07979392181322584,0.08179966288260121,0.06514461532322094,0.07063194432818032,0.0957259734738672,0.11784549019224529,0.09710101624792691,0.125948044469572,0.08562467602881178,0.06700837625658042,0.0,0.0,0.0,0.03841490175719982,0.03829303105133936,0.0,0.03666834617522916,0.0,0.0,0.0,0.0,0.0
2023-10-31,0.0,0.0,0.0,0.07979392181322584,0.08179966288260121,0.06514461532322094,0.07063194432818032,0.0957259734738672,0.11784549019224529,0.09710101624792691,0.125948044469572,0.08562467602881178,0.06700837625658042,0.0,0.0,0.0,0.03841490175719982,0.03829303105133936,0.0,0.03666834617522916,0.0,0.0,0.0,0.0,0.0
2023-11-01,0.0,0.0,0.0,0.07979392181322584,0.08179966288260121,0.06514461532322094,0.07063194432818032,0.0957259734738672,0.11784549019224529,0.09710101624792691,0.125948044469572,0.08562467602881178,0.06700837625658042,0.0,0.0,0.0,0.03841490175719982,0.03829303105133936,0.0,0.03666834617522916,0.0,0.0,0.0,0.0,0.0
2023-11-02,0.0,0.0,0.0,0.07979392181322584,0.08179966288260121,0.06514461532322094,0.07063194432818032,0.0957259734738672,0.11784549019224529,0.09710101624792691,0.125948044469572,0.08562467602881178,0.06700837625658042,0.0,0.0,0.0,0.03841490175719982,0.03829303105133936,0.0,0.03666834617522916,0.0,0.0,0.0,0.0,0.0
2023-11-03,0.0,0.0,0.0,0.07979392181322584,0.08179966288260121,0.06514461532322094,0.07063194432818032,0.0957259734738672,0.11784549019224529,0.09710101624792691,0.125948044469572,0.08562467602881178,0.06700837625658042,0.0,0.0,0.0,0.03841490175719982,0.03829303105133936,0.0,0.03666834617522916,0.0,0.0,0.0,0.0,0.0
2023-11-06,0.0,0.0,0.0,0.07979392181322584,0.08179966288260121,0.06514461532322094,0.07063194432818032,0.0957259734738672,0.11784549019224529,0.09710101624792691,0.125948044469572,0.08562467602881178,0.06700837625658042,0.0,0.0,0.0,0.03841490175719982,0.03829303105133936,0.0,0.03666834617522916,0.0,0.0,0.0,0.0,0.0
2023-11-07,0.0,0.0,0.0,0.07979392181322584,0.08179966288260121,0.06514461532322094,0.07063194432818032,0.0957259734738672,0.11784549019224529,0.09710101624792691,0.125948044469572,0.08562467602881178,0.06700837625658042,0.0,0.0,0.0,0.03841490175719982,0.03829303105133936,0.0,0.03666834617522916,0.0,0.0,0.0,0.0,0.0
2023-11-08,0.0,0.0,0.0,0.07979392181322584,0.08179966288260121,0.06514461532322094,0.07063194432818032,0.0957259734738672,0.11784549019224529,0.09710101624792691,0.125948044469572,0.08562467602881178,0.06700837625658042,0.0,0.0,0.0,0.03841490175719982,0.03829303105133936,0.0,0.03666834617522916,0.0,0.0,0.0,0.0,0.0
2023-11-09,0.0,0.0,0.0,0.07979392181322584,0.08179966288260121,0.06514461532322094,0.07063194432818032,0.0957259734738672,0.11784549019224529,0.09710101624792691,0.125948044469572,0.08562467602881178,0.06700837625658042,0.0,0.0,0.0,0.03841490175719982,0.03829303105133936,0.0,0.03666834617522916,0.0,0.0,0.0,0.0,0.0
2023-11-10,0.0,0.0,0.0,0.07979392181322584,0.08179966288260121,0.06514461532322094,0.07063194432818032,0.0957259734738672,0.11784549019224529,0.09710101624792691,0.125948044469572,0.08562467602881178,0.06700837625658042,0.0,0.0,0.0,0.03841490175719982,0.03829303105133936,0.0,0.03666834617522916,0.0,0.0,0.0,0.0,0.0
2023-11-13,0.0,0.0,0.0,0.07979392181322584,0.08179966288260121,0.06514461532322094,0.07063194432818032,0.0957259734738672,0.11784549019224529,0.09710101624792691,0.125948044469572,0.08562467602881178,0.06700837625658042,0.0,0.0,0.0,0.03841490175719982,0.03829303105133936,0.0,0.03666834617522916,0.0,0.0,0.0,0.0,0.0
2023-11-14,0.0,0.0,0.0,0.07979392181322584,0.08179966288260121,0.06514461532322094,0.07063194432818032,0.0957259734738672,0.11784549019224529,0.09710101624792691,0.125948044469572,0.08562467602881178,0.06700837625658042,0.0,0.0,0.0,0.03841490175719982,0.03829303105133936,0.0,0.03666834617522916,0.0,0.0,0.0,0.0,0.0
2023-11-15,0.0,0.0,0.0,0.07979392181322584,0.08179966288260121,0.06514461532322094,0.07063194432818032,0.0957259734738672,0.11784549019224529,0.09710101624792691,0.125948044469572,0.08562467602881178,0.06700837625658042,0.0,0.0,0.0,0.03841490175719982,0.03829303105133936,0.0,0.03666834617522916,0.0,0.0,0.0,0.0,0.0
2023-11-16,0.0,0.0,0.0,0.07979392181322584,0.08179966288260121,0.06514461532322094,0.07063194432818032,0.0957259734738672,0.11784549019224529,0.09710101624792691,0.125948044469572,0.08562467602881178,0.06700837625658042,0.0,0.0,0.0,0.03841490175719982,0.03829303105133936,0.0,0.03666834617522916,0.0,0.0,0.0,0.0,0.0
2023-11-17,0.0,0.0,0.0,0.07979392181322584,0.08179966288260121,0.06514461532322094,0.07063194432818032,0.0957259734738672,0.11784549019224529,0.09710101624792691,0.125948044469572,0.08562467602881178,0.06700837625658042,0.0,0.0,0.0,0.03841490175719982,0.03829303105133936,0.0,0.03666834617522916,0.0,0.0,0.0,0.0,0.0
2023-11-20,0.0,0.0,0.0,0.07979392181322584,0.08179966288260121,0.06514461532322094,0.07063194432818032,0.0957259734738672,0.11784549019224529,0.09710101624792691,0.125948044469572,0.08562467602881178,0.06700837625658042,0.0,0.0,0.0,0.03841490175719982,0.03829303105133936,0.0,0.03666834617522916,0.0,0.0,0.0,0.0,0.0
2023-11-21,0.0,0.0,0.0,0.07979392181322584,0.08179966288260121,0.06514461532322094,0.07063194432818032,0.0957259734738672,0.11784549019224529,0.09710101624792691,0.125948044469572,0.08562467602881178,0.06700837625658042,0.0,0.0,0.0,0.03841490175719982,0.03829303105133936,0.0,0.03666834617522916,0.0,0.0,0.0,0.0,0.0
2023-11-22,0.0,0.0,0.0,0.07979392181322584,0.08179966288260121,0.06514461532322094,0.07063194432818032,0.0957259734738672,0.11784549019224529,0.09710101624792691,0.125948044469572,0.08562467602881178,0.06700837625658042,0.0,0.0,0.0,0.03841490175719982,0.03829303105133936,0.0,0.03666834617522916,0.0,0.0,0.0,0.0,0.0
2023-11-23,0.0,0.0,0.0,0.07979392181322584,0.08179966288260121,0.06514461532322094,0.07063194432818032,0.0957259734738672,0.11784549019224529,0.09710101624792691,0.125948044469572,0.08562467602881178,0.06700837625658042,0.0,0.0,0.0,0.03841490175719982,0.03829303105133936,0.0,0.03666834617522916,0.0,0.0,0.0,0.0,0.0
2023-11-24,0.0,0.0,0.0,0.07979392181322584,0.08179966288260121,0.06514461532322094,0.07063194432818032,0.0957259734738672,0.11784549019224529,0.09710101624792691,0.125948044469572,0.08562467602881178,0.06700837625658042,0.0,0.0,0.0,0.03841490175719982,0.03829303105133936,0.0,0.03666834617522916,0.0,0.0,0.0,0.0,0.0
2023-11-27,0.0,0.0,0.0,0.07979392181322584,0.08179966288260121,0.06514461532322094,0.07063194432818032,0.0957259734738672,0.11784549019224529,0.09710101624792691,0.125948044469572,0.08562467602881178,0.06700837625658042,0.0,0.0,0.0,0.03841490175719982,0.03829303105133936,0.0,0.03666834617522916,0.0,0.0,0.0,0.0,0.0
2023-11-28,0.0,0.0,0.0,0.07979392181322584,0.08179966288260121,0.06514461532322094,0.07063194432818032,0.0957259734738672,0.11784549019224529,0.09710101624792691,0.125948044469572,0.08562467602881178,0.06700837625658042,0.0,0.0,0.0,0.03841490175719982,0.03829303105133936,0.0,0.03666834617522916,0.0,0.0,0.0,0.0,0.0
2023-11-29,0.0,0.0,0.0,0.07979392181322584,0.08179966288260121,0.06514461532322094,0.07063194432818032,0.0957259734738672,0.11784549019224529,0.09710101624792691,0.125948044469572,0.08562467602881178,0.06700837625658042,0.0,0.0,0.0,0.03841490175719982,0.03829303105133936,0.0,0.03666834617522916,0.0,0.0,0.0,0.0,0.0
2023-11-30,0.0,0.0,0.0,0.07979392181322584,0.08179966288260121,0.06514461532322094,0.07063194432818032,0.0957259734738672,0.11784549019224529,0.09710101624792691,0.125948044469572,0.08562467602881178,0.06700837625658042,0.0,0.0,0.0,0.03841490175719982,0.03829303105133936,0.0,0.03666834617522916,0.0,0.0,0.0,0.0,0.0
2023-12-01,0.0,0.0,0.0931509848085557,0.055728566806113655,0.08628632360113561,0.05557195273213952,0.06493733920256631,0.0878851651926114,0.1275880427073476,0.1292998716034187,0.09768537338005817,0.07406830331532134,0.06682573670715063,0.0,0.0,0.0,0.0,0.029040150607453047,0.0,0.03193218933612841,0.0,0.0,0.0,0.0,0.0
2023-12-04,0.0,0.0,0.0931509848085557,0.055728566806113655,0.08628632360113561,0.05557195273213952,0.06493733920256631,0.0878851651926114,0.1275880427073476,0.1292998716034187,0.09768537338005817,0.07406830331532134,0.06682573670715063,0.0,0.0,0.0,0.0,0.029040150607453047,0.0,0.03193218933612841,0.0,0.0,0.0,0.0,0.0
2023-12-05,0.0,0.0,0.0931509848085557,0.055728566806113655,0.08628632360113561,0.05557195273213952,0.06493733920256631,0.0878851651926114,0.1275880427073476,0.1292998716034187,0.09768537338005817,0.07406830331532134,0.06682573670715063,0.0,0.0,0.0,0.0,0.029040150607453047,0.0,0.03193218933612841,0.0,0.0,0.0,0.0,0.0
2023-12-06,0.0,0.0,0.0931509848085557,0.055728566806113655,0.08628632360113561,0.05557195273213952,0.06493733920256631,0.0878851651926114,0.1275880427073476,0.1292998716034187,0.09768537338005817,0.07406830331532134,0.06682573670715063,0.0,0.0,0.0,0.0,0.029040150607453047,0.0,0.03193218933612841,0.0,0.0,0.0,0.0,0.0
2023-12-07,0.0,0.0,0.0931509848085557,0.055728566806113655,0.08628632360113561,0.05557195273213952,0.06493733920256631,0.0878851651926114,0.1275880427073476,0.1292998716034187,0.09768537338005817,0.07406830331532134,0.06682573670715063,0.0,0.0,0.0,0.0,0.029040150607453047,0.0,0.03193218933612841,0.0,0.0,0.0,0.0,0.0
2023-12-08,0.0,0.0,0.0931509848085557,0.055728566806113655,0.08628632360113561,0.05557195273213952,0.06493733920256631,0.0878851651926114,0.1275880427073476,0.1292998716034187,0.09768537338005817,0.07406830331532134,0.06682573670715063,0.0,0.0,0.0,0.0,0.029040150607453047,0.0,0.03193218933612841,0.0,0.0,0.0,0.0,0.0
2023-12-11,0.0,0.0,0.0931509848085557,0.055728566806113655,0.08628632360113561,0.05557195273213952,0.06493733920256631,0.0878851651926114,0.1275880427073476,0.1292998716034187,0.09768537338005817,0.07406830331532134,0.06682573670715063,0.0,0.0,0.0,0.0,0.029040150607453047,0.0,0.03193218933612841,0.0,0.0,0.0,0.0,0.0
2023-12-12,0.0,0.0,0.0931509848085557,0.055728566806113655,0.08628632360113561,0.05557195273213952,0.06493733920256631,0.0878851651926114,0.1275880427073476,0.1292998716034187,0.09768537338005817,0.07406830331532134,0.06682573670715063,0.0,0.0,0.0,0.0,0.029040150607453047,0.0,0.03193218933612841,0.0,0.0,0.0,0.0,0.0
2023-12-13,0.0,0.0,0.0931509848085557,0.055728566806113655,0.08628632360113561,0.05557195273213952,0.06493733920256631,0.0878851651926114,0.1275880427073476,0.1292998716034187,0.09768537338005817,0.07406830331532134,0.06682573670715063,0.0,0.0,0.0,0.0,0.029040150607453047,0.0,0.03193218933612841,0.0,0.0,0.0,0.0,0.0
2023-12-14,0.0,0.0,0.0931509848085557,0.055728566806113655,0.08628632360113561,0.05557195273213952,0.06493733920256631,0.0878851651926114,0.1275880427073476,0.1292998716034187,0.09768537338005817,0.07406830331532134,0.06682573670715063,0.0,0.0,0.0,0.0,0.029040150607453047,0.0,0.03193218933612841,0.0,0.0,0.0,0.0,0.0
2023-12-15,0.0,0.0,0.0931509848085557,0.055728566806113655,0.08628632360113561,0.05557195273213952,0.06493733920256631,0.0878851651926114,0.1275880427073476,0.1292998716034187,0.09768537338005817,0.07406830331532134,0.06682573670715063,0.0,0.0,0.0,0.0,0.029040150607453047,0.0,0.03193218933612841,0.0,0.0,0.0,0.0,0.0
2023-12-18,0.0,0.0,0.0931509848085557,0.055728566806113655,0.08628632360113561,0.05557195273213952,0.06493733920256631,0.0878851651926114,0.1275880427073476,0.1292998716034187,0.09768537338005817,0.07406830331532134,0.06682573670715063,0.0,0.0,0.0,0.0,0.029040150607453047,0.0,0.03193218933612841,0.0,0.0,0.0,0.0,0.0
2023-12-19,0.0,0.0,0.0931509848085557,0.055728566806113655,0.08628632360113561,0.05557195273213952,0.06493733920256631,0.0878851651926114,0.1275880427073476,0.1292998716034187,0.09768537338005817,0.07406830331532134,0.06682573670715063,0.0,0.0,0.0,0.0,0.029040150607453047,0.0,0.03193218933612841,0.0,0.0,0.0,0.0,0.0
2023-12-20,0.0,0.0,0.0931509848085557,0.055728566806113655,0.08628632360113561,0.05557195273213952,0.06493733920256631,0.0878851651926114,0.1275880427073476,0.1292998716034187,0.09768537338005817,0.07406830331532134,0.06682573670715063,0.0,0.0,0.0,0.0,0.029040150607453047,0.0,0.03193218933612841,0.0,0.0,0.0,0.0,0.0
2023-12-21,0.0,0.0,0.0931509848085557,0.055728566806113655,0.08628632360113561,0.05557195273213952,0.06493733920256631,0.0878851651926114,0.1275880427073476,0.1292998716034187,0.09768537338005817,0.07406830331532134,0.06682573670715063,0.0,0.0,0.0,0.0,0.029040150607453047,0.0,0.03193218933612841,0.0,0.0,0.0,0.0,0.0
2023-12-22,0.0,0.0,0.0931509848085557,0.055728566806113655,0.08628632360113561,0.05557195273213952,0.06493733920256631,0.0878851651926114,0.1275880427073476,0.1292998716034187,0.09768537338005817,0.07406830331532134,0.06682573670715063,0.0,0.0,0.0,0.0,0.029040150607453047,0.0,0.03193218933612841,0.0,0.0,0.0,0.0,0.0
2023-12-25,0.0,0.0,0.0931509848085557,0.055728566806113655,0.08628632360113561,0.05557195273213952,0.06493733920256631,0.0878851651926114,0.1275880427073476,0.1292998716034187,0.09768537338005817,0.07406830331532134,0.06682573670715063,0.0,0.0,0.0,0.0,0.029040150607453047,0.0,0.03193218933612841,0.0,0.0,0.0,0.0,0.0
2023-12-26,0.0,0.0,0.0931509848085557,0.055728566806113655,0.08628632360113561,0.05557195273213952,0.06493733920256631,0.0878851651926114,0.1275880427073476,0.1292998716034187,0.09768537338005817,0.07406830331532134,0.06682573670715063,0.0,0.0,0.0,0.0,0.029040150607453047,0.0,0.03193218933612841,0.0,0.0,0.0,0.0,0.0
2023-12-27,0.0,0.0,0.0931509848085557,0.055728566806113655,0.08628632360113561,0.05557195273213952,0.06493733920256631,0.0878851651926114,0.1275880427073476,0.1292998716034187,0.09768537338005817,0.07406830331532134,0.06682573670715063,0.0,0.0,0.0,0.0,0.029040150607453047,0.0,0.03193218933612841,0.0,0.0,0.0,0.0,0.0
2023-12-28,0.0,0.0,0.0931509848085557,0.055728566806113655,0.08628632360113561,0.05557195273213952,0.06493733920256631,0.0878851651926114,0.1275880427073476,0.1292998716034187,0.09768537338005817,0.07406830331532134,0.06682573670715063,0.0,0.0,0.0,0.0,0.029040150607453047,0.0,0.03193218933612841,0.0,0.0,0.0,0.0,0.0
2023-12-29,0.0,0.0,0.0931509848085557,0.055728566806113655,0.08628632360113561,0.05557195273213952,0.06493733920256631,0.0878851651926114,0.1275880427073476,0.1292998716034187,0.09768537338005817,0.07406830331532134,0.06682573670715063,0.0,0.0,0.0,0.0,0.029040150607453047,0.0,0.03193218933612841,0.0,0.0,0.0,0.0,0.0
2024-01-02,0.0,0.0,0.0931509848085557,0.055728566806113655,0.08628632360113561,0.05557195273213952,0.06493733920256631,0.0878851651926114,0.1275880427073476,0.1292998716034187,0.09768537338005817,0.07406830331532134,0.06682573670715063,0.0,0.0,0.0,0.0,0.029040150607453047,0.0,0.03193218933612841,0.0,0.0,0.0,0.0,0.0
2024-01-03,0.0,0.0,0.0931509848085557,0.055728566806113655,0.08628632360113561,0.05557195273213952,0.06493733920256631,0.0878851651926114,0.1275880427073476,0.1292998716034187,0.09768537338005817,0.07406830331532134,0.06682573670715063,0.0,0.0,0.0,0.0,0.029040150607453047,0.0,0.03193218933612841,0.0,0.0,0.0,0.0,0.0
2024-01-04,0.0,0.0,0.0931509848085557,0.055728566806113655,0.08628632360113561,0.05557195273213952,0.06493733920256631,0.0878851651926114,0.1275880427073476,0.1292998716034187,0.09768537338005817,0.07406830331532134,0.06682573670715063,0.0,0.0,0.0,0.0,0.029040150607453047,0.0,0.03193218933612841,0.0,0.0,0.0,0.0,0.0
2024-01-05,0.0,0.0,0.0931509848085557,0.055728566806113655,0.08628632360113561,0.05557195273213952,0.06493733920256631,0.0878851651926114,0.1275880427073476,0.1292998716034187,0.09768537338005817,0.07406830331532134,0.06682573670715063,0.0,0.0,0.0,0.0,0.029040150607453047,0.0,0.03193218933612841,0.0,0.0,0.0,0.0,0.0
2024-01-08,0.0,0.0,0.0931509848085557,0.055728566806113655,0.08628632360113561,0.05557195273213952,0.06493733920256631,0.0878851651926114,0.1275880427073476,0.1292998716034187,0.09768537338005817,0.07406830331532134,0.06682573670715063,0.0,0.0,0.0,0.0,0.029040150607453047,0.0,0.03193218933612841,0.0,0.0,0.0,0.0,0.0
2024-01-09,0.0,0.0,0.0931509848085557,0.055728566806113655,0.08628632360113561,0.05557195273213952,0.06493733920256631,0.0878851651926114,0.1275880427073476,0.1292998716034187,0.09768537338005817,0.07406830331532134,0.06682573670715063,0.0,0.0,0.0,0.0,0.029040150607453047,0.0,0.03193218933612841,0.0,0.0,0.0,0.0,0.0
2024-01-10,0.0,0.0,0.0931509848085557,0.055728566806113655,0.08628632360113561,0.05557195273213952,0.06493733920256631,0.0878851651926114,0.1275880427073476,0.1292998716034187,0.09768537338005817,0.07406830331532134,0.06682573670715063,0.0,0.0,0.0,0.0,0.029040150607453047,0.0,0.03193218933612841,0.0,0.0,0.0,0.0,0.0
2024-01-11,0.0,0.0,0.0931509848085557,0.055728566806113655,0.08628632360113561,0.05557195273213952,0.06493733920256631,0.0878851651926114,0.1275880427073476,0.1292998716034187,0.09768537338005817,0.07406830331532134,0.06682573670715063,0.0,0.0,0.0,0.0,0.029040150607453047,0.0,0.03193218933612841,0.0,0.0,0.0,0.0,0.0
2024-01-12,0.0,0.0,0.0931509848085557,0.055728566806113655,0.08628632360113561,0.05557195273213952,0.06493733920256631,0.0878851651926114,0.1275880427073476,0.1292998716034187,0.09768537338005817,0.07406830331532134,0.06682573670715063,0.0,0.0,0.0,0.0,0.029040150607453047,0.0,0.03193218933612841,0.0,0.0,0.0,0.0,0.0
2024-01-15,0.0,0.0,0.0931509848085557,0.055728566806113655,0.08628632360113561,0.05557195273213952,0.06493733920256631,0.0878851651926114,0.1275880427073476,0.1292998716034187,0.09768537338005817,0.07406830331532134,0.06682573670715063,0.0,0.0,0.0,0.0,0.029040150607453047,0.0,0.03193218933612841,0.0,0.0,0.0,0.0,0.0
2024-01-16,0.0,0.0,0.0931509848085557,0.055728566806113655,0.08628632360113561,0.05557195273213952,0.06493733920256631,0.0878851651926114,0.1275880427073476,0.1292998716034187,0.09768537338005817,0.07406830331532134,0.06682573670715063,0.0,0.0,0.0,0.0,0.029040150607453047,0.0,0.03193218933612841,0.0,0.0,0.0,0.0,0.0
2024-01-17,0.0,0.0,0.0931509848085557,0.055728566806113655,0.08628632360113561,0.05557195273213952,0.06493733920256631,0.0878851651926114,0.1275880427073476,0.1292998716034187,0.09768537338005817,0.07406830331532134,0.06682573670715063,0.0,0.0,0.0,0.0,0.029040150607453047,0.0,0.03193218933612841,0.0,0.0,0.0,0.0,0.0
2024-01-18,0.0,0.0,0.0931509848085557,0.055728566806113655,0.08628632360113561,0.05557195273213952,0.06493733920256631,0.0878851651926114,0.1275880427073476,0.1292998716034187,0.09768537338005817,0.07406830331532134,0.06682573670715063,0.0,0.0,0.0,0.0,0.029040150607453047,0.0,0.03193218933612841,0.0,0.0,0.0,0.0,0.0
2024-01-19,0.0,0.0,0.0931509848085557,0.055728566806113655,0.08628632360113561,0.05557195273213952,0.06493733920256631,0.0878851651926114,0.1275880427073476,0.1292998716034187,0.09768537338005817,0.07406830331532134,0.06682573670715063,0.0,0.0,0.0,0.0,0.029040150607453047,0.0,0.03193218933612841,0.0,0.0,0.0,0.0,0.0
2024-01-22,0.0,0.0,0.0931509848085557,0.055728566806113655,0.08628632360113561,0.05557195273213952,0.06493733920256631,0.0878851651926114,0.1275880427073476,0.1292998716034187,0.09768537338005817,0.07406830331532134,0.06682573670715063,0.0,0.0,0.0,0.0,0.029040150607453047,0.0,0.03193218933612841,0.0,0.0,0.0,0.0,0.0
2024-01-23,0.0,0.0,0.0931509848085557,0.055728566806113655,0.08628632360113561,0.05557195273213952,0.06493733920256631,0.0878851651926114,0.1275880427073476,0.1292998716034187,0.09768537338005817,0.07406830331532134,0.06682573670715063,0.0,0.0,0.0,0.0,0.029040150607453047,0.0,0.03193218933612841,0.0,0.0,0.0,0.0,0.0
2024-01-24,0.0,0.0,0.0931509848085557,0.055728566806113655,0.08628632360113561,0.05557195273213952,0.06493733920256631,0.0878851651926114,0.1275880427073476,0.1292998716034187,0.09768537338005817,0.07406830331532134,0.06682573670715063,0.0,0.0,0.0,0.0,0.029040150607453047,0.0,0.03193218933612841,0.0,0.0,0.0,0.0,0.0
2024-01-25,0.0,0.0,0.0931509848085557,0.055728566806113655,0.08628632360113561,0.05557195273213952,0.06493733920256631,0.0878851651926114,0.1275880427073476,0.1292998716034187,0.09768537338005817,0.07406830331532134,0.06682573670715063,0.0,0.0,0.0,0.0,0.029040150607453047,0.0,0.03193218933612841,0.0,0.0,0.0,0.0,0.0
2024-01-26,0.0,0.0,0.0931509848085557,0.055728566806113655,0.08628632360113561,0.05557195273213952,0.06493733920256631,0.0878851651926114,0.1275880427073476,0.1292998716034187,0.09768537338005817,0.07406830331532134,0.06682573670715063,0.0,0.0,0.0,0.0,0.029040150607453047,0.0,0.03193218933612841,0.0,0.0,0.0,0.0,0.0
2024-01-29,0.0,0.0,0.0931509848085557,0.055728566806113655,0.08628632360113561,0.05557195273213952,0.06493733920256631,0.0878851651926114,0.1275880427073476,0.1292998716034187,0.09768537338005817,0.07406830331532134,0.06682573670715063,0.0,0.0,0.0,0.0,0.029040150607453047,0.0,0.03193218933612841,0.0,0.0,0.0,0.0,0.0
2024-01-30,0.0,0.0,0.0931509848085557,0.055728566806113655,0.08628632360113561,0.05557195273213952,0.06493733920256631,0.0878851651926114,0.1275880427073476,0.1292998716034187,0.09768537338005817,0.07406830331532134,0.06682573670715063,0.0,0.0,0.0,0.0,0.029040150607453047,0.0,0.03193218933612841,0.0,0.0,0.0,0.0,0.0
2024-01-31,0.0,0.0,0.0931509848085557,0.055728566806113655,0.08628632360113561,0.05557195273213952,0.06493733920256631,0.0878851651926114,0.1275880427073476,0.1292998716034187,0.09768537338005817,0.07406830331532134,0.06682573670715063,0.0,0.0,0.0,0.0,0.029040150607453047,0.0,0.03193218933612841,0.0,0.0,0.0,0.0,0.0
2024-02-01,0.06403459119249873,0.06732320504081132,0.0,0.0,0.08158984109245843,0.08169734271603973,0.06697720531982922,0.12331673742617706,0.0,0.16281105709013136,0.1204976107831374,0.07126083821619718,0.033071378543413146,0.0,0.0,0.0,0.035033009552636926,0.040428384720980745,0.0,0.051958798305688836,0.0,0.0,0.0,0.0,0.0
2024-02-02,0.06403459119249873,0.06732320504081132,0.0,0.0,0.08158984109245843,0.08169734271603973,0.06697720531982922,0.12331673742617706,0.0,0.16281105709013136,0.1204976107831374,0.07126083821619718,0.033071378543413146,0.0,0.0,0.0,0.035033009552636926,0.040428384720980745,0.0,0.051958798305688836,0.0,0.0,0.0,0.0,0.0
2024-02-05,0.06403459119249873,0.06732320504081132,0.0,0.0,0.08158984109245843,0.08169734271603973,0.06697720531982922,0.12331673742617706,0.0,0.16281105709013136,0.1204976107831374,0.07126083821619718,0.033071378543413146,0.0,0.0,0.0,0.035033009552636926,0.040428384720980745,0.0,0.051958798305688836,0.0,0.0,0.0,0.0,0.0
2024-02-06,0.06403459119249873,0.06732320504081132,0.0,0.0,0.08158984109245843,0.08169734271603973,0.06697720531982922,0.12331673742617706,0.0,0.16281105709013136,0.1204976107831374,0.07126083821619718,0.033071378543413146,0.0,0.0,0.0,0.035033009552636926,0.040428384720980745,0.0,0.051958798305688836,0.0,0.0,0.0,0.0,0.0
2024-02-07,0.06403459119249873,0.06732320504081132,0.0,0.0,0.08158984109245843,0.08169734271603973,0.06697720531982922,0.12331673742617706,0.0,0.16281105709013136,0.1204976107831374,0.07126083821619718,0.033071378543413146,0.0,0.0,0.0,0.035033009552636926,0.040428384720980745,0.0,0.051958798305688836,0.0,0.0,0.0,0.0,0.0
2024-02-08,0.06403459119249873,0.06732320504081132,0.0,0.0,0.08158984109245843,0.08169734271603973,0.06697720531982922,0.12331673742617706,0.0,0.16281105709013136,0.1204976107831374,0.07126083821619718,0.033071378543413146,0.0,0.0,0.0,0.035033009552636926,0.040428384720980745,0.0,0.051958798305688836,0.0,0.0,0.0,0.0,0.0
2024-02-09,0.06403459119249873,0.06732320504081132,0.0,0.0,0.08158984109245843,0.08169734271603973,0.06697720531982922,0.12331673742617706,0.0,0.16281105709013136,0.1204976107831374,0.07126083821619718,0.033071378543413146,0.0,0.0,0.0,0.035033009552636926,0.040428384720980745,0.0,0.051958798305688836,0.0,0.0,0.0,0.0,0.0
2024-02-12,0.06403459119249873,0.06732320504081132,0.0,0.0,0.08158984109245843,0.08169734271603973,0.06697720531982922,0.12331673742617706,0.0,0.16281105709013136,0.1204976107831374,0.07126083821619718,0.033071378543413146,0.0,0.0,0.0,0.035033009552636926,0.040428384720980745,0.0,0.051958798305688836,0.0,0.0,0.0,0.0,0.0
2024-02-13,0.06403459119249873,0.06732320504081132,0.0,0.0,0.08158984109245843,0.08169734271603973,0.06697720531982922,0.12331673742617706,0.0,0.16281105709013136,0.1204976107831374,0.07126083821619718,0.033071378543413146,0.0,0.0,0.0,0.035033009552636926,0.040428384720980745,0.0,0.051958798305688836,0.0,0.0,0.0,0.0,0.0
2024-02-14,0.06403459119249873,0.06732320504081132,0.0,0.0,0.08158984109245843,0.08169734271603973,0.06697720531982922,0.12331673742617706,0.0,0.16281105709013136,0.1204976107831374,0.07126083821619718,0.033071378543413146,0.0,0.0,0.0,0.035033009552636926,0.040428384720980745,0.0,0.051958798305688836,0.0,0.0,0.0,0.0,0.0
2024-02-15,0.06403459119249873,0.06732320504081132,0.0,0.0,0.08158984109245843,0.08169734271603973,0.06697720531982922,0.12331673742617706,0.0,0.16281105709013136,0.1204976107831374,0.07126083821619718,0.033071378543413146,0.0,0.0,0.0,0.035033009552636926,0.040428384720980745,0.0,0.051958798305688836,0.0,0.0,0.0,0.0,0.0
2024-02-16,0.06403459119249873,0.06732320504081132,0.0,0.0,0.08158984109245843,0.08169734271603973,0.06697720531982922,0.12331673742617706,0.0,0.16281105709013136,0.1204976107831374,0.07126083821619718,0.033071378543413146,0.0,0.0,0.0,0.035033009552636926,0.040428384720980745,0.0,0.051958798305688836,0.0,0.0,0.0,0.0,0.0
2024-02-19,0.06403459119249873,0.06732320504081132,0.0,0.0,0.08158984109245843,0.08169734271603973,0.06697720531982922,0.12331673742617706,0.0,0.16281105709013136,0.1204976107831374,0.07126083821619718,0.033071378543413146,0.0,0.0,0.0,0.035033009552636926,0.040428384720980745,0.0,0.051958798305688836,0.0,0.0,0.0,0.0,0.0
2024-02-20,0.06403459119249873,0.06732320504081132,0.0,0.0,0.08158984109245843,0.08169734271603973,0.06697720531982922,0.12331673742617706,0.0,0.16281105709013136,0.1204976107831374,0.07126083821619718,0.033071378543413146,0.0,0.0,0.0,0.035033009552636926,0.040428384720980745,0.0,0.051958798305688836,0.0,0.0,0.0,0.0,0.0
2024-02-21,0.06403459119249873,0.06732320504081132,0.0,0.0,0.08158984109245843,0.08169734271603973,0.06697720531982922,0.12331673742617706,0.0,0.16281105709013136,0.1204976107831374,0.07126083821619718,0.033071378543413146,0.0,0.0,0.0,0.035033009552636926,0.040428384720980745,0.0,0.051958798305688836,0.0,0.0,0.0,0.0,0.0
2024-02-22,0.06403459119249873,0.06732320504081132,0.0,0.0,0.08158984109245843,0.08169734271603973,0.06697720531982922,0.12331673742617706,0.0,0.16281105709013136,0.1204976107831374,0.07126083821619718,0.033071378543413146,0.0,0.0,0.0,0.035033009552636926,0.040428384720980745,0.0,0.051958798305688836,0.0,0.0,0.0,0.0,0.0
2024-02-23,0.06403459119249873,0.06732320504081132,0.0,0.0,0.08158984109245843,0.08169734271603973,0.06697720531982922,0.12331673742617706,0.0,0.16281105709013136,0.1204976107831374,0.07126083821619718,0.033071378543413146,0.0,0.0,0.0,0.035033009552636926,0.040428384720980745,0.0,0.051958798305688836,0.0,0.0,0.0,0.0,0.0
2024-02-26,0.06403459119249873,0.06732320504081132,0.0,0.0,0.08158984109245843,0.08169734271603973,0.06697720531982922,0.12331673742617706,0.0,0.16281105709013136,0.1204976107831374,0.07126083821619718,0.033071378543413146,0.0,0.0,0.0,0.035033009552636926,0.040428384720980745,0.0,0.051958798305688836,0.0,0.0,0.0,0.0,0.0
2024-02-27,0.06403459119249873,0.06732320504081132,0.0,0.0,0.08158984109245843,0.08169734271603973,0.06697720531982922,0.12331673742617706,0.0,0.16281105709013136,0.1204976107831374,0.07126083821619718,0.033071378543413146,0.0,0.0,0.0,0.035033009552636926,0.040428384720980745,0.0,0.051958798305688836,0.0,0.0,0.0,0.0,0.0
2024-02-28,0.06403459119249873,0.06732320504081132,0.0,0.0,0.08158984109245843,0.08169734271603973,0.06697720531982922,0.12331673742617706,0.0,0.16281105709013136,0.1204976107831374,0.07126083821619718,0.033071378543413146,0.0,0.0,0.0,0.035033009552636926,0.040428384720980745,0.0,0.051958798305688836,0.0,0.0,0.0,0.0,0.0
2024-02-29,0.06403459119249873,0.06732320504081132,0.0,0.0,0.08158984109245843,0.08169734271603973,0.06697720531982922,0.12331673742617706,0.0,0.16281105709013136,0.1204976107831374,0.07126083821619718,0.033071378543413146,0.0,0.0,0.0,0.035033009552636926,0.040428384720980745,0.0,0.051958798305688836,0.0,0.0,0.0,0.0,0.0
2024-03-01,0.06403459119249873,0.06732320504081132,0.0,0.0,0.08158984109245843,0.08169734271603973,0.06697720531982922,0.12331673742617706,0.0,0.16281105709013136,0.1204976107831374,0.07126083821619718,0.033071378543413146,0.0,0.0,0.0,0.035033009552636926,0.040428384720980745,0.0,0.051958798305688836,0.0,0.0,0.0,0.0,0.0
2024-03-04,0.06403459119249873,0.06732320504081132,0.0,0.0,0.08158984109245843,0.08169734271603973,0.06697720531982922,0.12331673742617706,0.0,0.16281105709013136,0.1204976107831374,0.07126083821619718,0.033071378543413146,0.0,0.0,0.0,0.035033009552636926,0.040428384720980745,0.0,0.051958798305688836,0.0,0.0,0.0,0.0,0.0
2024-03-05,0.06403459119249873,0.06732320504081132,0.0,0.0,0.08158984109245843,0.08169734271603973,0.06697720531982922,0.12331673742617706,0.0,0.16281105709013136,0.1204976107831374,0.07126083821619718,0.033071378543413146,0.0,0.0,0.0,0.035033009552636926,0.040428384720980745,0.0,0.051958798305688836,0.0,0.0,0.0,0.0,0.0
2024-03-06,0.06403459119249873,0.06732320504081132,0.0,0.0,0.08158984109245843,0.08169734271603973,0.06697720531982922,0.12331673742617706,0.0,0.16281105709013136,0.1204976107831374,0.07126083821619718,0.033071378543413146,0.0,0.0,0.0,0.035033009552636926,0.040428384720980745,0.0,0.051958798305688836,0.0,0.0,0.0,0.0,0.0
2024-03-07,0.06403459119249873,0.06732320504081132,0.0,0.0,0.08158984109245843,0.08169734271603973,0.06697720531982922,0.12331673742617706,0.0,0.16281105709013136,0.1204976107831374,0.07126083821619718,0.033071378543413146,0.0,0.0,0.0,0.035033009552636926,0.040428384720980745,0.0,0.051958798305688836,0.0,0.0,0.0,0.0,0.0
2024-03-08,0.06403459119249873,0.06732320504081132,0.0,0.0,0.08158984109245843,0.08169734271603973,0.06697720531982922,0.12331673742617706,0.0,0.16281105709013136,0.1204976107831374,0.07126083821619718,0.033071378543413146,0.0,0.0,0.0,0.035033009552636926,0.040428384720980745,0.0,0.051958798305688836,0.0,0.0,0.0,0.0,0.0
2024-03-11,0.06403459119249873,0.06732320504081132,0.0,0.0,0.08158984109245843,0.08169734271603973,0.06697720531982922,0.12331673742617706,0.0,0.16281105709013136,0.1204976107831374,0.07126083821619718,0.033071378543413146,0.0,0.0,0.0,0.035033009552636926,0.040428384720980745,0.0,0.051958798305688836,0.0,0.0,0.0,0.0,0.0
2024-03-12,0.06403459119249873,0.06732320504081132,0.0,0.0,0.08158984109245843,0.08169734271603973,0.06697720531982922,0.12331673742617706,0.0,0.16281105709013136,0.1204976107831374,0.07126083821619718,0.033071378543413146,0.0,0.0,0.0,0.035033009552636926,0.040428384720980745,0.0,0.051958798305688836,0.0,0.0,0.0,0.0,0.0
2024-03-13,0.06403459119249873,0.06732320504081132,0.0,0.0,0.08158984109245843,0.08169734271603973,0.06697720531982922,0.12331673742617706,0.0,0.16281105709013136,0.1204976107831374,0.07126083821619718,0.033071378543413146,0.0,0.0,0.0,0.035033009552636926,0.040428384720980745,0.0,0.051958798305688836,0.0,0.0,0.0,0.0,0.0
2024-03-14,0.06403459119249873,0.06732320504081132,0.0,0.0,0.08158984109245843,0.08169734271603973,0.06697720531982922,0.12331673742617706,0.0,0.16281105709013136,0.1204976107831374,0.07126083821619718,0.033071378543413146,0.0,0.0,0.0,0.035033009552636926,0.040428384720980745,0.0,0.051958798305688836,0.0,0.0,0.0,0.0,0.0
2024-03-15,0.06403459119249873,0.06732320504081132,0.0,0.0,0.08158984109245843,0.08169734271603973,0.06697720531982922,0.12331673742617706,0.0,0.16281105709013136,0.1204976107831374,0.07126083821619718,0.033071378543413146,0.0,0.0,0.0,0.035033009552636926,0.040428384720980745,0.0,0.051958798305688836,0.0,0.0,0.0,0.0,0.0
2024-03-18,0.06403459119249873,0.06732320504081132,0.0,0.0,0.08158984109245843,0.08169734271603973,0.06697720531982922,0.12331673742617706,0.0,0.16281105709013136,0.1204976107831374,0.07126083821619718,0.033071378543413146,0.0,0.0,0.0,0.035033009552636926,0.040428384720980745,0.0,0.051958798305688836,0.0,0.0,0.0,0.0,0.0
2024-03-19,0.06403459119249873,0.06732320504081132,0.0,0.0,0.08158984109245843,0.08169734271603973,0.06697720531982922,0.12331673742617706,0.0,0.16281105709013136,0.1204976107831374,0.07126083821619718,0.033071378543413146,0.0,0.0,0.0,0.035033009552636926,0.040428384720980745,0.0,0.051958798305688836,0.0,0.0,0.0,0.0,0.0
2024-03-20,0.06403459119249873,0.06732320504081132,0.0,0.0,0.08158984109245843,0.08169734271603973,0.06697720531982922,0.12331673742617706,0.0,0.16281105709013136,0.1204976107831374,0.07126083821619718,0.033071378543413146,0.0,0.0,0.0,0.035033009552636926,0.040428384720980745,0.0,0.051958798305688836,0.0,0.0,0.0,0.0,0.0
2024-03-21,0.06403459119249873,0.06732320504081132,0.0,0.0,0.08158984109245843,0.08169734271603973,0.06697720531982922,0.12331673742617706,0.0,0.16281105709013136,0.1204976107831374,0.07126083821619718,0.033071378543413146,0.0,0.0,0.0,0.035033009552636926,0.040428384720980745,0.0,0.051958798305688836,0.0,0.0,0.0,0.0,0.0
2024-03-22,0.06403459119249873,0.06732320504081132,0.0,0.0,0.08158984109245843,0.08169734271603973,0.06697720531982922,0.12331673742617706,0.0,0.16281105709013136,0.1204976107831374,0.07126083821619718,0.033071378543413146,0.0,0.0,0.0,0.035033009552636926,0.040428384720980745,0.0,0.051958798305688836,0.0,0.0,0.0,0.0,0.0
2024-03-25,0.06403459119249873,0.06732320504081132,0.0,0.0,0.08158984109245843,0.08169734271603973,0.06697720531982922,0.12331673742617706,0.0,0.16281105709013136,0.1204976107831374,0.07126083821619718,0.033071378543413146,0.0,0.0,0.0,0.035033009552636926,0.040428384720980745,0.0,0.051958798305688836,0.0,0.0,0.0,0.0,0.0
2024-03-26,0.06403459119249873,0.06732320504081132,0.0,0.0,0.08158984109245843,0.08169734271603973,0.06697720531982922,0.12331673742617706,0.0,0.16281105709013136,0.1204976107831374,0.07126083821619718,0.033071378543413146,0.0,0.0,0.0,0.035033009552636926,0.040428384720980745,0.0,0.051958798305688836,0.0,0.0,0.0,0.0,0.0
2024-03-27,0.06403459119249873,0.06732320504081132,0.0,0.0,0.08158984109245843,0.08169734271603973,0.06697720531982922,0.12331673742617706,0.0,0.16281105709013136,0.1204976107831374,0.07126083821619718,0.033071378543413146,0.0,0.0,0.0,0.035033009552636926,0.040428384720980745,0.0,0.051958798305688836,0.0,0.0,0.0,0.0,0.0
2024-03-28,0.06403459119249873,0.06732320504081132,0.0,0.0,0.08158984109245843,0.08169734271603973,0.06697720531982922,0.12331673742617706,0.0,0.16281105709013136,0.1204976107831374,0.07126083821619718,0.033071378543413146,0.0,0.0,0.0,0.035033009552636926,0.040428384720980745,0.0,0.051958798305688836,0.0,0.0,0.0,0.0,0.0
2024-03-29,0.06403459119249873,0.06732320504081132,0.0,0.0,0.08158984109245843,0.08169734271603973,0.06697720531982922,0.12331673742617706,0.0,0.16281105709013136,0.1204976107831374,0.07126083821619718,0.033071378543413146,0.0,0.0,0.0,0.035033009552636926,0.040428384720980745,0.0,0.051958798305688836,0.0,0.0,0.0,0.0,0.0
2024-04-01,0.06920152039495357,0.08123422569630191,0.08770383668312258,0.07882916735766411,0.09626779315558404,0.06982776045242743,0.06638174598101779,0.11133484372178919,0.0,0.08464874059569548,0.0,0.08802996889139224,0.07128192211096288,0.0,0.0,0.0,0.0,0.04357601237658738,0.0,0.05168246258250146,0.0,0.0,0.0,0.0,0.0
2024-04-02,0.06920152039495357,0.08123422569630191,0.08770383668312258,0.07882916735766411,0.09626779315558404,0.06982776045242743,0.06638174598101779,0.11133484372178919,0.0,0.08464874059569548,0.0,0.08802996889139224,0.07128192211096288,0.0,0.0,0.0,0.0,0.04357601237658738,0.0,0.05168246258250146,0.0,0.0,0.0,0.0,0.0
2024-04-03,0.06920152039495357,0.08123422569630191,0.08770383668312258,0.07882916735766411,0.09626779315558404,0.06982776045242743,0.06638174598101779,0.11133484372178919,0.0,0.08464874059569548,0.0,0.08802996889139224,0.07128192211096288,0.0,0.0,0.0,0.0,0.04357601237658738,0.0,0.05168246258250146,0.0,0.0,0.0,0.0,0.0
2024-04-04,0.06920152039495357,0.08123422569630191,0.08770383668312258,0.07882916735766411,0.09626779315558404,0.06982776045242743,0.06638174598101779,0.11133484372178919,0.0,0.08464874059569548,0.0,0.08802996889139224,0.07128192211096288,0.0,0.0,0.0,0.0,0.04357601237658738,0.0,0.05168246258250146,0.0,0.0,0.0,0.0,0.0
2024-04-05,0.06920152039495357,0.08123422569630191,0.08770383668312258,0.07882916735766411,0.09626779315558404,0.06982776045242743,0.06638174598101779,0.11133484372178919,0.0,0.08464874059569548,0.0,0.08802996889139224,0.07128192211096288,0.0,0.0,0.0,0.0,0.04357601237658738,0.0,0.05168246258250146,0.0,0.0,0.0,0.0,0.0
2024-04-08,0.06920152039495357,0.08123422569630191,0.08770383668312258,0.07882916735766411,0.09626779315558404,0.06982776045242743,0.06638174598101779,0.11133484372178919,0.0,0.08464874059569548,0.0,0.08802996889139224,0.07128192211096288,0.0,0.0,0.0,0.0,0.04357601237658738,0.0,0.05168246258250146,0.0,0.0,0.0,0.0,0.0
2024-04-09,0.06920152039495357,0.08123422569630191,0.08770383668312258,0.07882916735766411,0.09626779315558404,0.06982776045242743,0.06638174598101779,0.11133484372178919,0.0,0.08464874059569548,0.0,0.08802996889139224,0.07128192211096288,0.0,0.0,0.0,0.0,0.04357601237658738,0.0,0.05168246258250146,0.0,0.0,0.0,0.0,0.0
2024-04-10,0.06920152039495357,0.08123422569630191,0.08770383668312258,0.07882916735766411,0.09626779315558404,0.06982776045242743,0.06638174598101779,0.11133484372178919,0.0,0.08464874059569548,0.0,0.08802996889139224,0.07128192211096288,0.0,0.0,0.0,0.0,0.04357601237658738,0.0,0.05168246258250146,0.0,0.0,0.0,0.0,0.0
2024-04-11,0.06920152039495357,0.08123422569630191,0.08770383668312258,0.07882916735766411,0.09626779315558404,0.06982776045242743,0.06638174598101779,0.11133484372178919,0.0,0.08464874059569548,0.0,0.08802996889139224,0.07128192211096288,0.0,0.0,0.0,0.0,0.04357601237658738,0.0,0.05168246258250146,0.0,0.0,0.0,0.0,0.0
2024-04-12,0.06920152039495357,0.08123422569630191,0.08770383668312258,0.07882916735766411,0.09626779315558404,0.06982776045242743,0.06638174598101779,0.11133484372178919,0.0,0.08464874059569548,0.0,0.08802996889139224,0.07128192211096288,0.0,0.0,0.0,0.0,0.04357601237658738,0.0,0.05168246258250146,0.0,0.0,0.0,0.0,0.0
2024-04-15,0.06920152039495357,0.08123422569630191,0.08770383668312258,0.07882916735766411,0.09626779315558404,0.06982776045242743,0.06638174598101779,0.11133484372178919,0.0,0.08464874059569548,0.0,0.08802996889139224,0.07128192211096288,0.0,0.0,0.0,0.0,0.04357601237658738,0.0,0.05168246258250146,0.0,0.0,0.0,0.0,0.0
2024-04-16,0.06920152039495357,0.08123422569630191,0.08770383668312258,0.07882916735766411,0.09626779315558404,0.06982776045242743,0.06638174598101779,0.11133484372178919,0.0,0.08464874059569548,0.0,0.08802996889139224,0.07128192211096288,0.0,0.0,0.0,0.0,0.04357601237658738,0.0,0.05168246258250146,0.0,0.0,0.0,0.0,0.0
2024-04-17,0.06920152039495357,0.08123422569630191,0.08770383668312258,0.07882916735766411,0.09626779315558404,0.06982776045242743,0.06638174598101779,0.11133484372178919,0.0,0.08464874059569548,0.0,0.08802996889139224,0.07128192211096288,0.0,0.0,0.0,0.0,0.04357601237658738,0.0,0.05168246258250146,0.0,0.0,0.0,0.0,0.0
2024-04-18,0.06920152039495357,0.08123422569630191,0.08770383668312258,0.07882916735766411,0.09626779315558404,0.06982776045242743,0.06638174598101779,0.11133484372178919,0.0,0.08464874059569548,0.0,0.08802996889139224,0.07128192211096288,0.0,0.0,0.0,0.0,0.04357601237658738,0.0,0.05168246258250146,0.0,0.0,0.0,0.0,0.0
2024-04-19,0.06920152039495357,0.08123422569630191,0.08770383668312258,0.07882916735766411,0.09626779315558404,0.06982776045242743,0.06638174598101779,0.11133484372178919,0.0,0.08464874059569548,0.0,0.08802996889139224,0.07128192211096288,0.0,0.0,0.0,0.0,0.04357601237658738,0.0,0.05168246258250146,0.0,0.0,0.0,0.0,0.0
2024-04-22,0.06920152039495357,0.08123422569630191,0.08770383668312258,0.07882916735766411,0.09626779315558404,0.06982776045242743,0.06638174598101779,0.11133484372178919,0.0,0.08464874059569548,0.0,0.08802996889139224,0.07128192211096288,0.0,0.0,0.0,0.0,0.04357601237658738,0.0,0.05168246258250146,0.0,0.0,0.0,0.0,0.0
2024-04-23,0.06920152039495357,0.08123422569630191,0.08770383668312258,0.07882916735766411,0.09626779315558404,0.06982776045242743,0.06638174598101779,0.11133484372178919,0.0,0.08464874059569548,0.0,0.08802996889139224,0.07128192211096288,0.0,0.0,0.0,0.0,0.04357601237658738,0.0,0.05168246258250146,0.0,0.0,0.0,0.0,0.0
2024-04-24,0.06920152039495357,0.08123422569630191,0.08770383668312258,0.07882916735766411,0.09626779315558404,0.06982776045242743,0.06638174598101779,0.11133484372178919,0.0,0.08464874059569548,0.0,0.08802996889139224,0.07128192211096288,0.0,0.0,0.0,0.0,0.04357601237658738,0.0,0.05168246258250146,0.0,0.0,0.0,0.0,0.0
2024-04-25,0.06920152039495357,0.08123422569630191,0.08770383668312258,0.07882916735766411,0.09626779315558404,0.06982776045242743,0.06638174598101779,0.11133484372178919,0.0,0.08464874059569548,0.0,0.08802996889139224,0.07128192211096288,0.0,0.0,0.0,0.0,0.04357601237658738,0.0,0.05168246258250146,0.0,0.0,0.0,0.0,0.0
2024-04-26,0.06920152039495357,0.08123422569630191,0.08770383668312258,0.07882916735766411,0.09626779315558404,0.06982776045242743,0.06638174598101779,0.11133484372178919,0.0,0.08464874059569548,0.0,0.08802996889139224,0.07128192211096288,0.0,0.0,0.0,0.0,0.04357601237658738,0.0,0.05168246258250146,0.0,0.0,0.0,0.0,0.0
2024-04-29,0.06920152039495357,0.08123422569630191,0.08770383668312258,0.07882916735766411,0.09626779315558404,0.06982776045242743,0.06638174598101779,0.11133484372178919,0.0,0.08464874059569548,0.0,0.08802996889139224,0.07128192211096288,0.0,0.0,0.0,0.0,0.04357601237658738,0.0,0.05168246258250146,0.0,0.0,0.0,0.0,0.0
2024-04-30,0.06920152039495357,0.08123422569630191,0.08770383668312258,0.07882916735766411,0.09626779315558404,0.06982776045242743,0.06638174598101779,0.11133484372178919,0.0,0.08464874059569548,0.0,0.08802996889139224,0.07128192211096288,0.0,0.0,0.0,0.0,0.04357601237658738,0.0,0.05168246258250146,0.0,0.0,0.0,0.0,0.0
2024-05-01,0.06920152039495357,0.08123422569630191,0.08770383668312258,0.07882916735766411,0.09626779315558404,0.06982776045242743,0.06638174598101779,0.11133484372178919,0.0,0.08464874059569548,0.0,0.08802996889139224,0.07128192211096288,0.0,0.0,0.0,0.0,0.04357601237658738,0.0,0.05168246258250146,0.0,0.0,0.0,0.0,0.0
2024-05-02,0.06920152039495357,0.08123422569630191,0.08770383668312258,0.07882916735766411,0.09626779315558404,0.06982776045242743,0.06638174598101779,0.11133484372178919,0.0,0.08464874059569548,0.0,0.08802996889139224,0.07128192211096288,0.0,0.0,0.0,0.0,0.04357601237658738,0.0,0.05168246258250146,0.0,0.0,0.0,0.0,0.0
2024-05-03,0.06920152039495357,0.08123422569630191,0.08770383668312258,0.07882916735766411,0.09626779315558404,0.06982776045242743,0.06638174598101779,0.11133484372178919,0.0,0.08464874059569548,0.0,0.08802996889139224,0.07128192211096288,0.0,0.0,0.0,0.0,0.04357601237658738,0.0,0.05168246258250146,0.0,0.0,0.0,0.0,0.0
2024-05-06,0.06920152039495357,0.08123422569630191,0.08770383668312258,0.07882916735766411,0.09626779315558404,0.06982776045242743,0.06638174598101779,0.11133484372178919,0.0,0.08464874059569548,0.0,0.08802996889139224,0.07128192211096288,0.0,0.0,0.0,0.0,0.04357601237658738,0.0,0.05168246258250146,0.0,0.0,0.0,0.0,0.0
2024-05-07,0.06920152039495357,0.08123422569630191,0.08770383668312258,0.07882916735766411,0.09626779315558404,0.06982776045242743,0.06638174598101779,0.11133484372178919,0.0,0.08464874059569548,0.0,0.08802996889139224,0.07128192211096288,0.0,0.0,0.0,0.0,0.04357601237658738,0.0,0.05168246258250146,0.0,0.0,0.0,0.0,0.0
2024-05-08,0.06920152039495357,0.08123422569630191,0.08770383668312258,0.07882916735766411,0.09626779315558404,0.06982776045242743,0.06638174598101779,0.11133484372178919,0.0,0.08464874059569548,0.0,0.08802996889139224,0.07128192211096288,0.0,0.0,0.0,0.0,0.04357601237658738,0.0,0.05168246258250146,0.0,0.0,0.0,0.0,0.0
2024-05-09,0.06920152039495357,0.08123422569630191,0.08770383668312258,0.07882916735766411,0.09626779315558404,0.06982776045242743,0.06638174598101779,0.11133484372178919,0.0,0.08464874059569548,0.0,0.08802996889139224,0.07128192211096288,0.0,0.0,0.0,0.0,0.04357601237658738,0.0,0.05168246258250146,0.0,0.0,0.0,0.0,0.0
2024-05-10,0.06920152039495357,0.08123422569630191,0.08770383668312258,0.07882916735766411,0.09626779315558404,0.06982776045242743,0.06638174598101779,0.11133484372178919,0.0,0.08464874059569548,0.0,0.08802996889139224,0.07128192211096288,0.0,0.0,0.0,0.0,0.04357601237658738,0.0,0.05168246258250146,0.0,0.0,0.0,0.0,0.0
2024-05-13,0.06920152039495357,0.08123422569630191,0.08770383668312258,0.07882916735766411,0.09626779315558404,0.06982776045242743,0.06638174598101779,0.11133484372178919,0.0,0.08464874059569548,0.0,0.08802996889139224,0.07128192211096288,0.0,0.0,0.0,0.0,0.04357601237658738,0.0,0.05168246258250146,0.0,0.0,0.0,0.0,0.0
2024-05-14,0.06920152039495357,0.08123422569630191,0.08770383668312258,0.07882916735766411,0.09626779315558404,0.06982776045242743,0.06638174598101779,0.11133484372178919,0.0,0.08464874059569548,0.0,0.08802996889139224,0.07128192211096288,0.0,0.0,0.0,0.0,0.04357601237658738,0.0,0.05168246258250146,0.0,0.0,0.0,0.0,0.0
2024-05-15,0.06920152039495357,0.08123422569630191,0.08770383668312258,0.07882916735766411,0.09626779315558404,0.06982776045242743,0.06638174598101779,0.11133484372178919,0.0,0.08464874059569548,0.0,0.08802996889139224,0.07128192211096288,0.0,0.0,0.0,0.0,0.04357601237658738,0.0,0.05168246258250146,0.0,0.0,0.0,0.0,0.0
2024-05-16,0.06920152039495357,0.08123422569630191,0.08770383668312258,0.07882916735766411,0.09626779315558404,0.06982776045242743,0.06638174598101779,0.11133484372178919,0.0,0.08464874059569548,0.0,0.08802996889139224,0.07128192211096288,0.0,0.0,0.0,0.0,0.04357601237658738,0.0,0.05168246258250146,0.0,0.0,0.0,0.0,0.0
2024-05-17,0.06920152039495357,0.08123422569630191,0.08770383668312258,0.07882916735766411,0.09626779315558404,0.06982776045242743,0.06638174598101779,0.11133484372178919,0.0,0.08464874059569548,0.0,0.08802996889139224,0.07128192211096288,0.0,0.0,0.0,0.0,0.04357601237658738,0.0,0.05168246258250146,0.0,0.0,0.0,0.0,0.0
2024-05-20,0.06920152039495357,0.08123422569630191,0.08770383668312258,0.07882916735766411,0.09626779315558404,0.06982776045242743,0.06638174598101779,0.11133484372178919,0.0,0.08464874059569548,0.0,0.08802996889139224,0.07128192211096288,0.0,0.0,0.0,0.0,0.04357601237658738,0.0,0.05168246258250146,0.0,0.0,0.0,0.0,0.0
2024-05-21,0.06920152039495357,0.08123422569630191,0.08770383668312258,0.07882916735766411,0.09626779315558404,0.06982776045242743,0.06638174598101779,0.11133484372178919,0.0,0.08464874059569548,0.0,0.08802996889139224,0.07128192211096288,0.0,0.0,0.0,0.0,0.04357601237658738,0.0,0.05168246258250146,0.0,0.0,0.0,0.0,0.0
2024-05-22,0.06920152039495357,0.08123422569630191,0.08770383668312258,0.07882916735766411,0.09626779315558404,0.06982776045242743,0.06638174598101779,0.11133484372178919,0.0,0.08464874059569548,0.0,0.08802996889139224,0.07128192211096288,0.0,0.0,0.0,0.0,0.04357601237658738,0.0,0.05168246258250146,0.0,0.0,0.0,0.0,0.0
2024-05-23,0.06920152039495357,0.08123422569630191,0.08770383668312258,0.07882916735766411,0.09626779315558404,0.06982776045242743,0.06638174598101779,0.11133484372178919,0.0,0.08464874059569548,0.0,0.08802996889139224,0.07128192211096288,0.0,0.0,0.0,0.0,0.04357601237658738,0.0,0.05168246258250146,0.0,0.0,0.0,0.0,0.0
2024-05-24,0.06920152039495357,0.08123422569630191,0.08770383668312258,0.07882916735766411,0.09626779315558404,0.06982776045242743,0.06638174598101779,0.11133484372178919,0.0,0.08464874059569548,0.0,0.08802996889139224,0.07128192211096288,0.0,0.0,0.0,0.0,0.04357601237658738,0.0,0.05168246258250146,0.0,0.0,0.0,0.0,0.0
2024-05-27,0.06920152039495357,0.08123422569630191,0.08770383668312258,0.07882916735766411,0.09626779315558404,0.06982776045242743,0.06638174598101779,0.11133484372178919,0.0,0.08464874059569548,0.0,0.08802996889139224,0.07128192211096288,0.0,0.0,0.0,0.0,0.04357601237658738,0.0,0.05168246258250146,0.0,0.0,0.0,0.0,0.0
2024-05-28,0.06920152039495357,0.08123422569630191,0.08770383668312258,0.07882916735766411,0.09626779315558404,0.06982776045242743,0.06638174598101779,0.11133484372178919,0.0,0.08464874059569548,0.0,0.08802996889139224,0.07128192211096288,0.0,0.0,0.0,0.0,0.04357601237658738,0.0,0.05168246258250146,0.0,0.0,0.0,0.0,0.0
2024-05-29,0.06920152039495357,0.08123422569630191,0.08770383668312258,0.07882916735766411,0.09626779315558404,0.06982776045242743,0.06638174598101779,0.11133484372178919,0.0,0.08464874059569548,0.0,0.08802996889139224,0.07128192211096288,0.0,0.0,0.0,0.0,0.04357601237658738,0.0,0.05168246258250146,0.0,0.0,0.0,0.0,0.0
2024-05-30,0.06920152039495357,0.08123422569630191,0.08770383668312258,0.07882916735766411,0.09626779315558404,0.06982776045242743,0.06638174598101779,0.11133484372178919,0.0,0.08464874059569548,0.0,0.08802996889139224,0.07128192211096288,0.0,0.0,0.0,0.0,0.04357601237658738,0.0,0.05168246258250146,0.0,0.0,0.0,0.0,0.0
2024-05-31,0.06920152039495357,0.08123422569630191,0.08770383668312258,0.07882916735766411,0.09626779315558404,0.06982776045242743,0.06638174598101779,0.11133484372178919,0.0,0.08464874059569548,0.0,0.08802996889139224,0.07128192211096288,0.0,0.0,0.0,0.0,0.04357601237658738,0.0,0.05168246258250146,0.0,0.0,0.0,0.0,0.0
2024-06-03,0.06465863904552373,0.0724543901983993,0.07491885033671246,0.09003154490202821,0.06489916134584642,0.0632876133144852,0.04694392451105063,0.0,0.0,0.13466954238044135,0.14378912879059366,0.10304685156020121,0.062233444824614854,0.0,0.0,0.0,0.0,0.037906499112034274,0.0,0.04116040967806876,0.0,0.0,0.0,0.0,0.0
2024-06-04,0.06465863904552373,0.0724543901983993,0.07491885033671246,0.09003154490202821,0.06489916134584642,0.0632876133144852,0.04694392451105063,0.0,0.0,0.13466954238044135,0.14378912879059366,0.10304685156020121,0.062233444824614854,0.0,0.0,0.0,0.0,0.037906499112034274,0.0,0.04116040967806876,0.0,0.0,0.0,0.0,0.0
2024-06-05,0.06465863904552373,0.0724543901983993,0.07491885033671246,0.09003154490202821,0.06489916134584642,0.0632876133144852,0.04694392451105063,0.0,0.0,0.13466954238044135,0.14378912879059366,0.10304685156020121,0.062233444824614854,0.0,0.0,0.0,0.0,0.037906499112034274,0.0,0.04116040967806876,0.0,0.0,0.0,0.0,0.0
2024-06-06,0.06465863904552373,0.0724543901983993,0.07491885033671246,0.09003154490202821,0.06489916134584642,0.0632876133144852,0.04694392451105063,0.0,0.0,0.13466954238044135,0.14378912879059366,0.10304685156020121,0.062233444824614854,0.0,0.0,0.0,0.0,0.037906499112034274,0.0,0.04116040967806876,0.0,0.0,0.0,0.0,0.0
2024-06-07,0.06465863904552373,0.0724543901983993,0.07491885033671246,0.09003154490202821,0.06489916134584642,0.0632876133144852,0.04694392451105063,0.0,0.0,0.13466954238044135,0.14378912879059366,0.10304685156020121,0.062233444824614854,0.0,0.0,0.0,0.0,0.037906499112034274,0.0,0.04116040967806876,0.0,0.0,0.0,0.0,0.0
2024-06-10,0.06465863904552373,0.0724543901983993,0.07491885033671246,0.09003154490202821,0.06489916134584642,0.0632876133144852,0.04694392451105063,0.0,0.0,0.13466954238044135,0.14378912879059366,0.10304685156020121,0.062233444824614854,0.0,0.0,0.0,0.0,0.037906499112034274,0.0,0.04116040967806876,0.0,0.0,0.0,0.0,0.0
2024-06-11,0.06465863904552373,0.0724543901983993,0.07491885033671246,0.09003154490202821,0.06489916134584642,0.0632876133144852,0.04694392451105063,0.0,0.0,0.13466954238044135,0.14378912879059366,0.10304685156020121,0.062233444824614854,0.0,0.0,0.0,0.0,0.037906499112034274,0.0,0.04116040967806876,0.0,0.0,0.0,0.0,0.0
2024-06-12,0.06465863904552373,0.0724543901983993,0.07491885033671246,0.09003154490202821,0.06489916134584642,0.0632876133144852,0.04694392451105063,0.0,0.0,0.13466954238044135,0.14378912879059366,0.10304685156020121,0.062233444824614854,0.0,0.0,0.0,0.0,0.037906499112034274,0.0,0.04116040967806876,0.0,0.0,0.0,0.0,0.0
2024-06-13,0.06465863904552373,0.0724543901983993,0.07491885033671246,0.09003154490202821,0.06489916134584642,0.0632876133144852,0.04694392451105063,0.0,0.0,0.13466954238044135,0.14378912879059366,0.10304685156020121,0.062233444824614854,0.0,0.0,0.0,0.0,0.037906499112034274,0.0,0.04116040967806876,0.0,0.0,0.0,0.0,0.0
2024-06-14,0.06465863904552373,0.0724543901983993,0.07491885033671246,0.09003154490202821,0.06489916134584642,0.0632876133144852,0.04694392451105063,0.0,0.0,0.13466954238044135,0.14378912879059366,0.10304685156020121,0.062233444824614854,0.0,0.0,0.0,0.0,0.037906499112034274,0.0,0.04116040967806876,0.0,0.0,0.0,0.0,0.0
2024-06-17,0.06465863904552373,0.0724543901983993,0.07491885033671246,0.09003154490202821,0.06489916134584642,0.0632876133144852,0.04694392451105063,0.0,0.0,0.13466954238044135,0.14378912879059366,0.10304685156020121,0.062233444824614854,0.0,0.0,0.0,0.0,0.037906499112034274,0.0,0.04116040967806876,0.0,0.0,0.0,0.0,0.0
2024-06-18,0.06465863904552373,0.0724543901983993,0.07491885033671246,0.09003154490202821,0.06489916134584642,0.0632876133144852,0.04694392451105063,0.0,0.0,0.13466954238044135,0.14378912879059366,0.10304685156020121,0.062233444824614854,0.0,0.0,0.0,0.0,0.037906499112034274,0.0,0.04116040967806876,0.0,0.0,0.0,0.0,0.0
2024-06-19,0.06465863904552373,0.0724543901983993,0.07491885033671246,0.09003154490202821,0.06489916134584642,0.0632876133144852,0.04694392451105063,0.0,0.0,0.13466954238044135,0.14378912879059366,0.10304685156020121,0.062233444824614854,0.0,0.0,0.0,0.0,0.037906499112034274,0.0,0.04116040967806876,0.0,0.0,0.0,0.0,0.0
2024-06-20,0.06465863904552373,0.0724543901983993,0.07491885033671246,0.09003154490202821,0.06489916134584642,0.0632876133144852,0.04694392451105063,0.0,0.0,0.13466954238044135,0.14378912879059366,0.10304685156020121,0.062233444824614854,0.0,0.0,0.0,0.0,0.037906499112034274,0.0,0.04116040967806876,0.0,0.0,0.0,0.0,0.0
2024-06-21,0.06465863904552373,0.0724543901983993,0.07491885033671246,0.09003154490202821,0.06489916134584642,0.0632876133144852,0.04694392451105063,0.0,0.0,0.13466954238044135,0.14378912879059366,0.10304685156020121,0.062233444824614854,0.0,0.0,0.0,0.0,0.037906499112034274,0.0,0.04116040967806876,0.0,0.0,0.0,0.0,0.0
2024-06-24,0.06465863904552373,0.0724543901983993,0.07491885033671246,0.09003154490202821,0.06489916134584642,0.0632876133144852,0.04694392451105063,0.0,0.0,0.13466954238044135,0.14378912879059366,0.10304685156020121,0.062233444824614854,0.0,0.0,0.0,0.0,0.037906499112034274,0.0,0.04116040967806876,0.0,0.0,0.0,0.0,0.0
2024-06-25,0.06465863904552373,0.0724543901983993,0.07491885033671246,0.09003154490202821,0.06489916134584642,0.0632876133144852,0.04694392451105063,0.0,0.0,0.13466954238044135,0.14378912879059366,0.10304685156020121,0.062233444824614854,0.0,0.0,0.0,0.0,0.037906499112034274,0.0,0.04116040967806876,0.0,0.0,0.0,0.0,0.0
2024-06-26,0.06465863904552373,0.0724543901983993,0.07491885033671246,0.09003154490202821,0.06489916134584642,0.0632876133144852,0.04694392451105063,0.0,0.0,0.13466954238044135,0.14378912879059366,0.10304685156020121,0.062233444824614854,0.0,0.0,0.0,0.0,0.037906499112034274,0.0,0.04116040967806876,0.0,0.0,0.0,0.0,0.0
2024-06-27,0.06465863904552373,0.0724543901983993,0.07491885033671246,0.09003154490202821,0.06489916134584642,0.0632876133144852,0.04694392451105063,0.0,0.0,0.13466954238044135,0.14378912879059366,0.10304685156020121,0.062233444824614854,0.0,0.0,0.0,0.0,0.037906499112034274,0.0,0.04116040967806876,0.0,0.0,0.0,0.0,0.0
2024-06-28,0.06465863904552373,0.0724543901983993,0.07491885033671246,0.09003154490202821,0.06489916134584642,0.0632876133144852,0.04694392451105063,0.0,0.0,0.13466954238044135,0.14378912879059366,0.10304685156020121,0.062233444824614854,0.0,0.0,0.0,0.0,0.037906499112034274,0.0,0.04116040967806876,0.0,0.0,0.0,0.0,0.0
2024-07-01,0.06465863904552373,0.0724543901983993,0.07491885033671246,0.09003154490202821,0.06489916134584642,0.0632876133144852,0.04694392451105063,0.0,0.0,0.13466954238044135,0.14378912879059366,0.10304685156020121,0.062233444824614854,0.0,0.0,0.0,0.0,0.037906499112034274,0.0,0.04116040967806876,0.0,0.0,0.0,0.0,0.0
2024-07-02,0.06465863904552373,0.0724543901983993,0.07491885033671246,0.09003154490202821,0.06489916134584642,0.0632876133144852,0.04694392451105063,0.0,0.0,0.13466954238044135,0.14378912879059366,0.10304685156020121,0.062233444824614854,0.0,0.0,0.0,0.0,0.037906499112034274,0.0,0.04116040967806876,0.0,0.0,0.0,0.0,0.0
2024-07-03,0.06465863904552373,0.0724543901983993,0.07491885033671246,0.09003154490202821,0.06489916134584642,0.0632876133144852,0.04694392451105063,0.0,0.0,0.13466954238044135,0.14378912879059366,0.10304685156020121,0.062233444824614854,0.0,0.0,0.0,0.0,0.037906499112034274,0.0,0.04116040967806876,0.0,0.0,0.0,0.0,0.0
2024-07-04,0.06465863904552373,0.0724543901983993,0.07491885033671246,0.09003154490202821,0.06489916134584642,0.0632876133144852,0.04694392451105063,0.0,0.0,0.13466954238044135,0.14378912879059366,0.10304685156020121,0.062233444824614854,0.0,0.0,0.0,0.0,0.037906499112034274,0.0,0.04116040967806876,0.0,0.0,0.0,0.0,0.0
2024-07-05,0.06465863904552373,0.0724543901983993,0.07491885033671246,0.09003154490202821,0.06489916134584642,0.0632876133144852,0.04694392451105063,0.0,0.0,0.13466954238044135,0.14378912879059366,0.10304685156020121,0.062233444824614854,0.0,0.0,0.0,0.0,0.037906499112034274,0.0,0.04116040967806876,0.0,0.0,0.0,0.0,0.0
2024-07-08,0.06465863904552373,0.0724543901983993,0.07491885033671246,0.09003154490202821,0.06489916134584642,0.0632876133144852,0.04694392451105063,0.0,0.0,0.13466954238044135,0.14378912879059366,0.10304685156020121,0.062233444824614854,0.0,0.0,0.0,0.0,0.037906499112034274,0.0,0.04116040967806876,0.0,0.0,0.0,0.0,0.0
2024-07-09,0.06465863904552373,0.0724543901983993,0.07491885033671246,0.09003154490202821,0.06489916134584642,0.0632876133144852,0.04694392451105063,0.0,0.0,0.13466954238044135,0.14378912879059366,0.10304685156020121,0.062233444824614854,0.0,0.0,0.0,0.0,0.037906499112034274,0.0,0.04116040967806876,0.0,0.0,0.0,0.0,0.0
2024-07-10,0.06465863904552373,0.0724543901983993,0.07491885033671246,0.09003154490202821,0.06489916134584642,0.0632876133144852,0.04694392451105063,0.0,0.0,0.13466954238044135,0.14378912879059366,0.10304685156020121,0.062233444824614854,0.0,0.0,0.0,0.0,0.037906499112034274,0.0,0.04116040967806876,0.0,0.0,0.0,0.0,0.0
2024-07-11,0.06465863904552373,0.0724543901983993,0.07491885033671246,0.09003154490202821,0.06489916134584642,0.0632876133144852,0.04694392451105063,0.0,0.0,0.13466954238044135,0.14378912879059366,0.10304685156020121,0.062233444824614854,0.0,0.0,0.0,0.0,0.037906499112034274,0.0,0.04116040967806876,0.0,0.0,0.0,0.0,0.0
2024-07-12,0.06465863904552373,0.0724543901983993,0.07491885033671246,0.09003154490202821,0.06489916134584642,0.0632876133144852,0.04694392451105063,0.0,0.0,0.13466954238044135,0.14378912879059366,0.10304685156020121,0.062233444824614854,0.0,0.0,0.0,0.0,0.037906499112034274,0.0,0.04116040967806876,0.0,0.0,0.0,0.0,0.0
2024-07-15,0.06465863904552373,0.0724543901983993,0.07491885033671246,0.09003154490202821,0.06489916134584642,0.0632876133144852,0.04694392451105063,0.0,0.0,0.13466954238044135,0.14378912879059366,0.10304685156020121,0.062233444824614854,0.0,0.0,0.0,0.0,0.037906499112034274,0.0,0.04116040967806876,0.0,0.0,0.0,0.0,0.0
2024-07-16,0.06465863904552373,0.0724543901983993,0.07491885033671246,0.09003154490202821,0.06489916134584642,0.0632876133144852,0.04694392451105063,0.0,0.0,0.13466954238044135,0.14378912879059366,0.10304685156020121,0.062233444824614854,0.0,0.0,0.0,0.0,0.037906499112034274,0.0,0.04116040967806876,0.0,0.0,0.0,0.0,0.0
2024-07-17,0.06465863904552373,0.0724543901983993,0.07491885033671246,0.09003154490202821,0.06489916134584642,0.0632876133144852,0.04694392451105063,0.0,0.0,0.13466954238044135,0.14378912879059366,0.10304685156020121,0.062233444824614854,0.0,0.0,0.0,0.0,0.037906499112034274,0.0,0.04116040967806876,0.0,0.0,0.0,0.0,0.0
2024-07-18,0.06465863904552373,0.0724543901983993,0.07491885033671246,0.09003154490202821,0.06489916134584642,0.0632876133144852,0.04694392451105063,0.0,0.0,0.13466954238044135,0.14378912879059366,0.10304685156020121,0.062233444824614854,0.0,0.0,0.0,0.0,0.037906499112034274,0.0,0.04116040967806876,0.0,0.0,0.0,0.0,0.0
2024-07-19,0.06465863904552373,0.0724543901983993,0.07491885033671246,0.09003154490202821,0.06489916134584642,0.0632876133144852,0.04694392451105063,0.0,0.0,0.13466954238044135,0.14378912879059366,0.10304685156020121,0.062233444824614854,0.0,0.0,0.0,0.0,0.037906499112034274,0.0,0.04116040967806876,0.0,0.0,0.0,0.0,0.0
2024-07-22,0.06465863904552373,0.0724543901983993,0.07491885033671246,0.09003154490202821,0.06489916134584642,0.0632876133144852,0.04694392451105063,0.0,0.0,0.13466954238044135,0.14378912879059366,0.10304685156020121,0.062233444824614854,0.0,0.0,0.0,0.0,0.037906499112034274,0.0,0.04116040967806876,0.0,0.0,0.0,0.0,0.0
2024-07-23,0.06465863904552373,0.0724543901983993,0.07491885033671246,0.09003154490202821,0.06489916134584642,0.0632876133144852,0.04694392451105063,0.0,0.0,0.13466954238044135,0.14378912879059366,0.10304685156020121,0.062233444824614854,0.0,0.0,0.0,0.0,0.037906499112034274,0.0,0.04116040967806876,0.0,0.0,0.0,0.0,0.0
2024-07-24,0.06465863904552373,0.0724543901983993,0.07491885033671246,0.09003154490202821,0.06489916134584642,0.0632876133144852,0.04694392451105063,0.0,0.0,0.13466954238044135,0.14378912879059366,0.10304685156020121,0.062233444824614854,0.0,0.0,0.0,0.0,0.037906499112034274,0.0,0.04116040967806876,0.0,0.0,0.0,0.0,0.0
2024-07-25,0.06465863904552373,0.0724543901983993,0.07491885033671246,0.09003154490202821,0.06489916134584642,0.0632876133144852,0.04694392451105063,0.0,0.0,0.13466954238044135,0.14378912879059366,0.10304685156020121,0.062233444824614854,0.0,0.0,0.0,0.0,0.037906499112034274,0.0,0.04116040967806876,0.0,0.0,0.0,0.0,0.0
2024-07-26,0.06465863904552373,0.0724543901983993,0.07491885033671246,0.09003154490202821,0.06489916134584642,0.0632876133144852,0.04694392451105063,0.0,0.0,0.13466954238044135,0.14378912879059366,0.10304685156020121,0.062233444824614854,0.0,0.0,0.0,0.0,0.037906499112034274,0.0,0.04116040967806876,0.0,0.0,0.0,0.0,0.0
2024-07-29,0.06465863904552373,0.0724543901983993,0.07491885033671246,0.09003154490202821,0.06489916134584642,0.0632876133144852,0.04694392451105063,0.0,0.0,0.13466954238044135,0.14378912879059366,0.10304685156020121,0.062233444824614854,0.0,0.0,0.0,0.0,0.037906499112034274,0.0,0.04116040967806876,0.0,0.0,0.0,0.0,0.0
2024-07-30,0.06465863904552373,0.0724543901983993,0.07491885033671246,0.09003154490202821,0.06489916134584642,0.0632876133144852,0.04694392451105063,0.0,0.0,0.13466954238044135,0.14378912879059366,0.10304685156020121,0.062233444824614854,0.0,0.0,0.0,0.0,0.037906499112034274,0.0,0.04116040967806876,0.0,0.0,0.0,0.0,0.0
2024-07-31,0.06465863904552373,0.0724543901983993,0.07491885033671246,0.09003154490202821,0.06489916134584642,0.0632876133144852,0.04694392451105063,0.0,0.0,0.13466954238044135,0.14378912879059366,0.10304685156020121,0.062233444824614854,0.0,0.0,0.0,0.0,0.037906499112034274,0.0,0.04116040967806876,0.0,0.0,0.0,0.0,0.0
2024-08-01,0.06184124598702779,0.06759315538279145,0.06509390585159966,0.08040478893509037,0.09197502820561343,0.04312259563859323,0.0711045923388558,0.0,0.0,0.16213947546128404,0.13895007074944382,0.07723631392252299,0.06062240196123524,0.0,0.0,0.0,0.0,0.04007612580387725,0.0,0.03984029976206496,0.0,0.0,0.0,0.0,0.0
2024-08-02,0.06184124598702779,0.06759315538279145,0.06509390585159966,0.08040478893509037,0.09197502820561343,0.04312259563859323,0.0711045923388558,0.0,0.0,0.16213947546128404,0.13895007074944382,0.07723631392252299,0.06062240196123524,0.0,0.0,0.0,0.0,0.04007612580387725,0.0,0.03984029976206496,0.0,0.0,0.0,0.0,0.0
2024-08-05,0.06184124598702779,0.06759315538279145,0.06509390585159966,0.08040478893509037,0.09197502820561343,0.04312259563859323,0.0711045923388558,0.0,0.0,0.16213947546128404,0.13895007074944382,0.07723631392252299,0.06062240196123524,0.0,0.0,0.0,0.0,0.04007612580387725,0.0,0.03984029976206496,0.0,0.0,0.0,0.0,0.0
2024-08-06,0.06184124598702779,0.06759315538279145,0.06509390585159966,0.08040478893509037,0.09197502820561343,0.04312259563859323,0.0711045923388558,0.0,0.0,0.16213947546128404,0.13895007074944382,0.07723631392252299,0.06062240196123524,0.0,0.0,0.0,0.0,0.04007612580387725,0.0,0.03984029976206496,0.0,0.0,0.0,0.0,0.0
2024-08-07,0.06184124598702779,0.06759315538279145,0.06509390585159966,0.08040478893509037,0.09197502820561343,0.04312259563859323,0.0711045923388558,0.0,0.0,0.16213947546128404,0.13895007074944382,0.07723631392252299,0.06062240196123524,0.0,0.0,0.0,0.0,0.04007612580387725,0.0,0.03984029976206496,0.0,0.0,0.0,0.0,0.0
2024-08-08,0.06184124598702779,0.06759315538279145,0.06509390585159966,0.08040478893509037,0.09197502820561343,0.04312259563859323,0.0711045923388558,0.0,0.0,0.16213947546128404,0.13895007074944382,0.07723631392252299,0.06062240196123524,0.0,0.0,0.0,0.0,0.04007612580387725,0.0,0.03984029976206496,0.0,0.0,0.0,0.0,0.0
2024-08-09,0.06184124598702779,0.06759315538279145,0.06509390585159966,0.08040478893509037,0.09197502820561343,0.04312259563859323,0.0711045923388558,0.0,0.0,0.16213947546128404,0.13895007074944382,0.07723631392252299,0.06062240196123524,0.0,0.0,0.0,0.0,0.04007612580387725,0.0,0.03984029976206496,0.0,0.0,0.0,0.0,0.0
2024-08-12,0.06184124598702779,0.06759315538279145,0.06509390585159966,0.08040478893509037,0.09197502820561343,0.04312259563859323,0.0711045923388558,0.0,0.0,0.16213947546128404,0.13895007074944382,0.07723631392252299,0.06062240196123524,0.0,0.0,0.0,0.0,0.04007612580387725,0.0,0.03984029976206496,0.0,0.0,0.0,0.0,0.0
2024-08-13,0.06184124598702779,0.06759315538279145,0.06509390585159966,0.08040478893509037,0.09197502820561343,0.04312259563859323,0.0711045923388558,0.0,0.0,0.16213947546128404,0.13895007074944382,0.07723631392252299,0.06062240196123524,0.0,0.0,0.0,0.0,0.04007612580387725,0.0,0.03984029976206496,0.0,0.0,0.0,0.0,0.0
2024-08-14,0.06184124598702779,0.06759315538279145,0.06509390585159966,0.08040478893509037,0.09197502820561343,0.04312259563859323,0.0711045923388558,0.0,0.0,0.16213947546128404,0.13895007074944382,0.07723631392252299,0.06062240196123524,0.0,0.0,0.0,0.0,0.04007612580387725,0.0,0.03984029976206496,0.0,0.0,0.0,0.0,0.0
2024-08-15,0.06184124598702779,0.06759315538279145,0.06509390585159966,0.08040478893509037,0.09197502820561343,0.04312259563859323,0.0711045923388558,0.0,0.0,0.16213947546128404,0.13895007074944382,0.07723631392252299,0.06062240196123524,0.0,0.0,0.0,0.0,0.04007612580387725,0.0,0.03984029976206496,0.0,0.0,0.0,0.0,0.0
2024-08-16,0.06184124598702779,0.06759315538279145,0.06509390585159966,0.08040478893509037,0.09197502820561343,0.04312259563859323,0.0711045923388558,0.0,0.0,0.16213947546128404,0.13895007074944382,0.07723631392252299,0.06062240196123524,0.0,0.0,0.0,0.0,0.04007612580387725,0.0,0.03984029976206496,0.0,0.0,0.0,0.0,0.0
2024-08-19,0.06184124598702779,0.06759315538279145,0.06509390585159966,0.08040478893509037,0.09197502820561343,0.04312259563859323,0.0711045923388558,0.0,0.0,0.16213947546128404,0.13895007074944382,0.07723631392252299,0.06062240196123524,0.0,0.0,0.0,0.0,0.04007612580387725,0.0,0.03984029976206496,0.0,0.0,0.0,0.0,0.0
2024-08-20,0.06184124598702779,0.06759315538279145,0.06509390585159966,0.08040478893509037,0.09197502820561343,0.04312259563859323,0.0711045923388558,0.0,0.0,0.16213947546128404,0.13895007074944382,0.07723631392252299,0.06062240196123524,0.0,0.0,0.0,0.0,0.04007612580387725,0.0,0.03984029976206496,0.0,0.0,0.0,0.0,0.0
2024-08-21,0.06184124598702779,0.06759315538279145,0.06509390585159966,0.08040478893509037,0.09197502820561343,0.04312259563859323,0.0711045923388558,0.0,0.0,0.16213947546128404,0.13895007074944382,0.07723631392252299,0.06062240196123524,0.0,0.0,0.0,0.0,0.04007612580387725,0.0,0.03984029976206496,0.0,0.0,0.0,0.0,0.0
2024-08-22,0.06184124598702779,0.06759315538279145,0.06509390585159966,0.08040478893509037,0.09197502820561343,0.04312259563859323,0.0711045923388558,0.0,0.0,0.16213947546128404,0.13895007074944382,0.07723631392252299,0.06062240196123524,0.0,0.0,0.0,0.0,0.04007612580387725,0.0,0.03984029976206496,0.0,0.0,0.0,0.0,0.0
2024-08-23,0.06184124598702779,0.06759315538279145,0.06509390585159966,0.08040478893509037,0.09197502820561343,0.04312259563859323,0.0711045923388558,0.0,0.0,0.16213947546128404,0.13895007074944382,0.07723631392252299,0.06062240196123524,0.0,0.0,0.0,0.0,0.04007612580387725,0.0,0.03984029976206496,0.0,0.0,0.0,0.0,0.0
2024-08-26,0.06184124598702779,0.06759315538279145,0.06509390585159966,0.08040478893509037,0.09197502820561343,0.04312259563859323,0.0711045923388558,0.0,0.0,0.16213947546128404,0.13895007074944382,0.07723631392252299,0.06062240196123524,0.0,0.0,0.0,0.0,0.04007612580387725,0.0,0.03984029976206496,0.0,0.0,0.0,0.0,0.0
2024-08-27,0.06184124598702779,0.06759315538279145,0.06509390585159966,0.08040478893509037,0.09197502820561343,0.04312259563859323,0.0711045923388558,0.0,0.0,0.16213947546128404,0.13895007074944382,0.07723631392252299,0.06062240196123524,0.0,0.0,0.0,0.0,0.04007612580387725,0.0,0.03984029976206496,0.0,0.0,0.0,0.0,0.0
2024-08-28,0.06184124598702779,0.06759315538279145,0.06509390585159966,0.08040478893509037,0.09197502820561343,0.04312259563859323,0.0711045923388558,0.0,0.0,0.16213947546128404,0.13895007074944382,0.07723631392252299,0.06062240196123524,0.0,0.0,0.0,0.0,0.04007612580387725,0.0,0.03984029976206496,0.0,0.0,0.0,0.0,0.0
2024-08-29,0.06184124598702779,0.06759315538279145,0.06509390585159966,0.08040478893509037,0.09197502820561343,0.04312259563859323,0.0711045923388558,0.0,0.0,0.16213947546128404,0.13895007074944382,0.07723631392252299,0.06062240196123524,0.0,0.0,0.0,0.0,0.04007612580387725,0.0,0.03984029976206496,0.0,0.0,0.0,0.0,0.0
2024-08-30,0.06184124598702779,0.06759315538279145,0.06509390585159966,0.08040478893509037,0.09197502820561343,0.04312259563859323,0.0711045923388558,0.0,0.0,0.16213947546128404,0.13895007074944382,0.07723631392252299,0.06062240196123524,0.0,0.0,0.0,0.0,0.04007612580387725,0.0,0.03984029976206496,0.0,0.0,0.0,0.0,0.0
2024-09-02,0.06184124598702779,0.06759315538279145,0.06509390585159966,0.08040478893509037,0.09197502820561343,0.04312259563859323,0.0711045923388558,0.0,0.0,0.16213947546128404,0.13895007074944382,0.07723631392252299,0.06062240196123524,0.0,0.0,0.0,0.0,0.04007612580387725,0.0,0.03984029976206496,0.0,0.0,0.0,0.0,0.0
2024-09-03,0.06184124598702779,0.06759315538279145,0.06509390585159966,0.08040478893509037,0.09197502820561343,0.04312259563859323,0.0711045923388558,0.0,0.0,0.16213947546128404,0.13895007074944382,0.07723631392252299,0.06062240196123524,0.0,0.0,0.0,0.0,0.04007612580387725,0.0,0.03984029976206496,0.0,0.0,0.0,0.0,0.0
2024-09-04,0.06184124598702779,0.06759315538279145,0.06509390585159966,0.08040478893509037,0.09197502820561343,0.04312259563859323,0.0711045923388558,0.0,0.0,0.16213947546128404,0.13895007074944382,0.07723631392252299,0.06062240196123524,0.0,0.0,0.0,0.0,0.04007612580387725,0.0,0.03984029976206496,0.0,0.0,0.0,0.0,0.0
2024-09-05,0.06184124598702779,0.06759315538279145,0.06509390585159966,0.08040478893509037,0.09197502820561343,0.04312259563859323,0.0711045923388558,0.0,0.0,0.16213947546128404,0.13895007074944382,0.07723631392252299,0.06062240196123524,0.0,0.0,0.0,0.0,0.04007612580387725,0.0,0.03984029976206496,0.0,0.0,0.0,0.0,0.0
2024-09-06,0.06184124598702779,0.06759315538279145,0.06509390585159966,0.08040478893509037,0.09197502820561343,0.04312259563859323,0.0711045923388558,0.0,0.0,0.16213947546128404,0.13895007074944382,0.07723631392252299,0.06062240196123524,0.0,0.0,0.0,0.0,0.04007612580387725,0.0,0.03984029976206496,0.0,0.0,0.0,0.0,0.0
2024-09-09,0.06184124598702779,0.06759315538279145,0.06509390585159966,0.08040478893509037,0.09197502820561343,0.04312259563859323,0.0711045923388558,0.0,0.0,0.16213947546128404,0.13895007074944382,0.07723631392252299,0.06062240196123524,0.0,0.0,0.0,0.0,0.04007612580387725,0.0,0.03984029976206496,0.0,0.0,0.0,0.0,0.0
2024-09-10,0.06184124598702779,0.06759315538279145,0.06509390585159966,0.08040478893509037,0.09197502820561343,0.04312259563859323,0.0711045923388558,0.0,0.0,0.16213947546128404,0.13895007074944382,0.07723631392252299,0.06062240196123524,0.0,0.0,0.0,0.0,0.04007612580387725,0.0,0.03984029976206496,0.0,0.0,0.0,0.0,0.0
2024-09-11,0.06184124598702779,0.06759315538279145,0.06509390585159966,0.08040478893509037,0.09197502820561343,0.04312259563859323,0.0711045923388558,0.0,0.0,0.16213947546128404,0.13895007074944382,0.07723631392252299,0.06062240196123524,0.0,0.0,0.0,0.0,0.04007612580387725,0.0,0.03984029976206496,0.0,0.0,0.0,0.0,0.0
2024-09-12,0.06184124598702779,0.06759315538279145,0.06509390585159966,0.08040478893509037,0.09197502820561343,0.04312259563859323,0.0711045923388558,0.0,0.0,0.16213947546128404,0.13895007074944382,0.07723631392252299,0.06062240196123524,0.0,0.0,0.0,0.0,0.04007612580387725,0.0,0.03984029976206496,0.0,0.0,0.0,0.0,0.0
2024-09-13,0.06184124598702779,0.06759315538279145,0.06509390585159966,0.08040478893509037,0.09197502820561343,0.04312259563859323,0.0711045923388558,0.0,0.0,0.16213947546128404,0.13895007074944382,0.07723631392252299,0.06062240196123524,0.0,0.0,0.0,0.0,0.04007612580387725,0.0,0.03984029976206496,0.0,0.0,0.0,0.0,0.0
2024-09-16,0.06184124598702779,0.06759315538279145,0.06509390585159966,0.08040478893509037,0.09197502820561343,0.04312259563859323,0.0711045923388558,0.0,0.0,0.16213947546128404,0.13895007074944382,0.07723631392252299,0.06062240196123524,0.0,0.0,0.0,0.0,0.04007612580387725,0.0,0.03984029976206496,0.0,0.0,0.0,0.0,0.0
2024-09-17,0.06184124598702779,0.06759315538279145,0.06509390585159966,0.08040478893509037,0.09197502820561343,0.04312259563859323,0.0711045923388558,0.0,0.0,0.16213947546128404,0.13895007074944382,0.07723631392252299,0.06062240196123524,0.0,0.0,0.0,0.0,0.04007612580387725,0.0,0.03984029976206496,0.0,0.0,0.0,0.0,0.0
2024-09-18,0.06184124598702779,0.06759315538279145,0.06509390585159966,0.08040478893509037,0.09197502820561343,0.04312259563859323,0.0711045923388558,0.0,0.0,0.16213947546128404,0.13895007074944382,0.07723631392252299,0.06062240196123524,0.0,0.0,0.0,0.0,0.04007612580387725,0.0,0.03984029976206496,0.0,0.0,0.0,0.0,0.0
2024-09-19,0.06184124598702779,0.06759315538279145,0.06509390585159966,0.08040478893509037,0.09197502820561343,0.04312259563859323,0.0711045923388558,0.0,0.0,0.16213947546128404,0.13895007074944382,0.07723631392252299,0.06062240196123524,0.0,0.0,0.0,0.0,0.04007612580387725,0.0,0.03984029976206496,0.0,0.0,0.0,0.0,0.0
2024-09-20,0.06184124598702779,0.06759315538279145,0.06509390585159966,0.08040478893509037,0.09197502820561343,0.04312259563859323,0.0711045923388558,0.0,0.0,0.16213947546128404,0.13895007074944382,0.07723631392252299,0.06062240196123524,0.0,0.0,0.0,0.0,0.04007612580387725,0.0,0.03984029976206496,0.0,0.0,0.0,0.0,0.0
2024-09-23,0.06184124598702779,0.06759315538279145,0.06509390585159966,0.08040478893509037,0.09197502820561343,0.04312259563859323,0.0711045923388558,0.0,0.0,0.16213947546128404,0.13895007074944382,0.07723631392252299,0.06062240196123524,0.0,0.0,0.0,0.0,0.04007612580387725,0.0,0.03984029976206496,0.0,0.0,0.0,0.0,0.0
2024-09-24,0.06184124598702779,0.06759315538279145,0.06509390585159966,0.08040478893509037,0.09197502820561343,0.04312259563859323,0.0711045923388558,0.0,0.0,0.16213947546128404,0.13895007074944382,0.07723631392252299,0.06062240196123524,0.0,0.0,0.0,0.0,0.04007612580387725,0.0,0.03984029976206496,0.0,0.0,0.0,0.0,0.0
2024-09-25,0.06184124598702779,0.06759315538279145,0.06509390585159966,0.08040478893509037,0.09197502820561343,0.04312259563859323,0.0711045923388558,0.0,0.0,0.16213947546128404,0.13895007074944382,0.07723631392252299,0.06062240196123524,0.0,0.0,0.0,0.0,0.04007612580387725,0.0,0.03984029976206496,0.0,0.0,0.0,0.0,0.0
2024-09-26,0.06184124598702779,0.06759315538279145,0.06509390585159966,0.08040478893509037,0.09197502820561343,0.04312259563859323,0.0711045923388558,0.0,0.0,0.16213947546128404,0.13895007074944382,0.07723631392252299,0.06062240196123524,0.0,0.0,0.0,0.0,0.04007612580387725,0.0,0.03984029976206496,0.0,0.0,0.0,0.0,0.0
2024-09-27,0.06184124598702779,0.06759315538279145,0.06509390585159966,0.08040478893509037,0.09197502820561343,0.04312259563859323,0.0711045923388558,0.0,0.0,0.16213947546128404,0.13895007074944382,0.07723631392252299,0.06062240196123524,0.0,0.0,0.0,0.0,0.04007612580387725,0.0,0.03984029976206496,0.0,0.0,0.0,0.0,0.0
2024-09-30,0.06184124598702779,0.06759315538279145,0.06509390585159966,0.08040478893509037,0.09197502820561343,0.04312259563859323,0.0711045923388558,0.0,0.0,0.16213947546128404,0.13895007074944382,0.07723631392252299,0.06062240196123524,0.0,0.0,0.0,0.0,0.04007612580387725,0.0,0.03984029976206496,0.0,0.0,0.0,0.0,0.0
2024-10-01,0.053243881274611916,0.054159525466205734,0.04676743363937409,0.0,0.06410635265563601,0.039483500838818214,0.050256515788053686,0.0,0.2241423629702158,0.23335325582656263,0.0,0.0,0.0,0.0359863497665648,0.025850097301659485,0.11549402968626134,0.0,0.028553130147125395,0.0,0.0286035646389109,0.0,0.0,0.0,0.0,0.0
2024-10-02,0.053243881274611916,0.054159525466205734,0.04676743363937409,0.0,0.06410635265563601,0.039483500838818214,0.050256515788053686,0.0,0.2241423629702158,0.23335325582656263,0.0,0.0,0.0,0.0359863497665648,0.025850097301659485,0.11549402968626134,0.0,0.028553130147125395,0.0,0.0286035646389109,0.0,0.0,0.0,0.0,0.0
2024-10-03,0.053243881274611916,0.054159525466205734,0.04676743363937409,0.0,0.06410635265563601,0.039483500838818214,0.050256515788053686,0.0,0.2241423629702158,0.23335325582656263,0.0,0.0,0.0,0.0359863497665648,0.025850097301659485,0.11549402968626134,0.0,0.028553130147125395,0.0,0.0286035646389109,0.0,0.0,0.0,0.0,0.0
2024-10-04,0.053243881274611916,0.054159525466205734,0.04676743363937409,0.0,0.06410635265563601,0.039483500838818214,0.050256515788053686,0.0,0.2241423629702158,0.23335325582656263,0.0,0.0,0.0,0.0359863497665648,0.025850097301659485,0.11549402968626134,0.0,0.028553130147125395,0.0,0.0286035646389109,0.0,0.0,0.0,0.0,0.0
2024-10-07,0.053243881274611916,0.054159525466205734,0.04676743363937409,0.0,0.06410635265563601,0.039483500838818214,0.050256515788053686,0.0,0.2241423629702158,0.23335325582656263,0.0,0.0,0.0,0.0359863497665648,0.025850097301659485,0.11549402968626134,0.0,0.028553130147125395,0.0,0.0286035646389109,0.0,0.0,0.0,0.0,0.0
2024-10-08,0.053243881274611916,0.054159525466205734,0.04676743363937409,0.0,0.06410635265563601,0.039483500838818214,0.050256515788053686,0.0,0.2241423629702158,0.23335325582656263,0.0,0.0,0.0,0.0359863497665648,0.025850097301659485,0.11549402968626134,0.0,0.028553130147125395,0.0,0.0286035646389109,0.0,0.0,0.0,0.0,0.0
2024-10-09,0.053243881274611916,0.054159525466205734,0.04676743363937409,0.0,0.06410635265563601,0.039483500838818214,0.050256515788053686,0.0,0.2241423629702158,0.23335325582656263,0.0,0.0,0.0,0.0359863497665648,0.025850097301659485,0.11549402968626134,0.0,0.028553130147125395,0.0,0.0286035646389109,0.0,0.0,0.0,0.0,0.0
2024-10-10,0.053243881274611916,0.054159525466205734,0.04676743363937409,0.0,0.06410635265563601,0.039483500838818214,0.050256515788053686,0.0,0.2241423629702158,0.23335325582656263,0.0,0.0,0.0,0.0359863497665648,0.025850097301659485,0.11549402968626134,0.0,0.028553130147125395,0.0,0.0286035646389109,0.0,0.0,0.0,0.0,0.0
2024-10-11,0.053243881274611916,0.054159525466205734,0.04676743363937409,0.0,0.06410635265563601,0.039483500838818214,0.050256515788053686,0.0,0.2241423629702158,0.23335325582656263,0.0,0.0,0.0,0.0359863497665648,0.025850097301659485,0.11549402968626134,0.0,0.028553130147125395,0.0,0.0286035646389109,0.0,0.0,0.0,0.0,0.0
2024-10-14,0.053243881274611916,0.054159525466205734,0.04676743363937409,0.0,0.06410635265563601,0.039483500838818214,0.050256515788053686,0.0,0.2241423629702158,0.23335325582656263,0.0,0.0,0.0,0.0359863497665648,0.025850097301659485,0.11549402968626134,0.0,0.028553130147125395,0.0,0.0286035646389109,0.0,0.0,0.0,0.0,0.0
2024-10-15,0.053243881274611916,0.054159525466205734,0.04676743363937409,0.0,0.06410635265563601,0.039483500838818214,0.050256515788053686,0.0,0.2241423629702158,0.23335325582656263,0.0,0.0,0.0,0.0359863497665648,0.025850097301659485,0.11549402968626134,0.0,0.028553130147125395,0.0,0.0286035646389109,0.0,0.0,0.0,0.0,0.0
2024-10-16,0.053243881274611916,0.054159525466205734,0.04676743363937409,0.0,0.06410635265563601,0.039483500838818214,0.050256515788053686,0.0,0.2241423629702158,0.23335325582656263,0.0,0.0,0.0,0.0359863497665648,0.025850097301659485,0.11549402968626134,0.0,0.028553130147125395,0.0,0.0286035646389109,0.0,0.0,0.0,0.0,0.0
2024-10-17,0.053243881274611916,0.054159525466205734,0.04676743363937409,0.0,0.06410635265563601,0.039483500838818214,0.050256515788053686,0.0,0.2241423629702158,0.23335325582656263,0.0,0.0,0.0,0.0359863497665648,0.025850097301659485,0.11549402968626134,0.0,0.028553130147125395,0.0,0.0286035646389109,0.0,0.0,0.0,0.0,0.0
2024-10-18,0.053243881274611916,0.054159525466205734,0.04676743363937409,0.0,0.06410635265563601,0.039483500838818214,0.050256515788053686,0.0,0.2241423629702158,0.23335325582656263,0.0,0.0,0.0,0.0359863497665648,0.025850097301659485,0.11549402968626134,0.0,0.028553130147125395,0.0,0.0286035646389109,0.0,0.0,0.0,0.0,0.0
2024-10-21,0.053243881274611916,0.054159525466205734,0.04676743363937409,0.0,0.06410635265563601,0.039483500838818214,0.050256515788053686,0.0,0.2241423629702158,0.23335325582656263,0.0,0.0,0.0,0.0359863497665648,0.025850097301659485,0.11549402968626134,0.0,0.028553130147125395,0.0,0.0286035646389109,0.0,0.0,0.0,0.0,0.0
2024-10-22,0.053243881274611916,0.054159525466205734,0.04676743363937409,0.0,0.06410635265563601,0.039483500838818214,0.050256515788053686,0.0,0.2241423629702158,0.23335325582656263,0.0,0.0,0.0,0.0359863497665648,0.025850097301659485,0.11549402968626134,0.0,0.028553130147125395,0.0,0.0286035646389109,0.0,0.0,0.0,0.0,0.0
2024-10-23,0.053243881274611916,0.054159525466205734,0.04676743363937409,0.0,0.06410635265563601,0.039483500838818214,0.050256515788053686,0.0,0.2241423629702158,0.23335325582656263,0.0,0.0,0.0,0.0359863497665648,0.025850097301659485,0.11549402968626134,0.0,0.028553130147125395,0.0,0.0286035646389109,0.0,0.0,0.0,0.0,0.0
2024-10-24,0.053243881274611916,0.054159525466205734,0.04676743363937409,0.0,0.06410635265563601,0.039483500838818214,0.050256515788053686,0.0,0.2241423629702158,0.23335325582656263,0.0,0.0,0.0,0.0359863497665648,0.025850097301659485,0.11549402968626134,0.0,0.028553130147125395,0.0,0.0286035646389109,0.0,0.0,0.0,0.0,0.0
2024-10-25,0.053243881274611916,0.054159525466205734,0.04676743363937409,0.0,0.06410635265563601,0.039483500838818214,0.050256515788053686,0.0,0.2241423629702158,0.23335325582656263,0.0,0.0,0.0,0.0359863497665648,0.025850097301659485,0.11549402968626134,0.0,0.028553130147125395,0.0,0.0286035646389109,0.0,0.0,0.0,0.0,0.0
2024-10-28,0.053243881274611916,0.054159525466205734,0.04676743363937409,0.0,0.06410635265563601,0.039483500838818214,0.050256515788053686,0.0,0.2241423629702158,0.23335325582656263,0.0,0.0,0.0,0.0359863497665648,0.025850097301659485,0.11549402968626134,0.0,0.028553130147125395,0.0,0.0286035646389109,0.0,0.0,0.0,0.0,0.0
2024-10-29,0.053243881274611916,0.054159525466205734,0.04676743363937409,0.0,0.06410635265563601,0.039483500838818214,0.050256515788053686,0.0,0.2241423629702158,0.23335325582656263,0.0,0.0,0.0,0.0359863497665648,0.025850097301659485,0.11549402968626134,0.0,0.028553130147125395,0.0,0.0286035646389109,0.0,0.0,0.0,0.0,0.0
2024-10-30,0.053243881274611916,0.054159525466205734,0.04676743363937409,0.0,0.06410635265563601,0.039483500838818214,0.050256515788053686,0.0,0.2241423629702158,0.23335325582656263,0.0,0.0,0.0,0.0359863497665648,0.025850097301659485,0.11549402968626134,0.0,0.028553130147125395,0.0,0.0286035646389109,0.0,0.0,0.0,0.0,0.0
2024-10-31,0.053243881274611916,0.054159525466205734,0.04676743363937409,0.0,0.06410635265563601,0.039483500838818214,0.050256515788053686,0.0,0.2241423629702158,0.23335325582656263,0.0,0.0,0.0,0.0359863497665648,0.025850097301659485,0.11549402968626134,0.0,0.028553130147125395,0.0,0.0286035646389109,0.0,0.0,0.0,0.0,0.0
2024-11-01,0.053243881274611916,0.054159525466205734,0.04676743363937409,0.0,0.06410635265563601,0.039483500838818214,0.050256515788053686,0.0,0.2241423629702158,0.23335325582656263,0.0,0.0,0.0,0.0359863497665648,0.025850097301659485,0.11549402968626134,0.0,0.028553130147125395,0.0,0.0286035646389109,0.0,0.0,0.0,0.0,0.0
2024-11-04,0.053243881274611916,0.054159525466205734,0.04676743363937409,0.0,0.06410635265563601,0.039483500838818214,0.050256515788053686,0.0,0.2241423629702158,0.23335325582656263,0.0,0.0,0.0,0.0359863497665648,0.025850097301659485,0.11549402968626134,0.0,0.028553130147125395,0.0,0.0286035646389109,0.0,0.0,0.0,0.0,0.0
2024-11-05,0.053243881274611916,0.054159525466205734,0.04676743363937409,0.0,0.06410635265563601,0.039483500838818214,0.050256515788053686,0.0,0.2241423629702158,0.23335325582656263,0.0,0.0,0.0,0.0359863497665648,0.025850097301659485,0.11549402968626134,0.0,0.028553130147125395,0.0,0.0286035646389109,0.0,0.0,0.0,0.0,0.0
2024-11-06,0.053243881274611916,0.054159525466205734,0.04676743363937409,0.0,0.06410635265563601,0.039483500838818214,0.050256515788053686,0.0,0.2241423629702158,0.23335325582656263,0.0,0.0,0.0,0.0359863497665648,0.025850097301659485,0.11549402968626134,0.0,0.028553130147125395,0.0,0.0286035646389109,0.0,0.0,0.0,0.0,0.0
2024-11-07,0.053243881274611916,0.054159525466205734,0.04676743363937409,0.0,0.06410635265563601,0.039483500838818214,0.050256515788053686,0.0,0.2241423629702158,0.23335325582656263,0.0,0.0,0.0,0.0359863497665648,0.025850097301659485,0.11549402968626134,0.0,0.028553130147125395,0.0,0.0286035646389109,0.0,0.0,0.0,0.0,0.0
2024-11-08,0.053243881274611916,0.054159525466205734,0.04676743363937409,0.0,0.06410635265563601,0.039483500838818214,0.050256515788053686,0.0,0.2241423629702158,0.23335325582656263,0.0,0.0,0.0,0.0359863497665648,0.025850097301659485,0.11549402968626134,0.0,0.028553130147125395,0.0,0.0286035646389109,0.0,0.0,0.0,0.0,0.0
2024-11-11,0.053243881274611916,0.054159525466205734,0.04676743363937409,0.0,0.06410635265563601,0.039483500838818214,0.050256515788053686,0.0,0.2241423629702158,0.23335325582656263,0.0,0.0,0.0,0.0359863497665648,0.025850097301659485,0.11549402968626134,0.0,0.028553130147125395,0.0,0.0286035646389109,0.0,0.0,0.0,0.0,0.0
2024-11-12,0.053243881274611916,0.054159525466205734,0.04676743363937409,0.0,0.06410635265563601,0.039483500838818214,0.050256515788053686,0.0,0.2241423629702158,0.23335325582656263,0.0,0.0,0.0,0.0359863497665648,0.025850097301659485,0.11549402968626134,0.0,0.028553130147125395,0.0,0.0286035646389109,0.0,0.0,0.0,0.0,0.0
2024-11-13,0.053243881274611916,0.054159525466205734,0.04676743363937409,0.0,0.06410635265563601,0.039483500838818214,0.050256515788053686,0.0,0.2241423629702158,0.23335325582656263,0.0,0.0,0.0,0.0359863497665648,0.025850097301659485,0.11549402968626134,0.0,0.028553130147125395,0.0,0.0286035646389109,0.0,0.0,0.0,0.0,0.0
2024-11-14,0.053243881274611916,0.054159525466205734,0.04676743363937409,0.0,0.06410635265563601,0.039483500838818214,0.050256515788053686,0.0,0.2241423629702158,0.23335325582656263,0.0,0.0,0.0,0.0359863497665648,0.025850097301659485,0.11549402968626134,0.0,0.028553130147125395,0.0,0.0286035646389109,0.0,0.0,0.0,0.0,0.0
2024-11-15,0.053243881274611916,0.054159525466205734,0.04676743363937409,0.0,0.06410635265563601,0.039483500838818214,0.050256515788053686,0.0,0.2241423629702158,0.23335325582656263,0.0,0.0,0.0,0.0359863497665648,0.025850097301659485,0.11549402968626134,0.0,0.028553130147125395,0.0,0.0286035646389109,0.0,0.0,0.0,0.0,0.0
2024-11-18,0.053243881274611916,0.054159525466205734,0.04676743363937409,0.0,0.06410635265563601,0.039483500838818214,0.050256515788053686,0.0,0.2241423629702158,0.23335325582656263,0.0,0.0,0.0,0.0359863497665648,0.025850097301659485,0.11549402968626134,0.0,0.028553130147125395,0.0,0.0286035646389109,0.0,0.0,0.0,0.0,0.0
2024-11-19,0.053243881274611916,0.054159525466205734,0.04676743363937409,0.0,0.06410635265563601,0.039483500838818214,0.050256515788053686,0.0,0.2241423629702158,0.23335325582656263,0.0,0.0,0.0,0.0359863497665648,0.025850097301659485,0.11549402968626134,0.0,0.028553130147125395,0.0,0.0286035646389109,0.0,0.0,0.0,0.0,0.0
2024-11-20,0.053243881274611916,0.054159525466205734,0.04676743363937409,0.0,0.06410635265563601,0.039483500838818214,0.050256515788053686,0.0,0.2241423629702158,0.23335325582656263,0.0,0.0,0.0,0.0359863497665648,0.025850097301659485,0.11549402968626134,0.0,0.028553130147125395,0.0,0.0286035646389109,0.0,0.0,0.0,0.0,0.0
2024-11-21,0.053243881274611916,0.054159525466205734,0.04676743363937409,0.0,0.06410635265563601,0.039483500838818214,0.050256515788053686,0.0,0.2241423629702158,0.23335325582656263,0.0,0.0,0.0,0.0359863497665648,0.025850097301659485,0.11549402968626134,0.0,0.028553130147125395,0.0,0.0286035646389109,0.0,0.0,0.0,0.0,0.0
2024-11-22,0.053243881274611916,0.054159525466205734,0.04676743363937409,0.0,0.06410635265563601,0.039483500838818214,0.050256515788053686,0.0,0.2241423629702158,0.23335325582656263,0.0,0.0,0.0,0.0359863497665648,0.025850097301659485,0.11549402968626134,0.0,0.028553130147125395,0.0,0.0286035646389109,0.0,0.0,0.0,0.0,0.0
2024-11-25,0.053243881274611916,0.054159525466205734,0.04676743363937409,0.0,0.06410635265563601,0.039483500838818214,0.050256515788053686,0.0,0.2241423629702158,0.23335325582656263,0.0,0.0,0.0,0.0359863497665648,0.025850097301659485,0.11549402968626134,0.0,0.028553130147125395,0.0,0.0286035646389109,0.0,0.0,0.0,0.0,0.0
2024-11-26,0.053243881274611916,0.054159525466205734,0.04676743363937409,0.0,0.06410635265563601,0.039483500838818214,0.050256515788053686,0.0,0.2241423629702158,0.23335325582656263,0.0,0.0,0.0,0.0359863497665648,0.025850097301659485,0.11549402968626134,0.0,0.028553130147125395,0.0,0.0286035646389109,0.0,0.0,0.0,0.0,0.0
2024-11-27,0.053243881274611916,0.054159525466205734,0.04676743363937409,0.0,0.06410635265563601,0.039483500838818214,0.050256515788053686,0.0,0.2241423629702158,0.23335325582656263,0.0,0.0,0.0,0.0359863497665648,0.025850097301659485,0.11549402968626134,0.0,0.028553130147125395,0.0,0.0286035646389109,0.0,0.0,0.0,0.0,0.0
2024-11-28,0.053243881274611916,0.054159525466205734,0.04676743363937409,0.0,0.06410635265563601,0.039483500838818214,0.050256515788053686,0.0,0.2241423629702158,0.23335325582656263,0.0,0.0,0.0,0.0359863497665648,0.025850097301659485,0.11549402968626134,0.0,0.028553130147125395,0.0,0.0286035646389109,0.0,0.0,0.0,0.0,0.0
2024-11-29,0.053243881274611916,0.054159525466205734,0.04676743363937409,0.0,0.06410635265563601,0.039483500838818214,0.050256515788053686,0.0,0.2241423629702158,0.23335325582656263,0.0,0.0,0.0,0.0359863497665648,0.025850097301659485,0.11549402968626134,0.0,0.028553130147125395,0.0,0.0286035646389109,0.0,0.0,0.0,0.0,0.0
2024-12-02,0.057897798096033,0.06598450123752607,0.056981840599823676,0.0,0.06996008069941255,0.05539911975670351,0.057475443297830324,0.0,0.0,0.0,0.19341814918605726,0.15524018230418032,0.1131929333361875,0.0,0.05252267436697885,0.062298264158333685,0.0,0.030205851155850505,0.0,0.029423161805082716,0.0,0.0,0.0,0.0,0.0
2024-12-03,0.057897798096033,0.06598450123752607,0.056981840599823676,0.0,0.06996008069941255,0.05539911975670351,0.057475443297830324,0.0,0.0,0.0,0.19341814918605726,0.15524018230418032,0.1131929333361875,0.0,0.05252267436697885,0.062298264158333685,0.0,0.030205851155850505,0.0,0.029423161805082716,0.0,0.0,0.0,0.0,0.0
2024-12-04,0.057897798096033,0.06598450123752607,0.056981840599823676,0.0,0.06996008069941255,0.05539911975670351,0.057475443297830324,0.0,0.0,0.0,0.19341814918605726,0.15524018230418032,0.1131929333361875,0.0,0.05252267436697885,0.062298264158333685,0.0,0.030205851155850505,0.0,0.029423161805082716,0.0,0.0,0.0,0.0,0.0
2024-12-05,0.057897798096033,0.06598450123752607,0.056981840599823676,0.0,0.06996008069941255,0.05539911975670351,0.057475443297830324,0.0,0.0,0.0,0.19341814918605726,0.15524018230418032,0.1131929333361875,0.0,0.05252267436697885,0.062298264158333685,0.0,0.030205851155850505,0.0,0.029423161805082716,0.0,0.0,0.0,0.0,0.0
2024-12-06,0.057897798096033,0.06598450123752607,0.056981840599823676,0.0,0.06996008069941255,0.05539911975670351,0.057475443297830324,0.0,0.0,0.0,0.19341814918605726,0.15524018230418032,0.1131929333361875,0.0,0.05252267436697885,0.062298264158333685,0.0,0.030205851155850505,0.0,0.029423161805082716,0.0,0.0,0.0,0.0,0.0
2024-12-09,0.057897798096033,0.06598450123752607,0.056981840599823676,0.0,0.06996008069941255,0.05539911975670351,0.057475443297830324,0.0,0.0,0.0,0.19341814918605726,0.15524018230418032,0.1131929333361875,0.0,0.05252267436697885,0.062298264158333685,0.0,0.030205851155850505,0.0,0.029423161805082716,0.0,0.0,0.0,0.0,0.0
2024-12-10,0.057897798096033,0.06598450123752607,0.056981840599823676,0.0,0.06996008069941255,0.05539911975670351,0.057475443297830324,0.0,0.0,0.0,0.19341814918605726,0.15524018230418032,0.1131929333361875,0.0,0.05252267436697885,0.062298264158333685,0.0,0.030205851155850505,0.0,0.029423161805082716,0.0,0.0,0.0,0.0,0.0
2024-12-11,0.057897798096033,0.06598450123752607,0.056981840599823676,0.0,0.06996008069941255,0.05539911975670351,0.057475443297830324,0.0,0.0,0.0,0.19341814918605726,0.15524018230418032,0.1131929333361875,0.0,0.05252267436697885,0.062298264158333685,0.0,0.030205851155850505,0.0,0.029423161805082716,0.0,0.0,0.0,0.0,0.0
2024-12-12,0.057897798096033,0.06598450123752607,0.056981840599823676,0.0,0.06996008069941255,0.05539911975670351,0.057475443297830324,0.0,0.0,0.0,0.19341814918605726,0.15524018230418032,0.1131929333361875,0.0,0.05252267436697885,0.062298264158333685,0.0,0.030205851155850505,0.0,0.029423161805082716,0.0,0.0,0.0,0.0,0.0
2024-12-13,0.057897798096033,0.06598450123752607,0.056981840599823676,0.0,0.06996008069941255,0.05539911975670351,0.057475443297830324,0.0,0.0,0.0,0.19341814918605726,0.15524018230418032,0.1131929333361875,0.0,0.05252267436697885,0.062298264158333685,0.0,0.030205851155850505,0.0,0.029423161805082716,0.0,0.0,0.0,0.0,0.0
2024-12-16,0.057897798096033,0.06598450123752607,0.056981840599823676,0.0,0.06996008069941255,0.05539911975670351,0.057475443297830324,0.0,0.0,0.0,0.19341814918605726,0.15524018230418032,0.1131929333361875,0.0,0.05252267436697885,0.062298264158333685,0.0,0.030205851155850505,0.0,0.029423161805082716,0.0,0.0,0.0,0.0,0.0
2024-12-17,0.057897798096033,0.06598450123752607,0.056981840599823676,0.0,0.06996008069941255,0.05539911975670351,0.057475443297830324,0.0,0.0,0.0,0.19341814918605726,0.15524018230418032,0.1131929333361875,0.0,0.05252267436697885,0.062298264158333685,0.0,0.030205851155850505,0.0,0.029423161805082716,0.0,0.0,0.0,0.0,0.0
2024-12-18,0.057897798096033,0.06598450123752607,0.056981840599823676,0.0,0.06996008069941255,0.05539911975670351,0.057475443297830324,0.0,0.0,0.0,0.19341814918605726,0.15524018230418032,0.1131929333361875,0.0,0.05252267436697885,0.062298264158333685,0.0,0.030205851155850505,0.0,0.029423161805082716,0.0,0.0,0.0,0.0,0.0
2024-12-19,0.057897798096033,0.06598450123752607,0.056981840599823676,0.0,0.06996008069941255,0.05539911975670351,0.057475443297830324,0.0,0.0,0.0,0.19341814918605726,0.15524018230418032,0.1131929333361875,0.0,0.05252267436697885,0.062298264158333685,0.0,0.030205851155850505,0.0,0.029423161805082716,0.0,0.0,0.0,0.0,0.0
2024-12-20,0.057897798096033,0.06598450123752607,0.056981840599823676,0.0,0.06996008069941255,0.05539911975670351,0.057475443297830324,0.0,0.0,0.0,0.19341814918605726,0.15524018230418032,0.1131929333361875,0.0,0.05252267436697885,0.062298264158333685,0.0,0.030205851155850505,0.0,0.029423161805082716,0.0,0.0,0.0,0.0,0.0
2024-12-23,0.057897798096033,0.06598450123752607,0.056981840599823676,0.0,0.06996008069941255,0.05539911975670351,0.057475443297830324,0.0,0.0,0.0,0.19341814918605726,0.15524018230418032,0.1131929333361875,0.0,0.05252267436697885,0.062298264158333685,0.0,0.030205851155850505,0.0,0.029423161805082716,0.0,0.0,0.0,0.0,0.0
2024-12-24,0.057897798096033,0.06598450123752607,0.056981840599823676,0.0,0.06996008069941255,0.05539911975670351,0.057475443297830324,0.0,0.0,0.0,0.19341814918605726,0.15524018230418032,0.1131929333361875,0.0,0.05252267436697885,0.062298264158333685,0.0,0.030205851155850505,0.0,0.029423161805082716,0.0,0.0,0.0,0.0,0.0
2024-12-25,0.057897798096033,0.06598450123752607,0.056981840599823676,0.0,0.06996008069941255,0.05539911975670351,0.057475443297830324,0.0,0.0,0.0,0.19341814918605726,0.15524018230418032,0.1131929333361875,0.0,0.05252267436697885,0.062298264158333685,0.0,0.030205851155850505,0.0,0.029423161805082716,0.0,0.0,0.0,0.0,0.0
2024-12-26,0.057897798096033,0.06598450123752607,0.056981840599823676,0.0,0.06996008069941255,0.05539911975670351,0.057475443297830324,0.0,0.0,0.0,0.19341814918605726,0.15524018230418032,0.1131929333361875,0.0,0.05252267436697885,0.062298264158333685,0.0,0.030205851155850505,0.0,0.029423161805082716,0.0,0.0,0.0,0.0,0.0
2024-12-27,0.057897798096033,0.06598450123752607,0.056981840599823676,0.0,0.06996008069941255,0.05539911975670351,0.057475443297830324,0.0,0.0,0.0,0.19341814918605726,0.15524018230418032,0.1131929333361875,0.0,0.05252267436697885,0.062298264158333685,0.0,0.030205851155850505,0.0,0.029423161805082716,0.0,0.0,0.0,0.0,0.0
2024-12-30,0.057897798096033,0.06598450123752607,0.056981840599823676,0.0,0.06996008069941255,0.05539911975670351,0.057475443297830324,0.0,0.0,0.0,0.19341814918605726,0.15524018230418032,0.1131929333361875,0.0,0.05252267436697885,0.062298264158333685,0.0,0.030205851155850505,0.0,0.029423161805082716,0.0,0.0,0.0,0.0,0.0
2024-12-31,0.057897798096033,0.06598450123752607,0.056981840599823676,0.0,0.06996008069941255,0.05539911975670351,0.057475443297830324,0.0,0.0,0.0,0.19341814918605726,0.15524018230418032,0.1131929333361875,0.0,0.05252267436697885,0.062298264158333685,0.0,0.030205851155850505,0.0,0.029423161805082716,0.0,0.0,0.0,0.0,0.0
2025-01-02,0.057897798096033,0.06598450123752607,0.056981840599823676,0.0,0.06996008069941255,0.05539911975670351,0.057475443297830324,0.0,0.0,0.0,0.19341814918605726,0.15524018230418032,0.1131929333361875,0.0,0.05252267436697885,0.062298264158333685,0.0,0.030205851155850505,0.0,0.029423161805082716,0.0,0.0,0.0,0.0,0.0
2025-01-03,0.057897798096033,0.06598450123752607,0.056981840599823676,0.0,0.06996008069941255,0.05539911975670351,0.057475443297830324,0.0,0.0,0.0,0.19341814918605726,0.15524018230418032,0.1131929333361875,0.0,0.05252267436697885,0.062298264158333685,0.0,0.030205851155850505,0.0,0.029423161805082716,0.0,0.0,0.0,0.0,0.0
2025-01-06,0.057897798096033,0.06598450123752607,0.056981840599823676,0.0,0.06996008069941255,0.05539911975670351,0.057475443297830324,0.0,0.0,0.0,0.19341814918605726,0.15524018230418032,0.1131929333361875,0.0,0.05252267436697885,0.062298264158333685,0.0,0.030205851155850505,0.0,0.029423161805082716,0.0,0.0,0.0,0.0,0.0
2025-01-07,0.057897798096033,0.06598450123752607,0.056981840599823676,0.0,0.06996008069941255,0.05539911975670351,0.057475443297830324,0.0,0.0,0.0,0.19341814918605726,0.15524018230418032,0.1131929333361875,0.0,0.05252267436697885,0.062298264158333685,0.0,0.030205851155850505,0.0,0.029423161805082716,0.0,0.0,0.0,0.0,0.0
2025-01-08,0.057897798096033,0.06598450123752607,0.056981840599823676,0.0,0.06996008069941255,0.05539911975670351,0.057475443297830324,0.0,0.0,0.0,0.19341814918605726,0.15524018230418032,0.1131929333361875,0.0,0.05252267436697885,0.062298264158333685,0.0,0.030205851155850505,0.0,0.029423161805082716,0.0,0.0,0.0,0.0,0.0
2025-01-09,0.057897798096033,0.06598450123752607,0.056981840599823676,0.0,0.06996008069941255,0.05539911975670351,0.057475443297830324,0.0,0.0,0.0,0.19341814918605726,0.15524018230418032,0.1131929333361875,0.0,0.05252267436697885,0.062298264158333685,0.0,0.030205851155850505,0.0,0.029423161805082716,0.0,0.0,0.0,0.0,0.0
2025-01-10,0.057897798096033,0.06598450123752607,0.056981840599823676,0.0,0.06996008069941255,0.05539911975670351,0.057475443297830324,0.0,0.0,0.0,0.19341814918605726,0.15524018230418032,0.1131929333361875,0.0,0.05252267436697885,0.062298264158333685,0.0,0.030205851155850505,0.0,0.029423161805082716,0.0,0.0,0.0,0.0,0.0
2025-01-13,0.057897798096033,0.06598450123752607,0.056981840599823676,0.0,0.06996008069941255,0.05539911975670351,0.057475443297830324,0.0,0.0,0.0,0.19341814918605726,0.15524018230418032,0.1131929333361875,0.0,0.05252267436697885,0.062298264158333685,0.0,0.030205851155850505,0.0,0.029423161805082716,0.0,0.0,0.0,0.0,0.0
2025-01-14,0.057897798096033,0.06598450123752607,0.056981840599823676,0.0,0.06996008069941255,0.05539911975670351,0.057475443297830324,0.0,0.0,0.0,0.19341814918605726,0.15524018230418032,0.1131929333361875,0.0,0.05252267436697885,0.062298264158333685,0.0,0.030205851155850505,0.0,0.029423161805082716,0.0,0.0,0.0,0.0,0.0
2025-01-15,0.057897798096033,0.06598450123752607,0.056981840599823676,0.0,0.06996008069941255,0.05539911975670351,0.057475443297830324,0.0,0.0,0.0,0.19341814918605726,0.15524018230418032,0.1131929333361875,0.0,0.05252267436697885,0.062298264158333685,0.0,0.030205851155850505,0.0,0.029423161805082716,0.0,0.0,0.0,0.0,0.0
2025-01-16,0.057897798096033,0.06598450123752607,0.056981840599823676,0.0,0.06996008069941255,0.05539911975670351,0.057475443297830324,0.0,0.0,0.0,0.19341814918605726,0.15524018230418032,0.1131929333361875,0.0,0.05252267436697885,0.062298264158333685,0.0,0.030205851155850505,0.0,0.029423161805082716,0.0,0.0,0.0,0.0,0.0
2025-01-17,0.057897798096033,0.06598450123752607,0.056981840599823676,0.0,0.06996008069941255,0.05539911975670351,0.057475443297830324,0.0,0.0,0.0,0.19341814918605726,0.15524018230418032,0.1131929333361875,0.0,0.05252267436697885,0.062298264158333685,0.0,0.030205851155850505,0.0,0.029423161805082716,0.0,0.0,0.0,0.0,0.0
2025-01-20,0.057897798096033,0.06598450123752607,0.056981840599823676,0.0,0.06996008069941255,0.05539911975670351,0.057475443297830324,0.0,0.0,0.0,0.19341814918605726,0.15524018230418032,0.1131929333361875,0.0,0.05252267436697885,0.062298264158333685,0.0,0.030205851155850505,0.0,0.029423161805082716,0.0,0.0,0.0,0.0,0.0
2025-01-21,0.057897798096033,0.06598450123752607,0.056981840599823676,0.0,0.06996008069941255,0.05539911975670351,0.057475443297830324,0.0,0.0,0.0,0.19341814918605726,0.15524018230418032,0.1131929333361875,0.0,0.05252267436697885,0.062298264158333685,0.0,0.030205851155850505,0.0,0.029423161805082716,0.0,0.0,0.0,0.0,0.0
2025-01-22,0.057897798096033,0.06598450123752607,0.056981840599823676,0.0,0.06996008069941255,0.05539911975670351,0.057475443297830324,0.0,0.0,0.0,0.19341814918605726,0.15524018230418032,0.1131929333361875,0.0,0.05252267436697885,0.062298264158333685,0.0,0.030205851155850505,0.0,0.029423161805082716,0.0,0.0,0.0,0.0,0.0
2025-01-23,0.057897798096033,0.06598450123752607,0.056981840599823676,0.0,0.06996008069941255,0.05539911975670351,0.057475443297830324,0.0,0.0,0.0,0.19341814918605726,0.15524018230418032,0.1131929333361875,0.0,0.05252267436697885,0.062298264158333685,0.0,0.030205851155850505,0.0,0.029423161805082716,0.0,0.0,0.0,0.0,0.0
2025-01-24,0.057897798096033,0.06598450123752607,0.056981840599823676,0.0,0.06996008069941255,0.05539911975670351,0.057475443297830324,0.0,0.0,0.0,0.19341814918605726,0.15524018230418032,0.1131929333361875,0.0,0.05252267436697885,0.062298264158333685,0.0,0.030205851155850505,0.0,0.029423161805082716,0.0,0.0,0.0,0.0,0.0
2025-01-27,0.057897798096033,0.06598450123752607,0.056981840599823676,0.0,0.06996008069941255,0.05539911975670351,0.057475443297830324,0.0,0.0,0.0,0.19341814918605726,0.15524018230418032,0.1131929333361875,0.0,0.05252267436697885,0.062298264158333685,0.0,0.030205851155850505,0.0,0.029423161805082716,0.0,0.0,0.0,0.0,0.0
2025-01-28,0.057897798096033,0.06598450123752607,0.056981840599823676,0.0,0.06996008069941255,0.05539911975670351,0.057475443297830324,0.0,0.0,0.0,0.19341814918605726,0.15524018230418032,0.1131929333361875,0.0,0.05252267436697885,0.062298264158333685,0.0,0.030205851155850505,0.0,0.029423161805082716,0.0,0.0,0.0,0.0,0.0
2025-01-29,0.057897798096033,0.06598450123752607,0.056981840599823676,0.0,0.06996008069941255,0.05539911975670351,0.057475443297830324,0.0,0.0,0.0,0.19341814918605726,0.15524018230418032,0.1131929333361875,0.0,0.05252267436697885,0.062298264158333685,0.0,0.030205851155850505,0.0,0.029423161805082716,0.0,0.0,0.0,0.0,0.0
2025-01-30,0.057897798096033,0.06598450123752607,0.056981840599823676,0.0,0.06996008069941255,0.05539911975670351,0.057475443297830324,0.0,0.0,0.0,0.19341814918605726,0.15524018230418032,0.1131929333361875,0.0,0.05252267436697885,0.062298264158333685,0.0,0.030205851155850505,0.0,0.029423161805082716,0.0,0.0,0.0,0.0,0.0
2025-01-31,0.057897798096033,0.06598450123752607,0.056981840599823676,0.0,0.06996008069941255,0.05539911975670351,0.057475443297830324,0.0,0.0,0.0,0.19341814918605726,0.15524018230418032,0.1131929333361875,0.0,0.05252267436697885,0.062298264158333685,0.0,0.030205851155850505,0.0,0.029423161805082716,0.0,0.0,0.0,0.0,0.0
2025-02-03,0.0,0.0,0.0,0.0,0.0,0.0,0.0,0.0,0.0,0.0,0.0,0.0,0.0,0.0,0.0,0.0,0.0,0.0,0.0,0.0,0.0,0.0,0.601488466910574,0.112482954216088,0.28602857887333805
2025-02-04,0.0,0.0,0.0,0.0,0.0,0.0,0.0,0.0,0.0,0.0,0.0,0.0,0.0,0.0,0.0,0.0,0.0,0.0,0.0,0.0,0.0,0.0,0.601488466910574,0.112482954216088,0.28602857887333805
2025-02-05,0.0,0.0,0.0,0.0,0.0,0.0,0.0,0.0,0.0,0.0,0.0,0.0,0.0,0.0,0.0,0.0,0.0,0.0,0.0,0.0,0.0,0.0,0.601488466910574,0.112482954216088,0.28602857887333805
2025-02-06,0.0,0.0,0.0,0.0,0.0,0.0,0.0,0.0,0.0,0.0,0.0,0.0,0.0,0.0,0.0,0.0,0.0,0.0,0.0,0.0,0.0,0.0,0.601488466910574,0.112482954216088,0.28602857887333805
2025-02-07,0.0,0.0,0.0,0.0,0.0,0.0,0.0,0.0,0.0,0.0,0.0,0.0,0.0,0.0,0.0,0.0,0.0,0.0,0.0,0.0,0.0,0.0,0.601488466910574,0.112482954216088,0.28602857887333805
2025-02-10,0.0,0.0,0.0,0.0,0.0,0.0,0.0,0.0,0.0,0.0,0.0,0.0,0.0,0.0,0.0,0.0,0.0,0.0,0.0,0.0,0.0,0.0,0.601488466910574,0.112482954216088,0.28602857887333805
2025-02-11,0.0,0.0,0.0,0.0,0.0,0.0,0.0,0.0,0.0,0.0,0.0,0.0,0.0,0.0,0.0,0.0,0.0,0.0,0.0,0.0,0.0,0.0,0.601488466910574,0.112482954216088,0.28602857887333805
2025-02-12,0.0,0.0,0.0,0.0,0.0,0.0,0.0,0.0,0.0,0.0,0.0,0.0,0.0,0.0,0.0,0.0,0.0,0.0,0.0,0.0,0.0,0.0,0.601488466910574,0.112482954216088,0.28602857887333805
2025-02-13,0.0,0.0,0.0,0.0,0.0,0.0,0.0,0.0,0.0,0.0,0.0,0.0,0.0,0.0,0.0,0.0,0.0,0.0,0.0,0.0,0.0,0.0,0.601488466910574,0.112482954216088,0.28602857887333805
2025-02-14,0.0,0.0,0.0,0.0,0.0,0.0,0.0,0.0,0.0,0.0,0.0,0.0,0.0,0.0,0.0,0.0,0.0,0.0,0.0,0.0,0.0,0.0,0.601488466910574,0.112482954216088,0.28602857887333805
2025-02-17,0.0,0.0,0.0,0.0,0.0,0.0,0.0,0.0,0.0,0.0,0.0,0.0,0.0,0.0,0.0,0.0,0.0,0.0,0.0,0.0,0.0,0.0,0.601488466910574,0.112482954216088,0.28602857887333805
2025-02-18,0.0,0.0,0.0,0.0,0.0,0.0,0.0,0.0,0.0,0.0,0.0,0.0,0.0,0.0,0.0,0.0,0.0,0.0,0.0,0.0,0.0,0.0,0.601488466910574,0.112482954216088,0.28602857887333805
2025-02-19,0.0,0.0,0.0,0.0,0.0,0.0,0.0,0.0,0.0,0.0,0.0,0.0,0.0,0.0,0.0,0.0,0.0,0.0,0.0,0.0,0.0,0.0,0.601488466910574,0.112482954216088,0.28602857887333805
2025-02-20,0.0,0.0,0.0,0.0,0.0,0.0,0.0,0.0,0.0,0.0,0.0,0.0,0.0,0.0,0.0,0.0,0.0,0.0,0.0,0.0,0.0,0.0,0.601488466910574,0.112482954216088,0.28602857887333805
2025-02-21,0.0,0.0,0.0,0.0,0.0,0.0,0.0,0.0,0.0,0.0,0.0,0.0,0.0,0.0,0.0,0.0,0.0,0.0,0.0,0.0,0.0,0.0,0.601488466910574,0.112482954216088,0.28602857887333805
2025-02-24,0.0,0.0,0.0,0.0,0.0,0.0,0.0,0.0,0.0,0.0,0.0,0.0,0.0,0.0,0.0,0.0,0.0,0.0,0.0,0.0,0.0,0.0,0.601488466910574,0.112482954216088,0.28602857887333805
2025-02-25,0.0,0.0,0.0,0.0,0.0,0.0,0.0,0.0,0.0,0.0,0.0,0.0,0.0,0.0,0.0,0.0,0.0,0.0,0.0,0.0,0.0,0.0,0.601488466910574,0.112482954216088,0.28602857887333805
2025-02-26,0.0,0.0,0.0,0.0,0.0,0.0,0.0,0.0,0.0,0.0,0.0,0.0,0.0,0.0,0.0,0.0,0.0,0.0,0.0,0.0,0.0,0.0,0.601488466910574,0.112482954216088,0.28602857887333805
2025-02-27,0.0,0.0,0.0,0.0,0.0,0.0,0.0,0.0,0.0,0.0,0.0,0.0,0.0,0.0,0.0,0.0,0.0,0.0,0.0,0.0,0.0,0.0,0.601488466910574,0.112482954216088,0.28602857887333805
2025-02-28,0.0,0.0,0.0,0.0,0.0,0.0,0.0,0.0,0.0,0.0,0.0,0.0,0.0,0.0,0.0,0.0,0.0,0.0,0.0,0.0,0.0,0.0,0.601488466910574,0.112482954216088,0.28602857887333805
2025-03-03,0.0,0.0,0.0,0.0,0.0,0.0,0.0,0.0,0.0,0.0,0.0,0.0,0.0,0.0,0.0,0.0,0.0,0.0,0.0,0.0,0.0,0.0,0.601488466910574,0.112482954216088,0.28602857887333805
2025-03-04,0.0,0.0,0.0,0.0,0.0,0.0,0.0,0.0,0.0,0.0,0.0,0.0,0.0,0.0,0.0,0.0,0.0,0.0,0.0,0.0,0.0,0.0,0.601488466910574,0.112482954216088,0.28602857887333805
2025-03-05,0.0,0.0,0.0,0.0,0.0,0.0,0.0,0.0,0.0,0.0,0.0,0.0,0.0,0.0,0.0,0.0,0.0,0.0,0.0,0.0,0.0,0.0,0.601488466910574,0.112482954216088,0.28602857887333805
2025-03-06,0.0,0.0,0.0,0.0,0.0,0.0,0.0,0.0,0.0,0.0,0.0,0.0,0.0,0.0,0.0,0.0,0.0,0.0,0.0,0.0,0.0,0.0,0.601488466910574,0.112482954216088,0.28602857887333805
2025-03-07,0.0,0.0,0.0,0.0,0.0,0.0,0.0,0.0,0.0,0.0,0.0,0.0,0.0,0.0,0.0,0.0,0.0,0.0,0.0,0.0,0.0,0.0,0.601488466910574,0.112482954216088,0.28602857887333805
2025-03-10,0.0,0.0,0.0,0.0,0.0,0.0,0.0,0.0,0.0,0.0,0.0,0.0,0.0,0.0,0.0,0.0,0.0,0.0,0.0,0.0,0.0,0.0,0.601488466910574,0.112482954216088,0.28602857887333805
2025-03-11,0.0,0.0,0.0,0.0,0.0,0.0,0.0,0.0,0.0,0.0,0.0,0.0,0.0,0.0,0.0,0.0,0.0,0.0,0.0,0.0,0.0,0.0,0.601488466910574,0.112482954216088,0.28602857887333805
2025-03-12,0.0,0.0,0.0,0.0,0.0,0.0,0.0,0.0,0.0,0.0,0.0,0.0,0.0,0.0,0.0,0.0,0.0,0.0,0.0,0.0,0.0,0.0,0.601488466910574,0.112482954216088,0.28602857887333805
2025-03-13,0.0,0.0,0.0,0.0,0.0,0.0,0.0,0.0,0.0,0.0,0.0,0.0,0.0,0.0,0.0,0.0,0.0,0.0,0.0,0.0,0.0,0.0,0.601488466910574,0.112482954216088,0.28602857887333805
2025-03-14,0.0,0.0,0.0,0.0,0.0,0.0,0.0,0.0,0.0,0.0,0.0,0.0,0.0,0.0,0.0,0.0,0.0,0.0,0.0,0.0,0.0,0.0,0.601488466910574,0.112482954216088,0.28602857887333805
2025-03-17,0.0,0.0,0.0,0.0,0.0,0.0,0.0,0.0,0.0,0.0,0.0,0.0,0.0,0.0,0.0,0.0,0.0,0.0,0.0,0.0,0.0,0.0,0.601488466910574,0.112482954216088,0.28602857887333805
2025-03-18,0.0,0.0,0.0,0.0,0.0,0.0,0.0,0.0,0.0,0.0,0.0,0.0,0.0,0.0,0.0,0.0,0.0,0.0,0.0,0.0,0.0,0.0,0.601488466910574,0.112482954216088,0.28602857887333805
2025-03-19,0.0,0.0,0.0,0.0,0.0,0.0,0.0,0.0,0.0,0.0,0.0,0.0,0.0,0.0,0.0,0.0,0.0,0.0,0.0,0.0,0.0,0.0,0.601488466910574,0.112482954216088,0.28602857887333805
2025-03-20,0.0,0.0,0.0,0.0,0.0,0.0,0.0,0.0,0.0,0.0,0.0,0.0,0.0,0.0,0.0,0.0,0.0,0.0,0.0,0.0,0.0,0.0,0.601488466910574,0.112482954216088,0.28602857887333805
2025-03-21,0.0,0.0,0.0,0.0,0.0,0.0,0.0,0.0,0.0,0.0,0.0,0.0,0.0,0.0,0.0,0.0,0.0,0.0,0.0,0.0,0.0,0.0,0.601488466910574,0.112482954216088,0.28602857887333805
2025-03-24,0.0,0.0,0.0,0.0,0.0,0.0,0.0,0.0,0.0,0.0,0.0,0.0,0.0,0.0,0.0,0.0,0.0,0.0,0.0,0.0,0.0,0.0,0.601488466910574,0.112482954216088,0.28602857887333805
2025-03-25,0.0,0.0,0.0,0.0,0.0,0.0,0.0,0.0,0.0,0.0,0.0,0.0,0.0,0.0,0.0,0.0,0.0,0.0,0.0,0.0,0.0,0.0,0.601488466910574,0.112482954216088,0.28602857887333805
2025-03-26,0.0,0.0,0.0,0.0,0.0,0.0,0.0,0.0,0.0,0.0,0.0,0.0,0.0,0.0,0.0,0.0,0.0,0.0,0.0,0.0,0.0,0.0,0.601488466910574,0.112482954216088,0.28602857887333805
2025-03-27,0.0,0.0,0.0,0.0,0.0,0.0,0.0,0.0,0.0,0.0,0.0,0.0,0.0,0.0,0.0,0.0,0.0,0.0,0.0,0.0,0.0,0.0,0.601488466910574,0.112482954216088,0.28602857887333805
2025-03-28,0.0,0.0,0.0,0.0,0.0,0.0,0.0,0.0,0.0,0.0,0.0,0.0,0.0,0.0,0.0,0.0,0.0,0.0,0.0,0.0,0.0,0.0,0.601488466910574,0.112482954216088,0.28602857887333805
2025-03-31,0.0,0.0,0.0,0.0,0.0,0.0,0.0,0.0,0.0,0.0,0.0,0.0,0.0,0.0,0.0,0.0,0.0,0.0,0.0,0.0,0.0,0.0,0.601488466910574,0.112482954216088,0.28602857887333805
2025-04-01,0.027151851854104007,0.02664651503847532,0.0,0.0,0.0,0.0,0.0,0.0,0.0627688779436989,0.0,0.032731730286100894,0.022801779091012823,0.017780784105823448,0.05604650311546461,0.055163837533065904,0.028199127757646384,0.04387424399025402,0.0,0.026899641318359643,0.0,0.0,0.0,0.42076751924378797,0.0,0.17916758872220612
2025-04-02,0.027151851854104007,0.02664651503847532,0.0,0.0,0.0,0.0,0.0,0.0,0.0627688779436989,0.0,0.032731730286100894,0.022801779091012823,0.017780784105823448,0.05604650311546461,0.055163837533065904,0.028199127757646384,0.04387424399025402,0.0,0.026899641318359643,0.0,0.0,0.0,0.42076751924378797,0.0,0.17916758872220612
2025-04-03,0.027151851854104007,0.02664651503847532,0.0,0.0,0.0,0.0,0.0,0.0,0.0627688779436989,0.0,0.032731730286100894,0.022801779091012823,0.017780784105823448,0.05604650311546461,0.055163837533065904,0.028199127757646384,0.04387424399025402,0.0,0.026899641318359643,0.0,0.0,0.0,0.42076751924378797,0.0,0.17916758872220612
2025-04-04,0.027151851854104007,0.02664651503847532,0.0,0.0,0.0,0.0,0.0,0.0,0.0627688779436989,0.0,0.032731730286100894,0.022801779091012823,0.017780784105823448,0.05604650311546461,0.055163837533065904,0.028199127757646384,0.04387424399025402,0.0,0.026899641318359643,0.0,0.0,0.0,0.42076751924378797,0.0,0.17916758872220612
2025-04-07,0.027151851854104007,0.02664651503847532,0.0,0.0,0.0,0.0,0.0,0.0,0.0627688779436989,0.0,0.032731730286100894,0.022801779091012823,0.017780784105823448,0.05604650311546461,0.055163837533065904,0.028199127757646384,0.04387424399025402,0.0,0.026899641318359643,0.0,0.0,0.0,0.42076751924378797,0.0,0.17916758872220612
2025-04-08,0.027151851854104007,0.02664651503847532,0.0,0.0,0.0,0.0,0.0,0.0,0.0627688779436989,0.0,0.032731730286100894,0.022801779091012823,0.017780784105823448,0.05604650311546461,0.055163837533065904,0.028199127757646384,0.04387424399025402,0.0,0.026899641318359643,0.0,0.0,0.0,0.42076751924378797,0.0,0.17916758872220612
2025-04-09,0.027151851854104007,0.02664651503847532,0.0,0.0,0.0,0.0,0.0,0.0,0.0627688779436989,0.0,0.032731730286100894,0.022801779091012823,0.017780784105823448,0.05604650311546461,0.055163837533065904,0.028199127757646384,0.04387424399025402,0.0,0.026899641318359643,0.0,0.0,0.0,0.42076751924378797,0.0,0.17916758872220612
2025-04-10,0.027151851854104007,0.02664651503847532,0.0,0.0,0.0,0.0,0.0,0.0,0.0627688779436989,0.0,0.032731730286100894,0.022801779091012823,0.017780784105823448,0.05604650311546461,0.055163837533065904,0.028199127757646384,0.04387424399025402,0.0,0.026899641318359643,0.0,0.0,0.0,0.42076751924378797,0.0,0.17916758872220612
2025-04-11,0.027151851854104007,0.02664651503847532,0.0,0.0,0.0,0.0,0.0,0.0,0.0627688779436989,0.0,0.032731730286100894,0.022801779091012823,0.017780784105823448,0.05604650311546461,0.055163837533065904,0.028199127757646384,0.04387424399025402,0.0,0.026899641318359643,0.0,0.0,0.0,0.42076751924378797,0.0,0.17916758872220612
2025-04-14,0.027151851854104007,0.02664651503847532,0.0,0.0,0.0,0.0,0.0,0.0,0.0627688779436989,0.0,0.032731730286100894,0.022801779091012823,0.017780784105823448,0.05604650311546461,0.055163837533065904,0.028199127757646384,0.04387424399025402,0.0,0.026899641318359643,0.0,0.0,0.0,0.42076751924378797,0.0,0.17916758872220612
2025-04-15,0.027151851854104007,0.02664651503847532,0.0,0.0,0.0,0.0,0.0,0.0,0.0627688779436989,0.0,0.032731730286100894,0.022801779091012823,0.017780784105823448,0.05604650311546461,0.055163837533065904,0.028199127757646384,0.04387424399025402,0.0,0.026899641318359643,0.0,0.0,0.0,0.42076751924378797,0.0,0.17916758872220612
2025-04-16,0.027151851854104007,0.02664651503847532,0.0,0.0,0.0,0.0,0.0,0.0,0.0627688779436989,0.0,0.032731730286100894,0.022801779091012823,0.017780784105823448,0.05604650311546461,0.055163837533065904,0.028199127757646384,0.04387424399025402,0.0,0.026899641318359643,0.0,0.0,0.0,0.42076751924378797,0.0,0.17916758872220612
2025-04-17,0.027151851854104007,0.02664651503847532,0.0,0.0,0.0,0.0,0.0,0.0,0.0627688779436989,0.0,0.032731730286100894,0.022801779091012823,0.017780784105823448,0.05604650311546461,0.055163837533065904,0.028199127757646384,0.04387424399025402,0.0,0.026899641318359643,0.0,0.0,0.0,0.42076751924378797,0.0,0.17916758872220612
2025-04-18,0.027151851854104007,0.02664651503847532,0.0,0.0,0.0,0.0,0.0,0.0,0.0627688779436989,0.0,0.032731730286100894,0.022801779091012823,0.017780784105823448,0.05604650311546461,0.055163837533065904,0.028199127757646384,0.04387424399025402,0.0,0.026899641318359643,0.0,0.0,0.0,0.42076751924378797,0.0,0.17916758872220612
2025-04-21,0.027151851854104007,0.02664651503847532,0.0,0.0,0.0,0.0,0.0,0.0,0.0627688779436989,0.0,0.032731730286100894,0.022801779091012823,0.017780784105823448,0.05604650311546461,0.055163837533065904,0.028199127757646384,0.04387424399025402,0.0,0.026899641318359643,0.0,0.0,0.0,0.42076751924378797,0.0,0.17916758872220612
2025-04-22,0.027151851854104007,0.02664651503847532,0.0,0.0,0.0,0.0,0.0,0.0,0.0627688779436989,0.0,0.032731730286100894,0.022801779091012823,0.017780784105823448,0.05604650311546461,0.055163837533065904,0.028199127757646384,0.04387424399025402,0.0,0.026899641318359643,0.0,0.0,0.0,0.42076751924378797,0.0,0.17916758872220612
2025-04-23,0.027151851854104007,0.02664651503847532,0.0,0.0,0.0,0.0,0.0,0.0,0.0627688779436989,0.0,0.032731730286100894,0.022801779091012823,0.017780784105823448,0.05604650311546461,0.055163837533065904,0.028199127757646384,0.04387424399025402,0.0,0.026899641318359643,0.0,0.0,0.0,0.42076751924378797,0.0,0.17916758872220612
2025-04-24,0.027151851854104007,0.02664651503847532,0.0,0.0,0.0,0.0,0.0,0.0,0.0627688779436989,0.0,0.032731730286100894,0.022801779091012823,0.017780784105823448,0.05604650311546461,0.055163837533065904,0.028199127757646384,0.04387424399025402,0.0,0.026899641318359643,0.0,0.0,0.0,0.42076751924378797,0.0,0.17916758872220612
2025-04-25,0.027151851854104007,0.02664651503847532,0.0,0.0,0.0,0.0,0.0,0.0,0.0627688779436989,0.0,0.032731730286100894,0.022801779091012823,0.017780784105823448,0.05604650311546461,0.055163837533065904,0.028199127757646384,0.04387424399025402,0.0,0.026899641318359643,0.0,0.0,0.0,0.42076751924378797,0.0,0.17916758872220612
2025-04-28,0.027151851854104007,0.02664651503847532,0.0,0.0,0.0,0.0,0.0,0.0,0.0627688779436989,0.0,0.032731730286100894,0.022801779091012823,0.017780784105823448,0.05604650311546461,0.055163837533065904,0.028199127757646384,0.04387424399025402,0.0,0.026899641318359643,0.0,0.0,0.0,0.42076751924378797,0.0,0.17916758872220612
2025-04-29,0.027151851854104007,0.02664651503847532,0.0,0.0,0.0,0.0,0.0,0.0,0.0627688779436989,0.0,0.032731730286100894,0.022801779091012823,0.017780784105823448,0.05604650311546461,0.055163837533065904,0.028199127757646384,0.04387424399025402,0.0,0.026899641318359643,0.0,0.0,0.0,0.42076751924378797,0.0,0.17916758872220612
2025-04-30,0.027151851854104007,0.02664651503847532,0.0,0.0,0.0,0.0,0.0,0.0,0.0627688779436989,0.0,0.032731730286100894,0.022801779091012823,0.017780784105823448,0.05604650311546461,0.055163837533065904,0.028199127757646384,0.04387424399025402,0.0,0.026899641318359643,0.0,0.0,0.0,0.42076751924378797,0.0,0.17916758872220612
2025-05-01,0.027151851854104007,0.02664651503847532,0.0,0.0,0.0,0.0,0.0,0.0,0.0627688779436989,0.0,0.032731730286100894,0.022801779091012823,0.017780784105823448,0.05604650311546461,0.055163837533065904,0.028199127757646384,0.04387424399025402,0.0,0.026899641318359643,0.0,0.0,0.0,0.42076751924378797,0.0,0.17916758872220612
2025-05-02,0.027151851854104007,0.02664651503847532,0.0,0.0,0.0,0.0,0.0,0.0,0.0627688779436989,0.0,0.032731730286100894,0.022801779091012823,0.017780784105823448,0.05604650311546461,0.055163837533065904,0.028199127757646384,0.04387424399025402,0.0,0.026899641318359643,0.0,0.0,0.0,0.42076751924378797,0.0,0.17916758872220612
2025-05-05,0.027151851854104007,0.02664651503847532,0.0,0.0,0.0,0.0,0.0,0.0,0.0627688779436989,0.0,0.032731730286100894,0.022801779091012823,0.017780784105823448,0.05604650311546461,0.055163837533065904,0.028199127757646384,0.04387424399025402,0.0,0.026899641318359643,0.0,0.0,0.0,0.42076751924378797,0.0,0.17916758872220612
2025-05-06,0.027151851854104007,0.02664651503847532,0.0,0.0,0.0,0.0,0.0,0.0,0.0627688779436989,0.0,0.032731730286100894,0.022801779091012823,0.017780784105823448,0.05604650311546461,0.055163837533065904,0.028199127757646384,0.04387424399025402,0.0,0.026899641318359643,0.0,0.0,0.0,0.42076751924378797,0.0,0.17916758872220612
2025-05-07,0.027151851854104007,0.02664651503847532,0.0,0.0,0.0,0.0,0.0,0.0,0.0627688779436989,0.0,0.032731730286100894,0.022801779091012823,0.017780784105823448,0.05604650311546461,0.055163837533065904,0.028199127757646384,0.04387424399025402,0.0,0.026899641318359643,0.0,0.0,0.0,0.42076751924378797,0.0,0.17916758872220612
2025-05-08,0.027151851854104007,0.02664651503847532,0.0,0.0,0.0,0.0,0.0,0.0,0.0627688779436989,0.0,0.032731730286100894,0.022801779091012823,0.017780784105823448,0.05604650311546461,0.055163837533065904,0.028199127757646384,0.04387424399025402,0.0,0.026899641318359643,0.0,0.0,0.0,0.42076751924378797,0.0,0.17916758872220612
2025-05-09,0.027151851854104007,0.02664651503847532,0.0,0.0,0.0,0.0,0.0,0.0,0.0627688779436989,0.0,0.032731730286100894,0.022801779091012823,0.017780784105823448,0.05604650311546461,0.055163837533065904,0.028199127757646384,0.04387424399025402,0.0,0.026899641318359643,0.0,0.0,0.0,0.42076751924378797,0.0,0.17916758872220612
2025-05-12,0.027151851854104007,0.02664651503847532,0.0,0.0,0.0,0.0,0.0,0.0,0.0627688779436989,0.0,0.032731730286100894,0.022801779091012823,0.017780784105823448,0.05604650311546461,0.055163837533065904,0.028199127757646384,0.04387424399025402,0.0,0.026899641318359643,0.0,0.0,0.0,0.42076751924378797,0.0,0.17916758872220612
2025-05-13,0.027151851854104007,0.02664651503847532,0.0,0.0,0.0,0.0,0.0,0.0,0.0627688779436989,0.0,0.032731730286100894,0.022801779091012823,0.017780784105823448,0.05604650311546461,0.055163837533065904,0.028199127757646384,0.04387424399025402,0.0,0.026899641318359643,0.0,0.0,0.0,0.42076751924378797,0.0,0.17916758872220612
2025-05-14,0.027151851854104007,0.02664651503847532,0.0,0.0,0.0,0.0,0.0,0.0,0.0627688779436989,0.0,0.032731730286100894,0.022801779091012823,0.017780784105823448,0.05604650311546461,0.055163837533065904,0.028199127757646384,0.04387424399025402,0.0,0.026899641318359643,0.0,0.0,0.0,0.42076751924378797,0.0,0.17916758872220612
2025-05-15,0.027151851854104007,0.02664651503847532,0.0,0.0,0.0,0.0,0.0,0.0,0.0627688779436989,0.0,0.032731730286100894,0.022801779091012823,0.017780784105823448,0.05604650311546461,0.055163837533065904,0.028199127757646384,0.04387424399025402,0.0,0.026899641318359643,0.0,0.0,0.0,0.42076751924378797,0.0,0.17916758872220612
2025-05-16,0.027151851854104007,0.02664651503847532,0.0,0.0,0.0,0.0,0.0,0.0,0.0627688779436989,0.0,0.032731730286100894,0.022801779091012823,0.017780784105823448,0.05604650311546461,0.055163837533065904,0.028199127757646384,0.04387424399025402,0.0,0.026899641318359643,0.0,0.0,0.0,0.42076751924378797,0.0,0.17916758872220612
2025-05-19,0.027151851854104007,0.02664651503847532,0.0,0.0,0.0,0.0,0.0,0.0,0.0627688779436989,0.0,0.032731730286100894,0.022801779091012823,0.017780784105823448,0.05604650311546461,0.055163837533065904,0.028199127757646384,0.04387424399025402,0.0,0.026899641318359643,0.0,0.0,0.0,0.42076751924378797,0.0,0.17916758872220612
2025-05-20,0.027151851854104007,0.02664651503847532,0.0,0.0,0.0,0.0,0.0,0.0,0.0627688779436989,0.0,0.032731730286100894,0.022801779091012823,0.017780784105823448,0.05604650311546461,0.055163837533065904,0.028199127757646384,0.04387424399025402,0.0,0.026899641318359643,0.0,0.0,0.0,0.42076751924378797,0.0,0.17916758872220612
2025-05-21,0.027151851854104007,0.02664651503847532,0.0,0.0,0.0,0.0,0.0,0.0,0.0627688779436989,0.0,0.032731730286100894,0.022801779091012823,0.017780784105823448,0.05604650311546461,0.055163837533065904,0.028199127757646384,0.04387424399025402,0.0,0.026899641318359643,0.0,0.0,0.0,0.42076751924378797,0.0,0.17916758872220612
2025-05-22,0.027151851854104007,0.02664651503847532,0.0,0.0,0.0,0.0,0.0,0.0,0.0627688779436989,0.0,0.032731730286100894,0.022801779091012823,0.017780784105823448,0.05604650311546461,0.055163837533065904,0.028199127757646384,0.04387424399025402,0.0,0.026899641318359643,0.0,0.0,0.0,0.42076751924378797,0.0,0.17916758872220612
2025-05-23,0.027151851854104007,0.02664651503847532,0.0,0.0,0.0,0.0,0.0,0.0,0.0627688779436989,0.0,0.032731730286100894,0.022801779091012823,0.017780784105823448,0.05604650311546461,0.055163837533065904,0.028199127757646384,0.04387424399025402,0.0,0.026899641318359643,0.0,0.0,0.0,0.42076751924378797,0.0,0.17916758872220612
2025-05-26,0.027151851854104007,0.02664651503847532,0.0,0.0,0.0,0.0,0.0,0.0,0.0627688779436989,0.0,0.032731730286100894,0.022801779091012823,0.017780784105823448,0.05604650311546461,0.055163837533065904,0.028199127757646384,0.04387424399025402,0.0,0.026899641318359643,0.0,0.0,0.0,0.42076751924378797,0.0,0.17916758872220612
2025-05-27,0.027151851854104007,0.02664651503847532,0.0,0.0,0.0,0.0,0.0,0.0,0.0627688779436989,0.0,0.032731730286100894,0.022801779091012823,0.017780784105823448,0.05604650311546461,0.055163837533065904,0.028199127757646384,0.04387424399025402,0.0,0.026899641318359643,0.0,0.0,0.0,0.42076751924378797,0.0,0.17916758872220612
2025-05-28,0.027151851854104007,0.02664651503847532,0.0,0.0,0.0,0.0,0.0,0.0,0.0627688779436989,0.0,0.032731730286100894,0.022801779091012823,0.017780784105823448,0.05604650311546461,0.055163837533065904,0.028199127757646384,0.04387424399025402,0.0,0.026899641318359643,0.0,0.0,0.0,0.42076751924378797,0.0,0.17916758872220612
2025-05-29,0.027151851854104007,0.02664651503847532,0.0,0.0,0.0,0.0,0.0,0.0,0.0627688779436989,0.0,0.032731730286100894,0.022801779091012823,0.017780784105823448,0.05604650311546461,0.055163837533065904,0.028199127757646384,0.04387424399025402,0.0,0.026899641318359643,0.0,0.0,0.0,0.42076751924378797,0.0,0.17916758872220612
2025-05-30,0.027151851854104007,0.02664651503847532,0.0,0.0,0.0,0.0,0.0,0.0,0.0627688779436989,0.0,0.032731730286100894,0.022801779091012823,0.017780784105823448,0.05604650311546461,0.055163837533065904,0.028199127757646384,0.04387424399025402,0.0,0.026899641318359643,0.0,0.0,0.0,0.42076751924378797,0.0,0.17916758872220612
2025-06-02,0.0,0.0,0.0,0.0,0.0,0.0,0.0,0.059029187308360404,0.0745673708382405,0.09806992603655375,0.022223462677222684,0.020691372821378947,0.02129071067259752,0.0,0.0,0.029360390200738797,0.0,0.0,0.043299644296493495,0.0,0.037393552394401404,0.0880486765023403,0.3455314474310655,0.06036666299903891,0.1001275958215678
2025-06-03,0.0,0.0,0.0,0.0,0.0,0.0,0.0,0.059029187308360404,0.0745673708382405,0.09806992603655375,0.022223462677222684,0.020691372821378947,0.02129071067259752,0.0,0.0,0.029360390200738797,0.0,0.0,0.043299644296493495,0.0,0.037393552394401404,0.0880486765023403,0.3455314474310655,0.06036666299903891,0.1001275958215678
2025-06-04,0.0,0.0,0.0,0.0,0.0,0.0,0.0,0.059029187308360404,0.0745673708382405,0.09806992603655375,0.022223462677222684,0.020691372821378947,0.02129071067259752,0.0,0.0,0.029360390200738797,0.0,0.0,0.043299644296493495,0.0,0.037393552394401404,0.0880486765023403,0.3455314474310655,0.06036666299903891,0.1001275958215678
2025-06-05,0.0,0.0,0.0,0.0,0.0,0.0,0.0,0.059029187308360404,0.0745673708382405,0.09806992603655375,0.022223462677222684,0.020691372821378947,0.02129071067259752,0.0,0.0,0.029360390200738797,0.0,0.0,0.043299644296493495,0.0,0.037393552394401404,0.0880486765023403,0.3455314474310655,0.06036666299903891,0.1001275958215678
2025-06-06,0.0,0.0,0.0,0.0,0.0,0.0,0.0,0.059029187308360404,0.0745673708382405,0.09806992603655375,0.022223462677222684,0.020691372821378947,0.02129071067259752,0.0,0.0,0.029360390200738797,0.0,0.0,0.043299644296493495,0.0,0.037393552394401404,0.0880486765023403,0.3455314474310655,0.06036666299903891,0.1001275958215678
2025-06-09,0.0,0.0,0.0,0.0,0.0,0.0,0.0,0.059029187308360404,0.0745673708382405,0.09806992603655375,0.022223462677222684,0.020691372821378947,0.02129071067259752,0.0,0.0,0.029360390200738797,0.0,0.0,0.043299644296493495,0.0,0.037393552394401404,0.0880486765023403,0.3455314474310655,0.06036666299903891,0.1001275958215678
2025-06-10,0.0,0.0,0.0,0.0,0.0,0.0,0.0,0.059029187308360404,0.0745673708382405,0.09806992603655375,0.022223462677222684,0.020691372821378947,0.02129071067259752,0.0,0.0,0.029360390200738797,0.0,0.0,0.043299644296493495,0.0,0.037393552394401404,0.0880486765023403,0.3455314474310655,0.06036666299903891,0.1001275958215678
2025-06-11,0.0,0.0,0.0,0.0,0.0,0.0,0.0,0.059029187308360404,0.0745673708382405,0.09806992603655375,0.022223462677222684,0.020691372821378947,0.02129071067259752,0.0,0.0,0.029360390200738797,0.0,0.0,0.043299644296493495,0.0,0.037393552394401404,0.0880486765023403,0.3455314474310655,0.06036666299903891,0.1001275958215678
2025-06-12,0.0,0.0,0.0,0.0,0.0,0.0,0.0,0.059029187308360404,0.0745673708382405,0.09806992603655375,0.022223462677222684,0.020691372821378947,0.02129071067259752,0.0,0.0,0.029360390200738797,0.0,0.0,0.043299644296493495,0.0,0.037393552394401404,0.0880486765023403,0.3455314474310655,0.06036666299903891,0.1001275958215678
2025-06-13,0.0,0.0,0.0,0.0,0.0,0.0,0.0,0.059029187308360404,0.0745673708382405,0.09806992603655375,0.022223462677222684,0.020691372821378947,0.02129071067259752,0.0,0.0,0.029360390200738797,0.0,0.0,0.043299644296493495,0.0,0.037393552394401404,0.0880486765023403,0.3455314474310655,0.06036666299903891,0.1001275958215678
2025-06-16,0.0,0.0,0.0,0.0,0.0,0.0,0.0,0.059029187308360404,0.0745673708382405,0.09806992603655375,0.022223462677222684,0.020691372821378947,0.02129071067259752,0.0,0.0,0.029360390200738797,0.0,0.0,0.043299644296493495,0.0,0.037393552394401404,0.0880486765023403,0.3455314474310655,0.06036666299903891,0.1001275958215678
2025-06-17,0.0,0.0,0.0,0.0,0.0,0.0,0.0,0.059029187308360404,0.0745673708382405,0.09806992603655375,0.022223462677222684,0.020691372821378947,0.02129071067259752,0.0,0.0,0.029360390200738797,0.0,0.0,0.043299644296493495,0.0,0.037393552394401404,0.0880486765023403,0.3455314474310655,0.06036666299903891,0.1001275958215678
2025-06-18,0.0,0.0,0.0,0.0,0.0,0.0,0.0,0.059029187308360404,0.0745673708382405,0.09806992603655375,0.022223462677222684,0.020691372821378947,0.02129071067259752,0.0,0.0,0.029360390200738797,0.0,0.0,0.043299644296493495,0.0,0.037393552394401404,0.0880486765023403,0.3455314474310655,0.06036666299903891,0.1001275958215678
2025-06-19,0.0,0.0,0.0,0.0,0.0,0.0,0.0,0.059029187308360404,0.0745673708382405,0.09806992603655375,0.022223462677222684,0.020691372821378947,0.02129071067259752,0.0,0.0,0.029360390200738797,0.0,0.0,0.043299644296493495,0.0,0.037393552394401404,0.0880486765023403,0.3455314474310655,0.06036666299903891,0.1001275958215678
2025-06-20,0.0,0.0,0.0,0.0,0.0,0.0,0.0,0.059029187308360404,0.0745673708382405,0.09806992603655375,0.022223462677222684,0.020691372821378947,0.02129071067259752,0.0,0.0,0.029360390200738797,0.0,0.0,0.043299644296493495,0.0,0.037393552394401404,0.0880486765023403,0.3455314474310655,0.06036666299903891,0.1001275958215678
2025-06-23,0.0,0.0,0.0,0.0,0.0,0.0,0.0,0.059029187308360404,0.0745673708382405,0.09806992603655375,0.022223462677222684,0.020691372821378947,0.02129071067259752,0.0,0.0,0.029360390200738797,0.0,0.0,0.043299644296493495,0.0,0.037393552394401404,0.0880486765023403,0.3455314474310655,0.06036666299903891,0.1001275958215678
2025-06-24,0.0,0.0,0.0,0.0,0.0,0.0,0.0,0.059029187308360404,0.0745673708382405,0.09806992603655375,0.022223462677222684,0.020691372821378947,0.02129071067259752,0.0,0.0,0.029360390200738797,0.0,0.0,0.043299644296493495,0.0,0.037393552394401404,0.0880486765023403,0.3455314474310655,0.06036666299903891,0.1001275958215678
2025-06-25,0.0,0.0,0.0,0.0,0.0,0.0,0.0,0.059029187308360404,0.0745673708382405,0.09806992603655375,0.022223462677222684,0.020691372821378947,0.02129071067259752,0.0,0.0,0.029360390200738797,0.0,0.0,0.043299644296493495,0.0,0.037393552394401404,0.0880486765023403,0.3455314474310655,0.06036666299903891,0.1001275958215678
2025-06-26,0.0,0.0,0.0,0.0,0.0,0.0,0.0,0.059029187308360404,0.0745673708382405,0.09806992603655375,0.022223462677222684,0.020691372821378947,0.02129071067259752,0.0,0.0,0.029360390200738797,0.0,0.0,0.043299644296493495,0.0,0.037393552394401404,0.0880486765023403,0.3455314474310655,0.06036666299903891,0.1001275958215678
2025-06-27,0.0,0.0,0.0,0.0,0.0,0.0,0.0,0.059029187308360404,0.0745673708382405,0.09806992603655375,0.022223462677222684,0.020691372821378947,0.02129071067259752,0.0,0.0,0.029360390200738797,0.0,0.0,0.043299644296493495,0.0,0.037393552394401404,0.0880486765023403,0.3455314474310655,0.06036666299903891,0.1001275958215678
2025-06-30,0.0,0.0,0.0,0.0,0.0,0.0,0.0,0.059029187308360404,0.0745673708382405,0.09806992603655375,0.022223462677222684,0.020691372821378947,0.02129071067259752,0.0,0.0,0.029360390200738797,0.0,0.0,0.043299644296493495,0.0,0.037393552394401404,0.0880486765023403,0.3455314474310655,0.06036666299903891,0.1001275958215678
2025-07-01,0.0,0.0,0.0,0.0,0.0,0.0,0.0,0.059029187308360404,0.0745673708382405,0.09806992603655375,0.022223462677222684,0.020691372821378947,0.02129071067259752,0.0,0.0,0.029360390200738797,0.0,0.0,0.043299644296493495,0.0,0.037393552394401404,0.0880486765023403,0.3455314474310655,0.06036666299903891,0.1001275958215678
2025-07-02,0.0,0.0,0.0,0.0,0.0,0.0,0.0,0.059029187308360404,0.0745673708382405,0.09806992603655375,0.022223462677222684,0.020691372821378947,0.02129071067259752,0.0,0.0,0.029360390200738797,0.0,0.0,0.043299644296493495,0.0,0.037393552394401404,0.0880486765023403,0.3455314474310655,0.06036666299903891,0.1001275958215678
2025-07-03,0.0,0.0,0.0,0.0,0.0,0.0,0.0,0.059029187308360404,0.0745673708382405,0.09806992603655375,0.022223462677222684,0.020691372821378947,0.02129071067259752,0.0,0.0,0.029360390200738797,0.0,0.0,0.043299644296493495,0.0,0.037393552394401404,0.0880486765023403,0.3455314474310655,0.06036666299903891,0.1001275958215678
2025-07-04,0.0,0.0,0.0,0.0,0.0,0.0,0.0,0.059029187308360404,0.0745673708382405,0.09806992603655375,0.022223462677222684,0.020691372821378947,0.02129071067259752,0.0,0.0,0.029360390200738797,0.0,0.0,0.043299644296493495,0.0,0.037393552394401404,0.0880486765023403,0.3455314474310655,0.06036666299903891,0.1001275958215678
2025-07-07,0.0,0.0,0.0,0.0,0.0,0.0,0.0,0.059029187308360404,0.0745673708382405,0.09806992603655375,0.022223462677222684,0.020691372821378947,0.02129071067259752,0.0,0.0,0.029360390200738797,0.0,0.0,0.043299644296493495,0.0,0.037393552394401404,0.0880486765023403,0.3455314474310655,0.06036666299903891,0.1001275958215678
2025-07-08,0.0,0.0,0.0,0.0,0.0,0.0,0.0,0.059029187308360404,0.0745673708382405,0.09806992603655375,0.022223462677222684,0.020691372821378947,0.02129071067259752,0.0,0.0,0.029360390200738797,0.0,0.0,0.043299644296493495,0.0,0.037393552394401404,0.0880486765023403,0.3455314474310655,0.06036666299903891,0.1001275958215678
2025-07-09,0.0,0.0,0.0,0.0,0.0,0.0,0.0,0.059029187308360404,0.0745673708382405,0.09806992603655375,0.022223462677222684,0.020691372821378947,0.02129071067259752,0.0,0.0,0.029360390200738797,0.0,0.0,0.043299644296493495,0.0,0.037393552394401404,0.0880486765023403,0.3455314474310655,0.06036666299903891,0.1001275958215678
2025-07-10,0.0,0.0,0.0,0.0,0.0,0.0,0.0,0.059029187308360404,0.0745673708382405,0.09806992603655375,0.022223462677222684,0.020691372821378947,0.02129071067259752,0.0,0.0,0.029360390200738797,0.0,0.0,0.043299644296493495,0.0,0.037393552394401404,0.0880486765023403,0.3455314474310655,0.06036666299903891,0.1001275958215678
2025-07-11,0.0,0.0,0.0,0.0,0.0,0.0,0.0,0.059029187308360404,0.0745673708382405,0.09806992603655375,0.022223462677222684,0.020691372821378947,0.02129071067259752,0.0,0.0,0.029360390200738797,0.0,0.0,0.043299644296493495,0.0,0.037393552394401404,0.0880486765023403,0.3455314474310655,0.06036666299903891,0.1001275958215678
2025-07-14,0.0,0.0,0.0,0.0,0.0,0.0,0.0,0.059029187308360404,0.0745673708382405,0.09806992603655375,0.022223462677222684,0.020691372821378947,0.02129071067259752,0.0,0.0,0.029360390200738797,0.0,0.0,0.043299644296493495,0.0,0.037393552394401404,0.0880486765023403,0.3455314474310655,0.06036666299903891,0.1001275958215678
2025-07-15,0.0,0.0,0.0,0.0,0.0,0.0,0.0,0.059029187308360404,0.0745673708382405,0.09806992603655375,0.022223462677222684,0.020691372821378947,0.02129071067259752,0.0,0.0,0.029360390200738797,0.0,0.0,0.043299644296493495,0.0,0.037393552394401404,0.0880486765023403,0.3455314474310655,0.06036666299903891,0.1001275958215678
2025-07-16,0.0,0.0,0.0,0.0,0.0,0.0,0.0,0.059029187308360404,0.0745673708382405,0.09806992603655375,0.022223462677222684,0.020691372821378947,0.02129071067259752,0.0,0.0,0.029360390200738797,0.0,0.0,0.043299644296493495,0.0,0.037393552394401404,0.0880486765023403,0.3455314474310655,0.06036666299903891,0.1001275958215678
2025-07-17,0.0,0.0,0.0,0.0,0.0,0.0,0.0,0.059029187308360404,0.0745673708382405,0.09806992603655375,0.022223462677222684,0.020691372821378947,0.02129071067259752,0.0,0.0,0.029360390200738797,0.0,0.0,0.043299644296493495,0.0,0.037393552394401404,0.0880486765023403,0.3455314474310655,0.06036666299903891,0.1001275958215678
2025-07-18,0.0,0.0,0.0,0.0,0.0,0.0,0.0,0.059029187308360404,0.0745673708382405,0.09806992603655375,0.022223462677222684,0.020691372821378947,0.02129071067259752,0.0,0.0,0.029360390200738797,0.0,0.0,0.043299644296493495,0.0,0.037393552394401404,0.0880486765023403,0.3455314474310655,0.06036666299903891,0.1001275958215678
2025-07-21,0.0,0.0,0.0,0.0,0.0,0.0,0.0,0.059029187308360404,0.0745673708382405,0.09806992603655375,0.022223462677222684,0.020691372821378947,0.02129071067259752,0.0,0.0,0.029360390200738797,0.0,0.0,0.043299644296493495,0.0,0.037393552394401404,0.0880486765023403,0.3455314474310655,0.06036666299903891,0.1001275958215678
2025-07-22,0.0,0.0,0.0,0.0,0.0,0.0,0.0,0.059029187308360404,0.0745673708382405,0.09806992603655375,0.022223462677222684,0.020691372821378947,0.02129071067259752,0.0,0.0,0.029360390200738797,0.0,0.0,0.043299644296493495,0.0,0.037393552394401404,0.0880486765023403,0.3455314474310655,0.06036666299903891,0.1001275958215678
2025-07-23,0.0,0.0,0.0,0.0,0.0,0.0,0.0,0.059029187308360404,0.0745673708382405,0.09806992603655375,0.022223462677222684,0.020691372821378947,0.02129071067259752,0.0,0.0,0.029360390200738797,0.0,0.0,0.043299644296493495,0.0,0.037393552394401404,0.0880486765023403,0.3455314474310655,0.06036666299903891,0.1001275958215678
2025-07-24,0.0,0.0,0.0,0.0,0.0,0.0,0.0,0.059029187308360404,0.0745673708382405,0.09806992603655375,0.022223462677222684,0.020691372821378947,0.02129071067259752,0.0,0.0,0.029360390200738797,0.0,0.0,0.043299644296493495,0.0,0.037393552394401404,0.0880486765023403,0.3455314474310655,0.06036666299903891,0.1001275958215678
2025-07-25,0.0,0.0,0.0,0.0,0.0,0.0,0.0,0.059029187308360404,0.0745673708382405,0.09806992603655375,0.022223462677222684,0.020691372821378947,0.02129071067259752,0.0,0.0,0.029360390200738797,0.0,0.0,0.043299644296493495,0.0,0.037393552394401404,0.0880486765023403,0.3455314474310655,0.06036666299903891,0.1001275958215678
2025-07-28,0.0,0.0,0.0,0.0,0.0,0.0,0.0,0.059029187308360404,0.0745673708382405,0.09806992603655375,0.022223462677222684,0.020691372821378947,0.02129071067259752,0.0,0.0,0.029360390200738797,0.0,0.0,0.043299644296493495,0.0,0.037393552394401404,0.0880486765023403,0.3455314474310655,0.06036666299903891,0.1001275958215678
2025-07-29,0.0,0.0,0.0,0.0,0.0,0.0,0.0,0.059029187308360404,0.0745673708382405,0.09806992603655375,0.022223462677222684,0.020691372821378947,0.02129071067259752,0.0,0.0,0.029360390200738797,0.0,0.0,0.043299644296493495,0.0,0.037393552394401404,0.0880486765023403,0.3455314474310655,0.06036666299903891,0.1001275958215678
2025-07-30,0.0,0.0,0.0,0.0,0.0,0.0,0.0,0.059029187308360404,0.0745673708382405,0.09806992603655375,0.022223462677222684,0.020691372821378947,0.02129071067259752,0.0,0.0,0.029360390200738797,0.0,0.0,0.043299644296493495,0.0,0.037393552394401404,0.0880486765023403,0.3455314474310655,0.06036666299903891,0.1001275958215678
2025-07-31,0.0,0.0,0.0,0.0,0.0,0.0,0.0,0.059029187308360404,0.0745673708382405,0.09806992603655375,0.022223462677222684,0.020691372821378947,0.02129071067259752,0.0,0.0,0.029360390200738797,0.0,0.0,0.043299644296493495,0.0,0.037393552394401404,0.0880486765023403,0.3455314474310655,0.06036666299903891,0.1001275958215678
2025-08-01,0.03271078586535011,0.030312874034056317,0.0,0.0,0.0,0.03312152429936459,0.028560015377957597,0.0,0.04686582701577539,0.0,0.0,0.0,0.021408700285765782,0.0,0.028211977087791638,0.0305327066343608,0.0,0.0,0.0,0.0,0.030704636685777047,0.07027830618764937,0.3417120588591039,0.07218688096563106,0.2333937067014165
2025-08-04,0.03271078586535011,0.030312874034056317,0.0,0.0,0.0,0.03312152429936459,0.028560015377957597,0.0,0.04686582701577539,0.0,0.0,0.0,0.021408700285765782,0.0,0.028211977087791638,0.0305327066343608,0.0,0.0,0.0,0.0,0.030704636685777047,0.07027830618764937,0.3417120588591039,0.07218688096563106,0.2333937067014165
2025-08-05,0.03271078586535011,0.030312874034056317,0.0,0.0,0.0,0.03312152429936459,0.028560015377957597,0.0,0.04686582701577539,0.0,0.0,0.0,0.021408700285765782,0.0,0.028211977087791638,0.0305327066343608,0.0,0.0,0.0,0.0,0.030704636685777047,0.07027830618764937,0.3417120588591039,0.07218688096563106,0.2333937067014165
2025-08-06,0.03271078586535011,0.030312874034056317,0.0,0.0,0.0,0.03312152429936459,0.028560015377957597,0.0,0.04686582701577539,0.0,0.0,0.0,0.021408700285765782,0.0,0.028211977087791638,0.0305327066343608,0.0,0.0,0.0,0.0,0.030704636685777047,0.07027830618764937,0.3417120588591039,0.07218688096563106,0.2333937067014165
2025-08-07,0.03271078586535011,0.030312874034056317,0.0,0.0,0.0,0.03312152429936459,0.028560015377957597,0.0,0.04686582701577539,0.0,0.0,0.0,0.021408700285765782,0.0,0.028211977087791638,0.0305327066343608,0.0,0.0,0.0,0.0,0.030704636685777047,0.07027830618764937,0.3417120588591039,0.07218688096563106,0.2333937067014165
2025-08-08,0.03271078586535011,0.030312874034056317,0.0,0.0,0.0,0.03312152429936459,0.028560015377957597,0.0,0.04686582701577539,0.0,0.0,0.0,0.021408700285765782,0.0,0.028211977087791638,0.0305327066343608,0.0,0.0,0.0,0.0,0.030704636685777047,0.07027830618764937,0.3417120588591039,0.07218688096563106,0.2333937067014165
2025-08-11,0.03271078586535011,0.030312874034056317,0.0,0.0,0.0,0.03312152429936459,0.028560015377957597,0.0,0.04686582701577539,0.0,0.0,0.0,0.021408700285765782,0.0,0.028211977087791638,0.0305327066343608,0.0,0.0,0.0,0.0,0.030704636685777047,0.07027830618764937,0.3417120588591039,0.07218688096563106,0.2333937067014165
2025-08-12,0.03271078586535011,0.030312874034056317,0.0,0.0,0.0,0.03312152429936459,0.028560015377957597,0.0,0.04686582701577539,0.0,0.0,0.0,0.021408700285765782,0.0,0.028211977087791638,0.0305327066343608,0.0,0.0,0.0,0.0,0.030704636685777047,0.07027830618764937,0.3417120588591039,0.07218688096563106,0.2333937067014165
2025-08-13,0.03271078586535011,0.030312874034056317,0.0,0.0,0.0,0.03312152429936459,0.028560015377957597,0.0,0.04686582701577539,0.0,0.0,0.0,0.021408700285765782,0.0,0.028211977087791638,0.0305327066343608,0.0,0.0,0.0,0.0,0.030704636685777047,0.07027830618764937,0.3417120588591039,0.07218688096563106,0.2333937067014165
2025-08-14,0.03271078586535011,0.030312874034056317,0.0,0.0,0.0,0.03312152429936459,0.028560015377957597,0.0,0.04686582701577539,0.0,0.0,0.0,0.021408700285765782,0.0,0.028211977087791638,0.0305327066343608,0.0,0.0,0.0,0.0,0.030704636685777047,0.07027830618764937,0.3417120588591039,0.07218688096563106,0.2333937067014165
2025-08-15,0.03271078586535011,0.030312874034056317,0.0,0.0,0.0,0.03312152429936459,0.028560015377957597,0.0,0.04686582701577539,0.0,0.0,0.0,0.021408700285765782,0.0,0.028211977087791638,0.0305327066343608,0.0,0.0,0.0,0.0,0.030704636685777047,0.07027830618764937,0.3417120588591039,0.07218688096563106,0.2333937067014165
2025-08-18,0.03271078586535011,0.030312874034056317,0.0,0.0,0.0,0.03312152429936459,0.028560015377957597,0.0,0.04686582701577539,0.0,0.0,0.0,0.021408700285765782,0.0,0.028211977087791638,0.0305327066343608,0.0,0.0,0.0,0.0,0.030704636685777047,0.07027830618764937,0.3417120588591039,0.07218688096563106,0.2333937067014165
2025-08-19,0.03271078586535011,0.030312874034056317,0.0,0.0,0.0,0.03312152429936459,0.028560015377957597,0.0,0.04686582701577539,0.0,0.0,0.0,0.021408700285765782,0.0,0.028211977087791638,0.0305327066343608,0.0,0.0,0.0,0.0,0.030704636685777047,0.07027830618764937,0.3417120588591039,0.07218688096563106,0.2333937067014165
2025-08-20,0.03271078586535011,0.030312874034056317,0.0,0.0,0.0,0.03312152429936459,0.028560015377957597,0.0,0.04686582701577539,0.0,0.0,0.0,0.021408700285765782,0.0,0.028211977087791638,0.0305327066343608,0.0,0.0,0.0,0.0,0.030704636685777047,0.07027830618764937,0.3417120588591039,0.07218688096563106,0.2333937067014165
2025-08-21,0.03271078586535011,0.030312874034056317,0.0,0.0,0.0,0.03312152429936459,0.028560015377957597,0.0,0.04686582701577539,0.0,0.0,0.0,0.021408700285765782,0.0,0.028211977087791638,0.0305327066343608,0.0,0.0,0.0,0.0,0.030704636685777047,0.07027830618764937,0.3417120588591039,0.07218688096563106,0.2333937067014165
2025-08-22,0.03271078586535011,0.030312874034056317,0.0,0.0,0.0,0.03312152429936459,0.028560015377957597,0.0,0.04686582701577539,0.0,0.0,0.0,0.021408700285765782,0.0,0.028211977087791638,0.0305327066343608,0.0,0.0,0.0,0.0,0.030704636685777047,0.07027830618764937,0.3417120588591039,0.07218688096563106,0.2333937067014165
2025-08-25,0.03271078586535011,0.030312874034056317,0.0,0.0,0.0,0.03312152429936459,0.028560015377957597,0.0,0.04686582701577539,0.0,0.0,0.0,0.021408700285765782,0.0,0.028211977087791638,0.0305327066343608,0.0,0.0,0.0,0.0,0.030704636685777047,0.07027830618764937,0.3417120588591039,0.07218688096563106,0.2333937067014165
2025-08-26,0.03271078586535011,0.030312874034056317,0.0,0.0,0.0,0.03312152429936459,0.028560015377957597,0.0,0.04686582701577539,0.0,0.0,0.0,0.021408700285765782,0.0,0.028211977087791638,0.0305327066343608,0.0,0.0,0.0,0.0,0.030704636685777047,0.07027830618764937,0.3417120588591039,0.07218688096563106,0.2333937067014165
2025-08-27,0.03271078586535011,0.030312874034056317,0.0,0.0,0.0,0.03312152429936459,0.028560015377957597,0.0,0.04686582701577539,0.0,0.0,0.0,0.021408700285765782,0.0,0.028211977087791638,0.0305327066343608,0.0,0.0,0.0,0.0,0.030704636685777047,0.07027830618764937,0.3417120588591039,0.07218688096563106,0.2333937067014165
2025-08-28,0.03271078586535011,0.030312874034056317,0.0,0.0,0.0,0.03312152429936459,0.028560015377957597,0.0,0.04686582701577539,0.0,0.0,0.0,0.021408700285765782,0.0,0.028211977087791638,0.0305327066343608,0.0,0.0,0.0,0.0,0.030704636685777047,0.07027830618764937,0.3417120588591039,0.07218688096563106,0.2333937067014165
2025-08-29,0.03271078586535011,0.030312874034056317,0.0,0.0,0.0,0.03312152429936459,0.028560015377957597,0.0,0.04686582701577539,0.0,0.0,0.0,0.021408700285765782,0.0,0.028211977087791638,0.0305327066343608,0.0,0.0,0.0,0.0,0.030704636685777047,0.07027830618764937,0.3417120588591039,0.07218688096563106,0.2333937067014165
2025-09-01,0.03271078586535011,0.030312874034056317,0.0,0.0,0.0,0.03312152429936459,0.028560015377957597,0.0,0.04686582701577539,0.0,0.0,0.0,0.021408700285765782,0.0,0.028211977087791638,0.0305327066343608,0.0,0.0,0.0,0.0,0.030704636685777047,0.07027830618764937,0.3417120588591039,0.07218688096563106,0.2333937067014165
2025-09-02,0.03271078586535011,0.030312874034056317,0.0,0.0,0.0,0.03312152429936459,0.028560015377957597,0.0,0.04686582701577539,0.0,0.0,0.0,0.021408700285765782,0.0,0.028211977087791638,0.0305327066343608,0.0,0.0,0.0,0.0,0.030704636685777047,0.07027830618764937,0.3417120588591039,0.07218688096563106,0.2333937067014165
2025-09-03,0.03271078586535011,0.030312874034056317,0.0,0.0,0.0,0.03312152429936459,0.028560015377957597,0.0,0.04686582701577539,0.0,0.0,0.0,0.021408700285765782,0.0,0.028211977087791638,0.0305327066343608,0.0,0.0,0.0,0.0,0.030704636685777047,0.07027830618764937,0.3417120588591039,0.07218688096563106,0.2333937067014165
2025-09-04,0.03271078586535011,0.030312874034056317,0.0,0.0,0.0,0.03312152429936459,0.028560015377957597,0.0,0.04686582701577539,0.0,0.0,0.0,0.021408700285765782,0.0,0.028211977087791638,0.0305327066343608,0.0,0.0,0.0,0.0,0.030704636685777047,0.07027830618764937,0.3417120588591039,0.07218688096563106,0.2333937067014165
2025-09-05,0.03271078586535011,0.030312874034056317,0.0,0.0,0.0,0.03312152429936459,0.028560015377957597,0.0,0.04686582701577539,0.0,0.0,0.0,0.021408700285765782,0.0,0.028211977087791638,0.0305327066343608,0.0,0.0,0.0,0.0,0.030704636685777047,0.07027830618764937,0.3417120588591039,0.07218688096563106,0.2333937067014165
2025-09-08,0.03271078586535011,0.030312874034056317,0.0,0.0,0.0,0.03312152429936459,0.028560015377957597,0.0,0.04686582701577539,0.0,0.0,0.0,0.021408700285765782,0.0,0.028211977087791638,0.0305327066343608,0.0,0.0,0.0,0.0,0.030704636685777047,0.07027830618764937,0.3417120588591039,0.07218688096563106,0.2333937067014165
2025-09-09,0.03271078586535011,0.030312874034056317,0.0,0.0,0.0,0.03312152429936459,0.028560015377957597,0.0,0.04686582701577539,0.0,0.0,0.0,0.021408700285765782,0.0,0.028211977087791638,0.0305327066343608,0.0,0.0,0.0,0.0,0.030704636685777047,0.07027830618764937,0.3417120588591039,0.07218688096563106,0.2333937067014165
2025-09-10,0.03271078586535011,0.030312874034056317,0.0,0.0,0.0,0.03312152429936459,0.028560015377957597,0.0,0.04686582701577539,0.0,0.0,0.0,0.021408700285765782,0.0,0.028211977087791638,0.0305327066343608,0.0,0.0,0.0,0.0,0.030704636685777047,0.07027830618764937,0.3417120588591039,0.07218688096563106,0.2333937067014165
2025-09-11,0.03271078586535011,0.030312874034056317,0.0,0.0,0.0,0.03312152429936459,0.028560015377957597,0.0,0.04686582701577539,0.0,0.0,0.0,0.021408700285765782,0.0,0.028211977087791638,0.0305327066343608,0.0,0.0,0.0,0.0,0.030704636685777047,0.07027830618764937,0.3417120588591039,0.07218688096563106,0.2333937067014165
2025-09-12,0.03271078586535011,0.030312874034056317,0.0,0.0,0.0,0.03312152429936459,0.028560015377957597,0.0,0.04686582701577539,0.0,0.0,0.0,0.021408700285765782,0.0,0.028211977087791638,0.0305327066343608,0.0,0.0,0.0,0.0,0.030704636685777047,0.07027830618764937,0.3417120588591039,0.07218688096563106,0.2333937067014165
2025-09-15,0.03271078586535011,0.030312874034056317,0.0,0.0,0.0,0.03312152429936459,0.028560015377957597,0.0,0.04686582701577539,0.0,0.0,0.0,0.021408700285765782,0.0,0.028211977087791638,0.0305327066343608,0.0,0.0,0.0,0.0,0.030704636685777047,0.07027830618764937,0.3417120588591039,0.07218688096563106,0.2333937067014165
2025-09-16,0.03271078586535011,0.030312874034056317,0.0,0.0,0.0,0.03312152429936459,0.028560015377957597,0.0,0.04686582701577539,0.0,0.0,0.0,0.021408700285765782,0.0,0.028211977087791638,0.0305327066343608,0.0,0.0,0.0,0.0,0.030704636685777047,0.07027830618764937,0.3417120588591039,0.07218688096563106,0.2333937067014165
2025-09-17,0.03271078586535011,0.030312874034056317,0.0,0.0,0.0,0.03312152429936459,0.028560015377957597,0.0,0.04686582701577539,0.0,0.0,0.0,0.021408700285765782,0.0,0.028211977087791638,0.0305327066343608,0.0,0.0,0.0,0.0,0.030704636685777047,0.07027830618764937,0.3417120588591039,0.07218688096563106,0.2333937067014165
2025-09-18,0.03271078586535011,0.030312874034056317,0.0,0.0,0.0,0.03312152429936459,0.028560015377957597,0.0,0.04686582701577539,0.0,0.0,0.0,0.021408700285765782,0.0,0.028211977087791638,0.0305327066343608,0.0,0.0,0.0,0.0,0.030704636685777047,0.07027830618764937,0.3417120588591039,0.07218688096563106,0.2333937067014165
2025-09-19,0.03271078586535011,0.030312874034056317,0.0,0.0,0.0,0.03312152429936459,0.028560015377957597,0.0,0.04686582701577539,0.0,0.0,0.0,0.021408700285765782,0.0,0.028211977087791638,0.0305327066343608,0.0,0.0,0.0,0.0,0.030704636685777047,0.07027830618764937,0.3417120588591039,0.07218688096563106,0.2333937067014165
2025-09-22,0.03271078586535011,0.030312874034056317,0.0,0.0,0.0,0.03312152429936459,0.028560015377957597,0.0,0.04686582701577539,0.0,0.0,0.0,0.021408700285765782,0.0,0.028211977087791638,0.0305327066343608,0.0,0.0,0.0,0.0,0.030704636685777047,0.07027830618764937,0.3417120588591039,0.07218688096563106,0.2333937067014165
2025-09-23,0.03271078586535011,0.030312874034056317,0.0,0.0,0.0,0.03312152429936459,0.028560015377957597,0.0,0.04686582701577539,0.0,0.0,0.0,0.021408700285765782,0.0,0.028211977087791638,0.0305327066343608,0.0,0.0,0.0,0.0,0.030704636685777047,0.07027830618764937,0.3417120588591039,0.07218688096563106,0.2333937067014165
2025-09-24,0.03271078586535011,0.030312874034056317,0.0,0.0,0.0,0.03312152429936459,0.028560015377957597,0.0,0.04686582701577539,0.0,0.0,0.0,0.021408700285765782,0.0,0.028211977087791638,0.0305327066343608,0.0,0.0,0.0,0.0,0.030704636685777047,0.07027830618764937,0.3417120588591039,0.07218688096563106,0.2333937067014165
2025-09-25,0.03271078586535011,0.030312874034056317,0.0,0.0,0.0,0.03312152429936459,0.028560015377957597,0.0,0.04686582701577539,0.0,0.0,0.0,0.021408700285765782,0.0,0.028211977087791638,0.0305327066343608,0.0,0.0,0.0,0.0,0.030704636685777047,0.07027830618764937,0.3417120588591039,0.07218688096563106,0.2333937067014165
2025-09-26,0.03271078586535011,0.030312874034056317,0.0,0.0,0.0,0.03312152429936459,0.028560015377957597,0.0,0.04686582701577539,0.0,0.0,0.0,0.021408700285765782,0.0,0.028211977087791638,0.0305327066343608,0.0,0.0,0.0,0.0,0.030704636685777047,0.07027830618764937,0.3417120588591039,0.07218688096563106,0.2333937067014165
2025-09-29,0.03271078586535011,0.030312874034056317,0.0,0.0,0.0,0.03312152429936459,0.028560015377957597,0.0,0.04686582701577539,0.0,0.0,0.0,0.021408700285765782,0.0,0.028211977087791638,0.0305327066343608,0.0,0.0,0.0,0.0,0.030704636685777047,0.07027830618764937,0.3417120588591039,0.07218688096563106,0.2333937067014165
2025-09-30,0.03271078586535011,0.030312874034056317,0.0,0.0,0.0,0.03312152429936459,0.028560015377957597,0.0,0.04686582701577539,0.0,0.0,0.0,0.021408700285765782,0.0,0.028211977087791638,0.0305327066343608,0.0,0.0,0.0,0.0,0.030704636685777047,0.07027830618764937,0.3417120588591039,0.07218688096563106,0.2333937067014165
2025-10-01,0.06966835291938508,0.06526242637267503,0.07740979521425911,0.06309135548731333,0.08041016908337993,0.0448242326211069,0.06400583050479101,0.0,0.0,0.0,0.0,0.1319148475661687,0.15813563868882718,0.08743113136120761,0.06361131307776141,0.05818343546413718,0.0,0.036051471638987385,0.0,0.0,0.0,0.0,0.0,0.0,0.0
2025-10-02,0.06966835291938508,0.06526242637267503,0.07740979521425911,0.06309135548731333,0.08041016908337993,0.0448242326211069,0.06400583050479101,0.0,0.0,0.0,0.0,0.1319148475661687,0.15813563868882718,0.08743113136120761,0.06361131307776141,0.05818343546413718,0.0,0.036051471638987385,0.0,0.0,0.0,0.0,0.0,0.0,0.0
2025-10-03,0.06966835291938508,0.06526242637267503,0.07740979521425911,0.06309135548731333,0.08041016908337993,0.0448242326211069,0.06400583050479101,0.0,0.0,0.0,0.0,0.1319148475661687,0.15813563868882718,0.08743113136120761,0.06361131307776141,0.05818343546413718,0.0,0.036051471638987385,0.0,0.0,0.0,0.0,0.0,0.0,0.0
2025-10-06,0.06966835291938508,0.06526242637267503,0.07740979521425911,0.06309135548731333,0.08041016908337993,0.0448242326211069,0.06400583050479101,0.0,0.0,0.0,0.0,0.1319148475661687,0.15813563868882718,0.08743113136120761,0.06361131307776141,0.05818343546413718,0.0,0.036051471638987385,0.0,0.0,0.0,0.0,0.0,0.0,0.0
2025-10-07,0.06966835291938508,0.06526242637267503,0.07740979521425911,0.06309135548731333,0.08041016908337993,0.0448242326211069,0.06400583050479101,0.0,0.0,0.0,0.0,0.1319148475661687,0.15813563868882718,0.08743113136120761,0.06361131307776141,0.05818343546413718,0.0,0.036051471638987385,0.0,0.0,0.0,0.0,0.0,0.0,0.0
2025-10-08,0.06966835291938508,0.06526242637267503,0.07740979521425911,0.06309135548731333,0.08041016908337993,0.0448242326211069,0.06400583050479101,0.0,0.0,0.0,0.0,0.1319148475661687,0.15813563868882718,0.08743113136120761,0.06361131307776141,0.05818343546413718,0.0,0.036051471638987385,0.0,0.0,0.0,0.0,0.0,0.0,0.0
2025-10-09,0.06966835291938508,0.06526242637267503,0.07740979521425911,0.06309135548731333,0.08041016908337993,0.0448242326211069,0.06400583050479101,0.0,0.0,0.0,0.0,0.1319148475661687,0.15813563868882718,0.08743113136120761,0.06361131307776141,0.05818343546413718,0.0,0.036051471638987385,0.0,0.0,0.0,0.0,0.0,0.0,0.0
2025-10-10,0.06966835291938508,0.06526242637267503,0.07740979521425911,0.06309135548731333,0.08041016908337993,0.0448242326211069,0.06400583050479101,0.0,0.0,0.0,0.0,0.1319148475661687,0.15813563868882718,0.08743113136120761,0.06361131307776141,0.05818343546413718,0.0,0.036051471638987385,0.0,0.0,0.0,0.0,0.0,0.0,0.0
2025-10-13,0.06966835291938508,0.06526242637267503,0.07740979521425911,0.06309135548731333,0.08041016908337993,0.0448242326211069,0.06400583050479101,0.0,0.0,0.0,0.0,0.1319148475661687,0.15813563868882718,0.08743113136120761,0.06361131307776141,0.05818343546413718,0.0,0.036051471638987385,0.0,0.0,0.0,0.0,0.0,0.0,0.0
2025-10-14,0.06966835291938508,0.06526242637267503,0.07740979521425911,0.06309135548731333,0.08041016908337993,0.0448242326211069,0.06400583050479101,0.0,0.0,0.0,0.0,0.1319148475661687,0.15813563868882718,0.08743113136120761,0.06361131307776141,0.05818343546413718,0.0,0.036051471638987385,0.0,0.0,0.0,0.0,0.0,0.0,0.0
2025-10-15,0.06966835291938508,0.06526242637267503,0.07740979521425911,0.06309135548731333,0.08041016908337993,0.0448242326211069,0.06400583050479101,0.0,0.0,0.0,0.0,0.1319148475661687,0.15813563868882718,0.08743113136120761,0.06361131307776141,0.05818343546413718,0.0,0.036051471638987385,0.0,0.0,0.0,0.0,0.0,0.0,0.0
2025-10-16,0.06966835291938508,0.06526242637267503,0.07740979521425911,0.06309135548731333,0.08041016908337993,0.0448242326211069,0.06400583050479101,0.0,0.0,0.0,0.0,0.1319148475661687,0.15813563868882718,0.08743113136120761,0.06361131307776141,0.05818343546413718,0.0,0.036051471638987385,0.0,0.0,0.0,0.0,0.0,0.0,0.0
2025-10-17,0.06966835291938508,0.06526242637267503,0.07740979521425911,0.06309135548731333,0.08041016908337993,0.0448242326211069,0.06400583050479101,0.0,0.0,0.0,0.0,0.1319148475661687,0.15813563868882718,0.08743113136120761,0.06361131307776141,0.05818343546413718,0.0,0.036051471638987385,0.0,0.0,0.0,0.0,0.0,0.0,0.0
2025-10-20,0.06966835291938508,0.06526242637267503,0.07740979521425911,0.06309135548731333,0.08041016908337993,0.0448242326211069,0.06400583050479101,0.0,0.0,0.0,0.0,0.1319148475661687,0.15813563868882718,0.08743113136120761,0.06361131307776141,0.05818343546413718,0.0,0.036051471638987385,0.0,0.0,0.0,0.0,0.0,0.0,0.0
2025-10-21,0.06966835291938508,0.06526242637267503,0.07740979521425911,0.06309135548731333,0.08041016908337993,0.0448242326211069,0.06400583050479101,0.0,0.0,0.0,0.0,0.1319148475661687,0.15813563868882718,0.08743113136120761,0.06361131307776141,0.05818343546413718,0.0,0.036051471638987385,0.0,0.0,0.0,0.0,0.0,0.0,0.0
2025-10-22,0.06966835291938508,0.06526242637267503,0.07740979521425911,0.06309135548731333,0.08041016908337993,0.0448242326211069,0.06400583050479101,0.0,0.0,0.0,0.0,0.1319148475661687,0.15813563868882718,0.08743113136120761,0.06361131307776141,0.05818343546413718,0.0,0.036051471638987385,0.0,0.0,0.0,0.0,0.0,0.0,0.0
2025-10-23,0.06966835291938508,0.06526242637267503,0.07740979521425911,0.06309135548731333,0.08041016908337993,0.0448242326211069,0.06400583050479101,0.0,0.0,0.0,0.0,0.1319148475661687,0.15813563868882718,0.08743113136120761,0.06361131307776141,0.05818343546413718,0.0,0.036051471638987385,0.0,0.0,0.0,0.0,0.0,0.0,0.0
2025-10-24,0.06966835291938508,0.06526242637267503,0.07740979521425911,0.06309135548731333,0.08041016908337993,0.0448242326211069,0.06400583050479101,0.0,0.0,0.0,0.0,0.1319148475661687,0.15813563868882718,0.08743113136120761,0.06361131307776141,0.05818343546413718,0.0,0.036051471638987385,0.0,0.0,0.0,0.0,0.0,0.0,0.0
2025-10-27,0.06966835291938508,0.06526242637267503,0.07740979521425911,0.06309135548731333,0.08041016908337993,0.0448242326211069,0.06400583050479101,0.0,0.0,0.0,0.0,0.1319148475661687,0.15813563868882718,0.08743113136120761,0.06361131307776141,0.05818343546413718,0.0,0.036051471638987385,0.0,0.0,0.0,0.0,0.0,0.0,0.0
2025-10-28,0.06966835291938508,0.06526242637267503,0.07740979521425911,0.06309135548731333,0.08041016908337993,0.0448242326211069,0.06400583050479101,0.0,0.0,0.0,0.0,0.1319148475661687,0.15813563868882718,0.08743113136120761,0.06361131307776141,0.05818343546413718,0.0,0.036051471638987385,0.0,0.0,0.0,0.0,0.0,0.0,0.0
2025-10-29,0.06966835291938508,0.06526242637267503,0.07740979521425911,0.06309135548731333,0.08041016908337993,0.0448242326211069,0.06400583050479101,0.0,0.0,0.0,0.0,0.1319148475661687,0.15813563868882718,0.08743113136120761,0.06361131307776141,0.05818343546413718,0.0,0.036051471638987385,0.0,0.0,0.0,0.0,0.0,0.0,0.0
2025-10-30,0.06966835291938508,0.06526242637267503,0.07740979521425911,0.06309135548731333,0.08041016908337993,0.0448242326211069,0.06400583050479101,0.0,0.0,0.0,0.0,0.1319148475661687,0.15813563868882718,0.08743113136120761,0.06361131307776141,0.05818343546413718,0.0,0.036051471638987385,0.0,0.0,0.0,0.0,0.0,0.0,0.0
2025-10-31,0.06966835291938508,0.06526242637267503,0.07740979521425911,0.06309135548731333,0.08041016908337993,0.0448242326211069,0.06400583050479101,0.0,0.0,0.0,0.0,0.1319148475661687,0.15813563868882718,0.08743113136120761,0.06361131307776141,0.05818343546413718,0.0,0.036051471638987385,0.0,0.0,0.0,0.0,0.0,0.0,0.0
2025-11-03,0.06966835291938508,0.06526242637267503,0.07740979521425911,0.06309135548731333,0.08041016908337993,0.0448242326211069,0.06400583050479101,0.0,0.0,0.0,0.0,0.1319148475661687,0.15813563868882718,0.08743113136120761,0.06361131307776141,0.05818343546413718,0.0,0.036051471638987385,0.0,0.0,0.0,0.0,0.0,0.0,0.0
2025-11-04,0.06966835291938508,0.06526242637267503,0.07740979521425911,0.06309135548731333,0.08041016908337993,0.0448242326211069,0.06400583050479101,0.0,0.0,0.0,0.0,0.1319148475661687,0.15813563868882718,0.08743113136120761,0.06361131307776141,0.05818343546413718,0.0,0.036051471638987385,0.0,0.0,0.0,0.0,0.0,0.0,0.0
2025-11-05,0.06966835291938508,0.06526242637267503,0.07740979521425911,0.06309135548731333,0.08041016908337993,0.0448242326211069,0.06400583050479101,0.0,0.0,0.0,0.0,0.1319148475661687,0.15813563868882718,0.08743113136120761,0.06361131307776141,0.05818343546413718,0.0,0.036051471638987385,0.0,0.0,0.0,0.0,0.0,0.0,0.0
2025-11-06,0.06966835291938508,0.06526242637267503,0.07740979521425911,0.06309135548731333,0.08041016908337993,0.0448242326211069,0.06400583050479101,0.0,0.0,0.0,0.0,0.1319148475661687,0.15813563868882718,0.08743113136120761,0.06361131307776141,0.05818343546413718,0.0,0.036051471638987385,0.0,0.0,0.0,0.0,0.0,0.0,0.0
2025-11-07,0.06966835291938508,0.06526242637267503,0.07740979521425911,0.06309135548731333,0.08041016908337993,0.0448242326211069,0.06400583050479101,0.0,0.0,0.0,0.0,0.1319148475661687,0.15813563868882718,0.08743113136120761,0.06361131307776141,0.05818343546413718,0.0,0.036051471638987385,0.0,0.0,0.0,0.0,0.0,0.0,0.0
2025-11-10,0.06966835291938508,0.06526242637267503,0.07740979521425911,0.06309135548731333,0.08041016908337993,0.0448242326211069,0.06400583050479101,0.0,0.0,0.0,0.0,0.1319148475661687,0.15813563868882718,0.08743113136120761,0.06361131307776141,0.05818343546413718,0.0,0.036051471638987385,0.0,0.0,0.0,0.0,0.0,0.0,0.0
2025-11-11,0.06966835291938508,0.06526242637267503,0.07740979521425911,0.06309135548731333,0.08041016908337993,0.0448242326211069,0.06400583050479101,0.0,0.0,0.0,0.0,0.1319148475661687,0.15813563868882718,0.08743113136120761,0.06361131307776141,0.05818343546413718,0.0,0.036051471638987385,0.0,0.0,0.0,0.0,0.0,0.0,0.0
2025-11-12,0.06966835291938508,0.06526242637267503,0.07740979521425911,0.06309135548731333,0.08041016908337993,0.0448242326211069,0.06400583050479101,0.0,0.0,0.0,0.0,0.1319148475661687,0.15813563868882718,0.08743113136120761,0.06361131307776141,0.05818343546413718,0.0,0.036051471638987385,0.0,0.0,0.0,0.0,0.0,0.0,0.0
2025-11-13,0.06966835291938508,0.06526242637267503,0.07740979521425911,0.06309135548731333,0.08041016908337993,0.0448242326211069,0.06400583050479101,0.0,0.0,0.0,0.0,0.1319148475661687,0.15813563868882718,0.08743113136120761,0.06361131307776141,0.05818343546413718,0.0,0.036051471638987385,0.0,0.0,0.0,0.0,0.0,0.0,0.0
2025-11-14,0.06966835291938508,0.06526242637267503,0.07740979521425911,0.06309135548731333,0.08041016908337993,0.0448242326211069,0.06400583050479101,0.0,0.0,0.0,0.0,0.1319148475661687,0.15813563868882718,0.08743113136120761,0.06361131307776141,0.05818343546413718,0.0,0.036051471638987385,0.0,0.0,0.0,0.0,0.0,0.0,0.0
2025-11-17,0.06966835291938508,0.06526242637267503,0.07740979521425911,0.06309135548731333,0.08041016908337993,0.0448242326211069,0.06400583050479101,0.0,0.0,0.0,0.0,0.1319148475661687,0.15813563868882718,0.08743113136120761,0.06361131307776141,0.05818343546413718,0.0,0.036051471638987385,0.0,0.0,0.0,0.0,0.0,0.0,0.0
2025-11-18,0.06966835291938508,0.06526242637267503,0.07740979521425911,0.06309135548731333,0.08041016908337993,0.0448242326211069,0.06400583050479101,0.0,0.0,0.0,0.0,0.1319148475661687,0.15813563868882718,0.08743113136120761,0.06361131307776141,0.05818343546413718,0.0,0.036051471638987385,0.0,0.0,0.0,0.0,0.0,0.0,0.0
2025-11-19,0.06966835291938508,0.06526242637267503,0.07740979521425911,0.06309135548731333,0.08041016908337993,0.0448242326211069,0.06400583050479101,0.0,0.0,0.0,0.0,0.1319148475661687,0.15813563868882718,0.08743113136120761,0.06361131307776141,0.05818343546413718,0.0,0.036051471638987385,0.0,0.0,0.0,0.0,0.0,0.0,0.0
2025-11-20,0.06966835291938508,0.06526242637267503,0.07740979521425911,0.06309135548731333,0.08041016908337993,0.0448242326211069,0.06400583050479101,0.0,0.0,0.0,0.0,0.1319148475661687,0.15813563868882718,0.08743113136120761,0.06361131307776141,0.05818343546413718,0.0,0.036051471638987385,0.0,0.0,0.0,0.0,0.0,0.0,0.0
2025-11-21,0.06966835291938508,0.06526242637267503,0.07740979521425911,0.06309135548731333,0.08041016908337993,0.0448242326211069,0.06400583050479101,0.0,0.0,0.0,0.0,0.1319148475661687,0.15813563868882718,0.08743113136120761,0.06361131307776141,0.05818343546413718,0.0,0.036051471638987385,0.0,0.0,0.0,0.0,0.0,0.0,0.0
2025-11-24,0.06966835291938508,0.06526242637267503,0.07740979521425911,0.06309135548731333,0.08041016908337993,0.0448242326211069,0.06400583050479101,0.0,0.0,0.0,0.0,0.1319148475661687,0.15813563868882718,0.08743113136120761,0.06361131307776141,0.05818343546413718,0.0,0.036051471638987385,0.0,0.0,0.0,0.0,0.0,0.0,0.0
2025-11-25,0.06966835291938508,0.06526242637267503,0.07740979521425911,0.06309135548731333,0.08041016908337993,0.0448242326211069,0.06400583050479101,0.0,0.0,0.0,0.0,0.1319148475661687,0.15813563868882718,0.08743113136120761,0.06361131307776141,0.05818343546413718,0.0,0.036051471638987385,0.0,0.0,0.0,0.0,0.0,0.0,0.0
2025-11-26,0.06966835291938508,0.06526242637267503,0.07740979521425911,0.06309135548731333,0.08041016908337993,0.0448242326211069,0.06400583050479101,0.0,0.0,0.0,0.0,0.1319148475661687,0.15813563868882718,0.08743113136120761,0.06361131307776141,0.05818343546413718,0.0,0.036051471638987385,0.0,0.0,0.0,0.0,0.0,0.0,0.0
2025-11-27,0.06966835291938508,0.06526242637267503,0.07740979521425911,0.06309135548731333,0.08041016908337993,0.0448242326211069,0.06400583050479101,0.0,0.0,0.0,0.0,0.1319148475661687,0.15813563868882718,0.08743113136120761,0.06361131307776141,0.05818343546413718,0.0,0.036051471638987385,0.0,0.0,0.0,0.0,0.0,0.0,0.0
2025-11-28,0.06966835291938508,0.06526242637267503,0.07740979521425911,0.06309135548731333,0.08041016908337993,0.0448242326211069,0.06400583050479101,0.0,0.0,0.0,0.0,0.1319148475661687,0.15813563868882718,0.08743113136120761,0.06361131307776141,0.05818343546413718,0.0,0.036051471638987385,0.0,0.0,0.0,0.0,0.0,0.0,0.0
2025-12-01,0.06800605632982727,0.06466018608326257,0.06653463088706066,0.06741800059404507,0.07690162943970903,0.05584704671484053,0.05682331888210275,0.0,0.0,0.0,0.10402010296576275,0.07158672575845071,0.06153510537083291,0.14802070670349962,0.12427839541101421,0.0,0.0,0.03436809485959186,0.0,0.0,0.0,0.0,0.0,0.0,0.0
2025-12-02,0.06800605632982727,0.06466018608326257,0.06653463088706066,0.06741800059404507,0.07690162943970903,0.05584704671484053,0.05682331888210275,0.0,0.0,0.0,0.10402010296576275,0.07158672575845071,0.06153510537083291,0.14802070670349962,0.12427839541101421,0.0,0.0,0.03436809485959186,0.0,0.0,0.0,0.0,0.0,0.0,0.0
2025-12-03,0.06800605632982727,0.06466018608326257,0.06653463088706066,0.06741800059404507,0.07690162943970903,0.05584704671484053,0.05682331888210275,0.0,0.0,0.0,0.10402010296576275,0.07158672575845071,0.06153510537083291,0.14802070670349962,0.12427839541101421,0.0,0.0,0.03436809485959186,0.0,0.0,0.0,0.0,0.0,0.0,0.0
2025-12-04,0.06800605632982727,0.06466018608326257,0.06653463088706066,0.06741800059404507,0.07690162943970903,0.05584704671484053,0.05682331888210275,0.0,0.0,0.0,0.10402010296576275,0.07158672575845071,0.06153510537083291,0.14802070670349962,0.12427839541101421,0.0,0.0,0.03436809485959186,0.0,0.0,0.0,0.0,0.0,0.0,0.0
2025-12-05,0.06800605632982727,0.06466018608326257,0.06653463088706066,0.06741800059404507,0.07690162943970903,0.05584704671484053,0.05682331888210275,0.0,0.0,0.0,0.10402010296576275,0.07158672575845071,0.06153510537083291,0.14802070670349962,0.12427839541101421,0.0,0.0,0.03436809485959186,0.0,0.0,0.0,0.0,0.0,0.0,0.0
2025-12-08,0.06800605632982727,0.06466018608326257,0.06653463088706066,0.06741800059404507,0.07690162943970903,0.05584704671484053,0.05682331888210275,0.0,0.0,0.0,0.10402010296576275,0.07158672575845071,0.06153510537083291,0.14802070670349962,0.12427839541101421,0.0,0.0,0.03436809485959186,0.0,0.0,0.0,0.0,0.0,0.0,0.0
2025-12-09,0.06800605632982727,0.06466018608326257,0.06653463088706066,0.06741800059404507,0.07690162943970903,0.05584704671484053,0.05682331888210275,0.0,0.0,0.0,0.10402010296576275,0.07158672575845071,0.06153510537083291,0.14802070670349962,0.12427839541101421,0.0,0.0,0.03436809485959186,0.0,0.0,0.0,0.0,0.0,0.0,0.0
2025-12-10,0.06800605632982727,0.06466018608326257,0.06653463088706066,0.06741800059404507,0.07690162943970903,0.05584704671484053,0.05682331888210275,0.0,0.0,0.0,0.10402010296576275,0.07158672575845071,0.06153510537083291,0.14802070670349962,0.12427839541101421,0.0,0.0,0.03436809485959186,0.0,0.0,0.0,0.0,0.0,0.0,0.0
2025-12-11,0.06800605632982727,0.06466018608326257,0.06653463088706066,0.06741800059404507,0.07690162943970903,0.05584704671484053,0.05682331888210275,0.0,0.0,0.0,0.10402010296576275,0.07158672575845071,0.06153510537083291,0.14802070670349962,0.12427839541101421,0.0,0.0,0.03436809485959186,0.0,0.0,0.0,0.0,0.0,0.0,0.0
2025-12-12,0.06800605632982727,0.06466018608326257,0.06653463088706066,0.06741800059404507,0.07690162943970903,0.05584704671484053,0.05682331888210275,0.0,0.0,0.0,0.10402010296576275,0.07158672575845071,0.06153510537083291,0.14802070670349962,0.12427839541101421,0.0,0.0,0.03436809485959186,0.0,0.0,0.0,0.0,0.0,0.0,0.0
2025-12-15,0.06800605632982727,0.06466018608326257,0.06653463088706066,0.06741800059404507,0.07690162943970903,0.05584704671484053,0.05682331888210275,0.0,0.0,0.0,0.10402010296576275,0.07158672575845071,0.06153510537083291,0.14802070670349962,0.12427839541101421,0.0,0.0,0.03436809485959186,0.0,0.0,0.0,0.0,0.0,0.0,0.0
2025-12-16,0.06800605632982727,0.06466018608326257,0.06653463088706066,0.06741800059404507,0.07690162943970903,0.05584704671484053,0.05682331888210275,0.0,0.0,0.0,0.10402010296576275,0.07158672575845071,0.06153510537083291,0.14802070670349962,0.12427839541101421,0.0,0.0,0.03436809485959186,0.0,0.0,0.0,0.0,0.0,0.0,0.0
2025-12-17,0.06800605632982727,0.06466018608326257,0.06653463088706066,0.06741800059404507,0.07690162943970903,0.05584704671484053,0.05682331888210275,0.0,0.0,0.0,0.10402010296576275,0.07158672575845071,0.06153510537083291,0.14802070670349962,0.12427839541101421,0.0,0.0,0.03436809485959186,0.0,0.0,0.0,0.0,0.0,0.0,0.0
2025-12-18,0.06800605632982727,0.06466018608326257,0.06653463088706066,0.06741800059404507,0.07690162943970903,0.05584704671484053,0.05682331888210275,0.0,0.0,0.0,0.10402010296576275,0.07158672575845071,0.06153510537083291,0.14802070670349962,0.12427839541101421,0.0,0.0,0.03436809485959186,0.0,0.0,0.0,0.0,0.0,0.0,0.0
2025-12-19,0.06800605632982727,0.06466018608326257,0.06653463088706066,0.06741800059404507,0.07690162943970903,0.05584704671484053,0.05682331888210275,0.0,0.0,0.0,0.10402010296576275,0.07158672575845071,0.06153510537083291,0.14802070670349962,0.12427839541101421,0.0,0.0,0.03436809485959186,0.0,0.0,0.0,0.0,0.0,0.0,0.0
2025-12-22,0.06800605632982727,0.06466018608326257,0.06653463088706066,0.06741800059404507,0.07690162943970903,0.05584704671484053,0.05682331888210275,0.0,0.0,0.0,0.10402010296576275,0.07158672575845071,0.06153510537083291,0.14802070670349962,0.12427839541101421,0.0,0.0,0.03436809485959186,0.0,0.0,0.0,0.0,0.0,0.0,0.0
2025-12-23,0.06800605632982727,0.06466018608326257,0.06653463088706066,0.06741800059404507,0.07690162943970903,0.05584704671484053,0.05682331888210275,0.0,0.0,0.0,0.10402010296576275,0.07158672575845071,0.06153510537083291,0.14802070670349962,0.12427839541101421,0.0,0.0,0.03436809485959186,0.0,0.0,0.0,0.0,0.0,0.0,0.0
2025-12-24,0.06800605632982727,0.06466018608326257,0.06653463088706066,0.06741800059404507,0.07690162943970903,0.05584704671484053,0.05682331888210275,0.0,0.0,0.0,0.10402010296576275,0.07158672575845071,0.06153510537083291,0.14802070670349962,0.12427839541101421,0.0,0.0,0.03436809485959186,0.0,0.0,0.0,0.0,0.0,0.0,0.0
2025-12-26,0.06800605632982727,0.06466018608326257,0.06653463088706066,0.06741800059404507,0.07690162943970903,0.05584704671484053,0.05682331888210275,0.0,0.0,0.0,0.10402010296576275,0.07158672575845071,0.06153510537083291,0.14802070670349962,0.12427839541101421,0.0,0.0,0.03436809485959186,0.0,0.0,0.0,0.0,0.0,0.0,0.0
2025-12-29,0.06800605632982727,0.06466018608326257,0.06653463088706066,0.06741800059404507,0.07690162943970903,0.05584704671484053,0.05682331888210275,0.0,0.0,0.0,0.10402010296576275,0.07158672575845071,0.06153510537083291,0.14802070670349962,0.12427839541101421,0.0,0.0,0.03436809485959186,0.0,0.0,0.0,0.0,0.0,0.0,0.0
2025-12-30,0.06800605632982727,0.06466018608326257,0.06653463088706066,0.06741800059404507,0.07690162943970903,0.05584704671484053,0.05682331888210275,0.0,0.0,0.0,0.10402010296576275,0.07158672575845071,0.06153510537083291,0.14802070670349962,0.12427839541101421,0.0,0.0,0.03436809485959186,0.0,0.0,0.0,0.0,0.0,0.0,0.0
