Date,0050.TW,006208.TW,006203.TW,006204.TW,00850.TW,0053.TW,00881.TW,0056.TW,00701.TW,00713.TW,00646.TW,00662.TW,00757.TW,00636.TW,006207.TW,00635U.TW,00642U.TW,00631L.TW,00632R.TW,00663L.TW,TLT,IEF,SHY,LQD,HYG
2022-01-03,0.0,0.0,0.0,0.07903398812098218,0.0,0.08410250043231379,0.07405282172432483,0.0,0.13072535099481536,0.11647158974625443,0.12058405993040848,0.07781409586121138,0.07719862633504428,0.0,0.0,0.0,0.019710261997074263,0.042012389147794885,0.0,0.034930774522182934,0.04009392822961222,0.0,0.0,0.10326961295798108,0.0
2022-01-04,0.0,0.0,0.0,0.07903398812098218,0.0,0.08410250043231379,0.07405282172432483,0.0,0.13072535099481536,0.11647158974625443,0.12058405993040848,0.07781409586121138,0.07719862633504428,0.0,0.0,0.0,0.019710261997074263,0.042012389147794885,0.0,0.034930774522182934,0.04009392822961222,0.0,0.0,0.10326961295798108,0.0
2022-01-05,0.0,0.0,0.0,0.07903398812098218,0.0,0.08410250043231379,0.07405282172432483,0.0,0.13072535099481536,0.11647158974625443,0.12058405993040848,0.07781409586121138,0.07719862633504428,0.0,0.0,0.0,0.019710261997074263,0.042012389147794885,0.0,0.034930774522182934,0.04009392822961222,0.0,0.0,0.10326961295798108,0.0
2022-01-06,0.0,0.0,0.0,0.07903398812098218,0.0,0.08410250043231379,0.07405282172432483,0.0,0.13072535099481536,0.11647158974625443,0.12058405993040848,0.07781409586121138,0.07719862633504428,0.0,0.0,0.0,0.019710261997074263,0.042012389147794885,0.0,0.034930774522182934,0.04009392822961222,0.0,0.0,0.10326961295798108,0.0
2022-01-07,0.0,0.0,0.0,0.07903398812098218,0.0,0.08410250043231379,0.07405282172432483,0.0,0.13072535099481536,0.11647158974625443,0.12058405993040848,0.07781409586121138,0.07719862633504428,0.0,0.0,0.0,0.019710261997074263,0.042012389147794885,0.0,0.034930774522182934,0.04009392822961222,0.0,0.0,0.10326961295798108,0.0
2022-01-10,0.0,0.0,0.0,0.07903398812098218,0.0,0.08410250043231379,0.07405282172432483,0.0,0.13072535099481536,0.11647158974625443,0.12058405993040848,0.07781409586121138,0.07719862633504428,0.0,0.0,0.0,0.019710261997074263,0.042012389147794885,0.0,0.034930774522182934,0.04009392822961222,0.0,0.0,0.10326961295798108,0.0
2022-01-11,0.0,0.0,0.0,0.07903398812098218,0.0,0.08410250043231379,0.07405282172432483,0.0,0.13072535099481536,0.11647158974625443,0.12058405993040848,0.07781409586121138,0.07719862633504428,0.0,0.0,0.0,0.019710261997074263,0.042012389147794885,0.0,0.034930774522182934,0.04009392822961222,0.0,0.0,0.10326961295798108,0.0
2022-01-12,0.0,0.0,0.0,0.07903398812098218,0.0,0.08410250043231379,0.07405282172432483,0.0,0.13072535099481536,0.11647158974625443,0.12058405993040848,0.07781409586121138,0.07719862633504428,0.0,0.0,0.0,0.019710261997074263,0.042012389147794885,0.0,0.034930774522182934,0.04009392822961222,0.0,0.0,0.10326961295798108,0.0
2022-01-13,0.0,0.0,0.0,0.07903398812098218,0.0,0.08410250043231379,0.07405282172432483,0.0,0.13072535099481536,0.11647158974625443,0.12058405993040848,0.07781409586121138,0.07719862633504428,0.0,0.0,0.0,0.019710261997074263,0.042012389147794885,0.0,0.034930774522182934,0.04009392822961222,0.0,0.0,0.10326961295798108,0.0
2022-01-14,0.0,0.0,0.0,0.07903398812098218,0.0,0.08410250043231379,0.07405282172432483,0.0,0.13072535099481536,0.11647158974625443,0.12058405993040848,0.07781409586121138,0.07719862633504428,0.0,0.0,0.0,0.019710261997074263,0.042012389147794885,0.0,0.034930774522182934,0.04009392822961222,0.0,0.0,0.10326961295798108,0.0
2022-01-17,0.0,0.0,0.0,0.07903398812098218,0.0,0.08410250043231379,0.07405282172432483,0.0,0.13072535099481536,0.11647158974625443,0.12058405993040848,0.07781409586121138,0.07719862633504428,0.0,0.0,0.0,0.019710261997074263,0.042012389147794885,0.0,0.034930774522182934,0.04009392822961222,0.0,0.0,0.10326961295798108,0.0
2022-01-18,0.0,0.0,0.0,0.07903398812098218,0.0,0.08410250043231379,0.07405282172432483,0.0,0.13072535099481536,0.11647158974625443,0.12058405993040848,0.07781409586121138,0.07719862633504428,0.0,0.0,0.0,0.019710261997074263,0.042012389147794885,0.0,0.034930774522182934,0.04009392822961222,0.0,0.0,0.10326961295798108,0.0
2022-01-19,0.0,0.0,0.0,0.07903398812098218,0.0,0.08410250043231379,0.07405282172432483,0.0,0.13072535099481536,0.11647158974625443,0.12058405993040848,0.07781409586121138,0.07719862633504428,0.0,0.0,0.0,0.019710261997074263,0.042012389147794885,0.0,0.034930774522182934,0.04009392822961222,0.0,0.0,0.10326961295798108,0.0
2022-01-20,0.0,0.0,0.0,0.07903398812098218,0.0,0.08410250043231379,0.07405282172432483,0.0,0.13072535099481536,0.11647158974625443,0.12058405993040848,0.07781409586121138,0.07719862633504428,0.0,0.0,0.0,0.019710261997074263,0.042012389147794885,0.0,0.034930774522182934,0.04009392822961222,0.0,0.0,0.10326961295798108,0.0
2022-01-21,0.0,0.0,0.0,0.07903398812098218,0.0,0.08410250043231379,0.07405282172432483,0.0,0.13072535099481536,0.11647158974625443,0.12058405993040848,0.07781409586121138,0.07719862633504428,0.0,0.0,0.0,0.019710261997074263,0.042012389147794885,0.0,0.034930774522182934,0.04009392822961222,0.0,0.0,0.10326961295798108,0.0
2022-01-24,0.0,0.0,0.0,0.07903398812098218,0.0,0.08410250043231379,0.07405282172432483,0.0,0.13072535099481536,0.11647158974625443,0.12058405993040848,0.07781409586121138,0.07719862633504428,0.0,0.0,0.0,0.019710261997074263,0.042012389147794885,0.0,0.034930774522182934,0.04009392822961222,0.0,0.0,0.10326961295798108,0.0
2022-01-25,0.0,0.0,0.0,0.07903398812098218,0.0,0.08410250043231379,0.07405282172432483,0.0,0.13072535099481536,0.11647158974625443,0.12058405993040848,0.07781409586121138,0.07719862633504428,0.0,0.0,0.0,0.019710261997074263,0.042012389147794885,0.0,0.034930774522182934,0.04009392822961222,0.0,0.0,0.10326961295798108,0.0
2022-01-26,0.0,0.0,0.0,0.07903398812098218,0.0,0.08410250043231379,0.07405282172432483,0.0,0.13072535099481536,0.11647158974625443,0.12058405993040848,0.07781409586121138,0.07719862633504428,0.0,0.0,0.0,0.019710261997074263,0.042012389147794885,0.0,0.034930774522182934,0.04009392822961222,0.0,0.0,0.10326961295798108,0.0
2022-01-27,0.0,0.0,0.0,0.07903398812098218,0.0,0.08410250043231379,0.07405282172432483,0.0,0.13072535099481536,0.11647158974625443,0.12058405993040848,0.07781409586121138,0.07719862633504428,0.0,0.0,0.0,0.019710261997074263,0.042012389147794885,0.0,0.034930774522182934,0.04009392822961222,0.0,0.0,0.10326961295798108,0.0
2022-01-28,0.0,0.0,0.0,0.07903398812098218,0.0,0.08410250043231379,0.07405282172432483,0.0,0.13072535099481536,0.11647158974625443,0.12058405993040848,0.07781409586121138,0.07719862633504428,0.0,0.0,0.0,0.019710261997074263,0.042012389147794885,0.0,0.034930774522182934,0.04009392822961222,0.0,0.0,0.10326961295798108,0.0
2022-01-31,0.0,0.0,0.0,0.07903398812098218,0.0,0.08410250043231379,0.07405282172432483,0.0,0.13072535099481536,0.11647158974625443,0.12058405993040848,0.07781409586121138,0.07719862633504428,0.0,0.0,0.0,0.019710261997074263,0.042012389147794885,0.0,0.034930774522182934,0.04009392822961222,0.0,0.0,0.10326961295798108,0.0
2022-02-01,0.059814661551103286,0.06099017234982578,0.059415544432620135,0.05857252519865999,0.07161204892644196,0.07204347642739532,0.06549406644715376,0.0,0.0814004256097837,0.14891430540170394,0.0,0.0,0.0,0.0,0.0,0.22021131337317754,0.035930055233432914,0.03252860033909035,0.0,0.03307280470961134,0.0,0.0,0.0,0.0,0.0
2022-02-02,0.059814661551103286,0.06099017234982578,0.059415544432620135,0.05857252519865999,0.07161204892644196,0.07204347642739532,0.06549406644715376,0.0,0.0814004256097837,0.14891430540170394,0.0,0.0,0.0,0.0,0.0,0.22021131337317754,0.035930055233432914,0.03252860033909035,0.0,0.03307280470961134,0.0,0.0,0.0,0.0,0.0
2022-02-03,0.059814661551103286,0.06099017234982578,0.059415544432620135,0.05857252519865999,0.07161204892644196,0.07204347642739532,0.06549406644715376,0.0,0.0814004256097837,0.14891430540170394,0.0,0.0,0.0,0.0,0.0,0.22021131337317754,0.035930055233432914,0.03252860033909035,0.0,0.03307280470961134,0.0,0.0,0.0,0.0,0.0
2022-02-04,0.059814661551103286,0.06099017234982578,0.059415544432620135,0.05857252519865999,0.07161204892644196,0.07204347642739532,0.06549406644715376,0.0,0.0814004256097837,0.14891430540170394,0.0,0.0,0.0,0.0,0.0,0.22021131337317754,0.035930055233432914,0.03252860033909035,0.0,0.03307280470961134,0.0,0.0,0.0,0.0,0.0
2022-02-07,0.059814661551103286,0.06099017234982578,0.059415544432620135,0.05857252519865999,0.07161204892644196,0.07204347642739532,0.06549406644715376,0.0,0.0814004256097837,0.14891430540170394,0.0,0.0,0.0,0.0,0.0,0.22021131337317754,0.035930055233432914,0.03252860033909035,0.0,0.03307280470961134,0.0,0.0,0.0,0.0,0.0
2022-02-08,0.059814661551103286,0.06099017234982578,0.059415544432620135,0.05857252519865999,0.07161204892644196,0.07204347642739532,0.06549406644715376,0.0,0.0814004256097837,0.14891430540170394,0.0,0.0,0.0,0.0,0.0,0.22021131337317754,0.035930055233432914,0.03252860033909035,0.0,0.03307280470961134,0.0,0.0,0.0,0.0,0.0
2022-02-09,0.059814661551103286,0.06099017234982578,0.059415544432620135,0.05857252519865999,0.07161204892644196,0.07204347642739532,0.06549406644715376,0.0,0.0814004256097837,0.14891430540170394,0.0,0.0,0.0,0.0,0.0,0.22021131337317754,0.035930055233432914,0.03252860033909035,0.0,0.03307280470961134,0.0,0.0,0.0,0.0,0.0
2022-02-10,0.059814661551103286,0.06099017234982578,0.059415544432620135,0.05857252519865999,0.07161204892644196,0.07204347642739532,0.06549406644715376,0.0,0.0814004256097837,0.14891430540170394,0.0,0.0,0.0,0.0,0.0,0.22021131337317754,0.035930055233432914,0.03252860033909035,0.0,0.03307280470961134,0.0,0.0,0.0,0.0,0.0
2022-02-11,0.059814661551103286,0.06099017234982578,0.059415544432620135,0.05857252519865999,0.07161204892644196,0.07204347642739532,0.06549406644715376,0.0,0.0814004256097837,0.14891430540170394,0.0,0.0,0.0,0.0,0.0,0.22021131337317754,0.035930055233432914,0.03252860033909035,0.0,0.03307280470961134,0.0,0.0,0.0,0.0,0.0
2022-02-14,0.059814661551103286,0.06099017234982578,0.059415544432620135,0.05857252519865999,0.07161204892644196,0.07204347642739532,0.06549406644715376,0.0,0.0814004256097837,0.14891430540170394,0.0,0.0,0.0,0.0,0.0,0.22021131337317754,0.035930055233432914,0.03252860033909035,0.0,0.03307280470961134,0.0,0.0,0.0,0.0,0.0
2022-02-15,0.059814661551103286,0.06099017234982578,0.059415544432620135,0.05857252519865999,0.07161204892644196,0.07204347642739532,0.06549406644715376,0.0,0.0814004256097837,0.14891430540170394,0.0,0.0,0.0,0.0,0.0,0.22021131337317754,0.035930055233432914,0.03252860033909035,0.0,0.03307280470961134,0.0,0.0,0.0,0.0,0.0
2022-02-16,0.059814661551103286,0.06099017234982578,0.059415544432620135,0.05857252519865999,0.07161204892644196,0.07204347642739532,0.06549406644715376,0.0,0.0814004256097837,0.14891430540170394,0.0,0.0,0.0,0.0,0.0,0.22021131337317754,0.035930055233432914,0.03252860033909035,0.0,0.03307280470961134,0.0,0.0,0.0,0.0,0.0
2022-02-17,0.059814661551103286,0.06099017234982578,0.059415544432620135,0.05857252519865999,0.07161204892644196,0.07204347642739532,0.06549406644715376,0.0,0.0814004256097837,0.14891430540170394,0.0,0.0,0.0,0.0,0.0,0.22021131337317754,0.035930055233432914,0.03252860033909035,0.0,0.03307280470961134,0.0,0.0,0.0,0.0,0.0
2022-02-18,0.059814661551103286,0.06099017234982578,0.059415544432620135,0.05857252519865999,0.07161204892644196,0.07204347642739532,0.06549406644715376,0.0,0.0814004256097837,0.14891430540170394,0.0,0.0,0.0,0.0,0.0,0.22021131337317754,0.035930055233432914,0.03252860033909035,0.0,0.03307280470961134,0.0,0.0,0.0,0.0,0.0
2022-02-21,0.059814661551103286,0.06099017234982578,0.059415544432620135,0.05857252519865999,0.07161204892644196,0.07204347642739532,0.06549406644715376,0.0,0.0814004256097837,0.14891430540170394,0.0,0.0,0.0,0.0,0.0,0.22021131337317754,0.035930055233432914,0.03252860033909035,0.0,0.03307280470961134,0.0,0.0,0.0,0.0,0.0
2022-02-22,0.059814661551103286,0.06099017234982578,0.059415544432620135,0.05857252519865999,0.07161204892644196,0.07204347642739532,0.06549406644715376,0.0,0.0814004256097837,0.14891430540170394,0.0,0.0,0.0,0.0,0.0,0.22021131337317754,0.035930055233432914,0.03252860033909035,0.0,0.03307280470961134,0.0,0.0,0.0,0.0,0.0
2022-02-23,0.059814661551103286,0.06099017234982578,0.059415544432620135,0.05857252519865999,0.07161204892644196,0.07204347642739532,0.06549406644715376,0.0,0.0814004256097837,0.14891430540170394,0.0,0.0,0.0,0.0,0.0,0.22021131337317754,0.035930055233432914,0.03252860033909035,0.0,0.03307280470961134,0.0,0.0,0.0,0.0,0.0
2022-02-24,0.059814661551103286,0.06099017234982578,0.059415544432620135,0.05857252519865999,0.07161204892644196,0.07204347642739532,0.06549406644715376,0.0,0.0814004256097837,0.14891430540170394,0.0,0.0,0.0,0.0,0.0,0.22021131337317754,0.035930055233432914,0.03252860033909035,0.0,0.03307280470961134,0.0,0.0,0.0,0.0,0.0
2022-02-25,0.059814661551103286,0.06099017234982578,0.059415544432620135,0.05857252519865999,0.07161204892644196,0.07204347642739532,0.06549406644715376,0.0,0.0814004256097837,0.14891430540170394,0.0,0.0,0.0,0.0,0.0,0.22021131337317754,0.035930055233432914,0.03252860033909035,0.0,0.03307280470961134,0.0,0.0,0.0,0.0,0.0
2022-02-28,0.059814661551103286,0.06099017234982578,0.059415544432620135,0.05857252519865999,0.07161204892644196,0.07204347642739532,0.06549406644715376,0.0,0.0814004256097837,0.14891430540170394,0.0,0.0,0.0,0.0,0.0,0.22021131337317754,0.035930055233432914,0.03252860033909035,0.0,0.03307280470961134,0.0,0.0,0.0,0.0,0.0
2022-03-01,0.059814661551103286,0.06099017234982578,0.059415544432620135,0.05857252519865999,0.07161204892644196,0.07204347642739532,0.06549406644715376,0.0,0.0814004256097837,0.14891430540170394,0.0,0.0,0.0,0.0,0.0,0.22021131337317754,0.035930055233432914,0.03252860033909035,0.0,0.03307280470961134,0.0,0.0,0.0,0.0,0.0
2022-03-02,0.059814661551103286,0.06099017234982578,0.059415544432620135,0.05857252519865999,0.07161204892644196,0.07204347642739532,0.06549406644715376,0.0,0.0814004256097837,0.14891430540170394,0.0,0.0,0.0,0.0,0.0,0.22021131337317754,0.035930055233432914,0.03252860033909035,0.0,0.03307280470961134,0.0,0.0,0.0,0.0,0.0
2022-03-03,0.059814661551103286,0.06099017234982578,0.059415544432620135,0.05857252519865999,0.07161204892644196,0.07204347642739532,0.06549406644715376,0.0,0.0814004256097837,0.14891430540170394,0.0,0.0,0.0,0.0,0.0,0.22021131337317754,0.035930055233432914,0.03252860033909035,0.0,0.03307280470961134,0.0,0.0,0.0,0.0,0.0
2022-03-04,0.059814661551103286,0.06099017234982578,0.059415544432620135,0.05857252519865999,0.07161204892644196,0.07204347642739532,0.06549406644715376,0.0,0.0814004256097837,0.14891430540170394,0.0,0.0,0.0,0.0,0.0,0.22021131337317754,0.035930055233432914,0.03252860033909035,0.0,0.03307280470961134,0.0,0.0,0.0,0.0,0.0
2022-03-07,0.059814661551103286,0.06099017234982578,0.059415544432620135,0.05857252519865999,0.07161204892644196,0.07204347642739532,0.06549406644715376,0.0,0.0814004256097837,0.14891430540170394,0.0,0.0,0.0,0.0,0.0,0.22021131337317754,0.035930055233432914,0.03252860033909035,0.0,0.03307280470961134,0.0,0.0,0.0,0.0,0.0
2022-03-08,0.059814661551103286,0.06099017234982578,0.059415544432620135,0.05857252519865999,0.07161204892644196,0.07204347642739532,0.06549406644715376,0.0,0.0814004256097837,0.14891430540170394,0.0,0.0,0.0,0.0,0.0,0.22021131337317754,0.035930055233432914,0.03252860033909035,0.0,0.03307280470961134,0.0,0.0,0.0,0.0,0.0
2022-03-09,0.059814661551103286,0.06099017234982578,0.059415544432620135,0.05857252519865999,0.07161204892644196,0.07204347642739532,0.06549406644715376,0.0,0.0814004256097837,0.14891430540170394,0.0,0.0,0.0,0.0,0.0,0.22021131337317754,0.035930055233432914,0.03252860033909035,0.0,0.03307280470961134,0.0,0.0,0.0,0.0,0.0
2022-03-10,0.059814661551103286,0.06099017234982578,0.059415544432620135,0.05857252519865999,0.07161204892644196,0.07204347642739532,0.06549406644715376,0.0,0.0814004256097837,0.14891430540170394,0.0,0.0,0.0,0.0,0.0,0.22021131337317754,0.035930055233432914,0.03252860033909035,0.0,0.03307280470961134,0.0,0.0,0.0,0.0,0.0
2022-03-11,0.059814661551103286,0.06099017234982578,0.059415544432620135,0.05857252519865999,0.07161204892644196,0.07204347642739532,0.06549406644715376,0.0,0.0814004256097837,0.14891430540170394,0.0,0.0,0.0,0.0,0.0,0.22021131337317754,0.035930055233432914,0.03252860033909035,0.0,0.03307280470961134,0.0,0.0,0.0,0.0,0.0
2022-03-14,0.059814661551103286,0.06099017234982578,0.059415544432620135,0.05857252519865999,0.07161204892644196,0.07204347642739532,0.06549406644715376,0.0,0.0814004256097837,0.14891430540170394,0.0,0.0,0.0,0.0,0.0,0.22021131337317754,0.035930055233432914,0.03252860033909035,0.0,0.03307280470961134,0.0,0.0,0.0,0.0,0.0
2022-03-15,0.059814661551103286,0.06099017234982578,0.059415544432620135,0.05857252519865999,0.07161204892644196,0.07204347642739532,0.06549406644715376,0.0,0.0814004256097837,0.14891430540170394,0.0,0.0,0.0,0.0,0.0,0.22021131337317754,0.035930055233432914,0.03252860033909035,0.0,0.03307280470961134,0.0,0.0,0.0,0.0,0.0
2022-03-16,0.059814661551103286,0.06099017234982578,0.059415544432620135,0.05857252519865999,0.07161204892644196,0.07204347642739532,0.06549406644715376,0.0,0.0814004256097837,0.14891430540170394,0.0,0.0,0.0,0.0,0.0,0.22021131337317754,0.035930055233432914,0.03252860033909035,0.0,0.03307280470961134,0.0,0.0,0.0,0.0,0.0
2022-03-17,0.059814661551103286,0.06099017234982578,0.059415544432620135,0.05857252519865999,0.07161204892644196,0.07204347642739532,0.06549406644715376,0.0,0.0814004256097837,0.14891430540170394,0.0,0.0,0.0,0.0,0.0,0.22021131337317754,0.035930055233432914,0.03252860033909035,0.0,0.03307280470961134,0.0,0.0,0.0,0.0,0.0
2022-03-18,0.059814661551103286,0.06099017234982578,0.059415544432620135,0.05857252519865999,0.07161204892644196,0.07204347642739532,0.06549406644715376,0.0,0.0814004256097837,0.14891430540170394,0.0,0.0,0.0,0.0,0.0,0.22021131337317754,0.035930055233432914,0.03252860033909035,0.0,0.03307280470961134,0.0,0.0,0.0,0.0,0.0
2022-03-21,0.059814661551103286,0.06099017234982578,0.059415544432620135,0.05857252519865999,0.07161204892644196,0.07204347642739532,0.06549406644715376,0.0,0.0814004256097837,0.14891430540170394,0.0,0.0,0.0,0.0,0.0,0.22021131337317754,0.035930055233432914,0.03252860033909035,0.0,0.03307280470961134,0.0,0.0,0.0,0.0,0.0
2022-03-22,0.059814661551103286,0.06099017234982578,0.059415544432620135,0.05857252519865999,0.07161204892644196,0.07204347642739532,0.06549406644715376,0.0,0.0814004256097837,0.14891430540170394,0.0,0.0,0.0,0.0,0.0,0.22021131337317754,0.035930055233432914,0.03252860033909035,0.0,0.03307280470961134,0.0,0.0,0.0,0.0,0.0
2022-03-23,0.059814661551103286,0.06099017234982578,0.059415544432620135,0.05857252519865999,0.07161204892644196,0.07204347642739532,0.06549406644715376,0.0,0.0814004256097837,0.14891430540170394,0.0,0.0,0.0,0.0,0.0,0.22021131337317754,0.035930055233432914,0.03252860033909035,0.0,0.03307280470961134,0.0,0.0,0.0,0.0,0.0
2022-03-24,0.059814661551103286,0.06099017234982578,0.059415544432620135,0.05857252519865999,0.07161204892644196,0.07204347642739532,0.06549406644715376,0.0,0.0814004256097837,0.14891430540170394,0.0,0.0,0.0,0.0,0.0,0.22021131337317754,0.035930055233432914,0.03252860033909035,0.0,0.03307280470961134,0.0,0.0,0.0,0.0,0.0
2022-03-25,0.059814661551103286,0.06099017234982578,0.059415544432620135,0.05857252519865999,0.07161204892644196,0.07204347642739532,0.06549406644715376,0.0,0.0814004256097837,0.14891430540170394,0.0,0.0,0.0,0.0,0.0,0.22021131337317754,0.035930055233432914,0.03252860033909035,0.0,0.03307280470961134,0.0,0.0,0.0,0.0,0.0
2022-03-28,0.059814661551103286,0.06099017234982578,0.059415544432620135,0.05857252519865999,0.07161204892644196,0.07204347642739532,0.06549406644715376,0.0,0.0814004256097837,0.14891430540170394,0.0,0.0,0.0,0.0,0.0,0.22021131337317754,0.035930055233432914,0.03252860033909035,0.0,0.03307280470961134,0.0,0.0,0.0,0.0,0.0
2022-03-29,0.059814661551103286,0.06099017234982578,0.059415544432620135,0.05857252519865999,0.07161204892644196,0.07204347642739532,0.06549406644715376,0.0,0.0814004256097837,0.14891430540170394,0.0,0.0,0.0,0.0,0.0,0.22021131337317754,0.035930055233432914,0.03252860033909035,0.0,0.03307280470961134,0.0,0.0,0.0,0.0,0.0
2022-03-30,0.059814661551103286,0.06099017234982578,0.059415544432620135,0.05857252519865999,0.07161204892644196,0.07204347642739532,0.06549406644715376,0.0,0.0814004256097837,0.14891430540170394,0.0,0.0,0.0,0.0,0.0,0.22021131337317754,0.035930055233432914,0.03252860033909035,0.0,0.03307280470961134,0.0,0.0,0.0,0.0,0.0
2022-03-31,0.059814661551103286,0.06099017234982578,0.059415544432620135,0.05857252519865999,0.07161204892644196,0.07204347642739532,0.06549406644715376,0.0,0.0814004256097837,0.14891430540170394,0.0,0.0,0.0,0.0,0.0,0.22021131337317754,0.035930055233432914,0.03252860033909035,0.0,0.03307280470961134,0.0,0.0,0.0,0.0,0.0
2022-04-01,0.0,0.0675768191910914,0.0723516948966647,0.07220643819555207,0.08735598662815607,0.0,0.0,0.19370385280908886,0.10281679550385651,0.1351096540387851,0.0650651050889969,0.050272010144775524,0.0,0.0,0.0,0.06104508142865619,0.019329003566831565,0.03659197410146603,0.0,0.03657558440607893,0.0,0.0,0.0,0.0,0.0
2022-04-04,0.0,0.0675768191910914,0.0723516948966647,0.07220643819555207,0.08735598662815607,0.0,0.0,0.19370385280908886,0.10281679550385651,0.1351096540387851,0.0650651050889969,0.050272010144775524,0.0,0.0,0.0,0.06104508142865619,0.019329003566831565,0.03659197410146603,0.0,0.03657558440607893,0.0,0.0,0.0,0.0,0.0
2022-04-05,0.0,0.0675768191910914,0.0723516948966647,0.07220643819555207,0.08735598662815607,0.0,0.0,0.19370385280908886,0.10281679550385651,0.1351096540387851,0.0650651050889969,0.050272010144775524,0.0,0.0,0.0,0.06104508142865619,0.019329003566831565,0.03659197410146603,0.0,0.03657558440607893,0.0,0.0,0.0,0.0,0.0
2022-04-06,0.0,0.0675768191910914,0.0723516948966647,0.07220643819555207,0.08735598662815607,0.0,0.0,0.19370385280908886,0.10281679550385651,0.1351096540387851,0.0650651050889969,0.050272010144775524,0.0,0.0,0.0,0.06104508142865619,0.019329003566831565,0.03659197410146603,0.0,0.03657558440607893,0.0,0.0,0.0,0.0,0.0
2022-04-07,0.0,0.0675768191910914,0.0723516948966647,0.07220643819555207,0.08735598662815607,0.0,0.0,0.19370385280908886,0.10281679550385651,0.1351096540387851,0.0650651050889969,0.050272010144775524,0.0,0.0,0.0,0.06104508142865619,0.019329003566831565,0.03659197410146603,0.0,0.03657558440607893,0.0,0.0,0.0,0.0,0.0
2022-04-08,0.0,0.0675768191910914,0.0723516948966647,0.07220643819555207,0.08735598662815607,0.0,0.0,0.19370385280908886,0.10281679550385651,0.1351096540387851,0.0650651050889969,0.050272010144775524,0.0,0.0,0.0,0.06104508142865619,0.019329003566831565,0.03659197410146603,0.0,0.03657558440607893,0.0,0.0,0.0,0.0,0.0
2022-04-11,0.0,0.0675768191910914,0.0723516948966647,0.07220643819555207,0.08735598662815607,0.0,0.0,0.19370385280908886,0.10281679550385651,0.1351096540387851,0.0650651050889969,0.050272010144775524,0.0,0.0,0.0,0.06104508142865619,0.019329003566831565,0.03659197410146603,0.0,0.03657558440607893,0.0,0.0,0.0,0.0,0.0
2022-04-12,0.0,0.0675768191910914,0.0723516948966647,0.07220643819555207,0.08735598662815607,0.0,0.0,0.19370385280908886,0.10281679550385651,0.1351096540387851,0.0650651050889969,0.050272010144775524,0.0,0.0,0.0,0.06104508142865619,0.019329003566831565,0.03659197410146603,0.0,0.03657558440607893,0.0,0.0,0.0,0.0,0.0
2022-04-13,0.0,0.0675768191910914,0.0723516948966647,0.07220643819555207,0.08735598662815607,0.0,0.0,0.19370385280908886,0.10281679550385651,0.1351096540387851,0.0650651050889969,0.050272010144775524,0.0,0.0,0.0,0.06104508142865619,0.019329003566831565,0.03659197410146603,0.0,0.03657558440607893,0.0,0.0,0.0,0.0,0.0
2022-04-14,0.0,0.0675768191910914,0.0723516948966647,0.07220643819555207,0.08735598662815607,0.0,0.0,0.19370385280908886,0.10281679550385651,0.1351096540387851,0.0650651050889969,0.050272010144775524,0.0,0.0,0.0,0.06104508142865619,0.019329003566831565,0.03659197410146603,0.0,0.03657558440607893,0.0,0.0,0.0,0.0,0.0
2022-04-15,0.0,0.0675768191910914,0.0723516948966647,0.07220643819555207,0.08735598662815607,0.0,0.0,0.19370385280908886,0.10281679550385651,0.1351096540387851,0.0650651050889969,0.050272010144775524,0.0,0.0,0.0,0.06104508142865619,0.019329003566831565,0.03659197410146603,0.0,0.03657558440607893,0.0,0.0,0.0,0.0,0.0
2022-04-18,0.0,0.0675768191910914,0.0723516948966647,0.07220643819555207,0.08735598662815607,0.0,0.0,0.19370385280908886,0.10281679550385651,0.1351096540387851,0.0650651050889969,0.050272010144775524,0.0,0.0,0.0,0.06104508142865619,0.019329003566831565,0.03659197410146603,0.0,0.03657558440607893,0.0,0.0,0.0,0.0,0.0
2022-04-19,0.0,0.0675768191910914,0.0723516948966647,0.07220643819555207,0.08735598662815607,0.0,0.0,0.19370385280908886,0.10281679550385651,0.1351096540387851,0.0650651050889969,0.050272010144775524,0.0,0.0,0.0,0.06104508142865619,0.019329003566831565,0.03659197410146603,0.0,0.03657558440607893,0.0,0.0,0.0,0.0,0.0
2022-04-20,0.0,0.0675768191910914,0.0723516948966647,0.07220643819555207,0.08735598662815607,0.0,0.0,0.19370385280908886,0.10281679550385651,0.1351096540387851,0.0650651050889969,0.050272010144775524,0.0,0.0,0.0,0.06104508142865619,0.019329003566831565,0.03659197410146603,0.0,0.03657558440607893,0.0,0.0,0.0,0.0,0.0
2022-04-21,0.0,0.0675768191910914,0.0723516948966647,0.07220643819555207,0.08735598662815607,0.0,0.0,0.19370385280908886,0.10281679550385651,0.1351096540387851,0.0650651050889969,0.050272010144775524,0.0,0.0,0.0,0.06104508142865619,0.019329003566831565,0.03659197410146603,0.0,0.03657558440607893,0.0,0.0,0.0,0.0,0.0
2022-04-22,0.0,0.0675768191910914,0.0723516948966647,0.07220643819555207,0.08735598662815607,0.0,0.0,0.19370385280908886,0.10281679550385651,0.1351096540387851,0.0650651050889969,0.050272010144775524,0.0,0.0,0.0,0.06104508142865619,0.019329003566831565,0.03659197410146603,0.0,0.03657558440607893,0.0,0.0,0.0,0.0,0.0
2022-04-25,0.0,0.0675768191910914,0.0723516948966647,0.07220643819555207,0.08735598662815607,0.0,0.0,0.19370385280908886,0.10281679550385651,0.1351096540387851,0.0650651050889969,0.050272010144775524,0.0,0.0,0.0,0.06104508142865619,0.019329003566831565,0.03659197410146603,0.0,0.03657558440607893,0.0,0.0,0.0,0.0,0.0
2022-04-26,0.0,0.0675768191910914,0.0723516948966647,0.07220643819555207,0.08735598662815607,0.0,0.0,0.19370385280908886,0.10281679550385651,0.1351096540387851,0.0650651050889969,0.050272010144775524,0.0,0.0,0.0,0.06104508142865619,0.019329003566831565,0.03659197410146603,0.0,0.03657558440607893,0.0,0.0,0.0,0.0,0.0
2022-04-27,0.0,0.0675768191910914,0.0723516948966647,0.07220643819555207,0.08735598662815607,0.0,0.0,0.19370385280908886,0.10281679550385651,0.1351096540387851,0.0650651050889969,0.050272010144775524,0.0,0.0,0.0,0.06104508142865619,0.019329003566831565,0.03659197410146603,0.0,0.03657558440607893,0.0,0.0,0.0,0.0,0.0
2022-04-28,0.0,0.0675768191910914,0.0723516948966647,0.07220643819555207,0.08735598662815607,0.0,0.0,0.19370385280908886,0.10281679550385651,0.1351096540387851,0.0650651050889969,0.050272010144775524,0.0,0.0,0.0,0.06104508142865619,0.019329003566831565,0.03659197410146603,0.0,0.03657558440607893,0.0,0.0,0.0,0.0,0.0
2022-04-29,0.0,0.0675768191910914,0.0723516948966647,0.07220643819555207,0.08735598662815607,0.0,0.0,0.19370385280908886,0.10281679550385651,0.1351096540387851,0.0650651050889969,0.050272010144775524,0.0,0.0,0.0,0.06104508142865619,0.019329003566831565,0.03659197410146603,0.0,0.03657558440607893,0.0,0.0,0.0,0.0,0.0
2022-05-02,0.0,0.0675768191910914,0.0723516948966647,0.07220643819555207,0.08735598662815607,0.0,0.0,0.19370385280908886,0.10281679550385651,0.1351096540387851,0.0650651050889969,0.050272010144775524,0.0,0.0,0.0,0.06104508142865619,0.019329003566831565,0.03659197410146603,0.0,0.03657558440607893,0.0,0.0,0.0,0.0,0.0
2022-05-03,0.0,0.0675768191910914,0.0723516948966647,0.07220643819555207,0.08735598662815607,0.0,0.0,0.19370385280908886,0.10281679550385651,0.1351096540387851,0.0650651050889969,0.050272010144775524,0.0,0.0,0.0,0.06104508142865619,0.019329003566831565,0.03659197410146603,0.0,0.03657558440607893,0.0,0.0,0.0,0.0,0.0
2022-05-04,0.0,0.0675768191910914,0.0723516948966647,0.07220643819555207,0.08735598662815607,0.0,0.0,0.19370385280908886,0.10281679550385651,0.1351096540387851,0.0650651050889969,0.050272010144775524,0.0,0.0,0.0,0.06104508142865619,0.019329003566831565,0.03659197410146603,0.0,0.03657558440607893,0.0,0.0,0.0,0.0,0.0
2022-05-05,0.0,0.0675768191910914,0.0723516948966647,0.07220643819555207,0.08735598662815607,0.0,0.0,0.19370385280908886,0.10281679550385651,0.1351096540387851,0.0650651050889969,0.050272010144775524,0.0,0.0,0.0,0.06104508142865619,0.019329003566831565,0.03659197410146603,0.0,0.03657558440607893,0.0,0.0,0.0,0.0,0.0
2022-05-06,0.0,0.0675768191910914,0.0723516948966647,0.07220643819555207,0.08735598662815607,0.0,0.0,0.19370385280908886,0.10281679550385651,0.1351096540387851,0.0650651050889969,0.050272010144775524,0.0,0.0,0.0,0.06104508142865619,0.019329003566831565,0.03659197410146603,0.0,0.03657558440607893,0.0,0.0,0.0,0.0,0.0
2022-05-09,0.0,0.0675768191910914,0.0723516948966647,0.07220643819555207,0.08735598662815607,0.0,0.0,0.19370385280908886,0.10281679550385651,0.1351096540387851,0.0650651050889969,0.050272010144775524,0.0,0.0,0.0,0.06104508142865619,0.019329003566831565,0.03659197410146603,0.0,0.03657558440607893,0.0,0.0,0.0,0.0,0.0
2022-05-10,0.0,0.0675768191910914,0.0723516948966647,0.07220643819555207,0.08735598662815607,0.0,0.0,0.19370385280908886,0.10281679550385651,0.1351096540387851,0.0650651050889969,0.050272010144775524,0.0,0.0,0.0,0.06104508142865619,0.019329003566831565,0.03659197410146603,0.0,0.03657558440607893,0.0,0.0,0.0,0.0,0.0
2022-05-11,0.0,0.0675768191910914,0.0723516948966647,0.07220643819555207,0.08735598662815607,0.0,0.0,0.19370385280908886,0.10281679550385651,0.1351096540387851,0.0650651050889969,0.050272010144775524,0.0,0.0,0.0,0.06104508142865619,0.019329003566831565,0.03659197410146603,0.0,0.03657558440607893,0.0,0.0,0.0,0.0,0.0
2022-05-12,0.0,0.0675768191910914,0.0723516948966647,0.07220643819555207,0.08735598662815607,0.0,0.0,0.19370385280908886,0.10281679550385651,0.1351096540387851,0.0650651050889969,0.050272010144775524,0.0,0.0,0.0,0.06104508142865619,0.019329003566831565,0.03659197410146603,0.0,0.03657558440607893,0.0,0.0,0.0,0.0,0.0
2022-05-13,0.0,0.0675768191910914,0.0723516948966647,0.07220643819555207,0.08735598662815607,0.0,0.0,0.19370385280908886,0.10281679550385651,0.1351096540387851,0.0650651050889969,0.050272010144775524,0.0,0.0,0.0,0.06104508142865619,0.019329003566831565,0.03659197410146603,0.0,0.03657558440607893,0.0,0.0,0.0,0.0,0.0
2022-05-16,0.0,0.0675768191910914,0.0723516948966647,0.07220643819555207,0.08735598662815607,0.0,0.0,0.19370385280908886,0.10281679550385651,0.1351096540387851,0.0650651050889969,0.050272010144775524,0.0,0.0,0.0,0.06104508142865619,0.019329003566831565,0.03659197410146603,0.0,0.03657558440607893,0.0,0.0,0.0,0.0,0.0
2022-05-17,0.0,0.0675768191910914,0.0723516948966647,0.07220643819555207,0.08735598662815607,0.0,0.0,0.19370385280908886,0.10281679550385651,0.1351096540387851,0.0650651050889969,0.050272010144775524,0.0,0.0,0.0,0.06104508142865619,0.019329003566831565,0.03659197410146603,0.0,0.03657558440607893,0.0,0.0,0.0,0.0,0.0
2022-05-18,0.0,0.0675768191910914,0.0723516948966647,0.07220643819555207,0.08735598662815607,0.0,0.0,0.19370385280908886,0.10281679550385651,0.1351096540387851,0.0650651050889969,0.050272010144775524,0.0,0.0,0.0,0.06104508142865619,0.019329003566831565,0.03659197410146603,0.0,0.03657558440607893,0.0,0.0,0.0,0.0,0.0
2022-05-19,0.0,0.0675768191910914,0.0723516948966647,0.07220643819555207,0.08735598662815607,0.0,0.0,0.19370385280908886,0.10281679550385651,0.1351096540387851,0.0650651050889969,0.050272010144775524,0.0,0.0,0.0,0.06104508142865619,0.019329003566831565,0.03659197410146603,0.0,0.03657558440607893,0.0,0.0,0.0,0.0,0.0
2022-05-20,0.0,0.0675768191910914,0.0723516948966647,0.07220643819555207,0.08735598662815607,0.0,0.0,0.19370385280908886,0.10281679550385651,0.1351096540387851,0.0650651050889969,0.050272010144775524,0.0,0.0,0.0,0.06104508142865619,0.019329003566831565,0.03659197410146603,0.0,0.03657558440607893,0.0,0.0,0.0,0.0,0.0
2022-05-23,0.0,0.0675768191910914,0.0723516948966647,0.07220643819555207,0.08735598662815607,0.0,0.0,0.19370385280908886,0.10281679550385651,0.1351096540387851,0.0650651050889969,0.050272010144775524,0.0,0.0,0.0,0.06104508142865619,0.019329003566831565,0.03659197410146603,0.0,0.03657558440607893,0.0,0.0,0.0,0.0,0.0
2022-05-24,0.0,0.0675768191910914,0.0723516948966647,0.07220643819555207,0.08735598662815607,0.0,0.0,0.19370385280908886,0.10281679550385651,0.1351096540387851,0.0650651050889969,0.050272010144775524,0.0,0.0,0.0,0.06104508142865619,0.019329003566831565,0.03659197410146603,0.0,0.03657558440607893,0.0,0.0,0.0,0.0,0.0
2022-05-25,0.0,0.0675768191910914,0.0723516948966647,0.07220643819555207,0.08735598662815607,0.0,0.0,0.19370385280908886,0.10281679550385651,0.1351096540387851,0.0650651050889969,0.050272010144775524,0.0,0.0,0.0,0.06104508142865619,0.019329003566831565,0.03659197410146603,0.0,0.03657558440607893,0.0,0.0,0.0,0.0,0.0
2022-05-26,0.0,0.0675768191910914,0.0723516948966647,0.07220643819555207,0.08735598662815607,0.0,0.0,0.19370385280908886,0.10281679550385651,0.1351096540387851,0.0650651050889969,0.050272010144775524,0.0,0.0,0.0,0.06104508142865619,0.019329003566831565,0.03659197410146603,0.0,0.03657558440607893,0.0,0.0,0.0,0.0,0.0
2022-05-27,0.0,0.0675768191910914,0.0723516948966647,0.07220643819555207,0.08735598662815607,0.0,0.0,0.19370385280908886,0.10281679550385651,0.1351096540387851,0.0650651050889969,0.050272010144775524,0.0,0.0,0.0,0.06104508142865619,0.019329003566831565,0.03659197410146603,0.0,0.03657558440607893,0.0,0.0,0.0,0.0,0.0
2022-05-30,0.0,0.0675768191910914,0.0723516948966647,0.07220643819555207,0.08735598662815607,0.0,0.0,0.19370385280908886,0.10281679550385651,0.1351096540387851,0.0650651050889969,0.050272010144775524,0.0,0.0,0.0,0.06104508142865619,0.019329003566831565,0.03659197410146603,0.0,0.03657558440607893,0.0,0.0,0.0,0.0,0.0
2022-05-31,0.0,0.0675768191910914,0.0723516948966647,0.07220643819555207,0.08735598662815607,0.0,0.0,0.19370385280908886,0.10281679550385651,0.1351096540387851,0.0650651050889969,0.050272010144775524,0.0,0.0,0.0,0.06104508142865619,0.019329003566831565,0.03659197410146603,0.0,0.03657558440607893,0.0,0.0,0.0,0.0,0.0
2022-06-01,0.042340538633707896,0.042715791145532325,0.04654243886614216,0.05371506170585853,0.04941873888450805,0.03728083272403885,0.0,0.09813759470484695,0.06904008528252556,0.11204708880593475,0.0,0.0,0.0,0.0,0.0,0.10619515099385739,0.04246416233241218,0.0,0.04690384388796301,0.0,0.0,0.0,0.2531986720326724,0.0,0.0
2022-06-02,0.042340538633707896,0.042715791145532325,0.04654243886614216,0.05371506170585853,0.04941873888450805,0.03728083272403885,0.0,0.09813759470484695,0.06904008528252556,0.11204708880593475,0.0,0.0,0.0,0.0,0.0,0.10619515099385739,0.04246416233241218,0.0,0.04690384388796301,0.0,0.0,0.0,0.2531986720326724,0.0,0.0
2022-06-03,0.042340538633707896,0.042715791145532325,0.04654243886614216,0.05371506170585853,0.04941873888450805,0.03728083272403885,0.0,0.09813759470484695,0.06904008528252556,0.11204708880593475,0.0,0.0,0.0,0.0,0.0,0.10619515099385739,0.04246416233241218,0.0,0.04690384388796301,0.0,0.0,0.0,0.2531986720326724,0.0,0.0
2022-06-06,0.042340538633707896,0.042715791145532325,0.04654243886614216,0.05371506170585853,0.04941873888450805,0.03728083272403885,0.0,0.09813759470484695,0.06904008528252556,0.11204708880593475,0.0,0.0,0.0,0.0,0.0,0.10619515099385739,0.04246416233241218,0.0,0.04690384388796301,0.0,0.0,0.0,0.2531986720326724,0.0,0.0
2022-06-07,0.042340538633707896,0.042715791145532325,0.04654243886614216,0.05371506170585853,0.04941873888450805,0.03728083272403885,0.0,0.09813759470484695,0.06904008528252556,0.11204708880593475,0.0,0.0,0.0,0.0,0.0,0.10619515099385739,0.04246416233241218,0.0,0.04690384388796301,0.0,0.0,0.0,0.2531986720326724,0.0,0.0
2022-06-08,0.042340538633707896,0.042715791145532325,0.04654243886614216,0.05371506170585853,0.04941873888450805,0.03728083272403885,0.0,0.09813759470484695,0.06904008528252556,0.11204708880593475,0.0,0.0,0.0,0.0,0.0,0.10619515099385739,0.04246416233241218,0.0,0.04690384388796301,0.0,0.0,0.0,0.2531986720326724,0.0,0.0
2022-06-09,0.042340538633707896,0.042715791145532325,0.04654243886614216,0.05371506170585853,0.04941873888450805,0.03728083272403885,0.0,0.09813759470484695,0.06904008528252556,0.11204708880593475,0.0,0.0,0.0,0.0,0.0,0.10619515099385739,0.04246416233241218,0.0,0.04690384388796301,0.0,0.0,0.0,0.2531986720326724,0.0,0.0
2022-06-10,0.042340538633707896,0.042715791145532325,0.04654243886614216,0.05371506170585853,0.04941873888450805,0.03728083272403885,0.0,0.09813759470484695,0.06904008528252556,0.11204708880593475,0.0,0.0,0.0,0.0,0.0,0.10619515099385739,0.04246416233241218,0.0,0.04690384388796301,0.0,0.0,0.0,0.2531986720326724,0.0,0.0
2022-06-13,0.042340538633707896,0.042715791145532325,0.04654243886614216,0.05371506170585853,0.04941873888450805,0.03728083272403885,0.0,0.09813759470484695,0.06904008528252556,0.11204708880593475,0.0,0.0,0.0,0.0,0.0,0.10619515099385739,0.04246416233241218,0.0,0.04690384388796301,0.0,0.0,0.0,0.2531986720326724,0.0,0.0
2022-06-14,0.042340538633707896,0.042715791145532325,0.04654243886614216,0.05371506170585853,0.04941873888450805,0.03728083272403885,0.0,0.09813759470484695,0.06904008528252556,0.11204708880593475,0.0,0.0,0.0,0.0,0.0,0.10619515099385739,0.04246416233241218,0.0,0.04690384388796301,0.0,0.0,0.0,0.2531986720326724,0.0,0.0
2022-06-15,0.042340538633707896,0.042715791145532325,0.04654243886614216,0.05371506170585853,0.04941873888450805,0.03728083272403885,0.0,0.09813759470484695,0.06904008528252556,0.11204708880593475,0.0,0.0,0.0,0.0,0.0,0.10619515099385739,0.04246416233241218,0.0,0.04690384388796301,0.0,0.0,0.0,0.2531986720326724,0.0,0.0
2022-06-16,0.042340538633707896,0.042715791145532325,0.04654243886614216,0.05371506170585853,0.04941873888450805,0.03728083272403885,0.0,0.09813759470484695,0.06904008528252556,0.11204708880593475,0.0,0.0,0.0,0.0,0.0,0.10619515099385739,0.04246416233241218,0.0,0.04690384388796301,0.0,0.0,0.0,0.2531986720326724,0.0,0.0
2022-06-17,0.042340538633707896,0.042715791145532325,0.04654243886614216,0.05371506170585853,0.04941873888450805,0.03728083272403885,0.0,0.09813759470484695,0.06904008528252556,0.11204708880593475,0.0,0.0,0.0,0.0,0.0,0.10619515099385739,0.04246416233241218,0.0,0.04690384388796301,0.0,0.0,0.0,0.2531986720326724,0.0,0.0
2022-06-20,0.042340538633707896,0.042715791145532325,0.04654243886614216,0.05371506170585853,0.04941873888450805,0.03728083272403885,0.0,0.09813759470484695,0.06904008528252556,0.11204708880593475,0.0,0.0,0.0,0.0,0.0,0.10619515099385739,0.04246416233241218,0.0,0.04690384388796301,0.0,0.0,0.0,0.2531986720326724,0.0,0.0
2022-06-21,0.042340538633707896,0.042715791145532325,0.04654243886614216,0.05371506170585853,0.04941873888450805,0.03728083272403885,0.0,0.09813759470484695,0.06904008528252556,0.11204708880593475,0.0,0.0,0.0,0.0,0.0,0.10619515099385739,0.04246416233241218,0.0,0.04690384388796301,0.0,0.0,0.0,0.2531986720326724,0.0,0.0
2022-06-22,0.042340538633707896,0.042715791145532325,0.04654243886614216,0.05371506170585853,0.04941873888450805,0.03728083272403885,0.0,0.09813759470484695,0.06904008528252556,0.11204708880593475,0.0,0.0,0.0,0.0,0.0,0.10619515099385739,0.04246416233241218,0.0,0.04690384388796301,0.0,0.0,0.0,0.2531986720326724,0.0,0.0
2022-06-23,0.042340538633707896,0.042715791145532325,0.04654243886614216,0.05371506170585853,0.04941873888450805,0.03728083272403885,0.0,0.09813759470484695,0.06904008528252556,0.11204708880593475,0.0,0.0,0.0,0.0,0.0,0.10619515099385739,0.04246416233241218,0.0,0.04690384388796301,0.0,0.0,0.0,0.2531986720326724,0.0,0.0
2022-06-24,0.042340538633707896,0.042715791145532325,0.04654243886614216,0.05371506170585853,0.04941873888450805,0.03728083272403885,0.0,0.09813759470484695,0.06904008528252556,0.11204708880593475,0.0,0.0,0.0,0.0,0.0,0.10619515099385739,0.04246416233241218,0.0,0.04690384388796301,0.0,0.0,0.0,0.2531986720326724,0.0,0.0
2022-06-27,0.042340538633707896,0.042715791145532325,0.04654243886614216,0.05371506170585853,0.04941873888450805,0.03728083272403885,0.0,0.09813759470484695,0.06904008528252556,0.11204708880593475,0.0,0.0,0.0,0.0,0.0,0.10619515099385739,0.04246416233241218,0.0,0.04690384388796301,0.0,0.0,0.0,0.2531986720326724,0.0,0.0
2022-06-28,0.042340538633707896,0.042715791145532325,0.04654243886614216,0.05371506170585853,0.04941873888450805,0.03728083272403885,0.0,0.09813759470484695,0.06904008528252556,0.11204708880593475,0.0,0.0,0.0,0.0,0.0,0.10619515099385739,0.04246416233241218,0.0,0.04690384388796301,0.0,0.0,0.0,0.2531986720326724,0.0,0.0
2022-06-29,0.042340538633707896,0.042715791145532325,0.04654243886614216,0.05371506170585853,0.04941873888450805,0.03728083272403885,0.0,0.09813759470484695,0.06904008528252556,0.11204708880593475,0.0,0.0,0.0,0.0,0.0,0.10619515099385739,0.04246416233241218,0.0,0.04690384388796301,0.0,0.0,0.0,0.2531986720326724,0.0,0.0
2022-06-30,0.042340538633707896,0.042715791145532325,0.04654243886614216,0.05371506170585853,0.04941873888450805,0.03728083272403885,0.0,0.09813759470484695,0.06904008528252556,0.11204708880593475,0.0,0.0,0.0,0.0,0.0,0.10619515099385739,0.04246416233241218,0.0,0.04690384388796301,0.0,0.0,0.0,0.2531986720326724,0.0,0.0
2022-07-01,0.042340538633707896,0.042715791145532325,0.04654243886614216,0.05371506170585853,0.04941873888450805,0.03728083272403885,0.0,0.09813759470484695,0.06904008528252556,0.11204708880593475,0.0,0.0,0.0,0.0,0.0,0.10619515099385739,0.04246416233241218,0.0,0.04690384388796301,0.0,0.0,0.0,0.2531986720326724,0.0,0.0
2022-07-04,0.042340538633707896,0.042715791145532325,0.04654243886614216,0.05371506170585853,0.04941873888450805,0.03728083272403885,0.0,0.09813759470484695,0.06904008528252556,0.11204708880593475,0.0,0.0,0.0,0.0,0.0,0.10619515099385739,0.04246416233241218,0.0,0.04690384388796301,0.0,0.0,0.0,0.2531986720326724,0.0,0.0
2022-07-05,0.042340538633707896,0.042715791145532325,0.04654243886614216,0.05371506170585853,0.04941873888450805,0.03728083272403885,0.0,0.09813759470484695,0.06904008528252556,0.11204708880593475,0.0,0.0,0.0,0.0,0.0,0.10619515099385739,0.04246416233241218,0.0,0.04690384388796301,0.0,0.0,0.0,0.2531986720326724,0.0,0.0
2022-07-06,0.042340538633707896,0.042715791145532325,0.04654243886614216,0.05371506170585853,0.04941873888450805,0.03728083272403885,0.0,0.09813759470484695,0.06904008528252556,0.11204708880593475,0.0,0.0,0.0,0.0,0.0,0.10619515099385739,0.04246416233241218,0.0,0.04690384388796301,0.0,0.0,0.0,0.2531986720326724,0.0,0.0
2022-07-07,0.042340538633707896,0.042715791145532325,0.04654243886614216,0.05371506170585853,0.04941873888450805,0.03728083272403885,0.0,0.09813759470484695,0.06904008528252556,0.11204708880593475,0.0,0.0,0.0,0.0,0.0,0.10619515099385739,0.04246416233241218,0.0,0.04690384388796301,0.0,0.0,0.0,0.2531986720326724,0.0,0.0
2022-07-08,0.042340538633707896,0.042715791145532325,0.04654243886614216,0.05371506170585853,0.04941873888450805,0.03728083272403885,0.0,0.09813759470484695,0.06904008528252556,0.11204708880593475,0.0,0.0,0.0,0.0,0.0,0.10619515099385739,0.04246416233241218,0.0,0.04690384388796301,0.0,0.0,0.0,0.2531986720326724,0.0,0.0
2022-07-11,0.042340538633707896,0.042715791145532325,0.04654243886614216,0.05371506170585853,0.04941873888450805,0.03728083272403885,0.0,0.09813759470484695,0.06904008528252556,0.11204708880593475,0.0,0.0,0.0,0.0,0.0,0.10619515099385739,0.04246416233241218,0.0,0.04690384388796301,0.0,0.0,0.0,0.2531986720326724,0.0,0.0
2022-07-12,0.042340538633707896,0.042715791145532325,0.04654243886614216,0.05371506170585853,0.04941873888450805,0.03728083272403885,0.0,0.09813759470484695,0.06904008528252556,0.11204708880593475,0.0,0.0,0.0,0.0,0.0,0.10619515099385739,0.04246416233241218,0.0,0.04690384388796301,0.0,0.0,0.0,0.2531986720326724,0.0,0.0
2022-07-13,0.042340538633707896,0.042715791145532325,0.04654243886614216,0.05371506170585853,0.04941873888450805,0.03728083272403885,0.0,0.09813759470484695,0.06904008528252556,0.11204708880593475,0.0,0.0,0.0,0.0,0.0,0.10619515099385739,0.04246416233241218,0.0,0.04690384388796301,0.0,0.0,0.0,0.2531986720326724,0.0,0.0
2022-07-14,0.042340538633707896,0.042715791145532325,0.04654243886614216,0.05371506170585853,0.04941873888450805,0.03728083272403885,0.0,0.09813759470484695,0.06904008528252556,0.11204708880593475,0.0,0.0,0.0,0.0,0.0,0.10619515099385739,0.04246416233241218,0.0,0.04690384388796301,0.0,0.0,0.0,0.2531986720326724,0.0,0.0
2022-07-15,0.042340538633707896,0.042715791145532325,0.04654243886614216,0.05371506170585853,0.04941873888450805,0.03728083272403885,0.0,0.09813759470484695,0.06904008528252556,0.11204708880593475,0.0,0.0,0.0,0.0,0.0,0.10619515099385739,0.04246416233241218,0.0,0.04690384388796301,0.0,0.0,0.0,0.2531986720326724,0.0,0.0
2022-07-18,0.042340538633707896,0.042715791145532325,0.04654243886614216,0.05371506170585853,0.04941873888450805,0.03728083272403885,0.0,0.09813759470484695,0.06904008528252556,0.11204708880593475,0.0,0.0,0.0,0.0,0.0,0.10619515099385739,0.04246416233241218,0.0,0.04690384388796301,0.0,0.0,0.0,0.2531986720326724,0.0,0.0
2022-07-19,0.042340538633707896,0.042715791145532325,0.04654243886614216,0.05371506170585853,0.04941873888450805,0.03728083272403885,0.0,0.09813759470484695,0.06904008528252556,0.11204708880593475,0.0,0.0,0.0,0.0,0.0,0.10619515099385739,0.04246416233241218,0.0,0.04690384388796301,0.0,0.0,0.0,0.2531986720326724,0.0,0.0
2022-07-20,0.042340538633707896,0.042715791145532325,0.04654243886614216,0.05371506170585853,0.04941873888450805,0.03728083272403885,0.0,0.09813759470484695,0.06904008528252556,0.11204708880593475,0.0,0.0,0.0,0.0,0.0,0.10619515099385739,0.04246416233241218,0.0,0.04690384388796301,0.0,0.0,0.0,0.2531986720326724,0.0,0.0
2022-07-21,0.042340538633707896,0.042715791145532325,0.04654243886614216,0.05371506170585853,0.04941873888450805,0.03728083272403885,0.0,0.09813759470484695,0.06904008528252556,0.11204708880593475,0.0,0.0,0.0,0.0,0.0,0.10619515099385739,0.04246416233241218,0.0,0.04690384388796301,0.0,0.0,0.0,0.2531986720326724,0.0,0.0
2022-07-22,0.042340538633707896,0.042715791145532325,0.04654243886614216,0.05371506170585853,0.04941873888450805,0.03728083272403885,0.0,0.09813759470484695,0.06904008528252556,0.11204708880593475,0.0,0.0,0.0,0.0,0.0,0.10619515099385739,0.04246416233241218,0.0,0.04690384388796301,0.0,0.0,0.0,0.2531986720326724,0.0,0.0
2022-07-25,0.042340538633707896,0.042715791145532325,0.04654243886614216,0.05371506170585853,0.04941873888450805,0.03728083272403885,0.0,0.09813759470484695,0.06904008528252556,0.11204708880593475,0.0,0.0,0.0,0.0,0.0,0.10619515099385739,0.04246416233241218,0.0,0.04690384388796301,0.0,0.0,0.0,0.2531986720326724,0.0,0.0
2022-07-26,0.042340538633707896,0.042715791145532325,0.04654243886614216,0.05371506170585853,0.04941873888450805,0.03728083272403885,0.0,0.09813759470484695,0.06904008528252556,0.11204708880593475,0.0,0.0,0.0,0.0,0.0,0.10619515099385739,0.04246416233241218,0.0,0.04690384388796301,0.0,0.0,0.0,0.2531986720326724,0.0,0.0
2022-07-27,0.042340538633707896,0.042715791145532325,0.04654243886614216,0.05371506170585853,0.04941873888450805,0.03728083272403885,0.0,0.09813759470484695,0.06904008528252556,0.11204708880593475,0.0,0.0,0.0,0.0,0.0,0.10619515099385739,0.04246416233241218,0.0,0.04690384388796301,0.0,0.0,0.0,0.2531986720326724,0.0,0.0
2022-07-28,0.042340538633707896,0.042715791145532325,0.04654243886614216,0.05371506170585853,0.04941873888450805,0.03728083272403885,0.0,0.09813759470484695,0.06904008528252556,0.11204708880593475,0.0,0.0,0.0,0.0,0.0,0.10619515099385739,0.04246416233241218,0.0,0.04690384388796301,0.0,0.0,0.0,0.2531986720326724,0.0,0.0
2022-07-29,0.042340538633707896,0.042715791145532325,0.04654243886614216,0.05371506170585853,0.04941873888450805,0.03728083272403885,0.0,0.09813759470484695,0.06904008528252556,0.11204708880593475,0.0,0.0,0.0,0.0,0.0,0.10619515099385739,0.04246416233241218,0.0,0.04690384388796301,0.0,0.0,0.0,0.2531986720326724,0.0,0.0
2022-08-01,0.0,0.0,0.0,0.0,0.0,0.0,0.0,0.0,0.15058629488213668,0.08256062722528913,0.05606033192611034,0.03311326298906946,0.0,0.056808363924733374,0.05599817141196569,0.04913960502673786,0.016364398122300484,0.0,0.07084467954470641,0.0,0.0,0.07730093058276868,0.21869625418167432,0.06684242914222603,0.06568465104028154
2022-08-02,0.0,0.0,0.0,0.0,0.0,0.0,0.0,0.0,0.15058629488213668,0.08256062722528913,0.05606033192611034,0.03311326298906946,0.0,0.056808363924733374,0.05599817141196569,0.04913960502673786,0.016364398122300484,0.0,0.07084467954470641,0.0,0.0,0.07730093058276868,0.21869625418167432,0.06684242914222603,0.06568465104028154
2022-08-03,0.0,0.0,0.0,0.0,0.0,0.0,0.0,0.0,0.15058629488213668,0.08256062722528913,0.05606033192611034,0.03311326298906946,0.0,0.056808363924733374,0.05599817141196569,0.04913960502673786,0.016364398122300484,0.0,0.07084467954470641,0.0,0.0,0.07730093058276868,0.21869625418167432,0.06684242914222603,0.06568465104028154
2022-08-04,0.0,0.0,0.0,0.0,0.0,0.0,0.0,0.0,0.15058629488213668,0.08256062722528913,0.05606033192611034,0.03311326298906946,0.0,0.056808363924733374,0.05599817141196569,0.04913960502673786,0.016364398122300484,0.0,0.07084467954470641,0.0,0.0,0.07730093058276868,0.21869625418167432,0.06684242914222603,0.06568465104028154
2022-08-05,0.0,0.0,0.0,0.0,0.0,0.0,0.0,0.0,0.15058629488213668,0.08256062722528913,0.05606033192611034,0.03311326298906946,0.0,0.056808363924733374,0.05599817141196569,0.04913960502673786,0.016364398122300484,0.0,0.07084467954470641,0.0,0.0,0.07730093058276868,0.21869625418167432,0.06684242914222603,0.06568465104028154
2022-08-08,0.0,0.0,0.0,0.0,0.0,0.0,0.0,0.0,0.15058629488213668,0.08256062722528913,0.05606033192611034,0.03311326298906946,0.0,0.056808363924733374,0.05599817141196569,0.04913960502673786,0.016364398122300484,0.0,0.07084467954470641,0.0,0.0,0.07730093058276868,0.21869625418167432,0.06684242914222603,0.06568465104028154
2022-08-09,0.0,0.0,0.0,0.0,0.0,0.0,0.0,0.0,0.15058629488213668,0.08256062722528913,0.05606033192611034,0.03311326298906946,0.0,0.056808363924733374,0.05599817141196569,0.04913960502673786,0.016364398122300484,0.0,0.07084467954470641,0.0,0.0,0.07730093058276868,0.21869625418167432,0.06684242914222603,0.06568465104028154
2022-08-10,0.0,0.0,0.0,0.0,0.0,0.0,0.0,0.0,0.15058629488213668,0.08256062722528913,0.05606033192611034,0.03311326298906946,0.0,0.056808363924733374,0.05599817141196569,0.04913960502673786,0.016364398122300484,0.0,0.07084467954470641,0.0,0.0,0.07730093058276868,0.21869625418167432,0.06684242914222603,0.06568465104028154
2022-08-11,0.0,0.0,0.0,0.0,0.0,0.0,0.0,0.0,0.15058629488213668,0.08256062722528913,0.05606033192611034,0.03311326298906946,0.0,0.056808363924733374,0.05599817141196569,0.04913960502673786,0.016364398122300484,0.0,0.07084467954470641,0.0,0.0,0.07730093058276868,0.21869625418167432,0.06684242914222603,0.06568465104028154
2022-08-12,0.0,0.0,0.0,0.0,0.0,0.0,0.0,0.0,0.15058629488213668,0.08256062722528913,0.05606033192611034,0.03311326298906946,0.0,0.056808363924733374,0.05599817141196569,0.04913960502673786,0.016364398122300484,0.0,0.07084467954470641,0.0,0.0,0.07730093058276868,0.21869625418167432,0.06684242914222603,0.06568465104028154
2022-08-15,0.0,0.0,0.0,0.0,0.0,0.0,0.0,0.0,0.15058629488213668,0.08256062722528913,0.05606033192611034,0.03311326298906946,0.0,0.056808363924733374,0.05599817141196569,0.04913960502673786,0.016364398122300484,0.0,0.07084467954470641,0.0,0.0,0.07730093058276868,0.21869625418167432,0.06684242914222603,0.06568465104028154
2022-08-16,0.0,0.0,0.0,0.0,0.0,0.0,0.0,0.0,0.15058629488213668,0.08256062722528913,0.05606033192611034,0.03311326298906946,0.0,0.056808363924733374,0.05599817141196569,0.04913960502673786,0.016364398122300484,0.0,0.07084467954470641,0.0,0.0,0.07730093058276868,0.21869625418167432,0.06684242914222603,0.06568465104028154
2022-08-17,0.0,0.0,0.0,0.0,0.0,0.0,0.0,0.0,0.15058629488213668,0.08256062722528913,0.05606033192611034,0.03311326298906946,0.0,0.056808363924733374,0.05599817141196569,0.04913960502673786,0.016364398122300484,0.0,0.07084467954470641,0.0,0.0,0.07730093058276868,0.21869625418167432,0.06684242914222603,0.06568465104028154
2022-08-18,0.0,0.0,0.0,0.0,0.0,0.0,0.0,0.0,0.15058629488213668,0.08256062722528913,0.05606033192611034,0.03311326298906946,0.0,0.056808363924733374,0.05599817141196569,0.04913960502673786,0.016364398122300484,0.0,0.07084467954470641,0.0,0.0,0.07730093058276868,0.21869625418167432,0.06684242914222603,0.06568465104028154
2022-08-19,0.0,0.0,0.0,0.0,0.0,0.0,0.0,0.0,0.15058629488213668,0.08256062722528913,0.05606033192611034,0.03311326298906946,0.0,0.056808363924733374,0.05599817141196569,0.04913960502673786,0.016364398122300484,0.0,0.07084467954470641,0.0,0.0,0.07730093058276868,0.21869625418167432,0.06684242914222603,0.06568465104028154
2022-08-22,0.0,0.0,0.0,0.0,0.0,0.0,0.0,0.0,0.15058629488213668,0.08256062722528913,0.05606033192611034,0.03311326298906946,0.0,0.056808363924733374,0.05599817141196569,0.04913960502673786,0.016364398122300484,0.0,0.07084467954470641,0.0,0.0,0.07730093058276868,0.21869625418167432,0.06684242914222603,0.06568465104028154
2022-08-23,0.0,0.0,0.0,0.0,0.0,0.0,0.0,0.0,0.15058629488213668,0.08256062722528913,0.05606033192611034,0.03311326298906946,0.0,0.056808363924733374,0.05599817141196569,0.04913960502673786,0.016364398122300484,0.0,0.07084467954470641,0.0,0.0,0.07730093058276868,0.21869625418167432,0.06684242914222603,0.06568465104028154
2022-08-24,0.0,0.0,0.0,0.0,0.0,0.0,0.0,0.0,0.15058629488213668,0.08256062722528913,0.05606033192611034,0.03311326298906946,0.0,0.056808363924733374,0.05599817141196569,0.04913960502673786,0.016364398122300484,0.0,0.07084467954470641,0.0,0.0,0.07730093058276868,0.21869625418167432,0.06684242914222603,0.06568465104028154
2022-08-25,0.0,0.0,0.0,0.0,0.0,0.0,0.0,0.0,0.15058629488213668,0.08256062722528913,0.05606033192611034,0.03311326298906946,0.0,0.056808363924733374,0.05599817141196569,0.04913960502673786,0.016364398122300484,0.0,0.07084467954470641,0.0,0.0,0.07730093058276868,0.21869625418167432,0.06684242914222603,0.06568465104028154
2022-08-26,0.0,0.0,0.0,0.0,0.0,0.0,0.0,0.0,0.15058629488213668,0.08256062722528913,0.05606033192611034,0.03311326298906946,0.0,0.056808363924733374,0.05599817141196569,0.04913960502673786,0.016364398122300484,0.0,0.07084467954470641,0.0,0.0,0.07730093058276868,0.21869625418167432,0.06684242914222603,0.06568465104028154
2022-08-29,0.0,0.0,0.0,0.0,0.0,0.0,0.0,0.0,0.15058629488213668,0.08256062722528913,0.05606033192611034,0.03311326298906946,0.0,0.056808363924733374,0.05599817141196569,0.04913960502673786,0.016364398122300484,0.0,0.07084467954470641,0.0,0.0,0.07730093058276868,0.21869625418167432,0.06684242914222603,0.06568465104028154
2022-08-30,0.0,0.0,0.0,0.0,0.0,0.0,0.0,0.0,0.15058629488213668,0.08256062722528913,0.05606033192611034,0.03311326298906946,0.0,0.056808363924733374,0.05599817141196569,0.04913960502673786,0.016364398122300484,0.0,0.07084467954470641,0.0,0.0,0.07730093058276868,0.21869625418167432,0.06684242914222603,0.06568465104028154
2022-08-31,0.0,0.0,0.0,0.0,0.0,0.0,0.0,0.0,0.15058629488213668,0.08256062722528913,0.05606033192611034,0.03311326298906946,0.0,0.056808363924733374,0.05599817141196569,0.04913960502673786,0.016364398122300484,0.0,0.07084467954470641,0.0,0.0,0.07730093058276868,0.21869625418167432,0.06684242914222603,0.06568465104028154
2022-09-01,0.0,0.0,0.0,0.0,0.0,0.0,0.0,0.0,0.15058629488213668,0.08256062722528913,0.05606033192611034,0.03311326298906946,0.0,0.056808363924733374,0.05599817141196569,0.04913960502673786,0.016364398122300484,0.0,0.07084467954470641,0.0,0.0,0.07730093058276868,0.21869625418167432,0.06684242914222603,0.06568465104028154
2022-09-02,0.0,0.0,0.0,0.0,0.0,0.0,0.0,0.0,0.15058629488213668,0.08256062722528913,0.05606033192611034,0.03311326298906946,0.0,0.056808363924733374,0.05599817141196569,0.04913960502673786,0.016364398122300484,0.0,0.07084467954470641,0.0,0.0,0.07730093058276868,0.21869625418167432,0.06684242914222603,0.06568465104028154
2022-09-05,0.0,0.0,0.0,0.0,0.0,0.0,0.0,0.0,0.15058629488213668,0.08256062722528913,0.05606033192611034,0.03311326298906946,0.0,0.056808363924733374,0.05599817141196569,0.04913960502673786,0.016364398122300484,0.0,0.07084467954470641,0.0,0.0,0.07730093058276868,0.21869625418167432,0.06684242914222603,0.06568465104028154
2022-09-06,0.0,0.0,0.0,0.0,0.0,0.0,0.0,0.0,0.15058629488213668,0.08256062722528913,0.05606033192611034,0.03311326298906946,0.0,0.056808363924733374,0.05599817141196569,0.04913960502673786,0.016364398122300484,0.0,0.07084467954470641,0.0,0.0,0.07730093058276868,0.21869625418167432,0.06684242914222603,0.06568465104028154
2022-09-07,0.0,0.0,0.0,0.0,0.0,0.0,0.0,0.0,0.15058629488213668,0.08256062722528913,0.05606033192611034,0.03311326298906946,0.0,0.056808363924733374,0.05599817141196569,0.04913960502673786,0.016364398122300484,0.0,0.07084467954470641,0.0,0.0,0.07730093058276868,0.21869625418167432,0.06684242914222603,0.06568465104028154
2022-09-08,0.0,0.0,0.0,0.0,0.0,0.0,0.0,0.0,0.15058629488213668,0.08256062722528913,0.05606033192611034,0.03311326298906946,0.0,0.056808363924733374,0.05599817141196569,0.04913960502673786,0.016364398122300484,0.0,0.07084467954470641,0.0,0.0,0.07730093058276868,0.21869625418167432,0.06684242914222603,0.06568465104028154
2022-09-09,0.0,0.0,0.0,0.0,0.0,0.0,0.0,0.0,0.15058629488213668,0.08256062722528913,0.05606033192611034,0.03311326298906946,0.0,0.056808363924733374,0.05599817141196569,0.04913960502673786,0.016364398122300484,0.0,0.07084467954470641,0.0,0.0,0.07730093058276868,0.21869625418167432,0.06684242914222603,0.06568465104028154
2022-09-12,0.0,0.0,0.0,0.0,0.0,0.0,0.0,0.0,0.15058629488213668,0.08256062722528913,0.05606033192611034,0.03311326298906946,0.0,0.056808363924733374,0.05599817141196569,0.04913960502673786,0.016364398122300484,0.0,0.07084467954470641,0.0,0.0,0.07730093058276868,0.21869625418167432,0.06684242914222603,0.06568465104028154
2022-09-13,0.0,0.0,0.0,0.0,0.0,0.0,0.0,0.0,0.15058629488213668,0.08256062722528913,0.05606033192611034,0.03311326298906946,0.0,0.056808363924733374,0.05599817141196569,0.04913960502673786,0.016364398122300484,0.0,0.07084467954470641,0.0,0.0,0.07730093058276868,0.21869625418167432,0.06684242914222603,0.06568465104028154
2022-09-14,0.0,0.0,0.0,0.0,0.0,0.0,0.0,0.0,0.15058629488213668,0.08256062722528913,0.05606033192611034,0.03311326298906946,0.0,0.056808363924733374,0.05599817141196569,0.04913960502673786,0.016364398122300484,0.0,0.07084467954470641,0.0,0.0,0.07730093058276868,0.21869625418167432,0.06684242914222603,0.06568465104028154
2022-09-15,0.0,0.0,0.0,0.0,0.0,0.0,0.0,0.0,0.15058629488213668,0.08256062722528913,0.05606033192611034,0.03311326298906946,0.0,0.056808363924733374,0.05599817141196569,0.04913960502673786,0.016364398122300484,0.0,0.07084467954470641,0.0,0.0,0.07730093058276868,0.21869625418167432,0.06684242914222603,0.06568465104028154
2022-09-16,0.0,0.0,0.0,0.0,0.0,0.0,0.0,0.0,0.15058629488213668,0.08256062722528913,0.05606033192611034,0.03311326298906946,0.0,0.056808363924733374,0.05599817141196569,0.04913960502673786,0.016364398122300484,0.0,0.07084467954470641,0.0,0.0,0.07730093058276868,0.21869625418167432,0.06684242914222603,0.06568465104028154
2022-09-19,0.0,0.0,0.0,0.0,0.0,0.0,0.0,0.0,0.15058629488213668,0.08256062722528913,0.05606033192611034,0.03311326298906946,0.0,0.056808363924733374,0.05599817141196569,0.04913960502673786,0.016364398122300484,0.0,0.07084467954470641,0.0,0.0,0.07730093058276868,0.21869625418167432,0.06684242914222603,0.06568465104028154
2022-09-20,0.0,0.0,0.0,0.0,0.0,0.0,0.0,0.0,0.15058629488213668,0.08256062722528913,0.05606033192611034,0.03311326298906946,0.0,0.056808363924733374,0.05599817141196569,0.04913960502673786,0.016364398122300484,0.0,0.07084467954470641,0.0,0.0,0.07730093058276868,0.21869625418167432,0.06684242914222603,0.06568465104028154
2022-09-21,0.0,0.0,0.0,0.0,0.0,0.0,0.0,0.0,0.15058629488213668,0.08256062722528913,0.05606033192611034,0.03311326298906946,0.0,0.056808363924733374,0.05599817141196569,0.04913960502673786,0.016364398122300484,0.0,0.07084467954470641,0.0,0.0,0.07730093058276868,0.21869625418167432,0.06684242914222603,0.06568465104028154
2022-09-22,0.0,0.0,0.0,0.0,0.0,0.0,0.0,0.0,0.15058629488213668,0.08256062722528913,0.05606033192611034,0.03311326298906946,0.0,0.056808363924733374,0.05599817141196569,0.04913960502673786,0.016364398122300484,0.0,0.07084467954470641,0.0,0.0,0.07730093058276868,0.21869625418167432,0.06684242914222603,0.06568465104028154
2022-09-23,0.0,0.0,0.0,0.0,0.0,0.0,0.0,0.0,0.15058629488213668,0.08256062722528913,0.05606033192611034,0.03311326298906946,0.0,0.056808363924733374,0.05599817141196569,0.04913960502673786,0.016364398122300484,0.0,0.07084467954470641,0.0,0.0,0.07730093058276868,0.21869625418167432,0.06684242914222603,0.06568465104028154
2022-09-26,0.0,0.0,0.0,0.0,0.0,0.0,0.0,0.0,0.15058629488213668,0.08256062722528913,0.05606033192611034,0.03311326298906946,0.0,0.056808363924733374,0.05599817141196569,0.04913960502673786,0.016364398122300484,0.0,0.07084467954470641,0.0,0.0,0.07730093058276868,0.21869625418167432,0.06684242914222603,0.06568465104028154
2022-09-27,0.0,0.0,0.0,0.0,0.0,0.0,0.0,0.0,0.15058629488213668,0.08256062722528913,0.05606033192611034,0.03311326298906946,0.0,0.056808363924733374,0.05599817141196569,0.04913960502673786,0.016364398122300484,0.0,0.07084467954470641,0.0,0.0,0.07730093058276868,0.21869625418167432,0.06684242914222603,0.06568465104028154
2022-09-28,0.0,0.0,0.0,0.0,0.0,0.0,0.0,0.0,0.15058629488213668,0.08256062722528913,0.05606033192611034,0.03311326298906946,0.0,0.056808363924733374,0.05599817141196569,0.04913960502673786,0.016364398122300484,0.0,0.07084467954470641,0.0,0.0,0.07730093058276868,0.21869625418167432,0.06684242914222603,0.06568465104028154
2022-09-29,0.0,0.0,0.0,0.0,0.0,0.0,0.0,0.0,0.15058629488213668,0.08256062722528913,0.05606033192611034,0.03311326298906946,0.0,0.056808363924733374,0.05599817141196569,0.04913960502673786,0.016364398122300484,0.0,0.07084467954470641,0.0,0.0,0.07730093058276868,0.21869625418167432,0.06684242914222603,0.06568465104028154
2022-09-30,0.0,0.0,0.0,0.0,0.0,0.0,0.0,0.0,0.15058629488213668,0.08256062722528913,0.05606033192611034,0.03311326298906946,0.0,0.056808363924733374,0.05599817141196569,0.04913960502673786,0.016364398122300484,0.0,0.07084467954470641,0.0,0.0,0.07730093058276868,0.21869625418167432,0.06684242914222603,0.06568465104028154
2022-10-03,0.0,0.0,0.0,0.0,0.07250814198040223,0.0,0.0,0.0,0.13848951598261938,0.06489706312375626,0.0364395086263392,0.03213514956035808,0.03201033715373999,0.08133036422703392,0.1281179209597742,0.0,0.0,0.0,0.05367330478151287,0.0,0.0,0.0456129418851933,0.2112678330556173,0.046479987386162,0.05703793127749114
2022-10-04,0.0,0.0,0.0,0.0,0.07250814198040223,0.0,0.0,0.0,0.13848951598261938,0.06489706312375626,0.0364395086263392,0.03213514956035808,0.03201033715373999,0.08133036422703392,0.1281179209597742,0.0,0.0,0.0,0.05367330478151287,0.0,0.0,0.0456129418851933,0.2112678330556173,0.046479987386162,0.05703793127749114
2022-10-05,0.0,0.0,0.0,0.0,0.07250814198040223,0.0,0.0,0.0,0.13848951598261938,0.06489706312375626,0.0364395086263392,0.03213514956035808,0.03201033715373999,0.08133036422703392,0.1281179209597742,0.0,0.0,0.0,0.05367330478151287,0.0,0.0,0.0456129418851933,0.2112678330556173,0.046479987386162,0.05703793127749114
2022-10-06,0.0,0.0,0.0,0.0,0.07250814198040223,0.0,0.0,0.0,0.13848951598261938,0.06489706312375626,0.0364395086263392,0.03213514956035808,0.03201033715373999,0.08133036422703392,0.1281179209597742,0.0,0.0,0.0,0.05367330478151287,0.0,0.0,0.0456129418851933,0.2112678330556173,0.046479987386162,0.05703793127749114
2022-10-07,0.0,0.0,0.0,0.0,0.07250814198040223,0.0,0.0,0.0,0.13848951598261938,0.06489706312375626,0.0364395086263392,0.03213514956035808,0.03201033715373999,0.08133036422703392,0.1281179209597742,0.0,0.0,0.0,0.05367330478151287,0.0,0.0,0.0456129418851933,0.2112678330556173,0.046479987386162,0.05703793127749114
2022-10-10,0.0,0.0,0.0,0.0,0.07250814198040223,0.0,0.0,0.0,0.13848951598261938,0.06489706312375626,0.0364395086263392,0.03213514956035808,0.03201033715373999,0.08133036422703392,0.1281179209597742,0.0,0.0,0.0,0.05367330478151287,0.0,0.0,0.0456129418851933,0.2112678330556173,0.046479987386162,0.05703793127749114
2022-10-11,0.0,0.0,0.0,0.0,0.07250814198040223,0.0,0.0,0.0,0.13848951598261938,0.06489706312375626,0.0364395086263392,0.03213514956035808,0.03201033715373999,0.08133036422703392,0.1281179209597742,0.0,0.0,0.0,0.05367330478151287,0.0,0.0,0.0456129418851933,0.2112678330556173,0.046479987386162,0.05703793127749114
2022-10-12,0.0,0.0,0.0,0.0,0.07250814198040223,0.0,0.0,0.0,0.13848951598261938,0.06489706312375626,0.0364395086263392,0.03213514956035808,0.03201033715373999,0.08133036422703392,0.1281179209597742,0.0,0.0,0.0,0.05367330478151287,0.0,0.0,0.0456129418851933,0.2112678330556173,0.046479987386162,0.05703793127749114
2022-10-13,0.0,0.0,0.0,0.0,0.07250814198040223,0.0,0.0,0.0,0.13848951598261938,0.06489706312375626,0.0364395086263392,0.03213514956035808,0.03201033715373999,0.08133036422703392,0.1281179209597742,0.0,0.0,0.0,0.05367330478151287,0.0,0.0,0.0456129418851933,0.2112678330556173,0.046479987386162,0.05703793127749114
2022-10-14,0.0,0.0,0.0,0.0,0.07250814198040223,0.0,0.0,0.0,0.13848951598261938,0.06489706312375626,0.0364395086263392,0.03213514956035808,0.03201033715373999,0.08133036422703392,0.1281179209597742,0.0,0.0,0.0,0.05367330478151287,0.0,0.0,0.0456129418851933,0.2112678330556173,0.046479987386162,0.05703793127749114
2022-10-17,0.0,0.0,0.0,0.0,0.07250814198040223,0.0,0.0,0.0,0.13848951598261938,0.06489706312375626,0.0364395086263392,0.03213514956035808,0.03201033715373999,0.08133036422703392,0.1281179209597742,0.0,0.0,0.0,0.05367330478151287,0.0,0.0,0.0456129418851933,0.2112678330556173,0.046479987386162,0.05703793127749114
2022-10-18,0.0,0.0,0.0,0.0,0.07250814198040223,0.0,0.0,0.0,0.13848951598261938,0.06489706312375626,0.0364395086263392,0.03213514956035808,0.03201033715373999,0.08133036422703392,0.1281179209597742,0.0,0.0,0.0,0.05367330478151287,0.0,0.0,0.0456129418851933,0.2112678330556173,0.046479987386162,0.05703793127749114
2022-10-19,0.0,0.0,0.0,0.0,0.07250814198040223,0.0,0.0,0.0,0.13848951598261938,0.06489706312375626,0.0364395086263392,0.03213514956035808,0.03201033715373999,0.08133036422703392,0.1281179209597742,0.0,0.0,0.0,0.05367330478151287,0.0,0.0,0.0456129418851933,0.2112678330556173,0.046479987386162,0.05703793127749114
2022-10-20,0.0,0.0,0.0,0.0,0.07250814198040223,0.0,0.0,0.0,0.13848951598261938,0.06489706312375626,0.0364395086263392,0.03213514956035808,0.03201033715373999,0.08133036422703392,0.1281179209597742,0.0,0.0,0.0,0.05367330478151287,0.0,0.0,0.0456129418851933,0.2112678330556173,0.046479987386162,0.05703793127749114
2022-10-21,0.0,0.0,0.0,0.0,0.07250814198040223,0.0,0.0,0.0,0.13848951598261938,0.06489706312375626,0.0364395086263392,0.03213514956035808,0.03201033715373999,0.08133036422703392,0.1281179209597742,0.0,0.0,0.0,0.05367330478151287,0.0,0.0,0.0456129418851933,0.2112678330556173,0.046479987386162,0.05703793127749114
2022-10-24,0.0,0.0,0.0,0.0,0.07250814198040223,0.0,0.0,0.0,0.13848951598261938,0.06489706312375626,0.0364395086263392,0.03213514956035808,0.03201033715373999,0.08133036422703392,0.1281179209597742,0.0,0.0,0.0,0.05367330478151287,0.0,0.0,0.0456129418851933,0.2112678330556173,0.046479987386162,0.05703793127749114
2022-10-25,0.0,0.0,0.0,0.0,0.07250814198040223,0.0,0.0,0.0,0.13848951598261938,0.06489706312375626,0.0364395086263392,0.03213514956035808,0.03201033715373999,0.08133036422703392,0.1281179209597742,0.0,0.0,0.0,0.05367330478151287,0.0,0.0,0.0456129418851933,0.2112678330556173,0.046479987386162,0.05703793127749114
2022-10-26,0.0,0.0,0.0,0.0,0.07250814198040223,0.0,0.0,0.0,0.13848951598261938,0.06489706312375626,0.0364395086263392,0.03213514956035808,0.03201033715373999,0.08133036422703392,0.1281179209597742,0.0,0.0,0.0,0.05367330478151287,0.0,0.0,0.0456129418851933,0.2112678330556173,0.046479987386162,0.05703793127749114
2022-10-27,0.0,0.0,0.0,0.0,0.07250814198040223,0.0,0.0,0.0,0.13848951598261938,0.06489706312375626,0.0364395086263392,0.03213514956035808,0.03201033715373999,0.08133036422703392,0.1281179209597742,0.0,0.0,0.0,0.05367330478151287,0.0,0.0,0.0456129418851933,0.2112678330556173,0.046479987386162,0.05703793127749114
2022-10-28,0.0,0.0,0.0,0.0,0.07250814198040223,0.0,0.0,0.0,0.13848951598261938,0.06489706312375626,0.0364395086263392,0.03213514956035808,0.03201033715373999,0.08133036422703392,0.1281179209597742,0.0,0.0,0.0,0.05367330478151287,0.0,0.0,0.0456129418851933,0.2112678330556173,0.046479987386162,0.05703793127749114
2022-10-31,0.0,0.0,0.0,0.0,0.07250814198040223,0.0,0.0,0.0,0.13848951598261938,0.06489706312375626,0.0364395086263392,0.03213514956035808,0.03201033715373999,0.08133036422703392,0.1281179209597742,0.0,0.0,0.0,0.05367330478151287,0.0,0.0,0.0456129418851933,0.2112678330556173,0.046479987386162,0.05703793127749114
2022-11-01,0.0,0.0,0.0,0.0,0.07250814198040223,0.0,0.0,0.0,0.13848951598261938,0.06489706312375626,0.0364395086263392,0.03213514956035808,0.03201033715373999,0.08133036422703392,0.1281179209597742,0.0,0.0,0.0,0.05367330478151287,0.0,0.0,0.0456129418851933,0.2112678330556173,0.046479987386162,0.05703793127749114
2022-11-02,0.0,0.0,0.0,0.0,0.07250814198040223,0.0,0.0,0.0,0.13848951598261938,0.06489706312375626,0.0364395086263392,0.03213514956035808,0.03201033715373999,0.08133036422703392,0.1281179209597742,0.0,0.0,0.0,0.05367330478151287,0.0,0.0,0.0456129418851933,0.2112678330556173,0.046479987386162,0.05703793127749114
2022-11-03,0.0,0.0,0.0,0.0,0.07250814198040223,0.0,0.0,0.0,0.13848951598261938,0.06489706312375626,0.0364395086263392,0.03213514956035808,0.03201033715373999,0.08133036422703392,0.1281179209597742,0.0,0.0,0.0,0.05367330478151287,0.0,0.0,0.0456129418851933,0.2112678330556173,0.046479987386162,0.05703793127749114
2022-11-04,0.0,0.0,0.0,0.0,0.07250814198040223,0.0,0.0,0.0,0.13848951598261938,0.06489706312375626,0.0364395086263392,0.03213514956035808,0.03201033715373999,0.08133036422703392,0.1281179209597742,0.0,0.0,0.0,0.05367330478151287,0.0,0.0,0.0456129418851933,0.2112678330556173,0.046479987386162,0.05703793127749114
2022-11-07,0.0,0.0,0.0,0.0,0.07250814198040223,0.0,0.0,0.0,0.13848951598261938,0.06489706312375626,0.0364395086263392,0.03213514956035808,0.03201033715373999,0.08133036422703392,0.1281179209597742,0.0,0.0,0.0,0.05367330478151287,0.0,0.0,0.0456129418851933,0.2112678330556173,0.046479987386162,0.05703793127749114
2022-11-08,0.0,0.0,0.0,0.0,0.07250814198040223,0.0,0.0,0.0,0.13848951598261938,0.06489706312375626,0.0364395086263392,0.03213514956035808,0.03201033715373999,0.08133036422703392,0.1281179209597742,0.0,0.0,0.0,0.05367330478151287,0.0,0.0,0.0456129418851933,0.2112678330556173,0.046479987386162,0.05703793127749114
2022-11-09,0.0,0.0,0.0,0.0,0.07250814198040223,0.0,0.0,0.0,0.13848951598261938,0.06489706312375626,0.0364395086263392,0.03213514956035808,0.03201033715373999,0.08133036422703392,0.1281179209597742,0.0,0.0,0.0,0.05367330478151287,0.0,0.0,0.0456129418851933,0.2112678330556173,0.046479987386162,0.05703793127749114
2022-11-10,0.0,0.0,0.0,0.0,0.07250814198040223,0.0,0.0,0.0,0.13848951598261938,0.06489706312375626,0.0364395086263392,0.03213514956035808,0.03201033715373999,0.08133036422703392,0.1281179209597742,0.0,0.0,0.0,0.05367330478151287,0.0,0.0,0.0456129418851933,0.2112678330556173,0.046479987386162,0.05703793127749114
2022-11-11,0.0,0.0,0.0,0.0,0.07250814198040223,0.0,0.0,0.0,0.13848951598261938,0.06489706312375626,0.0364395086263392,0.03213514956035808,0.03201033715373999,0.08133036422703392,0.1281179209597742,0.0,0.0,0.0,0.05367330478151287,0.0,0.0,0.0456129418851933,0.2112678330556173,0.046479987386162,0.05703793127749114
2022-11-14,0.0,0.0,0.0,0.0,0.07250814198040223,0.0,0.0,0.0,0.13848951598261938,0.06489706312375626,0.0364395086263392,0.03213514956035808,0.03201033715373999,0.08133036422703392,0.1281179209597742,0.0,0.0,0.0,0.05367330478151287,0.0,0.0,0.0456129418851933,0.2112678330556173,0.046479987386162,0.05703793127749114
2022-11-15,0.0,0.0,0.0,0.0,0.07250814198040223,0.0,0.0,0.0,0.13848951598261938,0.06489706312375626,0.0364395086263392,0.03213514956035808,0.03201033715373999,0.08133036422703392,0.1281179209597742,0.0,0.0,0.0,0.05367330478151287,0.0,0.0,0.0456129418851933,0.2112678330556173,0.046479987386162,0.05703793127749114
2022-11-16,0.0,0.0,0.0,0.0,0.07250814198040223,0.0,0.0,0.0,0.13848951598261938,0.06489706312375626,0.0364395086263392,0.03213514956035808,0.03201033715373999,0.08133036422703392,0.1281179209597742,0.0,0.0,0.0,0.05367330478151287,0.0,0.0,0.0456129418851933,0.2112678330556173,0.046479987386162,0.05703793127749114
2022-11-17,0.0,0.0,0.0,0.0,0.07250814198040223,0.0,0.0,0.0,0.13848951598261938,0.06489706312375626,0.0364395086263392,0.03213514956035808,0.03201033715373999,0.08133036422703392,0.1281179209597742,0.0,0.0,0.0,0.05367330478151287,0.0,0.0,0.0456129418851933,0.2112678330556173,0.046479987386162,0.05703793127749114
2022-11-18,0.0,0.0,0.0,0.0,0.07250814198040223,0.0,0.0,0.0,0.13848951598261938,0.06489706312375626,0.0364395086263392,0.03213514956035808,0.03201033715373999,0.08133036422703392,0.1281179209597742,0.0,0.0,0.0,0.05367330478151287,0.0,0.0,0.0456129418851933,0.2112678330556173,0.046479987386162,0.05703793127749114
2022-11-21,0.0,0.0,0.0,0.0,0.07250814198040223,0.0,0.0,0.0,0.13848951598261938,0.06489706312375626,0.0364395086263392,0.03213514956035808,0.03201033715373999,0.08133036422703392,0.1281179209597742,0.0,0.0,0.0,0.05367330478151287,0.0,0.0,0.0456129418851933,0.2112678330556173,0.046479987386162,0.05703793127749114
2022-11-22,0.0,0.0,0.0,0.0,0.07250814198040223,0.0,0.0,0.0,0.13848951598261938,0.06489706312375626,0.0364395086263392,0.03213514956035808,0.03201033715373999,0.08133036422703392,0.1281179209597742,0.0,0.0,0.0,0.05367330478151287,0.0,0.0,0.0456129418851933,0.2112678330556173,0.046479987386162,0.05703793127749114
2022-11-23,0.0,0.0,0.0,0.0,0.07250814198040223,0.0,0.0,0.0,0.13848951598261938,0.06489706312375626,0.0364395086263392,0.03213514956035808,0.03201033715373999,0.08133036422703392,0.1281179209597742,0.0,0.0,0.0,0.05367330478151287,0.0,0.0,0.0456129418851933,0.2112678330556173,0.046479987386162,0.05703793127749114
2022-11-24,0.0,0.0,0.0,0.0,0.07250814198040223,0.0,0.0,0.0,0.13848951598261938,0.06489706312375626,0.0364395086263392,0.03213514956035808,0.03201033715373999,0.08133036422703392,0.1281179209597742,0.0,0.0,0.0,0.05367330478151287,0.0,0.0,0.0456129418851933,0.2112678330556173,0.046479987386162,0.05703793127749114
2022-11-25,0.0,0.0,0.0,0.0,0.07250814198040223,0.0,0.0,0.0,0.13848951598261938,0.06489706312375626,0.0364395086263392,0.03213514956035808,0.03201033715373999,0.08133036422703392,0.1281179209597742,0.0,0.0,0.0,0.05367330478151287,0.0,0.0,0.0456129418851933,0.2112678330556173,0.046479987386162,0.05703793127749114
2022-11-28,0.0,0.0,0.0,0.0,0.07250814198040223,0.0,0.0,0.0,0.13848951598261938,0.06489706312375626,0.0364395086263392,0.03213514956035808,0.03201033715373999,0.08133036422703392,0.1281179209597742,0.0,0.0,0.0,0.05367330478151287,0.0,0.0,0.0456129418851933,0.2112678330556173,0.046479987386162,0.05703793127749114
2022-11-29,0.0,0.0,0.0,0.0,0.07250814198040223,0.0,0.0,0.0,0.13848951598261938,0.06489706312375626,0.0364395086263392,0.03213514956035808,0.03201033715373999,0.08133036422703392,0.1281179209597742,0.0,0.0,0.0,0.05367330478151287,0.0,0.0,0.0456129418851933,0.2112678330556173,0.046479987386162,0.05703793127749114
2022-11-30,0.0,0.0,0.0,0.0,0.07250814198040223,0.0,0.0,0.0,0.13848951598261938,0.06489706312375626,0.0364395086263392,0.03213514956035808,0.03201033715373999,0.08133036422703392,0.1281179209597742,0.0,0.0,0.0,0.05367330478151287,0.0,0.0,0.0456129418851933,0.2112678330556173,0.046479987386162,0.05703793127749114
2022-12-01,0.0,0.0,0.05602954422465194,0.0,0.06823364800465553,0.05942324111392754,0.05139972083308914,0.0,0.0,0.09521991883577004,0.07121229148430876,0.0,0.0,0.02382966915626168,0.030038402180074048,0.0,0.0,0.0,0.05280911639782213,0.0,0.0,0.11408790825761189,0.24523267884043423,0.0679623831491122,0.06452147752228089
2022-12-02,0.0,0.0,0.05602954422465194,0.0,0.06823364800465553,0.05942324111392754,0.05139972083308914,0.0,0.0,0.09521991883577004,0.07121229148430876,0.0,0.0,0.02382966915626168,0.030038402180074048,0.0,0.0,0.0,0.05280911639782213,0.0,0.0,0.11408790825761189,0.24523267884043423,0.0679623831491122,0.06452147752228089
2022-12-05,0.0,0.0,0.05602954422465194,0.0,0.06823364800465553,0.05942324111392754,0.05139972083308914,0.0,0.0,0.09521991883577004,0.07121229148430876,0.0,0.0,0.02382966915626168,0.030038402180074048,0.0,0.0,0.0,0.05280911639782213,0.0,0.0,0.11408790825761189,0.24523267884043423,0.0679623831491122,0.06452147752228089
2022-12-06,0.0,0.0,0.05602954422465194,0.0,0.06823364800465553,0.05942324111392754,0.05139972083308914,0.0,0.0,0.09521991883577004,0.07121229148430876,0.0,0.0,0.02382966915626168,0.030038402180074048,0.0,0.0,0.0,0.05280911639782213,0.0,0.0,0.11408790825761189,0.24523267884043423,0.0679623831491122,0.06452147752228089
2022-12-07,0.0,0.0,0.05602954422465194,0.0,0.06823364800465553,0.05942324111392754,0.05139972083308914,0.0,0.0,0.09521991883577004,0.07121229148430876,0.0,0.0,0.02382966915626168,0.030038402180074048,0.0,0.0,0.0,0.05280911639782213,0.0,0.0,0.11408790825761189,0.24523267884043423,0.0679623831491122,0.06452147752228089
2022-12-08,0.0,0.0,0.05602954422465194,0.0,0.06823364800465553,0.05942324111392754,0.05139972083308914,0.0,0.0,0.09521991883577004,0.07121229148430876,0.0,0.0,0.02382966915626168,0.030038402180074048,0.0,0.0,0.0,0.05280911639782213,0.0,0.0,0.11408790825761189,0.24523267884043423,0.0679623831491122,0.06452147752228089
2022-12-09,0.0,0.0,0.05602954422465194,0.0,0.06823364800465553,0.05942324111392754,0.05139972083308914,0.0,0.0,0.09521991883577004,0.07121229148430876,0.0,0.0,0.02382966915626168,0.030038402180074048,0.0,0.0,0.0,0.05280911639782213,0.0,0.0,0.11408790825761189,0.24523267884043423,0.0679623831491122,0.06452147752228089
2022-12-12,0.0,0.0,0.05602954422465194,0.0,0.06823364800465553,0.05942324111392754,0.05139972083308914,0.0,0.0,0.09521991883577004,0.07121229148430876,0.0,0.0,0.02382966915626168,0.030038402180074048,0.0,0.0,0.0,0.05280911639782213,0.0,0.0,0.11408790825761189,0.24523267884043423,0.0679623831491122,0.06452147752228089
2022-12-13,0.0,0.0,0.05602954422465194,0.0,0.06823364800465553,0.05942324111392754,0.05139972083308914,0.0,0.0,0.09521991883577004,0.07121229148430876,0.0,0.0,0.02382966915626168,0.030038402180074048,0.0,0.0,0.0,0.05280911639782213,0.0,0.0,0.11408790825761189,0.24523267884043423,0.0679623831491122,0.06452147752228089
2022-12-14,0.0,0.0,0.05602954422465194,0.0,0.06823364800465553,0.05942324111392754,0.05139972083308914,0.0,0.0,0.09521991883577004,0.07121229148430876,0.0,0.0,0.02382966915626168,0.030038402180074048,0.0,0.0,0.0,0.05280911639782213,0.0,0.0,0.11408790825761189,0.24523267884043423,0.0679623831491122,0.06452147752228089
2022-12-15,0.0,0.0,0.05602954422465194,0.0,0.06823364800465553,0.05942324111392754,0.05139972083308914,0.0,0.0,0.09521991883577004,0.07121229148430876,0.0,0.0,0.02382966915626168,0.030038402180074048,0.0,0.0,0.0,0.05280911639782213,0.0,0.0,0.11408790825761189,0.24523267884043423,0.0679623831491122,0.06452147752228089
2022-12-16,0.0,0.0,0.05602954422465194,0.0,0.06823364800465553,0.05942324111392754,0.05139972083308914,0.0,0.0,0.09521991883577004,0.07121229148430876,0.0,0.0,0.02382966915626168,0.030038402180074048,0.0,0.0,0.0,0.05280911639782213,0.0,0.0,0.11408790825761189,0.24523267884043423,0.0679623831491122,0.06452147752228089
2022-12-19,0.0,0.0,0.05602954422465194,0.0,0.06823364800465553,0.05942324111392754,0.05139972083308914,0.0,0.0,0.09521991883577004,0.07121229148430876,0.0,0.0,0.02382966915626168,0.030038402180074048,0.0,0.0,0.0,0.05280911639782213,0.0,0.0,0.11408790825761189,0.24523267884043423,0.0679623831491122,0.06452147752228089
2022-12-20,0.0,0.0,0.05602954422465194,0.0,0.06823364800465553,0.05942324111392754,0.05139972083308914,0.0,0.0,0.09521991883577004,0.07121229148430876,0.0,0.0,0.02382966915626168,0.030038402180074048,0.0,0.0,0.0,0.05280911639782213,0.0,0.0,0.11408790825761189,0.24523267884043423,0.0679623831491122,0.06452147752228089
2022-12-21,0.0,0.0,0.05602954422465194,0.0,0.06823364800465553,0.05942324111392754,0.05139972083308914,0.0,0.0,0.09521991883577004,0.07121229148430876,0.0,0.0,0.02382966915626168,0.030038402180074048,0.0,0.0,0.0,0.05280911639782213,0.0,0.0,0.11408790825761189,0.24523267884043423,0.0679623831491122,0.06452147752228089
2022-12-22,0.0,0.0,0.05602954422465194,0.0,0.06823364800465553,0.05942324111392754,0.05139972083308914,0.0,0.0,0.09521991883577004,0.07121229148430876,0.0,0.0,0.02382966915626168,0.030038402180074048,0.0,0.0,0.0,0.05280911639782213,0.0,0.0,0.11408790825761189,0.24523267884043423,0.0679623831491122,0.06452147752228089
2022-12-23,0.0,0.0,0.05602954422465194,0.0,0.06823364800465553,0.05942324111392754,0.05139972083308914,0.0,0.0,0.09521991883577004,0.07121229148430876,0.0,0.0,0.02382966915626168,0.030038402180074048,0.0,0.0,0.0,0.05280911639782213,0.0,0.0,0.11408790825761189,0.24523267884043423,0.0679623831491122,0.06452147752228089
2022-12-26,0.0,0.0,0.05602954422465194,0.0,0.06823364800465553,0.05942324111392754,0.05139972083308914,0.0,0.0,0.09521991883577004,0.07121229148430876,0.0,0.0,0.02382966915626168,0.030038402180074048,0.0,0.0,0.0,0.05280911639782213,0.0,0.0,0.11408790825761189,0.24523267884043423,0.0679623831491122,0.06452147752228089
2022-12-27,0.0,0.0,0.05602954422465194,0.0,0.06823364800465553,0.05942324111392754,0.05139972083308914,0.0,0.0,0.09521991883577004,0.07121229148430876,0.0,0.0,0.02382966915626168,0.030038402180074048,0.0,0.0,0.0,0.05280911639782213,0.0,0.0,0.11408790825761189,0.24523267884043423,0.0679623831491122,0.06452147752228089
2022-12-28,0.0,0.0,0.05602954422465194,0.0,0.06823364800465553,0.05942324111392754,0.05139972083308914,0.0,0.0,0.09521991883577004,0.07121229148430876,0.0,0.0,0.02382966915626168,0.030038402180074048,0.0,0.0,0.0,0.05280911639782213,0.0,0.0,0.11408790825761189,0.24523267884043423,0.0679623831491122,0.06452147752228089
2022-12-29,0.0,0.0,0.05602954422465194,0.0,0.06823364800465553,0.05942324111392754,0.05139972083308914,0.0,0.0,0.09521991883577004,0.07121229148430876,0.0,0.0,0.02382966915626168,0.030038402180074048,0.0,0.0,0.0,0.05280911639782213,0.0,0.0,0.11408790825761189,0.24523267884043423,0.0679623831491122,0.06452147752228089
2022-12-30,0.0,0.0,0.05602954422465194,0.0,0.06823364800465553,0.05942324111392754,0.05139972083308914,0.0,0.0,0.09521991883577004,0.07121229148430876,0.0,0.0,0.02382966915626168,0.030038402180074048,0.0,0.0,0.0,0.05280911639782213,0.0,0.0,0.11408790825761189,0.24523267884043423,0.0679623831491122,0.06452147752228089
2023-01-03,0.0,0.0,0.05602954422465194,0.0,0.06823364800465553,0.05942324111392754,0.05139972083308914,0.0,0.0,0.09521991883577004,0.07121229148430876,0.0,0.0,0.02382966915626168,0.030038402180074048,0.0,0.0,0.0,0.05280911639782213,0.0,0.0,0.11408790825761189,0.24523267884043423,0.0679623831491122,0.06452147752228089
2023-01-04,0.0,0.0,0.05602954422465194,0.0,0.06823364800465553,0.05942324111392754,0.05139972083308914,0.0,0.0,0.09521991883577004,0.07121229148430876,0.0,0.0,0.02382966915626168,0.030038402180074048,0.0,0.0,0.0,0.05280911639782213,0.0,0.0,0.11408790825761189,0.24523267884043423,0.0679623831491122,0.06452147752228089
2023-01-05,0.0,0.0,0.05602954422465194,0.0,0.06823364800465553,0.05942324111392754,0.05139972083308914,0.0,0.0,0.09521991883577004,0.07121229148430876,0.0,0.0,0.02382966915626168,0.030038402180074048,0.0,0.0,0.0,0.05280911639782213,0.0,0.0,0.11408790825761189,0.24523267884043423,0.0679623831491122,0.06452147752228089
2023-01-06,0.0,0.0,0.05602954422465194,0.0,0.06823364800465553,0.05942324111392754,0.05139972083308914,0.0,0.0,0.09521991883577004,0.07121229148430876,0.0,0.0,0.02382966915626168,0.030038402180074048,0.0,0.0,0.0,0.05280911639782213,0.0,0.0,0.11408790825761189,0.24523267884043423,0.0679623831491122,0.06452147752228089
2023-01-09,0.0,0.0,0.05602954422465194,0.0,0.06823364800465553,0.05942324111392754,0.05139972083308914,0.0,0.0,0.09521991883577004,0.07121229148430876,0.0,0.0,0.02382966915626168,0.030038402180074048,0.0,0.0,0.0,0.05280911639782213,0.0,0.0,0.11408790825761189,0.24523267884043423,0.0679623831491122,0.06452147752228089
2023-01-10,0.0,0.0,0.05602954422465194,0.0,0.06823364800465553,0.05942324111392754,0.05139972083308914,0.0,0.0,0.09521991883577004,0.07121229148430876,0.0,0.0,0.02382966915626168,0.030038402180074048,0.0,0.0,0.0,0.05280911639782213,0.0,0.0,0.11408790825761189,0.24523267884043423,0.0679623831491122,0.06452147752228089
2023-01-11,0.0,0.0,0.05602954422465194,0.0,0.06823364800465553,0.05942324111392754,0.05139972083308914,0.0,0.0,0.09521991883577004,0.07121229148430876,0.0,0.0,0.02382966915626168,0.030038402180074048,0.0,0.0,0.0,0.05280911639782213,0.0,0.0,0.11408790825761189,0.24523267884043423,0.0679623831491122,0.06452147752228089
2023-01-12,0.0,0.0,0.05602954422465194,0.0,0.06823364800465553,0.05942324111392754,0.05139972083308914,0.0,0.0,0.09521991883577004,0.07121229148430876,0.0,0.0,0.02382966915626168,0.030038402180074048,0.0,0.0,0.0,0.05280911639782213,0.0,0.0,0.11408790825761189,0.24523267884043423,0.0679623831491122,0.06452147752228089
2023-01-13,0.0,0.0,0.05602954422465194,0.0,0.06823364800465553,0.05942324111392754,0.05139972083308914,0.0,0.0,0.09521991883577004,0.07121229148430876,0.0,0.0,0.02382966915626168,0.030038402180074048,0.0,0.0,0.0,0.05280911639782213,0.0,0.0,0.11408790825761189,0.24523267884043423,0.0679623831491122,0.06452147752228089
2023-01-16,0.0,0.0,0.05602954422465194,0.0,0.06823364800465553,0.05942324111392754,0.05139972083308914,0.0,0.0,0.09521991883577004,0.07121229148430876,0.0,0.0,0.02382966915626168,0.030038402180074048,0.0,0.0,0.0,0.05280911639782213,0.0,0.0,0.11408790825761189,0.24523267884043423,0.0679623831491122,0.06452147752228089
2023-01-17,0.0,0.0,0.05602954422465194,0.0,0.06823364800465553,0.05942324111392754,0.05139972083308914,0.0,0.0,0.09521991883577004,0.07121229148430876,0.0,0.0,0.02382966915626168,0.030038402180074048,0.0,0.0,0.0,0.05280911639782213,0.0,0.0,0.11408790825761189,0.24523267884043423,0.0679623831491122,0.06452147752228089
2023-01-18,0.0,0.0,0.05602954422465194,0.0,0.06823364800465553,0.05942324111392754,0.05139972083308914,0.0,0.0,0.09521991883577004,0.07121229148430876,0.0,0.0,0.02382966915626168,0.030038402180074048,0.0,0.0,0.0,0.05280911639782213,0.0,0.0,0.11408790825761189,0.24523267884043423,0.0679623831491122,0.06452147752228089
2023-01-19,0.0,0.0,0.05602954422465194,0.0,0.06823364800465553,0.05942324111392754,0.05139972083308914,0.0,0.0,0.09521991883577004,0.07121229148430876,0.0,0.0,0.02382966915626168,0.030038402180074048,0.0,0.0,0.0,0.05280911639782213,0.0,0.0,0.11408790825761189,0.24523267884043423,0.0679623831491122,0.06452147752228089
2023-01-20,0.0,0.0,0.05602954422465194,0.0,0.06823364800465553,0.05942324111392754,0.05139972083308914,0.0,0.0,0.09521991883577004,0.07121229148430876,0.0,0.0,0.02382966915626168,0.030038402180074048,0.0,0.0,0.0,0.05280911639782213,0.0,0.0,0.11408790825761189,0.24523267884043423,0.0679623831491122,0.06452147752228089
2023-01-23,0.0,0.0,0.05602954422465194,0.0,0.06823364800465553,0.05942324111392754,0.05139972083308914,0.0,0.0,0.09521991883577004,0.07121229148430876,0.0,0.0,0.02382966915626168,0.030038402180074048,0.0,0.0,0.0,0.05280911639782213,0.0,0.0,0.11408790825761189,0.24523267884043423,0.0679623831491122,0.06452147752228089
2023-01-24,0.0,0.0,0.05602954422465194,0.0,0.06823364800465553,0.05942324111392754,0.05139972083308914,0.0,0.0,0.09521991883577004,0.07121229148430876,0.0,0.0,0.02382966915626168,0.030038402180074048,0.0,0.0,0.0,0.05280911639782213,0.0,0.0,0.11408790825761189,0.24523267884043423,0.0679623831491122,0.06452147752228089
2023-01-25,0.0,0.0,0.05602954422465194,0.0,0.06823364800465553,0.05942324111392754,0.05139972083308914,0.0,0.0,0.09521991883577004,0.07121229148430876,0.0,0.0,0.02382966915626168,0.030038402180074048,0.0,0.0,0.0,0.05280911639782213,0.0,0.0,0.11408790825761189,0.24523267884043423,0.0679623831491122,0.06452147752228089
2023-01-26,0.0,0.0,0.05602954422465194,0.0,0.06823364800465553,0.05942324111392754,0.05139972083308914,0.0,0.0,0.09521991883577004,0.07121229148430876,0.0,0.0,0.02382966915626168,0.030038402180074048,0.0,0.0,0.0,0.05280911639782213,0.0,0.0,0.11408790825761189,0.24523267884043423,0.0679623831491122,0.06452147752228089
2023-01-27,0.0,0.0,0.05602954422465194,0.0,0.06823364800465553,0.05942324111392754,0.05139972083308914,0.0,0.0,0.09521991883577004,0.07121229148430876,0.0,0.0,0.02382966915626168,0.030038402180074048,0.0,0.0,0.0,0.05280911639782213,0.0,0.0,0.11408790825761189,0.24523267884043423,0.0679623831491122,0.06452147752228089
2023-01-30,0.0,0.0,0.05602954422465194,0.0,0.06823364800465553,0.05942324111392754,0.05139972083308914,0.0,0.0,0.09521991883577004,0.07121229148430876,0.0,0.0,0.02382966915626168,0.030038402180074048,0.0,0.0,0.0,0.05280911639782213,0.0,0.0,0.11408790825761189,0.24523267884043423,0.0679623831491122,0.06452147752228089
2023-01-31,0.0,0.0,0.05602954422465194,0.0,0.06823364800465553,0.05942324111392754,0.05139972083308914,0.0,0.0,0.09521991883577004,0.07121229148430876,0.0,0.0,0.02382966915626168,0.030038402180074048,0.0,0.0,0.0,0.05280911639782213,0.0,0.0,0.11408790825761189,0.24523267884043423,0.0679623831491122,0.06452147752228089
2023-02-01,0.042047397872123644,0.04276259274446243,0.051169847692445224,0.07648821157532154,0.05617607229721686,0.03818307178310213,0.04796755976113384,0.11986025520039541,0.0,0.1565364864820423,0.10817229402743822,0.0,0.0,0.0,0.0,0.20406311753054998,0.0,0.0274415881655578,0.0,0.029131504868210582,0.0,0.0,0.0,0.0,0.0
2023-02-02,0.042047397872123644,0.04276259274446243,0.051169847692445224,0.07648821157532154,0.05617607229721686,0.03818307178310213,0.04796755976113384,0.11986025520039541,0.0,0.1565364864820423,0.10817229402743822,0.0,0.0,0.0,0.0,0.20406311753054998,0.0,0.0274415881655578,0.0,0.029131504868210582,0.0,0.0,0.0,0.0,0.0
2023-02-03,0.042047397872123644,0.04276259274446243,0.051169847692445224,0.07648821157532154,0.05617607229721686,0.03818307178310213,0.04796755976113384,0.11986025520039541,0.0,0.1565364864820423,0.10817229402743822,0.0,0.0,0.0,0.0,0.20406311753054998,0.0,0.0274415881655578,0.0,0.029131504868210582,0.0,0.0,0.0,0.0,0.0
2023-02-06,0.042047397872123644,0.04276259274446243,0.051169847692445224,0.07648821157532154,0.05617607229721686,0.03818307178310213,0.04796755976113384,0.11986025520039541,0.0,0.1565364864820423,0.10817229402743822,0.0,0.0,0.0,0.0,0.20406311753054998,0.0,0.0274415881655578,0.0,0.029131504868210582,0.0,0.0,0.0,0.0,0.0
2023-02-07,0.042047397872123644,0.04276259274446243,0.051169847692445224,0.07648821157532154,0.05617607229721686,0.03818307178310213,0.04796755976113384,0.11986025520039541,0.0,0.1565364864820423,0.10817229402743822,0.0,0.0,0.0,0.0,0.20406311753054998,0.0,0.0274415881655578,0.0,0.029131504868210582,0.0,0.0,0.0,0.0,0.0
2023-02-08,0.042047397872123644,0.04276259274446243,0.051169847692445224,0.07648821157532154,0.05617607229721686,0.03818307178310213,0.04796755976113384,0.11986025520039541,0.0,0.1565364864820423,0.10817229402743822,0.0,0.0,0.0,0.0,0.20406311753054998,0.0,0.0274415881655578,0.0,0.029131504868210582,0.0,0.0,0.0,0.0,0.0
2023-02-09,0.042047397872123644,0.04276259274446243,0.051169847692445224,0.07648821157532154,0.05617607229721686,0.03818307178310213,0.04796755976113384,0.11986025520039541,0.0,0.1565364864820423,0.10817229402743822,0.0,0.0,0.0,0.0,0.20406311753054998,0.0,0.0274415881655578,0.0,0.029131504868210582,0.0,0.0,0.0,0.0,0.0
2023-02-10,0.042047397872123644,0.04276259274446243,0.051169847692445224,0.07648821157532154,0.05617607229721686,0.03818307178310213,0.04796755976113384,0.11986025520039541,0.0,0.1565364864820423,0.10817229402743822,0.0,0.0,0.0,0.0,0.20406311753054998,0.0,0.0274415881655578,0.0,0.029131504868210582,0.0,0.0,0.0,0.0,0.0
2023-02-13,0.042047397872123644,0.04276259274446243,0.051169847692445224,0.07648821157532154,0.05617607229721686,0.03818307178310213,0.04796755976113384,0.11986025520039541,0.0,0.1565364864820423,0.10817229402743822,0.0,0.0,0.0,0.0,0.20406311753054998,0.0,0.0274415881655578,0.0,0.029131504868210582,0.0,0.0,0.0,0.0,0.0
2023-02-14,0.042047397872123644,0.04276259274446243,0.051169847692445224,0.07648821157532154,0.05617607229721686,0.03818307178310213,0.04796755976113384,0.11986025520039541,0.0,0.1565364864820423,0.10817229402743822,0.0,0.0,0.0,0.0,0.20406311753054998,0.0,0.0274415881655578,0.0,0.029131504868210582,0.0,0.0,0.0,0.0,0.0
2023-02-15,0.042047397872123644,0.04276259274446243,0.051169847692445224,0.07648821157532154,0.05617607229721686,0.03818307178310213,0.04796755976113384,0.11986025520039541,0.0,0.1565364864820423,0.10817229402743822,0.0,0.0,0.0,0.0,0.20406311753054998,0.0,0.0274415881655578,0.0,0.029131504868210582,0.0,0.0,0.0,0.0,0.0
2023-02-16,0.042047397872123644,0.04276259274446243,0.051169847692445224,0.07648821157532154,0.05617607229721686,0.03818307178310213,0.04796755976113384,0.11986025520039541,0.0,0.1565364864820423,0.10817229402743822,0.0,0.0,0.0,0.0,0.20406311753054998,0.0,0.0274415881655578,0.0,0.029131504868210582,0.0,0.0,0.0,0.0,0.0
2023-02-17,0.042047397872123644,0.04276259274446243,0.051169847692445224,0.07648821157532154,0.05617607229721686,0.03818307178310213,0.04796755976113384,0.11986025520039541,0.0,0.1565364864820423,0.10817229402743822,0.0,0.0,0.0,0.0,0.20406311753054998,0.0,0.0274415881655578,0.0,0.029131504868210582,0.0,0.0,0.0,0.0,0.0
2023-02-20,0.042047397872123644,0.04276259274446243,0.051169847692445224,0.07648821157532154,0.05617607229721686,0.03818307178310213,0.04796755976113384,0.11986025520039541,0.0,0.1565364864820423,0.10817229402743822,0.0,0.0,0.0,0.0,0.20406311753054998,0.0,0.0274415881655578,0.0,0.029131504868210582,0.0,0.0,0.0,0.0,0.0
2023-02-21,0.042047397872123644,0.04276259274446243,0.051169847692445224,0.07648821157532154,0.05617607229721686,0.03818307178310213,0.04796755976113384,0.11986025520039541,0.0,0.1565364864820423,0.10817229402743822,0.0,0.0,0.0,0.0,0.20406311753054998,0.0,0.0274415881655578,0.0,0.029131504868210582,0.0,0.0,0.0,0.0,0.0
2023-02-22,0.042047397872123644,0.04276259274446243,0.051169847692445224,0.07648821157532154,0.05617607229721686,0.03818307178310213,0.04796755976113384,0.11986025520039541,0.0,0.1565364864820423,0.10817229402743822,0.0,0.0,0.0,0.0,0.20406311753054998,0.0,0.0274415881655578,0.0,0.029131504868210582,0.0,0.0,0.0,0.0,0.0
2023-02-23,0.042047397872123644,0.04276259274446243,0.051169847692445224,0.07648821157532154,0.05617607229721686,0.03818307178310213,0.04796755976113384,0.11986025520039541,0.0,0.1565364864820423,0.10817229402743822,0.0,0.0,0.0,0.0,0.20406311753054998,0.0,0.0274415881655578,0.0,0.029131504868210582,0.0,0.0,0.0,0.0,0.0
2023-02-24,0.042047397872123644,0.04276259274446243,0.051169847692445224,0.07648821157532154,0.05617607229721686,0.03818307178310213,0.04796755976113384,0.11986025520039541,0.0,0.1565364864820423,0.10817229402743822,0.0,0.0,0.0,0.0,0.20406311753054998,0.0,0.0274415881655578,0.0,0.029131504868210582,0.0,0.0,0.0,0.0,0.0
2023-02-27,0.042047397872123644,0.04276259274446243,0.051169847692445224,0.07648821157532154,0.05617607229721686,0.03818307178310213,0.04796755976113384,0.11986025520039541,0.0,0.1565364864820423,0.10817229402743822,0.0,0.0,0.0,0.0,0.20406311753054998,0.0,0.0274415881655578,0.0,0.029131504868210582,0.0,0.0,0.0,0.0,0.0
2023-02-28,0.042047397872123644,0.04276259274446243,0.051169847692445224,0.07648821157532154,0.05617607229721686,0.03818307178310213,0.04796755976113384,0.11986025520039541,0.0,0.1565364864820423,0.10817229402743822,0.0,0.0,0.0,0.0,0.20406311753054998,0.0,0.0274415881655578,0.0,0.029131504868210582,0.0,0.0,0.0,0.0,0.0
2023-03-01,0.042047397872123644,0.04276259274446243,0.051169847692445224,0.07648821157532154,0.05617607229721686,0.03818307178310213,0.04796755976113384,0.11986025520039541,0.0,0.1565364864820423,0.10817229402743822,0.0,0.0,0.0,0.0,0.20406311753054998,0.0,0.0274415881655578,0.0,0.029131504868210582,0.0,0.0,0.0,0.0,0.0
2023-03-02,0.042047397872123644,0.04276259274446243,0.051169847692445224,0.07648821157532154,0.05617607229721686,0.03818307178310213,0.04796755976113384,0.11986025520039541,0.0,0.1565364864820423,0.10817229402743822,0.0,0.0,0.0,0.0,0.20406311753054998,0.0,0.0274415881655578,0.0,0.029131504868210582,0.0,0.0,0.0,0.0,0.0
2023-03-03,0.042047397872123644,0.04276259274446243,0.051169847692445224,0.07648821157532154,0.05617607229721686,0.03818307178310213,0.04796755976113384,0.11986025520039541,0.0,0.1565364864820423,0.10817229402743822,0.0,0.0,0.0,0.0,0.20406311753054998,0.0,0.0274415881655578,0.0,0.029131504868210582,0.0,0.0,0.0,0.0,0.0
2023-03-06,0.042047397872123644,0.04276259274446243,0.051169847692445224,0.07648821157532154,0.05617607229721686,0.03818307178310213,0.04796755976113384,0.11986025520039541,0.0,0.1565364864820423,0.10817229402743822,0.0,0.0,0.0,0.0,0.20406311753054998,0.0,0.0274415881655578,0.0,0.029131504868210582,0.0,0.0,0.0,0.0,0.0
2023-03-07,0.042047397872123644,0.04276259274446243,0.051169847692445224,0.07648821157532154,0.05617607229721686,0.03818307178310213,0.04796755976113384,0.11986025520039541,0.0,0.1565364864820423,0.10817229402743822,0.0,0.0,0.0,0.0,0.20406311753054998,0.0,0.0274415881655578,0.0,0.029131504868210582,0.0,0.0,0.0,0.0,0.0
2023-03-08,0.042047397872123644,0.04276259274446243,0.051169847692445224,0.07648821157532154,0.05617607229721686,0.03818307178310213,0.04796755976113384,0.11986025520039541,0.0,0.1565364864820423,0.10817229402743822,0.0,0.0,0.0,0.0,0.20406311753054998,0.0,0.0274415881655578,0.0,0.029131504868210582,0.0,0.0,0.0,0.0,0.0
2023-03-09,0.042047397872123644,0.04276259274446243,0.051169847692445224,0.07648821157532154,0.05617607229721686,0.03818307178310213,0.04796755976113384,0.11986025520039541,0.0,0.1565364864820423,0.10817229402743822,0.0,0.0,0.0,0.0,0.20406311753054998,0.0,0.0274415881655578,0.0,0.029131504868210582,0.0,0.0,0.0,0.0,0.0
2023-03-10,0.042047397872123644,0.04276259274446243,0.051169847692445224,0.07648821157532154,0.05617607229721686,0.03818307178310213,0.04796755976113384,0.11986025520039541,0.0,0.1565364864820423,0.10817229402743822,0.0,0.0,0.0,0.0,0.20406311753054998,0.0,0.0274415881655578,0.0,0.029131504868210582,0.0,0.0,0.0,0.0,0.0
2023-03-13,0.042047397872123644,0.04276259274446243,0.051169847692445224,0.07648821157532154,0.05617607229721686,0.03818307178310213,0.04796755976113384,0.11986025520039541,0.0,0.1565364864820423,0.10817229402743822,0.0,0.0,0.0,0.0,0.20406311753054998,0.0,0.0274415881655578,0.0,0.029131504868210582,0.0,0.0,0.0,0.0,0.0
2023-03-14,0.042047397872123644,0.04276259274446243,0.051169847692445224,0.07648821157532154,0.05617607229721686,0.03818307178310213,0.04796755976113384,0.11986025520039541,0.0,0.1565364864820423,0.10817229402743822,0.0,0.0,0.0,0.0,0.20406311753054998,0.0,0.0274415881655578,0.0,0.029131504868210582,0.0,0.0,0.0,0.0,0.0
2023-03-15,0.042047397872123644,0.04276259274446243,0.051169847692445224,0.07648821157532154,0.05617607229721686,0.03818307178310213,0.04796755976113384,0.11986025520039541,0.0,0.1565364864820423,0.10817229402743822,0.0,0.0,0.0,0.0,0.20406311753054998,0.0,0.0274415881655578,0.0,0.029131504868210582,0.0,0.0,0.0,0.0,0.0
2023-03-16,0.042047397872123644,0.04276259274446243,0.051169847692445224,0.07648821157532154,0.05617607229721686,0.03818307178310213,0.04796755976113384,0.11986025520039541,0.0,0.1565364864820423,0.10817229402743822,0.0,0.0,0.0,0.0,0.20406311753054998,0.0,0.0274415881655578,0.0,0.029131504868210582,0.0,0.0,0.0,0.0,0.0
2023-03-17,0.042047397872123644,0.04276259274446243,0.051169847692445224,0.07648821157532154,0.05617607229721686,0.03818307178310213,0.04796755976113384,0.11986025520039541,0.0,0.1565364864820423,0.10817229402743822,0.0,0.0,0.0,0.0,0.20406311753054998,0.0,0.0274415881655578,0.0,0.029131504868210582,0.0,0.0,0.0,0.0,0.0
2023-03-20,0.042047397872123644,0.04276259274446243,0.051169847692445224,0.07648821157532154,0.05617607229721686,0.03818307178310213,0.04796755976113384,0.11986025520039541,0.0,0.1565364864820423,0.10817229402743822,0.0,0.0,0.0,0.0,0.20406311753054998,0.0,0.0274415881655578,0.0,0.029131504868210582,0.0,0.0,0.0,0.0,0.0
2023-03-21,0.042047397872123644,0.04276259274446243,0.051169847692445224,0.07648821157532154,0.05617607229721686,0.03818307178310213,0.04796755976113384,0.11986025520039541,0.0,0.1565364864820423,0.10817229402743822,0.0,0.0,0.0,0.0,0.20406311753054998,0.0,0.0274415881655578,0.0,0.029131504868210582,0.0,0.0,0.0,0.0,0.0
2023-03-22,0.042047397872123644,0.04276259274446243,0.051169847692445224,0.07648821157532154,0.05617607229721686,0.03818307178310213,0.04796755976113384,0.11986025520039541,0.0,0.1565364864820423,0.10817229402743822,0.0,0.0,0.0,0.0,0.20406311753054998,0.0,0.0274415881655578,0.0,0.029131504868210582,0.0,0.0,0.0,0.0,0.0
2023-03-23,0.042047397872123644,0.04276259274446243,0.051169847692445224,0.07648821157532154,0.05617607229721686,0.03818307178310213,0.04796755976113384,0.11986025520039541,0.0,0.1565364864820423,0.10817229402743822,0.0,0.0,0.0,0.0,0.20406311753054998,0.0,0.0274415881655578,0.0,0.029131504868210582,0.0,0.0,0.0,0.0,0.0
2023-03-24,0.042047397872123644,0.04276259274446243,0.051169847692445224,0.07648821157532154,0.05617607229721686,0.03818307178310213,0.04796755976113384,0.11986025520039541,0.0,0.1565364864820423,0.10817229402743822,0.0,0.0,0.0,0.0,0.20406311753054998,0.0,0.0274415881655578,0.0,0.029131504868210582,0.0,0.0,0.0,0.0,0.0
2023-03-27,0.042047397872123644,0.04276259274446243,0.051169847692445224,0.07648821157532154,0.05617607229721686,0.03818307178310213,0.04796755976113384,0.11986025520039541,0.0,0.1565364864820423,0.10817229402743822,0.0,0.0,0.0,0.0,0.20406311753054998,0.0,0.0274415881655578,0.0,0.029131504868210582,0.0,0.0,0.0,0.0,0.0
2023-03-28,0.042047397872123644,0.04276259274446243,0.051169847692445224,0.07648821157532154,0.05617607229721686,0.03818307178310213,0.04796755976113384,0.11986025520039541,0.0,0.1565364864820423,0.10817229402743822,0.0,0.0,0.0,0.0,0.20406311753054998,0.0,0.0274415881655578,0.0,0.029131504868210582,0.0,0.0,0.0,0.0,0.0
2023-03-29,0.042047397872123644,0.04276259274446243,0.051169847692445224,0.07648821157532154,0.05617607229721686,0.03818307178310213,0.04796755976113384,0.11986025520039541,0.0,0.1565364864820423,0.10817229402743822,0.0,0.0,0.0,0.0,0.20406311753054998,0.0,0.0274415881655578,0.0,0.029131504868210582,0.0,0.0,0.0,0.0,0.0
2023-03-30,0.042047397872123644,0.04276259274446243,0.051169847692445224,0.07648821157532154,0.05617607229721686,0.03818307178310213,0.04796755976113384,0.11986025520039541,0.0,0.1565364864820423,0.10817229402743822,0.0,0.0,0.0,0.0,0.20406311753054998,0.0,0.0274415881655578,0.0,0.029131504868210582,0.0,0.0,0.0,0.0,0.0
2023-03-31,0.042047397872123644,0.04276259274446243,0.051169847692445224,0.07648821157532154,0.05617607229721686,0.03818307178310213,0.04796755976113384,0.11986025520039541,0.0,0.1565364864820423,0.10817229402743822,0.0,0.0,0.0,0.0,0.20406311753054998,0.0,0.0274415881655578,0.0,0.029131504868210582,0.0,0.0,0.0,0.0,0.0
2023-04-03,0.0856422774769615,0.08667687513528902,0.08514987771468498,0.07971188566262695,0.09375380857209997,0.06387542831444042,0.06134164251457375,0.10433631144329353,0.0,0.16347621225668554,0.0,0.0,0.048357254995913375,0.0,0.0,0.05265569869502981,0.0,0.038300895314503126,0.0,0.03672183190389809,0.0,0.0,0.0,0.0,0.0
2023-04-04,0.0856422774769615,0.08667687513528902,0.08514987771468498,0.07971188566262695,0.09375380857209997,0.06387542831444042,0.06134164251457375,0.10433631144329353,0.0,0.16347621225668554,0.0,0.0,0.048357254995913375,0.0,0.0,0.05265569869502981,0.0,0.038300895314503126,0.0,0.03672183190389809,0.0,0.0,0.0,0.0,0.0
2023-04-05,0.0856422774769615,0.08667687513528902,0.08514987771468498,0.07971188566262695,0.09375380857209997,0.06387542831444042,0.06134164251457375,0.10433631144329353,0.0,0.16347621225668554,0.0,0.0,0.048357254995913375,0.0,0.0,0.05265569869502981,0.0,0.038300895314503126,0.0,0.03672183190389809,0.0,0.0,0.0,0.0,0.0
2023-04-06,0.0856422774769615,0.08667687513528902,0.08514987771468498,0.07971188566262695,0.09375380857209997,0.06387542831444042,0.06134164251457375,0.10433631144329353,0.0,0.16347621225668554,0.0,0.0,0.048357254995913375,0.0,0.0,0.05265569869502981,0.0,0.038300895314503126,0.0,0.03672183190389809,0.0,0.0,0.0,0.0,0.0
2023-04-07,0.0856422774769615,0.08667687513528902,0.08514987771468498,0.07971188566262695,0.09375380857209997,0.06387542831444042,0.06134164251457375,0.10433631144329353,0.0,0.16347621225668554,0.0,0.0,0.048357254995913375,0.0,0.0,0.05265569869502981,0.0,0.038300895314503126,0.0,0.03672183190389809,0.0,0.0,0.0,0.0,0.0
2023-04-10,0.0856422774769615,0.08667687513528902,0.08514987771468498,0.07971188566262695,0.09375380857209997,0.06387542831444042,0.06134164251457375,0.10433631144329353,0.0,0.16347621225668554,0.0,0.0,0.048357254995913375,0.0,0.0,0.05265569869502981,0.0,0.038300895314503126,0.0,0.03672183190389809,0.0,0.0,0.0,0.0,0.0
2023-04-11,0.0856422774769615,0.08667687513528902,0.08514987771468498,0.07971188566262695,0.09375380857209997,0.06387542831444042,0.06134164251457375,0.10433631144329353,0.0,0.16347621225668554,0.0,0.0,0.048357254995913375,0.0,0.0,0.05265569869502981,0.0,0.038300895314503126,0.0,0.03672183190389809,0.0,0.0,0.0,0.0,0.0
2023-04-12,0.0856422774769615,0.08667687513528902,0.08514987771468498,0.07971188566262695,0.09375380857209997,0.06387542831444042,0.06134164251457375,0.10433631144329353,0.0,0.16347621225668554,0.0,0.0,0.048357254995913375,0.0,0.0,0.05265569869502981,0.0,0.038300895314503126,0.0,0.03672183190389809,0.0,0.0,0.0,0.0,0.0
2023-04-13,0.0856422774769615,0.08667687513528902,0.08514987771468498,0.07971188566262695,0.09375380857209997,0.06387542831444042,0.06134164251457375,0.10433631144329353,0.0,0.16347621225668554,0.0,0.0,0.048357254995913375,0.0,0.0,0.05265569869502981,0.0,0.038300895314503126,0.0,0.03672183190389809,0.0,0.0,0.0,0.0,0.0
2023-04-14,0.0856422774769615,0.08667687513528902,0.08514987771468498,0.07971188566262695,0.09375380857209997,0.06387542831444042,0.06134164251457375,0.10433631144329353,0.0,0.16347621225668554,0.0,0.0,0.048357254995913375,0.0,0.0,0.05265569869502981,0.0,0.038300895314503126,0.0,0.03672183190389809,0.0,0.0,0.0,0.0,0.0
2023-04-17,0.0856422774769615,0.08667687513528902,0.08514987771468498,0.07971188566262695,0.09375380857209997,0.06387542831444042,0.06134164251457375,0.10433631144329353,0.0,0.16347621225668554,0.0,0.0,0.048357254995913375,0.0,0.0,0.05265569869502981,0.0,0.038300895314503126,0.0,0.03672183190389809,0.0,0.0,0.0,0.0,0.0
2023-04-18,0.0856422774769615,0.08667687513528902,0.08514987771468498,0.07971188566262695,0.09375380857209997,0.06387542831444042,0.06134164251457375,0.10433631144329353,0.0,0.16347621225668554,0.0,0.0,0.048357254995913375,0.0,0.0,0.05265569869502981,0.0,0.038300895314503126,0.0,0.03672183190389809,0.0,0.0,0.0,0.0,0.0
2023-04-19,0.0856422774769615,0.08667687513528902,0.08514987771468498,0.07971188566262695,0.09375380857209997,0.06387542831444042,0.06134164251457375,0.10433631144329353,0.0,0.16347621225668554,0.0,0.0,0.048357254995913375,0.0,0.0,0.05265569869502981,0.0,0.038300895314503126,0.0,0.03672183190389809,0.0,0.0,0.0,0.0,0.0
2023-04-20,0.0856422774769615,0.08667687513528902,0.08514987771468498,0.07971188566262695,0.09375380857209997,0.06387542831444042,0.06134164251457375,0.10433631144329353,0.0,0.16347621225668554,0.0,0.0,0.048357254995913375,0.0,0.0,0.05265569869502981,0.0,0.038300895314503126,0.0,0.03672183190389809,0.0,0.0,0.0,0.0,0.0
2023-04-21,0.0856422774769615,0.08667687513528902,0.08514987771468498,0.07971188566262695,0.09375380857209997,0.06387542831444042,0.06134164251457375,0.10433631144329353,0.0,0.16347621225668554,0.0,0.0,0.048357254995913375,0.0,0.0,0.05265569869502981,0.0,0.038300895314503126,0.0,0.03672183190389809,0.0,0.0,0.0,0.0,0.0
2023-04-24,0.0856422774769615,0.08667687513528902,0.08514987771468498,0.07971188566262695,0.09375380857209997,0.06387542831444042,0.06134164251457375,0.10433631144329353,0.0,0.16347621225668554,0.0,0.0,0.048357254995913375,0.0,0.0,0.05265569869502981,0.0,0.038300895314503126,0.0,0.03672183190389809,0.0,0.0,0.0,0.0,0.0
2023-04-25,0.0856422774769615,0.08667687513528902,0.08514987771468498,0.07971188566262695,0.09375380857209997,0.06387542831444042,0.06134164251457375,0.10433631144329353,0.0,0.16347621225668554,0.0,0.0,0.048357254995913375,0.0,0.0,0.05265569869502981,0.0,0.038300895314503126,0.0,0.03672183190389809,0.0,0.0,0.0,0.0,0.0
2023-04-26,0.0856422774769615,0.08667687513528902,0.08514987771468498,0.07971188566262695,0.09375380857209997,0.06387542831444042,0.06134164251457375,0.10433631144329353,0.0,0.16347621225668554,0.0,0.0,0.048357254995913375,0.0,0.0,0.05265569869502981,0.0,0.038300895314503126,0.0,0.03672183190389809,0.0,0.0,0.0,0.0,0.0
2023-04-27,0.0856422774769615,0.08667687513528902,0.08514987771468498,0.07971188566262695,0.09375380857209997,0.06387542831444042,0.06134164251457375,0.10433631144329353,0.0,0.16347621225668554,0.0,0.0,0.048357254995913375,0.0,0.0,0.05265569869502981,0.0,0.038300895314503126,0.0,0.03672183190389809,0.0,0.0,0.0,0.0,0.0
2023-04-28,0.0856422774769615,0.08667687513528902,0.08514987771468498,0.07971188566262695,0.09375380857209997,0.06387542831444042,0.06134164251457375,0.10433631144329353,0.0,0.16347621225668554,0.0,0.0,0.048357254995913375,0.0,0.0,0.05265569869502981,0.0,0.038300895314503126,0.0,0.03672183190389809,0.0,0.0,0.0,0.0,0.0
2023-05-01,0.0856422774769615,0.08667687513528902,0.08514987771468498,0.07971188566262695,0.09375380857209997,0.06387542831444042,0.06134164251457375,0.10433631144329353,0.0,0.16347621225668554,0.0,0.0,0.048357254995913375,0.0,0.0,0.05265569869502981,0.0,0.038300895314503126,0.0,0.03672183190389809,0.0,0.0,0.0,0.0,0.0
2023-05-02,0.0856422774769615,0.08667687513528902,0.08514987771468498,0.07971188566262695,0.09375380857209997,0.06387542831444042,0.06134164251457375,0.10433631144329353,0.0,0.16347621225668554,0.0,0.0,0.048357254995913375,0.0,0.0,0.05265569869502981,0.0,0.038300895314503126,0.0,0.03672183190389809,0.0,0.0,0.0,0.0,0.0
2023-05-03,0.0856422774769615,0.08667687513528902,0.08514987771468498,0.07971188566262695,0.09375380857209997,0.06387542831444042,0.06134164251457375,0.10433631144329353,0.0,0.16347621225668554,0.0,0.0,0.048357254995913375,0.0,0.0,0.05265569869502981,0.0,0.038300895314503126,0.0,0.03672183190389809,0.0,0.0,0.0,0.0,0.0
2023-05-04,0.0856422774769615,0.08667687513528902,0.08514987771468498,0.07971188566262695,0.09375380857209997,0.06387542831444042,0.06134164251457375,0.10433631144329353,0.0,0.16347621225668554,0.0,0.0,0.048357254995913375,0.0,0.0,0.05265569869502981,0.0,0.038300895314503126,0.0,0.03672183190389809,0.0,0.0,0.0,0.0,0.0
2023-05-05,0.0856422774769615,0.08667687513528902,0.08514987771468498,0.07971188566262695,0.09375380857209997,0.06387542831444042,0.06134164251457375,0.10433631144329353,0.0,0.16347621225668554,0.0,0.0,0.048357254995913375,0.0,0.0,0.05265569869502981,0.0,0.038300895314503126,0.0,0.03672183190389809,0.0,0.0,0.0,0.0,0.0
2023-05-08,0.0856422774769615,0.08667687513528902,0.08514987771468498,0.07971188566262695,0.09375380857209997,0.06387542831444042,0.06134164251457375,0.10433631144329353,0.0,0.16347621225668554,0.0,0.0,0.048357254995913375,0.0,0.0,0.05265569869502981,0.0,0.038300895314503126,0.0,0.03672183190389809,0.0,0.0,0.0,0.0,0.0
2023-05-09,0.0856422774769615,0.08667687513528902,0.08514987771468498,0.07971188566262695,0.09375380857209997,0.06387542831444042,0.06134164251457375,0.10433631144329353,0.0,0.16347621225668554,0.0,0.0,0.048357254995913375,0.0,0.0,0.05265569869502981,0.0,0.038300895314503126,0.0,0.03672183190389809,0.0,0.0,0.0,0.0,0.0
2023-05-10,0.0856422774769615,0.08667687513528902,0.08514987771468498,0.07971188566262695,0.09375380857209997,0.06387542831444042,0.06134164251457375,0.10433631144329353,0.0,0.16347621225668554,0.0,0.0,0.048357254995913375,0.0,0.0,0.05265569869502981,0.0,0.038300895314503126,0.0,0.03672183190389809,0.0,0.0,0.0,0.0,0.0
2023-05-11,0.0856422774769615,0.08667687513528902,0.08514987771468498,0.07971188566262695,0.09375380857209997,0.06387542831444042,0.06134164251457375,0.10433631144329353,0.0,0.16347621225668554,0.0,0.0,0.048357254995913375,0.0,0.0,0.05265569869502981,0.0,0.038300895314503126,0.0,0.03672183190389809,0.0,0.0,0.0,0.0,0.0
2023-05-12,0.0856422774769615,0.08667687513528902,0.08514987771468498,0.07971188566262695,0.09375380857209997,0.06387542831444042,0.06134164251457375,0.10433631144329353,0.0,0.16347621225668554,0.0,0.0,0.048357254995913375,0.0,0.0,0.05265569869502981,0.0,0.038300895314503126,0.0,0.03672183190389809,0.0,0.0,0.0,0.0,0.0
2023-05-15,0.0856422774769615,0.08667687513528902,0.08514987771468498,0.07971188566262695,0.09375380857209997,0.06387542831444042,0.06134164251457375,0.10433631144329353,0.0,0.16347621225668554,0.0,0.0,0.048357254995913375,0.0,0.0,0.05265569869502981,0.0,0.038300895314503126,0.0,0.03672183190389809,0.0,0.0,0.0,0.0,0.0
2023-05-16,0.0856422774769615,0.08667687513528902,0.08514987771468498,0.07971188566262695,0.09375380857209997,0.06387542831444042,0.06134164251457375,0.10433631144329353,0.0,0.16347621225668554,0.0,0.0,0.048357254995913375,0.0,0.0,0.05265569869502981,0.0,0.038300895314503126,0.0,0.03672183190389809,0.0,0.0,0.0,0.0,0.0
2023-05-17,0.0856422774769615,0.08667687513528902,0.08514987771468498,0.07971188566262695,0.09375380857209997,0.06387542831444042,0.06134164251457375,0.10433631144329353,0.0,0.16347621225668554,0.0,0.0,0.048357254995913375,0.0,0.0,0.05265569869502981,0.0,0.038300895314503126,0.0,0.03672183190389809,0.0,0.0,0.0,0.0,0.0
2023-05-18,0.0856422774769615,0.08667687513528902,0.08514987771468498,0.07971188566262695,0.09375380857209997,0.06387542831444042,0.06134164251457375,0.10433631144329353,0.0,0.16347621225668554,0.0,0.0,0.048357254995913375,0.0,0.0,0.05265569869502981,0.0,0.038300895314503126,0.0,0.03672183190389809,0.0,0.0,0.0,0.0,0.0
2023-05-19,0.0856422774769615,0.08667687513528902,0.08514987771468498,0.07971188566262695,0.09375380857209997,0.06387542831444042,0.06134164251457375,0.10433631144329353,0.0,0.16347621225668554,0.0,0.0,0.048357254995913375,0.0,0.0,0.05265569869502981,0.0,0.038300895314503126,0.0,0.03672183190389809,0.0,0.0,0.0,0.0,0.0
2023-05-22,0.0856422774769615,0.08667687513528902,0.08514987771468498,0.07971188566262695,0.09375380857209997,0.06387542831444042,0.06134164251457375,0.10433631144329353,0.0,0.16347621225668554,0.0,0.0,0.048357254995913375,0.0,0.0,0.05265569869502981,0.0,0.038300895314503126,0.0,0.03672183190389809,0.0,0.0,0.0,0.0,0.0
2023-05-23,0.0856422774769615,0.08667687513528902,0.08514987771468498,0.07971188566262695,0.09375380857209997,0.06387542831444042,0.06134164251457375,0.10433631144329353,0.0,0.16347621225668554,0.0,0.0,0.048357254995913375,0.0,0.0,0.05265569869502981,0.0,0.038300895314503126,0.0,0.03672183190389809,0.0,0.0,0.0,0.0,0.0
2023-05-24,0.0856422774769615,0.08667687513528902,0.08514987771468498,0.07971188566262695,0.09375380857209997,0.06387542831444042,0.06134164251457375,0.10433631144329353,0.0,0.16347621225668554,0.0,0.0,0.048357254995913375,0.0,0.0,0.05265569869502981,0.0,0.038300895314503126,0.0,0.03672183190389809,0.0,0.0,0.0,0.0,0.0
2023-05-25,0.0856422774769615,0.08667687513528902,0.08514987771468498,0.07971188566262695,0.09375380857209997,0.06387542831444042,0.06134164251457375,0.10433631144329353,0.0,0.16347621225668554,0.0,0.0,0.048357254995913375,0.0,0.0,0.05265569869502981,0.0,0.038300895314503126,0.0,0.03672183190389809,0.0,0.0,0.0,0.0,0.0
2023-05-26,0.0856422774769615,0.08667687513528902,0.08514987771468498,0.07971188566262695,0.09375380857209997,0.06387542831444042,0.06134164251457375,0.10433631144329353,0.0,0.16347621225668554,0.0,0.0,0.048357254995913375,0.0,0.0,0.05265569869502981,0.0,0.038300895314503126,0.0,0.03672183190389809,0.0,0.0,0.0,0.0,0.0
2023-05-29,0.0856422774769615,0.08667687513528902,0.08514987771468498,0.07971188566262695,0.09375380857209997,0.06387542831444042,0.06134164251457375,0.10433631144329353,0.0,0.16347621225668554,0.0,0.0,0.048357254995913375,0.0,0.0,0.05265569869502981,0.0,0.038300895314503126,0.0,0.03672183190389809,0.0,0.0,0.0,0.0,0.0
2023-05-30,0.0856422774769615,0.08667687513528902,0.08514987771468498,0.07971188566262695,0.09375380857209997,0.06387542831444042,0.06134164251457375,0.10433631144329353,0.0,0.16347621225668554,0.0,0.0,0.048357254995913375,0.0,0.0,0.05265569869502981,0.0,0.038300895314503126,0.0,0.03672183190389809,0.0,0.0,0.0,0.0,0.0
2023-05-31,0.0856422774769615,0.08667687513528902,0.08514987771468498,0.07971188566262695,0.09375380857209997,0.06387542831444042,0.06134164251457375,0.10433631144329353,0.0,0.16347621225668554,0.0,0.0,0.048357254995913375,0.0,0.0,0.05265569869502981,0.0,0.038300895314503126,0.0,0.03672183190389809,0.0,0.0,0.0,0.0,0.0
2023-06-01,0.07544375124417549,0.07796757772428368,0.06618432272472721,0.12659769501914267,0.09712229597432208,0.05584109519149101,0.07228384539759254,0.0969416730645031,0.0,0.11202094969224691,0.0,0.06420923649895077,0.051448432513083245,0.0,0.0,0.0,0.0,0.05464011390389715,0.0,0.049299011051584234,0.0,0.0,0.0,0.0,0.0
2023-06-02,0.07544375124417549,0.07796757772428368,0.06618432272472721,0.12659769501914267,0.09712229597432208,0.05584109519149101,0.07228384539759254,0.0969416730645031,0.0,0.11202094969224691,0.0,0.06420923649895077,0.051448432513083245,0.0,0.0,0.0,0.0,0.05464011390389715,0.0,0.049299011051584234,0.0,0.0,0.0,0.0,0.0
2023-06-05,0.07544375124417549,0.07796757772428368,0.06618432272472721,0.12659769501914267,0.09712229597432208,0.05584109519149101,0.07228384539759254,0.0969416730645031,0.0,0.11202094969224691,0.0,0.06420923649895077,0.051448432513083245,0.0,0.0,0.0,0.0,0.05464011390389715,0.0,0.049299011051584234,0.0,0.0,0.0,0.0,0.0
2023-06-06,0.07544375124417549,0.07796757772428368,0.06618432272472721,0.12659769501914267,0.09712229597432208,0.05584109519149101,0.07228384539759254,0.0969416730645031,0.0,0.11202094969224691,0.0,0.06420923649895077,0.051448432513083245,0.0,0.0,0.0,0.0,0.05464011390389715,0.0,0.049299011051584234,0.0,0.0,0.0,0.0,0.0
2023-06-07,0.07544375124417549,0.07796757772428368,0.06618432272472721,0.12659769501914267,0.09712229597432208,0.05584109519149101,0.07228384539759254,0.0969416730645031,0.0,0.11202094969224691,0.0,0.06420923649895077,0.051448432513083245,0.0,0.0,0.0,0.0,0.05464011390389715,0.0,0.049299011051584234,0.0,0.0,0.0,0.0,0.0
2023-06-08,0.07544375124417549,0.07796757772428368,0.06618432272472721,0.12659769501914267,0.09712229597432208,0.05584109519149101,0.07228384539759254,0.0969416730645031,0.0,0.11202094969224691,0.0,0.06420923649895077,0.051448432513083245,0.0,0.0,0.0,0.0,0.05464011390389715,0.0,0.049299011051584234,0.0,0.0,0.0,0.0,0.0
2023-06-09,0.07544375124417549,0.07796757772428368,0.06618432272472721,0.12659769501914267,0.09712229597432208,0.05584109519149101,0.07228384539759254,0.0969416730645031,0.0,0.11202094969224691,0.0,0.06420923649895077,0.051448432513083245,0.0,0.0,0.0,0.0,0.05464011390389715,0.0,0.049299011051584234,0.0,0.0,0.0,0.0,0.0
2023-06-12,0.07544375124417549,0.07796757772428368,0.06618432272472721,0.12659769501914267,0.09712229597432208,0.05584109519149101,0.07228384539759254,0.0969416730645031,0.0,0.11202094969224691,0.0,0.06420923649895077,0.051448432513083245,0.0,0.0,0.0,0.0,0.05464011390389715,0.0,0.049299011051584234,0.0,0.0,0.0,0.0,0.0
2023-06-13,0.07544375124417549,0.07796757772428368,0.06618432272472721,0.12659769501914267,0.09712229597432208,0.05584109519149101,0.07228384539759254,0.0969416730645031,0.0,0.11202094969224691,0.0,0.06420923649895077,0.051448432513083245,0.0,0.0,0.0,0.0,0.05464011390389715,0.0,0.049299011051584234,0.0,0.0,0.0,0.0,0.0
2023-06-14,0.07544375124417549,0.07796757772428368,0.06618432272472721,0.12659769501914267,0.09712229597432208,0.05584109519149101,0.07228384539759254,0.0969416730645031,0.0,0.11202094969224691,0.0,0.06420923649895077,0.051448432513083245,0.0,0.0,0.0,0.0,0.05464011390389715,0.0,0.049299011051584234,0.0,0.0,0.0,0.0,0.0
2023-06-15,0.07544375124417549,0.07796757772428368,0.06618432272472721,0.12659769501914267,0.09712229597432208,0.05584109519149101,0.07228384539759254,0.0969416730645031,0.0,0.11202094969224691,0.0,0.06420923649895077,0.051448432513083245,0.0,0.0,0.0,0.0,0.05464011390389715,0.0,0.049299011051584234,0.0,0.0,0.0,0.0,0.0
2023-06-16,0.07544375124417549,0.07796757772428368,0.06618432272472721,0.12659769501914267,0.09712229597432208,0.05584109519149101,0.07228384539759254,0.0969416730645031,0.0,0.11202094969224691,0.0,0.06420923649895077,0.051448432513083245,0.0,0.0,0.0,0.0,0.05464011390389715,0.0,0.049299011051584234,0.0,0.0,0.0,0.0,0.0
2023-06-19,0.07544375124417549,0.07796757772428368,0.06618432272472721,0.12659769501914267,0.09712229597432208,0.05584109519149101,0.07228384539759254,0.0969416730645031,0.0,0.11202094969224691,0.0,0.06420923649895077,0.051448432513083245,0.0,0.0,0.0,0.0,0.05464011390389715,0.0,0.049299011051584234,0.0,0.0,0.0,0.0,0.0
2023-06-20,0.07544375124417549,0.07796757772428368,0.06618432272472721,0.12659769501914267,0.09712229597432208,0.05584109519149101,0.07228384539759254,0.0969416730645031,0.0,0.11202094969224691,0.0,0.06420923649895077,0.051448432513083245,0.0,0.0,0.0,0.0,0.05464011390389715,0.0,0.049299011051584234,0.0,0.0,0.0,0.0,0.0
2023-06-21,0.07544375124417549,0.07796757772428368,0.06618432272472721,0.12659769501914267,0.09712229597432208,0.05584109519149101,0.07228384539759254,0.0969416730645031,0.0,0.11202094969224691,0.0,0.06420923649895077,0.051448432513083245,0.0,0.0,0.0,0.0,0.05464011390389715,0.0,0.049299011051584234,0.0,0.0,0.0,0.0,0.0
2023-06-22,0.07544375124417549,0.07796757772428368,0.06618432272472721,0.12659769501914267,0.09712229597432208,0.05584109519149101,0.07228384539759254,0.0969416730645031,0.0,0.11202094969224691,0.0,0.06420923649895077,0.051448432513083245,0.0,0.0,0.0,0.0,0.05464011390389715,0.0,0.049299011051584234,0.0,0.0,0.0,0.0,0.0
2023-06-23,0.07544375124417549,0.07796757772428368,0.06618432272472721,0.12659769501914267,0.09712229597432208,0.05584109519149101,0.07228384539759254,0.0969416730645031,0.0,0.11202094969224691,0.0,0.06420923649895077,0.051448432513083245,0.0,0.0,0.0,0.0,0.05464011390389715,0.0,0.049299011051584234,0.0,0.0,0.0,0.0,0.0
2023-06-26,0.07544375124417549,0.07796757772428368,0.06618432272472721,0.12659769501914267,0.09712229597432208,0.05584109519149101,0.07228384539759254,0.0969416730645031,0.0,0.11202094969224691,0.0,0.06420923649895077,0.051448432513083245,0.0,0.0,0.0,0.0,0.05464011390389715,0.0,0.049299011051584234,0.0,0.0,0.0,0.0,0.0
2023-06-27,0.07544375124417549,0.07796757772428368,0.06618432272472721,0.12659769501914267,0.09712229597432208,0.05584109519149101,0.07228384539759254,0.0969416730645031,0.0,0.11202094969224691,0.0,0.06420923649895077,0.051448432513083245,0.0,0.0,0.0,0.0,0.05464011390389715,0.0,0.049299011051584234,0.0,0.0,0.0,0.0,0.0
2023-06-28,0.07544375124417549,0.07796757772428368,0.06618432272472721,0.12659769501914267,0.09712229597432208,0.05584109519149101,0.07228384539759254,0.0969416730645031,0.0,0.11202094969224691,0.0,0.06420923649895077,0.051448432513083245,0.0,0.0,0.0,0.0,0.05464011390389715,0.0,0.049299011051584234,0.0,0.0,0.0,0.0,0.0
2023-06-29,0.07544375124417549,0.07796757772428368,0.06618432272472721,0.12659769501914267,0.09712229597432208,0.05584109519149101,0.07228384539759254,0.0969416730645031,0.0,0.11202094969224691,0.0,0.06420923649895077,0.051448432513083245,0.0,0.0,0.0,0.0,0.05464011390389715,0.0,0.049299011051584234,0.0,0.0,0.0,0.0,0.0
2023-06-30,0.07544375124417549,0.07796757772428368,0.06618432272472721,0.12659769501914267,0.09712229597432208,0.05584109519149101,0.07228384539759254,0.0969416730645031,0.0,0.11202094969224691,0.0,0.06420923649895077,0.051448432513083245,0.0,0.0,0.0,0.0,0.05464011390389715,0.0,0.049299011051584234,0.0,0.0,0.0,0.0,0.0
2023-07-03,0.07544375124417549,0.07796757772428368,0.06618432272472721,0.12659769501914267,0.09712229597432208,0.05584109519149101,0.07228384539759254,0.0969416730645031,0.0,0.11202094969224691,0.0,0.06420923649895077,0.051448432513083245,0.0,0.0,0.0,0.0,0.05464011390389715,0.0,0.049299011051584234,0.0,0.0,0.0,0.0,0.0
2023-07-04,0.07544375124417549,0.07796757772428368,0.06618432272472721,0.12659769501914267,0.09712229597432208,0.05584109519149101,0.07228384539759254,0.0969416730645031,0.0,0.11202094969224691,0.0,0.06420923649895077,0.051448432513083245,0.0,0.0,0.0,0.0,0.05464011390389715,0.0,0.049299011051584234,0.0,0.0,0.0,0.0,0.0
2023-07-05,0.07544375124417549,0.07796757772428368,0.06618432272472721,0.12659769501914267,0.09712229597432208,0.05584109519149101,0.07228384539759254,0.0969416730645031,0.0,0.11202094969224691,0.0,0.06420923649895077,0.051448432513083245,0.0,0.0,0.0,0.0,0.05464011390389715,0.0,0.049299011051584234,0.0,0.0,0.0,0.0,0.0
2023-07-06,0.07544375124417549,0.07796757772428368,0.06618432272472721,0.12659769501914267,0.09712229597432208,0.05584109519149101,0.07228384539759254,0.0969416730645031,0.0,0.11202094969224691,0.0,0.06420923649895077,0.051448432513083245,0.0,0.0,0.0,0.0,0.05464011390389715,0.0,0.049299011051584234,0.0,0.0,0.0,0.0,0.0
2023-07-07,0.07544375124417549,0.07796757772428368,0.06618432272472721,0.12659769501914267,0.09712229597432208,0.05584109519149101,0.07228384539759254,0.0969416730645031,0.0,0.11202094969224691,0.0,0.06420923649895077,0.051448432513083245,0.0,0.0,0.0,0.0,0.05464011390389715,0.0,0.049299011051584234,0.0,0.0,0.0,0.0,0.0
2023-07-10,0.07544375124417549,0.07796757772428368,0.06618432272472721,0.12659769501914267,0.09712229597432208,0.05584109519149101,0.07228384539759254,0.0969416730645031,0.0,0.11202094969224691,0.0,0.06420923649895077,0.051448432513083245,0.0,0.0,0.0,0.0,0.05464011390389715,0.0,0.049299011051584234,0.0,0.0,0.0,0.0,0.0
2023-07-11,0.07544375124417549,0.07796757772428368,0.06618432272472721,0.12659769501914267,0.09712229597432208,0.05584109519149101,0.07228384539759254,0.0969416730645031,0.0,0.11202094969224691,0.0,0.06420923649895077,0.051448432513083245,0.0,0.0,0.0,0.0,0.05464011390389715,0.0,0.049299011051584234,0.0,0.0,0.0,0.0,0.0
2023-07-12,0.07544375124417549,0.07796757772428368,0.06618432272472721,0.12659769501914267,0.09712229597432208,0.05584109519149101,0.07228384539759254,0.0969416730645031,0.0,0.11202094969224691,0.0,0.06420923649895077,0.051448432513083245,0.0,0.0,0.0,0.0,0.05464011390389715,0.0,0.049299011051584234,0.0,0.0,0.0,0.0,0.0
2023-07-13,0.07544375124417549,0.07796757772428368,0.06618432272472721,0.12659769501914267,0.09712229597432208,0.05584109519149101,0.07228384539759254,0.0969416730645031,0.0,0.11202094969224691,0.0,0.06420923649895077,0.051448432513083245,0.0,0.0,0.0,0.0,0.05464011390389715,0.0,0.049299011051584234,0.0,0.0,0.0,0.0,0.0
2023-07-14,0.07544375124417549,0.07796757772428368,0.06618432272472721,0.12659769501914267,0.09712229597432208,0.05584109519149101,0.07228384539759254,0.0969416730645031,0.0,0.11202094969224691,0.0,0.06420923649895077,0.051448432513083245,0.0,0.0,0.0,0.0,0.05464011390389715,0.0,0.049299011051584234,0.0,0.0,0.0,0.0,0.0
2023-07-17,0.07544375124417549,0.07796757772428368,0.06618432272472721,0.12659769501914267,0.09712229597432208,0.05584109519149101,0.07228384539759254,0.0969416730645031,0.0,0.11202094969224691,0.0,0.06420923649895077,0.051448432513083245,0.0,0.0,0.0,0.0,0.05464011390389715,0.0,0.049299011051584234,0.0,0.0,0.0,0.0,0.0
2023-07-18,0.07544375124417549,0.07796757772428368,0.06618432272472721,0.12659769501914267,0.09712229597432208,0.05584109519149101,0.07228384539759254,0.0969416730645031,0.0,0.11202094969224691,0.0,0.06420923649895077,0.051448432513083245,0.0,0.0,0.0,0.0,0.05464011390389715,0.0,0.049299011051584234,0.0,0.0,0.0,0.0,0.0
2023-07-19,0.07544375124417549,0.07796757772428368,0.06618432272472721,0.12659769501914267,0.09712229597432208,0.05584109519149101,0.07228384539759254,0.0969416730645031,0.0,0.11202094969224691,0.0,0.06420923649895077,0.051448432513083245,0.0,0.0,0.0,0.0,0.05464011390389715,0.0,0.049299011051584234,0.0,0.0,0.0,0.0,0.0
2023-07-20,0.07544375124417549,0.07796757772428368,0.06618432272472721,0.12659769501914267,0.09712229597432208,0.05584109519149101,0.07228384539759254,0.0969416730645031,0.0,0.11202094969224691,0.0,0.06420923649895077,0.051448432513083245,0.0,0.0,0.0,0.0,0.05464011390389715,0.0,0.049299011051584234,0.0,0.0,0.0,0.0,0.0
2023-07-21,0.07544375124417549,0.07796757772428368,0.06618432272472721,0.12659769501914267,0.09712229597432208,0.05584109519149101,0.07228384539759254,0.0969416730645031,0.0,0.11202094969224691,0.0,0.06420923649895077,0.051448432513083245,0.0,0.0,0.0,0.0,0.05464011390389715,0.0,0.049299011051584234,0.0,0.0,0.0,0.0,0.0
2023-07-24,0.07544375124417549,0.07796757772428368,0.06618432272472721,0.12659769501914267,0.09712229597432208,0.05584109519149101,0.07228384539759254,0.0969416730645031,0.0,0.11202094969224691,0.0,0.06420923649895077,0.051448432513083245,0.0,0.0,0.0,0.0,0.05464011390389715,0.0,0.049299011051584234,0.0,0.0,0.0,0.0,0.0
2023-07-25,0.07544375124417549,0.07796757772428368,0.06618432272472721,0.12659769501914267,0.09712229597432208,0.05584109519149101,0.07228384539759254,0.0969416730645031,0.0,0.11202094969224691,0.0,0.06420923649895077,0.051448432513083245,0.0,0.0,0.0,0.0,0.05464011390389715,0.0,0.049299011051584234,0.0,0.0,0.0,0.0,0.0
2023-07-26,0.07544375124417549,0.07796757772428368,0.06618432272472721,0.12659769501914267,0.09712229597432208,0.05584109519149101,0.07228384539759254,0.0969416730645031,0.0,0.11202094969224691,0.0,0.06420923649895077,0.051448432513083245,0.0,0.0,0.0,0.0,0.05464011390389715,0.0,0.049299011051584234,0.0,0.0,0.0,0.0,0.0
2023-07-27,0.07544375124417549,0.07796757772428368,0.06618432272472721,0.12659769501914267,0.09712229597432208,0.05584109519149101,0.07228384539759254,0.0969416730645031,0.0,0.11202094969224691,0.0,0.06420923649895077,0.051448432513083245,0.0,0.0,0.0,0.0,0.05464011390389715,0.0,0.049299011051584234,0.0,0.0,0.0,0.0,0.0
2023-07-28,0.07544375124417549,0.07796757772428368,0.06618432272472721,0.12659769501914267,0.09712229597432208,0.05584109519149101,0.07228384539759254,0.0969416730645031,0.0,0.11202094969224691,0.0,0.06420923649895077,0.051448432513083245,0.0,0.0,0.0,0.0,0.05464011390389715,0.0,0.049299011051584234,0.0,0.0,0.0,0.0,0.0
2023-07-31,0.07544375124417549,0.07796757772428368,0.06618432272472721,0.12659769501914267,0.09712229597432208,0.05584109519149101,0.07228384539759254,0.0969416730645031,0.0,0.11202094969224691,0.0,0.06420923649895077,0.051448432513083245,0.0,0.0,0.0,0.0,0.05464011390389715,0.0,0.049299011051584234,0.0,0.0,0.0,0.0,0.0
2023-08-01,0.0,0.0,0.06913715672937577,0.09825851435840582,0.09619917104315553,0.06646244277403092,0.07255634366440034,0.04282833831114317,0.06203556200505358,0.18772220329840592,0.11263478577044465,0.07542368009414462,0.04047460664433569,0.0,0.0,0.0,0.0,0.03895425391950084,0.0,0.03731294138760319,0.0,0.0,0.0,0.0,0.0
2023-08-02,0.0,0.0,0.06913715672937577,0.09825851435840582,0.09619917104315553,0.06646244277403092,0.07255634366440034,0.04282833831114317,0.06203556200505358,0.18772220329840592,0.11263478577044465,0.07542368009414462,0.04047460664433569,0.0,0.0,0.0,0.0,0.03895425391950084,0.0,0.03731294138760319,0.0,0.0,0.0,0.0,0.0
2023-08-03,0.0,0.0,0.06913715672937577,0.09825851435840582,0.09619917104315553,0.06646244277403092,0.07255634366440034,0.04282833831114317,0.06203556200505358,0.18772220329840592,0.11263478577044465,0.07542368009414462,0.04047460664433569,0.0,0.0,0.0,0.0,0.03895425391950084,0.0,0.03731294138760319,0.0,0.0,0.0,0.0,0.0
2023-08-04,0.0,0.0,0.06913715672937577,0.09825851435840582,0.09619917104315553,0.06646244277403092,0.07255634366440034,0.04282833831114317,0.06203556200505358,0.18772220329840592,0.11263478577044465,0.07542368009414462,0.04047460664433569,0.0,0.0,0.0,0.0,0.03895425391950084,0.0,0.03731294138760319,0.0,0.0,0.0,0.0,0.0
2023-08-07,0.0,0.0,0.06913715672937577,0.09825851435840582,0.09619917104315553,0.06646244277403092,0.07255634366440034,0.04282833831114317,0.06203556200505358,0.18772220329840592,0.11263478577044465,0.07542368009414462,0.04047460664433569,0.0,0.0,0.0,0.0,0.03895425391950084,0.0,0.03731294138760319,0.0,0.0,0.0,0.0,0.0
2023-08-08,0.0,0.0,0.06913715672937577,0.09825851435840582,0.09619917104315553,0.06646244277403092,0.07255634366440034,0.04282833831114317,0.06203556200505358,0.18772220329840592,0.11263478577044465,0.07542368009414462,0.04047460664433569,0.0,0.0,0.0,0.0,0.03895425391950084,0.0,0.03731294138760319,0.0,0.0,0.0,0.0,0.0
2023-08-09,0.0,0.0,0.06913715672937577,0.09825851435840582,0.09619917104315553,0.06646244277403092,0.07255634366440034,0.04282833831114317,0.06203556200505358,0.18772220329840592,0.11263478577044465,0.07542368009414462,0.04047460664433569,0.0,0.0,0.0,0.0,0.03895425391950084,0.0,0.03731294138760319,0.0,0.0,0.0,0.0,0.0
2023-08-10,0.0,0.0,0.06913715672937577,0.09825851435840582,0.09619917104315553,0.06646244277403092,0.07255634366440034,0.04282833831114317,0.06203556200505358,0.18772220329840592,0.11263478577044465,0.07542368009414462,0.04047460664433569,0.0,0.0,0.0,0.0,0.03895425391950084,0.0,0.03731294138760319,0.0,0.0,0.0,0.0,0.0
2023-08-11,0.0,0.0,0.06913715672937577,0.09825851435840582,0.09619917104315553,0.06646244277403092,0.07255634366440034,0.04282833831114317,0.06203556200505358,0.18772220329840592,0.11263478577044465,0.07542368009414462,0.04047460664433569,0.0,0.0,0.0,0.0,0.03895425391950084,0.0,0.03731294138760319,0.0,0.0,0.0,0.0,0.0
2023-08-14,0.0,0.0,0.06913715672937577,0.09825851435840582,0.09619917104315553,0.06646244277403092,0.07255634366440034,0.04282833831114317,0.06203556200505358,0.18772220329840592,0.11263478577044465,0.07542368009414462,0.04047460664433569,0.0,0.0,0.0,0.0,0.03895425391950084,0.0,0.03731294138760319,0.0,0.0,0.0,0.0,0.0
2023-08-15,0.0,0.0,0.06913715672937577,0.09825851435840582,0.09619917104315553,0.06646244277403092,0.07255634366440034,0.04282833831114317,0.06203556200505358,0.18772220329840592,0.11263478577044465,0.07542368009414462,0.04047460664433569,0.0,0.0,0.0,0.0,0.03895425391950084,0.0,0.03731294138760319,0.0,0.0,0.0,0.0,0.0
2023-08-16,0.0,0.0,0.06913715672937577,0.09825851435840582,0.09619917104315553,0.06646244277403092,0.07255634366440034,0.04282833831114317,0.06203556200505358,0.18772220329840592,0.11263478577044465,0.07542368009414462,0.04047460664433569,0.0,0.0,0.0,0.0,0.03895425391950084,0.0,0.03731294138760319,0.0,0.0,0.0,0.0,0.0
2023-08-17,0.0,0.0,0.06913715672937577,0.09825851435840582,0.09619917104315553,0.06646244277403092,0.07255634366440034,0.04282833831114317,0.06203556200505358,0.18772220329840592,0.11263478577044465,0.07542368009414462,0.04047460664433569,0.0,0.0,0.0,0.0,0.03895425391950084,0.0,0.03731294138760319,0.0,0.0,0.0,0.0,0.0
2023-08-18,0.0,0.0,0.06913715672937577,0.09825851435840582,0.09619917104315553,0.06646244277403092,0.07255634366440034,0.04282833831114317,0.06203556200505358,0.18772220329840592,0.11263478577044465,0.07542368009414462,0.04047460664433569,0.0,0.0,0.0,0.0,0.03895425391950084,0.0,0.03731294138760319,0.0,0.0,0.0,0.0,0.0
2023-08-21,0.0,0.0,0.06913715672937577,0.09825851435840582,0.09619917104315553,0.06646244277403092,0.07255634366440034,0.04282833831114317,0.06203556200505358,0.18772220329840592,0.11263478577044465,0.07542368009414462,0.04047460664433569,0.0,0.0,0.0,0.0,0.03895425391950084,0.0,0.03731294138760319,0.0,0.0,0.0,0.0,0.0
2023-08-22,0.0,0.0,0.06913715672937577,0.09825851435840582,0.09619917104315553,0.06646244277403092,0.07255634366440034,0.04282833831114317,0.06203556200505358,0.18772220329840592,0.11263478577044465,0.07542368009414462,0.04047460664433569,0.0,0.0,0.0,0.0,0.03895425391950084,0.0,0.03731294138760319,0.0,0.0,0.0,0.0,0.0
2023-08-23,0.0,0.0,0.06913715672937577,0.09825851435840582,0.09619917104315553,0.06646244277403092,0.07255634366440034,0.04282833831114317,0.06203556200505358,0.18772220329840592,0.11263478577044465,0.07542368009414462,0.04047460664433569,0.0,0.0,0.0,0.0,0.03895425391950084,0.0,0.03731294138760319,0.0,0.0,0.0,0.0,0.0
2023-08-24,0.0,0.0,0.06913715672937577,0.09825851435840582,0.09619917104315553,0.06646244277403092,0.07255634366440034,0.04282833831114317,0.06203556200505358,0.18772220329840592,0.11263478577044465,0.07542368009414462,0.04047460664433569,0.0,0.0,0.0,0.0,0.03895425391950084,0.0,0.03731294138760319,0.0,0.0,0.0,0.0,0.0
2023-08-25,0.0,0.0,0.06913715672937577,0.09825851435840582,0.09619917104315553,0.06646244277403092,0.07255634366440034,0.04282833831114317,0.06203556200505358,0.18772220329840592,0.11263478577044465,0.07542368009414462,0.04047460664433569,0.0,0.0,0.0,0.0,0.03895425391950084,0.0,0.03731294138760319,0.0,0.0,0.0,0.0,0.0
2023-08-28,0.0,0.0,0.06913715672937577,0.09825851435840582,0.09619917104315553,0.06646244277403092,0.07255634366440034,0.04282833831114317,0.06203556200505358,0.18772220329840592,0.11263478577044465,0.07542368009414462,0.04047460664433569,0.0,0.0,0.0,0.0,0.03895425391950084,0.0,0.03731294138760319,0.0,0.0,0.0,0.0,0.0
2023-08-29,0.0,0.0,0.06913715672937577,0.09825851435840582,0.09619917104315553,0.06646244277403092,0.07255634366440034,0.04282833831114317,0.06203556200505358,0.18772220329840592,0.11263478577044465,0.07542368009414462,0.04047460664433569,0.0,0.0,0.0,0.0,0.03895425391950084,0.0,0.03731294138760319,0.0,0.0,0.0,0.0,0.0
2023-08-30,0.0,0.0,0.06913715672937577,0.09825851435840582,0.09619917104315553,0.06646244277403092,0.07255634366440034,0.04282833831114317,0.06203556200505358,0.18772220329840592,0.11263478577044465,0.07542368009414462,0.04047460664433569,0.0,0.0,0.0,0.0,0.03895425391950084,0.0,0.03731294138760319,0.0,0.0,0.0,0.0,0.0
2023-08-31,0.0,0.0,0.06913715672937577,0.09825851435840582,0.09619917104315553,0.06646244277403092,0.07255634366440034,0.04282833831114317,0.06203556200505358,0.18772220329840592,0.11263478577044465,0.07542368009414462,0.04047460664433569,0.0,0.0,0.0,0.0,0.03895425391950084,0.0,0.03731294138760319,0.0,0.0,0.0,0.0,0.0
2023-09-01,0.0,0.0,0.06913715672937577,0.09825851435840582,0.09619917104315553,0.06646244277403092,0.07255634366440034,0.04282833831114317,0.06203556200505358,0.18772220329840592,0.11263478577044465,0.07542368009414462,0.04047460664433569,0.0,0.0,0.0,0.0,0.03895425391950084,0.0,0.03731294138760319,0.0,0.0,0.0,0.0,0.0
2023-09-04,0.0,0.0,0.06913715672937577,0.09825851435840582,0.09619917104315553,0.06646244277403092,0.07255634366440034,0.04282833831114317,0.06203556200505358,0.18772220329840592,0.11263478577044465,0.07542368009414462,0.04047460664433569,0.0,0.0,0.0,0.0,0.03895425391950084,0.0,0.03731294138760319,0.0,0.0,0.0,0.0,0.0
2023-09-05,0.0,0.0,0.06913715672937577,0.09825851435840582,0.09619917104315553,0.06646244277403092,0.07255634366440034,0.04282833831114317,0.06203556200505358,0.18772220329840592,0.11263478577044465,0.07542368009414462,0.04047460664433569,0.0,0.0,0.0,0.0,0.03895425391950084,0.0,0.03731294138760319,0.0,0.0,0.0,0.0,0.0
2023-09-06,0.0,0.0,0.06913715672937577,0.09825851435840582,0.09619917104315553,0.06646244277403092,0.07255634366440034,0.04282833831114317,0.06203556200505358,0.18772220329840592,0.11263478577044465,0.07542368009414462,0.04047460664433569,0.0,0.0,0.0,0.0,0.03895425391950084,0.0,0.03731294138760319,0.0,0.0,0.0,0.0,0.0
2023-09-07,0.0,0.0,0.06913715672937577,0.09825851435840582,0.09619917104315553,0.06646244277403092,0.07255634366440034,0.04282833831114317,0.06203556200505358,0.18772220329840592,0.11263478577044465,0.07542368009414462,0.04047460664433569,0.0,0.0,0.0,0.0,0.03895425391950084,0.0,0.03731294138760319,0.0,0.0,0.0,0.0,0.0
2023-09-08,0.0,0.0,0.06913715672937577,0.09825851435840582,0.09619917104315553,0.06646244277403092,0.07255634366440034,0.04282833831114317,0.06203556200505358,0.18772220329840592,0.11263478577044465,0.07542368009414462,0.04047460664433569,0.0,0.0,0.0,0.0,0.03895425391950084,0.0,0.03731294138760319,0.0,0.0,0.0,0.0,0.0
2023-09-11,0.0,0.0,0.06913715672937577,0.09825851435840582,0.09619917104315553,0.06646244277403092,0.07255634366440034,0.04282833831114317,0.06203556200505358,0.18772220329840592,0.11263478577044465,0.07542368009414462,0.04047460664433569,0.0,0.0,0.0,0.0,0.03895425391950084,0.0,0.03731294138760319,0.0,0.0,0.0,0.0,0.0
2023-09-12,0.0,0.0,0.06913715672937577,0.09825851435840582,0.09619917104315553,0.06646244277403092,0.07255634366440034,0.04282833831114317,0.06203556200505358,0.18772220329840592,0.11263478577044465,0.07542368009414462,0.04047460664433569,0.0,0.0,0.0,0.0,0.03895425391950084,0.0,0.03731294138760319,0.0,0.0,0.0,0.0,0.0
2023-09-13,0.0,0.0,0.06913715672937577,0.09825851435840582,0.09619917104315553,0.06646244277403092,0.07255634366440034,0.04282833831114317,0.06203556200505358,0.18772220329840592,0.11263478577044465,0.07542368009414462,0.04047460664433569,0.0,0.0,0.0,0.0,0.03895425391950084,0.0,0.03731294138760319,0.0,0.0,0.0,0.0,0.0
2023-09-14,0.0,0.0,0.06913715672937577,0.09825851435840582,0.09619917104315553,0.06646244277403092,0.07255634366440034,0.04282833831114317,0.06203556200505358,0.18772220329840592,0.11263478577044465,0.07542368009414462,0.04047460664433569,0.0,0.0,0.0,0.0,0.03895425391950084,0.0,0.03731294138760319,0.0,0.0,0.0,0.0,0.0
2023-09-15,0.0,0.0,0.06913715672937577,0.09825851435840582,0.09619917104315553,0.06646244277403092,0.07255634366440034,0.04282833831114317,0.06203556200505358,0.18772220329840592,0.11263478577044465,0.07542368009414462,0.04047460664433569,0.0,0.0,0.0,0.0,0.03895425391950084,0.0,0.03731294138760319,0.0,0.0,0.0,0.0,0.0
2023-09-18,0.0,0.0,0.06913715672937577,0.09825851435840582,0.09619917104315553,0.06646244277403092,0.07255634366440034,0.04282833831114317,0.06203556200505358,0.18772220329840592,0.11263478577044465,0.07542368009414462,0.04047460664433569,0.0,0.0,0.0,0.0,0.03895425391950084,0.0,0.03731294138760319,0.0,0.0,0.0,0.0,0.0
2023-09-19,0.0,0.0,0.06913715672937577,0.09825851435840582,0.09619917104315553,0.06646244277403092,0.07255634366440034,0.04282833831114317,0.06203556200505358,0.18772220329840592,0.11263478577044465,0.07542368009414462,0.04047460664433569,0.0,0.0,0.0,0.0,0.03895425391950084,0.0,0.03731294138760319,0.0,0.0,0.0,0.0,0.0
2023-09-20,0.0,0.0,0.06913715672937577,0.09825851435840582,0.09619917104315553,0.06646244277403092,0.07255634366440034,0.04282833831114317,0.06203556200505358,0.18772220329840592,0.11263478577044465,0.07542368009414462,0.04047460664433569,0.0,0.0,0.0,0.0,0.03895425391950084,0.0,0.03731294138760319,0.0,0.0,0.0,0.0,0.0
2023-09-21,0.0,0.0,0.06913715672937577,0.09825851435840582,0.09619917104315553,0.06646244277403092,0.07255634366440034,0.04282833831114317,0.06203556200505358,0.18772220329840592,0.11263478577044465,0.07542368009414462,0.04047460664433569,0.0,0.0,0.0,0.0,0.03895425391950084,0.0,0.03731294138760319,0.0,0.0,0.0,0.0,0.0
2023-09-22,0.0,0.0,0.06913715672937577,0.09825851435840582,0.09619917104315553,0.06646244277403092,0.07255634366440034,0.04282833831114317,0.06203556200505358,0.18772220329840592,0.11263478577044465,0.07542368009414462,0.04047460664433569,0.0,0.0,0.0,0.0,0.03895425391950084,0.0,0.03731294138760319,0.0,0.0,0.0,0.0,0.0
2023-09-25,0.0,0.0,0.06913715672937577,0.09825851435840582,0.09619917104315553,0.06646244277403092,0.07255634366440034,0.04282833831114317,0.06203556200505358,0.18772220329840592,0.11263478577044465,0.07542368009414462,0.04047460664433569,0.0,0.0,0.0,0.0,0.03895425391950084,0.0,0.03731294138760319,0.0,0.0,0.0,0.0,0.0
2023-09-26,0.0,0.0,0.06913715672937577,0.09825851435840582,0.09619917104315553,0.06646244277403092,0.07255634366440034,0.04282833831114317,0.06203556200505358,0.18772220329840592,0.11263478577044465,0.07542368009414462,0.04047460664433569,0.0,0.0,0.0,0.0,0.03895425391950084,0.0,0.03731294138760319,0.0,0.0,0.0,0.0,0.0
2023-09-27,0.0,0.0,0.06913715672937577,0.09825851435840582,0.09619917104315553,0.06646244277403092,0.07255634366440034,0.04282833831114317,0.06203556200505358,0.18772220329840592,0.11263478577044465,0.07542368009414462,0.04047460664433569,0.0,0.0,0.0,0.0,0.03895425391950084,0.0,0.03731294138760319,0.0,0.0,0.0,0.0,0.0
2023-09-28,0.0,0.0,0.06913715672937577,0.09825851435840582,0.09619917104315553,0.06646244277403092,0.07255634366440034,0.04282833831114317,0.06203556200505358,0.18772220329840592,0.11263478577044465,0.07542368009414462,0.04047460664433569,0.0,0.0,0.0,0.0,0.03895425391950084,0.0,0.03731294138760319,0.0,0.0,0.0,0.0,0.0
2023-09-29,0.0,0.0,0.06913715672937577,0.09825851435840582,0.09619917104315553,0.06646244277403092,0.07255634366440034,0.04282833831114317,0.06203556200505358,0.18772220329840592,0.11263478577044465,0.07542368009414462,0.04047460664433569,0.0,0.0,0.0,0.0,0.03895425391950084,0.0,0.03731294138760319,0.0,0.0,0.0,0.0,0.0
2023-10-02,0.0,0.0,0.0,0.07979392181322582,0.0817996628826012,0.06514461532322093,0.0706319443281803,0.09572597347386717,0.11784549019224526,0.09710101624792689,0.12594804446957197,0.08562467602881177,0.0670083762565804,0.0,0.0,0.0,0.03841490175719981,0.038293031051339355,0.0,0.036668346175229155,0.0,0.0,0.0,0.0,0.0
2023-10-03,0.0,0.0,0.0,0.07979392181322582,0.0817996628826012,0.06514461532322093,0.0706319443281803,0.09572597347386717,0.11784549019224526,0.09710101624792689,0.12594804446957197,0.08562467602881177,0.0670083762565804,0.0,0.0,0.0,0.03841490175719981,0.038293031051339355,0.0,0.036668346175229155,0.0,0.0,0.0,0.0,0.0
2023-10-04,0.0,0.0,0.0,0.07979392181322582,0.0817996628826012,0.06514461532322093,0.0706319443281803,0.09572597347386717,0.11784549019224526,0.09710101624792689,0.12594804446957197,0.08562467602881177,0.0670083762565804,0.0,0.0,0.0,0.03841490175719981,0.038293031051339355,0.0,0.036668346175229155,0.0,0.0,0.0,0.0,0.0
2023-10-05,0.0,0.0,0.0,0.07979392181322582,0.0817996628826012,0.06514461532322093,0.0706319443281803,0.09572597347386717,0.11784549019224526,0.09710101624792689,0.12594804446957197,0.08562467602881177,0.0670083762565804,0.0,0.0,0.0,0.03841490175719981,0.038293031051339355,0.0,0.036668346175229155,0.0,0.0,0.0,0.0,0.0
2023-10-06,0.0,0.0,0.0,0.07979392181322582,0.0817996628826012,0.06514461532322093,0.0706319443281803,0.09572597347386717,0.11784549019224526,0.09710101624792689,0.12594804446957197,0.08562467602881177,0.0670083762565804,0.0,0.0,0.0,0.03841490175719981,0.038293031051339355,0.0,0.036668346175229155,0.0,0.0,0.0,0.0,0.0
2023-10-09,0.0,0.0,0.0,0.07979392181322582,0.0817996628826012,0.06514461532322093,0.0706319443281803,0.09572597347386717,0.11784549019224526,0.09710101624792689,0.12594804446957197,0.08562467602881177,0.0670083762565804,0.0,0.0,0.0,0.03841490175719981,0.038293031051339355,0.0,0.036668346175229155,0.0,0.0,0.0,0.0,0.0
2023-10-10,0.0,0.0,0.0,0.07979392181322582,0.0817996628826012,0.06514461532322093,0.0706319443281803,0.09572597347386717,0.11784549019224526,0.09710101624792689,0.12594804446957197,0.08562467602881177,0.0670083762565804,0.0,0.0,0.0,0.03841490175719981,0.038293031051339355,0.0,0.036668346175229155,0.0,0.0,0.0,0.0,0.0
2023-10-11,0.0,0.0,0.0,0.07979392181322582,0.0817996628826012,0.06514461532322093,0.0706319443281803,0.09572597347386717,0.11784549019224526,0.09710101624792689,0.12594804446957197,0.08562467602881177,0.0670083762565804,0.0,0.0,0.0,0.03841490175719981,0.038293031051339355,0.0,0.036668346175229155,0.0,0.0,0.0,0.0,0.0
2023-10-12,0.0,0.0,0.0,0.07979392181322582,0.0817996628826012,0.06514461532322093,0.0706319443281803,0.09572597347386717,0.11784549019224526,0.09710101624792689,0.12594804446957197,0.08562467602881177,0.0670083762565804,0.0,0.0,0.0,0.03841490175719981,0.038293031051339355,0.0,0.036668346175229155,0.0,0.0,0.0,0.0,0.0
2023-10-13,0.0,0.0,0.0,0.07979392181322582,0.0817996628826012,0.06514461532322093,0.0706319443281803,0.09572597347386717,0.11784549019224526,0.09710101624792689,0.12594804446957197,0.08562467602881177,0.0670083762565804,0.0,0.0,0.0,0.03841490175719981,0.038293031051339355,0.0,0.036668346175229155,0.0,0.0,0.0,0.0,0.0
2023-10-16,0.0,0.0,0.0,0.07979392181322582,0.0817996628826012,0.06514461532322093,0.0706319443281803,0.09572597347386717,0.11784549019224526,0.09710101624792689,0.12594804446957197,0.08562467602881177,0.0670083762565804,0.0,0.0,0.0,0.03841490175719981,0.038293031051339355,0.0,0.036668346175229155,0.0,0.0,0.0,0.0,0.0
2023-10-17,0.0,0.0,0.0,0.07979392181322582,0.0817996628826012,0.06514461532322093,0.0706319443281803,0.09572597347386717,0.11784549019224526,0.09710101624792689,0.12594804446957197,0.08562467602881177,0.0670083762565804,0.0,0.0,0.0,0.03841490175719981,0.038293031051339355,0.0,0.036668346175229155,0.0,0.0,0.0,0.0,0.0
2023-10-18,0.0,0.0,0.0,0.07979392181322582,0.0817996628826012,0.06514461532322093,0.0706319443281803,0.09572597347386717,0.11784549019224526,0.09710101624792689,0.12594804446957197,0.08562467602881177,0.0670083762565804,0.0,0.0,0.0,0.03841490175719981,0.038293031051339355,0.0,0.036668346175229155,0.0,0.0,0.0,0.0,0.0
2023-10-19,0.0,0.0,0.0,0.07979392181322582,0.0817996628826012,0.06514461532322093,0.0706319443281803,0.09572597347386717,0.11784549019224526,0.09710101624792689,0.12594804446957197,0.08562467602881177,0.0670083762565804,0.0,0.0,0.0,0.03841490175719981,0.038293031051339355,0.0,0.036668346175229155,0.0,0.0,0.0,0.0,0.0
2023-10-20,0.0,0.0,0.0,0.07979392181322582,0.0817996628826012,0.06514461532322093,0.0706319443281803,0.09572597347386717,0.11784549019224526,0.09710101624792689,0.12594804446957197,0.08562467602881177,0.0670083762565804,0.0,0.0,0.0,0.03841490175719981,0.038293031051339355,0.0,0.036668346175229155,0.0,0.0,0.0,0.0,0.0
2023-10-23,0.0,0.0,0.0,0.07979392181322582,0.0817996628826012,0.06514461532322093,0.0706319443281803,0.09572597347386717,0.11784549019224526,0.09710101624792689,0.12594804446957197,0.08562467602881177,0.0670083762565804,0.0,0.0,0.0,0.03841490175719981,0.038293031051339355,0.0,0.036668346175229155,0.0,0.0,0.0,0.0,0.0
2023-10-24,0.0,0.0,0.0,0.07979392181322582,0.0817996628826012,0.06514461532322093,0.0706319443281803,0.09572597347386717,0.11784549019224526,0.09710101624792689,0.12594804446957197,0.08562467602881177,0.0670083762565804,0.0,0.0,0.0,0.03841490175719981,0.038293031051339355,0.0,0.036668346175229155,0.0,0.0,0.0,0.0,0.0
2023-10-25,0.0,0.0,0.0,0.07979392181322582,0.0817996628826012,0.06514461532322093,0.0706319443281803,0.09572597347386717,0.11784549019224526,0.09710101624792689,0.12594804446957197,0.08562467602881177,0.0670083762565804,0.0,0.0,0.0,0.03841490175719981,0.038293031051339355,0.0,0.036668346175229155,0.0,0.0,0.0,0.0,0.0
2023-10-26,0.0,0.0,0.0,0.07979392181322582,0.0817996628826012,0.06514461532322093,0.0706319443281803,0.09572597347386717,0.11784549019224526,0.09710101624792689,0.12594804446957197,0.08562467602881177,0.0670083762565804,0.0,0.0,0.0,0.03841490175719981,0.038293031051339355,0.0,0.036668346175229155,0.0,0.0,0.0,0.0,0.0
2023-10-27,0.0,0.0,0.0,0.07979392181322582,0.0817996628826012,0.06514461532322093,0.0706319443281803,0.09572597347386717,0.11784549019224526,0.09710101624792689,0.12594804446957197,0.08562467602881177,0.0670083762565804,0.0,0.0,0.0,0.03841490175719981,0.038293031051339355,0.0,0.036668346175229155,0.0,0.0,0.0,0.0,0.0
2023-10-30,0.0,0.0,0.0,0.07979392181322582,0.0817996628826012,0.06514461532322093,0.0706319443281803,0.09572597347386717,0.11784549019224526,0.09710101624792689,0.12594804446957197,0.08562467602881177,0.0670083762565804,0.0,0.0,0.0,0.03841490175719981,0.038293031051339355,0.0,0.036668346175229155,0.0,0.0,0.0,0.0,0.0
2023-10-31,0.0,0.0,0.0,0.07979392181322582,0.0817996628826012,0.06514461532322093,0.0706319443281803,0.09572597347386717,0.11784549019224526,0.09710101624792689,0.12594804446957197,0.08562467602881177,0.0670083762565804,0.0,0.0,0.0,0.03841490175719981,0.038293031051339355,0.0,0.036668346175229155,0.0,0.0,0.0,0.0,0.0
2023-11-01,0.0,0.0,0.0,0.07979392181322582,0.0817996628826012,0.06514461532322093,0.0706319443281803,0.09572597347386717,0.11784549019224526,0.09710101624792689,0.12594804446957197,0.08562467602881177,0.0670083762565804,0.0,0.0,0.0,0.03841490175719981,0.038293031051339355,0.0,0.036668346175229155,0.0,0.0,0.0,0.0,0.0
2023-11-02,0.0,0.0,0.0,0.07979392181322582,0.0817996628826012,0.06514461532322093,0.0706319443281803,0.09572597347386717,0.11784549019224526,0.09710101624792689,0.12594804446957197,0.08562467602881177,0.0670083762565804,0.0,0.0,0.0,0.03841490175719981,0.038293031051339355,0.0,0.036668346175229155,0.0,0.0,0.0,0.0,0.0
2023-11-03,0.0,0.0,0.0,0.07979392181322582,0.0817996628826012,0.06514461532322093,0.0706319443281803,0.09572597347386717,0.11784549019224526,0.09710101624792689,0.12594804446957197,0.08562467602881177,0.0670083762565804,0.0,0.0,0.0,0.03841490175719981,0.038293031051339355,0.0,0.036668346175229155,0.0,0.0,0.0,0.0,0.0
2023-11-06,0.0,0.0,0.0,0.07979392181322582,0.0817996628826012,0.06514461532322093,0.0706319443281803,0.09572597347386717,0.11784549019224526,0.09710101624792689,0.12594804446957197,0.08562467602881177,0.0670083762565804,0.0,0.0,0.0,0.03841490175719981,0.038293031051339355,0.0,0.036668346175229155,0.0,0.0,0.0,0.0,0.0
2023-11-07,0.0,0.0,0.0,0.07979392181322582,0.0817996628826012,0.06514461532322093,0.0706319443281803,0.09572597347386717,0.11784549019224526,0.09710101624792689,0.12594804446957197,0.08562467602881177,0.0670083762565804,0.0,0.0,0.0,0.03841490175719981,0.038293031051339355,0.0,0.036668346175229155,0.0,0.0,0.0,0.0,0.0
2023-11-08,0.0,0.0,0.0,0.07979392181322582,0.0817996628826012,0.06514461532322093,0.0706319443281803,0.09572597347386717,0.11784549019224526,0.09710101624792689,0.12594804446957197,0.08562467602881177,0.0670083762565804,0.0,0.0,0.0,0.03841490175719981,0.038293031051339355,0.0,0.036668346175229155,0.0,0.0,0.0,0.0,0.0
2023-11-09,0.0,0.0,0.0,0.07979392181322582,0.0817996628826012,0.06514461532322093,0.0706319443281803,0.09572597347386717,0.11784549019224526,0.09710101624792689,0.12594804446957197,0.08562467602881177,0.0670083762565804,0.0,0.0,0.0,0.03841490175719981,0.038293031051339355,0.0,0.036668346175229155,0.0,0.0,0.0,0.0,0.0
2023-11-10,0.0,0.0,0.0,0.07979392181322582,0.0817996628826012,0.06514461532322093,0.0706319443281803,0.09572597347386717,0.11784549019224526,0.09710101624792689,0.12594804446957197,0.08562467602881177,0.0670083762565804,0.0,0.0,0.0,0.03841490175719981,0.038293031051339355,0.0,0.036668346175229155,0.0,0.0,0.0,0.0,0.0
2023-11-13,0.0,0.0,0.0,0.07979392181322582,0.0817996628826012,0.06514461532322093,0.0706319443281803,0.09572597347386717,0.11784549019224526,0.09710101624792689,0.12594804446957197,0.08562467602881177,0.0670083762565804,0.0,0.0,0.0,0.03841490175719981,0.038293031051339355,0.0,0.036668346175229155,0.0,0.0,0.0,0.0,0.0
2023-11-14,0.0,0.0,0.0,0.07979392181322582,0.0817996628826012,0.06514461532322093,0.0706319443281803,0.09572597347386717,0.11784549019224526,0.09710101624792689,0.12594804446957197,0.08562467602881177,0.0670083762565804,0.0,0.0,0.0,0.03841490175719981,0.038293031051339355,0.0,0.036668346175229155,0.0,0.0,0.0,0.0,0.0
2023-11-15,0.0,0.0,0.0,0.07979392181322582,0.0817996628826012,0.06514461532322093,0.0706319443281803,0.09572597347386717,0.11784549019224526,0.09710101624792689,0.12594804446957197,0.08562467602881177,0.0670083762565804,0.0,0.0,0.0,0.03841490175719981,0.038293031051339355,0.0,0.036668346175229155,0.0,0.0,0.0,0.0,0.0
2023-11-16,0.0,0.0,0.0,0.07979392181322582,0.0817996628826012,0.06514461532322093,0.0706319443281803,0.09572597347386717,0.11784549019224526,0.09710101624792689,0.12594804446957197,0.08562467602881177,0.0670083762565804,0.0,0.0,0.0,0.03841490175719981,0.038293031051339355,0.0,0.036668346175229155,0.0,0.0,0.0,0.0,0.0
2023-11-17,0.0,0.0,0.0,0.07979392181322582,0.0817996628826012,0.06514461532322093,0.0706319443281803,0.09572597347386717,0.11784549019224526,0.09710101624792689,0.12594804446957197,0.08562467602881177,0.0670083762565804,0.0,0.0,0.0,0.03841490175719981,0.038293031051339355,0.0,0.036668346175229155,0.0,0.0,0.0,0.0,0.0
2023-11-20,0.0,0.0,0.0,0.07979392181322582,0.0817996628826012,0.06514461532322093,0.0706319443281803,0.09572597347386717,0.11784549019224526,0.09710101624792689,0.12594804446957197,0.08562467602881177,0.0670083762565804,0.0,0.0,0.0,0.03841490175719981,0.038293031051339355,0.0,0.036668346175229155,0.0,0.0,0.0,0.0,0.0
2023-11-21,0.0,0.0,0.0,0.07979392181322582,0.0817996628826012,0.06514461532322093,0.0706319443281803,0.09572597347386717,0.11784549019224526,0.09710101624792689,0.12594804446957197,0.08562467602881177,0.0670083762565804,0.0,0.0,0.0,0.03841490175719981,0.038293031051339355,0.0,0.036668346175229155,0.0,0.0,0.0,0.0,0.0
2023-11-22,0.0,0.0,0.0,0.07979392181322582,0.0817996628826012,0.06514461532322093,0.0706319443281803,0.09572597347386717,0.11784549019224526,0.09710101624792689,0.12594804446957197,0.08562467602881177,0.0670083762565804,0.0,0.0,0.0,0.03841490175719981,0.038293031051339355,0.0,0.036668346175229155,0.0,0.0,0.0,0.0,0.0
2023-11-23,0.0,0.0,0.0,0.07979392181322582,0.0817996628826012,0.06514461532322093,0.0706319443281803,0.09572597347386717,0.11784549019224526,0.09710101624792689,0.12594804446957197,0.08562467602881177,0.0670083762565804,0.0,0.0,0.0,0.03841490175719981,0.038293031051339355,0.0,0.036668346175229155,0.0,0.0,0.0,0.0,0.0
2023-11-24,0.0,0.0,0.0,0.07979392181322582,0.0817996628826012,0.06514461532322093,0.0706319443281803,0.09572597347386717,0.11784549019224526,0.09710101624792689,0.12594804446957197,0.08562467602881177,0.0670083762565804,0.0,0.0,0.0,0.03841490175719981,0.038293031051339355,0.0,0.036668346175229155,0.0,0.0,0.0,0.0,0.0
2023-11-27,0.0,0.0,0.0,0.07979392181322582,0.0817996628826012,0.06514461532322093,0.0706319443281803,0.09572597347386717,0.11784549019224526,0.09710101624792689,0.12594804446957197,0.08562467602881177,0.0670083762565804,0.0,0.0,0.0,0.03841490175719981,0.038293031051339355,0.0,0.036668346175229155,0.0,0.0,0.0,0.0,0.0
2023-11-28,0.0,0.0,0.0,0.07979392181322582,0.0817996628826012,0.06514461532322093,0.0706319443281803,0.09572597347386717,0.11784549019224526,0.09710101624792689,0.12594804446957197,0.08562467602881177,0.0670083762565804,0.0,0.0,0.0,0.03841490175719981,0.038293031051339355,0.0,0.036668346175229155,0.0,0.0,0.0,0.0,0.0
2023-11-29,0.0,0.0,0.0,0.07979392181322582,0.0817996628826012,0.06514461532322093,0.0706319443281803,0.09572597347386717,0.11784549019224526,0.09710101624792689,0.12594804446957197,0.08562467602881177,0.0670083762565804,0.0,0.0,0.0,0.03841490175719981,0.038293031051339355,0.0,0.036668346175229155,0.0,0.0,0.0,0.0,0.0
2023-11-30,0.0,0.0,0.0,0.07979392181322582,0.0817996628826012,0.06514461532322093,0.0706319443281803,0.09572597347386717,0.11784549019224526,0.09710101624792689,0.12594804446957197,0.08562467602881177,0.0670083762565804,0.0,0.0,0.0,0.03841490175719981,0.038293031051339355,0.0,0.036668346175229155,0.0,0.0,0.0,0.0,0.0
2023-12-01,0.0,0.0,0.0931509848085557,0.055728566806113655,0.08628632360113561,0.05557195273213952,0.06493733920256631,0.0878851651926114,0.1275880427073476,0.1292998716034187,0.09768537338005817,0.07406830331532134,0.06682573670715063,0.0,0.0,0.0,0.0,0.029040150607453047,0.0,0.03193218933612841,0.0,0.0,0.0,0.0,0.0
2023-12-04,0.0,0.0,0.0931509848085557,0.055728566806113655,0.08628632360113561,0.05557195273213952,0.06493733920256631,0.0878851651926114,0.1275880427073476,0.1292998716034187,0.09768537338005817,0.07406830331532134,0.06682573670715063,0.0,0.0,0.0,0.0,0.029040150607453047,0.0,0.03193218933612841,0.0,0.0,0.0,0.0,0.0
2023-12-05,0.0,0.0,0.0931509848085557,0.055728566806113655,0.08628632360113561,0.05557195273213952,0.06493733920256631,0.0878851651926114,0.1275880427073476,0.1292998716034187,0.09768537338005817,0.07406830331532134,0.06682573670715063,0.0,0.0,0.0,0.0,0.029040150607453047,0.0,0.03193218933612841,0.0,0.0,0.0,0.0,0.0
2023-12-06,0.0,0.0,0.0931509848085557,0.055728566806113655,0.08628632360113561,0.05557195273213952,0.06493733920256631,0.0878851651926114,0.1275880427073476,0.1292998716034187,0.09768537338005817,0.07406830331532134,0.06682573670715063,0.0,0.0,0.0,0.0,0.029040150607453047,0.0,0.03193218933612841,0.0,0.0,0.0,0.0,0.0
2023-12-07,0.0,0.0,0.0931509848085557,0.055728566806113655,0.08628632360113561,0.05557195273213952,0.06493733920256631,0.0878851651926114,0.1275880427073476,0.1292998716034187,0.09768537338005817,0.07406830331532134,0.06682573670715063,0.0,0.0,0.0,0.0,0.029040150607453047,0.0,0.03193218933612841,0.0,0.0,0.0,0.0,0.0
2023-12-08,0.0,0.0,0.0931509848085557,0.055728566806113655,0.08628632360113561,0.05557195273213952,0.06493733920256631,0.0878851651926114,0.1275880427073476,0.1292998716034187,0.09768537338005817,0.07406830331532134,0.06682573670715063,0.0,0.0,0.0,0.0,0.029040150607453047,0.0,0.03193218933612841,0.0,0.0,0.0,0.0,0.0
2023-12-11,0.0,0.0,0.0931509848085557,0.055728566806113655,0.08628632360113561,0.05557195273213952,0.06493733920256631,0.0878851651926114,0.1275880427073476,0.1292998716034187,0.09768537338005817,0.07406830331532134,0.06682573670715063,0.0,0.0,0.0,0.0,0.029040150607453047,0.0,0.03193218933612841,0.0,0.0,0.0,0.0,0.0
2023-12-12,0.0,0.0,0.0931509848085557,0.055728566806113655,0.08628632360113561,0.05557195273213952,0.06493733920256631,0.0878851651926114,0.1275880427073476,0.1292998716034187,0.09768537338005817,0.07406830331532134,0.06682573670715063,0.0,0.0,0.0,0.0,0.029040150607453047,0.0,0.03193218933612841,0.0,0.0,0.0,0.0,0.0
2023-12-13,0.0,0.0,0.0931509848085557,0.055728566806113655,0.08628632360113561,0.05557195273213952,0.06493733920256631,0.0878851651926114,0.1275880427073476,0.1292998716034187,0.09768537338005817,0.07406830331532134,0.06682573670715063,0.0,0.0,0.0,0.0,0.029040150607453047,0.0,0.03193218933612841,0.0,0.0,0.0,0.0,0.0
2023-12-14,0.0,0.0,0.0931509848085557,0.055728566806113655,0.08628632360113561,0.05557195273213952,0.06493733920256631,0.0878851651926114,0.1275880427073476,0.1292998716034187,0.09768537338005817,0.07406830331532134,0.06682573670715063,0.0,0.0,0.0,0.0,0.029040150607453047,0.0,0.03193218933612841,0.0,0.0,0.0,0.0,0.0
2023-12-15,0.0,0.0,0.0931509848085557,0.055728566806113655,0.08628632360113561,0.05557195273213952,0.06493733920256631,0.0878851651926114,0.1275880427073476,0.1292998716034187,0.09768537338005817,0.07406830331532134,0.06682573670715063,0.0,0.0,0.0,0.0,0.029040150607453047,0.0,0.03193218933612841,0.0,0.0,0.0,0.0,0.0
2023-12-18,0.0,0.0,0.0931509848085557,0.055728566806113655,0.08628632360113561,0.05557195273213952,0.06493733920256631,0.0878851651926114,0.1275880427073476,0.1292998716034187,0.09768537338005817,0.07406830331532134,0.06682573670715063,0.0,0.0,0.0,0.0,0.029040150607453047,0.0,0.03193218933612841,0.0,0.0,0.0,0.0,0.0
2023-12-19,0.0,0.0,0.0931509848085557,0.055728566806113655,0.08628632360113561,0.05557195273213952,0.06493733920256631,0.0878851651926114,0.1275880427073476,0.1292998716034187,0.09768537338005817,0.07406830331532134,0.06682573670715063,0.0,0.0,0.0,0.0,0.029040150607453047,0.0,0.03193218933612841,0.0,0.0,0.0,0.0,0.0
2023-12-20,0.0,0.0,0.0931509848085557,0.055728566806113655,0.08628632360113561,0.05557195273213952,0.06493733920256631,0.0878851651926114,0.1275880427073476,0.1292998716034187,0.09768537338005817,0.07406830331532134,0.06682573670715063,0.0,0.0,0.0,0.0,0.029040150607453047,0.0,0.03193218933612841,0.0,0.0,0.0,0.0,0.0
2023-12-21,0.0,0.0,0.0931509848085557,0.055728566806113655,0.08628632360113561,0.05557195273213952,0.06493733920256631,0.0878851651926114,0.1275880427073476,0.1292998716034187,0.09768537338005817,0.07406830331532134,0.06682573670715063,0.0,0.0,0.0,0.0,0.029040150607453047,0.0,0.03193218933612841,0.0,0.0,0.0,0.0,0.0
2023-12-22,0.0,0.0,0.0931509848085557,0.055728566806113655,0.08628632360113561,0.05557195273213952,0.06493733920256631,0.0878851651926114,0.1275880427073476,0.1292998716034187,0.09768537338005817,0.07406830331532134,0.06682573670715063,0.0,0.0,0.0,0.0,0.029040150607453047,0.0,0.03193218933612841,0.0,0.0,0.0,0.0,0.0
2023-12-25,0.0,0.0,0.0931509848085557,0.055728566806113655,0.08628632360113561,0.05557195273213952,0.06493733920256631,0.0878851651926114,0.1275880427073476,0.1292998716034187,0.09768537338005817,0.07406830331532134,0.06682573670715063,0.0,0.0,0.0,0.0,0.029040150607453047,0.0,0.03193218933612841,0.0,0.0,0.0,0.0,0.0
2023-12-26,0.0,0.0,0.0931509848085557,0.055728566806113655,0.08628632360113561,0.05557195273213952,0.06493733920256631,0.0878851651926114,0.1275880427073476,0.1292998716034187,0.09768537338005817,0.07406830331532134,0.06682573670715063,0.0,0.0,0.0,0.0,0.029040150607453047,0.0,0.03193218933612841,0.0,0.0,0.0,0.0,0.0
2023-12-27,0.0,0.0,0.0931509848085557,0.055728566806113655,0.08628632360113561,0.05557195273213952,0.06493733920256631,0.0878851651926114,0.1275880427073476,0.1292998716034187,0.09768537338005817,0.07406830331532134,0.06682573670715063,0.0,0.0,0.0,0.0,0.029040150607453047,0.0,0.03193218933612841,0.0,0.0,0.0,0.0,0.0
2023-12-28,0.0,0.0,0.0931509848085557,0.055728566806113655,0.08628632360113561,0.05557195273213952,0.06493733920256631,0.0878851651926114,0.1275880427073476,0.1292998716034187,0.09768537338005817,0.07406830331532134,0.06682573670715063,0.0,0.0,0.0,0.0,0.029040150607453047,0.0,0.03193218933612841,0.0,0.0,0.0,0.0,0.0
2023-12-29,0.0,0.0,0.0931509848085557,0.055728566806113655,0.08628632360113561,0.05557195273213952,0.06493733920256631,0.0878851651926114,0.1275880427073476,0.1292998716034187,0.09768537338005817,0.07406830331532134,0.06682573670715063,0.0,0.0,0.0,0.0,0.029040150607453047,0.0,0.03193218933612841,0.0,0.0,0.0,0.0,0.0
2024-01-02,0.0,0.0,0.0931509848085557,0.055728566806113655,0.08628632360113561,0.05557195273213952,0.06493733920256631,0.0878851651926114,0.1275880427073476,0.1292998716034187,0.09768537338005817,0.07406830331532134,0.06682573670715063,0.0,0.0,0.0,0.0,0.029040150607453047,0.0,0.03193218933612841,0.0,0.0,0.0,0.0,0.0
2024-01-03,0.0,0.0,0.0931509848085557,0.055728566806113655,0.08628632360113561,0.05557195273213952,0.06493733920256631,0.0878851651926114,0.1275880427073476,0.1292998716034187,0.09768537338005817,0.07406830331532134,0.06682573670715063,0.0,0.0,0.0,0.0,0.029040150607453047,0.0,0.03193218933612841,0.0,0.0,0.0,0.0,0.0
2024-01-04,0.0,0.0,0.0931509848085557,0.055728566806113655,0.08628632360113561,0.05557195273213952,0.06493733920256631,0.0878851651926114,0.1275880427073476,0.1292998716034187,0.09768537338005817,0.07406830331532134,0.06682573670715063,0.0,0.0,0.0,0.0,0.029040150607453047,0.0,0.03193218933612841,0.0,0.0,0.0,0.0,0.0
2024-01-05,0.0,0.0,0.0931509848085557,0.055728566806113655,0.08628632360113561,0.05557195273213952,0.06493733920256631,0.0878851651926114,0.1275880427073476,0.1292998716034187,0.09768537338005817,0.07406830331532134,0.06682573670715063,0.0,0.0,0.0,0.0,0.029040150607453047,0.0,0.03193218933612841,0.0,0.0,0.0,0.0,0.0
2024-01-08,0.0,0.0,0.0931509848085557,0.055728566806113655,0.08628632360113561,0.05557195273213952,0.06493733920256631,0.0878851651926114,0.1275880427073476,0.1292998716034187,0.09768537338005817,0.07406830331532134,0.06682573670715063,0.0,0.0,0.0,0.0,0.029040150607453047,0.0,0.03193218933612841,0.0,0.0,0.0,0.0,0.0
2024-01-09,0.0,0.0,0.0931509848085557,0.055728566806113655,0.08628632360113561,0.05557195273213952,0.06493733920256631,0.0878851651926114,0.1275880427073476,0.1292998716034187,0.09768537338005817,0.07406830331532134,0.06682573670715063,0.0,0.0,0.0,0.0,0.029040150607453047,0.0,0.03193218933612841,0.0,0.0,0.0,0.0,0.0
2024-01-10,0.0,0.0,0.0931509848085557,0.055728566806113655,0.08628632360113561,0.05557195273213952,0.06493733920256631,0.0878851651926114,0.1275880427073476,0.1292998716034187,0.09768537338005817,0.07406830331532134,0.06682573670715063,0.0,0.0,0.0,0.0,0.029040150607453047,0.0,0.03193218933612841,0.0,0.0,0.0,0.0,0.0
2024-01-11,0.0,0.0,0.0931509848085557,0.055728566806113655,0.08628632360113561,0.05557195273213952,0.06493733920256631,0.0878851651926114,0.1275880427073476,0.1292998716034187,0.09768537338005817,0.07406830331532134,0.06682573670715063,0.0,0.0,0.0,0.0,0.029040150607453047,0.0,0.03193218933612841,0.0,0.0,0.0,0.0,0.0
2024-01-12,0.0,0.0,0.0931509848085557,0.055728566806113655,0.08628632360113561,0.05557195273213952,0.06493733920256631,0.0878851651926114,0.1275880427073476,0.1292998716034187,0.09768537338005817,0.07406830331532134,0.06682573670715063,0.0,0.0,0.0,0.0,0.029040150607453047,0.0,0.03193218933612841,0.0,0.0,0.0,0.0,0.0
2024-01-15,0.0,0.0,0.0931509848085557,0.055728566806113655,0.08628632360113561,0.05557195273213952,0.06493733920256631,0.0878851651926114,0.1275880427073476,0.1292998716034187,0.09768537338005817,0.07406830331532134,0.06682573670715063,0.0,0.0,0.0,0.0,0.029040150607453047,0.0,0.03193218933612841,0.0,0.0,0.0,0.0,0.0
2024-01-16,0.0,0.0,0.0931509848085557,0.055728566806113655,0.08628632360113561,0.05557195273213952,0.06493733920256631,0.0878851651926114,0.1275880427073476,0.1292998716034187,0.09768537338005817,0.07406830331532134,0.06682573670715063,0.0,0.0,0.0,0.0,0.029040150607453047,0.0,0.03193218933612841,0.0,0.0,0.0,0.0,0.0
2024-01-17,0.0,0.0,0.0931509848085557,0.055728566806113655,0.08628632360113561,0.05557195273213952,0.06493733920256631,0.0878851651926114,0.1275880427073476,0.1292998716034187,0.09768537338005817,0.07406830331532134,0.06682573670715063,0.0,0.0,0.0,0.0,0.029040150607453047,0.0,0.03193218933612841,0.0,0.0,0.0,0.0,0.0
2024-01-18,0.0,0.0,0.0931509848085557,0.055728566806113655,0.08628632360113561,0.05557195273213952,0.06493733920256631,0.0878851651926114,0.1275880427073476,0.1292998716034187,0.09768537338005817,0.07406830331532134,0.06682573670715063,0.0,0.0,0.0,0.0,0.029040150607453047,0.0,0.03193218933612841,0.0,0.0,0.0,0.0,0.0
2024-01-19,0.0,0.0,0.0931509848085557,0.055728566806113655,0.08628632360113561,0.05557195273213952,0.06493733920256631,0.0878851651926114,0.1275880427073476,0.1292998716034187,0.09768537338005817,0.07406830331532134,0.06682573670715063,0.0,0.0,0.0,0.0,0.029040150607453047,0.0,0.03193218933612841,0.0,0.0,0.0,0.0,0.0
2024-01-22,0.0,0.0,0.0931509848085557,0.055728566806113655,0.08628632360113561,0.05557195273213952,0.06493733920256631,0.0878851651926114,0.1275880427073476,0.1292998716034187,0.09768537338005817,0.07406830331532134,0.06682573670715063,0.0,0.0,0.0,0.0,0.029040150607453047,0.0,0.03193218933612841,0.0,0.0,0.0,0.0,0.0
2024-01-23,0.0,0.0,0.0931509848085557,0.055728566806113655,0.08628632360113561,0.05557195273213952,0.06493733920256631,0.0878851651926114,0.1275880427073476,0.1292998716034187,0.09768537338005817,0.07406830331532134,0.06682573670715063,0.0,0.0,0.0,0.0,0.029040150607453047,0.0,0.03193218933612841,0.0,0.0,0.0,0.0,0.0
2024-01-24,0.0,0.0,0.0931509848085557,0.055728566806113655,0.08628632360113561,0.05557195273213952,0.06493733920256631,0.0878851651926114,0.1275880427073476,0.1292998716034187,0.09768537338005817,0.07406830331532134,0.06682573670715063,0.0,0.0,0.0,0.0,0.029040150607453047,0.0,0.03193218933612841,0.0,0.0,0.0,0.0,0.0
2024-01-25,0.0,0.0,0.0931509848085557,0.055728566806113655,0.08628632360113561,0.05557195273213952,0.06493733920256631,0.0878851651926114,0.1275880427073476,0.1292998716034187,0.09768537338005817,0.07406830331532134,0.06682573670715063,0.0,0.0,0.0,0.0,0.029040150607453047,0.0,0.03193218933612841,0.0,0.0,0.0,0.0,0.0
2024-01-26,0.0,0.0,0.0931509848085557,0.055728566806113655,0.08628632360113561,0.05557195273213952,0.06493733920256631,0.0878851651926114,0.1275880427073476,0.1292998716034187,0.09768537338005817,0.07406830331532134,0.06682573670715063,0.0,0.0,0.0,0.0,0.029040150607453047,0.0,0.03193218933612841,0.0,0.0,0.0,0.0,0.0
2024-01-29,0.0,0.0,0.0931509848085557,0.055728566806113655,0.08628632360113561,0.05557195273213952,0.06493733920256631,0.0878851651926114,0.1275880427073476,0.1292998716034187,0.09768537338005817,0.07406830331532134,0.06682573670715063,0.0,0.0,0.0,0.0,0.029040150607453047,0.0,0.03193218933612841,0.0,0.0,0.0,0.0,0.0
2024-01-30,0.0,0.0,0.0931509848085557,0.055728566806113655,0.08628632360113561,0.05557195273213952,0.06493733920256631,0.0878851651926114,0.1275880427073476,0.1292998716034187,0.09768537338005817,0.07406830331532134,0.06682573670715063,0.0,0.0,0.0,0.0,0.029040150607453047,0.0,0.03193218933612841,0.0,0.0,0.0,0.0,0.0
2024-01-31,0.0,0.0,0.0931509848085557,0.055728566806113655,0.08628632360113561,0.05557195273213952,0.06493733920256631,0.0878851651926114,0.1275880427073476,0.1292998716034187,0.09768537338005817,0.07406830331532134,0.06682573670715063,0.0,0.0,0.0,0.0,0.029040150607453047,0.0,0.03193218933612841,0.0,0.0,0.0,0.0,0.0
2024-02-01,0.06403459119249873,0.06732320504081132,0.0,0.0,0.08158984109245843,0.08169734271603973,0.06697720531982922,0.12331673742617706,0.0,0.16281105709013136,0.1204976107831374,0.07126083821619718,0.033071378543413146,0.0,0.0,0.0,0.035033009552636926,0.040428384720980745,0.0,0.051958798305688836,0.0,0.0,0.0,0.0,0.0
2024-02-02,0.06403459119249873,0.06732320504081132,0.0,0.0,0.08158984109245843,0.08169734271603973,0.06697720531982922,0.12331673742617706,0.0,0.16281105709013136,0.1204976107831374,0.07126083821619718,0.033071378543413146,0.0,0.0,0.0,0.035033009552636926,0.040428384720980745,0.0,0.051958798305688836,0.0,0.0,0.0,0.0,0.0
2024-02-05,0.06403459119249873,0.06732320504081132,0.0,0.0,0.08158984109245843,0.08169734271603973,0.06697720531982922,0.12331673742617706,0.0,0.16281105709013136,0.1204976107831374,0.07126083821619718,0.033071378543413146,0.0,0.0,0.0,0.035033009552636926,0.040428384720980745,0.0,0.051958798305688836,0.0,0.0,0.0,0.0,0.0
2024-02-06,0.06403459119249873,0.06732320504081132,0.0,0.0,0.08158984109245843,0.08169734271603973,0.06697720531982922,0.12331673742617706,0.0,0.16281105709013136,0.1204976107831374,0.07126083821619718,0.033071378543413146,0.0,0.0,0.0,0.035033009552636926,0.040428384720980745,0.0,0.051958798305688836,0.0,0.0,0.0,0.0,0.0
2024-02-07,0.06403459119249873,0.06732320504081132,0.0,0.0,0.08158984109245843,0.08169734271603973,0.06697720531982922,0.12331673742617706,0.0,0.16281105709013136,0.1204976107831374,0.07126083821619718,0.033071378543413146,0.0,0.0,0.0,0.035033009552636926,0.040428384720980745,0.0,0.051958798305688836,0.0,0.0,0.0,0.0,0.0
2024-02-08,0.06403459119249873,0.06732320504081132,0.0,0.0,0.08158984109245843,0.08169734271603973,0.06697720531982922,0.12331673742617706,0.0,0.16281105709013136,0.1204976107831374,0.07126083821619718,0.033071378543413146,0.0,0.0,0.0,0.035033009552636926,0.040428384720980745,0.0,0.051958798305688836,0.0,0.0,0.0,0.0,0.0
2024-02-09,0.06403459119249873,0.06732320504081132,0.0,0.0,0.08158984109245843,0.08169734271603973,0.06697720531982922,0.12331673742617706,0.0,0.16281105709013136,0.1204976107831374,0.07126083821619718,0.033071378543413146,0.0,0.0,0.0,0.035033009552636926,0.040428384720980745,0.0,0.051958798305688836,0.0,0.0,0.0,0.0,0.0
2024-02-12,0.06403459119249873,0.06732320504081132,0.0,0.0,0.08158984109245843,0.08169734271603973,0.06697720531982922,0.12331673742617706,0.0,0.16281105709013136,0.1204976107831374,0.07126083821619718,0.033071378543413146,0.0,0.0,0.0,0.035033009552636926,0.040428384720980745,0.0,0.051958798305688836,0.0,0.0,0.0,0.0,0.0
2024-02-13,0.06403459119249873,0.06732320504081132,0.0,0.0,0.08158984109245843,0.08169734271603973,0.06697720531982922,0.12331673742617706,0.0,0.16281105709013136,0.1204976107831374,0.07126083821619718,0.033071378543413146,0.0,0.0,0.0,0.035033009552636926,0.040428384720980745,0.0,0.051958798305688836,0.0,0.0,0.0,0.0,0.0
2024-02-14,0.06403459119249873,0.06732320504081132,0.0,0.0,0.08158984109245843,0.08169734271603973,0.06697720531982922,0.12331673742617706,0.0,0.16281105709013136,0.1204976107831374,0.07126083821619718,0.033071378543413146,0.0,0.0,0.0,0.035033009552636926,0.040428384720980745,0.0,0.051958798305688836,0.0,0.0,0.0,0.0,0.0
2024-02-15,0.06403459119249873,0.06732320504081132,0.0,0.0,0.08158984109245843,0.08169734271603973,0.06697720531982922,0.12331673742617706,0.0,0.16281105709013136,0.1204976107831374,0.07126083821619718,0.033071378543413146,0.0,0.0,0.0,0.035033009552636926,0.040428384720980745,0.0,0.051958798305688836,0.0,0.0,0.0,0.0,0.0
2024-02-16,0.06403459119249873,0.06732320504081132,0.0,0.0,0.08158984109245843,0.08169734271603973,0.06697720531982922,0.12331673742617706,0.0,0.16281105709013136,0.1204976107831374,0.07126083821619718,0.033071378543413146,0.0,0.0,0.0,0.035033009552636926,0.040428384720980745,0.0,0.051958798305688836,0.0,0.0,0.0,0.0,0.0
2024-02-19,0.06403459119249873,0.06732320504081132,0.0,0.0,0.08158984109245843,0.08169734271603973,0.06697720531982922,0.12331673742617706,0.0,0.16281105709013136,0.1204976107831374,0.07126083821619718,0.033071378543413146,0.0,0.0,0.0,0.035033009552636926,0.040428384720980745,0.0,0.051958798305688836,0.0,0.0,0.0,0.0,0.0
2024-02-20,0.06403459119249873,0.06732320504081132,0.0,0.0,0.08158984109245843,0.08169734271603973,0.06697720531982922,0.12331673742617706,0.0,0.16281105709013136,0.1204976107831374,0.07126083821619718,0.033071378543413146,0.0,0.0,0.0,0.035033009552636926,0.040428384720980745,0.0,0.051958798305688836,0.0,0.0,0.0,0.0,0.0
2024-02-21,0.06403459119249873,0.06732320504081132,0.0,0.0,0.08158984109245843,0.08169734271603973,0.06697720531982922,0.12331673742617706,0.0,0.16281105709013136,0.1204976107831374,0.07126083821619718,0.033071378543413146,0.0,0.0,0.0,0.035033009552636926,0.040428384720980745,0.0,0.051958798305688836,0.0,0.0,0.0,0.0,0.0
2024-02-22,0.06403459119249873,0.06732320504081132,0.0,0.0,0.08158984109245843,0.08169734271603973,0.06697720531982922,0.12331673742617706,0.0,0.16281105709013136,0.1204976107831374,0.07126083821619718,0.033071378543413146,0.0,0.0,0.0,0.035033009552636926,0.040428384720980745,0.0,0.051958798305688836,0.0,0.0,0.0,0.0,0.0
2024-02-23,0.06403459119249873,0.06732320504081132,0.0,0.0,0.08158984109245843,0.08169734271603973,0.06697720531982922,0.12331673742617706,0.0,0.16281105709013136,0.1204976107831374,0.07126083821619718,0.033071378543413146,0.0,0.0,0.0,0.035033009552636926,0.040428384720980745,0.0,0.051958798305688836,0.0,0.0,0.0,0.0,0.0
2024-02-26,0.06403459119249873,0.06732320504081132,0.0,0.0,0.08158984109245843,0.08169734271603973,0.06697720531982922,0.12331673742617706,0.0,0.16281105709013136,0.1204976107831374,0.07126083821619718,0.033071378543413146,0.0,0.0,0.0,0.035033009552636926,0.040428384720980745,0.0,0.051958798305688836,0.0,0.0,0.0,0.0,0.0
2024-02-27,0.06403459119249873,0.06732320504081132,0.0,0.0,0.08158984109245843,0.08169734271603973,0.06697720531982922,0.12331673742617706,0.0,0.16281105709013136,0.1204976107831374,0.07126083821619718,0.033071378543413146,0.0,0.0,0.0,0.035033009552636926,0.040428384720980745,0.0,0.051958798305688836,0.0,0.0,0.0,0.0,0.0
2024-02-28,0.06403459119249873,0.06732320504081132,0.0,0.0,0.08158984109245843,0.08169734271603973,0.06697720531982922,0.12331673742617706,0.0,0.16281105709013136,0.1204976107831374,0.07126083821619718,0.033071378543413146,0.0,0.0,0.0,0.035033009552636926,0.040428384720980745,0.0,0.051958798305688836,0.0,0.0,0.0,0.0,0.0
2024-02-29,0.06403459119249873,0.06732320504081132,0.0,0.0,0.08158984109245843,0.08169734271603973,0.06697720531982922,0.12331673742617706,0.0,0.16281105709013136,0.1204976107831374,0.07126083821619718,0.033071378543413146,0.0,0.0,0.0,0.035033009552636926,0.040428384720980745,0.0,0.051958798305688836,0.0,0.0,0.0,0.0,0.0
2024-03-01,0.06403459119249873,0.06732320504081132,0.0,0.0,0.08158984109245843,0.08169734271603973,0.06697720531982922,0.12331673742617706,0.0,0.16281105709013136,0.1204976107831374,0.07126083821619718,0.033071378543413146,0.0,0.0,0.0,0.035033009552636926,0.040428384720980745,0.0,0.051958798305688836,0.0,0.0,0.0,0.0,0.0
2024-03-04,0.06403459119249873,0.06732320504081132,0.0,0.0,0.08158984109245843,0.08169734271603973,0.06697720531982922,0.12331673742617706,0.0,0.16281105709013136,0.1204976107831374,0.07126083821619718,0.033071378543413146,0.0,0.0,0.0,0.035033009552636926,0.040428384720980745,0.0,0.051958798305688836,0.0,0.0,0.0,0.0,0.0
2024-03-05,0.06403459119249873,0.06732320504081132,0.0,0.0,0.08158984109245843,0.08169734271603973,0.06697720531982922,0.12331673742617706,0.0,0.16281105709013136,0.1204976107831374,0.07126083821619718,0.033071378543413146,0.0,0.0,0.0,0.035033009552636926,0.040428384720980745,0.0,0.051958798305688836,0.0,0.0,0.0,0.0,0.0
2024-03-06,0.06403459119249873,0.06732320504081132,0.0,0.0,0.08158984109245843,0.08169734271603973,0.06697720531982922,0.12331673742617706,0.0,0.16281105709013136,0.1204976107831374,0.07126083821619718,0.033071378543413146,0.0,0.0,0.0,0.035033009552636926,0.040428384720980745,0.0,0.051958798305688836,0.0,0.0,0.0,0.0,0.0
2024-03-07,0.06403459119249873,0.06732320504081132,0.0,0.0,0.08158984109245843,0.08169734271603973,0.06697720531982922,0.12331673742617706,0.0,0.16281105709013136,0.1204976107831374,0.07126083821619718,0.033071378543413146,0.0,0.0,0.0,0.035033009552636926,0.040428384720980745,0.0,0.051958798305688836,0.0,0.0,0.0,0.0,0.0
2024-03-08,0.06403459119249873,0.06732320504081132,0.0,0.0,0.08158984109245843,0.08169734271603973,0.06697720531982922,0.12331673742617706,0.0,0.16281105709013136,0.1204976107831374,0.07126083821619718,0.033071378543413146,0.0,0.0,0.0,0.035033009552636926,0.040428384720980745,0.0,0.051958798305688836,0.0,0.0,0.0,0.0,0.0
2024-03-11,0.06403459119249873,0.06732320504081132,0.0,0.0,0.08158984109245843,0.08169734271603973,0.06697720531982922,0.12331673742617706,0.0,0.16281105709013136,0.1204976107831374,0.07126083821619718,0.033071378543413146,0.0,0.0,0.0,0.035033009552636926,0.040428384720980745,0.0,0.051958798305688836,0.0,0.0,0.0,0.0,0.0
2024-03-12,0.06403459119249873,0.06732320504081132,0.0,0.0,0.08158984109245843,0.08169734271603973,0.06697720531982922,0.12331673742617706,0.0,0.16281105709013136,0.1204976107831374,0.07126083821619718,0.033071378543413146,0.0,0.0,0.0,0.035033009552636926,0.040428384720980745,0.0,0.051958798305688836,0.0,0.0,0.0,0.0,0.0
2024-03-13,0.06403459119249873,0.06732320504081132,0.0,0.0,0.08158984109245843,0.08169734271603973,0.06697720531982922,0.12331673742617706,0.0,0.16281105709013136,0.1204976107831374,0.07126083821619718,0.033071378543413146,0.0,0.0,0.0,0.035033009552636926,0.040428384720980745,0.0,0.051958798305688836,0.0,0.0,0.0,0.0,0.0
2024-03-14,0.06403459119249873,0.06732320504081132,0.0,0.0,0.08158984109245843,0.08169734271603973,0.06697720531982922,0.12331673742617706,0.0,0.16281105709013136,0.1204976107831374,0.07126083821619718,0.033071378543413146,0.0,0.0,0.0,0.035033009552636926,0.040428384720980745,0.0,0.051958798305688836,0.0,0.0,0.0,0.0,0.0
2024-03-15,0.06403459119249873,0.06732320504081132,0.0,0.0,0.08158984109245843,0.08169734271603973,0.06697720531982922,0.12331673742617706,0.0,0.16281105709013136,0.1204976107831374,0.07126083821619718,0.033071378543413146,0.0,0.0,0.0,0.035033009552636926,0.040428384720980745,0.0,0.051958798305688836,0.0,0.0,0.0,0.0,0.0
2024-03-18,0.06403459119249873,0.06732320504081132,0.0,0.0,0.08158984109245843,0.08169734271603973,0.06697720531982922,0.12331673742617706,0.0,0.16281105709013136,0.1204976107831374,0.07126083821619718,0.033071378543413146,0.0,0.0,0.0,0.035033009552636926,0.040428384720980745,0.0,0.051958798305688836,0.0,0.0,0.0,0.0,0.0
2024-03-19,0.06403459119249873,0.06732320504081132,0.0,0.0,0.08158984109245843,0.08169734271603973,0.06697720531982922,0.12331673742617706,0.0,0.16281105709013136,0.1204976107831374,0.07126083821619718,0.033071378543413146,0.0,0.0,0.0,0.035033009552636926,0.040428384720980745,0.0,0.051958798305688836,0.0,0.0,0.0,0.0,0.0
2024-03-20,0.06403459119249873,0.06732320504081132,0.0,0.0,0.08158984109245843,0.08169734271603973,0.06697720531982922,0.12331673742617706,0.0,0.16281105709013136,0.1204976107831374,0.07126083821619718,0.033071378543413146,0.0,0.0,0.0,0.035033009552636926,0.040428384720980745,0.0,0.051958798305688836,0.0,0.0,0.0,0.0,0.0
2024-03-21,0.06403459119249873,0.06732320504081132,0.0,0.0,0.08158984109245843,0.08169734271603973,0.06697720531982922,0.12331673742617706,0.0,0.16281105709013136,0.1204976107831374,0.07126083821619718,0.033071378543413146,0.0,0.0,0.0,0.035033009552636926,0.040428384720980745,0.0,0.051958798305688836,0.0,0.0,0.0,0.0,0.0
2024-03-22,0.06403459119249873,0.06732320504081132,0.0,0.0,0.08158984109245843,0.08169734271603973,0.06697720531982922,0.12331673742617706,0.0,0.16281105709013136,0.1204976107831374,0.07126083821619718,0.033071378543413146,0.0,0.0,0.0,0.035033009552636926,0.040428384720980745,0.0,0.051958798305688836,0.0,0.0,0.0,0.0,0.0
2024-03-25,0.06403459119249873,0.06732320504081132,0.0,0.0,0.08158984109245843,0.08169734271603973,0.06697720531982922,0.12331673742617706,0.0,0.16281105709013136,0.1204976107831374,0.07126083821619718,0.033071378543413146,0.0,0.0,0.0,0.035033009552636926,0.040428384720980745,0.0,0.051958798305688836,0.0,0.0,0.0,0.0,0.0
2024-03-26,0.06403459119249873,0.06732320504081132,0.0,0.0,0.08158984109245843,0.08169734271603973,0.06697720531982922,0.12331673742617706,0.0,0.16281105709013136,0.1204976107831374,0.07126083821619718,0.033071378543413146,0.0,0.0,0.0,0.035033009552636926,0.040428384720980745,0.0,0.051958798305688836,0.0,0.0,0.0,0.0,0.0
2024-03-27,0.06403459119249873,0.06732320504081132,0.0,0.0,0.08158984109245843,0.08169734271603973,0.06697720531982922,0.12331673742617706,0.0,0.16281105709013136,0.1204976107831374,0.07126083821619718,0.033071378543413146,0.0,0.0,0.0,0.035033009552636926,0.040428384720980745,0.0,0.051958798305688836,0.0,0.0,0.0,0.0,0.0
2024-03-28,0.06403459119249873,0.06732320504081132,0.0,0.0,0.08158984109245843,0.08169734271603973,0.06697720531982922,0.12331673742617706,0.0,0.16281105709013136,0.1204976107831374,0.07126083821619718,0.033071378543413146,0.0,0.0,0.0,0.035033009552636926,0.040428384720980745,0.0,0.051958798305688836,0.0,0.0,0.0,0.0,0.0
2024-03-29,0.06403459119249873,0.06732320504081132,0.0,0.0,0.08158984109245843,0.08169734271603973,0.06697720531982922,0.12331673742617706,0.0,0.16281105709013136,0.1204976107831374,0.07126083821619718,0.033071378543413146,0.0,0.0,0.0,0.035033009552636926,0.040428384720980745,0.0,0.051958798305688836,0.0,0.0,0.0,0.0,0.0
2024-04-01,0.06920152039495357,0.08123422569630191,0.08770383668312258,0.07882916735766411,0.09626779315558404,0.06982776045242743,0.06638174598101779,0.11133484372178919,0.0,0.08464874059569548,0.0,0.08802996889139224,0.07128192211096288,0.0,0.0,0.0,0.0,0.04357601237658738,0.0,0.05168246258250146,0.0,0.0,0.0,0.0,0.0
2024-04-02,0.06920152039495357,0.08123422569630191,0.08770383668312258,0.07882916735766411,0.09626779315558404,0.06982776045242743,0.06638174598101779,0.11133484372178919,0.0,0.08464874059569548,0.0,0.08802996889139224,0.07128192211096288,0.0,0.0,0.0,0.0,0.04357601237658738,0.0,0.05168246258250146,0.0,0.0,0.0,0.0,0.0
2024-04-03,0.06920152039495357,0.08123422569630191,0.08770383668312258,0.07882916735766411,0.09626779315558404,0.06982776045242743,0.06638174598101779,0.11133484372178919,0.0,0.08464874059569548,0.0,0.08802996889139224,0.07128192211096288,0.0,0.0,0.0,0.0,0.04357601237658738,0.0,0.05168246258250146,0.0,0.0,0.0,0.0,0.0
2024-04-04,0.06920152039495357,0.08123422569630191,0.08770383668312258,0.07882916735766411,0.09626779315558404,0.06982776045242743,0.06638174598101779,0.11133484372178919,0.0,0.08464874059569548,0.0,0.08802996889139224,0.07128192211096288,0.0,0.0,0.0,0.0,0.04357601237658738,0.0,0.05168246258250146,0.0,0.0,0.0,0.0,0.0
2024-04-05,0.06920152039495357,0.08123422569630191,0.08770383668312258,0.07882916735766411,0.09626779315558404,0.06982776045242743,0.06638174598101779,0.11133484372178919,0.0,0.08464874059569548,0.0,0.08802996889139224,0.07128192211096288,0.0,0.0,0.0,0.0,0.04357601237658738,0.0,0.05168246258250146,0.0,0.0,0.0,0.0,0.0
2024-04-08,0.06920152039495357,0.08123422569630191,0.08770383668312258,0.07882916735766411,0.09626779315558404,0.06982776045242743,0.06638174598101779,0.11133484372178919,0.0,0.08464874059569548,0.0,0.08802996889139224,0.07128192211096288,0.0,0.0,0.0,0.0,0.04357601237658738,0.0,0.05168246258250146,0.0,0.0,0.0,0.0,0.0
2024-04-09,0.06920152039495357,0.08123422569630191,0.08770383668312258,0.07882916735766411,0.09626779315558404,0.06982776045242743,0.06638174598101779,0.11133484372178919,0.0,0.08464874059569548,0.0,0.08802996889139224,0.07128192211096288,0.0,0.0,0.0,0.0,0.04357601237658738,0.0,0.05168246258250146,0.0,0.0,0.0,0.0,0.0
2024-04-10,0.06920152039495357,0.08123422569630191,0.08770383668312258,0.07882916735766411,0.09626779315558404,0.06982776045242743,0.06638174598101779,0.11133484372178919,0.0,0.08464874059569548,0.0,0.08802996889139224,0.07128192211096288,0.0,0.0,0.0,0.0,0.04357601237658738,0.0,0.05168246258250146,0.0,0.0,0.0,0.0,0.0
2024-04-11,0.06920152039495357,0.08123422569630191,0.08770383668312258,0.07882916735766411,0.09626779315558404,0.06982776045242743,0.06638174598101779,0.11133484372178919,0.0,0.08464874059569548,0.0,0.08802996889139224,0.07128192211096288,0.0,0.0,0.0,0.0,0.04357601237658738,0.0,0.05168246258250146,0.0,0.0,0.0,0.0,0.0
2024-04-12,0.06920152039495357,0.08123422569630191,0.08770383668312258,0.07882916735766411,0.09626779315558404,0.06982776045242743,0.06638174598101779,0.11133484372178919,0.0,0.08464874059569548,0.0,0.08802996889139224,0.07128192211096288,0.0,0.0,0.0,0.0,0.04357601237658738,0.0,0.05168246258250146,0.0,0.0,0.0,0.0,0.0
2024-04-15,0.06920152039495357,0.08123422569630191,0.08770383668312258,0.07882916735766411,0.09626779315558404,0.06982776045242743,0.06638174598101779,0.11133484372178919,0.0,0.08464874059569548,0.0,0.08802996889139224,0.07128192211096288,0.0,0.0,0.0,0.0,0.04357601237658738,0.0,0.05168246258250146,0.0,0.0,0.0,0.0,0.0
2024-04-16,0.06920152039495357,0.08123422569630191,0.08770383668312258,0.07882916735766411,0.09626779315558404,0.06982776045242743,0.06638174598101779,0.11133484372178919,0.0,0.08464874059569548,0.0,0.08802996889139224,0.07128192211096288,0.0,0.0,0.0,0.0,0.04357601237658738,0.0,0.05168246258250146,0.0,0.0,0.0,0.0,0.0
2024-04-17,0.06920152039495357,0.08123422569630191,0.08770383668312258,0.07882916735766411,0.09626779315558404,0.06982776045242743,0.06638174598101779,0.11133484372178919,0.0,0.08464874059569548,0.0,0.08802996889139224,0.07128192211096288,0.0,0.0,0.0,0.0,0.04357601237658738,0.0,0.05168246258250146,0.0,0.0,0.0,0.0,0.0
2024-04-18,0.06920152039495357,0.08123422569630191,0.08770383668312258,0.07882916735766411,0.09626779315558404,0.06982776045242743,0.06638174598101779,0.11133484372178919,0.0,0.08464874059569548,0.0,0.08802996889139224,0.07128192211096288,0.0,0.0,0.0,0.0,0.04357601237658738,0.0,0.05168246258250146,0.0,0.0,0.0,0.0,0.0
2024-04-19,0.06920152039495357,0.08123422569630191,0.08770383668312258,0.07882916735766411,0.09626779315558404,0.06982776045242743,0.06638174598101779,0.11133484372178919,0.0,0.08464874059569548,0.0,0.08802996889139224,0.07128192211096288,0.0,0.0,0.0,0.0,0.04357601237658738,0.0,0.05168246258250146,0.0,0.0,0.0,0.0,0.0
2024-04-22,0.06920152039495357,0.08123422569630191,0.08770383668312258,0.07882916735766411,0.09626779315558404,0.06982776045242743,0.06638174598101779,0.11133484372178919,0.0,0.08464874059569548,0.0,0.08802996889139224,0.07128192211096288,0.0,0.0,0.0,0.0,0.04357601237658738,0.0,0.05168246258250146,0.0,0.0,0.0,0.0,0.0
2024-04-23,0.06920152039495357,0.08123422569630191,0.08770383668312258,0.07882916735766411,0.09626779315558404,0.06982776045242743,0.06638174598101779,0.11133484372178919,0.0,0.08464874059569548,0.0,0.08802996889139224,0.07128192211096288,0.0,0.0,0.0,0.0,0.04357601237658738,0.0,0.05168246258250146,0.0,0.0,0.0,0.0,0.0
2024-04-24,0.06920152039495357,0.08123422569630191,0.08770383668312258,0.07882916735766411,0.09626779315558404,0.06982776045242743,0.06638174598101779,0.11133484372178919,0.0,0.08464874059569548,0.0,0.08802996889139224,0.07128192211096288,0.0,0.0,0.0,0.0,0.04357601237658738,0.0,0.05168246258250146,0.0,0.0,0.0,0.0,0.0
2024-04-25,0.06920152039495357,0.08123422569630191,0.08770383668312258,0.07882916735766411,0.09626779315558404,0.06982776045242743,0.06638174598101779,0.11133484372178919,0.0,0.08464874059569548,0.0,0.08802996889139224,0.07128192211096288,0.0,0.0,0.0,0.0,0.04357601237658738,0.0,0.05168246258250146,0.0,0.0,0.0,0.0,0.0
2024-04-26,0.06920152039495357,0.08123422569630191,0.08770383668312258,0.07882916735766411,0.09626779315558404,0.06982776045242743,0.06638174598101779,0.11133484372178919,0.0,0.08464874059569548,0.0,0.08802996889139224,0.07128192211096288,0.0,0.0,0.0,0.0,0.04357601237658738,0.0,0.05168246258250146,0.0,0.0,0.0,0.0,0.0
2024-04-29,0.06920152039495357,0.08123422569630191,0.08770383668312258,0.07882916735766411,0.09626779315558404,0.06982776045242743,0.06638174598101779,0.11133484372178919,0.0,0.08464874059569548,0.0,0.08802996889139224,0.07128192211096288,0.0,0.0,0.0,0.0,0.04357601237658738,0.0,0.05168246258250146,0.0,0.0,0.0,0.0,0.0
2024-04-30,0.06920152039495357,0.08123422569630191,0.08770383668312258,0.07882916735766411,0.09626779315558404,0.06982776045242743,0.06638174598101779,0.11133484372178919,0.0,0.08464874059569548,0.0,0.08802996889139224,0.07128192211096288,0.0,0.0,0.0,0.0,0.04357601237658738,0.0,0.05168246258250146,0.0,0.0,0.0,0.0,0.0
2024-05-01,0.06920152039495357,0.08123422569630191,0.08770383668312258,0.07882916735766411,0.09626779315558404,0.06982776045242743,0.06638174598101779,0.11133484372178919,0.0,0.08464874059569548,0.0,0.08802996889139224,0.07128192211096288,0.0,0.0,0.0,0.0,0.04357601237658738,0.0,0.05168246258250146,0.0,0.0,0.0,0.0,0.0
2024-05-02,0.06920152039495357,0.08123422569630191,0.08770383668312258,0.07882916735766411,0.09626779315558404,0.06982776045242743,0.06638174598101779,0.11133484372178919,0.0,0.08464874059569548,0.0,0.08802996889139224,0.07128192211096288,0.0,0.0,0.0,0.0,0.04357601237658738,0.0,0.05168246258250146,0.0,0.0,0.0,0.0,0.0
2024-05-03,0.06920152039495357,0.08123422569630191,0.08770383668312258,0.07882916735766411,0.09626779315558404,0.06982776045242743,0.06638174598101779,0.11133484372178919,0.0,0.08464874059569548,0.0,0.08802996889139224,0.07128192211096288,0.0,0.0,0.0,0.0,0.04357601237658738,0.0,0.05168246258250146,0.0,0.0,0.0,0.0,0.0
2024-05-06,0.06920152039495357,0.08123422569630191,0.08770383668312258,0.07882916735766411,0.09626779315558404,0.06982776045242743,0.06638174598101779,0.11133484372178919,0.0,0.08464874059569548,0.0,0.08802996889139224,0.07128192211096288,0.0,0.0,0.0,0.0,0.04357601237658738,0.0,0.05168246258250146,0.0,0.0,0.0,0.0,0.0
2024-05-07,0.06920152039495357,0.08123422569630191,0.08770383668312258,0.07882916735766411,0.09626779315558404,0.06982776045242743,0.06638174598101779,0.11133484372178919,0.0,0.08464874059569548,0.0,0.08802996889139224,0.07128192211096288,0.0,0.0,0.0,0.0,0.04357601237658738,0.0,0.05168246258250146,0.0,0.0,0.0,0.0,0.0
2024-05-08,0.06920152039495357,0.08123422569630191,0.08770383668312258,0.07882916735766411,0.09626779315558404,0.06982776045242743,0.06638174598101779,0.11133484372178919,0.0,0.08464874059569548,0.0,0.08802996889139224,0.07128192211096288,0.0,0.0,0.0,0.0,0.04357601237658738,0.0,0.05168246258250146,0.0,0.0,0.0,0.0,0.0
2024-05-09,0.06920152039495357,0.08123422569630191,0.08770383668312258,0.07882916735766411,0.09626779315558404,0.06982776045242743,0.06638174598101779,0.11133484372178919,0.0,0.08464874059569548,0.0,0.08802996889139224,0.07128192211096288,0.0,0.0,0.0,0.0,0.04357601237658738,0.0,0.05168246258250146,0.0,0.0,0.0,0.0,0.0
2024-05-10,0.06920152039495357,0.08123422569630191,0.08770383668312258,0.07882916735766411,0.09626779315558404,0.06982776045242743,0.06638174598101779,0.11133484372178919,0.0,0.08464874059569548,0.0,0.08802996889139224,0.07128192211096288,0.0,0.0,0.0,0.0,0.04357601237658738,0.0,0.05168246258250146,0.0,0.0,0.0,0.0,0.0
2024-05-13,0.06920152039495357,0.08123422569630191,0.08770383668312258,0.07882916735766411,0.09626779315558404,0.06982776045242743,0.06638174598101779,0.11133484372178919,0.0,0.08464874059569548,0.0,0.08802996889139224,0.07128192211096288,0.0,0.0,0.0,0.0,0.04357601237658738,0.0,0.05168246258250146,0.0,0.0,0.0,0.0,0.0
2024-05-14,0.06920152039495357,0.08123422569630191,0.08770383668312258,0.07882916735766411,0.09626779315558404,0.06982776045242743,0.06638174598101779,0.11133484372178919,0.0,0.08464874059569548,0.0,0.08802996889139224,0.07128192211096288,0.0,0.0,0.0,0.0,0.04357601237658738,0.0,0.05168246258250146,0.0,0.0,0.0,0.0,0.0
2024-05-15,0.06920152039495357,0.08123422569630191,0.08770383668312258,0.07882916735766411,0.09626779315558404,0.06982776045242743,0.06638174598101779,0.11133484372178919,0.0,0.08464874059569548,0.0,0.08802996889139224,0.07128192211096288,0.0,0.0,0.0,0.0,0.04357601237658738,0.0,0.05168246258250146,0.0,0.0,0.0,0.0,0.0
2024-05-16,0.06920152039495357,0.08123422569630191,0.08770383668312258,0.07882916735766411,0.09626779315558404,0.06982776045242743,0.06638174598101779,0.11133484372178919,0.0,0.08464874059569548,0.0,0.08802996889139224,0.07128192211096288,0.0,0.0,0.0,0.0,0.04357601237658738,0.0,0.05168246258250146,0.0,0.0,0.0,0.0,0.0
2024-05-17,0.06920152039495357,0.08123422569630191,0.08770383668312258,0.07882916735766411,0.09626779315558404,0.06982776045242743,0.06638174598101779,0.11133484372178919,0.0,0.08464874059569548,0.0,0.08802996889139224,0.07128192211096288,0.0,0.0,0.0,0.0,0.04357601237658738,0.0,0.05168246258250146,0.0,0.0,0.0,0.0,0.0
2024-05-20,0.06920152039495357,0.08123422569630191,0.08770383668312258,0.07882916735766411,0.09626779315558404,0.06982776045242743,0.06638174598101779,0.11133484372178919,0.0,0.08464874059569548,0.0,0.08802996889139224,0.07128192211096288,0.0,0.0,0.0,0.0,0.04357601237658738,0.0,0.05168246258250146,0.0,0.0,0.0,0.0,0.0
2024-05-21,0.06920152039495357,0.08123422569630191,0.08770383668312258,0.07882916735766411,0.09626779315558404,0.06982776045242743,0.06638174598101779,0.11133484372178919,0.0,0.08464874059569548,0.0,0.08802996889139224,0.07128192211096288,0.0,0.0,0.0,0.0,0.04357601237658738,0.0,0.05168246258250146,0.0,0.0,0.0,0.0,0.0
2024-05-22,0.06920152039495357,0.08123422569630191,0.08770383668312258,0.07882916735766411,0.09626779315558404,0.06982776045242743,0.06638174598101779,0.11133484372178919,0.0,0.08464874059569548,0.0,0.08802996889139224,0.07128192211096288,0.0,0.0,0.0,0.0,0.04357601237658738,0.0,0.05168246258250146,0.0,0.0,0.0,0.0,0.0
2024-05-23,0.06920152039495357,0.08123422569630191,0.08770383668312258,0.07882916735766411,0.09626779315558404,0.06982776045242743,0.06638174598101779,0.11133484372178919,0.0,0.08464874059569548,0.0,0.08802996889139224,0.07128192211096288,0.0,0.0,0.0,0.0,0.04357601237658738,0.0,0.05168246258250146,0.0,0.0,0.0,0.0,0.0
2024-05-24,0.06920152039495357,0.08123422569630191,0.08770383668312258,0.07882916735766411,0.09626779315558404,0.06982776045242743,0.06638174598101779,0.11133484372178919,0.0,0.08464874059569548,0.0,0.08802996889139224,0.07128192211096288,0.0,0.0,0.0,0.0,0.04357601237658738,0.0,0.05168246258250146,0.0,0.0,0.0,0.0,0.0
2024-05-27,0.06920152039495357,0.08123422569630191,0.08770383668312258,0.07882916735766411,0.09626779315558404,0.06982776045242743,0.06638174598101779,0.11133484372178919,0.0,0.08464874059569548,0.0,0.08802996889139224,0.07128192211096288,0.0,0.0,0.0,0.0,0.04357601237658738,0.0,0.05168246258250146,0.0,0.0,0.0,0.0,0.0
2024-05-28,0.06920152039495357,0.08123422569630191,0.08770383668312258,0.07882916735766411,0.09626779315558404,0.06982776045242743,0.06638174598101779,0.11133484372178919,0.0,0.08464874059569548,0.0,0.08802996889139224,0.07128192211096288,0.0,0.0,0.0,0.0,0.04357601237658738,0.0,0.05168246258250146,0.0,0.0,0.0,0.0,0.0
2024-05-29,0.06920152039495357,0.08123422569630191,0.08770383668312258,0.07882916735766411,0.09626779315558404,0.06982776045242743,0.06638174598101779,0.11133484372178919,0.0,0.08464874059569548,0.0,0.08802996889139224,0.07128192211096288,0.0,0.0,0.0,0.0,0.04357601237658738,0.0,0.05168246258250146,0.0,0.0,0.0,0.0,0.0
2024-05-30,0.06920152039495357,0.08123422569630191,0.08770383668312258,0.07882916735766411,0.09626779315558404,0.06982776045242743,0.06638174598101779,0.11133484372178919,0.0,0.08464874059569548,0.0,0.08802996889139224,0.07128192211096288,0.0,0.0,0.0,0.0,0.04357601237658738,0.0,0.05168246258250146,0.0,0.0,0.0,0.0,0.0
2024-05-31,0.06920152039495357,0.08123422569630191,0.08770383668312258,0.07882916735766411,0.09626779315558404,0.06982776045242743,0.06638174598101779,0.11133484372178919,0.0,0.08464874059569548,0.0,0.08802996889139224,0.07128192211096288,0.0,0.0,0.0,0.0,0.04357601237658738,0.0,0.05168246258250146,0.0,0.0,0.0,0.0,0.0
2024-06-03,0.06465863904552373,0.0724543901983993,0.07491885033671246,0.09003154490202821,0.06489916134584642,0.0632876133144852,0.04694392451105063,0.0,0.0,0.13466954238044135,0.14378912879059366,0.10304685156020121,0.062233444824614854,0.0,0.0,0.0,0.0,0.037906499112034274,0.0,0.04116040967806876,0.0,0.0,0.0,0.0,0.0
2024-06-04,0.06465863904552373,0.0724543901983993,0.07491885033671246,0.09003154490202821,0.06489916134584642,0.0632876133144852,0.04694392451105063,0.0,0.0,0.13466954238044135,0.14378912879059366,0.10304685156020121,0.062233444824614854,0.0,0.0,0.0,0.0,0.037906499112034274,0.0,0.04116040967806876,0.0,0.0,0.0,0.0,0.0
2024-06-05,0.06465863904552373,0.0724543901983993,0.07491885033671246,0.09003154490202821,0.06489916134584642,0.0632876133144852,0.04694392451105063,0.0,0.0,0.13466954238044135,0.14378912879059366,0.10304685156020121,0.062233444824614854,0.0,0.0,0.0,0.0,0.037906499112034274,0.0,0.04116040967806876,0.0,0.0,0.0,0.0,0.0
2024-06-06,0.06465863904552373,0.0724543901983993,0.07491885033671246,0.09003154490202821,0.06489916134584642,0.0632876133144852,0.04694392451105063,0.0,0.0,0.13466954238044135,0.14378912879059366,0.10304685156020121,0.062233444824614854,0.0,0.0,0.0,0.0,0.037906499112034274,0.0,0.04116040967806876,0.0,0.0,0.0,0.0,0.0
2024-06-07,0.06465863904552373,0.0724543901983993,0.07491885033671246,0.09003154490202821,0.06489916134584642,0.0632876133144852,0.04694392451105063,0.0,0.0,0.13466954238044135,0.14378912879059366,0.10304685156020121,0.062233444824614854,0.0,0.0,0.0,0.0,0.037906499112034274,0.0,0.04116040967806876,0.0,0.0,0.0,0.0,0.0
2024-06-10,0.06465863904552373,0.0724543901983993,0.07491885033671246,0.09003154490202821,0.06489916134584642,0.0632876133144852,0.04694392451105063,0.0,0.0,0.13466954238044135,0.14378912879059366,0.10304685156020121,0.062233444824614854,0.0,0.0,0.0,0.0,0.037906499112034274,0.0,0.04116040967806876,0.0,0.0,0.0,0.0,0.0
2024-06-11,0.06465863904552373,0.0724543901983993,0.07491885033671246,0.09003154490202821,0.06489916134584642,0.0632876133144852,0.04694392451105063,0.0,0.0,0.13466954238044135,0.14378912879059366,0.10304685156020121,0.062233444824614854,0.0,0.0,0.0,0.0,0.037906499112034274,0.0,0.04116040967806876,0.0,0.0,0.0,0.0,0.0
2024-06-12,0.06465863904552373,0.0724543901983993,0.07491885033671246,0.09003154490202821,0.06489916134584642,0.0632876133144852,0.04694392451105063,0.0,0.0,0.13466954238044135,0.14378912879059366,0.10304685156020121,0.062233444824614854,0.0,0.0,0.0,0.0,0.037906499112034274,0.0,0.04116040967806876,0.0,0.0,0.0,0.0,0.0
2024-06-13,0.06465863904552373,0.0724543901983993,0.07491885033671246,0.09003154490202821,0.06489916134584642,0.0632876133144852,0.04694392451105063,0.0,0.0,0.13466954238044135,0.14378912879059366,0.10304685156020121,0.062233444824614854,0.0,0.0,0.0,0.0,0.037906499112034274,0.0,0.04116040967806876,0.0,0.0,0.0,0.0,0.0
2024-06-14,0.06465863904552373,0.0724543901983993,0.07491885033671246,0.09003154490202821,0.06489916134584642,0.0632876133144852,0.04694392451105063,0.0,0.0,0.13466954238044135,0.14378912879059366,0.10304685156020121,0.062233444824614854,0.0,0.0,0.0,0.0,0.037906499112034274,0.0,0.04116040967806876,0.0,0.0,0.0,0.0,0.0
2024-06-17,0.06465863904552373,0.0724543901983993,0.07491885033671246,0.09003154490202821,0.06489916134584642,0.0632876133144852,0.04694392451105063,0.0,0.0,0.13466954238044135,0.14378912879059366,0.10304685156020121,0.062233444824614854,0.0,0.0,0.0,0.0,0.037906499112034274,0.0,0.04116040967806876,0.0,0.0,0.0,0.0,0.0
2024-06-18,0.06465863904552373,0.0724543901983993,0.07491885033671246,0.09003154490202821,0.06489916134584642,0.0632876133144852,0.04694392451105063,0.0,0.0,0.13466954238044135,0.14378912879059366,0.10304685156020121,0.062233444824614854,0.0,0.0,0.0,0.0,0.037906499112034274,0.0,0.04116040967806876,0.0,0.0,0.0,0.0,0.0
2024-06-19,0.06465863904552373,0.0724543901983993,0.07491885033671246,0.09003154490202821,0.06489916134584642,0.0632876133144852,0.04694392451105063,0.0,0.0,0.13466954238044135,0.14378912879059366,0.10304685156020121,0.062233444824614854,0.0,0.0,0.0,0.0,0.037906499112034274,0.0,0.04116040967806876,0.0,0.0,0.0,0.0,0.0
2024-06-20,0.06465863904552373,0.0724543901983993,0.07491885033671246,0.09003154490202821,0.06489916134584642,0.0632876133144852,0.04694392451105063,0.0,0.0,0.13466954238044135,0.14378912879059366,0.10304685156020121,0.062233444824614854,0.0,0.0,0.0,0.0,0.037906499112034274,0.0,0.04116040967806876,0.0,0.0,0.0,0.0,0.0
2024-06-21,0.06465863904552373,0.0724543901983993,0.07491885033671246,0.09003154490202821,0.06489916134584642,0.0632876133144852,0.04694392451105063,0.0,0.0,0.13466954238044135,0.14378912879059366,0.10304685156020121,0.062233444824614854,0.0,0.0,0.0,0.0,0.037906499112034274,0.0,0.04116040967806876,0.0,0.0,0.0,0.0,0.0
2024-06-24,0.06465863904552373,0.0724543901983993,0.07491885033671246,0.09003154490202821,0.06489916134584642,0.0632876133144852,0.04694392451105063,0.0,0.0,0.13466954238044135,0.14378912879059366,0.10304685156020121,0.062233444824614854,0.0,0.0,0.0,0.0,0.037906499112034274,0.0,0.04116040967806876,0.0,0.0,0.0,0.0,0.0
2024-06-25,0.06465863904552373,0.0724543901983993,0.07491885033671246,0.09003154490202821,0.06489916134584642,0.0632876133144852,0.04694392451105063,0.0,0.0,0.13466954238044135,0.14378912879059366,0.10304685156020121,0.062233444824614854,0.0,0.0,0.0,0.0,0.037906499112034274,0.0,0.04116040967806876,0.0,0.0,0.0,0.0,0.0
2024-06-26,0.06465863904552373,0.0724543901983993,0.07491885033671246,0.09003154490202821,0.06489916134584642,0.0632876133144852,0.04694392451105063,0.0,0.0,0.13466954238044135,0.14378912879059366,0.10304685156020121,0.062233444824614854,0.0,0.0,0.0,0.0,0.037906499112034274,0.0,0.04116040967806876,0.0,0.0,0.0,0.0,0.0
2024-06-27,0.06465863904552373,0.0724543901983993,0.07491885033671246,0.09003154490202821,0.06489916134584642,0.0632876133144852,0.04694392451105063,0.0,0.0,0.13466954238044135,0.14378912879059366,0.10304685156020121,0.062233444824614854,0.0,0.0,0.0,0.0,0.037906499112034274,0.0,0.04116040967806876,0.0,0.0,0.0,0.0,0.0
2024-06-28,0.06465863904552373,0.0724543901983993,0.07491885033671246,0.09003154490202821,0.06489916134584642,0.0632876133144852,0.04694392451105063,0.0,0.0,0.13466954238044135,0.14378912879059366,0.10304685156020121,0.062233444824614854,0.0,0.0,0.0,0.0,0.037906499112034274,0.0,0.04116040967806876,0.0,0.0,0.0,0.0,0.0
2024-07-01,0.06465863904552373,0.0724543901983993,0.07491885033671246,0.09003154490202821,0.06489916134584642,0.0632876133144852,0.04694392451105063,0.0,0.0,0.13466954238044135,0.14378912879059366,0.10304685156020121,0.062233444824614854,0.0,0.0,0.0,0.0,0.037906499112034274,0.0,0.04116040967806876,0.0,0.0,0.0,0.0,0.0
2024-07-02,0.06465863904552373,0.0724543901983993,0.07491885033671246,0.09003154490202821,0.06489916134584642,0.0632876133144852,0.04694392451105063,0.0,0.0,0.13466954238044135,0.14378912879059366,0.10304685156020121,0.062233444824614854,0.0,0.0,0.0,0.0,0.037906499112034274,0.0,0.04116040967806876,0.0,0.0,0.0,0.0,0.0
2024-07-03,0.06465863904552373,0.0724543901983993,0.07491885033671246,0.09003154490202821,0.06489916134584642,0.0632876133144852,0.04694392451105063,0.0,0.0,0.13466954238044135,0.14378912879059366,0.10304685156020121,0.062233444824614854,0.0,0.0,0.0,0.0,0.037906499112034274,0.0,0.04116040967806876,0.0,0.0,0.0,0.0,0.0
2024-07-04,0.06465863904552373,0.0724543901983993,0.07491885033671246,0.09003154490202821,0.06489916134584642,0.0632876133144852,0.04694392451105063,0.0,0.0,0.13466954238044135,0.14378912879059366,0.10304685156020121,0.062233444824614854,0.0,0.0,0.0,0.0,0.037906499112034274,0.0,0.04116040967806876,0.0,0.0,0.0,0.0,0.0
2024-07-05,0.06465863904552373,0.0724543901983993,0.07491885033671246,0.09003154490202821,0.06489916134584642,0.0632876133144852,0.04694392451105063,0.0,0.0,0.13466954238044135,0.14378912879059366,0.10304685156020121,0.062233444824614854,0.0,0.0,0.0,0.0,0.037906499112034274,0.0,0.04116040967806876,0.0,0.0,0.0,0.0,0.0
2024-07-08,0.06465863904552373,0.0724543901983993,0.07491885033671246,0.09003154490202821,0.06489916134584642,0.0632876133144852,0.04694392451105063,0.0,0.0,0.13466954238044135,0.14378912879059366,0.10304685156020121,0.062233444824614854,0.0,0.0,0.0,0.0,0.037906499112034274,0.0,0.04116040967806876,0.0,0.0,0.0,0.0,0.0
2024-07-09,0.06465863904552373,0.0724543901983993,0.07491885033671246,0.09003154490202821,0.06489916134584642,0.0632876133144852,0.04694392451105063,0.0,0.0,0.13466954238044135,0.14378912879059366,0.10304685156020121,0.062233444824614854,0.0,0.0,0.0,0.0,0.037906499112034274,0.0,0.04116040967806876,0.0,0.0,0.0,0.0,0.0
2024-07-10,0.06465863904552373,0.0724543901983993,0.07491885033671246,0.09003154490202821,0.06489916134584642,0.0632876133144852,0.04694392451105063,0.0,0.0,0.13466954238044135,0.14378912879059366,0.10304685156020121,0.062233444824614854,0.0,0.0,0.0,0.0,0.037906499112034274,0.0,0.04116040967806876,0.0,0.0,0.0,0.0,0.0
2024-07-11,0.06465863904552373,0.0724543901983993,0.07491885033671246,0.09003154490202821,0.06489916134584642,0.0632876133144852,0.04694392451105063,0.0,0.0,0.13466954238044135,0.14378912879059366,0.10304685156020121,0.062233444824614854,0.0,0.0,0.0,0.0,0.037906499112034274,0.0,0.04116040967806876,0.0,0.0,0.0,0.0,0.0
2024-07-12,0.06465863904552373,0.0724543901983993,0.07491885033671246,0.09003154490202821,0.06489916134584642,0.0632876133144852,0.04694392451105063,0.0,0.0,0.13466954238044135,0.14378912879059366,0.10304685156020121,0.062233444824614854,0.0,0.0,0.0,0.0,0.037906499112034274,0.0,0.04116040967806876,0.0,0.0,0.0,0.0,0.0
2024-07-15,0.06465863904552373,0.0724543901983993,0.07491885033671246,0.09003154490202821,0.06489916134584642,0.0632876133144852,0.04694392451105063,0.0,0.0,0.13466954238044135,0.14378912879059366,0.10304685156020121,0.062233444824614854,0.0,0.0,0.0,0.0,0.037906499112034274,0.0,0.04116040967806876,0.0,0.0,0.0,0.0,0.0
2024-07-16,0.06465863904552373,0.0724543901983993,0.07491885033671246,0.09003154490202821,0.06489916134584642,0.0632876133144852,0.04694392451105063,0.0,0.0,0.13466954238044135,0.14378912879059366,0.10304685156020121,0.062233444824614854,0.0,0.0,0.0,0.0,0.037906499112034274,0.0,0.04116040967806876,0.0,0.0,0.0,0.0,0.0
2024-07-17,0.06465863904552373,0.0724543901983993,0.07491885033671246,0.09003154490202821,0.06489916134584642,0.0632876133144852,0.04694392451105063,0.0,0.0,0.13466954238044135,0.14378912879059366,0.10304685156020121,0.062233444824614854,0.0,0.0,0.0,0.0,0.037906499112034274,0.0,0.04116040967806876,0.0,0.0,0.0,0.0,0.0
2024-07-18,0.06465863904552373,0.0724543901983993,0.07491885033671246,0.09003154490202821,0.06489916134584642,0.0632876133144852,0.04694392451105063,0.0,0.0,0.13466954238044135,0.14378912879059366,0.10304685156020121,0.062233444824614854,0.0,0.0,0.0,0.0,0.037906499112034274,0.0,0.04116040967806876,0.0,0.0,0.0,0.0,0.0
2024-07-19,0.06465863904552373,0.0724543901983993,0.07491885033671246,0.09003154490202821,0.06489916134584642,0.0632876133144852,0.04694392451105063,0.0,0.0,0.13466954238044135,0.14378912879059366,0.10304685156020121,0.062233444824614854,0.0,0.0,0.0,0.0,0.037906499112034274,0.0,0.04116040967806876,0.0,0.0,0.0,0.0,0.0
2024-07-22,0.06465863904552373,0.0724543901983993,0.07491885033671246,0.09003154490202821,0.06489916134584642,0.0632876133144852,0.04694392451105063,0.0,0.0,0.13466954238044135,0.14378912879059366,0.10304685156020121,0.062233444824614854,0.0,0.0,0.0,0.0,0.037906499112034274,0.0,0.04116040967806876,0.0,0.0,0.0,0.0,0.0
2024-07-23,0.06465863904552373,0.0724543901983993,0.07491885033671246,0.09003154490202821,0.06489916134584642,0.0632876133144852,0.04694392451105063,0.0,0.0,0.13466954238044135,0.14378912879059366,0.10304685156020121,0.062233444824614854,0.0,0.0,0.0,0.0,0.037906499112034274,0.0,0.04116040967806876,0.0,0.0,0.0,0.0,0.0
2024-07-24,0.06465863904552373,0.0724543901983993,0.07491885033671246,0.09003154490202821,0.06489916134584642,0.0632876133144852,0.04694392451105063,0.0,0.0,0.13466954238044135,0.14378912879059366,0.10304685156020121,0.062233444824614854,0.0,0.0,0.0,0.0,0.037906499112034274,0.0,0.04116040967806876,0.0,0.0,0.0,0.0,0.0
2024-07-25,0.06465863904552373,0.0724543901983993,0.07491885033671246,0.09003154490202821,0.06489916134584642,0.0632876133144852,0.04694392451105063,0.0,0.0,0.13466954238044135,0.14378912879059366,0.10304685156020121,0.062233444824614854,0.0,0.0,0.0,0.0,0.037906499112034274,0.0,0.04116040967806876,0.0,0.0,0.0,0.0,0.0
2024-07-26,0.06465863904552373,0.0724543901983993,0.07491885033671246,0.09003154490202821,0.06489916134584642,0.0632876133144852,0.04694392451105063,0.0,0.0,0.13466954238044135,0.14378912879059366,0.10304685156020121,0.062233444824614854,0.0,0.0,0.0,0.0,0.037906499112034274,0.0,0.04116040967806876,0.0,0.0,0.0,0.0,0.0
2024-07-29,0.06465863904552373,0.0724543901983993,0.07491885033671246,0.09003154490202821,0.06489916134584642,0.0632876133144852,0.04694392451105063,0.0,0.0,0.13466954238044135,0.14378912879059366,0.10304685156020121,0.062233444824614854,0.0,0.0,0.0,0.0,0.037906499112034274,0.0,0.04116040967806876,0.0,0.0,0.0,0.0,0.0
2024-07-30,0.06465863904552373,0.0724543901983993,0.07491885033671246,0.09003154490202821,0.06489916134584642,0.0632876133144852,0.04694392451105063,0.0,0.0,0.13466954238044135,0.14378912879059366,0.10304685156020121,0.062233444824614854,0.0,0.0,0.0,0.0,0.037906499112034274,0.0,0.04116040967806876,0.0,0.0,0.0,0.0,0.0
2024-07-31,0.06465863904552373,0.0724543901983993,0.07491885033671246,0.09003154490202821,0.06489916134584642,0.0632876133144852,0.04694392451105063,0.0,0.0,0.13466954238044135,0.14378912879059366,0.10304685156020121,0.062233444824614854,0.0,0.0,0.0,0.0,0.037906499112034274,0.0,0.04116040967806876,0.0,0.0,0.0,0.0,0.0
2024-08-01,0.06184124598702779,0.06759315538279145,0.06509390585159966,0.08040478893509037,0.09197502820561343,0.04312259563859323,0.0711045923388558,0.0,0.0,0.16213947546128404,0.13895007074944382,0.07723631392252299,0.06062240196123524,0.0,0.0,0.0,0.0,0.04007612580387725,0.0,0.03984029976206496,0.0,0.0,0.0,0.0,0.0
2024-08-02,0.06184124598702779,0.06759315538279145,0.06509390585159966,0.08040478893509037,0.09197502820561343,0.04312259563859323,0.0711045923388558,0.0,0.0,0.16213947546128404,0.13895007074944382,0.07723631392252299,0.06062240196123524,0.0,0.0,0.0,0.0,0.04007612580387725,0.0,0.03984029976206496,0.0,0.0,0.0,0.0,0.0
2024-08-05,0.06184124598702779,0.06759315538279145,0.06509390585159966,0.08040478893509037,0.09197502820561343,0.04312259563859323,0.0711045923388558,0.0,0.0,0.16213947546128404,0.13895007074944382,0.07723631392252299,0.06062240196123524,0.0,0.0,0.0,0.0,0.04007612580387725,0.0,0.03984029976206496,0.0,0.0,0.0,0.0,0.0
2024-08-06,0.06184124598702779,0.06759315538279145,0.06509390585159966,0.08040478893509037,0.09197502820561343,0.04312259563859323,0.0711045923388558,0.0,0.0,0.16213947546128404,0.13895007074944382,0.07723631392252299,0.06062240196123524,0.0,0.0,0.0,0.0,0.04007612580387725,0.0,0.03984029976206496,0.0,0.0,0.0,0.0,0.0
2024-08-07,0.06184124598702779,0.06759315538279145,0.06509390585159966,0.08040478893509037,0.09197502820561343,0.04312259563859323,0.0711045923388558,0.0,0.0,0.16213947546128404,0.13895007074944382,0.07723631392252299,0.06062240196123524,0.0,0.0,0.0,0.0,0.04007612580387725,0.0,0.03984029976206496,0.0,0.0,0.0,0.0,0.0
2024-08-08,0.06184124598702779,0.06759315538279145,0.06509390585159966,0.08040478893509037,0.09197502820561343,0.04312259563859323,0.0711045923388558,0.0,0.0,0.16213947546128404,0.13895007074944382,0.07723631392252299,0.06062240196123524,0.0,0.0,0.0,0.0,0.04007612580387725,0.0,0.03984029976206496,0.0,0.0,0.0,0.0,0.0
2024-08-09,0.06184124598702779,0.06759315538279145,0.06509390585159966,0.08040478893509037,0.09197502820561343,0.04312259563859323,0.0711045923388558,0.0,0.0,0.16213947546128404,0.13895007074944382,0.07723631392252299,0.06062240196123524,0.0,0.0,0.0,0.0,0.04007612580387725,0.0,0.03984029976206496,0.0,0.0,0.0,0.0,0.0
2024-08-12,0.06184124598702779,0.06759315538279145,0.06509390585159966,0.08040478893509037,0.09197502820561343,0.04312259563859323,0.0711045923388558,0.0,0.0,0.16213947546128404,0.13895007074944382,0.07723631392252299,0.06062240196123524,0.0,0.0,0.0,0.0,0.04007612580387725,0.0,0.03984029976206496,0.0,0.0,0.0,0.0,0.0
2024-08-13,0.06184124598702779,0.06759315538279145,0.06509390585159966,0.08040478893509037,0.09197502820561343,0.04312259563859323,0.0711045923388558,0.0,0.0,0.16213947546128404,0.13895007074944382,0.07723631392252299,0.06062240196123524,0.0,0.0,0.0,0.0,0.04007612580387725,0.0,0.03984029976206496,0.0,0.0,0.0,0.0,0.0
2024-08-14,0.06184124598702779,0.06759315538279145,0.06509390585159966,0.08040478893509037,0.09197502820561343,0.04312259563859323,0.0711045923388558,0.0,0.0,0.16213947546128404,0.13895007074944382,0.07723631392252299,0.06062240196123524,0.0,0.0,0.0,0.0,0.04007612580387725,0.0,0.03984029976206496,0.0,0.0,0.0,0.0,0.0
2024-08-15,0.06184124598702779,0.06759315538279145,0.06509390585159966,0.08040478893509037,0.09197502820561343,0.04312259563859323,0.0711045923388558,0.0,0.0,0.16213947546128404,0.13895007074944382,0.07723631392252299,0.06062240196123524,0.0,0.0,0.0,0.0,0.04007612580387725,0.0,0.03984029976206496,0.0,0.0,0.0,0.0,0.0
2024-08-16,0.06184124598702779,0.06759315538279145,0.06509390585159966,0.08040478893509037,0.09197502820561343,0.04312259563859323,0.0711045923388558,0.0,0.0,0.16213947546128404,0.13895007074944382,0.07723631392252299,0.06062240196123524,0.0,0.0,0.0,0.0,0.04007612580387725,0.0,0.03984029976206496,0.0,0.0,0.0,0.0,0.0
2024-08-19,0.06184124598702779,0.06759315538279145,0.06509390585159966,0.08040478893509037,0.09197502820561343,0.04312259563859323,0.0711045923388558,0.0,0.0,0.16213947546128404,0.13895007074944382,0.07723631392252299,0.06062240196123524,0.0,0.0,0.0,0.0,0.04007612580387725,0.0,0.03984029976206496,0.0,0.0,0.0,0.0,0.0
2024-08-20,0.06184124598702779,0.06759315538279145,0.06509390585159966,0.08040478893509037,0.09197502820561343,0.04312259563859323,0.0711045923388558,0.0,0.0,0.16213947546128404,0.13895007074944382,0.07723631392252299,0.06062240196123524,0.0,0.0,0.0,0.0,0.04007612580387725,0.0,0.03984029976206496,0.0,0.0,0.0,0.0,0.0
2024-08-21,0.06184124598702779,0.06759315538279145,0.06509390585159966,0.08040478893509037,0.09197502820561343,0.04312259563859323,0.0711045923388558,0.0,0.0,0.16213947546128404,0.13895007074944382,0.07723631392252299,0.06062240196123524,0.0,0.0,0.0,0.0,0.04007612580387725,0.0,0.03984029976206496,0.0,0.0,0.0,0.0,0.0
2024-08-22,0.06184124598702779,0.06759315538279145,0.06509390585159966,0.08040478893509037,0.09197502820561343,0.04312259563859323,0.0711045923388558,0.0,0.0,0.16213947546128404,0.13895007074944382,0.07723631392252299,0.06062240196123524,0.0,0.0,0.0,0.0,0.04007612580387725,0.0,0.03984029976206496,0.0,0.0,0.0,0.0,0.0
2024-08-23,0.06184124598702779,0.06759315538279145,0.06509390585159966,0.08040478893509037,0.09197502820561343,0.04312259563859323,0.0711045923388558,0.0,0.0,0.16213947546128404,0.13895007074944382,0.07723631392252299,0.06062240196123524,0.0,0.0,0.0,0.0,0.04007612580387725,0.0,0.03984029976206496,0.0,0.0,0.0,0.0,0.0
2024-08-26,0.06184124598702779,0.06759315538279145,0.06509390585159966,0.08040478893509037,0.09197502820561343,0.04312259563859323,0.0711045923388558,0.0,0.0,0.16213947546128404,0.13895007074944382,0.07723631392252299,0.06062240196123524,0.0,0.0,0.0,0.0,0.04007612580387725,0.0,0.03984029976206496,0.0,0.0,0.0,0.0,0.0
2024-08-27,0.06184124598702779,0.06759315538279145,0.06509390585159966,0.08040478893509037,0.09197502820561343,0.04312259563859323,0.0711045923388558,0.0,0.0,0.16213947546128404,0.13895007074944382,0.07723631392252299,0.06062240196123524,0.0,0.0,0.0,0.0,0.04007612580387725,0.0,0.03984029976206496,0.0,0.0,0.0,0.0,0.0
2024-08-28,0.06184124598702779,0.06759315538279145,0.06509390585159966,0.08040478893509037,0.09197502820561343,0.04312259563859323,0.0711045923388558,0.0,0.0,0.16213947546128404,0.13895007074944382,0.07723631392252299,0.06062240196123524,0.0,0.0,0.0,0.0,0.04007612580387725,0.0,0.03984029976206496,0.0,0.0,0.0,0.0,0.0
2024-08-29,0.06184124598702779,0.06759315538279145,0.06509390585159966,0.08040478893509037,0.09197502820561343,0.04312259563859323,0.0711045923388558,0.0,0.0,0.16213947546128404,0.13895007074944382,0.07723631392252299,0.06062240196123524,0.0,0.0,0.0,0.0,0.04007612580387725,0.0,0.03984029976206496,0.0,0.0,0.0,0.0,0.0
2024-08-30,0.06184124598702779,0.06759315538279145,0.06509390585159966,0.08040478893509037,0.09197502820561343,0.04312259563859323,0.0711045923388558,0.0,0.0,0.16213947546128404,0.13895007074944382,0.07723631392252299,0.06062240196123524,0.0,0.0,0.0,0.0,0.04007612580387725,0.0,0.03984029976206496,0.0,0.0,0.0,0.0,0.0
2024-09-02,0.06184124598702779,0.06759315538279145,0.06509390585159966,0.08040478893509037,0.09197502820561343,0.04312259563859323,0.0711045923388558,0.0,0.0,0.16213947546128404,0.13895007074944382,0.07723631392252299,0.06062240196123524,0.0,0.0,0.0,0.0,0.04007612580387725,0.0,0.03984029976206496,0.0,0.0,0.0,0.0,0.0
2024-09-03,0.06184124598702779,0.06759315538279145,0.06509390585159966,0.08040478893509037,0.09197502820561343,0.04312259563859323,0.0711045923388558,0.0,0.0,0.16213947546128404,0.13895007074944382,0.07723631392252299,0.06062240196123524,0.0,0.0,0.0,0.0,0.04007612580387725,0.0,0.03984029976206496,0.0,0.0,0.0,0.0,0.0
2024-09-04,0.06184124598702779,0.06759315538279145,0.06509390585159966,0.08040478893509037,0.09197502820561343,0.04312259563859323,0.0711045923388558,0.0,0.0,0.16213947546128404,0.13895007074944382,0.07723631392252299,0.06062240196123524,0.0,0.0,0.0,0.0,0.04007612580387725,0.0,0.03984029976206496,0.0,0.0,0.0,0.0,0.0
2024-09-05,0.06184124598702779,0.06759315538279145,0.06509390585159966,0.08040478893509037,0.09197502820561343,0.04312259563859323,0.0711045923388558,0.0,0.0,0.16213947546128404,0.13895007074944382,0.07723631392252299,0.06062240196123524,0.0,0.0,0.0,0.0,0.04007612580387725,0.0,0.03984029976206496,0.0,0.0,0.0,0.0,0.0
2024-09-06,0.06184124598702779,0.06759315538279145,0.06509390585159966,0.08040478893509037,0.09197502820561343,0.04312259563859323,0.0711045923388558,0.0,0.0,0.16213947546128404,0.13895007074944382,0.07723631392252299,0.06062240196123524,0.0,0.0,0.0,0.0,0.04007612580387725,0.0,0.03984029976206496,0.0,0.0,0.0,0.0,0.0
2024-09-09,0.06184124598702779,0.06759315538279145,0.06509390585159966,0.08040478893509037,0.09197502820561343,0.04312259563859323,0.0711045923388558,0.0,0.0,0.16213947546128404,0.13895007074944382,0.07723631392252299,0.06062240196123524,0.0,0.0,0.0,0.0,0.04007612580387725,0.0,0.03984029976206496,0.0,0.0,0.0,0.0,0.0
2024-09-10,0.06184124598702779,0.06759315538279145,0.06509390585159966,0.08040478893509037,0.09197502820561343,0.04312259563859323,0.0711045923388558,0.0,0.0,0.16213947546128404,0.13895007074944382,0.07723631392252299,0.06062240196123524,0.0,0.0,0.0,0.0,0.04007612580387725,0.0,0.03984029976206496,0.0,0.0,0.0,0.0,0.0
2024-09-11,0.06184124598702779,0.06759315538279145,0.06509390585159966,0.08040478893509037,0.09197502820561343,0.04312259563859323,0.0711045923388558,0.0,0.0,0.16213947546128404,0.13895007074944382,0.07723631392252299,0.06062240196123524,0.0,0.0,0.0,0.0,0.04007612580387725,0.0,0.03984029976206496,0.0,0.0,0.0,0.0,0.0
2024-09-12,0.06184124598702779,0.06759315538279145,0.06509390585159966,0.08040478893509037,0.09197502820561343,0.04312259563859323,0.0711045923388558,0.0,0.0,0.16213947546128404,0.13895007074944382,0.07723631392252299,0.06062240196123524,0.0,0.0,0.0,0.0,0.04007612580387725,0.0,0.03984029976206496,0.0,0.0,0.0,0.0,0.0
2024-09-13,0.06184124598702779,0.06759315538279145,0.06509390585159966,0.08040478893509037,0.09197502820561343,0.04312259563859323,0.0711045923388558,0.0,0.0,0.16213947546128404,0.13895007074944382,0.07723631392252299,0.06062240196123524,0.0,0.0,0.0,0.0,0.04007612580387725,0.0,0.03984029976206496,0.0,0.0,0.0,0.0,0.0
2024-09-16,0.06184124598702779,0.06759315538279145,0.06509390585159966,0.08040478893509037,0.09197502820561343,0.04312259563859323,0.0711045923388558,0.0,0.0,0.16213947546128404,0.13895007074944382,0.07723631392252299,0.06062240196123524,0.0,0.0,0.0,0.0,0.04007612580387725,0.0,0.03984029976206496,0.0,0.0,0.0,0.0,0.0
2024-09-17,0.06184124598702779,0.06759315538279145,0.06509390585159966,0.08040478893509037,0.09197502820561343,0.04312259563859323,0.0711045923388558,0.0,0.0,0.16213947546128404,0.13895007074944382,0.07723631392252299,0.06062240196123524,0.0,0.0,0.0,0.0,0.04007612580387725,0.0,0.03984029976206496,0.0,0.0,0.0,0.0,0.0
2024-09-18,0.06184124598702779,0.06759315538279145,0.06509390585159966,0.08040478893509037,0.09197502820561343,0.04312259563859323,0.0711045923388558,0.0,0.0,0.16213947546128404,0.13895007074944382,0.07723631392252299,0.06062240196123524,0.0,0.0,0.0,0.0,0.04007612580387725,0.0,0.03984029976206496,0.0,0.0,0.0,0.0,0.0
2024-09-19,0.06184124598702779,0.06759315538279145,0.06509390585159966,0.08040478893509037,0.09197502820561343,0.04312259563859323,0.0711045923388558,0.0,0.0,0.16213947546128404,0.13895007074944382,0.07723631392252299,0.06062240196123524,0.0,0.0,0.0,0.0,0.04007612580387725,0.0,0.03984029976206496,0.0,0.0,0.0,0.0,0.0
2024-09-20,0.06184124598702779,0.06759315538279145,0.06509390585159966,0.08040478893509037,0.09197502820561343,0.04312259563859323,0.0711045923388558,0.0,0.0,0.16213947546128404,0.13895007074944382,0.07723631392252299,0.06062240196123524,0.0,0.0,0.0,0.0,0.04007612580387725,0.0,0.03984029976206496,0.0,0.0,0.0,0.0,0.0
2024-09-23,0.06184124598702779,0.06759315538279145,0.06509390585159966,0.08040478893509037,0.09197502820561343,0.04312259563859323,0.0711045923388558,0.0,0.0,0.16213947546128404,0.13895007074944382,0.07723631392252299,0.06062240196123524,0.0,0.0,0.0,0.0,0.04007612580387725,0.0,0.03984029976206496,0.0,0.0,0.0,0.0,0.0
2024-09-24,0.06184124598702779,0.06759315538279145,0.06509390585159966,0.08040478893509037,0.09197502820561343,0.04312259563859323,0.0711045923388558,0.0,0.0,0.16213947546128404,0.13895007074944382,0.07723631392252299,0.06062240196123524,0.0,0.0,0.0,0.0,0.04007612580387725,0.0,0.03984029976206496,0.0,0.0,0.0,0.0,0.0
2024-09-25,0.06184124598702779,0.06759315538279145,0.06509390585159966,0.08040478893509037,0.09197502820561343,0.04312259563859323,0.0711045923388558,0.0,0.0,0.16213947546128404,0.13895007074944382,0.07723631392252299,0.06062240196123524,0.0,0.0,0.0,0.0,0.04007612580387725,0.0,0.03984029976206496,0.0,0.0,0.0,0.0,0.0
2024-09-26,0.06184124598702779,0.06759315538279145,0.06509390585159966,0.08040478893509037,0.09197502820561343,0.04312259563859323,0.0711045923388558,0.0,0.0,0.16213947546128404,0.13895007074944382,0.07723631392252299,0.06062240196123524,0.0,0.0,0.0,0.0,0.04007612580387725,0.0,0.03984029976206496,0.0,0.0,0.0,0.0,0.0
2024-09-27,0.06184124598702779,0.06759315538279145,0.06509390585159966,0.08040478893509037,0.09197502820561343,0.04312259563859323,0.0711045923388558,0.0,0.0,0.16213947546128404,0.13895007074944382,0.07723631392252299,0.06062240196123524,0.0,0.0,0.0,0.0,0.04007612580387725,0.0,0.03984029976206496,0.0,0.0,0.0,0.0,0.0
2024-09-30,0.06184124598702779,0.06759315538279145,0.06509390585159966,0.08040478893509037,0.09197502820561343,0.04312259563859323,0.0711045923388558,0.0,0.0,0.16213947546128404,0.13895007074944382,0.07723631392252299,0.06062240196123524,0.0,0.0,0.0,0.0,0.04007612580387725,0.0,0.03984029976206496,0.0,0.0,0.0,0.0,0.0
2024-10-01,0.05649191912152135,0.057463420379080365,0.04962038858606659,0.0,0.06801703412115331,0.041892113847166124,0.05332231530202027,0.0,0.21220060509923114,0.21220060509923114,0.0,0.0,0.0,0.03818162597888812,0.02742703144643072,0.12253951492386608,0.0,0.030294957473485533,0.0,0.030348468621859317,0.0,0.0,0.0,0.0,0.0
2024-10-02,0.05649191912152135,0.057463420379080365,0.04962038858606659,0.0,0.06801703412115331,0.041892113847166124,0.05332231530202027,0.0,0.21220060509923114,0.21220060509923114,0.0,0.0,0.0,0.03818162597888812,0.02742703144643072,0.12253951492386608,0.0,0.030294957473485533,0.0,0.030348468621859317,0.0,0.0,0.0,0.0,0.0
2024-10-03,0.05649191912152135,0.057463420379080365,0.04962038858606659,0.0,0.06801703412115331,0.041892113847166124,0.05332231530202027,0.0,0.21220060509923114,0.21220060509923114,0.0,0.0,0.0,0.03818162597888812,0.02742703144643072,0.12253951492386608,0.0,0.030294957473485533,0.0,0.030348468621859317,0.0,0.0,0.0,0.0,0.0
2024-10-04,0.05649191912152135,0.057463420379080365,0.04962038858606659,0.0,0.06801703412115331,0.041892113847166124,0.05332231530202027,0.0,0.21220060509923114,0.21220060509923114,0.0,0.0,0.0,0.03818162597888812,0.02742703144643072,0.12253951492386608,0.0,0.030294957473485533,0.0,0.030348468621859317,0.0,0.0,0.0,0.0,0.0
2024-10-07,0.05649191912152135,0.057463420379080365,0.04962038858606659,0.0,0.06801703412115331,0.041892113847166124,0.05332231530202027,0.0,0.21220060509923114,0.21220060509923114,0.0,0.0,0.0,0.03818162597888812,0.02742703144643072,0.12253951492386608,0.0,0.030294957473485533,0.0,0.030348468621859317,0.0,0.0,0.0,0.0,0.0
2024-10-08,0.05649191912152135,0.057463420379080365,0.04962038858606659,0.0,0.06801703412115331,0.041892113847166124,0.05332231530202027,0.0,0.21220060509923114,0.21220060509923114,0.0,0.0,0.0,0.03818162597888812,0.02742703144643072,0.12253951492386608,0.0,0.030294957473485533,0.0,0.030348468621859317,0.0,0.0,0.0,0.0,0.0
2024-10-09,0.05649191912152135,0.057463420379080365,0.04962038858606659,0.0,0.06801703412115331,0.041892113847166124,0.05332231530202027,0.0,0.21220060509923114,0.21220060509923114,0.0,0.0,0.0,0.03818162597888812,0.02742703144643072,0.12253951492386608,0.0,0.030294957473485533,0.0,0.030348468621859317,0.0,0.0,0.0,0.0,0.0
2024-10-10,0.05649191912152135,0.057463420379080365,0.04962038858606659,0.0,0.06801703412115331,0.041892113847166124,0.05332231530202027,0.0,0.21220060509923114,0.21220060509923114,0.0,0.0,0.0,0.03818162597888812,0.02742703144643072,0.12253951492386608,0.0,0.030294957473485533,0.0,0.030348468621859317,0.0,0.0,0.0,0.0,0.0
2024-10-11,0.05649191912152135,0.057463420379080365,0.04962038858606659,0.0,0.06801703412115331,0.041892113847166124,0.05332231530202027,0.0,0.21220060509923114,0.21220060509923114,0.0,0.0,0.0,0.03818162597888812,0.02742703144643072,0.12253951492386608,0.0,0.030294957473485533,0.0,0.030348468621859317,0.0,0.0,0.0,0.0,0.0
2024-10-14,0.05649191912152135,0.057463420379080365,0.04962038858606659,0.0,0.06801703412115331,0.041892113847166124,0.05332231530202027,0.0,0.21220060509923114,0.21220060509923114,0.0,0.0,0.0,0.03818162597888812,0.02742703144643072,0.12253951492386608,0.0,0.030294957473485533,0.0,0.030348468621859317,0.0,0.0,0.0,0.0,0.0
2024-10-15,0.05649191912152135,0.057463420379080365,0.04962038858606659,0.0,0.06801703412115331,0.041892113847166124,0.05332231530202027,0.0,0.21220060509923114,0.21220060509923114,0.0,0.0,0.0,0.03818162597888812,0.02742703144643072,0.12253951492386608,0.0,0.030294957473485533,0.0,0.030348468621859317,0.0,0.0,0.0,0.0,0.0
2024-10-16,0.05649191912152135,0.057463420379080365,0.04962038858606659,0.0,0.06801703412115331,0.041892113847166124,0.05332231530202027,0.0,0.21220060509923114,0.21220060509923114,0.0,0.0,0.0,0.03818162597888812,0.02742703144643072,0.12253951492386608,0.0,0.030294957473485533,0.0,0.030348468621859317,0.0,0.0,0.0,0.0,0.0
2024-10-17,0.05649191912152135,0.057463420379080365,0.04962038858606659,0.0,0.06801703412115331,0.041892113847166124,0.05332231530202027,0.0,0.21220060509923114,0.21220060509923114,0.0,0.0,0.0,0.03818162597888812,0.02742703144643072,0.12253951492386608,0.0,0.030294957473485533,0.0,0.030348468621859317,0.0,0.0,0.0,0.0,0.0
2024-10-18,0.05649191912152135,0.057463420379080365,0.04962038858606659,0.0,0.06801703412115331,0.041892113847166124,0.05332231530202027,0.0,0.21220060509923114,0.21220060509923114,0.0,0.0,0.0,0.03818162597888812,0.02742703144643072,0.12253951492386608,0.0,0.030294957473485533,0.0,0.030348468621859317,0.0,0.0,0.0,0.0,0.0
2024-10-21,0.05649191912152135,0.057463420379080365,0.04962038858606659,0.0,0.06801703412115331,0.041892113847166124,0.05332231530202027,0.0,0.21220060509923114,0.21220060509923114,0.0,0.0,0.0,0.03818162597888812,0.02742703144643072,0.12253951492386608,0.0,0.030294957473485533,0.0,0.030348468621859317,0.0,0.0,0.0,0.0,0.0
2024-10-22,0.05649191912152135,0.057463420379080365,0.04962038858606659,0.0,0.06801703412115331,0.041892113847166124,0.05332231530202027,0.0,0.21220060509923114,0.21220060509923114,0.0,0.0,0.0,0.03818162597888812,0.02742703144643072,0.12253951492386608,0.0,0.030294957473485533,0.0,0.030348468621859317,0.0,0.0,0.0,0.0,0.0
2024-10-23,0.05649191912152135,0.057463420379080365,0.04962038858606659,0.0,0.06801703412115331,0.041892113847166124,0.05332231530202027,0.0,0.21220060509923114,0.21220060509923114,0.0,0.0,0.0,0.03818162597888812,0.02742703144643072,0.12253951492386608,0.0,0.030294957473485533,0.0,0.030348468621859317,0.0,0.0,0.0,0.0,0.0
2024-10-24,0.05649191912152135,0.057463420379080365,0.04962038858606659,0.0,0.06801703412115331,0.041892113847166124,0.05332231530202027,0.0,0.21220060509923114,0.21220060509923114,0.0,0.0,0.0,0.03818162597888812,0.02742703144643072,0.12253951492386608,0.0,0.030294957473485533,0.0,0.030348468621859317,0.0,0.0,0.0,0.0,0.0
2024-10-25,0.05649191912152135,0.057463420379080365,0.04962038858606659,0.0,0.06801703412115331,0.041892113847166124,0.05332231530202027,0.0,0.21220060509923114,0.21220060509923114,0.0,0.0,0.0,0.03818162597888812,0.02742703144643072,0.12253951492386608,0.0,0.030294957473485533,0.0,0.030348468621859317,0.0,0.0,0.0,0.0,0.0
2024-10-28,0.05649191912152135,0.057463420379080365,0.04962038858606659,0.0,0.06801703412115331,0.041892113847166124,0.05332231530202027,0.0,0.21220060509923114,0.21220060509923114,0.0,0.0,0.0,0.03818162597888812,0.02742703144643072,0.12253951492386608,0.0,0.030294957473485533,0.0,0.030348468621859317,0.0,0.0,0.0,0.0,0.0
2024-10-29,0.05649191912152135,0.057463420379080365,0.04962038858606659,0.0,0.06801703412115331,0.041892113847166124,0.05332231530202027,0.0,0.21220060509923114,0.21220060509923114,0.0,0.0,0.0,0.03818162597888812,0.02742703144643072,0.12253951492386608,0.0,0.030294957473485533,0.0,0.030348468621859317,0.0,0.0,0.0,0.0,0.0
2024-10-30,0.05649191912152135,0.057463420379080365,0.04962038858606659,0.0,0.06801703412115331,0.041892113847166124,0.05332231530202027,0.0,0.21220060509923114,0.21220060509923114,0.0,0.0,0.0,0.03818162597888812,0.02742703144643072,0.12253951492386608,0.0,0.030294957473485533,0.0,0.030348468621859317,0.0,0.0,0.0,0.0,0.0
2024-10-31,0.05649191912152135,0.057463420379080365,0.04962038858606659,0.0,0.06801703412115331,0.041892113847166124,0.05332231530202027,0.0,0.21220060509923114,0.21220060509923114,0.0,0.0,0.0,0.03818162597888812,0.02742703144643072,0.12253951492386608,0.0,0.030294957473485533,0.0,0.030348468621859317,0.0,0.0,0.0,0.0,0.0
2024-11-01,0.05649191912152135,0.057463420379080365,0.04962038858606659,0.0,0.06801703412115331,0.041892113847166124,0.05332231530202027,0.0,0.21220060509923114,0.21220060509923114,0.0,0.0,0.0,0.03818162597888812,0.02742703144643072,0.12253951492386608,0.0,0.030294957473485533,0.0,0.030348468621859317,0.0,0.0,0.0,0.0,0.0
2024-11-04,0.05649191912152135,0.057463420379080365,0.04962038858606659,0.0,0.06801703412115331,0.041892113847166124,0.05332231530202027,0.0,0.21220060509923114,0.21220060509923114,0.0,0.0,0.0,0.03818162597888812,0.02742703144643072,0.12253951492386608,0.0,0.030294957473485533,0.0,0.030348468621859317,0.0,0.0,0.0,0.0,0.0
2024-11-05,0.05649191912152135,0.057463420379080365,0.04962038858606659,0.0,0.06801703412115331,0.041892113847166124,0.05332231530202027,0.0,0.21220060509923114,0.21220060509923114,0.0,0.0,0.0,0.03818162597888812,0.02742703144643072,0.12253951492386608,0.0,0.030294957473485533,0.0,0.030348468621859317,0.0,0.0,0.0,0.0,0.0
2024-11-06,0.05649191912152135,0.057463420379080365,0.04962038858606659,0.0,0.06801703412115331,0.041892113847166124,0.05332231530202027,0.0,0.21220060509923114,0.21220060509923114,0.0,0.0,0.0,0.03818162597888812,0.02742703144643072,0.12253951492386608,0.0,0.030294957473485533,0.0,0.030348468621859317,0.0,0.0,0.0,0.0,0.0
2024-11-07,0.05649191912152135,0.057463420379080365,0.04962038858606659,0.0,0.06801703412115331,0.041892113847166124,0.05332231530202027,0.0,0.21220060509923114,0.21220060509923114,0.0,0.0,0.0,0.03818162597888812,0.02742703144643072,0.12253951492386608,0.0,0.030294957473485533,0.0,0.030348468621859317,0.0,0.0,0.0,0.0,0.0
2024-11-08,0.05649191912152135,0.057463420379080365,0.04962038858606659,0.0,0.06801703412115331,0.041892113847166124,0.05332231530202027,0.0,0.21220060509923114,0.21220060509923114,0.0,0.0,0.0,0.03818162597888812,0.02742703144643072,0.12253951492386608,0.0,0.030294957473485533,0.0,0.030348468621859317,0.0,0.0,0.0,0.0,0.0
2024-11-11,0.05649191912152135,0.057463420379080365,0.04962038858606659,0.0,0.06801703412115331,0.041892113847166124,0.05332231530202027,0.0,0.21220060509923114,0.21220060509923114,0.0,0.0,0.0,0.03818162597888812,0.02742703144643072,0.12253951492386608,0.0,0.030294957473485533,0.0,0.030348468621859317,0.0,0.0,0.0,0.0,0.0
2024-11-12,0.05649191912152135,0.057463420379080365,0.04962038858606659,0.0,0.06801703412115331,0.041892113847166124,0.05332231530202027,0.0,0.21220060509923114,0.21220060509923114,0.0,0.0,0.0,0.03818162597888812,0.02742703144643072,0.12253951492386608,0.0,0.030294957473485533,0.0,0.030348468621859317,0.0,0.0,0.0,0.0,0.0
2024-11-13,0.05649191912152135,0.057463420379080365,0.04962038858606659,0.0,0.06801703412115331,0.041892113847166124,0.05332231530202027,0.0,0.21220060509923114,0.21220060509923114,0.0,0.0,0.0,0.03818162597888812,0.02742703144643072,0.12253951492386608,0.0,0.030294957473485533,0.0,0.030348468621859317,0.0,0.0,0.0,0.0,0.0
2024-11-14,0.05649191912152135,0.057463420379080365,0.04962038858606659,0.0,0.06801703412115331,0.041892113847166124,0.05332231530202027,0.0,0.21220060509923114,0.21220060509923114,0.0,0.0,0.0,0.03818162597888812,0.02742703144643072,0.12253951492386608,0.0,0.030294957473485533,0.0,0.030348468621859317,0.0,0.0,0.0,0.0,0.0
2024-11-15,0.05649191912152135,0.057463420379080365,0.04962038858606659,0.0,0.06801703412115331,0.041892113847166124,0.05332231530202027,0.0,0.21220060509923114,0.21220060509923114,0.0,0.0,0.0,0.03818162597888812,0.02742703144643072,0.12253951492386608,0.0,0.030294957473485533,0.0,0.030348468621859317,0.0,0.0,0.0,0.0,0.0
2024-11-18,0.05649191912152135,0.057463420379080365,0.04962038858606659,0.0,0.06801703412115331,0.041892113847166124,0.05332231530202027,0.0,0.21220060509923114,0.21220060509923114,0.0,0.0,0.0,0.03818162597888812,0.02742703144643072,0.12253951492386608,0.0,0.030294957473485533,0.0,0.030348468621859317,0.0,0.0,0.0,0.0,0.0
2024-11-19,0.05649191912152135,0.057463420379080365,0.04962038858606659,0.0,0.06801703412115331,0.041892113847166124,0.05332231530202027,0.0,0.21220060509923114,0.21220060509923114,0.0,0.0,0.0,0.03818162597888812,0.02742703144643072,0.12253951492386608,0.0,0.030294957473485533,0.0,0.030348468621859317,0.0,0.0,0.0,0.0,0.0
2024-11-20,0.05649191912152135,0.057463420379080365,0.04962038858606659,0.0,0.06801703412115331,0.041892113847166124,0.05332231530202027,0.0,0.21220060509923114,0.21220060509923114,0.0,0.0,0.0,0.03818162597888812,0.02742703144643072,0.12253951492386608,0.0,0.030294957473485533,0.0,0.030348468621859317,0.0,0.0,0.0,0.0,0.0
2024-11-21,0.05649191912152135,0.057463420379080365,0.04962038858606659,0.0,0.06801703412115331,0.041892113847166124,0.05332231530202027,0.0,0.21220060509923114,0.21220060509923114,0.0,0.0,0.0,0.03818162597888812,0.02742703144643072,0.12253951492386608,0.0,0.030294957473485533,0.0,0.030348468621859317,0.0,0.0,0.0,0.0,0.0
2024-11-22,0.05649191912152135,0.057463420379080365,0.04962038858606659,0.0,0.06801703412115331,0.041892113847166124,0.05332231530202027,0.0,0.21220060509923114,0.21220060509923114,0.0,0.0,0.0,0.03818162597888812,0.02742703144643072,0.12253951492386608,0.0,0.030294957473485533,0.0,0.030348468621859317,0.0,0.0,0.0,0.0,0.0
2024-11-25,0.05649191912152135,0.057463420379080365,0.04962038858606659,0.0,0.06801703412115331,0.041892113847166124,0.05332231530202027,0.0,0.21220060509923114,0.21220060509923114,0.0,0.0,0.0,0.03818162597888812,0.02742703144643072,0.12253951492386608,0.0,0.030294957473485533,0.0,0.030348468621859317,0.0,0.0,0.0,0.0,0.0
2024-11-26,0.05649191912152135,0.057463420379080365,0.04962038858606659,0.0,0.06801703412115331,0.041892113847166124,0.05332231530202027,0.0,0.21220060509923114,0.21220060509923114,0.0,0.0,0.0,0.03818162597888812,0.02742703144643072,0.12253951492386608,0.0,0.030294957473485533,0.0,0.030348468621859317,0.0,0.0,0.0,0.0,0.0
2024-11-27,0.05649191912152135,0.057463420379080365,0.04962038858606659,0.0,0.06801703412115331,0.041892113847166124,0.05332231530202027,0.0,0.21220060509923114,0.21220060509923114,0.0,0.0,0.0,0.03818162597888812,0.02742703144643072,0.12253951492386608,0.0,0.030294957473485533,0.0,0.030348468621859317,0.0,0.0,0.0,0.0,0.0
2024-11-28,0.05649191912152135,0.057463420379080365,0.04962038858606659,0.0,0.06801703412115331,0.041892113847166124,0.05332231530202027,0.0,0.21220060509923114,0.21220060509923114,0.0,0.0,0.0,0.03818162597888812,0.02742703144643072,0.12253951492386608,0.0,0.030294957473485533,0.0,0.030348468621859317,0.0,0.0,0.0,0.0,0.0
2024-11-29,0.05649191912152135,0.057463420379080365,0.04962038858606659,0.0,0.06801703412115331,0.041892113847166124,0.05332231530202027,0.0,0.21220060509923114,0.21220060509923114,0.0,0.0,0.0,0.03818162597888812,0.02742703144643072,0.12253951492386608,0.0,0.030294957473485533,0.0,0.030348468621859317,0.0,0.0,0.0,0.0,0.0
2024-12-02,0.057897798096033,0.06598450123752607,0.056981840599823676,0.0,0.06996008069941255,0.05539911975670351,0.057475443297830324,0.0,0.0,0.0,0.19341814918605726,0.15524018230418032,0.1131929333361875,0.0,0.05252267436697885,0.062298264158333685,0.0,0.030205851155850505,0.0,0.029423161805082716,0.0,0.0,0.0,0.0,0.0
2024-12-03,0.057897798096033,0.06598450123752607,0.056981840599823676,0.0,0.06996008069941255,0.05539911975670351,0.057475443297830324,0.0,0.0,0.0,0.19341814918605726,0.15524018230418032,0.1131929333361875,0.0,0.05252267436697885,0.062298264158333685,0.0,0.030205851155850505,0.0,0.029423161805082716,0.0,0.0,0.0,0.0,0.0
2024-12-04,0.057897798096033,0.06598450123752607,0.056981840599823676,0.0,0.06996008069941255,0.05539911975670351,0.057475443297830324,0.0,0.0,0.0,0.19341814918605726,0.15524018230418032,0.1131929333361875,0.0,0.05252267436697885,0.062298264158333685,0.0,0.030205851155850505,0.0,0.029423161805082716,0.0,0.0,0.0,0.0,0.0
2024-12-05,0.057897798096033,0.06598450123752607,0.056981840599823676,0.0,0.06996008069941255,0.05539911975670351,0.057475443297830324,0.0,0.0,0.0,0.19341814918605726,0.15524018230418032,0.1131929333361875,0.0,0.05252267436697885,0.062298264158333685,0.0,0.030205851155850505,0.0,0.029423161805082716,0.0,0.0,0.0,0.0,0.0
2024-12-06,0.057897798096033,0.06598450123752607,0.056981840599823676,0.0,0.06996008069941255,0.05539911975670351,0.057475443297830324,0.0,0.0,0.0,0.19341814918605726,0.15524018230418032,0.1131929333361875,0.0,0.05252267436697885,0.062298264158333685,0.0,0.030205851155850505,0.0,0.029423161805082716,0.0,0.0,0.0,0.0,0.0
2024-12-09,0.057897798096033,0.06598450123752607,0.056981840599823676,0.0,0.06996008069941255,0.05539911975670351,0.057475443297830324,0.0,0.0,0.0,0.19341814918605726,0.15524018230418032,0.1131929333361875,0.0,0.05252267436697885,0.062298264158333685,0.0,0.030205851155850505,0.0,0.029423161805082716,0.0,0.0,0.0,0.0,0.0
2024-12-10,0.057897798096033,0.06598450123752607,0.056981840599823676,0.0,0.06996008069941255,0.05539911975670351,0.057475443297830324,0.0,0.0,0.0,0.19341814918605726,0.15524018230418032,0.1131929333361875,0.0,0.05252267436697885,0.062298264158333685,0.0,0.030205851155850505,0.0,0.029423161805082716,0.0,0.0,0.0,0.0,0.0
2024-12-11,0.057897798096033,0.06598450123752607,0.056981840599823676,0.0,0.06996008069941255,0.05539911975670351,0.057475443297830324,0.0,0.0,0.0,0.19341814918605726,0.15524018230418032,0.1131929333361875,0.0,0.05252267436697885,0.062298264158333685,0.0,0.030205851155850505,0.0,0.029423161805082716,0.0,0.0,0.0,0.0,0.0
2024-12-12,0.057897798096033,0.06598450123752607,0.056981840599823676,0.0,0.06996008069941255,0.05539911975670351,0.057475443297830324,0.0,0.0,0.0,0.19341814918605726,0.15524018230418032,0.1131929333361875,0.0,0.05252267436697885,0.062298264158333685,0.0,0.030205851155850505,0.0,0.029423161805082716,0.0,0.0,0.0,0.0,0.0
2024-12-13,0.057897798096033,0.06598450123752607,0.056981840599823676,0.0,0.06996008069941255,0.05539911975670351,0.057475443297830324,0.0,0.0,0.0,0.19341814918605726,0.15524018230418032,0.1131929333361875,0.0,0.05252267436697885,0.062298264158333685,0.0,0.030205851155850505,0.0,0.029423161805082716,0.0,0.0,0.0,0.0,0.0
2024-12-16,0.057897798096033,0.06598450123752607,0.056981840599823676,0.0,0.06996008069941255,0.05539911975670351,0.057475443297830324,0.0,0.0,0.0,0.19341814918605726,0.15524018230418032,0.1131929333361875,0.0,0.05252267436697885,0.062298264158333685,0.0,0.030205851155850505,0.0,0.029423161805082716,0.0,0.0,0.0,0.0,0.0
2024-12-17,0.057897798096033,0.06598450123752607,0.056981840599823676,0.0,0.06996008069941255,0.05539911975670351,0.057475443297830324,0.0,0.0,0.0,0.19341814918605726,0.15524018230418032,0.1131929333361875,0.0,0.05252267436697885,0.062298264158333685,0.0,0.030205851155850505,0.0,0.029423161805082716,0.0,0.0,0.0,0.0,0.0
2024-12-18,0.057897798096033,0.06598450123752607,0.056981840599823676,0.0,0.06996008069941255,0.05539911975670351,0.057475443297830324,0.0,0.0,0.0,0.19341814918605726,0.15524018230418032,0.1131929333361875,0.0,0.05252267436697885,0.062298264158333685,0.0,0.030205851155850505,0.0,0.029423161805082716,0.0,0.0,0.0,0.0,0.0
2024-12-19,0.057897798096033,0.06598450123752607,0.056981840599823676,0.0,0.06996008069941255,0.05539911975670351,0.057475443297830324,0.0,0.0,0.0,0.19341814918605726,0.15524018230418032,0.1131929333361875,0.0,0.05252267436697885,0.062298264158333685,0.0,0.030205851155850505,0.0,0.029423161805082716,0.0,0.0,0.0,0.0,0.0
2024-12-20,0.057897798096033,0.06598450123752607,0.056981840599823676,0.0,0.06996008069941255,0.05539911975670351,0.057475443297830324,0.0,0.0,0.0,0.19341814918605726,0.15524018230418032,0.1131929333361875,0.0,0.05252267436697885,0.062298264158333685,0.0,0.030205851155850505,0.0,0.029423161805082716,0.0,0.0,0.0,0.0,0.0
2024-12-23,0.057897798096033,0.06598450123752607,0.056981840599823676,0.0,0.06996008069941255,0.05539911975670351,0.057475443297830324,0.0,0.0,0.0,0.19341814918605726,0.15524018230418032,0.1131929333361875,0.0,0.05252267436697885,0.062298264158333685,0.0,0.030205851155850505,0.0,0.029423161805082716,0.0,0.0,0.0,0.0,0.0
2024-12-24,0.057897798096033,0.06598450123752607,0.056981840599823676,0.0,0.06996008069941255,0.05539911975670351,0.057475443297830324,0.0,0.0,0.0,0.19341814918605726,0.15524018230418032,0.1131929333361875,0.0,0.05252267436697885,0.062298264158333685,0.0,0.030205851155850505,0.0,0.029423161805082716,0.0,0.0,0.0,0.0,0.0
2024-12-25,0.057897798096033,0.06598450123752607,0.056981840599823676,0.0,0.06996008069941255,0.05539911975670351,0.057475443297830324,0.0,0.0,0.0,0.19341814918605726,0.15524018230418032,0.1131929333361875,0.0,0.05252267436697885,0.062298264158333685,0.0,0.030205851155850505,0.0,0.029423161805082716,0.0,0.0,0.0,0.0,0.0
2024-12-26,0.057897798096033,0.06598450123752607,0.056981840599823676,0.0,0.06996008069941255,0.05539911975670351,0.057475443297830324,0.0,0.0,0.0,0.19341814918605726,0.15524018230418032,0.1131929333361875,0.0,0.05252267436697885,0.062298264158333685,0.0,0.030205851155850505,0.0,0.029423161805082716,0.0,0.0,0.0,0.0,0.0
2024-12-27,0.057897798096033,0.06598450123752607,0.056981840599823676,0.0,0.06996008069941255,0.05539911975670351,0.057475443297830324,0.0,0.0,0.0,0.19341814918605726,0.15524018230418032,0.1131929333361875,0.0,0.05252267436697885,0.062298264158333685,0.0,0.030205851155850505,0.0,0.029423161805082716,0.0,0.0,0.0,0.0,0.0
2024-12-30,0.057897798096033,0.06598450123752607,0.056981840599823676,0.0,0.06996008069941255,0.05539911975670351,0.057475443297830324,0.0,0.0,0.0,0.19341814918605726,0.15524018230418032,0.1131929333361875,0.0,0.05252267436697885,0.062298264158333685,0.0,0.030205851155850505,0.0,0.029423161805082716,0.0,0.0,0.0,0.0,0.0
2024-12-31,0.057897798096033,0.06598450123752607,0.056981840599823676,0.0,0.06996008069941255,0.05539911975670351,0.057475443297830324,0.0,0.0,0.0,0.19341814918605726,0.15524018230418032,0.1131929333361875,0.0,0.05252267436697885,0.062298264158333685,0.0,0.030205851155850505,0.0,0.029423161805082716,0.0,0.0,0.0,0.0,0.0
2025-01-02,0.057897798096033,0.06598450123752607,0.056981840599823676,0.0,0.06996008069941255,0.05539911975670351,0.057475443297830324,0.0,0.0,0.0,0.19341814918605726,0.15524018230418032,0.1131929333361875,0.0,0.05252267436697885,0.062298264158333685,0.0,0.030205851155850505,0.0,0.029423161805082716,0.0,0.0,0.0,0.0,0.0
2025-01-03,0.057897798096033,0.06598450123752607,0.056981840599823676,0.0,0.06996008069941255,0.05539911975670351,0.057475443297830324,0.0,0.0,0.0,0.19341814918605726,0.15524018230418032,0.1131929333361875,0.0,0.05252267436697885,0.062298264158333685,0.0,0.030205851155850505,0.0,0.029423161805082716,0.0,0.0,0.0,0.0,0.0
2025-01-06,0.057897798096033,0.06598450123752607,0.056981840599823676,0.0,0.06996008069941255,0.05539911975670351,0.057475443297830324,0.0,0.0,0.0,0.19341814918605726,0.15524018230418032,0.1131929333361875,0.0,0.05252267436697885,0.062298264158333685,0.0,0.030205851155850505,0.0,0.029423161805082716,0.0,0.0,0.0,0.0,0.0
2025-01-07,0.057897798096033,0.06598450123752607,0.056981840599823676,0.0,0.06996008069941255,0.05539911975670351,0.057475443297830324,0.0,0.0,0.0,0.19341814918605726,0.15524018230418032,0.1131929333361875,0.0,0.05252267436697885,0.062298264158333685,0.0,0.030205851155850505,0.0,0.029423161805082716,0.0,0.0,0.0,0.0,0.0
2025-01-08,0.057897798096033,0.06598450123752607,0.056981840599823676,0.0,0.06996008069941255,0.05539911975670351,0.057475443297830324,0.0,0.0,0.0,0.19341814918605726,0.15524018230418032,0.1131929333361875,0.0,0.05252267436697885,0.062298264158333685,0.0,0.030205851155850505,0.0,0.029423161805082716,0.0,0.0,0.0,0.0,0.0
2025-01-09,0.057897798096033,0.06598450123752607,0.056981840599823676,0.0,0.06996008069941255,0.05539911975670351,0.057475443297830324,0.0,0.0,0.0,0.19341814918605726,0.15524018230418032,0.1131929333361875,0.0,0.05252267436697885,0.062298264158333685,0.0,0.030205851155850505,0.0,0.029423161805082716,0.0,0.0,0.0,0.0,0.0
2025-01-10,0.057897798096033,0.06598450123752607,0.056981840599823676,0.0,0.06996008069941255,0.05539911975670351,0.057475443297830324,0.0,0.0,0.0,0.19341814918605726,0.15524018230418032,0.1131929333361875,0.0,0.05252267436697885,0.062298264158333685,0.0,0.030205851155850505,0.0,0.029423161805082716,0.0,0.0,0.0,0.0,0.0
2025-01-13,0.057897798096033,0.06598450123752607,0.056981840599823676,0.0,0.06996008069941255,0.05539911975670351,0.057475443297830324,0.0,0.0,0.0,0.19341814918605726,0.15524018230418032,0.1131929333361875,0.0,0.05252267436697885,0.062298264158333685,0.0,0.030205851155850505,0.0,0.029423161805082716,0.0,0.0,0.0,0.0,0.0
2025-01-14,0.057897798096033,0.06598450123752607,0.056981840599823676,0.0,0.06996008069941255,0.05539911975670351,0.057475443297830324,0.0,0.0,0.0,0.19341814918605726,0.15524018230418032,0.1131929333361875,0.0,0.05252267436697885,0.062298264158333685,0.0,0.030205851155850505,0.0,0.029423161805082716,0.0,0.0,0.0,0.0,0.0
2025-01-15,0.057897798096033,0.06598450123752607,0.056981840599823676,0.0,0.06996008069941255,0.05539911975670351,0.057475443297830324,0.0,0.0,0.0,0.19341814918605726,0.15524018230418032,0.1131929333361875,0.0,0.05252267436697885,0.062298264158333685,0.0,0.030205851155850505,0.0,0.029423161805082716,0.0,0.0,0.0,0.0,0.0
2025-01-16,0.057897798096033,0.06598450123752607,0.056981840599823676,0.0,0.06996008069941255,0.05539911975670351,0.057475443297830324,0.0,0.0,0.0,0.19341814918605726,0.15524018230418032,0.1131929333361875,0.0,0.05252267436697885,0.062298264158333685,0.0,0.030205851155850505,0.0,0.029423161805082716,0.0,0.0,0.0,0.0,0.0
2025-01-17,0.057897798096033,0.06598450123752607,0.056981840599823676,0.0,0.06996008069941255,0.05539911975670351,0.057475443297830324,0.0,0.0,0.0,0.19341814918605726,0.15524018230418032,0.1131929333361875,0.0,0.05252267436697885,0.062298264158333685,0.0,0.030205851155850505,0.0,0.029423161805082716,0.0,0.0,0.0,0.0,0.0
2025-01-20,0.057897798096033,0.06598450123752607,0.056981840599823676,0.0,0.06996008069941255,0.05539911975670351,0.057475443297830324,0.0,0.0,0.0,0.19341814918605726,0.15524018230418032,0.1131929333361875,0.0,0.05252267436697885,0.062298264158333685,0.0,0.030205851155850505,0.0,0.029423161805082716,0.0,0.0,0.0,0.0,0.0
2025-01-21,0.057897798096033,0.06598450123752607,0.056981840599823676,0.0,0.06996008069941255,0.05539911975670351,0.057475443297830324,0.0,0.0,0.0,0.19341814918605726,0.15524018230418032,0.1131929333361875,0.0,0.05252267436697885,0.062298264158333685,0.0,0.030205851155850505,0.0,0.029423161805082716,0.0,0.0,0.0,0.0,0.0
2025-01-22,0.057897798096033,0.06598450123752607,0.056981840599823676,0.0,0.06996008069941255,0.05539911975670351,0.057475443297830324,0.0,0.0,0.0,0.19341814918605726,0.15524018230418032,0.1131929333361875,0.0,0.05252267436697885,0.062298264158333685,0.0,0.030205851155850505,0.0,0.029423161805082716,0.0,0.0,0.0,0.0,0.0
2025-01-23,0.057897798096033,0.06598450123752607,0.056981840599823676,0.0,0.06996008069941255,0.05539911975670351,0.057475443297830324,0.0,0.0,0.0,0.19341814918605726,0.15524018230418032,0.1131929333361875,0.0,0.05252267436697885,0.062298264158333685,0.0,0.030205851155850505,0.0,0.029423161805082716,0.0,0.0,0.0,0.0,0.0
2025-01-24,0.057897798096033,0.06598450123752607,0.056981840599823676,0.0,0.06996008069941255,0.05539911975670351,0.057475443297830324,0.0,0.0,0.0,0.19341814918605726,0.15524018230418032,0.1131929333361875,0.0,0.05252267436697885,0.062298264158333685,0.0,0.030205851155850505,0.0,0.029423161805082716,0.0,0.0,0.0,0.0,0.0
2025-01-27,0.057897798096033,0.06598450123752607,0.056981840599823676,0.0,0.06996008069941255,0.05539911975670351,0.057475443297830324,0.0,0.0,0.0,0.19341814918605726,0.15524018230418032,0.1131929333361875,0.0,0.05252267436697885,0.062298264158333685,0.0,0.030205851155850505,0.0,0.029423161805082716,0.0,0.0,0.0,0.0,0.0
2025-01-28,0.057897798096033,0.06598450123752607,0.056981840599823676,0.0,0.06996008069941255,0.05539911975670351,0.057475443297830324,0.0,0.0,0.0,0.19341814918605726,0.15524018230418032,0.1131929333361875,0.0,0.05252267436697885,0.062298264158333685,0.0,0.030205851155850505,0.0,0.029423161805082716,0.0,0.0,0.0,0.0,0.0
2025-01-29,0.057897798096033,0.06598450123752607,0.056981840599823676,0.0,0.06996008069941255,0.05539911975670351,0.057475443297830324,0.0,0.0,0.0,0.19341814918605726,0.15524018230418032,0.1131929333361875,0.0,0.05252267436697885,0.062298264158333685,0.0,0.030205851155850505,0.0,0.029423161805082716,0.0,0.0,0.0,0.0,0.0
2025-01-30,0.057897798096033,0.06598450123752607,0.056981840599823676,0.0,0.06996008069941255,0.05539911975670351,0.057475443297830324,0.0,0.0,0.0,0.19341814918605726,0.15524018230418032,0.1131929333361875,0.0,0.05252267436697885,0.062298264158333685,0.0,0.030205851155850505,0.0,0.029423161805082716,0.0,0.0,0.0,0.0,0.0
2025-01-31,0.057897798096033,0.06598450123752607,0.056981840599823676,0.0,0.06996008069941255,0.05539911975670351,0.057475443297830324,0.0,0.0,0.0,0.19341814918605726,0.15524018230418032,0.1131929333361875,0.0,0.05252267436697885,0.062298264158333685,0.0,0.030205851155850505,0.0,0.029423161805082716,0.0,0.0,0.0,0.0,0.0
2025-02-03,0.0,0.0,0.0,0.0,0.0,0.0,0.0,0.0,0.0,0.0,0.0,0.0,0.0,0.0,0.0,0.0,0.0,0.0,0.0,0.0,0.0,0.0,0.3902568824087565,0.21948623518248697,0.3902568824087565
2025-02-04,0.0,0.0,0.0,0.0,0.0,0.0,0.0,0.0,0.0,0.0,0.0,0.0,0.0,0.0,0.0,0.0,0.0,0.0,0.0,0.0,0.0,0.0,0.3902568824087565,0.21948623518248697,0.3902568824087565
2025-02-05,0.0,0.0,0.0,0.0,0.0,0.0,0.0,0.0,0.0,0.0,0.0,0.0,0.0,0.0,0.0,0.0,0.0,0.0,0.0,0.0,0.0,0.0,0.3902568824087565,0.21948623518248697,0.3902568824087565
2025-02-06,0.0,0.0,0.0,0.0,0.0,0.0,0.0,0.0,0.0,0.0,0.0,0.0,0.0,0.0,0.0,0.0,0.0,0.0,0.0,0.0,0.0,0.0,0.3902568824087565,0.21948623518248697,0.3902568824087565
2025-02-07,0.0,0.0,0.0,0.0,0.0,0.0,0.0,0.0,0.0,0.0,0.0,0.0,0.0,0.0,0.0,0.0,0.0,0.0,0.0,0.0,0.0,0.0,0.3902568824087565,0.21948623518248697,0.3902568824087565
2025-02-10,0.0,0.0,0.0,0.0,0.0,0.0,0.0,0.0,0.0,0.0,0.0,0.0,0.0,0.0,0.0,0.0,0.0,0.0,0.0,0.0,0.0,0.0,0.3902568824087565,0.21948623518248697,0.3902568824087565
2025-02-11,0.0,0.0,0.0,0.0,0.0,0.0,0.0,0.0,0.0,0.0,0.0,0.0,0.0,0.0,0.0,0.0,0.0,0.0,0.0,0.0,0.0,0.0,0.3902568824087565,0.21948623518248697,0.3902568824087565
2025-02-12,0.0,0.0,0.0,0.0,0.0,0.0,0.0,0.0,0.0,0.0,0.0,0.0,0.0,0.0,0.0,0.0,0.0,0.0,0.0,0.0,0.0,0.0,0.3902568824087565,0.21948623518248697,0.3902568824087565
2025-02-13,0.0,0.0,0.0,0.0,0.0,0.0,0.0,0.0,0.0,0.0,0.0,0.0,0.0,0.0,0.0,0.0,0.0,0.0,0.0,0.0,0.0,0.0,0.3902568824087565,0.21948623518248697,0.3902568824087565
2025-02-14,0.0,0.0,0.0,0.0,0.0,0.0,0.0,0.0,0.0,0.0,0.0,0.0,0.0,0.0,0.0,0.0,0.0,0.0,0.0,0.0,0.0,0.0,0.3902568824087565,0.21948623518248697,0.3902568824087565
2025-02-17,0.0,0.0,0.0,0.0,0.0,0.0,0.0,0.0,0.0,0.0,0.0,0.0,0.0,0.0,0.0,0.0,0.0,0.0,0.0,0.0,0.0,0.0,0.3902568824087565,0.21948623518248697,0.3902568824087565
2025-02-18,0.0,0.0,0.0,0.0,0.0,0.0,0.0,0.0,0.0,0.0,0.0,0.0,0.0,0.0,0.0,0.0,0.0,0.0,0.0,0.0,0.0,0.0,0.3902568824087565,0.21948623518248697,0.3902568824087565
2025-02-19,0.0,0.0,0.0,0.0,0.0,0.0,0.0,0.0,0.0,0.0,0.0,0.0,0.0,0.0,0.0,0.0,0.0,0.0,0.0,0.0,0.0,0.0,0.3902568824087565,0.21948623518248697,0.3902568824087565
2025-02-20,0.0,0.0,0.0,0.0,0.0,0.0,0.0,0.0,0.0,0.0,0.0,0.0,0.0,0.0,0.0,0.0,0.0,0.0,0.0,0.0,0.0,0.0,0.3902568824087565,0.21948623518248697,0.3902568824087565
2025-02-21,0.0,0.0,0.0,0.0,0.0,0.0,0.0,0.0,0.0,0.0,0.0,0.0,0.0,0.0,0.0,0.0,0.0,0.0,0.0,0.0,0.0,0.0,0.3902568824087565,0.21948623518248697,0.3902568824087565
2025-02-24,0.0,0.0,0.0,0.0,0.0,0.0,0.0,0.0,0.0,0.0,0.0,0.0,0.0,0.0,0.0,0.0,0.0,0.0,0.0,0.0,0.0,0.0,0.3902568824087565,0.21948623518248697,0.3902568824087565
2025-02-25,0.0,0.0,0.0,0.0,0.0,0.0,0.0,0.0,0.0,0.0,0.0,0.0,0.0,0.0,0.0,0.0,0.0,0.0,0.0,0.0,0.0,0.0,0.3902568824087565,0.21948623518248697,0.3902568824087565
2025-02-26,0.0,0.0,0.0,0.0,0.0,0.0,0.0,0.0,0.0,0.0,0.0,0.0,0.0,0.0,0.0,0.0,0.0,0.0,0.0,0.0,0.0,0.0,0.3902568824087565,0.21948623518248697,0.3902568824087565
2025-02-27,0.0,0.0,0.0,0.0,0.0,0.0,0.0,0.0,0.0,0.0,0.0,0.0,0.0,0.0,0.0,0.0,0.0,0.0,0.0,0.0,0.0,0.0,0.3902568824087565,0.21948623518248697,0.3902568824087565
2025-02-28,0.0,0.0,0.0,0.0,0.0,0.0,0.0,0.0,0.0,0.0,0.0,0.0,0.0,0.0,0.0,0.0,0.0,0.0,0.0,0.0,0.0,0.0,0.3902568824087565,0.21948623518248697,0.3902568824087565
2025-03-03,0.0,0.0,0.0,0.0,0.0,0.0,0.0,0.0,0.0,0.0,0.0,0.0,0.0,0.0,0.0,0.0,0.0,0.0,0.0,0.0,0.0,0.0,0.3902568824087565,0.21948623518248697,0.3902568824087565
2025-03-04,0.0,0.0,0.0,0.0,0.0,0.0,0.0,0.0,0.0,0.0,0.0,0.0,0.0,0.0,0.0,0.0,0.0,0.0,0.0,0.0,0.0,0.0,0.3902568824087565,0.21948623518248697,0.3902568824087565
2025-03-05,0.0,0.0,0.0,0.0,0.0,0.0,0.0,0.0,0.0,0.0,0.0,0.0,0.0,0.0,0.0,0.0,0.0,0.0,0.0,0.0,0.0,0.0,0.3902568824087565,0.21948623518248697,0.3902568824087565
2025-03-06,0.0,0.0,0.0,0.0,0.0,0.0,0.0,0.0,0.0,0.0,0.0,0.0,0.0,0.0,0.0,0.0,0.0,0.0,0.0,0.0,0.0,0.0,0.3902568824087565,0.21948623518248697,0.3902568824087565
2025-03-07,0.0,0.0,0.0,0.0,0.0,0.0,0.0,0.0,0.0,0.0,0.0,0.0,0.0,0.0,0.0,0.0,0.0,0.0,0.0,0.0,0.0,0.0,0.3902568824087565,0.21948623518248697,0.3902568824087565
2025-03-10,0.0,0.0,0.0,0.0,0.0,0.0,0.0,0.0,0.0,0.0,0.0,0.0,0.0,0.0,0.0,0.0,0.0,0.0,0.0,0.0,0.0,0.0,0.3902568824087565,0.21948623518248697,0.3902568824087565
2025-03-11,0.0,0.0,0.0,0.0,0.0,0.0,0.0,0.0,0.0,0.0,0.0,0.0,0.0,0.0,0.0,0.0,0.0,0.0,0.0,0.0,0.0,0.0,0.3902568824087565,0.21948623518248697,0.3902568824087565
2025-03-12,0.0,0.0,0.0,0.0,0.0,0.0,0.0,0.0,0.0,0.0,0.0,0.0,0.0,0.0,0.0,0.0,0.0,0.0,0.0,0.0,0.0,0.0,0.3902568824087565,0.21948623518248697,0.3902568824087565
2025-03-13,0.0,0.0,0.0,0.0,0.0,0.0,0.0,0.0,0.0,0.0,0.0,0.0,0.0,0.0,0.0,0.0,0.0,0.0,0.0,0.0,0.0,0.0,0.3902568824087565,0.21948623518248697,0.3902568824087565
2025-03-14,0.0,0.0,0.0,0.0,0.0,0.0,0.0,0.0,0.0,0.0,0.0,0.0,0.0,0.0,0.0,0.0,0.0,0.0,0.0,0.0,0.0,0.0,0.3902568824087565,0.21948623518248697,0.3902568824087565
2025-03-17,0.0,0.0,0.0,0.0,0.0,0.0,0.0,0.0,0.0,0.0,0.0,0.0,0.0,0.0,0.0,0.0,0.0,0.0,0.0,0.0,0.0,0.0,0.3902568824087565,0.21948623518248697,0.3902568824087565
2025-03-18,0.0,0.0,0.0,0.0,0.0,0.0,0.0,0.0,0.0,0.0,0.0,0.0,0.0,0.0,0.0,0.0,0.0,0.0,0.0,0.0,0.0,0.0,0.3902568824087565,0.21948623518248697,0.3902568824087565
2025-03-19,0.0,0.0,0.0,0.0,0.0,0.0,0.0,0.0,0.0,0.0,0.0,0.0,0.0,0.0,0.0,0.0,0.0,0.0,0.0,0.0,0.0,0.0,0.3902568824087565,0.21948623518248697,0.3902568824087565
2025-03-20,0.0,0.0,0.0,0.0,0.0,0.0,0.0,0.0,0.0,0.0,0.0,0.0,0.0,0.0,0.0,0.0,0.0,0.0,0.0,0.0,0.0,0.0,0.3902568824087565,0.21948623518248697,0.3902568824087565
2025-03-21,0.0,0.0,0.0,0.0,0.0,0.0,0.0,0.0,0.0,0.0,0.0,0.0,0.0,0.0,0.0,0.0,0.0,0.0,0.0,0.0,0.0,0.0,0.3902568824087565,0.21948623518248697,0.3902568824087565
2025-03-24,0.0,0.0,0.0,0.0,0.0,0.0,0.0,0.0,0.0,0.0,0.0,0.0,0.0,0.0,0.0,0.0,0.0,0.0,0.0,0.0,0.0,0.0,0.3902568824087565,0.21948623518248697,0.3902568824087565
2025-03-25,0.0,0.0,0.0,0.0,0.0,0.0,0.0,0.0,0.0,0.0,0.0,0.0,0.0,0.0,0.0,0.0,0.0,0.0,0.0,0.0,0.0,0.0,0.3902568824087565,0.21948623518248697,0.3902568824087565
2025-03-26,0.0,0.0,0.0,0.0,0.0,0.0,0.0,0.0,0.0,0.0,0.0,0.0,0.0,0.0,0.0,0.0,0.0,0.0,0.0,0.0,0.0,0.0,0.3902568824087565,0.21948623518248697,0.3902568824087565
2025-03-27,0.0,0.0,0.0,0.0,0.0,0.0,0.0,0.0,0.0,0.0,0.0,0.0,0.0,0.0,0.0,0.0,0.0,0.0,0.0,0.0,0.0,0.0,0.3902568824087565,0.21948623518248697,0.3902568824087565
2025-03-28,0.0,0.0,0.0,0.0,0.0,0.0,0.0,0.0,0.0,0.0,0.0,0.0,0.0,0.0,0.0,0.0,0.0,0.0,0.0,0.0,0.0,0.0,0.3902568824087565,0.21948623518248697,0.3902568824087565
2025-03-31,0.0,0.0,0.0,0.0,0.0,0.0,0.0,0.0,0.0,0.0,0.0,0.0,0.0,0.0,0.0,0.0,0.0,0.0,0.0,0.0,0.0,0.0,0.3902568824087565,0.21948623518248697,0.3902568824087565
2025-04-01,0.034844353289475674,0.03419584744801193,0.0,0.0,0.0,0.0,0.0,0.0,0.08055218371131599,0.0,0.042005089744637104,0.029261843742556345,0.022818330273614816,0.07192526556525705,0.07079252841145911,0.03618833718312194,0.05630443426546584,0.0,0.03452068796240973,0.0,0.0,0.0,0.256662812368792,0.0,0.22992828603388243
2025-04-02,0.034844353289475674,0.03419584744801193,0.0,0.0,0.0,0.0,0.0,0.0,0.08055218371131599,0.0,0.042005089744637104,0.029261843742556345,0.022818330273614816,0.07192526556525705,0.07079252841145911,0.03618833718312194,0.05630443426546584,0.0,0.03452068796240973,0.0,0.0,0.0,0.256662812368792,0.0,0.22992828603388243
2025-04-03,0.034844353289475674,0.03419584744801193,0.0,0.0,0.0,0.0,0.0,0.0,0.08055218371131599,0.0,0.042005089744637104,0.029261843742556345,0.022818330273614816,0.07192526556525705,0.07079252841145911,0.03618833718312194,0.05630443426546584,0.0,0.03452068796240973,0.0,0.0,0.0,0.256662812368792,0.0,0.22992828603388243
2025-04-04,0.034844353289475674,0.03419584744801193,0.0,0.0,0.0,0.0,0.0,0.0,0.08055218371131599,0.0,0.042005089744637104,0.029261843742556345,0.022818330273614816,0.07192526556525705,0.07079252841145911,0.03618833718312194,0.05630443426546584,0.0,0.03452068796240973,0.0,0.0,0.0,0.256662812368792,0.0,0.22992828603388243
2025-04-07,0.034844353289475674,0.03419584744801193,0.0,0.0,0.0,0.0,0.0,0.0,0.08055218371131599,0.0,0.042005089744637104,0.029261843742556345,0.022818330273614816,0.07192526556525705,0.07079252841145911,0.03618833718312194,0.05630443426546584,0.0,0.03452068796240973,0.0,0.0,0.0,0.256662812368792,0.0,0.22992828603388243
2025-04-08,0.034844353289475674,0.03419584744801193,0.0,0.0,0.0,0.0,0.0,0.0,0.08055218371131599,0.0,0.042005089744637104,0.029261843742556345,0.022818330273614816,0.07192526556525705,0.07079252841145911,0.03618833718312194,0.05630443426546584,0.0,0.03452068796240973,0.0,0.0,0.0,0.256662812368792,0.0,0.22992828603388243
2025-04-09,0.034844353289475674,0.03419584744801193,0.0,0.0,0.0,0.0,0.0,0.0,0.08055218371131599,0.0,0.042005089744637104,0.029261843742556345,0.022818330273614816,0.07192526556525705,0.07079252841145911,0.03618833718312194,0.05630443426546584,0.0,0.03452068796240973,0.0,0.0,0.0,0.256662812368792,0.0,0.22992828603388243
2025-04-10,0.034844353289475674,0.03419584744801193,0.0,0.0,0.0,0.0,0.0,0.0,0.08055218371131599,0.0,0.042005089744637104,0.029261843742556345,0.022818330273614816,0.07192526556525705,0.07079252841145911,0.03618833718312194,0.05630443426546584,0.0,0.03452068796240973,0.0,0.0,0.0,0.256662812368792,0.0,0.22992828603388243
2025-04-11,0.034844353289475674,0.03419584744801193,0.0,0.0,0.0,0.0,0.0,0.0,0.08055218371131599,0.0,0.042005089744637104,0.029261843742556345,0.022818330273614816,0.07192526556525705,0.07079252841145911,0.03618833718312194,0.05630443426546584,0.0,0.03452068796240973,0.0,0.0,0.0,0.256662812368792,0.0,0.22992828603388243
2025-04-14,0.034844353289475674,0.03419584744801193,0.0,0.0,0.0,0.0,0.0,0.0,0.08055218371131599,0.0,0.042005089744637104,0.029261843742556345,0.022818330273614816,0.07192526556525705,0.07079252841145911,0.03618833718312194,0.05630443426546584,0.0,0.03452068796240973,0.0,0.0,0.0,0.256662812368792,0.0,0.22992828603388243
2025-04-15,0.034844353289475674,0.03419584744801193,0.0,0.0,0.0,0.0,0.0,0.0,0.08055218371131599,0.0,0.042005089744637104,0.029261843742556345,0.022818330273614816,0.07192526556525705,0.07079252841145911,0.03618833718312194,0.05630443426546584,0.0,0.03452068796240973,0.0,0.0,0.0,0.256662812368792,0.0,0.22992828603388243
2025-04-16,0.034844353289475674,0.03419584744801193,0.0,0.0,0.0,0.0,0.0,0.0,0.08055218371131599,0.0,0.042005089744637104,0.029261843742556345,0.022818330273614816,0.07192526556525705,0.07079252841145911,0.03618833718312194,0.05630443426546584,0.0,0.03452068796240973,0.0,0.0,0.0,0.256662812368792,0.0,0.22992828603388243
2025-04-17,0.034844353289475674,0.03419584744801193,0.0,0.0,0.0,0.0,0.0,0.0,0.08055218371131599,0.0,0.042005089744637104,0.029261843742556345,0.022818330273614816,0.07192526556525705,0.07079252841145911,0.03618833718312194,0.05630443426546584,0.0,0.03452068796240973,0.0,0.0,0.0,0.256662812368792,0.0,0.22992828603388243
2025-04-18,0.034844353289475674,0.03419584744801193,0.0,0.0,0.0,0.0,0.0,0.0,0.08055218371131599,0.0,0.042005089744637104,0.029261843742556345,0.022818330273614816,0.07192526556525705,0.07079252841145911,0.03618833718312194,0.05630443426546584,0.0,0.03452068796240973,0.0,0.0,0.0,0.256662812368792,0.0,0.22992828603388243
2025-04-21,0.034844353289475674,0.03419584744801193,0.0,0.0,0.0,0.0,0.0,0.0,0.08055218371131599,0.0,0.042005089744637104,0.029261843742556345,0.022818330273614816,0.07192526556525705,0.07079252841145911,0.03618833718312194,0.05630443426546584,0.0,0.03452068796240973,0.0,0.0,0.0,0.256662812368792,0.0,0.22992828603388243
2025-04-22,0.034844353289475674,0.03419584744801193,0.0,0.0,0.0,0.0,0.0,0.0,0.08055218371131599,0.0,0.042005089744637104,0.029261843742556345,0.022818330273614816,0.07192526556525705,0.07079252841145911,0.03618833718312194,0.05630443426546584,0.0,0.03452068796240973,0.0,0.0,0.0,0.256662812368792,0.0,0.22992828603388243
2025-04-23,0.034844353289475674,0.03419584744801193,0.0,0.0,0.0,0.0,0.0,0.0,0.08055218371131599,0.0,0.042005089744637104,0.029261843742556345,0.022818330273614816,0.07192526556525705,0.07079252841145911,0.03618833718312194,0.05630443426546584,0.0,0.03452068796240973,0.0,0.0,0.0,0.256662812368792,0.0,0.22992828603388243
2025-04-24,0.034844353289475674,0.03419584744801193,0.0,0.0,0.0,0.0,0.0,0.0,0.08055218371131599,0.0,0.042005089744637104,0.029261843742556345,0.022818330273614816,0.07192526556525705,0.07079252841145911,0.03618833718312194,0.05630443426546584,0.0,0.03452068796240973,0.0,0.0,0.0,0.256662812368792,0.0,0.22992828603388243
2025-04-25,0.034844353289475674,0.03419584744801193,0.0,0.0,0.0,0.0,0.0,0.0,0.08055218371131599,0.0,0.042005089744637104,0.029261843742556345,0.022818330273614816,0.07192526556525705,0.07079252841145911,0.03618833718312194,0.05630443426546584,0.0,0.03452068796240973,0.0,0.0,0.0,0.256662812368792,0.0,0.22992828603388243
2025-04-28,0.034844353289475674,0.03419584744801193,0.0,0.0,0.0,0.0,0.0,0.0,0.08055218371131599,0.0,0.042005089744637104,0.029261843742556345,0.022818330273614816,0.07192526556525705,0.07079252841145911,0.03618833718312194,0.05630443426546584,0.0,0.03452068796240973,0.0,0.0,0.0,0.256662812368792,0.0,0.22992828603388243
2025-04-29,0.034844353289475674,0.03419584744801193,0.0,0.0,0.0,0.0,0.0,0.0,0.08055218371131599,0.0,0.042005089744637104,0.029261843742556345,0.022818330273614816,0.07192526556525705,0.07079252841145911,0.03618833718312194,0.05630443426546584,0.0,0.03452068796240973,0.0,0.0,0.0,0.256662812368792,0.0,0.22992828603388243
2025-04-30,0.034844353289475674,0.03419584744801193,0.0,0.0,0.0,0.0,0.0,0.0,0.08055218371131599,0.0,0.042005089744637104,0.029261843742556345,0.022818330273614816,0.07192526556525705,0.07079252841145911,0.03618833718312194,0.05630443426546584,0.0,0.03452068796240973,0.0,0.0,0.0,0.256662812368792,0.0,0.22992828603388243
2025-05-01,0.034844353289475674,0.03419584744801193,0.0,0.0,0.0,0.0,0.0,0.0,0.08055218371131599,0.0,0.042005089744637104,0.029261843742556345,0.022818330273614816,0.07192526556525705,0.07079252841145911,0.03618833718312194,0.05630443426546584,0.0,0.03452068796240973,0.0,0.0,0.0,0.256662812368792,0.0,0.22992828603388243
2025-05-02,0.034844353289475674,0.03419584744801193,0.0,0.0,0.0,0.0,0.0,0.0,0.08055218371131599,0.0,0.042005089744637104,0.029261843742556345,0.022818330273614816,0.07192526556525705,0.07079252841145911,0.03618833718312194,0.05630443426546584,0.0,0.03452068796240973,0.0,0.0,0.0,0.256662812368792,0.0,0.22992828603388243
2025-05-05,0.034844353289475674,0.03419584744801193,0.0,0.0,0.0,0.0,0.0,0.0,0.08055218371131599,0.0,0.042005089744637104,0.029261843742556345,0.022818330273614816,0.07192526556525705,0.07079252841145911,0.03618833718312194,0.05630443426546584,0.0,0.03452068796240973,0.0,0.0,0.0,0.256662812368792,0.0,0.22992828603388243
2025-05-06,0.034844353289475674,0.03419584744801193,0.0,0.0,0.0,0.0,0.0,0.0,0.08055218371131599,0.0,0.042005089744637104,0.029261843742556345,0.022818330273614816,0.07192526556525705,0.07079252841145911,0.03618833718312194,0.05630443426546584,0.0,0.03452068796240973,0.0,0.0,0.0,0.256662812368792,0.0,0.22992828603388243
2025-05-07,0.034844353289475674,0.03419584744801193,0.0,0.0,0.0,0.0,0.0,0.0,0.08055218371131599,0.0,0.042005089744637104,0.029261843742556345,0.022818330273614816,0.07192526556525705,0.07079252841145911,0.03618833718312194,0.05630443426546584,0.0,0.03452068796240973,0.0,0.0,0.0,0.256662812368792,0.0,0.22992828603388243
2025-05-08,0.034844353289475674,0.03419584744801193,0.0,0.0,0.0,0.0,0.0,0.0,0.08055218371131599,0.0,0.042005089744637104,0.029261843742556345,0.022818330273614816,0.07192526556525705,0.07079252841145911,0.03618833718312194,0.05630443426546584,0.0,0.03452068796240973,0.0,0.0,0.0,0.256662812368792,0.0,0.22992828603388243
2025-05-09,0.034844353289475674,0.03419584744801193,0.0,0.0,0.0,0.0,0.0,0.0,0.08055218371131599,0.0,0.042005089744637104,0.029261843742556345,0.022818330273614816,0.07192526556525705,0.07079252841145911,0.03618833718312194,0.05630443426546584,0.0,0.03452068796240973,0.0,0.0,0.0,0.256662812368792,0.0,0.22992828603388243
2025-05-12,0.034844353289475674,0.03419584744801193,0.0,0.0,0.0,0.0,0.0,0.0,0.08055218371131599,0.0,0.042005089744637104,0.029261843742556345,0.022818330273614816,0.07192526556525705,0.07079252841145911,0.03618833718312194,0.05630443426546584,0.0,0.03452068796240973,0.0,0.0,0.0,0.256662812368792,0.0,0.22992828603388243
2025-05-13,0.034844353289475674,0.03419584744801193,0.0,0.0,0.0,0.0,0.0,0.0,0.08055218371131599,0.0,0.042005089744637104,0.029261843742556345,0.022818330273614816,0.07192526556525705,0.07079252841145911,0.03618833718312194,0.05630443426546584,0.0,0.03452068796240973,0.0,0.0,0.0,0.256662812368792,0.0,0.22992828603388243
2025-05-14,0.034844353289475674,0.03419584744801193,0.0,0.0,0.0,0.0,0.0,0.0,0.08055218371131599,0.0,0.042005089744637104,0.029261843742556345,0.022818330273614816,0.07192526556525705,0.07079252841145911,0.03618833718312194,0.05630443426546584,0.0,0.03452068796240973,0.0,0.0,0.0,0.256662812368792,0.0,0.22992828603388243
2025-05-15,0.034844353289475674,0.03419584744801193,0.0,0.0,0.0,0.0,0.0,0.0,0.08055218371131599,0.0,0.042005089744637104,0.029261843742556345,0.022818330273614816,0.07192526556525705,0.07079252841145911,0.03618833718312194,0.05630443426546584,0.0,0.03452068796240973,0.0,0.0,0.0,0.256662812368792,0.0,0.22992828603388243
2025-05-16,0.034844353289475674,0.03419584744801193,0.0,0.0,0.0,0.0,0.0,0.0,0.08055218371131599,0.0,0.042005089744637104,0.029261843742556345,0.022818330273614816,0.07192526556525705,0.07079252841145911,0.03618833718312194,0.05630443426546584,0.0,0.03452068796240973,0.0,0.0,0.0,0.256662812368792,0.0,0.22992828603388243
2025-05-19,0.034844353289475674,0.03419584744801193,0.0,0.0,0.0,0.0,0.0,0.0,0.08055218371131599,0.0,0.042005089744637104,0.029261843742556345,0.022818330273614816,0.07192526556525705,0.07079252841145911,0.03618833718312194,0.05630443426546584,0.0,0.03452068796240973,0.0,0.0,0.0,0.256662812368792,0.0,0.22992828603388243
2025-05-20,0.034844353289475674,0.03419584744801193,0.0,0.0,0.0,0.0,0.0,0.0,0.08055218371131599,0.0,0.042005089744637104,0.029261843742556345,0.022818330273614816,0.07192526556525705,0.07079252841145911,0.03618833718312194,0.05630443426546584,0.0,0.03452068796240973,0.0,0.0,0.0,0.256662812368792,0.0,0.22992828603388243
2025-05-21,0.034844353289475674,0.03419584744801193,0.0,0.0,0.0,0.0,0.0,0.0,0.08055218371131599,0.0,0.042005089744637104,0.029261843742556345,0.022818330273614816,0.07192526556525705,0.07079252841145911,0.03618833718312194,0.05630443426546584,0.0,0.03452068796240973,0.0,0.0,0.0,0.256662812368792,0.0,0.22992828603388243
2025-05-22,0.034844353289475674,0.03419584744801193,0.0,0.0,0.0,0.0,0.0,0.0,0.08055218371131599,0.0,0.042005089744637104,0.029261843742556345,0.022818330273614816,0.07192526556525705,0.07079252841145911,0.03618833718312194,0.05630443426546584,0.0,0.03452068796240973,0.0,0.0,0.0,0.256662812368792,0.0,0.22992828603388243
2025-05-23,0.034844353289475674,0.03419584744801193,0.0,0.0,0.0,0.0,0.0,0.0,0.08055218371131599,0.0,0.042005089744637104,0.029261843742556345,0.022818330273614816,0.07192526556525705,0.07079252841145911,0.03618833718312194,0.05630443426546584,0.0,0.03452068796240973,0.0,0.0,0.0,0.256662812368792,0.0,0.22992828603388243
2025-05-26,0.034844353289475674,0.03419584744801193,0.0,0.0,0.0,0.0,0.0,0.0,0.08055218371131599,0.0,0.042005089744637104,0.029261843742556345,0.022818330273614816,0.07192526556525705,0.07079252841145911,0.03618833718312194,0.05630443426546584,0.0,0.03452068796240973,0.0,0.0,0.0,0.256662812368792,0.0,0.22992828603388243
2025-05-27,0.034844353289475674,0.03419584744801193,0.0,0.0,0.0,0.0,0.0,0.0,0.08055218371131599,0.0,0.042005089744637104,0.029261843742556345,0.022818330273614816,0.07192526556525705,0.07079252841145911,0.03618833718312194,0.05630443426546584,0.0,0.03452068796240973,0.0,0.0,0.0,0.256662812368792,0.0,0.22992828603388243
2025-05-28,0.034844353289475674,0.03419584744801193,0.0,0.0,0.0,0.0,0.0,0.0,0.08055218371131599,0.0,0.042005089744637104,0.029261843742556345,0.022818330273614816,0.07192526556525705,0.07079252841145911,0.03618833718312194,0.05630443426546584,0.0,0.03452068796240973,0.0,0.0,0.0,0.256662812368792,0.0,0.22992828603388243
2025-05-29,0.034844353289475674,0.03419584744801193,0.0,0.0,0.0,0.0,0.0,0.0,0.08055218371131599,0.0,0.042005089744637104,0.029261843742556345,0.022818330273614816,0.07192526556525705,0.07079252841145911,0.03618833718312194,0.05630443426546584,0.0,0.03452068796240973,0.0,0.0,0.0,0.256662812368792,0.0,0.22992828603388243
2025-05-30,0.034844353289475674,0.03419584744801193,0.0,0.0,0.0,0.0,0.0,0.0,0.08055218371131599,0.0,0.042005089744637104,0.029261843742556345,0.022818330273614816,0.07192526556525705,0.07079252841145911,0.03618833718312194,0.05630443426546584,0.0,0.03452068796240973,0.0,0.0,0.0,0.256662812368792,0.0,0.22992828603388243
2025-06-02,0.0,0.0,0.0,0.0,0.0,0.0,0.0,0.06908292544048683,0.08726754263109614,0.11477300801967423,0.026008520278959942,0.02421548781306339,0.024916903739274694,0.0,0.0,0.03436099562993588,0.0,0.0,0.050674356787402404,0.0,0.043762350623646466,0.103044958457072,0.23406361696835526,0.07064819742932413,0.11718113618170867
2025-06-03,0.0,0.0,0.0,0.0,0.0,0.0,0.0,0.06908292544048683,0.08726754263109614,0.11477300801967423,0.026008520278959942,0.02421548781306339,0.024916903739274694,0.0,0.0,0.03436099562993588,0.0,0.0,0.050674356787402404,0.0,0.043762350623646466,0.103044958457072,0.23406361696835526,0.07064819742932413,0.11718113618170867
2025-06-04,0.0,0.0,0.0,0.0,0.0,0.0,0.0,0.06908292544048683,0.08726754263109614,0.11477300801967423,0.026008520278959942,0.02421548781306339,0.024916903739274694,0.0,0.0,0.03436099562993588,0.0,0.0,0.050674356787402404,0.0,0.043762350623646466,0.103044958457072,0.23406361696835526,0.07064819742932413,0.11718113618170867
2025-06-05,0.0,0.0,0.0,0.0,0.0,0.0,0.0,0.06908292544048683,0.08726754263109614,0.11477300801967423,0.026008520278959942,0.02421548781306339,0.024916903739274694,0.0,0.0,0.03436099562993588,0.0,0.0,0.050674356787402404,0.0,0.043762350623646466,0.103044958457072,0.23406361696835526,0.07064819742932413,0.11718113618170867
2025-06-06,0.0,0.0,0.0,0.0,0.0,0.0,0.0,0.06908292544048683,0.08726754263109614,0.11477300801967423,0.026008520278959942,0.02421548781306339,0.024916903739274694,0.0,0.0,0.03436099562993588,0.0,0.0,0.050674356787402404,0.0,0.043762350623646466,0.103044958457072,0.23406361696835526,0.07064819742932413,0.11718113618170867
2025-06-09,0.0,0.0,0.0,0.0,0.0,0.0,0.0,0.06908292544048683,0.08726754263109614,0.11477300801967423,0.026008520278959942,0.02421548781306339,0.024916903739274694,0.0,0.0,0.03436099562993588,0.0,0.0,0.050674356787402404,0.0,0.043762350623646466,0.103044958457072,0.23406361696835526,0.07064819742932413,0.11718113618170867
2025-06-10,0.0,0.0,0.0,0.0,0.0,0.0,0.0,0.06908292544048683,0.08726754263109614,0.11477300801967423,0.026008520278959942,0.02421548781306339,0.024916903739274694,0.0,0.0,0.03436099562993588,0.0,0.0,0.050674356787402404,0.0,0.043762350623646466,0.103044958457072,0.23406361696835526,0.07064819742932413,0.11718113618170867
2025-06-11,0.0,0.0,0.0,0.0,0.0,0.0,0.0,0.06908292544048683,0.08726754263109614,0.11477300801967423,0.026008520278959942,0.02421548781306339,0.024916903739274694,0.0,0.0,0.03436099562993588,0.0,0.0,0.050674356787402404,0.0,0.043762350623646466,0.103044958457072,0.23406361696835526,0.07064819742932413,0.11718113618170867
2025-06-12,0.0,0.0,0.0,0.0,0.0,0.0,0.0,0.06908292544048683,0.08726754263109614,0.11477300801967423,0.026008520278959942,0.02421548781306339,0.024916903739274694,0.0,0.0,0.03436099562993588,0.0,0.0,0.050674356787402404,0.0,0.043762350623646466,0.103044958457072,0.23406361696835526,0.07064819742932413,0.11718113618170867
2025-06-13,0.0,0.0,0.0,0.0,0.0,0.0,0.0,0.06908292544048683,0.08726754263109614,0.11477300801967423,0.026008520278959942,0.02421548781306339,0.024916903739274694,0.0,0.0,0.03436099562993588,0.0,0.0,0.050674356787402404,0.0,0.043762350623646466,0.103044958457072,0.23406361696835526,0.07064819742932413,0.11718113618170867
2025-06-16,0.0,0.0,0.0,0.0,0.0,0.0,0.0,0.06908292544048683,0.08726754263109614,0.11477300801967423,0.026008520278959942,0.02421548781306339,0.024916903739274694,0.0,0.0,0.03436099562993588,0.0,0.0,0.050674356787402404,0.0,0.043762350623646466,0.103044958457072,0.23406361696835526,0.07064819742932413,0.11718113618170867
2025-06-17,0.0,0.0,0.0,0.0,0.0,0.0,0.0,0.06908292544048683,0.08726754263109614,0.11477300801967423,0.026008520278959942,0.02421548781306339,0.024916903739274694,0.0,0.0,0.03436099562993588,0.0,0.0,0.050674356787402404,0.0,0.043762350623646466,0.103044958457072,0.23406361696835526,0.07064819742932413,0.11718113618170867
2025-06-18,0.0,0.0,0.0,0.0,0.0,0.0,0.0,0.06908292544048683,0.08726754263109614,0.11477300801967423,0.026008520278959942,0.02421548781306339,0.024916903739274694,0.0,0.0,0.03436099562993588,0.0,0.0,0.050674356787402404,0.0,0.043762350623646466,0.103044958457072,0.23406361696835526,0.07064819742932413,0.11718113618170867
2025-06-19,0.0,0.0,0.0,0.0,0.0,0.0,0.0,0.06908292544048683,0.08726754263109614,0.11477300801967423,0.026008520278959942,0.02421548781306339,0.024916903739274694,0.0,0.0,0.03436099562993588,0.0,0.0,0.050674356787402404,0.0,0.043762350623646466,0.103044958457072,0.23406361696835526,0.07064819742932413,0.11718113618170867
2025-06-20,0.0,0.0,0.0,0.0,0.0,0.0,0.0,0.06908292544048683,0.08726754263109614,0.11477300801967423,0.026008520278959942,0.02421548781306339,0.024916903739274694,0.0,0.0,0.03436099562993588,0.0,0.0,0.050674356787402404,0.0,0.043762350623646466,0.103044958457072,0.23406361696835526,0.07064819742932413,0.11718113618170867
2025-06-23,0.0,0.0,0.0,0.0,0.0,0.0,0.0,0.06908292544048683,0.08726754263109614,0.11477300801967423,0.026008520278959942,0.02421548781306339,0.024916903739274694,0.0,0.0,0.03436099562993588,0.0,0.0,0.050674356787402404,0.0,0.043762350623646466,0.103044958457072,0.23406361696835526,0.07064819742932413,0.11718113618170867
2025-06-24,0.0,0.0,0.0,0.0,0.0,0.0,0.0,0.06908292544048683,0.08726754263109614,0.11477300801967423,0.026008520278959942,0.02421548781306339,0.024916903739274694,0.0,0.0,0.03436099562993588,0.0,0.0,0.050674356787402404,0.0,0.043762350623646466,0.103044958457072,0.23406361696835526,0.07064819742932413,0.11718113618170867
2025-06-25,0.0,0.0,0.0,0.0,0.0,0.0,0.0,0.06908292544048683,0.08726754263109614,0.11477300801967423,0.026008520278959942,0.02421548781306339,0.024916903739274694,0.0,0.0,0.03436099562993588,0.0,0.0,0.050674356787402404,0.0,0.043762350623646466,0.103044958457072,0.23406361696835526,0.07064819742932413,0.11718113618170867
2025-06-26,0.0,0.0,0.0,0.0,0.0,0.0,0.0,0.06908292544048683,0.08726754263109614,0.11477300801967423,0.026008520278959942,0.02421548781306339,0.024916903739274694,0.0,0.0,0.03436099562993588,0.0,0.0,0.050674356787402404,0.0,0.043762350623646466,0.103044958457072,0.23406361696835526,0.07064819742932413,0.11718113618170867
2025-06-27,0.0,0.0,0.0,0.0,0.0,0.0,0.0,0.06908292544048683,0.08726754263109614,0.11477300801967423,0.026008520278959942,0.02421548781306339,0.024916903739274694,0.0,0.0,0.03436099562993588,0.0,0.0,0.050674356787402404,0.0,0.043762350623646466,0.103044958457072,0.23406361696835526,0.07064819742932413,0.11718113618170867
2025-06-30,0.0,0.0,0.0,0.0,0.0,0.0,0.0,0.06908292544048683,0.08726754263109614,0.11477300801967423,0.026008520278959942,0.02421548781306339,0.024916903739274694,0.0,0.0,0.03436099562993588,0.0,0.0,0.050674356787402404,0.0,0.043762350623646466,0.103044958457072,0.23406361696835526,0.07064819742932413,0.11718113618170867
2025-07-01,0.0,0.0,0.0,0.0,0.0,0.0,0.0,0.06908292544048683,0.08726754263109614,0.11477300801967423,0.026008520278959942,0.02421548781306339,0.024916903739274694,0.0,0.0,0.03436099562993588,0.0,0.0,0.050674356787402404,0.0,0.043762350623646466,0.103044958457072,0.23406361696835526,0.07064819742932413,0.11718113618170867
2025-07-02,0.0,0.0,0.0,0.0,0.0,0.0,0.0,0.06908292544048683,0.08726754263109614,0.11477300801967423,0.026008520278959942,0.02421548781306339,0.024916903739274694,0.0,0.0,0.03436099562993588,0.0,0.0,0.050674356787402404,0.0,0.043762350623646466,0.103044958457072,0.23406361696835526,0.07064819742932413,0.11718113618170867
2025-07-03,0.0,0.0,0.0,0.0,0.0,0.0,0.0,0.06908292544048683,0.08726754263109614,0.11477300801967423,0.026008520278959942,0.02421548781306339,0.024916903739274694,0.0,0.0,0.03436099562993588,0.0,0.0,0.050674356787402404,0.0,0.043762350623646466,0.103044958457072,0.23406361696835526,0.07064819742932413,0.11718113618170867
2025-07-04,0.0,0.0,0.0,0.0,0.0,0.0,0.0,0.06908292544048683,0.08726754263109614,0.11477300801967423,0.026008520278959942,0.02421548781306339,0.024916903739274694,0.0,0.0,0.03436099562993588,0.0,0.0,0.050674356787402404,0.0,0.043762350623646466,0.103044958457072,0.23406361696835526,0.07064819742932413,0.11718113618170867
2025-07-07,0.0,0.0,0.0,0.0,0.0,0.0,0.0,0.06908292544048683,0.08726754263109614,0.11477300801967423,0.026008520278959942,0.02421548781306339,0.024916903739274694,0.0,0.0,0.03436099562993588,0.0,0.0,0.050674356787402404,0.0,0.043762350623646466,0.103044958457072,0.23406361696835526,0.07064819742932413,0.11718113618170867
2025-07-08,0.0,0.0,0.0,0.0,0.0,0.0,0.0,0.06908292544048683,0.08726754263109614,0.11477300801967423,0.026008520278959942,0.02421548781306339,0.024916903739274694,0.0,0.0,0.03436099562993588,0.0,0.0,0.050674356787402404,0.0,0.043762350623646466,0.103044958457072,0.23406361696835526,0.07064819742932413,0.11718113618170867
2025-07-09,0.0,0.0,0.0,0.0,0.0,0.0,0.0,0.06908292544048683,0.08726754263109614,0.11477300801967423,0.026008520278959942,0.02421548781306339,0.024916903739274694,0.0,0.0,0.03436099562993588,0.0,0.0,0.050674356787402404,0.0,0.043762350623646466,0.103044958457072,0.23406361696835526,0.07064819742932413,0.11718113618170867
2025-07-10,0.0,0.0,0.0,0.0,0.0,0.0,0.0,0.06908292544048683,0.08726754263109614,0.11477300801967423,0.026008520278959942,0.02421548781306339,0.024916903739274694,0.0,0.0,0.03436099562993588,0.0,0.0,0.050674356787402404,0.0,0.043762350623646466,0.103044958457072,0.23406361696835526,0.07064819742932413,0.11718113618170867
2025-07-11,0.0,0.0,0.0,0.0,0.0,0.0,0.0,0.06908292544048683,0.08726754263109614,0.11477300801967423,0.026008520278959942,0.02421548781306339,0.024916903739274694,0.0,0.0,0.03436099562993588,0.0,0.0,0.050674356787402404,0.0,0.043762350623646466,0.103044958457072,0.23406361696835526,0.07064819742932413,0.11718113618170867
2025-07-14,0.0,0.0,0.0,0.0,0.0,0.0,0.0,0.06908292544048683,0.08726754263109614,0.11477300801967423,0.026008520278959942,0.02421548781306339,0.024916903739274694,0.0,0.0,0.03436099562993588,0.0,0.0,0.050674356787402404,0.0,0.043762350623646466,0.103044958457072,0.23406361696835526,0.07064819742932413,0.11718113618170867
2025-07-15,0.0,0.0,0.0,0.0,0.0,0.0,0.0,0.06908292544048683,0.08726754263109614,0.11477300801967423,0.026008520278959942,0.02421548781306339,0.024916903739274694,0.0,0.0,0.03436099562993588,0.0,0.0,0.050674356787402404,0.0,0.043762350623646466,0.103044958457072,0.23406361696835526,0.07064819742932413,0.11718113618170867
2025-07-16,0.0,0.0,0.0,0.0,0.0,0.0,0.0,0.06908292544048683,0.08726754263109614,0.11477300801967423,0.026008520278959942,0.02421548781306339,0.024916903739274694,0.0,0.0,0.03436099562993588,0.0,0.0,0.050674356787402404,0.0,0.043762350623646466,0.103044958457072,0.23406361696835526,0.07064819742932413,0.11718113618170867
2025-07-17,0.0,0.0,0.0,0.0,0.0,0.0,0.0,0.06908292544048683,0.08726754263109614,0.11477300801967423,0.026008520278959942,0.02421548781306339,0.024916903739274694,0.0,0.0,0.03436099562993588,0.0,0.0,0.050674356787402404,0.0,0.043762350623646466,0.103044958457072,0.23406361696835526,0.07064819742932413,0.11718113618170867
2025-07-18,0.0,0.0,0.0,0.0,0.0,0.0,0.0,0.06908292544048683,0.08726754263109614,0.11477300801967423,0.026008520278959942,0.02421548781306339,0.024916903739274694,0.0,0.0,0.03436099562993588,0.0,0.0,0.050674356787402404,0.0,0.043762350623646466,0.103044958457072,0.23406361696835526,0.07064819742932413,0.11718113618170867
2025-07-21,0.0,0.0,0.0,0.0,0.0,0.0,0.0,0.06908292544048683,0.08726754263109614,0.11477300801967423,0.026008520278959942,0.02421548781306339,0.024916903739274694,0.0,0.0,0.03436099562993588,0.0,0.0,0.050674356787402404,0.0,0.043762350623646466,0.103044958457072,0.23406361696835526,0.07064819742932413,0.11718113618170867
2025-07-22,0.0,0.0,0.0,0.0,0.0,0.0,0.0,0.06908292544048683,0.08726754263109614,0.11477300801967423,0.026008520278959942,0.02421548781306339,0.024916903739274694,0.0,0.0,0.03436099562993588,0.0,0.0,0.050674356787402404,0.0,0.043762350623646466,0.103044958457072,0.23406361696835526,0.07064819742932413,0.11718113618170867
2025-07-23,0.0,0.0,0.0,0.0,0.0,0.0,0.0,0.06908292544048683,0.08726754263109614,0.11477300801967423,0.026008520278959942,0.02421548781306339,0.024916903739274694,0.0,0.0,0.03436099562993588,0.0,0.0,0.050674356787402404,0.0,0.043762350623646466,0.103044958457072,0.23406361696835526,0.07064819742932413,0.11718113618170867
2025-07-24,0.0,0.0,0.0,0.0,0.0,0.0,0.0,0.06908292544048683,0.08726754263109614,0.11477300801967423,0.026008520278959942,0.02421548781306339,0.024916903739274694,0.0,0.0,0.03436099562993588,0.0,0.0,0.050674356787402404,0.0,0.043762350623646466,0.103044958457072,0.23406361696835526,0.07064819742932413,0.11718113618170867
2025-07-25,0.0,0.0,0.0,0.0,0.0,0.0,0.0,0.06908292544048683,0.08726754263109614,0.11477300801967423,0.026008520278959942,0.02421548781306339,0.024916903739274694,0.0,0.0,0.03436099562993588,0.0,0.0,0.050674356787402404,0.0,0.043762350623646466,0.103044958457072,0.23406361696835526,0.07064819742932413,0.11718113618170867
2025-07-28,0.0,0.0,0.0,0.0,0.0,0.0,0.0,0.06908292544048683,0.08726754263109614,0.11477300801967423,0.026008520278959942,0.02421548781306339,0.024916903739274694,0.0,0.0,0.03436099562993588,0.0,0.0,0.050674356787402404,0.0,0.043762350623646466,0.103044958457072,0.23406361696835526,0.07064819742932413,0.11718113618170867
2025-07-29,0.0,0.0,0.0,0.0,0.0,0.0,0.0,0.06908292544048683,0.08726754263109614,0.11477300801967423,0.026008520278959942,0.02421548781306339,0.024916903739274694,0.0,0.0,0.03436099562993588,0.0,0.0,0.050674356787402404,0.0,0.043762350623646466,0.103044958457072,0.23406361696835526,0.07064819742932413,0.11718113618170867
2025-07-30,0.0,0.0,0.0,0.0,0.0,0.0,0.0,0.06908292544048683,0.08726754263109614,0.11477300801967423,0.026008520278959942,0.02421548781306339,0.024916903739274694,0.0,0.0,0.03436099562993588,0.0,0.0,0.050674356787402404,0.0,0.043762350623646466,0.103044958457072,0.23406361696835526,0.07064819742932413,0.11718113618170867
2025-07-31,0.0,0.0,0.0,0.0,0.0,0.0,0.0,0.06908292544048683,0.08726754263109614,0.11477300801967423,0.026008520278959942,0.02421548781306339,0.024916903739274694,0.0,0.0,0.03436099562993588,0.0,0.0,0.050674356787402404,0.0,0.043762350623646466,0.103044958457072,0.23406361696835526,0.07064819742932413,0.11718113618170867
2025-08-01,0.03965452114909891,0.03674758868287409,0.0,0.0,0.0,0.040152449752386556,0.03462263910398681,0.0,0.05681434668727073,0.0,0.0,0.0,0.025953266966780426,0.0,0.03420072041958425,0.03701408660603373,0.0,0.0,0.0,0.0,0.037222513388811614,0.08519674796297232,0.2424553253616824,0.08751046855683557,0.2424553253616824
2025-08-04,0.03965452114909891,0.03674758868287409,0.0,0.0,0.0,0.040152449752386556,0.03462263910398681,0.0,0.05681434668727073,0.0,0.0,0.0,0.025953266966780426,0.0,0.03420072041958425,0.03701408660603373,0.0,0.0,0.0,0.0,0.037222513388811614,0.08519674796297232,0.2424553253616824,0.08751046855683557,0.2424553253616824
2025-08-05,0.03965452114909891,0.03674758868287409,0.0,0.0,0.0,0.040152449752386556,0.03462263910398681,0.0,0.05681434668727073,0.0,0.0,0.0,0.025953266966780426,0.0,0.03420072041958425,0.03701408660603373,0.0,0.0,0.0,0.0,0.037222513388811614,0.08519674796297232,0.2424553253616824,0.08751046855683557,0.2424553253616824
2025-08-06,0.03965452114909891,0.03674758868287409,0.0,0.0,0.0,0.040152449752386556,0.03462263910398681,0.0,0.05681434668727073,0.0,0.0,0.0,0.025953266966780426,0.0,0.03420072041958425,0.03701408660603373,0.0,0.0,0.0,0.0,0.037222513388811614,0.08519674796297232,0.2424553253616824,0.08751046855683557,0.2424553253616824
2025-08-07,0.03965452114909891,0.03674758868287409,0.0,0.0,0.0,0.040152449752386556,0.03462263910398681,0.0,0.05681434668727073,0.0,0.0,0.0,0.025953266966780426,0.0,0.03420072041958425,0.03701408660603373,0.0,0.0,0.0,0.0,0.037222513388811614,0.08519674796297232,0.2424553253616824,0.08751046855683557,0.2424553253616824
2025-08-08,0.03965452114909891,0.03674758868287409,0.0,0.0,0.0,0.040152449752386556,0.03462263910398681,0.0,0.05681434668727073,0.0,0.0,0.0,0.025953266966780426,0.0,0.03420072041958425,0.03701408660603373,0.0,0.0,0.0,0.0,0.037222513388811614,0.08519674796297232,0.2424553253616824,0.08751046855683557,0.2424553253616824
2025-08-11,0.03965452114909891,0.03674758868287409,0.0,0.0,0.0,0.040152449752386556,0.03462263910398681,0.0,0.05681434668727073,0.0,0.0,0.0,0.025953266966780426,0.0,0.03420072041958425,0.03701408660603373,0.0,0.0,0.0,0.0,0.037222513388811614,0.08519674796297232,0.2424553253616824,0.08751046855683557,0.2424553253616824
2025-08-12,0.03965452114909891,0.03674758868287409,0.0,0.0,0.0,0.040152449752386556,0.03462263910398681,0.0,0.05681434668727073,0.0,0.0,0.0,0.025953266966780426,0.0,0.03420072041958425,0.03701408660603373,0.0,0.0,0.0,0.0,0.037222513388811614,0.08519674796297232,0.2424553253616824,0.08751046855683557,0.2424553253616824
2025-08-13,0.03965452114909891,0.03674758868287409,0.0,0.0,0.0,0.040152449752386556,0.03462263910398681,0.0,0.05681434668727073,0.0,0.0,0.0,0.025953266966780426,0.0,0.03420072041958425,0.03701408660603373,0.0,0.0,0.0,0.0,0.037222513388811614,0.08519674796297232,0.2424553253616824,0.08751046855683557,0.2424553253616824
2025-08-14,0.03965452114909891,0.03674758868287409,0.0,0.0,0.0,0.040152449752386556,0.03462263910398681,0.0,0.05681434668727073,0.0,0.0,0.0,0.025953266966780426,0.0,0.03420072041958425,0.03701408660603373,0.0,0.0,0.0,0.0,0.037222513388811614,0.08519674796297232,0.2424553253616824,0.08751046855683557,0.2424553253616824
2025-08-15,0.03965452114909891,0.03674758868287409,0.0,0.0,0.0,0.040152449752386556,0.03462263910398681,0.0,0.05681434668727073,0.0,0.0,0.0,0.025953266966780426,0.0,0.03420072041958425,0.03701408660603373,0.0,0.0,0.0,0.0,0.037222513388811614,0.08519674796297232,0.2424553253616824,0.08751046855683557,0.2424553253616824
2025-08-18,0.03965452114909891,0.03674758868287409,0.0,0.0,0.0,0.040152449752386556,0.03462263910398681,0.0,0.05681434668727073,0.0,0.0,0.0,0.025953266966780426,0.0,0.03420072041958425,0.03701408660603373,0.0,0.0,0.0,0.0,0.037222513388811614,0.08519674796297232,0.2424553253616824,0.08751046855683557,0.2424553253616824
2025-08-19,0.03965452114909891,0.03674758868287409,0.0,0.0,0.0,0.040152449752386556,0.03462263910398681,0.0,0.05681434668727073,0.0,0.0,0.0,0.025953266966780426,0.0,0.03420072041958425,0.03701408660603373,0.0,0.0,0.0,0.0,0.037222513388811614,0.08519674796297232,0.2424553253616824,0.08751046855683557,0.2424553253616824
2025-08-20,0.03965452114909891,0.03674758868287409,0.0,0.0,0.0,0.040152449752386556,0.03462263910398681,0.0,0.05681434668727073,0.0,0.0,0.0,0.025953266966780426,0.0,0.03420072041958425,0.03701408660603373,0.0,0.0,0.0,0.0,0.037222513388811614,0.08519674796297232,0.2424553253616824,0.08751046855683557,0.2424553253616824
2025-08-21,0.03965452114909891,0.03674758868287409,0.0,0.0,0.0,0.040152449752386556,0.03462263910398681,0.0,0.05681434668727073,0.0,0.0,0.0,0.025953266966780426,0.0,0.03420072041958425,0.03701408660603373,0.0,0.0,0.0,0.0,0.037222513388811614,0.08519674796297232,0.2424553253616824,0.08751046855683557,0.2424553253616824
2025-08-22,0.03965452114909891,0.03674758868287409,0.0,0.0,0.0,0.040152449752386556,0.03462263910398681,0.0,0.05681434668727073,0.0,0.0,0.0,0.025953266966780426,0.0,0.03420072041958425,0.03701408660603373,0.0,0.0,0.0,0.0,0.037222513388811614,0.08519674796297232,0.2424553253616824,0.08751046855683557,0.2424553253616824
2025-08-25,0.03965452114909891,0.03674758868287409,0.0,0.0,0.0,0.040152449752386556,0.03462263910398681,0.0,0.05681434668727073,0.0,0.0,0.0,0.025953266966780426,0.0,0.03420072041958425,0.03701408660603373,0.0,0.0,0.0,0.0,0.037222513388811614,0.08519674796297232,0.2424553253616824,0.08751046855683557,0.2424553253616824
2025-08-26,0.03965452114909891,0.03674758868287409,0.0,0.0,0.0,0.040152449752386556,0.03462263910398681,0.0,0.05681434668727073,0.0,0.0,0.0,0.025953266966780426,0.0,0.03420072041958425,0.03701408660603373,0.0,0.0,0.0,0.0,0.037222513388811614,0.08519674796297232,0.2424553253616824,0.08751046855683557,0.2424553253616824
2025-08-27,0.03965452114909891,0.03674758868287409,0.0,0.0,0.0,0.040152449752386556,0.03462263910398681,0.0,0.05681434668727073,0.0,0.0,0.0,0.025953266966780426,0.0,0.03420072041958425,0.03701408660603373,0.0,0.0,0.0,0.0,0.037222513388811614,0.08519674796297232,0.2424553253616824,0.08751046855683557,0.2424553253616824
2025-08-28,0.03965452114909891,0.03674758868287409,0.0,0.0,0.0,0.040152449752386556,0.03462263910398681,0.0,0.05681434668727073,0.0,0.0,0.0,0.025953266966780426,0.0,0.03420072041958425,0.03701408660603373,0.0,0.0,0.0,0.0,0.037222513388811614,0.08519674796297232,0.2424553253616824,0.08751046855683557,0.2424553253616824
2025-08-29,0.03965452114909891,0.03674758868287409,0.0,0.0,0.0,0.040152449752386556,0.03462263910398681,0.0,0.05681434668727073,0.0,0.0,0.0,0.025953266966780426,0.0,0.03420072041958425,0.03701408660603373,0.0,0.0,0.0,0.0,0.037222513388811614,0.08519674796297232,0.2424553253616824,0.08751046855683557,0.2424553253616824
2025-09-01,0.03965452114909891,0.03674758868287409,0.0,0.0,0.0,0.040152449752386556,0.03462263910398681,0.0,0.05681434668727073,0.0,0.0,0.0,0.025953266966780426,0.0,0.03420072041958425,0.03701408660603373,0.0,0.0,0.0,0.0,0.037222513388811614,0.08519674796297232,0.2424553253616824,0.08751046855683557,0.2424553253616824
2025-09-02,0.03965452114909891,0.03674758868287409,0.0,0.0,0.0,0.040152449752386556,0.03462263910398681,0.0,0.05681434668727073,0.0,0.0,0.0,0.025953266966780426,0.0,0.03420072041958425,0.03701408660603373,0.0,0.0,0.0,0.0,0.037222513388811614,0.08519674796297232,0.2424553253616824,0.08751046855683557,0.2424553253616824
2025-09-03,0.03965452114909891,0.03674758868287409,0.0,0.0,0.0,0.040152449752386556,0.03462263910398681,0.0,0.05681434668727073,0.0,0.0,0.0,0.025953266966780426,0.0,0.03420072041958425,0.03701408660603373,0.0,0.0,0.0,0.0,0.037222513388811614,0.08519674796297232,0.2424553253616824,0.08751046855683557,0.2424553253616824
2025-09-04,0.03965452114909891,0.03674758868287409,0.0,0.0,0.0,0.040152449752386556,0.03462263910398681,0.0,0.05681434668727073,0.0,0.0,0.0,0.025953266966780426,0.0,0.03420072041958425,0.03701408660603373,0.0,0.0,0.0,0.0,0.037222513388811614,0.08519674796297232,0.2424553253616824,0.08751046855683557,0.2424553253616824
2025-09-05,0.03965452114909891,0.03674758868287409,0.0,0.0,0.0,0.040152449752386556,0.03462263910398681,0.0,0.05681434668727073,0.0,0.0,0.0,0.025953266966780426,0.0,0.03420072041958425,0.03701408660603373,0.0,0.0,0.0,0.0,0.037222513388811614,0.08519674796297232,0.2424553253616824,0.08751046855683557,0.2424553253616824
2025-09-08,0.03965452114909891,0.03674758868287409,0.0,0.0,0.0,0.040152449752386556,0.03462263910398681,0.0,0.05681434668727073,0.0,0.0,0.0,0.025953266966780426,0.0,0.03420072041958425,0.03701408660603373,0.0,0.0,0.0,0.0,0.037222513388811614,0.08519674796297232,0.2424553253616824,0.08751046855683557,0.2424553253616824
2025-09-09,0.03965452114909891,0.03674758868287409,0.0,0.0,0.0,0.040152449752386556,0.03462263910398681,0.0,0.05681434668727073,0.0,0.0,0.0,0.025953266966780426,0.0,0.03420072041958425,0.03701408660603373,0.0,0.0,0.0,0.0,0.037222513388811614,0.08519674796297232,0.2424553253616824,0.08751046855683557,0.2424553253616824
2025-09-10,0.03965452114909891,0.03674758868287409,0.0,0.0,0.0,0.040152449752386556,0.03462263910398681,0.0,0.05681434668727073,0.0,0.0,0.0,0.025953266966780426,0.0,0.03420072041958425,0.03701408660603373,0.0,0.0,0.0,0.0,0.037222513388811614,0.08519674796297232,0.2424553253616824,0.08751046855683557,0.2424553253616824
2025-09-11,0.03965452114909891,0.03674758868287409,0.0,0.0,0.0,0.040152449752386556,0.03462263910398681,0.0,0.05681434668727073,0.0,0.0,0.0,0.025953266966780426,0.0,0.03420072041958425,0.03701408660603373,0.0,0.0,0.0,0.0,0.037222513388811614,0.08519674796297232,0.2424553253616824,0.08751046855683557,0.2424553253616824
2025-09-12,0.03965452114909891,0.03674758868287409,0.0,0.0,0.0,0.040152449752386556,0.03462263910398681,0.0,0.05681434668727073,0.0,0.0,0.0,0.025953266966780426,0.0,0.03420072041958425,0.03701408660603373,0.0,0.0,0.0,0.0,0.037222513388811614,0.08519674796297232,0.2424553253616824,0.08751046855683557,0.2424553253616824
2025-09-15,0.03965452114909891,0.03674758868287409,0.0,0.0,0.0,0.040152449752386556,0.03462263910398681,0.0,0.05681434668727073,0.0,0.0,0.0,0.025953266966780426,0.0,0.03420072041958425,0.03701408660603373,0.0,0.0,0.0,0.0,0.037222513388811614,0.08519674796297232,0.2424553253616824,0.08751046855683557,0.2424553253616824
2025-09-16,0.03965452114909891,0.03674758868287409,0.0,0.0,0.0,0.040152449752386556,0.03462263910398681,0.0,0.05681434668727073,0.0,0.0,0.0,0.025953266966780426,0.0,0.03420072041958425,0.03701408660603373,0.0,0.0,0.0,0.0,0.037222513388811614,0.08519674796297232,0.2424553253616824,0.08751046855683557,0.2424553253616824
2025-09-17,0.03965452114909891,0.03674758868287409,0.0,0.0,0.0,0.040152449752386556,0.03462263910398681,0.0,0.05681434668727073,0.0,0.0,0.0,0.025953266966780426,0.0,0.03420072041958425,0.03701408660603373,0.0,0.0,0.0,0.0,0.037222513388811614,0.08519674796297232,0.2424553253616824,0.08751046855683557,0.2424553253616824
2025-09-18,0.03965452114909891,0.03674758868287409,0.0,0.0,0.0,0.040152449752386556,0.03462263910398681,0.0,0.05681434668727073,0.0,0.0,0.0,0.025953266966780426,0.0,0.03420072041958425,0.03701408660603373,0.0,0.0,0.0,0.0,0.037222513388811614,0.08519674796297232,0.2424553253616824,0.08751046855683557,0.2424553253616824
2025-09-19,0.03965452114909891,0.03674758868287409,0.0,0.0,0.0,0.040152449752386556,0.03462263910398681,0.0,0.05681434668727073,0.0,0.0,0.0,0.025953266966780426,0.0,0.03420072041958425,0.03701408660603373,0.0,0.0,0.0,0.0,0.037222513388811614,0.08519674796297232,0.2424553253616824,0.08751046855683557,0.2424553253616824
2025-09-22,0.03965452114909891,0.03674758868287409,0.0,0.0,0.0,0.040152449752386556,0.03462263910398681,0.0,0.05681434668727073,0.0,0.0,0.0,0.025953266966780426,0.0,0.03420072041958425,0.03701408660603373,0.0,0.0,0.0,0.0,0.037222513388811614,0.08519674796297232,0.2424553253616824,0.08751046855683557,0.2424553253616824
2025-09-23,0.03965452114909891,0.03674758868287409,0.0,0.0,0.0,0.040152449752386556,0.03462263910398681,0.0,0.05681434668727073,0.0,0.0,0.0,0.025953266966780426,0.0,0.03420072041958425,0.03701408660603373,0.0,0.0,0.0,0.0,0.037222513388811614,0.08519674796297232,0.2424553253616824,0.08751046855683557,0.2424553253616824
2025-09-24,0.03965452114909891,0.03674758868287409,0.0,0.0,0.0,0.040152449752386556,0.03462263910398681,0.0,0.05681434668727073,0.0,0.0,0.0,0.025953266966780426,0.0,0.03420072041958425,0.03701408660603373,0.0,0.0,0.0,0.0,0.037222513388811614,0.08519674796297232,0.2424553253616824,0.08751046855683557,0.2424553253616824
2025-09-25,0.03965452114909891,0.03674758868287409,0.0,0.0,0.0,0.040152449752386556,0.03462263910398681,0.0,0.05681434668727073,0.0,0.0,0.0,0.025953266966780426,0.0,0.03420072041958425,0.03701408660603373,0.0,0.0,0.0,0.0,0.037222513388811614,0.08519674796297232,0.2424553253616824,0.08751046855683557,0.2424553253616824
2025-09-26,0.03965452114909891,0.03674758868287409,0.0,0.0,0.0,0.040152449752386556,0.03462263910398681,0.0,0.05681434668727073,0.0,0.0,0.0,0.025953266966780426,0.0,0.03420072041958425,0.03701408660603373,0.0,0.0,0.0,0.0,0.037222513388811614,0.08519674796297232,0.2424553253616824,0.08751046855683557,0.2424553253616824
2025-09-29,0.03965452114909891,0.03674758868287409,0.0,0.0,0.0,0.040152449752386556,0.03462263910398681,0.0,0.05681434668727073,0.0,0.0,0.0,0.025953266966780426,0.0,0.03420072041958425,0.03701408660603373,0.0,0.0,0.0,0.0,0.037222513388811614,0.08519674796297232,0.2424553253616824,0.08751046855683557,0.2424553253616824
2025-09-30,0.03965452114909891,0.03674758868287409,0.0,0.0,0.0,0.040152449752386556,0.03462263910398681,0.0,0.05681434668727073,0.0,0.0,0.0,0.025953266966780426,0.0,0.03420072041958425,0.03701408660603373,0.0,0.0,0.0,0.0,0.037222513388811614,0.08519674796297232,0.2424553253616824,0.08751046855683557,0.2424553253616824
2025-10-01,0.06966835291938508,0.06526242637267503,0.07740979521425911,0.06309135548731333,0.08041016908337993,0.0448242326211069,0.06400583050479101,0.0,0.0,0.0,0.0,0.1319148475661687,0.15813563868882718,0.08743113136120761,0.06361131307776141,0.05818343546413718,0.0,0.036051471638987385,0.0,0.0,0.0,0.0,0.0,0.0,0.0
2025-10-02,0.06966835291938508,0.06526242637267503,0.07740979521425911,0.06309135548731333,0.08041016908337993,0.0448242326211069,0.06400583050479101,0.0,0.0,0.0,0.0,0.1319148475661687,0.15813563868882718,0.08743113136120761,0.06361131307776141,0.05818343546413718,0.0,0.036051471638987385,0.0,0.0,0.0,0.0,0.0,0.0,0.0
2025-10-03,0.06966835291938508,0.06526242637267503,0.07740979521425911,0.06309135548731333,0.08041016908337993,0.0448242326211069,0.06400583050479101,0.0,0.0,0.0,0.0,0.1319148475661687,0.15813563868882718,0.08743113136120761,0.06361131307776141,0.05818343546413718,0.0,0.036051471638987385,0.0,0.0,0.0,0.0,0.0,0.0,0.0
2025-10-06,0.06966835291938508,0.06526242637267503,0.07740979521425911,0.06309135548731333,0.08041016908337993,0.0448242326211069,0.06400583050479101,0.0,0.0,0.0,0.0,0.1319148475661687,0.15813563868882718,0.08743113136120761,0.06361131307776141,0.05818343546413718,0.0,0.036051471638987385,0.0,0.0,0.0,0.0,0.0,0.0,0.0
2025-10-07,0.06966835291938508,0.06526242637267503,0.07740979521425911,0.06309135548731333,0.08041016908337993,0.0448242326211069,0.06400583050479101,0.0,0.0,0.0,0.0,0.1319148475661687,0.15813563868882718,0.08743113136120761,0.06361131307776141,0.05818343546413718,0.0,0.036051471638987385,0.0,0.0,0.0,0.0,0.0,0.0,0.0
2025-10-08,0.06966835291938508,0.06526242637267503,0.07740979521425911,0.06309135548731333,0.08041016908337993,0.0448242326211069,0.06400583050479101,0.0,0.0,0.0,0.0,0.1319148475661687,0.15813563868882718,0.08743113136120761,0.06361131307776141,0.05818343546413718,0.0,0.036051471638987385,0.0,0.0,0.0,0.0,0.0,0.0,0.0
2025-10-09,0.06966835291938508,0.06526242637267503,0.07740979521425911,0.06309135548731333,0.08041016908337993,0.0448242326211069,0.06400583050479101,0.0,0.0,0.0,0.0,0.1319148475661687,0.15813563868882718,0.08743113136120761,0.06361131307776141,0.05818343546413718,0.0,0.036051471638987385,0.0,0.0,0.0,0.0,0.0,0.0,0.0
2025-10-10,0.06966835291938508,0.06526242637267503,0.07740979521425911,0.06309135548731333,0.08041016908337993,0.0448242326211069,0.06400583050479101,0.0,0.0,0.0,0.0,0.1319148475661687,0.15813563868882718,0.08743113136120761,0.06361131307776141,0.05818343546413718,0.0,0.036051471638987385,0.0,0.0,0.0,0.0,0.0,0.0,0.0
2025-10-13,0.06966835291938508,0.06526242637267503,0.07740979521425911,0.06309135548731333,0.08041016908337993,0.0448242326211069,0.06400583050479101,0.0,0.0,0.0,0.0,0.1319148475661687,0.15813563868882718,0.08743113136120761,0.06361131307776141,0.05818343546413718,0.0,0.036051471638987385,0.0,0.0,0.0,0.0,0.0,0.0,0.0
2025-10-14,0.06966835291938508,0.06526242637267503,0.07740979521425911,0.06309135548731333,0.08041016908337993,0.0448242326211069,0.06400583050479101,0.0,0.0,0.0,0.0,0.1319148475661687,0.15813563868882718,0.08743113136120761,0.06361131307776141,0.05818343546413718,0.0,0.036051471638987385,0.0,0.0,0.0,0.0,0.0,0.0,0.0
2025-10-15,0.06966835291938508,0.06526242637267503,0.07740979521425911,0.06309135548731333,0.08041016908337993,0.0448242326211069,0.06400583050479101,0.0,0.0,0.0,0.0,0.1319148475661687,0.15813563868882718,0.08743113136120761,0.06361131307776141,0.05818343546413718,0.0,0.036051471638987385,0.0,0.0,0.0,0.0,0.0,0.0,0.0
2025-10-16,0.06966835291938508,0.06526242637267503,0.07740979521425911,0.06309135548731333,0.08041016908337993,0.0448242326211069,0.06400583050479101,0.0,0.0,0.0,0.0,0.1319148475661687,0.15813563868882718,0.08743113136120761,0.06361131307776141,0.05818343546413718,0.0,0.036051471638987385,0.0,0.0,0.0,0.0,0.0,0.0,0.0
2025-10-17,0.06966835291938508,0.06526242637267503,0.07740979521425911,0.06309135548731333,0.08041016908337993,0.0448242326211069,0.06400583050479101,0.0,0.0,0.0,0.0,0.1319148475661687,0.15813563868882718,0.08743113136120761,0.06361131307776141,0.05818343546413718,0.0,0.036051471638987385,0.0,0.0,0.0,0.0,0.0,0.0,0.0
2025-10-20,0.06966835291938508,0.06526242637267503,0.07740979521425911,0.06309135548731333,0.08041016908337993,0.0448242326211069,0.06400583050479101,0.0,0.0,0.0,0.0,0.1319148475661687,0.15813563868882718,0.08743113136120761,0.06361131307776141,0.05818343546413718,0.0,0.036051471638987385,0.0,0.0,0.0,0.0,0.0,0.0,0.0
2025-10-21,0.06966835291938508,0.06526242637267503,0.07740979521425911,0.06309135548731333,0.08041016908337993,0.0448242326211069,0.06400583050479101,0.0,0.0,0.0,0.0,0.1319148475661687,0.15813563868882718,0.08743113136120761,0.06361131307776141,0.05818343546413718,0.0,0.036051471638987385,0.0,0.0,0.0,0.0,0.0,0.0,0.0
2025-10-22,0.06966835291938508,0.06526242637267503,0.07740979521425911,0.06309135548731333,0.08041016908337993,0.0448242326211069,0.06400583050479101,0.0,0.0,0.0,0.0,0.1319148475661687,0.15813563868882718,0.08743113136120761,0.06361131307776141,0.05818343546413718,0.0,0.036051471638987385,0.0,0.0,0.0,0.0,0.0,0.0,0.0
2025-10-23,0.06966835291938508,0.06526242637267503,0.07740979521425911,0.06309135548731333,0.08041016908337993,0.0448242326211069,0.06400583050479101,0.0,0.0,0.0,0.0,0.1319148475661687,0.15813563868882718,0.08743113136120761,0.06361131307776141,0.05818343546413718,0.0,0.036051471638987385,0.0,0.0,0.0,0.0,0.0,0.0,0.0
2025-10-24,0.06966835291938508,0.06526242637267503,0.07740979521425911,0.06309135548731333,0.08041016908337993,0.0448242326211069,0.06400583050479101,0.0,0.0,0.0,0.0,0.1319148475661687,0.15813563868882718,0.08743113136120761,0.06361131307776141,0.05818343546413718,0.0,0.036051471638987385,0.0,0.0,0.0,0.0,0.0,0.0,0.0
2025-10-27,0.06966835291938508,0.06526242637267503,0.07740979521425911,0.06309135548731333,0.08041016908337993,0.0448242326211069,0.06400583050479101,0.0,0.0,0.0,0.0,0.1319148475661687,0.15813563868882718,0.08743113136120761,0.06361131307776141,0.05818343546413718,0.0,0.036051471638987385,0.0,0.0,0.0,0.0,0.0,0.0,0.0
2025-10-28,0.06966835291938508,0.06526242637267503,0.07740979521425911,0.06309135548731333,0.08041016908337993,0.0448242326211069,0.06400583050479101,0.0,0.0,0.0,0.0,0.1319148475661687,0.15813563868882718,0.08743113136120761,0.06361131307776141,0.05818343546413718,0.0,0.036051471638987385,0.0,0.0,0.0,0.0,0.0,0.0,0.0
2025-10-29,0.06966835291938508,0.06526242637267503,0.07740979521425911,0.06309135548731333,0.08041016908337993,0.0448242326211069,0.06400583050479101,0.0,0.0,0.0,0.0,0.1319148475661687,0.15813563868882718,0.08743113136120761,0.06361131307776141,0.05818343546413718,0.0,0.036051471638987385,0.0,0.0,0.0,0.0,0.0,0.0,0.0
2025-10-30,0.06966835291938508,0.06526242637267503,0.07740979521425911,0.06309135548731333,0.08041016908337993,0.0448242326211069,0.06400583050479101,0.0,0.0,0.0,0.0,0.1319148475661687,0.15813563868882718,0.08743113136120761,0.06361131307776141,0.05818343546413718,0.0,0.036051471638987385,0.0,0.0,0.0,0.0,0.0,0.0,0.0
2025-10-31,0.06966835291938508,0.06526242637267503,0.07740979521425911,0.06309135548731333,0.08041016908337993,0.0448242326211069,0.06400583050479101,0.0,0.0,0.0,0.0,0.1319148475661687,0.15813563868882718,0.08743113136120761,0.06361131307776141,0.05818343546413718,0.0,0.036051471638987385,0.0,0.0,0.0,0.0,0.0,0.0,0.0
2025-11-03,0.06966835291938508,0.06526242637267503,0.07740979521425911,0.06309135548731333,0.08041016908337993,0.0448242326211069,0.06400583050479101,0.0,0.0,0.0,0.0,0.1319148475661687,0.15813563868882718,0.08743113136120761,0.06361131307776141,0.05818343546413718,0.0,0.036051471638987385,0.0,0.0,0.0,0.0,0.0,0.0,0.0
2025-11-04,0.06966835291938508,0.06526242637267503,0.07740979521425911,0.06309135548731333,0.08041016908337993,0.0448242326211069,0.06400583050479101,0.0,0.0,0.0,0.0,0.1319148475661687,0.15813563868882718,0.08743113136120761,0.06361131307776141,0.05818343546413718,0.0,0.036051471638987385,0.0,0.0,0.0,0.0,0.0,0.0,0.0
2025-11-05,0.06966835291938508,0.06526242637267503,0.07740979521425911,0.06309135548731333,0.08041016908337993,0.0448242326211069,0.06400583050479101,0.0,0.0,0.0,0.0,0.1319148475661687,0.15813563868882718,0.08743113136120761,0.06361131307776141,0.05818343546413718,0.0,0.036051471638987385,0.0,0.0,0.0,0.0,0.0,0.0,0.0
2025-11-06,0.06966835291938508,0.06526242637267503,0.07740979521425911,0.06309135548731333,0.08041016908337993,0.0448242326211069,0.06400583050479101,0.0,0.0,0.0,0.0,0.1319148475661687,0.15813563868882718,0.08743113136120761,0.06361131307776141,0.05818343546413718,0.0,0.036051471638987385,0.0,0.0,0.0,0.0,0.0,0.0,0.0
2025-11-07,0.06966835291938508,0.06526242637267503,0.07740979521425911,0.06309135548731333,0.08041016908337993,0.0448242326211069,0.06400583050479101,0.0,0.0,0.0,0.0,0.1319148475661687,0.15813563868882718,0.08743113136120761,0.06361131307776141,0.05818343546413718,0.0,0.036051471638987385,0.0,0.0,0.0,0.0,0.0,0.0,0.0
2025-11-10,0.06966835291938508,0.06526242637267503,0.07740979521425911,0.06309135548731333,0.08041016908337993,0.0448242326211069,0.06400583050479101,0.0,0.0,0.0,0.0,0.1319148475661687,0.15813563868882718,0.08743113136120761,0.06361131307776141,0.05818343546413718,0.0,0.036051471638987385,0.0,0.0,0.0,0.0,0.0,0.0,0.0
2025-11-11,0.06966835291938508,0.06526242637267503,0.07740979521425911,0.06309135548731333,0.08041016908337993,0.0448242326211069,0.06400583050479101,0.0,0.0,0.0,0.0,0.1319148475661687,0.15813563868882718,0.08743113136120761,0.06361131307776141,0.05818343546413718,0.0,0.036051471638987385,0.0,0.0,0.0,0.0,0.0,0.0,0.0
2025-11-12,0.06966835291938508,0.06526242637267503,0.07740979521425911,0.06309135548731333,0.08041016908337993,0.0448242326211069,0.06400583050479101,0.0,0.0,0.0,0.0,0.1319148475661687,0.15813563868882718,0.08743113136120761,0.06361131307776141,0.05818343546413718,0.0,0.036051471638987385,0.0,0.0,0.0,0.0,0.0,0.0,0.0
2025-11-13,0.06966835291938508,0.06526242637267503,0.07740979521425911,0.06309135548731333,0.08041016908337993,0.0448242326211069,0.06400583050479101,0.0,0.0,0.0,0.0,0.1319148475661687,0.15813563868882718,0.08743113136120761,0.06361131307776141,0.05818343546413718,0.0,0.036051471638987385,0.0,0.0,0.0,0.0,0.0,0.0,0.0
2025-11-14,0.06966835291938508,0.06526242637267503,0.07740979521425911,0.06309135548731333,0.08041016908337993,0.0448242326211069,0.06400583050479101,0.0,0.0,0.0,0.0,0.1319148475661687,0.15813563868882718,0.08743113136120761,0.06361131307776141,0.05818343546413718,0.0,0.036051471638987385,0.0,0.0,0.0,0.0,0.0,0.0,0.0
2025-11-17,0.06966835291938508,0.06526242637267503,0.07740979521425911,0.06309135548731333,0.08041016908337993,0.0448242326211069,0.06400583050479101,0.0,0.0,0.0,0.0,0.1319148475661687,0.15813563868882718,0.08743113136120761,0.06361131307776141,0.05818343546413718,0.0,0.036051471638987385,0.0,0.0,0.0,0.0,0.0,0.0,0.0
2025-11-18,0.06966835291938508,0.06526242637267503,0.07740979521425911,0.06309135548731333,0.08041016908337993,0.0448242326211069,0.06400583050479101,0.0,0.0,0.0,0.0,0.1319148475661687,0.15813563868882718,0.08743113136120761,0.06361131307776141,0.05818343546413718,0.0,0.036051471638987385,0.0,0.0,0.0,0.0,0.0,0.0,0.0
2025-11-19,0.06966835291938508,0.06526242637267503,0.07740979521425911,0.06309135548731333,0.08041016908337993,0.0448242326211069,0.06400583050479101,0.0,0.0,0.0,0.0,0.1319148475661687,0.15813563868882718,0.08743113136120761,0.06361131307776141,0.05818343546413718,0.0,0.036051471638987385,0.0,0.0,0.0,0.0,0.0,0.0,0.0
2025-11-20,0.06966835291938508,0.06526242637267503,0.07740979521425911,0.06309135548731333,0.08041016908337993,0.0448242326211069,0.06400583050479101,0.0,0.0,0.0,0.0,0.1319148475661687,0.15813563868882718,0.08743113136120761,0.06361131307776141,0.05818343546413718,0.0,0.036051471638987385,0.0,0.0,0.0,0.0,0.0,0.0,0.0
2025-11-21,0.06966835291938508,0.06526242637267503,0.07740979521425911,0.06309135548731333,0.08041016908337993,0.0448242326211069,0.06400583050479101,0.0,0.0,0.0,0.0,0.1319148475661687,0.15813563868882718,0.08743113136120761,0.06361131307776141,0.05818343546413718,0.0,0.036051471638987385,0.0,0.0,0.0,0.0,0.0,0.0,0.0
2025-11-24,0.06966835291938508,0.06526242637267503,0.07740979521425911,0.06309135548731333,0.08041016908337993,0.0448242326211069,0.06400583050479101,0.0,0.0,0.0,0.0,0.1319148475661687,0.15813563868882718,0.08743113136120761,0.06361131307776141,0.05818343546413718,0.0,0.036051471638987385,0.0,0.0,0.0,0.0,0.0,0.0,0.0
2025-11-25,0.06966835291938508,0.06526242637267503,0.07740979521425911,0.06309135548731333,0.08041016908337993,0.0448242326211069,0.06400583050479101,0.0,0.0,0.0,0.0,0.1319148475661687,0.15813563868882718,0.08743113136120761,0.06361131307776141,0.05818343546413718,0.0,0.036051471638987385,0.0,0.0,0.0,0.0,0.0,0.0,0.0
2025-11-26,0.06966835291938508,0.06526242637267503,0.07740979521425911,0.06309135548731333,0.08041016908337993,0.0448242326211069,0.06400583050479101,0.0,0.0,0.0,0.0,0.1319148475661687,0.15813563868882718,0.08743113136120761,0.06361131307776141,0.05818343546413718,0.0,0.036051471638987385,0.0,0.0,0.0,0.0,0.0,0.0,0.0
2025-11-27,0.06966835291938508,0.06526242637267503,0.07740979521425911,0.06309135548731333,0.08041016908337993,0.0448242326211069,0.06400583050479101,0.0,0.0,0.0,0.0,0.1319148475661687,0.15813563868882718,0.08743113136120761,0.06361131307776141,0.05818343546413718,0.0,0.036051471638987385,0.0,0.0,0.0,0.0,0.0,0.0,0.0
2025-11-28,0.06966835291938508,0.06526242637267503,0.07740979521425911,0.06309135548731333,0.08041016908337993,0.0448242326211069,0.06400583050479101,0.0,0.0,0.0,0.0,0.1319148475661687,0.15813563868882718,0.08743113136120761,0.06361131307776141,0.05818343546413718,0.0,0.036051471638987385,0.0,0.0,0.0,0.0,0.0,0.0,0.0
2025-12-01,0.06800605632982729,0.06466018608326259,0.06653463088706067,0.06741800059404508,0.07690162943970905,0.05584704671484054,0.05682331888210276,0.0,0.0,0.0,0.10402010296576276,0.07158672575845072,0.06153510537083292,0.14802070670349965,0.12427839541101422,0.0,0.0,0.034368094859591865,0.0,0.0,0.0,0.0,0.0,0.0,0.0
2025-12-02,0.06800605632982729,0.06466018608326259,0.06653463088706067,0.06741800059404508,0.07690162943970905,0.05584704671484054,0.05682331888210276,0.0,0.0,0.0,0.10402010296576276,0.07158672575845072,0.06153510537083292,0.14802070670349965,0.12427839541101422,0.0,0.0,0.034368094859591865,0.0,0.0,0.0,0.0,0.0,0.0,0.0
2025-12-03,0.06800605632982729,0.06466018608326259,0.06653463088706067,0.06741800059404508,0.07690162943970905,0.05584704671484054,0.05682331888210276,0.0,0.0,0.0,0.10402010296576276,0.07158672575845072,0.06153510537083292,0.14802070670349965,0.12427839541101422,0.0,0.0,0.034368094859591865,0.0,0.0,0.0,0.0,0.0,0.0,0.0
2025-12-04,0.06800605632982729,0.06466018608326259,0.06653463088706067,0.06741800059404508,0.07690162943970905,0.05584704671484054,0.05682331888210276,0.0,0.0,0.0,0.10402010296576276,0.07158672575845072,0.06153510537083292,0.14802070670349965,0.12427839541101422,0.0,0.0,0.034368094859591865,0.0,0.0,0.0,0.0,0.0,0.0,0.0
2025-12-05,0.06800605632982729,0.06466018608326259,0.06653463088706067,0.06741800059404508,0.07690162943970905,0.05584704671484054,0.05682331888210276,0.0,0.0,0.0,0.10402010296576276,0.07158672575845072,0.06153510537083292,0.14802070670349965,0.12427839541101422,0.0,0.0,0.034368094859591865,0.0,0.0,0.0,0.0,0.0,0.0,0.0
2025-12-08,0.06800605632982729,0.06466018608326259,0.06653463088706067,0.06741800059404508,0.07690162943970905,0.05584704671484054,0.05682331888210276,0.0,0.0,0.0,0.10402010296576276,0.07158672575845072,0.06153510537083292,0.14802070670349965,0.12427839541101422,0.0,0.0,0.034368094859591865,0.0,0.0,0.0,0.0,0.0,0.0,0.0
2025-12-09,0.06800605632982729,0.06466018608326259,0.06653463088706067,0.06741800059404508,0.07690162943970905,0.05584704671484054,0.05682331888210276,0.0,0.0,0.0,0.10402010296576276,0.07158672575845072,0.06153510537083292,0.14802070670349965,0.12427839541101422,0.0,0.0,0.034368094859591865,0.0,0.0,0.0,0.0,0.0,0.0,0.0
2025-12-10,0.06800605632982729,0.06466018608326259,0.06653463088706067,0.06741800059404508,0.07690162943970905,0.05584704671484054,0.05682331888210276,0.0,0.0,0.0,0.10402010296576276,0.07158672575845072,0.06153510537083292,0.14802070670349965,0.12427839541101422,0.0,0.0,0.034368094859591865,0.0,0.0,0.0,0.0,0.0,0.0,0.0
2025-12-11,0.06800605632982729,0.06466018608326259,0.06653463088706067,0.06741800059404508,0.07690162943970905,0.05584704671484054,0.05682331888210276,0.0,0.0,0.0,0.10402010296576276,0.07158672575845072,0.06153510537083292,0.14802070670349965,0.12427839541101422,0.0,0.0,0.034368094859591865,0.0,0.0,0.0,0.0,0.0,0.0,0.0
2025-12-12,0.06800605632982729,0.06466018608326259,0.06653463088706067,0.06741800059404508,0.07690162943970905,0.05584704671484054,0.05682331888210276,0.0,0.0,0.0,0.10402010296576276,0.07158672575845072,0.06153510537083292,0.14802070670349965,0.12427839541101422,0.0,0.0,0.034368094859591865,0.0,0.0,0.0,0.0,0.0,0.0,0.0
2025-12-15,0.06800605632982729,0.06466018608326259,0.06653463088706067,0.06741800059404508,0.07690162943970905,0.05584704671484054,0.05682331888210276,0.0,0.0,0.0,0.10402010296576276,0.07158672575845072,0.06153510537083292,0.14802070670349965,0.12427839541101422,0.0,0.0,0.034368094859591865,0.0,0.0,0.0,0.0,0.0,0.0,0.0
2025-12-16,0.06800605632982729,0.06466018608326259,0.06653463088706067,0.06741800059404508,0.07690162943970905,0.05584704671484054,0.05682331888210276,0.0,0.0,0.0,0.10402010296576276,0.07158672575845072,0.06153510537083292,0.14802070670349965,0.12427839541101422,0.0,0.0,0.034368094859591865,0.0,0.0,0.0,0.0,0.0,0.0,0.0
2025-12-17,0.06800605632982729,0.06466018608326259,0.06653463088706067,0.06741800059404508,0.07690162943970905,0.05584704671484054,0.05682331888210276,0.0,0.0,0.0,0.10402010296576276,0.07158672575845072,0.06153510537083292,0.14802070670349965,0.12427839541101422,0.0,0.0,0.034368094859591865,0.0,0.0,0.0,0.0,0.0,0.0,0.0
2025-12-18,0.06800605632982729,0.06466018608326259,0.06653463088706067,0.06741800059404508,0.07690162943970905,0.05584704671484054,0.05682331888210276,0.0,0.0,0.0,0.10402010296576276,0.07158672575845072,0.06153510537083292,0.14802070670349965,0.12427839541101422,0.0,0.0,0.034368094859591865,0.0,0.0,0.0,0.0,0.0,0.0,0.0
2025-12-19,0.06800605632982729,0.06466018608326259,0.06653463088706067,0.06741800059404508,0.07690162943970905,0.05584704671484054,0.05682331888210276,0.0,0.0,0.0,0.10402010296576276,0.07158672575845072,0.06153510537083292,0.14802070670349965,0.12427839541101422,0.0,0.0,0.034368094859591865,0.0,0.0,0.0,0.0,0.0,0.0,0.0
2025-12-22,0.06800605632982729,0.06466018608326259,0.06653463088706067,0.06741800059404508,0.07690162943970905,0.05584704671484054,0.05682331888210276,0.0,0.0,0.0,0.10402010296576276,0.07158672575845072,0.06153510537083292,0.14802070670349965,0.12427839541101422,0.0,0.0,0.034368094859591865,0.0,0.0,0.0,0.0,0.0,0.0,0.0
2025-12-23,0.06800605632982729,0.06466018608326259,0.06653463088706067,0.06741800059404508,0.07690162943970905,0.05584704671484054,0.05682331888210276,0.0,0.0,0.0,0.10402010296576276,0.07158672575845072,0.06153510537083292,0.14802070670349965,0.12427839541101422,0.0,0.0,0.034368094859591865,0.0,0.0,0.0,0.0,0.0,0.0,0.0
2025-12-24,0.06800605632982729,0.06466018608326259,0.06653463088706067,0.06741800059404508,0.07690162943970905,0.05584704671484054,0.05682331888210276,0.0,0.0,0.0,0.10402010296576276,0.07158672575845072,0.06153510537083292,0.14802070670349965,0.12427839541101422,0.0,0.0,0.034368094859591865,0.0,0.0,0.0,0.0,0.0,0.0,0.0
2025-12-26,0.06800605632982729,0.06466018608326259,0.06653463088706067,0.06741800059404508,0.07690162943970905,0.05584704671484054,0.05682331888210276,0.0,0.0,0.0,0.10402010296576276,0.07158672575845072,0.06153510537083292,0.14802070670349965,0.12427839541101422,0.0,0.0,0.034368094859591865,0.0,0.0,0.0,0.0,0.0,0.0,0.0
2025-12-29,0.06800605632982729,0.06466018608326259,0.06653463088706067,0.06741800059404508,0.07690162943970905,0.05584704671484054,0.05682331888210276,0.0,0.0,0.0,0.10402010296576276,0.07158672575845072,0.06153510537083292,0.14802070670349965,0.12427839541101422,0.0,0.0,0.034368094859591865,0.0,0.0,0.0,0.0,0.0,0.0,0.0
2025-12-30,0.06800605632982729,0.06466018608326259,0.06653463088706067,0.06741800059404508,0.07690162943970905,0.05584704671484054,0.05682331888210276,0.0,0.0,0.0,0.10402010296576276,0.07158672575845072,0.06153510537083292,0.14802070670349965,0.12427839541101422,0.0,0.0,0.034368094859591865,0.0,0.0,0.0,0.0,0.0,0.0,0.0
